timestamp_ms,accX,accY,accZ,label
0.0234135099124689,0.9656304535648006,2.888241816732527,10.522268315308448,imbalance
4.988377887170537,2.1818841827212214,-1.2981503838711743,10.53015721546073,imbalance
10.029206886753956,-0.709166135523014,-1.57888686666279,9.597183782837366,imbalance
15.01577017070311,-2.44809839995832,-0.2909013858777488,9.218097932040122,imbalance
20.02479937075063,0.2539229307385268,3.329527345572465,9.715560609131693,imbalance
25.00611278664562,2.610909458121424,-1.023351746509525,10.475994226561824,imbalance
29.986917937062746,-0.0407493822518123,-2.192087451833856,9.825367730443542,imbalance
35.037489695001405,-2.1301963174329126,-0.2255466591302494,8.788551731960007,imbalance
40.021949478506855,-0.8615314288674347,3.272847711577324,9.812803031347144,imbalance
45.0479857647943,3.124490327125193,-0.3824446887436529,10.797045710948709,imbalance
50.04827037243202,-0.4736033370930428,-2.037397687331313,9.58704257743929,imbalance
55.15029038177227,-1.976809958365814,-1.10850601542299,9.029375340105656,imbalance
60.14826838643053,-1.3441558210560889,2.976993136119612,8.90426374738864,imbalance
65.16861544612861,2.779627046154963,0.857664530633689,10.591987065950516,imbalance
70.18420258639235,0.580026153135929,-2.04427775034129,10.080655378609896,imbalance
75.14435808972173,-1.5746068614491453,-1.2486316442351328,8.906879079012224,imbalance
80.15041317297197,-2.094725975161176,1.924057363443874,9.50917247751973,imbalance
85.20003777561521,2.695586823682386,1.7319360650522924,10.748651565172157,imbalance
90.19996983112432,0.5904125360303645,-1.6062861714812136,10.279439412497451,imbalance
95.20612419995926,-1.224571628456145,-1.6015932637058214,9.404463935171425,imbalance
100.26930475754035,-2.615987203530581,1.4986982429302251,9.322405404322035,imbalance
105.1689011055657,2.239783608745604,2.1191470395531806,10.566627007601609,imbalance
110.1298708400462,1.3964715287912803,-1.7408648324280218,10.62472098149466,imbalance
115.09890166842231,-0.746273054376374,-1.3651073621098648,9.128970139013587,imbalance
120.09895905988957,-2.868677439886309,0.5584208040475821,9.013547838018196,imbalance
125.04854759916206,1.0884185872458472,3.0660854615986235,10.204288552803378,imbalance
130.08258590612712,2.082064715819375,-1.5283142587088414,10.30077485302368,imbalance
135.08545302884187,-0.8633144318413275,-1.4736279394831713,9.330845013663817,imbalance
140.0760938799442,-2.4878454854877328,-0.2306153741550858,8.812404539258372,imbalance
145.16026040429094,0.4403935226533512,3.18108751185136,10.067745181560465,imbalance
150.1001341009001,2.671435414481361,-0.9929374578317368,10.618867026443056,imbalance
155.19744358640642,-0.8147537216546807,-1.8897479438246807,9.992031639128797,imbalance
160.2187596740668,-2.4019143727927315,-0.6332458762202928,9.167378443226282,imbalance
165.2192072516348,-0.5523111854741873,3.1268865304425963,9.577360048760672,imbalance
170.24165974338797,3.2974396574335065,-0.4710605325473128,10.800168704334162,imbalance
175.36229159766617,-0.0907200377616139,-1.81650946169216,10.088183891275625,imbalance
180.3403488964505,-1.7774085731048974,-0.8420306042644008,8.8003648865643,imbalance
185.3335916943418,-1.0805480031086827,2.6718799202421204,9.290179411162374,imbalance
190.3781446349309,2.9804061970287603,0.6628044843188476,10.424448317467766,imbalance
195.3944518061084,0.4566959782792129,-2.0818368153599507,10.063180008323496,imbalance
200.44978156623432,-1.6958701246648604,-1.185114793830818,9.265934688653454,imbalance
205.48016613602573,-1.606791058887533,2.221683716120212,8.823994291010575,imbalance
210.46717088149165,2.8704708267298797,1.2077951205019537,10.78433712587142,imbalance
215.32470226746844,0.9225292375031948,-2.2380020165792214,10.12154021588386,imbalance
220.36106212618176,-0.9542629032648542,-1.098911005844848,9.18049792619678,imbalance
225.37647768439567,-2.26201982868877,1.6987275948861245,9.19742970944465,imbalance
230.38692118006267,2.2417193158523867,2.064334366761128,10.06685262450837,imbalance
235.39006629882107,1.20950332963332,-1.7508874790741926,10.568901925748447,imbalance
240.37978969876212,-0.8920440110634992,-1.3643932238844336,9.276586509968627,imbalance
245.40608135196337,-2.503022392048701,0.730288910051764,9.366540974473756,imbalance
250.44266036368245,1.6786808962200093,2.299530989739279,10.239331982618465,imbalance
255.4239166136557,1.9563893227582017,-1.808878375201263,11.02628012556564,imbalance
260.43353751045254,-1.030050045430316,-1.6247985670760907,9.47173937728337,imbalance
265.42282515816504,-2.468485867395163,0.147369866464156,9.039600708540858,imbalance
270.5098897420602,0.6975116462691625,2.564576332740954,9.712426989663316,imbalance
275.6281714445899,2.464983270411947,-1.418517411935015,10.604945511095313,imbalance
280.5510303639436,-0.2138029460694756,-1.535834531050208,9.446597589071882,imbalance
285.61278884978464,-1.857914132146676,-0.1656075483898891,8.99373081384145,imbalance
290.57499525295094,-0.154265496679204,3.4354489820356795,9.619757224734952,imbalance
295.680912387449,2.930744377952521,-0.6956220644285224,10.436055613922916,imbalance
300.7242181523399,-0.0940418001191538,-1.7516266147859092,9.930804404854843,imbalance
305.6354749228,-1.5878165799689392,-0.8718857619377752,8.945813187170945,imbalance
310.54440720682334,-0.7286849349094866,2.565514821723054,9.69008415188001,imbalance
315.55440350378814,3.006616347012092,0.2171014591996753,11.035450165124484,imbalance
320.57557168154705,0.2077830133990713,-1.8587755044559544,10.187255124454264,imbalance
325.54568061808504,-1.870740555285363,-1.2817587621636002,9.067114533356682,imbalance
330.5094005347623,-1.9479710431773236,2.7452060698166103,9.814878369099892,imbalance
335.5736867285953,2.995402528060578,1.038023940337044,10.402410609667289,imbalance
340.5986932864018,0.5644607578319143,-2.028190278228364,10.100115765886391,imbalance
345.57010670506423,-1.600361708003298,-1.0266434821881794,9.33586139419913,imbalance
350.49571010758774,-2.266672514377967,1.717353942843096,8.886969052001472,imbalance
355.55109571656084,2.359254131436242,1.935370594197601,10.23726824386372,imbalance
360.5656533412943,0.918177432157716,-2.3550396934788145,10.44798412786102,imbalance
365.59870966996505,-1.101180137081419,-1.5515250081002652,8.921275238333122,imbalance
370.6783371252568,-2.893329252261464,0.9644091668129512,9.1827529449156,imbalance
375.6555831060476,1.7655313985125245,2.813456266276244,10.280857193683069,imbalance
380.62563760052194,1.934143628969854,-1.571609745277437,10.107896771683906,imbalance
385.58456841531455,-0.544240933808552,-1.770598982756846,9.366204882278865,imbalance
390.633698325385,-2.6318216774070637,0.2992405023455649,9.093926966753177,imbalance
395.671704085552,1.1171960739787106,2.90001724336319,9.815019176552395,imbalance
400.7205807597359,2.5156659353863646,-1.2719364277270977,10.7209826656425,imbalance
405.7362652927256,-0.6138755268330723,-1.7509659768407264,9.676715107809343,imbalance
410.6462799684349,-2.778264602442628,-0.5914784321503144,8.720066134799959,imbalance
415.6241774065506,-0.256663599680302,2.945373275077194,9.824835547479838,imbalance
420.567405774498,2.6143459803401803,-0.3012481802923089,10.733214692714846,imbalance
425.6136545225923,-0.6544437486861797,-1.654992655437057,9.472985489889462,imbalance
430.6433720701376,-2.1111376507143014,-0.8335441963606625,9.095792884006432,imbalance
435.7459794014619,-0.4069693522506661,3.077985526200211,9.25311133646938,imbalance
440.7713818345762,2.877392501047196,-0.0516727159285809,10.536009100764645,imbalance
445.7155997078214,0.0848198439320149,-2.1722845766110086,10.14825374127204,imbalance
450.7568286141431,-1.6819291997938868,-1.420624885650045,8.75432513677296,imbalance
455.6966084069529,-1.5813761239209072,2.949735824083629,9.66593352445319,imbalance
460.7250058084572,3.125106072072453,0.701832306590704,10.517106750084574,imbalance
465.8380480436326,0.5783283012216377,-2.235468487624951,10.299590786286243,imbalance
470.9327671804438,-1.3181474961291193,-1.5302520924825824,8.828770676063705,imbalance
475.9004914391909,-2.40305477454124,1.8311059632878468,9.677533088650945,imbalance
480.9014557192076,2.509951825485694,1.895286546293072,10.678584337712786,imbalance
485.8243456257702,1.1547659170685045,-2.163525967958132,10.47605295056011,imbalance
490.7755639723249,-1.256553839610016,-1.361581538324166,9.085343550315836,imbalance
495.7313384941367,-2.666602686374124,1.049882264130813,8.863198362318983,imbalance
500.75023329303326,1.902158081251764,2.239986563821713,10.305797049098413,imbalance
505.7880957629681,1.6215467489958166,-2.081620757296779,10.471387071029811,imbalance
510.8082886926821,-1.217489243354148,-1.6028130862058447,9.814148817793,imbalance
515.7739732498947,-2.6143219683225225,0.4077592574624712,8.67297915280402,imbalance
520.8245552293021,0.9820290806450483,2.847589447824433,9.97428310504414,imbalance
525.8109233091466,2.3623595185895923,-1.5155709368501549,10.655991406593172,imbalance
530.8048045959408,-0.8422762439805292,-2.0368276833217624,9.876587789686877,imbalance
535.8448296269347,-2.424185822835516,-0.3790899229904617,8.849028284022092,imbalance
540.825738837296,0.4645377278518938,3.253604587617772,9.999638751097155,imbalance
545.8228910783426,2.678717250603846,-0.9812868674728864,10.59958700935319,imbalance
550.8606941616324,-0.1553534549841737,-1.8256786847844413,9.96593650060132,imbalance
555.8643909509418,-2.357654103198113,-0.8329905798577971,8.784803908781237,imbalance
560.8579862948566,-0.835218209743876,3.1639684026183748,9.539769600489938,imbalance
565.8949048276875,2.5454263086248967,0.1043817655454946,10.874436804234788,imbalance
570.7919534109253,0.0192425654398336,-1.8484182326937824,10.107352405842102,imbalance
575.7152534017738,-1.657882200114844,-0.6846126852753329,8.62430099208894,imbalance
580.7921312773735,-1.1947710667975435,2.995264613304616,9.654684869513485,imbalance
585.8530626105852,2.73076224967624,1.014583023330213,10.869869899522325,imbalance
590.8363687931806,0.782979504868849,-2.0447708761494887,10.010642480909905,imbalance
595.8086931435577,-1.5571425978832056,-1.3514646607917915,9.00615047856054,imbalance
600.7586326230236,-2.0969132468367166,1.7610543753836163,9.089900069250405,imbalance
605.7531745313522,2.776456359971885,1.72895001501153,10.127283281763884,imbalance
610.7966838386383,0.6944786705219774,-2.0302236919307743,10.479458905686103,imbalance
615.7334880019314,-1.0159016942351125,-1.3580661206347424,9.115709386403667,imbalance
620.7224008409554,-2.744116179762218,1.6710210667878789,8.924294175019558,imbalance
625.6785274094475,1.7178620639406794,2.578721607432409,10.407334274033987,imbalance
630.6313862553085,2.084820677489332,-1.781527035071271,10.492329688212704,imbalance
635.6564069938918,-0.8049504764520158,-1.5542617557494154,9.528487172731015,imbalance
640.6654801938455,-2.4361427710564545,0.4724217915587151,8.947816231996896,imbalance
645.7153328995175,1.1864152886004766,2.718405493293277,10.488718184764515,imbalance
650.6289334703652,2.551658904126729,-1.367846365006111,10.53769037996137,imbalance
655.6583422657777,-0.7369731731596558,-1.9510389599826456,9.669966971580736,imbalance
660.6647428874031,-2.444657054576736,-0.7390248171054867,8.979761637765677,imbalance
665.680506668265,0.0503767992837914,3.2741769472482924,10.271341552357066,imbalance
670.71015296624,2.653061279016335,-0.9107888624705096,10.579463764233482,imbalance
675.6863102227849,-0.2480589158902573,-2.1880758315469544,9.71407170199134,imbalance
680.6809704023035,-2.529461718103877,-0.6472300381495715,8.771727167714285,imbalance
685.6480659217036,-0.6846336868118613,3.3814373251637337,9.474881424186009,imbalance
690.6606856457073,3.0731155133121133,0.1097875537817257,10.767247053200938,imbalance
695.6474939666888,0.0597147732089216,-1.9581218604407775,10.081066648452934,imbalance
700.6137792308805,-1.4363838305761376,-0.9584299206018946,8.96859901600016,imbalance
705.5853599308764,-1.8892996792929293,2.0586856813303425,9.40620879524064,imbalance
710.5496728974557,3.143771794430424,1.0812405072283362,10.466122869907451,imbalance
715.477348742391,0.8412390119688922,-1.9518159354762608,10.056974109743102,imbalance
720.5159630273664,-1.2580038888565093,-1.5065096147230113,9.091181226101584,imbalance
725.5230303327263,-2.369457661023544,1.3244102176715065,9.045096187291794,imbalance
730.5182398387491,2.541976259808106,1.8264243671882985,10.193519663373872,imbalance
735.489224659472,1.2818804827156174,-2.376367794929961,10.517097361763923,imbalance
740.5488746051724,-0.9202654803217302,-1.4853028848149663,8.91198170939665,imbalance
745.4922801132415,-2.4683068184564765,0.9708381349683768,9.32452231389755,imbalance
750.4615178968664,1.847203534943332,2.6395934721529923,10.256861152329211,imbalance
755.5011159170122,1.8226709369332097,-1.601984330394482,10.879518774834615,imbalance
760.5747104069188,-0.533103179353384,-1.3925857958434795,9.384836683572116,imbalance
765.6278989892776,-2.504426245248171,-0.1114146726339418,9.005367271576393,imbalance
770.7017583338484,1.264263588288645,2.91563085415237,9.855347405531557,imbalance
775.7321987510054,2.186526273375592,-0.9133672098714256,10.824884747587705,imbalance
780.7444791289049,-0.3590339113037423,-1.4439828978558709,9.366562963021714,imbalance
785.8729740557891,-2.780122830636878,-0.1665766629617088,8.617020269618521,imbalance
790.9108627313733,0.3535830170902604,3.141641036994568,9.81349606920929,imbalance
795.9643082280452,2.6654289800533686,-0.8862367425321687,10.427923150229988,imbalance
801.0018545768482,-0.093534538982881,-1.883888314919036,9.499599289388891,imbalance
806.0186147609202,-2.3376175588227888,-0.7022812160948018,8.669300715163072,imbalance
810.9617309904323,-0.4282573067540032,2.824281002669,9.789708379918228,imbalance
815.8483934427707,3.231509538681561,-0.2366729781332458,10.684085598480092,imbalance
820.8250671705331,-0.1038052341294627,-2.198155062661864,10.042925953139038,imbalance
825.8677645226422,-1.7538858623693103,-0.8816827041630964,9.21508566888063,imbalance
830.9168874079545,-1.506924365903188,2.4574646567184315,9.581545193467123,imbalance
835.8831300827355,2.684524204436228,0.923931653638291,10.464890912015797,imbalance
840.8851810242866,0.6254496382595414,-1.8753619714132448,10.099719641207091,imbalance
845.8401085509454,-1.430339876243722,-1.2756080624068895,9.051344622259506,imbalance
850.936666951679,-2.16566220024436,2.3347836907315904,9.377767130222775,imbalance
855.9139549013179,2.549555868342883,1.3933774964404582,10.190771758049458,imbalance
860.8949485616582,1.1897524597901556,-2.0302796884370164,10.185479650729398,imbalance
865.9058455767255,-1.031402263854726,-1.718841264750265,8.971152422116228,imbalance
870.8007134531354,-2.3502496533157857,1.2002946196112354,8.875755616012803,imbalance
875.8066333092637,1.925755042186292,2.052562208590121,10.253937008708355,imbalance
880.8638312159146,1.563679792947499,-2.099125444716201,10.5956331999349,imbalance
885.8761102459415,-1.0254083574990394,-1.6837013746901963,9.889079547082074,imbalance
890.8350494138328,-2.387963856834587,0.6925622753349826,9.104521594593296,imbalance
895.8400158812715,1.2666088850294677,3.061825629091648,9.93946339254122,imbalance
900.8247032716622,1.9973687597514111,-1.711957080773301,10.551735091932494,imbalance
905.8371798771186,-0.6571682864490687,-1.5980198010478006,9.39324747305665,imbalance
910.8462784149416,-2.352901861110189,-0.119316612348797,9.17040126092597,imbalance
915.8396120594306,0.3541997537501432,3.194800403234964,9.779594201843535,imbalance
920.782377270958,2.80716678548484,-1.251716465666314,10.72652831609274,imbalance
925.785986747576,-0.3564578232600043,-1.8310987463942288,10.00748550310315,imbalance
930.8844911886,-2.0602172582084743,-0.6817971412575837,9.013802613655676,imbalance
935.9352222526974,-0.931348900308373,2.9479431472523405,9.81884351805546,imbalance
940.9413764181952,2.997272882221184,-0.300971315920816,10.568269972837337,imbalance
945.8978236419332,0.1207572192438345,-1.92917901807344,9.899105771867958,imbalance
950.9097336502464,-1.8848047385770528,-1.6197475016214495,8.961552274631707,imbalance
955.9154664819298,-1.6785440083126262,2.4833846939912707,10.029973928159656,imbalance
960.9576063095268,3.234894627526526,1.1357632375471716,10.684588535451343,imbalance
966.001621252839,0.4242787006934256,-2.0926816920500557,10.255570792716252,imbalance
971.0341616455648,-1.4104674927622036,-1.539215753550188,8.858813275435214,imbalance
975.9742283440248,-2.440337894991976,1.953442819988352,9.059833192862024,imbalance
981.0596020258585,2.424421858216905,1.4683449910323885,10.443343041040348,imbalance
986.1363400364452,0.4282277296758667,-1.9622022068229117,10.416171962939757,imbalance
991.1057722443784,-0.8753585784234683,-1.4955498076373197,8.877816707035398,imbalance
996.063286587436,-2.731065194462564,1.5022168543268424,9.42185671904279,imbalance
1001.044220622986,1.9690230356870224,2.2217638323913937,10.3709680761925,imbalance
1006.0112864497136,1.5654516695094567,-2.089012077205858,10.590824982140695,imbalance
1010.9863034130328,-0.5803308166949851,-1.505051610074341,9.158494776452704,imbalance
1015.8888982430008,-2.7889297988023487,0.6460308712425742,9.122867466119825,imbalance
1020.8951017520272,1.013639825323633,2.662982494299954,10.45332073371714,imbalance
1025.9619637566173,2.374374786588608,-1.4706749918023032,10.779216213359303,imbalance
1030.9788626053653,-0.4808342031947855,-1.5708490128476535,9.100885285584551,imbalance
1036.0357604070423,-2.3581370310540746,0.0074039362124461,8.909568948878102,imbalance
1041.0650981601614,0.2318826097459832,2.938141970557715,10.259567372508892,imbalance
1046.0369929193528,2.643918628809722,-1.255243717660464,10.479561277043498,imbalance
1051.0181687551574,-0.3784413493185754,-1.8252193325813288,9.91478796270952,imbalance
1056.0729515938556,-2.4042493403909675,-0.6074032018879467,8.79934777192748,imbalance
1061.0639119807934,-0.456364746087495,2.628392792767924,9.745036002583207,imbalance
1066.088099960952,2.783990644516945,-0.1919349796143588,10.84799238129343,imbalance
1071.1229851262926,-0.1606153211889123,-1.8136633223172316,9.93641286916897,imbalance
1076.1018312439164,-1.9538382447459888,-0.8092712433108933,8.938336610738991,imbalance
1081.1595124195544,-0.948845474597106,2.706067563042486,9.45371987191447,imbalance
1086.1824271326593,2.8038025657450283,0.6988936356920783,10.670568959621434,imbalance
1091.1321193747667,0.4529411674120135,-2.010215812259343,10.483820364374116,imbalance
1096.1608299459813,-1.2911416033238052,-1.3755558604188551,8.936160489871156,imbalance
1101.119269495877,-2.09492557305552,2.145747098297957,9.249910801548545,imbalance
1106.1210535870414,2.9045625338125416,1.299382433066552,10.546095666876305,imbalance
1111.1346562201209,0.6888199355891712,-2.0520589656619665,10.286847777776543,imbalance
1116.0945107923142,-1.0059245138843187,-0.7873480136938621,9.026940257045482,imbalance
1121.1139519841872,-2.658302992093946,1.1768865912130588,9.062881894778007,imbalance
1126.145185476117,2.4076756766474023,2.133888773728177,10.614345613633002,imbalance
1131.1607830699054,1.146260853358836,-1.9257394629056317,10.297740951985814,imbalance
1136.194031503317,-1.0606731185313376,-1.2768312622981235,9.14599645712222,imbalance
1141.1481377238188,-2.725081842919654,0.9981749983417224,9.610022685071224,imbalance
1146.1039171556,1.30618534160092,2.618442771373785,10.055312559464127,imbalance
1151.0310238374009,2.038079194089911,-1.7356439482576966,10.741037676648078,imbalance
1156.0024030920986,-0.7159552416805144,-1.6636939611838224,9.904488573936996,imbalance
1161.0832642900673,-1.9185603898244907,-0.4016264274035281,8.946976317586678,imbalance
1166.066173417158,0.867781971290116,3.2118287319419463,9.85982732807308,imbalance
1171.0952980880006,2.373743370367578,-1.1020604409249015,10.495392282187884,imbalance
1176.0723968320317,-0.5374128982707044,-1.808969498635244,9.40659628011074,imbalance
1181.070680842088,-2.1912687968858977,-0.2832631333512693,8.706439278664526,imbalance
1185.9836438200236,-0.5237705580737854,2.9436076216697886,9.75502832450494,imbalance
1190.9300899952646,2.882472746373915,-0.1647653493366924,10.70099362594451,imbalance
1195.97992535478,0.0653306739020369,-1.4198763737295428,10.218897630288517,imbalance
1200.905412964372,-2.045852184239809,-1.0641740894643463,8.649879351980832,imbalance
1205.8558273231697,-1.3359789954207268,2.6900851034147064,9.512952208625434,imbalance
1210.8011195390466,2.831053989472088,0.5454042211465571,10.637733514364808,imbalance
1215.821790050597,0.6719611516798638,-1.9203193087315211,10.247969729501603,imbalance
1220.7821356663387,-1.3429418143514642,-1.284578268349874,9.087501037712276,imbalance
1225.787928872766,-1.9558974722942823,1.972711933849903,9.195008421065166,imbalance
1230.8647721348386,2.631770733225685,1.4706360680638038,10.462942124194392,imbalance
1235.808464784935,0.9176461427519108,-1.9874402637442092,10.408464522058916,imbalance
1240.7754194507645,-1.122363370756767,-1.6763153103712978,9.426091760115714,imbalance
1245.8302177732085,-2.7374763139191782,0.8861507515847309,9.297301299300056,imbalance
1250.8549948676057,2.093480143660167,2.4466797993417644,10.52571588132798,imbalance
1255.898326459428,1.6910754179116172,-2.0263828046081738,10.592764011588164,imbalance
1260.9383843309906,-0.8066027712345956,-1.82221513491337,9.002284143838242,imbalance
1265.944644077539,-2.6090049887219675,0.7978979623958503,9.10345615060829,imbalance
1270.9238867408922,1.5076394007015488,2.9458291549333264,10.325186551690214,imbalance
1275.839680134032,2.352327176829076,-1.3863161537561446,10.701701383087254,imbalance
1280.8289902222796,-0.4314497180667552,-1.6458408945530645,9.65136396224372,imbalance
1285.8902492063348,-2.2697954979378303,-0.2882134750467694,9.016363529613397,imbalance
1290.7983957761362,0.59813014401407,3.1882881586224223,10.037507424297482,imbalance
1295.825901184592,2.669623021406476,-0.7812535473864711,10.73310538388857,imbalance
1300.7865698629612,0.1336186120285654,-1.3473044523515472,9.770152716630102,imbalance
1305.7859958569663,-1.9204386550226973,-0.7832994742169733,8.938247311935873,imbalance
1310.7672018049343,-0.8538954072107441,2.908207494509296,9.75893041352333,imbalance
1315.8225107494443,2.9625378188943543,0.1312646968261582,10.728064431301936,imbalance
1320.9045291113543,0.0904242570458689,-2.11233839119006,9.961093651958246,imbalance
1325.8651528434166,-1.6356378501626123,-1.309971145218494,8.844685812826258,imbalance
1330.8523986825496,-1.1591626750803088,2.7137486782590203,9.660427973586202,imbalance
1335.9283242038914,3.149070494851076,0.8061464923677472,10.516041579617132,imbalance
1340.9036598408277,0.2040138852293235,-2.247809405665691,10.032690694616354,imbalance
1345.8203064303048,-1.2125554470381106,-1.1326595197656857,8.995986364659496,imbalance
1350.7766555589292,-2.310748457750033,1.9326998816583665,9.0706787331647,imbalance
1355.8085252144488,2.7374170600375605,1.7823080884977198,10.471063946424756,imbalance
1360.7564328205956,1.2153847818821486,-2.017132810480292,10.517257287133514,imbalance
1365.6931125761862,-0.9487581731307944,-1.5298032085714504,8.911760964262498,imbalance
1370.7664070152778,-2.4962117237322627,1.0732494740509422,9.441580446752669,imbalance
1375.7711962903852,2.006463556711363,2.0858281624868398,10.287633639407344,imbalance
1380.8028057079391,1.5217538724022637,-1.8267029996939248,10.40691051748638,imbalance
1385.750431641217,-0.7399821021043731,-1.6819028185947116,9.382427807796054,imbalance
1390.7551998598165,-2.5196958069806934,0.3081976768206238,9.146369856406304,imbalance
1395.8130970662078,1.1997521567489813,3.072128029345274,10.271625105879878,imbalance
1400.7902222580756,2.344454944767909,-1.127138780650886,10.595736818693736,imbalance
1405.8634065257222,-0.6606411832518831,-1.5808587806836505,9.885405787820718,imbalance
1410.9258362693342,-2.2390798947743247,0.3237452652336733,8.960574866385285,imbalance
1415.8779694198067,0.343742865721439,3.137815491687024,9.970078782960178,imbalance
1420.8911786208153,2.5919430556541183,-0.6738119482159921,10.685145055581872,imbalance
1425.854822559798,-0.3177028834778314,-1.7544861498902822,9.495718071387142,imbalance
1430.8772817299327,-1.9880130525804964,-0.9014518039643322,9.107097787388009,imbalance
1435.8197696650552,-0.7555056816769808,3.3195655775068595,9.67856953222189,imbalance
1440.8362831435056,2.8165162811985547,0.2991791433603136,10.54043742612226,imbalance
1445.870057806221,-0.0896936731925262,-1.9167069219776571,9.866568344216509,imbalance
1450.914074333812,-2.011873818420327,-1.024117546192302,9.001843752969366,imbalance
1455.8551656415982,-1.1491369354509715,2.82276932327444,9.424906334929084,imbalance
1460.8492597522509,2.871925412179014,0.9640680865865734,10.450234649077483,imbalance
1465.829352554831,0.4304238986338163,-2.1192526345020437,10.357541351947338,imbalance
1470.8907019988046,-1.385244882273037,-1.145497430679142,9.28689068635771,imbalance
1475.888150583065,-2.1598462413134203,1.901097212109496,9.29768323852108,imbalance
1480.9823940947026,2.3882055607095327,1.7415288600618404,10.380262235563915,imbalance
1485.961199073175,0.4551000005338166,-2.0093422431272767,10.092325749457272,imbalance
1490.9057972593291,-0.6809461228532392,-1.747907695028548,9.310697007441618,imbalance
1495.853821348613,-2.649284957885964,1.3931086336062743,9.04159008267853,imbalance
1500.929650822981,2.575232049343734,2.789191796591402,10.564339508630752,imbalance
1505.9670459355805,1.6213766379241017,-2.086447381540488,10.36322466806173,imbalance
1510.9467663227954,-0.632057592828143,-1.3948341443878394,9.247412043355498,imbalance
1515.859747955712,-2.945679822294819,0.3042663762304589,8.805740939069562,imbalance
1520.7968485380727,1.1236285539545052,3.1518257359573845,10.131780607287018,imbalance
1525.836310635973,2.187715611547881,-1.5250300118175033,10.588384622963654,imbalance
1530.831172293371,-0.390142807683452,-1.5680530868737566,10.055721740213071,imbalance
1535.7961225300378,-2.2299170406717286,-0.1253180813308317,9.00665322045057,imbalance
1540.8784751967676,-0.0504261025890652,3.016185906212055,10.176213728944722,imbalance
1545.7558146313631,2.61062515778968,-0.5275607578700936,10.134207873966153,imbalance
1550.8276347831347,-0.1204754227983755,-1.8315038427457853,10.21900467191097,imbalance
1555.7792920380314,-2.0781680964479,-0.9038430605841656,8.849581368884593,imbalance
1560.826471340618,-0.519987154429892,3.1844001833041973,9.812741556430764,imbalance
1565.841126547064,3.0795000852051446,0.0633825419528043,10.521306072377008,imbalance
1570.7717865170414,0.1442304101505879,-2.097967170673307,10.253338419568127,imbalance
1575.757933725081,-1.6252699991788175,-1.497367335977206,8.874437897732431,imbalance
1580.6945233792255,-1.4759502186413458,2.472224113302545,9.73720810920254,imbalance
1585.646004391063,2.395459055902426,1.1177626421411426,10.289597076175616,imbalance
1590.6489069624104,0.6053301888551692,-2.0261158487871205,10.451119070708712,imbalance
1595.6115935713467,-1.415026997729749,-1.9013000348601543,8.945606681360115,imbalance
1600.5706140039565,-2.2282895458280176,1.488419800759771,9.430638717401528,imbalance
1605.637615123822,2.554828006477012,1.5795713977969328,10.44612568576342,imbalance
1610.5693976730363,1.0312473663561352,-1.866096804592969,10.702164854297775,imbalance
1615.5511515560245,-1.148450455105631,-1.6830063401581292,9.150346408460434,imbalance
1620.5502530184342,-2.599335004905228,1.04156575038842,9.318339873632976,imbalance
1625.5766289231292,1.9516584252424196,2.485774588378405,10.124283480827222,imbalance
1630.546526032227,1.813557495920919,-1.6666102878057558,10.599006865737584,imbalance
1635.5982512139103,-0.6744191117880122,-1.53228016184665,9.159963358377285,imbalance
1640.6224485920434,-2.8546416083045942,0.2165153208356065,8.843627169066703,imbalance
1645.6086082854124,0.9167125266646652,2.7283095358644243,10.138971520205583,imbalance
1650.5660537997232,1.9604119808940976,-1.5288910076896332,10.88855034214619,imbalance
1655.6852306402004,-0.6054803883665362,-1.378101146173591,10.051555715836251,imbalance
1660.7269950714915,-2.8692332444644126,-0.4337901357550611,8.706615139002814,imbalance
1665.6838369790885,-0.0515704800699125,3.0579264607063754,9.931677240025818,imbalance
1670.672403807432,2.608027102012337,-0.5113073278436135,10.741465706075424,imbalance
1675.6857401852028,-0.1506925128794972,-1.580218533986474,9.844581937693256,imbalance
1680.7190266851535,-2.2945676761658675,-1.0439873379719469,8.908397134202955,imbalance
1685.7286577914983,-0.8237996629163646,3.0289674989302333,9.636437107527389,imbalance
1690.6805337997191,2.9912599261909536,0.0909736334437015,10.726159784031752,imbalance
1695.716697850249,0.1440004943320888,-1.915285320180171,10.032425461760134,imbalance
1700.7585423848948,-1.6212402447670853,-1.2005474799585103,9.220168004913043,imbalance
1705.769353253302,-1.7231367286507322,2.3154473994327587,9.607047576660255,imbalance
1710.7170670552607,3.0506273215573727,0.8249455076429518,10.41378388947166,imbalance
1715.729838288723,0.1667828408489251,-1.9545086249646804,10.339969599165869,imbalance
1720.6877959370306,-1.386135652195448,-1.3175452414622306,8.697459245655715,imbalance
1725.7146591978346,-2.2860180607833844,2.181493672238762,8.923818577739778,imbalance
1730.6591314129685,2.3732566898232923,2.011955440165247,10.256751009397336,imbalance
1735.653955446179,0.8370846295398884,-1.9895729284833013,10.404280824968213,imbalance
1740.6204090485862,-1.2608481378108094,-1.5241447839518014,9.286453123664096,imbalance
1745.549868603532,-2.546746375992893,0.8781505797235705,9.34527321156643,imbalance
1750.5772401000136,1.954288820259036,2.519242199864528,10.329840797405144,imbalance
1755.595874088751,1.6618642754630804,-2.0423921336448823,10.45584462283822,imbalance
1760.5521045527155,-0.629533775822715,-1.6481508826207687,9.682282458300907,imbalance
1765.537346926222,-2.643118310213869,0.4449862435433047,9.336071022548673,imbalance
1770.547472123489,0.8122372648223943,3.150822789742002,10.142319817966548,imbalance
1775.617736122476,2.46701781958706,-1.269144216611943,10.682597668187992,imbalance
1780.6941813701997,-0.6112108083845526,-1.591579294365953,9.75501641270472,imbalance
1785.722501769118,-2.7182910730835284,-0.5447207680417331,8.720384138822567,imbalance
1790.7450172163135,0.101881499451439,3.1687544297649435,10.032193236170809,imbalance
1795.7297828109802,2.69254902061766,-0.7535235209693479,10.559731463575556,imbalance
1800.7294579319523,-0.2139295491742817,-1.598504044604954,9.808491908932826,imbalance
1805.7217857194464,-2.1186919801444626,-0.6817112678678441,8.670228022908066,imbalance
1810.692602696653,-0.6045352302033551,3.092429752703989,9.298587032924752,imbalance
1815.7122615541423,2.921436252706312,0.042476029698631,10.360852544129514,imbalance
1820.6806182234493,0.122094123584317,-1.806492782546259,10.086425489116,imbalance
1825.701998594179,-1.7362156931707498,-1.1738121747894574,8.856135113836032,imbalance
1830.7545053760773,-1.6445364021577025,2.686844875213928,9.2641625923332,imbalance
1835.7334608212104,2.839931916233018,1.0295972472099344,10.527287875252687,imbalance
1840.7537361037696,0.3667410563562864,-2.041071249524158,10.145749461185948,imbalance
1845.7812113146647,-1.434361006140194,-1.8728711387254215,9.114511868770444,imbalance
1850.757470001312,-2.1625131767779937,1.8370327587827089,9.006659826853456,imbalance
1855.7272723627648,2.4579094666404577,1.652470683339436,10.64576180292087,imbalance
1860.7078350972108,1.151319953264618,-1.828058502814278,10.311906366507843,imbalance
1865.7365480057265,-0.7963512719466983,-1.6043999433173577,9.07121234904736,imbalance
1870.7267231061664,-2.706946013453809,1.4803546223157606,9.233608428272948,imbalance
1875.6733778979235,1.843204841591616,2.50871441884193,10.46285852173164,imbalance
1880.7729571976283,1.6324371951248695,-1.7740909037211026,10.862150597473716,imbalance
1885.7613755942991,-0.6838406710623414,-1.7752809688086977,9.47075859594009,imbalance
1890.8117464207064,-2.5722145394823115,0.4188045765361338,9.085669435381677,imbalance
1895.758438269101,0.8662537228806544,2.8672219942317243,10.083792159110326,imbalance
1900.804429469264,1.8538656610550803,-1.7417427717659035,11.134043558583553,imbalance
1905.84643769246,-0.2617946244705555,-1.704775123580448,9.476275906520453,imbalance
1910.853850892712,-2.3471615474593057,-0.004738449356951,8.958533402935975,imbalance
1915.886189957033,0.2656412480928314,3.545886602497177,9.6232932072956,imbalance
1920.8988813011783,2.455972091365979,-1.042486922840385,10.90521747470664,imbalance
1925.89370656108,-0.6215927252676123,-1.3644975291546482,9.83232968710124,imbalance
1930.9932292157168,-2.109574616071476,-0.5389793045860317,9.019758693821773,imbalance
1935.9343100601168,-0.6472318317845343,3.098941110563325,9.472766787378124,imbalance
1940.9870206623225,2.7349050225112066,-0.6188393634748222,10.80003778659313,imbalance
1945.973610791768,0.0990186224860596,-2.1438523199413644,10.124535990749203,imbalance
1951.0013873100856,-1.8504133763225352,-0.6606653638098531,8.856490970234322,imbalance
1956.008773941643,-1.109219266216969,2.493536769952025,9.407065955346592,imbalance
1961.0291968592144,3.1079667402782967,0.9178125160351246,10.780558850853286,imbalance
1966.0310472219533,0.7028387886669025,-2.201303975134886,10.181288367978974,imbalance
1971.011728964721,-1.4948388506957997,-1.2448798861485333,8.974023261404842,imbalance
1976.027651991316,-2.1242088556536496,1.9526614731498344,9.284623221696382,imbalance
1981.0299684228764,2.853067771903385,1.4592339368747178,10.638229688906028,imbalance
1986.1172002831945,1.1149670765234585,-1.878080586526764,10.375735131127406,imbalance
1991.0726202853384,-1.357718340969274,-1.5803589710564658,8.674443171514849,imbalance
1996.062785355832,-2.468878811188696,1.2909122874389554,9.066615874074284,imbalance
2001.104375662031,2.06050301182622,2.239681303110264,10.513012398415968,imbalance
2006.0762731959223,1.519327715208507,-1.8996928238966304,10.001758624881006,imbalance
2011.0913249770483,-0.8338740308118954,-1.530621588206715,9.258529947674312,imbalance
2016.0357209036067,-2.727684726210666,0.598767020654758,9.190434727053374,imbalance
2021.0351785044124,1.1047079524748606,2.574539490088108,10.171469046336922,imbalance
2026.1129355382147,1.6188868210079148,-1.8247763512206712,10.784640818718524,imbalance
2031.1389088281512,-0.896121982883362,-1.7176461434607089,9.364886592239628,imbalance
2036.172535270184,-2.727240174997512,-0.0166718897462479,9.252221999370104,imbalance
2041.2153290960557,0.8896901437300554,3.372924356472033,10.082234406694802,imbalance
2046.1738696166683,2.591777524191656,-1.1769657662856392,10.84699746996475,imbalance
2051.1537436629446,-0.4805593211199885,-1.5813295363114506,9.798085026572345,imbalance
2056.0733341818705,-2.038621321346903,-0.7791010833572127,8.826914805406302,imbalance
2061.1684531280766,-0.4301870955774208,2.823921462553088,9.611486847806992,imbalance
2066.1982632222985,2.859149540615799,-0.6529923425120483,10.643864118619746,imbalance
2071.2121805232523,0.4871484139775907,-2.164589428218369,9.857814251153115,imbalance
2076.176077268912,-2.1403100672316806,-0.9591661336028872,8.869971852019132,imbalance
2081.1634849514144,-1.0397902256656837,2.868507922112852,9.733939065755694,imbalance
2086.226638405575,2.819800633767894,0.416573010308551,10.794620246192196,imbalance
2091.2465942467293,-0.0029358088446789,-2.3512438695796622,10.27765979117632,imbalance
2096.2364279713875,-1.6087237735706008,-1.561504118683259,8.696058307873246,imbalance
2101.2542067812888,-2.0626196570347606,2.384977741945131,9.574155429051997,imbalance
2106.2642776302423,2.8959647364064915,0.9207935418523656,10.920424955556696,imbalance
2111.299067557339,0.5683420431763411,-2.144736198150768,10.318896405711754,imbalance
2116.22260465647,-1.3539141316253662,-1.2423290397725626,8.804135035622508,imbalance
2121.207629172805,-2.5157354633176263,1.473091023824424,9.013940317939582,imbalance
2126.209853670744,2.2467207426793343,2.104391833209504,10.467841669273731,imbalance
2131.261727040399,1.656571364679969,-2.393009006848977,10.409562860727494,imbalance
2136.290830414118,-0.7877740482517022,-1.8922175618009247,9.268447685809418,imbalance
2141.238301901181,-2.622516090836046,1.0081068717538106,9.279285914958376,imbalance
2146.206329681363,1.7273757962063463,2.9159111496459365,10.09231126905194,imbalance
2151.2214549063224,2.2479707034500547,-1.7533259802925414,10.768041445270349,imbalance
2156.261201223775,-0.7287248524427637,-1.6124412274714188,9.386756246608304,imbalance
2161.307536790486,-2.642957020143192,0.2885778658617192,8.821534275189666,imbalance
2166.2477237146086,0.7552202935689953,3.0847217773641256,9.894300157855248,imbalance
2171.18235550135,2.096692377456495,-0.9359746083369672,10.55112890936869,imbalance
2176.151594248377,-0.2207318299172006,-1.7445236059480236,9.4257007788413,imbalance
2181.1701652625966,-2.0137023214515977,-0.8812244970462881,8.818866132776353,imbalance
2186.105690930903,-0.1931122907467583,2.702391447708039,10.007127568082511,imbalance
2191.1281138692266,2.7028999008745616,-0.2434326828831004,10.68110101654629,imbalance
2196.100769869984,0.0782228235017083,-2.307371357899786,9.8812401927135,imbalance
2201.089927061056,-1.772330495513918,-0.6964918563241697,8.484078123096502,imbalance
2206.15488512009,-1.0626778349965065,2.55011071859222,9.557318524361596,imbalance
2211.172236635554,2.8236946615810576,0.5468287140616501,10.227989040757585,imbalance
2216.296629637041,0.3627224537381998,-1.952871095141908,9.8010235328261,imbalance
2221.291196127808,-1.785177357127144,-1.1602481572462944,9.229294295517194,imbalance
2226.30401085854,-1.6997787479128894,2.346927378912072,9.402346102919685,imbalance
2231.1647318951404,3.1171852332316208,1.52262725309386,11.162733630820211,imbalance
2236.1492209406515,0.6895902342658833,-2.0203694115581143,10.023490898417425,imbalance
2241.1730552163967,-1.1405042723286007,-1.313059502227623,8.961019198864454,imbalance
2246.23514037014,-2.4842123569941434,1.4923232450988964,9.4025581999143,imbalance
2251.2724763988736,2.53476881758576,2.083709285169165,10.16690047547988,imbalance
2256.156664215542,1.4864909661416066,-2.296333611854797,10.53543821861791,imbalance
2261.079503452714,-0.8893869748724923,-1.4170437092803394,9.163937876190396,imbalance
2266.1052175585246,-2.760587077946289,1.038048622800427,8.646496927055443,imbalance
2270.9932120367357,1.4686856418703218,2.759742343182057,10.085452766451516,imbalance
2276.0138288962485,1.864711866844872,-1.6791856228814397,10.9974892380465,imbalance
2280.9281886762565,-0.4079961070065961,-1.8628488613605283,9.52895987587542,imbalance
2285.9218188335344,-2.2088589133733896,-0.0888576364604153,8.892014217445384,imbalance
2290.825949171636,0.1882760843079146,2.8505219137075803,9.584982094446255,imbalance
2295.795022177689,2.904756355868915,-0.7873404367185859,10.421737397919252,imbalance
2300.818085165737,-0.0338115751719995,-1.8802773166780768,9.710313497825188,imbalance
2305.7309959511044,-2.066176038177257,-1.090397725609253,9.08661847606484,imbalance
2310.68707876216,-0.8784326635454253,3.130711183283438,9.591192404940552,imbalance
2315.6730479341804,2.9308238254787216,0.0214949479387165,10.623106942974186,imbalance
2320.6644351147397,0.1533544515631745,-1.7123922688940167,10.064160747450412,imbalance
2325.5861233083906,-1.7831333650317565,-1.282182774088177,9.09011532315048,imbalance
2330.608266939405,-2.094266479670079,2.265991017232526,9.39576754099138,imbalance
2335.5924871016423,2.8804401095637404,1.1065314138843898,10.576482236945788,imbalance
2340.661958257283,0.7248956643260261,-1.760154959554315,10.386774786470458,imbalance
2345.6426023150034,-1.0080575941771477,-1.3284221504356577,9.02192359047681,imbalance
2350.689537823601,-2.265859689773705,1.64188203002508,9.231894925352291,imbalance
2355.6767616886896,2.290360807972879,1.9135257807166657,10.585094011374194,imbalance
2360.707714958089,1.1695902742222777,-1.7024424135328438,10.071927180962287,imbalance
2365.7450378272465,-1.2504814391332055,-1.521071431942152,9.234952271454484,imbalance
2370.702290408841,-2.311384931138996,1.2523741956059105,8.69974388400392,imbalance
2375.710006763908,1.6809249237445871,2.566550495319366,10.296531110566075,imbalance
2380.709473720511,1.9714842308825715,-2.000083039410942,10.791574367390153,imbalance
2385.6889532368423,-0.3582367877669086,-1.757586634600664,9.129327678630538,imbalance
2390.739882839616,-2.658144461072334,0.3961194279453989,9.146781788318076,imbalance
2395.835958673671,1.119248416198385,2.8487838288887466,10.100590142606723,imbalance
2400.831440873696,2.633331486733657,-1.711561779780946,10.54271395360628,imbalance
2405.865681997256,-0.6844869659487173,-1.5947525303715484,9.477312744383754,imbalance
2410.8240246168825,-2.6083685072687968,0.1198775177725999,8.933035749084926,imbalance
2415.772585788337,0.0174190940770131,3.357486887363397,9.747631529329588,imbalance
2420.7955033790245,2.509113734879573,-0.9382353609422937,10.601720845865133,imbalance
2425.856236952859,-0.2316196411627585,-1.6161717925235228,9.921167140930484,imbalance
2430.796273359219,-2.388194577303868,-1.0995377298075684,8.927155635808584,imbalance
2435.773756661239,-0.8750094580169718,3.108703795030056,9.68519586363253,imbalance
2440.812991820695,3.18879827771838,0.3432841631643833,10.607331074068783,imbalance
2445.820732390651,-0.0487532507753834,-2.003049294734831,10.057165166178464,imbalance
2450.772591299813,-1.3894579610264588,-1.156947099156845,9.345958660948371,imbalance
2455.8247625136382,-1.2897121689824085,2.559463152302348,9.218834088168595,imbalance
2460.8495244610044,2.920370461986107,0.6847519097138675,10.779943393481547,imbalance
2465.87668350206,0.5885739492790635,-2.0322747877160188,10.043552321111996,imbalance
2470.869299490693,-1.2867683201187656,-1.5730336653639556,9.4873875538183,imbalance
2475.948193094124,-2.350565205682765,2.2296113261796764,9.219300135977717,imbalance
2480.939864710898,2.574828298595037,1.5539406706190166,10.466276632151992,imbalance
2485.911911116539,1.162878748900604,-2.1268410280151677,10.406417157581156,imbalance
2490.942415621009,-1.3468325084273285,-1.92331491854414,9.386858478708724,imbalance
2495.9637184101844,-2.1226345885395803,1.2734588366582107,9.177625680451166,imbalance
2500.921955699813,2.1097810599821862,2.5489820475200142,10.751950701138217,imbalance
2505.8789203050887,1.570512854821303,-2.1199914518916696,10.675535852344032,imbalance
2510.853385922712,-0.8027173729592276,-1.4726146714720452,9.402567486330687,imbalance
2515.858784912317,-2.402921162198814,0.5951017849978666,9.078524677729694,imbalance
2520.885933691985,1.1706911624862102,2.5071204548032475,10.28828231579882,imbalance
2525.8402928540727,2.4007892321014213,-1.4009197779923088,10.88601389969948,imbalance
2530.883700681104,-0.6081280664383555,-1.82410842533072,9.811324518829377,imbalance
2535.827697852302,-2.425812400945729,-0.1438123491574843,9.062066731861645,imbalance
2540.789843700696,0.4530008733343869,3.258601176195721,10.07471017421664,imbalance
2545.834080064965,2.6931184448028134,-0.8838488646206079,10.8451927937895,imbalance
2550.8106066107903,-0.4077190147211145,-1.888446963209419,10.12331933148586,imbalance
2555.741219679453,-1.955945319400869,-0.948664389273022,8.83932512092489,imbalance
2560.780989082425,-0.4567678661623104,2.9686743660459123,9.631052841146303,imbalance
2565.755689782902,3.1326057308788617,0.1118232340292145,10.691455364458362,imbalance
2570.7619427566524,0.0376191118777198,-2.1525792578192653,9.833815506191964,imbalance
2575.86498215328,-1.6698219560310386,-1.3759155053371672,8.87171345146517,imbalance
2580.888452118507,-1.2126401221155818,2.967666983485479,9.43116751299988,imbalance
2585.9662197526823,2.922282491538966,0.0480615914980169,10.550775878718204,imbalance
2590.969736291679,0.0737027705873131,-2.207785852126258,10.01511093566976,imbalance
2596.023587093553,-1.6819392143620306,-1.2561899994076935,9.567854772949644,imbalance
2601.037123241346,-1.892202433284233,1.881327813784852,9.474069624245349,imbalance
2606.1491436131187,2.561185829314814,1.3578566998286152,10.284845760723668,imbalance
2611.0724125918623,0.8034191396910942,-2.172391864870848,10.426020245082842,imbalance
2616.048194145003,-0.8909834777474623,-1.574093741530615,8.993476602448563,imbalance
2621.1365513736714,-2.408845138678722,1.3003069608364932,8.917027725490424,imbalance
2626.143112034393,2.4538676048841648,2.2214113863837475,10.725840996843772,imbalance
2631.1015243532456,1.8171239567952304,-2.04418331577006,10.499387570626858,imbalance
2636.142985979204,-0.5929837015637165,-1.686605601499001,8.89123913080441,imbalance
2641.1218610668384,-2.699914154322781,0.8623648052673277,9.185912201125126,imbalance
2646.0656684477885,1.5962298277607851,2.781413465037037,10.356708470052814,imbalance
2651.135499356326,1.9268463988796696,-1.7191388888468082,10.790218055309936,imbalance
2656.153200957451,-0.3423593175314554,-1.6762725643239689,9.118777235044426,imbalance
2661.1210958428856,-2.282788799347238,-0.007208924893439,8.721393375344157,imbalance
2666.1832883008788,0.7295487792624387,3.549356813760536,10.044472356994165,imbalance
2671.184120346984,2.4645585526938003,-0.815109266073434,10.706632732621529,imbalance
2676.263882108728,-0.1568069901666486,-1.8684150135429485,9.639531234171162,imbalance
2681.2617646795143,-2.7018096274507357,-0.513798383609534,8.977164207481245,imbalance
2686.298846142088,-0.3966339646706966,3.093932990339264,9.69740589206254,imbalance
2691.2468902533665,2.667030314905204,-0.607495658022356,11.036317170640409,imbalance
2696.241160021269,0.133456274390325,-1.7881033062538203,10.056809924138664,imbalance
2701.295307591324,-2.210555648652721,-0.9358624728505296,8.327832222969755,imbalance
2706.2714249103374,-1.1872978395361014,2.926986033288209,9.034358474153496,imbalance
2711.254432931857,2.951042715424742,0.4316110704321725,10.5485114413066,imbalance
2716.2605066657334,0.2991149040571725,-2.085714066124342,9.868945725911502,imbalance
2721.244757879517,-2.154703007890151,-1.4865766557271471,8.79891998173747,imbalance
2726.266815967715,-1.6199219485078098,2.06786198808202,9.375870657365114,imbalance
2731.14849186413,3.088930110682279,0.9933351308267752,10.759332081385113,imbalance
2736.1690714680094,0.9632869373710684,-2.1463981380015653,10.102965197734155,imbalance
2741.152422107443,-0.7287479909640602,-1.1659576095348436,9.054118244011365,imbalance
2746.152345779487,-2.1018961345706355,1.234980395024837,9.021646956414063,imbalance
2751.213779018304,2.478391051590876,1.806971335278512,10.507761212807782,imbalance
2756.216414539886,1.323912097483677,-1.5597105007937886,10.28052757031941,imbalance
2761.2549221231825,-1.1205512654542078,-1.2597034374229283,9.157414944640683,imbalance
2766.2472403382217,-2.7978954887233995,1.1566720290344246,9.235434655233718,imbalance
2771.253196854847,1.813579269973001,3.171142691393758,10.068282261944594,imbalance
2776.305082106763,2.1465661925542188,-1.7660041831752575,10.772211786869214,imbalance
2781.243448301655,-0.5808393794740419,-1.404691082439438,9.25049014065887,imbalance
2786.222474944853,-2.564535959676409,-0.1202509898592635,9.016159682626114,imbalance
2791.2303539864843,0.8757961008014561,3.043164460451197,10.090925790818645,imbalance
2796.18724805546,2.63783776805742,-1.4956302032690618,10.833474804442783,imbalance
2801.1981048014186,0.0413467979279475,-1.7435720493851603,9.586411327430246,imbalance
2806.1757240054626,-2.230260442770017,-0.5840898845692829,8.719763187806446,imbalance
2811.101901781029,-0.2754512268598058,2.76059402511129,9.806697391400451,imbalance
2816.0877082517154,2.6534034186788817,-0.0233830647504657,10.514854613995034,imbalance
2821.0355597317675,-0.3791528429837471,-1.8872222189947183,9.858520026895032,imbalance
2825.98431853602,-1.8664235385676549,-0.4452528617778726,8.554525344262677,imbalance
2830.9420476272426,-1.7227358750040096,2.5619348695957425,9.408772132041728,imbalance
2835.926386294807,2.8440685896545297,0.9350164852221232,10.657289688881582,imbalance
2840.940151032092,0.6655877040382143,-1.8759032844325416,10.345879471827024,imbalance
2845.990002546824,-1.3249598551784194,-1.253974905328196,8.77836329302053,imbalance
2851.0158180385006,-2.3528288162463737,2.2211051773586976,8.981341589096123,imbalance
2856.013953902318,2.938694701184519,1.1177011963719885,10.432949585369084,imbalance
2861.027410506567,1.1396294017010151,-2.137820888508416,10.766831589552323,imbalance
2865.995758215685,-1.05813431944116,-1.9155013873337123,9.034578004516488,imbalance
2870.9948017691454,-2.2985589934277213,1.7097486522745675,9.149682844783731,imbalance
2876.0964472071864,2.2861232349747014,2.248567938563314,10.269187076622158,imbalance
2881.064318614225,1.5206961533228365,-1.9511978765110105,10.358929827930156,imbalance
2886.04969612089,-1.1499423683481067,-1.6832096568632438,9.42887521856187,imbalance
2891.1125452064703,-2.380333643224323,0.6434287154321462,8.954219553055845,imbalance
2896.062506999547,2.007674935391662,2.917528126897231,10.166368291831878,imbalance
2900.925501281061,2.0869273954866414,-1.2301630798842114,11.018588114254978,imbalance
2905.884119036907,-0.7628787459920479,-1.7553012641631895,9.858448555746126,imbalance
2910.897071035204,-2.709659135680877,-0.3616163322772487,8.821147321548509,imbalance
2915.9204890661795,0.4865916936627827,3.37002387941822,10.153629831714584,imbalance
2920.8659282183025,2.837046004147986,-0.8490988480760573,10.533704683224125,imbalance
2925.922423885136,-0.2786174283748721,-1.5047335786091365,9.588044674728511,imbalance
2930.9653586141653,-1.9465328696984376,-0.6575231292715097,9.07774615409979,imbalance
2935.982045170508,-0.243850305167236,3.4077002428974,9.808915847542606,imbalance
2940.9488567983185,2.889429260889992,-0.5831098614132632,10.304155286473364,imbalance
2945.887046187664,0.083855792694201,-1.866425513176068,9.949559590392315,imbalance
2950.8597101200576,-1.711133580484706,-1.4252280062964011,8.669976639957794,imbalance
2955.827519260132,-1.6526424575586356,2.5399009865951983,9.46429824945128,imbalance
2960.888085073945,2.990800461086512,1.022229694679567,10.616901987449298,imbalance
2965.850752498061,0.5923327999352599,-1.9001363541627136,10.598746500414975,imbalance
2970.8835922703447,-1.1710894870165371,-0.9993843418325415,9.086822093980484,imbalance
2975.7877605448075,-2.112039262801596,1.912437646683593,9.454620591021266,imbalance
2980.6867786002035,2.781212620617276,1.8863657793238644,9.90294915422388,imbalance
2985.6243717602874,0.95262151630966,-1.88735033974487,10.336396327507076,imbalance
2990.659679046901,-1.3487934160166797,-1.7491926764712369,8.959503370020093,imbalance
2995.6331131471447,-2.468332209549131,1.011539979683121,8.92310142061984,imbalance
3000.6547116885804,1.9691152612316696,2.4246639422494725,10.347059548774448,imbalance
3005.6509640197214,1.8209588570535649,-1.6238971146321013,10.612647689000724,imbalance
3010.529993316305,-1.0280670228361664,-1.7893599127856703,9.472350150126744,imbalance
3015.502480714615,-2.7731796863865164,0.1803361635192022,8.75617558384253,imbalance
3020.422462845078,0.7246156895390837,2.993766108367573,10.226106192899486,imbalance
3025.3903035139147,2.608022393945911,-1.3885605882625038,10.873235989463447,imbalance
3030.351565404168,-0.3891530979216813,-1.732614156634558,9.569633046150264,imbalance
3035.400235094351,-2.060954982279224,-0.4380587062624699,8.765033295257977,imbalance
3040.470725870837,-0.371961928934887,3.4017367602289474,9.81145620963495,imbalance
3045.479600437487,2.962807359910088,-0.2912644618481674,10.450665616564772,imbalance
3050.484110712748,0.1180355013139885,-2.193770230014362,10.020800561059866,imbalance
3055.561237490329,-1.965740984820613,-1.169378497592468,9.007885384632369,imbalance
3060.5312747475773,-1.368729410938747,2.8224200943907523,9.39144665476348,imbalance
3065.513202313307,3.2913681937829944,0.4938558768656844,10.69601796876814,imbalance
3070.4259435621984,0.4941511676901206,-2.000528168398744,10.245862369449812,imbalance
3075.4562316766364,-1.5418281041937694,-1.1639925438319243,8.565541043556319,imbalance
3080.347646289893,-2.100884570472262,2.362453585269891,9.35173262607623,imbalance
3085.322413604227,2.521852353693948,1.6192952402628769,10.20797132273626,imbalance
3090.3516651585705,0.8943074850920554,-1.9053623840375584,10.65836315581764,imbalance
3095.364549193592,-1.220396073494372,-1.274362303536294,9.22415464333162,imbalance
3100.3443026003592,-2.2325839937108194,1.7930409589352787,9.295582355294178,imbalance
3105.299812548671,2.560414068702469,2.196391378615373,10.53167315407054,imbalance
3110.275062521728,1.3912083643686413,-1.8905226523052852,10.440443782096168,imbalance
3115.1594613943007,-0.8532203863928892,-1.7918600062909238,9.645827069203882,imbalance
3120.199949173786,-2.8731398144083085,0.3949224663586463,8.89607915418124,imbalance
3125.1973706871117,1.40948456463529,2.7957348441628698,10.101040841164192,imbalance
3130.1586263652284,2.1314824897165723,-1.3130980057546984,10.86712514652092,imbalance
3135.1442693718764,-0.9076239172882608,-1.592872822354225,9.544291168258331,imbalance
3140.066339357631,-2.3748532851910684,-0.095258645249649,8.78883211639982,imbalance
3145.049481517831,0.1371870837911616,2.866557497353723,10.014515632189784,imbalance
3150.1591222421043,2.475167072976695,-0.6947236592994781,10.55441522462149,imbalance
3155.1768200403167,-0.3217825450925265,-1.981332895961676,9.75694669421421,imbalance
3160.18417209608,-2.0978160375345176,-0.4667929028128054,8.903167096661726,imbalance
3165.220669948076,-0.4299390569095914,3.4678456444878067,9.746225276922566,imbalance
3170.278489389003,2.66733496766604,-0.3512378927761141,10.81740799994121,imbalance
3175.290387328713,-0.1691513517868343,-1.99079523775919,9.887645456853653,imbalance
3180.266384935872,-1.8686863229952773,-1.1467594508832706,9.041648943287376,imbalance
3185.292062705451,-1.20586900434386,3.0565345594422,9.631490430389492,imbalance
3190.265804698291,2.824176921647761,0.5416722606030403,11.062448958322522,imbalance
3195.1303805459816,0.0472713541353668,-2.0678161744007237,10.487403265548163,imbalance
3200.2162309548025,-1.2536279497406002,-1.6855168809050554,9.026629743355006,imbalance
3205.19203163376,-1.8891967294224676,2.2614754344442365,9.205620710236882,imbalance
3210.2212862054203,2.991393278349088,1.412924363430375,10.688819784784837,imbalance
3215.2217304593432,0.5937069241177495,-2.2008489039803045,10.459535983090548,imbalance
3220.2470960076016,-1.2178316320102909,-1.4218342581705494,9.0399344571362,imbalance
3225.259286167351,-2.417761533010033,1.5810692324496478,8.81450662287504,imbalance
3230.245076477967,2.0809805802277497,2.2647128041330493,10.166541229737026,imbalance
3235.1991114564544,1.256967371829017,-1.9134961616329156,10.55745174757846,imbalance
3240.1869171294084,-0.7319441738944102,-1.339692846274697,9.160769022320018,imbalance
3245.2303290289824,-2.704262555132542,0.0661048967488914,8.916946861525785,imbalance
3250.253675080476,1.7004021224263668,3.0600102382993497,10.0802442682399,imbalance
3255.355733930813,1.751994182679119,-1.85677673738078,10.968528989038866,imbalance
3260.2979534322344,-0.5657095800882546,-1.51083436849273,9.4687935536414,imbalance
3265.2352313411943,-2.5041726386273893,-0.049495828793941,9.090914269161187,imbalance
3270.281023764236,0.5819042241683943,3.142318682941435,10.157020976650196,imbalance
3275.236270544787,2.6646552408258737,-1.119278571079039,10.68692921611781,imbalance
3280.3077184829267,0.0835940891598003,-2.0523507115238555,9.700851964881595,imbalance
3285.2237766940643,-1.9849296489939872,-0.7645598637504818,9.069105089394805,imbalance
3290.1492958573044,-0.2854805582958163,3.2902330975477168,9.638329334067173,imbalance
3295.011367435228,2.853805627061345,-0.2313173269861621,10.384217111977566,imbalance
3299.9425514849468,0.2401524263800646,-1.8563919813093888,9.897474481412347,imbalance
3304.9577798737128,-1.6194232808441784,-1.4712451659189767,8.757859579221893,imbalance
3310.010415247102,-1.7396078968191144,2.5748535193999538,9.473558783728633,imbalance
3315.021998107279,3.253951613339525,0.9480024897908158,10.656490603733044,imbalance
3319.9575085683714,0.3062780142558902,-1.903738493672953,10.033601444442573,imbalance
3325.0100442866155,-2.040328942582493,-1.1425138658194836,9.151094491845289,imbalance
3330.027618444178,-2.0859885887646947,2.026988336496043,9.462711135020632,imbalance
3335.089787772747,2.8569986424672047,1.6627992519274672,10.109412866161088,imbalance
3340.152318297039,1.080140191103659,-2.0370523087112304,10.438265738284947,imbalance
3345.191299029813,-1.189803318132118,-1.2798114285408926,8.961632251013938,imbalance
3350.2388417068973,-2.196798154517969,1.3794679564488763,9.29602400157859,imbalance
3355.2412349445485,2.175984094867349,2.6135277859106387,10.020772461325114,imbalance
3360.209383882744,1.420931180119489,-2.1739095587528023,10.681789298630076,imbalance
3365.2163047079416,-0.715813184655244,-1.56947554018382,8.909095397657621,imbalance
3370.238751765582,-2.6912454380481936,0.7708634235827695,8.647858975841936,imbalance
3375.270982712884,1.543210397062197,2.687693841495022,10.285371713917112,imbalance
3380.343333992727,2.127245968404477,-1.5415859113046555,10.588777247397235,imbalance
3385.342340450553,-0.7142136793541558,-1.6580211978412909,9.3980676770083,imbalance
3390.344068835398,-2.7710449240219583,-0.1473742107902976,9.069299453732867,imbalance
3395.3976658751976,0.7319066519891366,2.985661776719591,10.372993573300358,imbalance
3400.428884899085,2.092786276107811,-1.1270368739655705,10.417492368285371,imbalance
3405.340711795201,-0.4991165610540446,-1.6371728401560162,9.653814296066663,imbalance
3410.39363906982,-2.617752939877504,-0.8934794684115077,8.940653340150998,imbalance
3415.3534385434946,-0.79178634657618,3.2269003956789155,9.648951804895772,imbalance
3420.3234775411875,2.881407413093854,-0.3376649874247635,10.691990772754432,imbalance
3425.3261589516787,-0.011415581401282,-1.413138810313106,10.127160153745391,imbalance
3430.2584550262427,-2.266205891428408,-1.413503733774159,8.73102118575861,imbalance
3435.162401829267,-1.4814594257293656,2.616235057372955,9.556381712167992,imbalance
3440.171010804647,2.872480315675409,0.70038570886081,10.702374208481569,imbalance
3445.0842065495453,0.4752576875719826,-1.8348382253566728,10.42233206943023,imbalance
3450.026274746768,-1.54549066869949,-1.522304702613966,8.42787886630703,imbalance
3455.107281504186,-2.212731333424905,1.9520602376745455,9.02901583033301,imbalance
3460.040042858674,2.74645258823423,1.5575974707170523,10.474913453575049,imbalance
3464.977964624372,1.0303001752691596,-2.180904064318285,10.6599810897107,imbalance
3469.947781561675,-1.0246088145066534,-1.6744954632745594,9.27763048513688,imbalance
3474.868790635692,-2.6072837861425957,1.284578843019219,9.075760667672524,imbalance
3479.809627477556,1.4477946961729102,2.255461506049952,9.96887026589384,imbalance
3484.802800739721,1.379539289383192,-1.787751183221895,10.711607769936412,imbalance
3489.8247049385136,-0.6674596997730964,-1.6207701979271265,9.556833614182294,imbalance
3494.7136594548606,-2.711769149875658,0.4376942384432266,9.039215809882458,imbalance
3499.629493679774,0.6481360174355517,3.18432878914205,10.209720756490892,imbalance
3504.667252265842,2.133140099609726,-1.017923044553452,11.00815873417721,imbalance
3509.71069604716,-0.7689354742225764,-1.6281661765644626,9.384631209456646,imbalance
3514.6948533719124,-2.075079186455479,-0.4482410248342265,8.944440425742656,imbalance
3519.686222626267,0.0166648754885097,3.264085452921321,9.661079377524658,imbalance
3524.630838246605,2.783057466702924,-0.4594067134346393,11.159946468186057,imbalance
3529.6871021313223,0.0555881876583925,-1.4470772011370914,9.917609669895384,imbalance
3534.7129357797658,-1.838191256159745,-1.1544546767106851,8.868385696843777,imbalance
3539.6768076444664,-0.8030039997485217,3.0343836038348715,9.418878124703484,imbalance
3544.6849783751363,3.05266228356932,0.2823350403890243,10.612883016676047,imbalance
3549.638780760186,0.4140942545851559,-2.1335550544074047,10.16891431351212,imbalance
3554.648397986954,-1.5517888203327852,-1.5894000383522435,9.191254209323883,imbalance
3559.665908211811,-2.112781125665756,2.341050375793053,9.23605537700029,imbalance
3564.547636863978,2.5738409441424075,1.0173888732646577,10.547313384514169,imbalance
3569.44818617317,0.9671756683020132,-1.943141409088725,10.445504854541978,imbalance
3574.453874550168,-0.7556864268581882,-1.4062642492015147,9.624265707669997,imbalance
3579.498512885346,-2.646889873991838,1.7262436003683823,9.04073056495718,imbalance
3584.514735211914,2.305573972988465,2.0409485898280386,10.12661179103132,imbalance
3589.530702140188,1.3831497674697928,-1.937392420826698,10.068922342550955,imbalance
3594.5700806088475,-0.5509203690067879,-1.6148462011370734,9.21176921535845,imbalance
3599.507922368105,-2.606377437651439,0.7485017385830417,8.885279633855422,imbalance
3604.613747009444,1.9520269711714,2.7404198748401147,10.31109163232416,imbalance
3609.580635333676,1.9103992694695529,-1.5984204717525157,10.744139201947366,imbalance
3614.5614531489177,-0.957436294183616,-1.8685557838390063,9.49834340297066,imbalance
3619.578925248709,-2.712183852982661,-0.0917275487674255,8.817774301146665,imbalance
3624.639969421301,0.528730362856494,3.0788977478850303,9.909463769556904,imbalance
3629.550171746941,2.2683536564354574,-0.8112886913159378,11.002697205574895,imbalance
3634.5343686232864,-0.6240198974698781,-1.5200452789505905,9.811533737297212,imbalance
3639.553046939528,-2.38815268673795,-0.2822377739825911,8.739592910255435,imbalance
3644.489643227675,-0.0959869275814469,3.1651502339430038,9.777011122151906,imbalance
3649.476119577584,3.3719047963133466,-0.4013860225667047,10.20670859033667,imbalance
3654.4318884360127,-0.0036287886783694,-2.159672082518602,10.11550735718207,imbalance
3659.470247175389,-1.9218432724430952,-1.2352818816554445,8.931109822976383,imbalance
3664.495626186581,-1.014914073532853,3.1685269889477303,9.257844804549384,imbalance
3669.4223189753816,2.775804053757076,0.2772237396100357,10.55741690380814,imbalance
3674.415957662477,0.3117955327157043,-2.2271920547758164,10.139427880975504,imbalance
3679.451824597922,-1.7642066274585664,-1.418755754885995,8.729525184651843,imbalance
3684.5226064868775,-1.9511282017632376,2.399788908121863,9.452449541000933,imbalance
3689.414022677075,2.773221112922176,1.1470325866152025,10.470039170744492,imbalance
3694.441717693194,1.087102943467209,-2.0514252549615075,10.445009663723802,imbalance
3699.49901566584,-1.2185204286232618,-1.1912211932106698,9.263722868892549,imbalance
3704.576011152256,-2.669511699584316,1.530807556873431,9.159461148439249,imbalance
3709.549913983101,2.4886969029174235,2.209558494786444,10.45339114784938,imbalance
3714.556313650533,1.4689708633210825,-1.8339957387421109,10.495800503504103,imbalance
3719.61243542823,-0.8983803426806467,-1.582994435798616,9.496340455143,imbalance
3724.6172182869054,-2.4454377323077963,0.68006759062411,9.399931621871204,imbalance
3729.6731198115335,1.780265054339007,2.4921252594554426,10.336409409073436,imbalance
3734.648375218764,1.6074707525337375,-1.79761954616339,10.483844037520075,imbalance
3739.7223856285295,-0.821343062231623,-1.6508458148874112,9.609527851097502,imbalance
3744.7280008632047,-2.83378238263972,0.0156364798731974,9.16539229471718,imbalance
3749.720300572008,1.022282982617928,3.1013548745895867,9.722081548941004,imbalance
3754.7118455862055,2.2782906194896504,-1.0737169046192732,10.529543775911428,imbalance
3759.677748304035,-0.290097545970913,-1.6026921257227589,9.560327521342844,imbalance
3764.722136928173,-2.239813419441665,-0.6434154947816687,8.879882838435021,imbalance
3769.739174401156,-0.1287677243994215,3.016057888413571,9.6215863049139,imbalance
3774.74555331251,3.0802297381209227,-0.5799102518921148,10.498568699279923,imbalance
3779.786992362823,0.0871234661463317,-1.7834045093012687,9.973895310666007,imbalance
3784.816489667892,-2.1217321173571664,-0.7802817396639146,9.318810153296615,imbalance
3789.778567158668,-0.9563381158731936,3.0807666637847544,9.746186697912467,imbalance
3794.8318672953656,2.9266900671410965,-0.0534609010575516,11.055365226252931,imbalance
3799.9054713935407,0.5655028097638111,-1.895892006408332,10.114614451744554,imbalance
3804.871024573881,-1.891272329995362,-1.013226056085349,8.992459349344324,imbalance
3809.87649806269,-1.585230669977867,2.718400274725381,9.430157839841234,imbalance
3814.913369499309,2.7894886736570474,0.761275244899607,10.944059166925182,imbalance
3819.951731567283,0.7650433846423084,-2.139876121097282,10.35454234322688,imbalance
3824.9522972488894,-1.4012620217110432,-0.9424239100395292,8.916012547638111,imbalance
3829.9621788755535,-2.2378512727206465,1.7533340686460692,9.180486107357368,imbalance
3834.913874636519,2.4269169217324924,2.092216446729674,10.390141643118632,imbalance
3839.989730740496,1.3222053700353398,-1.860201939486969,10.668945205034037,imbalance
3845.000971460676,-0.8594695985797771,-1.639441087754279,9.556799586333549,imbalance
3849.994559279192,-2.654428288861564,0.8459143241222675,9.177444366383554,imbalance
3854.992692781133,1.8019319924303483,2.178409182834107,10.463593545304288,imbalance
3859.9171071446017,1.6877542024743566,-1.6847886448780405,10.665718356695008,imbalance
3864.943423876457,-0.897075239897236,-1.6417469771620978,9.798780063811073,imbalance
3869.9439428983073,-2.5508696560033783,0.3581306282681264,8.923586834062347,imbalance
3874.8935359902944,0.6486423640647104,3.0995909273645403,10.106726399640335,imbalance
3879.881900188912,2.504179796560195,-1.1600302779222154,10.54877179450466,imbalance
3884.890691201677,-0.412987628382646,-1.8080502030004784,9.389936759391476,imbalance
3889.936814283201,-2.415459980582864,-0.3081818392072339,9.023445638741638,imbalance
3894.896633592674,0.166762442245626,3.398276913230081,9.895047714353112,imbalance
3899.9062165846544,2.5192173183959303,-0.9352897161880974,10.735480986674656,imbalance
3904.792389512977,-0.3244572836156152,-1.987180437467144,10.183713465547749,imbalance
3909.7876061428574,-1.8700438308673717,-0.8417750271886373,9.08430764882604,imbalance
3914.830476074621,-1.209141509162169,2.916476321022139,9.546412203196727,imbalance
3919.8848531862914,2.799136896128428,-0.0058666394788464,10.717729555868477,imbalance
3924.89737645262,0.0851001971733791,-2.2353698268606776,10.01901674982252,imbalance
3929.838398664848,-1.793421698730455,-1.574111473510885,8.62283584920756,imbalance
3934.7742178593858,-1.4184369285816083,2.6974100800601333,9.393154707336697,imbalance
3939.8516968923495,2.6302177381156446,0.6917721529513963,10.939251789429171,imbalance
3944.8928758679954,0.6530214293532308,-2.1630648125341425,9.834076544317414,imbalance
3949.8304586116474,-1.4734049107285072,-1.2278503244773773,8.887315208124116,imbalance
3954.811662787143,-2.095492474417145,1.92462666974748,9.50635744094637,imbalance
3959.7120000732816,2.368703411403536,1.896013996148512,10.339179774664572,imbalance
3964.690317997469,1.4483796126793982,-2.01960278987499,10.631709936276092,imbalance
3969.699829166633,-1.0536939153817555,-1.889144128930082,9.230493993350924,imbalance
3974.737380437767,-2.410031395931118,0.7815295929603651,9.23626624414112,imbalance
3979.729551434261,1.731067618877068,2.5105445041049723,10.221709383072636,imbalance
3984.7006628390072,1.7685335620326834,-1.5279601877731426,10.710100891265668,imbalance
3989.6681906632766,-0.8510198360917196,-1.346367516364225,9.452333458301649,imbalance
3994.695331549865,-2.523437810962287,-0.048074458193781,8.838366972707124,imbalance
3999.760224958176,0.9731423352435856,2.8185033908674955,9.800477716672876,imbalance
4004.661779928853,2.275947820146183,-1.5767885044479804,10.629157598534553,imbalance
4009.613641312365,-0.5022968572551989,-1.9642439605341775,10.035237850745249,imbalance
4014.5624862257455,-2.1557820178448326,-0.2762919065196204,8.933559602172103,imbalance
4019.474938141893,-0.5268246746334329,3.130070555374898,9.750328323213813,imbalance
4024.5053217872114,3.089595858294312,-0.0793887014921517,10.535682584882816,imbalance
4029.484786005548,0.1777647889040763,-1.8316412228459715,10.102694835270622,imbalance
4034.446734655584,-2.0570161273689727,-1.0500357039303196,9.409874354660705,imbalance
4039.456797539695,-1.0421841295148488,2.587485658693017,9.409366431660024,imbalance
4044.522799030167,2.759772059637088,0.7246595859197847,10.642460097754832,imbalance
4049.5513037598457,0.5725358827142062,-1.7409326563812613,10.295814738628302,imbalance
4054.411775292898,-1.6619604886064467,-1.558158698978785,8.73545828972254,imbalance
4059.3505903252208,-2.305299713409941,1.9489895399322328,9.281224361135749,imbalance
4064.289216716641,2.2478619556054884,1.930394868105838,10.485455446764322,imbalance
4069.2829774868233,1.0057821975763952,-1.9945331415214111,10.112090690693664,imbalance
4074.289131946024,-1.2023673982168963,-1.4394401683937856,9.143544087378803,imbalance
4079.27722544846,-2.425465725965592,1.2059007346551862,9.43649719551953,imbalance
4084.246120252637,1.6358635854942245,2.4405890137576494,10.324782279318308,imbalance
4089.25723718841,1.6705961108393004,-1.8866058048289949,10.464424574458342,imbalance
4094.258804895885,-0.8267928346007717,-1.3716228021578971,9.092509385480186,imbalance
4099.275858775517,-2.841807319776753,0.8489443048721157,9.20472047119293,imbalance
4104.218050032207,1.4254016494562776,2.813252785122895,9.862685686743502,imbalance
4109.200323355717,2.408425958190239,-1.8056874442371584,10.616870548166728,imbalance
4114.182709209767,-0.5316747282713401,-1.8277877383627243,9.778561930471833,imbalance
4119.232649814993,-2.3522937990848227,-0.4878932097333889,9.200251528028568,imbalance
4124.205502255066,0.5466160568223921,2.7861726984736057,9.756807787475696,imbalance
4129.3341478245,2.989350996784071,-0.5631146352551768,10.74620284912251,imbalance
4134.312856407982,-0.5931375485860366,-2.0662771552734998,9.702752730153843,imbalance
4139.37627897952,-2.305532483253623,-0.6979948054571721,9.157153247941553,imbalance
4144.374373629462,-0.356394987557099,2.834167022472621,9.41589651765044,imbalance
4149.366463201082,3.080898847608413,-0.1310959640477622,10.67306588506541,imbalance
4154.271552091844,0.0150568533039354,-1.5812405626476638,9.86143713264336,imbalance
4159.263324229887,-1.8771639206501844,-1.0471804504778988,8.664386316525064,imbalance
4164.279486601057,-1.7184671083714482,3.013696541773654,9.52568958859513,imbalance
4169.265608935855,2.8385421304646505,0.4970749911404607,10.658992754654658,imbalance
4174.355029882735,0.3917795312276301,-1.856805843711666,10.029317299519503,imbalance
4179.3264530469305,-1.6823344119961667,-1.4841730578675685,8.659683670199952,imbalance
4184.29609050323,-2.3678962827615018,2.0559414020412707,9.324852870192965,imbalance
4189.284901785149,2.696779511647719,1.5991949523924405,10.587656437046626,imbalance
4194.166476504684,1.1469271286704263,-1.8743850616267708,10.46712265736096,imbalance
4199.150251871965,-0.9609643832877242,-1.5285590441109107,9.357651204154664,imbalance
4204.082294830791,-2.5621977641068394,1.167482919636389,9.468568759323782,imbalance
4209.115332034781,1.9578905766606365,2.508499121633322,10.300964942612644,imbalance
4214.04657615054,1.356504918123628,-1.5810284224533622,10.620828996481894,imbalance
4219.1056192547085,-0.7625948165897243,-1.9517167389486183,9.662802203076655,imbalance
4224.131956311918,-2.725838020146719,0.2906367573512168,8.886601469090815,imbalance
4229.282006671345,1.4296898176273516,2.730272330357529,10.36569861810718,imbalance
4234.345072321295,1.8931368166239892,-1.5701705871949554,10.55030928432916,imbalance
4239.325092292375,-0.4121877905297905,-1.9063640705776652,9.52313679143408,imbalance
4244.270660207114,-2.5844088185470846,-0.5009396767726737,8.904265542370023,imbalance
4249.23774483173,0.3786871981241442,3.195219881232332,9.819883063455238,imbalance
4254.274815323913,2.468002949636177,-0.6960433661052957,10.541956256246827,imbalance
4259.366100201824,-0.1217219559999512,-2.235049384559583,9.777653250805654,imbalance
4264.358308752825,-2.282881633314946,-0.6658182643849292,9.03601284263276,imbalance
4269.335323586253,-0.2278944928854722,3.272284504956955,9.729320247529378,imbalance
4274.397997487979,2.6786771152716784,-0.1685627514105604,10.34986797351904,imbalance
4279.4001594187575,-0.4180640086696345,-1.4852702723975486,10.07471409146048,imbalance
4284.398273204204,-1.764659277424982,-0.9345964088585748,8.791499205283996,imbalance
4289.441934300983,-1.1673106714253505,2.4748241289841126,9.217184758475687,imbalance
4294.372158324325,2.9955546838678577,0.8882414769979966,10.71547703748364,imbalance
4299.377385201786,0.470738186508605,-2.22051117159653,10.085678693412644,imbalance
4304.302371377577,-1.5481424740688423,-1.2901562964599584,9.03719996817144,imbalance
4309.363096893968,-1.9533451252111909,2.06738132993113,9.186584730196811,imbalance
4314.462798504697,2.8016331559318117,1.2791061000637929,10.387715666245764,imbalance
4319.4778090437785,0.9572116672234786,-1.8556167472526548,10.382131277553569,imbalance
4324.557278849416,-1.2892238922683938,-1.593210635559792,9.090259903230178,imbalance
4329.554687919043,-2.655794776567539,1.3081843757969085,8.912345824116787,imbalance
4334.505690358077,2.052705667297034,2.325833171982579,10.645879542751151,imbalance
4339.393443877484,1.4970894430126085,-1.8566223780631184,10.485448283947584,imbalance
4344.464669508672,-0.8414005473973234,-1.9367532429990952,9.210170029792458,imbalance
4349.431435420342,-2.335058521049909,0.5931723171727417,9.119473027581233,imbalance
4354.462582998702,1.3091180283168975,2.9599128022766763,10.336011459046595,imbalance
4359.529609413898,2.2981588337114345,-1.9129561005242848,10.594418015027015,imbalance
4364.490194365518,-0.4813193267075418,-1.6640439160768006,9.117616910352703,imbalance
4369.519237964303,-2.2593522642592285,-0.2685747360301139,9.095036816210616,imbalance
4374.572202182134,0.2863171730229689,2.728440542031663,10.236084589866897,imbalance
4379.583075833696,2.312001163071144,-1.3394357473757283,10.619714735173144,imbalance
4384.525727937579,-0.6285595290544689,-2.1092914935820604,9.75069374471848,imbalance
4389.62790877714,-2.2054287470163585,-0.1964695949914296,8.830348637293277,imbalance
4394.608162607479,-0.198177189991947,2.7978524258569677,10.160221627050616,imbalance
4399.623651212683,2.6316982850963417,-0.2522635783767051,10.605823034184542,imbalance
4404.648789182902,-0.19922216379382,-2.151393220673099,9.847269120906482,imbalance
4409.614987938081,-2.146862412428076,-1.15674820024994,8.91457240394257,imbalance
4414.716261561289,-1.16293898043813,3.088202508829655,9.700485063969214,imbalance
4419.664240620234,2.8156344481916618,0.4508235922901721,10.768492096262072,imbalance
4424.650581513918,-0.1693162893382606,-1.9910730360763425,10.276644027166755,imbalance
4429.732057415551,-1.9550653209907056,-1.6110047683962152,9.0720162962864,imbalance
4434.734121149962,-1.8728866280588925,3.042866952617739,9.455795322806807,imbalance
4439.763957387288,2.8648070456531896,0.6244602788722391,10.535942906330837,imbalance
4444.785027338646,0.2498462051752439,-2.35292645184884,10.081441174871088,imbalance
4449.756662162427,-1.0872888015672348,-1.549863373407843,9.198433070325692,imbalance
4454.797022986805,-2.213218839637024,2.1370395063552694,8.981951867136173,imbalance
4459.724101392368,2.392937779193103,1.8680022500764015,10.580561683067984,imbalance
4464.683789096218,1.3503858071986814,-2.105734938361674,10.560396654296124,imbalance
4469.708601893545,-0.8524311032892253,-1.3595403202123144,9.008139333772393,imbalance
4474.569823802523,-2.1001660136320908,0.683617135200879,9.431458922622031,imbalance
4479.54520831122,1.879652488268818,2.458706028990359,9.972316929831882,imbalance
4484.549059940563,2.060280712902085,-1.7539106642682127,10.661320111020537,imbalance
4489.548706678345,-0.8194860902178515,-1.71828414323823,9.46315787454738,imbalance
4494.538817506173,-1.9038113090650133,-0.3390101110087188,9.082823450817852,imbalance
4499.5914365867975,1.1576710166481394,2.921922364523495,10.018044049359878,imbalance
4504.622472516916,2.497338040934407,-1.1431353626719392,10.575536581188784,imbalance
4509.569748404808,-0.7631800817708758,-1.6108233088327837,9.750532924055353,imbalance
4514.566056908895,-2.444241045827898,-0.251823189744312,8.637787433325999,imbalance
4519.554567946355,-0.0711249498672396,2.511307563358589,9.914510043431273,imbalance
4524.53172797283,3.1994483989916644,-0.2868533748184043,10.96580211123428,imbalance
4529.521655293433,0.2307933055697522,-1.835093677908554,9.886226109869876,imbalance
4534.512955532031,-1.9444104217241869,-1.1713346276724683,9.129497879503695,imbalance
4539.532780455308,-0.8021911182962875,2.9190199111508988,9.812639466018323,imbalance
4544.505576034042,3.053262048964592,0.4894351258746658,10.640793881506974,imbalance
4549.523611998915,0.2407773177928462,-2.024449289048209,10.313115873652162,imbalance
4554.590677952012,-1.3391547958817624,-1.266970149073119,8.931688993026972,imbalance
4559.601384545283,-1.778765307266581,1.972676638592113,9.632574578615165,imbalance
4564.592024257171,3.2313071191848795,1.1974327450911988,10.61534709435423,imbalance
4569.516132960255,0.6376860481964007,-1.9977060217160965,10.609891214424158,imbalance
4574.528098335973,-1.1477091115118732,-1.5900564003676596,8.616642259899724,imbalance
4579.47596134182,-2.152010929526289,1.4559117478154442,9.690595980802373,imbalance
4584.5524257811785,2.305748450918814,2.145294786770368,10.226390323502288,imbalance
4589.552542334386,1.0984934832418345,-2.36749957251085,10.532111478565374,imbalance
4594.497759834213,-0.7565763633556557,-1.7154907743910388,9.140023859659122,imbalance
4599.560665934038,-2.248319891025759,0.9063381623100876,9.038350334528555,imbalance
4604.5661208096335,1.9069479917540173,2.6432930868579785,10.382295610199543,imbalance
4609.664341241057,1.6812028275930726,-1.601864690103065,10.75336588181236,imbalance
4614.622447182805,-1.1208673649619545,-1.8097911759795968,9.51767840095743,imbalance
4619.514039471554,-2.284581638039653,0.0353385758025696,8.9440211136425,imbalance
4624.426676235351,0.5279189334216046,3.13744407600921,10.029012521939867,imbalance
4629.286124190604,2.869570886337016,-0.811047575174666,10.870793493348147,imbalance
4634.193369251382,-0.0451703977618815,-2.13518860642834,9.996815169406384,imbalance
4639.240409088923,-2.389656352587866,-0.8931359916158482,8.971394641576662,imbalance
4644.228673328089,-0.4084858868635964,2.9461972591173238,9.768228668783664,imbalance
4649.24602864131,2.9370287759144698,-0.3289068532699417,10.609152390632037,imbalance
4654.182660148754,0.0526279436557752,-1.988460059985308,9.805267485579122,imbalance
4659.230634454542,-1.8018908318367648,-1.2966524149922036,8.782716719885679,imbalance
4664.286312361413,-1.3824655666296422,2.882919689925388,9.852524329372232,imbalance
4669.27991466045,3.2831179212946418,0.9179790196731,10.49094293614054,imbalance
4674.320635001377,0.4255935532692177,-2.260910135745064,10.086601762517164,imbalance
4679.240057647123,-1.4988552383292468,-1.7990211160279497,8.814990212688738,imbalance
4684.25170276892,-1.9145965260054416,1.9328216204370985,8.986318950533535,imbalance
4689.184461914813,2.892888132634079,1.7385754077107225,10.399499471866584,imbalance
4694.116063097164,1.060718392993814,-1.945364393317516,10.541813334569074,imbalance
4699.041998974843,-0.8996367660527596,-1.15541264812213,9.418220553137749,imbalance
4704.047015639906,-2.7892244622583635,1.0775096188788509,9.181854406915583,imbalance
4709.063827309713,2.2697359569357296,2.970459259334382,10.253136150623844,imbalance
4714.087646848402,1.6568387203229242,-2.099094892540322,10.346832491939866,imbalance
4719.049852945031,-0.7982373085007001,-1.417971780442379,9.91754893192282,imbalance
4724.037564067645,-2.5968503559790626,0.4702906824295045,9.1066858612502,imbalance
4728.996473659956,1.2302539737130536,3.131648107638647,9.854288665758611,imbalance
4733.998018264769,2.565508289079263,-1.31934294368711,10.63731407529437,imbalance
4738.893424392908,-0.3530182643557778,-1.9620699473444607,9.608302441389595,imbalance
4743.924909628505,-2.093057960283881,-0.1219474623241382,8.794844946473155,imbalance
4748.869278664787,-0.4103081784929834,2.7657129467057127,9.712109534469278,imbalance
4753.803503801424,2.6688203478035946,-0.3391215781952421,10.572220907592117,imbalance
4758.76072071614,-0.0145953262022504,-2.11070026308588,10.06649576315755,imbalance
4763.708230790186,-2.1410472081030814,-0.9332412727313107,8.957388461795531,imbalance
4768.704007629603,-1.3721051796334032,2.918426474963991,9.33113565220524,imbalance
4773.721318701669,3.141998986196869,0.3213367674040508,10.677524467408452,imbalance
4778.779270192023,0.244359254702751,-1.9992259932608576,10.30782379650748,imbalance
4783.732796130887,-1.5375873103487647,-1.0322808469975906,9.072242427765389,imbalance
4788.709938200418,-1.7289332457693938,2.1433556982111166,9.489977635401605,imbalance
4793.705569253028,2.535666565754252,1.3867798627040158,10.58926324561803,imbalance
4798.679410218157,0.9620174743949738,-1.9223063575883728,10.375296745399462,imbalance
4803.726619100133,-1.1501478916477883,-1.0263796918538817,9.171214952417111,imbalance
4808.755571834702,-2.1287484932049825,1.7671346160953496,9.075344318626174,imbalance
4813.642688931484,1.787499633111339,1.920078995710975,10.515921323876444,imbalance
4818.669485252607,1.334344284123959,-1.7978355438944107,10.63689092853646,imbalance
4823.665128037489,-0.9716930208316046,-1.4819687865731166,9.084278109983687,imbalance
4828.693118374121,-2.884184764027384,0.7366644047183776,8.818483076221902,imbalance
4833.658750193081,1.508044621706342,2.910624772707171,10.255007390584671,imbalance
4838.7380713610855,1.905548943385732,-1.7790948365119332,10.484533707902028,imbalance
4843.723588328583,-0.6915599633929447,-1.8056096480960744,9.220727801302386,imbalance
4848.801609761332,-2.68460572865524,0.1896825141880077,9.05735915892206,imbalance
4853.712745828908,0.5355950389952588,2.9799207872293194,10.124526469754167,imbalance
4858.715072365992,2.647866541331664,-1.3405425421091184,10.316187381679306,imbalance
4863.792822520628,-0.2130254384348672,-1.9576584533522403,10.018170146223024,imbalance
4868.805750033459,-2.4287231931723574,-0.4921607680526158,9.307123566685718,imbalance
4873.837537352578,-0.0857593192574426,3.3195341764991646,10.003747228327844,imbalance
4878.904533870285,2.9483363323500718,-0.7330908286026901,10.937424086505674,imbalance
4883.869597554014,-0.5321076606617319,-1.9966751435017815,9.942581836633906,imbalance
4888.861065916895,-2.1462132864803136,-0.9587483774576556,8.869385132624934,imbalance
4893.835434537991,-1.2547540087471512,2.695768137177324,9.562022211881752,imbalance
4898.682346243727,3.490401960459838,0.2712407059249092,10.623700843107056,imbalance
4903.602123463351,0.3407300454316604,-2.0956316770708336,10.263292205088495,imbalance
4908.597266619897,-1.5950687749534604,-1.1424164844595746,9.16153465479836,imbalance
4913.532402628377,-1.8680280684392572,1.8811570651672247,9.308650532385082,imbalance
4918.522487271452,2.753623540386154,1.520715763193909,10.042868845337455,imbalance
4923.629382829279,0.8842870206177943,-1.883982068249454,10.46705315286678,imbalance
4928.619135971761,-1.527017621379131,-1.2793644509251598,9.09429141916608,imbalance
4933.598502296766,-2.579526429702451,1.4878240249309855,9.537933852531008,imbalance
4938.565850548665,2.499364574741409,2.165093029858322,10.3452763314576,imbalance
4943.456646620147,1.8581880451394317,-1.9474609869125548,10.327045392758238,imbalance
4948.385649913958,-0.8178080986930446,-1.6716818776333042,9.14904443406987,imbalance
4953.446000673164,-2.75494720955518,0.3377619928228117,8.926937620308886,imbalance
4958.383108810594,1.3707093064079758,3.0966856654555777,10.373412832916886,imbalance
4963.456599611451,2.420629006298814,-1.5895019352937274,10.47982729357187,imbalance
4968.495760434342,-0.4392634399117702,-1.6546779537557874,9.88562947677102,imbalance
4973.513525172997,-2.6056227419767253,-0.0488484784588462,8.84203232318906,imbalance
4978.5108102231325,0.5617144490003126,3.191029058576691,10.313368236958992,imbalance
4983.570795649831,2.611817359241268,-1.0121297364011606,10.500342841001958,imbalance
4988.602630904678,0.0014022405127384,-2.013156630037216,9.854655458598533,imbalance
4993.620234498475,-2.406009709662825,-0.7128867227982714,9.060150505121555,imbalance
4998.590293441155,-0.5906310668888964,2.8957777079822344,10.043136771015469,imbalance
5003.652914148616,2.853567370763957,-0.4777166600253782,10.30145022260198,imbalance
5008.660151489133,-0.1734279700059939,-2.3259729769049104,9.728634071020744,imbalance
5013.700410845958,-1.5576231873286224,-1.454915241195944,9.09949293669885,imbalance
5018.768882767146,-1.0779787166521624,2.9593951201418416,9.426392170696886,imbalance
5023.696800499895,2.7577685459112926,0.5431241732170327,10.477945763691174,imbalance
5028.721850528144,0.3844933574192696,-1.9088829559866631,10.34906983346703,imbalance
5033.702623861156,-1.3289545805643923,-1.3495667204424646,9.45214228489258,imbalance
5038.769569045728,-2.1484008877228224,2.216473420722994,9.4556151167524,imbalance
5043.786529475335,2.920121096083941,1.0407399001059925,10.31327497635311,imbalance
5048.766082799758,0.6446179633755678,-1.940995043180929,10.293297098979618,imbalance
5053.81823256923,-1.2260588867404014,-1.5326398015075184,9.139640654730725,imbalance
5058.8327352844335,-1.9911234345042856,2.006201429164759,9.418485388460605,imbalance
5063.739630266853,2.5483434098576727,2.3053029087335144,10.578493563382828,imbalance
5068.724293561119,1.5342756721283128,-2.0002427605551527,10.119816402073894,imbalance
5073.74273079896,-1.0690597340761647,-1.57362731622696,9.358029253181517,imbalance
5078.692069235429,-2.278575285287263,0.94084683420481,8.949631599663663,imbalance
5083.695814472375,1.728750411632323,3.07262271529988,10.541805348627792,imbalance
5088.770884041365,2.2893367066193866,-1.7841188361113016,10.59122503112843,imbalance
5093.793564508658,-0.562989245975182,-1.8044119749825047,9.551742527718435,imbalance
5098.840774694997,-2.423955898351498,0.4292060304479819,9.035452253433258,imbalance
5103.920068392423,0.937411988320542,3.1755458845371125,9.989234755389266,imbalance
5108.887603340745,2.474617974180344,-1.1819229099452966,11.018251533701672,imbalance
5113.913362631414,-0.5369638048628398,-1.931771643615988,9.217785278676992,imbalance
5118.852678995,-2.3096958041170668,-0.6037773274795163,8.90625288960852,imbalance
5123.882656451654,-0.181155035573686,3.350947908541562,10.007155163938409,imbalance
5128.936031878314,2.481042694241114,-0.4798832904645093,10.633435612844782,imbalance
5133.902074166887,-0.1178759191314331,-1.9526987175057684,10.14148177289937,imbalance
5138.882534728358,-2.181586612001279,-0.6922454030146251,8.9202043665822,imbalance
5143.812082876839,-1.0391694868061736,3.1944183809496485,9.334177847843131,imbalance
5148.852114390642,2.538020741767826,0.4205642586163095,10.94760962235573,imbalance
5153.817988972354,0.1709147546772322,-2.199936748125912,10.287890620745236,imbalance
5158.902243813788,-1.80267147391875,-1.4514010746617667,8.935207011676537,imbalance
5163.901601967047,-1.828275687490472,2.601442644078467,9.337168674914896,imbalance
5168.929156158894,2.90110572727388,0.959904447360468,10.564531398832813,imbalance
5173.957976747994,0.7642778220695332,-2.3046518428111016,10.326491438183778,imbalance
5179.044161510269,-1.00503247078188,-1.0381152661346853,9.197022024360392,imbalance
5184.091257717757,-2.142881648605464,1.8684414739215425,9.60942172828907,imbalance
5189.11200673136,2.633799757386579,1.6613065577426367,10.244657072263069,imbalance
5194.115344228233,0.8702774517059668,-2.1740936571741334,10.104122845315253,imbalance
5199.16716463133,-1.2119341318757415,-1.52131065471469,9.050281107976613,imbalance
5204.133937543976,-2.7142488006113163,1.3421230085536242,9.102824591472862,imbalance
5209.069451936151,1.9421553643265927,2.4919578507035505,10.469566501346566,imbalance
5214.151124581471,1.5624984267996485,-1.588680931694971,10.602251415025222,imbalance
5219.151116817034,-0.6595896749628755,-1.1897770512193226,9.429269068156868,imbalance
5224.205315558951,-2.4319672379680277,0.7734748526711083,8.735815009932404,imbalance
5229.128575514904,1.3145050711092303,3.080566463322425,9.996301611745931,imbalance
5234.208162390852,2.009074388543708,-1.4678565825574952,10.704516855611796,imbalance
5239.1359299290525,-0.3626313295446733,-1.6261028571296878,9.302287784472307,imbalance
5244.103730209101,-2.2367939661014784,0.0977779475002624,8.823992214114195,imbalance
5249.176518361384,0.5752447914191612,3.304816867274402,10.128687576444642,imbalance
5254.20350035581,2.754410106549139,-0.4871339906847054,10.631562197208284,imbalance
5259.202091816863,-0.4007031935615713,-1.5673798606469382,10.0175127521833,imbalance
5264.212826272619,-2.3234174188736154,-0.9290611707575372,8.876483529811702,imbalance
5269.25164667831,-1.060929760197955,3.0898640019259997,9.616635636549429,imbalance
5274.322104063775,2.610055555598332,-0.0071445190271904,10.432899854158096,imbalance
5279.274766924102,0.0577973168814878,-1.595996582207337,9.712901414869824,imbalance
5284.216489774367,-2.1606984223016954,-1.127762433423731,8.918834819995107,imbalance
5289.213191110958,-1.4014207544798205,2.7024230916211787,9.258005815777054,imbalance
5294.2517548032765,3.3936801931821003,0.9775834290672208,10.392927213556554,imbalance
5299.20666137624,0.3224585980777011,-1.7834840089643365,9.897591196437414,imbalance
5304.254557714395,-1.4441341396658296,-1.478126425380592,9.126999233056871,imbalance
5309.320355237266,-2.042002773101565,2.0086346942828843,9.45437376865232,imbalance
5314.391505559785,2.3083805435223512,1.43153656063239,10.862456910486376,imbalance
5319.372928446976,0.7433062249199804,-1.960201721965058,10.232247128042284,imbalance
5324.394853420033,-1.3992409944548752,-1.5549382664146376,9.172375762862456,imbalance
5329.423590233336,-2.567084693958607,1.4426129130456389,9.573064763211786,imbalance
5334.406184540748,2.209204652453525,2.6508713427950035,10.22502162392344,imbalance
5339.428180018758,1.1617418362313665,-1.7914317977308745,10.72425757521478,imbalance
5344.421010886161,-0.9190929548212392,-1.4973378218032636,9.151453601152138,imbalance
5349.445823811452,-2.6358202471453103,0.9926869170911364,8.739006491286293,imbalance
5354.481331426592,1.2747037371588048,2.7266622036330466,10.071324724567638,imbalance
5359.513765966998,1.8768320041367457,-1.8604944535117467,10.657933817547674,imbalance
5364.509452655102,-0.3533849012551709,-1.499644568067419,9.177330995922166,imbalance
5369.437622802831,-2.4985124709965274,0.0572767393729565,8.73643369317903,imbalance
5374.348618867994,0.4209264396325762,3.4791674268964923,9.763300024062838,imbalance
5379.278888841232,2.879762018041581,-0.9050695126549316,10.910533485585256,imbalance
5384.246776713535,-0.426571097102267,-1.678568260712744,9.843633688351268,imbalance
5389.21230801622,-2.38917905614301,-1.0670266517484266,9.197667828985107,imbalance
5394.243952781952,-0.7217430964470921,2.902322425630076,9.89542381706421,imbalance
5399.268574354897,2.9386705755905598,-0.1321322609422751,10.631679809264591,imbalance
5404.331319634534,-0.1326112238759497,-1.8029798618989967,10.387782516269708,imbalance
5409.419584977592,-1.8392337212978669,-0.8743459543032548,8.926985231660698,imbalance
5414.298427827732,-1.5998713282655057,2.99155102017906,9.591853360440211,imbalance
5419.216941098564,3.0253077366512366,1.1398632741933143,10.812353927054208,imbalance
5424.231855297951,0.408882367578732,-2.278359980927348,10.19006013234397,imbalance
5429.299744585015,-1.432141096022987,-1.477237978286293,9.045245306241414,imbalance
5434.318062614925,-1.9923346375069344,2.021966662302987,9.56296864090711,imbalance
5439.399970555652,2.7088242614971474,1.613724989733328,10.571647111763935,imbalance
5444.3939162596425,0.7970568492610699,-2.09393034942209,10.138074025790374,imbalance
5449.437488807872,-1.252423530225857,-1.15706214821233,8.94124982294177,imbalance
5454.368173780039,-2.573624337303048,1.2276832723630116,9.091911400720289,imbalance
5459.461344970296,2.045501918637469,2.2704076644683155,10.203256585808328,imbalance
5464.5123908741925,1.558800472183829,-1.799377541325867,10.495426613562042,imbalance
5469.517771880419,-0.7252648473728295,-2.0296605718648246,9.176110024070336,imbalance
5474.4625924881175,-2.455270225076211,0.8524593727858437,8.647285031968403,imbalance
5479.494687520613,1.585558452432098,3.07433430616049,10.083931444029172,imbalance
5484.410620099491,2.028580538537774,-1.500152383623413,10.223309394842437,imbalance
5489.438690710011,-1.2161778985187377,-1.934035413091732,9.415930655736164,imbalance
5494.421068814186,-2.8522413355332024,0.1293169953241274,8.63549264211859,imbalance
5499.356641590822,0.3745613815912683,2.946438286819941,10.144192836780196,imbalance
5504.43776927375,2.7692163643740795,-1.0340954969626073,10.69819103996262,imbalance
5509.555546122183,-0.400263309368445,-1.7372984874901565,9.878649906649724,imbalance
5514.621892568356,-2.342330742190684,-0.5493332570317186,8.898601461890017,imbalance
5519.648065939184,0.1493719106403021,3.304174165337237,9.728947899098584,imbalance
5524.591159219332,2.596762915036257,-0.5731764311489943,10.458798853691205,imbalance
5529.598484816825,-0.0803767371612395,-2.2263598067880848,9.850575323761966,imbalance
5534.666374020088,-2.013930068939955,-1.2311035741329923,9.297596923443102,imbalance
5539.630333231977,-0.9038555435618492,2.6664542685035864,10.11280826612004,imbalance
5544.681086628538,3.111266428305817,0.4649931619319845,10.772902525158148,imbalance
5549.692882388835,0.1565194494165087,-1.6883233855000068,10.111973931702876,imbalance
5554.723150210144,-1.577587171245949,-0.813827433085243,8.904510593594892,imbalance
5559.773464746039,-1.92862926027342,2.2075579469597706,9.411477940264506,imbalance
5564.787124949405,2.9728185683600463,0.830221623199535,10.71949507020424,imbalance
5569.851932062725,0.8364594072389281,-2.008497124137666,9.699312231960803,imbalance
5574.806147585463,-1.465341729113648,-1.595182130806769,9.422828599645763,imbalance
5579.8827646558175,-2.11191411507962,1.975054504841317,9.123218028120656,imbalance
5584.952619256235,2.7657685890405026,1.6165337632660837,10.729257751311971,imbalance
5589.9744075342605,0.967975006397839,-2.197287967547512,10.710795075156362,imbalance
5594.978976791921,-0.9404220106499313,-1.52589699528825,9.043031852815842,imbalance
5599.995560927428,-2.376883605930815,1.5220005790079958,9.232653370578376,imbalance
5605.04935456538,2.3740815402815705,2.335976227659431,10.225988461843931,imbalance
5610.002285150731,1.4414587539749524,-2.078737160780997,10.33687103764257,imbalance
5615.032764020842,-1.2368705867223018,-1.6967562974797126,9.432427836804706,imbalance
5620.097406227681,-2.339868615441491,0.8580717945103202,8.98252421178472,imbalance
5625.089130522029,1.453135841019315,2.8847256764117755,10.128997279653587,imbalance
5630.093085789727,1.998633228983404,-1.6612745925881662,10.70715239235462,imbalance
5635.043923295262,-1.0449381024569908,-2.011071466434097,9.729398070676485,imbalance
5640.079481313503,-2.504183478927715,-0.0596809551742618,8.867859122026964,imbalance
5644.980528766768,-0.0685758954879515,3.18083523077103,9.731930906855938,imbalance
5649.972872874994,2.642518269977385,-1.132847130942003,10.296203291764876,imbalance
5654.981711146225,-0.3790566728022363,-1.5752496707103816,9.97070059937391,imbalance
5660.027576836824,-2.27445299626907,-1.099388756486006,8.84438793786754,imbalance
5665.0836647313145,-0.682319563209654,3.076859761024917,9.764417579309027,imbalance
5670.072206083403,2.7016503426935627,-0.1864375581777048,10.541282438799216,imbalance
5675.085240217506,0.0481120684941541,-1.939692514892092,9.999089143419232,imbalance
5680.046614067849,-1.59837834214832,-1.010396131751924,8.748200147541178,imbalance
5685.1148384208855,-1.3518872206104515,2.437060711502477,9.306689672329584,imbalance
5690.117950715646,2.776232391813932,1.0433224597000128,10.557473747879186,imbalance
5695.217418643792,0.4801528665960044,-1.9159273599095208,9.802272761318097,imbalance
5700.220576700934,-1.5578290110074962,-1.0955164760948737,9.037182066746825,imbalance
5705.236260394885,-2.1723120686248336,1.843389066811365,9.159667007916893,imbalance
5710.240638571295,2.381973155269719,1.6263364380906578,10.735589773706565,imbalance
5715.235039925319,1.170954131116068,-1.936924873382446,10.520002847490677,imbalance
5720.222334145398,-1.3723037886006255,-1.41430627140022,9.38483627333014,imbalance
5725.13756841561,-2.0547966550343078,1.3155888969087006,9.186274469189897,imbalance
5730.134855059639,2.1438091079502373,2.1245370482592927,10.33826356112613,imbalance
5735.0211442137725,1.397725442885441,-2.0358869136721243,10.513436052624442,imbalance
5740.060580545399,-0.6825108495312684,-1.8069013078566023,9.386705703648298,imbalance
5744.991927105841,-2.627976533422591,0.7855195221164067,8.929408754295903,imbalance
5749.984279119676,1.580953016880606,2.675384211316971,10.107384316402374,imbalance
5755.021436466427,2.3336974747069408,-1.6074481708432873,10.876815185137335,imbalance
5760.074181813619,-0.6181422042264723,-1.3537950636007443,9.37450072877022,imbalance
5765.106478256024,-2.6388155870810155,0.0040237112866315,8.863784120189175,imbalance
5770.113399762869,0.464253906405962,3.4715782955545484,9.991011939629864,imbalance
5775.214532161584,2.7143216614953483,-1.1720226824934987,10.913964167316168,imbalance
5780.23335545469,-0.4125222302528764,-1.8101905997677228,9.785192210766606,imbalance
5785.257500794876,-2.083857006802017,-0.5318229981320242,8.766345569854835,imbalance
5790.267615259123,-0.6018139032990515,2.9807776931041614,9.912893188948749,imbalance
5795.255111886982,2.964398743363912,-0.5312639191075461,10.331741960336643,imbalance
5800.362042759887,0.097431507951302,-1.598401715531962,10.040863033752114,imbalance
5805.363996984248,-2.16463533074039,-1.2681817012731758,8.54478799644311,imbalance
5810.411930518841,-1.0311239198241902,2.639177717850412,9.618360349896763,imbalance
5815.494827578631,2.9266297966122803,0.1907650065516081,10.804964843890376,imbalance
5820.576686752887,0.153133048219687,-1.8685829578452275,10.416815442216684,imbalance
5825.523083735418,-1.6563871720084953,-1.4380243011152734,8.995499655478357,imbalance
5830.55847180558,-1.6325251833664054,2.555114141297264,9.429285634302982,imbalance
5835.575166196104,2.969019838375497,1.035594519348619,10.375141573568625,imbalance
5840.603250477502,0.6146978965084322,-2.081107734085675,10.21210220371542,imbalance
5845.604646580395,-1.2815075036607173,-1.401512766990573,8.821383139358055,imbalance
5850.566216965838,-2.3390038917702043,1.4395244941960958,9.238460674504642,imbalance
5855.591154899426,2.448845978829583,2.2217983724470827,10.285897703760751,imbalance
5860.503103869123,1.416712622301309,-2.288585227417859,10.182794432306247,imbalance
5865.52080498815,-1.0863494676576526,-1.4861419673649716,9.090120284990522,imbalance
5870.526352802259,-2.6768544274276724,1.039842005616392,9.19324734433371,imbalance
5875.492495341887,1.864943214837852,2.632447491057056,10.01002551807828,imbalance
5880.428296863445,1.8025816130608387,-1.84008444378894,10.564090998459434,imbalance
5885.479998505922,-0.6302117575549658,-1.9781527800935812,9.379991960958856,imbalance
5890.4310629951815,-2.5122654906998583,0.162738636128133,8.87006385676773,imbalance
5895.381470889004,0.8392903913678188,3.29030817938208,10.249233136784795,imbalance
5900.390290190734,2.3072500967108818,-1.338347193298293,10.761248182012222,imbalance
5905.398838952922,-0.7667418116140401,-1.7025325965973557,9.843893462447411,imbalance
5910.425529542138,-2.7184556945661926,-0.5888695131418078,8.983611706944309,imbalance
5915.406456353846,-0.0629896861987843,3.0851435548005863,9.767289882490326,imbalance
5920.367927821022,2.986294743277063,-0.7489335895622453,10.539839473481804,imbalance
5925.368641394287,-0.2024068481433916,-1.97167347925766,9.958998637857992,imbalance
5930.378829311235,-1.6704159272460395,-0.980409084016246,8.88242358479368,imbalance
5935.2940453608935,-1.312239095915668,3.019387023882854,9.71124528976364,imbalance
5940.248916057493,2.8262244330918347,0.2267359553599174,10.522623368878577,imbalance
5945.265513954911,0.4531664507702438,-1.665749962002596,10.088156948419275,imbalance
5950.221527960223,-1.4533074047261592,-1.3043280487285092,8.728118142054939,imbalance
5955.274296274434,-2.3540473040030507,2.061033384492456,9.149683731036328,imbalance
5960.346210598043,3.3103019350424367,1.6025164150249287,10.513737246281766,imbalance
5965.400175910994,1.1324835761808998,-2.1961536897615908,10.417517866008264,imbalance
5970.411776096184,-1.1825637136277922,-1.483715103124308,8.985299926358978,imbalance
5975.389711416829,-2.1801920094589446,1.3254160178974228,9.277396703377017,imbalance
5980.241811375761,2.2914948992993813,2.1665374874359973,10.4608967160732,imbalance
5985.281809807067,1.3076878954614473,-2.133829017095988,10.718828221065488,imbalance
5990.24028675976,-0.638368318262507,-1.109687752591176,9.415827288646494,imbalance
5995.249629935071,-2.872364980677633,0.9540385981599572,9.185208000204945,imbalance
6000.209579044127,1.3957544886209374,3.059403611819144,10.104770278187504,imbalance
6005.205683025342,1.623140811059886,-1.382564006485643,10.737720014728334,imbalance
6010.196503072455,-1.1318922584453328,-1.927943103975192,9.272498492243349,imbalance
6015.190674013164,-2.3146937706648267,-0.0310667972115357,8.975405003492982,imbalance
6020.132404254553,0.2289425033139928,3.203540641994425,10.040395125106892,imbalance
6025.063743526017,2.376761057513035,-1.121070319010689,10.375467152490945,imbalance
6030.008880599298,-0.3716803377137668,-1.6933315992510891,10.004658605380572,imbalance
6034.972131332308,-1.8277904736158892,-0.7429713764274476,8.906524823602362,imbalance
6040.000978261896,-0.8913073846570112,3.139671636225108,9.536482300893198,imbalance
6044.967330843761,3.070693612792045,0.2103941301799244,10.484335090468017,imbalance
6049.993278889478,0.0282700715475602,-1.6967170295087268,10.196979898860487,imbalance
6055.006266578411,-1.55465979874166,-1.001534448026304,9.150695079818991,imbalance
6060.021710868384,-1.435584401402075,2.675396760219996,9.433135029876494,imbalance
6064.98572226327,2.98081528635192,0.5840560066452071,10.283150287516948,imbalance
6069.982221033901,0.7205791668275141,-2.0909056265228747,10.076115763591869,imbalance
6075.022544598201,-1.4526004717290992,-1.661326872396637,8.902524227153153,imbalance
6080.083718390967,-2.347114333737621,2.0322041106189954,9.074724505935164,imbalance
6084.971878418117,2.5202335210433304,1.856073308532121,10.70536229352818,imbalance
6089.93479911233,1.100892836212738,-2.230957634704112,10.537994099105813,imbalance
6094.910416892187,-0.7352550847296193,-1.5095463411922752,9.398206623134683,imbalance
6099.922748152786,-1.8241938589587343,1.1046387122785797,9.404134060267005,imbalance
6104.8383810741725,1.919833606626473,2.619121949626824,10.06942186255566,imbalance
6109.798058657494,1.651101857850156,-1.8437410016607385,9.98185066800282,imbalance
6114.71638454864,-0.3401635433698829,-1.5721110490852936,9.552679589663018,imbalance
6119.729959182124,-2.401785911175345,-0.0027451688573992,9.2626243928167,imbalance
6124.836302260947,1.1047577497297267,2.9812079718766027,10.384234073973944,imbalance
6129.976165781318,2.072586603496817,-1.7707029109711705,10.768270176644046,imbalance
6134.933882770641,-0.7726000930365127,-2.123558034748372,9.51613755728029,imbalance
6139.914901668128,-2.4004177017945585,0.1728175897057031,9.044750870561195,imbalance
6144.95991673406,0.3653995381367118,2.9661994326049714,10.025262890158574,imbalance
6149.964480216483,2.706706830458736,-0.7690965247926895,10.668922609940454,imbalance
6154.988911314457,-0.3204901120200503,-2.109773542208693,9.82599800128868,imbalance
6160.014322460185,-2.460771070569167,-0.9129591628910032,8.68853717137372,imbalance
6165.039191055139,-0.59171934654237,2.832465715572587,9.651411880350077,imbalance
6170.107788464302,2.573489120871265,-0.0902845399233939,10.898493714276144,imbalance
6175.033170873071,0.0977912515217089,-1.7465120638663372,10.108473167895404,imbalance
6180.01594867227,-1.8711680581680707,-0.8553435334497546,8.965556161205129,imbalance
6184.94329966347,-1.9506099006951825,2.7635079293574463,9.152559464594356,imbalance
6189.928550169329,3.119714744145045,0.919996932122534,10.639172139667792,imbalance
6194.919688138808,0.3311475927028621,-2.381205219080911,10.692884898017324,imbalance
6199.999966762719,-1.4389424262836454,-1.3436000670389194,9.301408236775432,imbalance
6204.981536178107,-2.498242813425762,2.1231836320808566,9.187115262132137,imbalance
6210.043723925013,2.592785367777517,1.7559188638584782,10.559374123279827,imbalance
6215.022791831618,1.2378286749808356,-2.0690900015567184,10.81366905154898,imbalance
6219.98189631087,-0.7632146248540486,-1.4512418813108745,9.439853332066074,imbalance
6224.990053704291,-2.178656506220981,1.111455075155953,9.199839840106224,imbalance
6229.967147259264,1.9285294322004831,2.6464135392737003,10.598249198022508,imbalance
6234.966775826218,1.6558558949889668,-1.6706674921109197,10.453407310313883,imbalance
6239.98343109437,-0.4388522239911266,-1.4963867106640425,9.113202748139855,imbalance
6245.029083044104,-2.795871165468258,0.8966562418094555,8.731990761466083,imbalance
6250.027524655402,1.0441796850404184,2.688590092624682,10.183127955524204,imbalance
6255.106468939385,1.839323888753845,-1.698706430126858,10.969940390622671,imbalance
6260.09435073157,0.1121600643863338,-1.6535547853307366,9.639116945441346,imbalance
6265.041923202643,-2.684125488597476,-0.4499172107798814,8.621287131286524,imbalance
6270.039195305101,0.2115363970223259,3.2768946565742088,10.39947537823444,imbalance
6274.992058882111,2.62096098611142,-1.200640216634047,10.577522831686128,imbalance
6279.978965904797,-0.1996585070937221,-1.83779370259438,9.9069733281075,imbalance
6285.043896397042,-2.052619025104944,-0.3570218135263821,8.620056846777215,imbalance
6289.958949823749,-0.6280305551324068,2.659778396111021,9.582685737977195,imbalance
6294.8681609434525,3.3377265693880904,0.0477177323325379,10.69435597404494,imbalance
6299.894394195944,0.4751859575259308,-1.893848890391428,10.295025990351434,imbalance
6304.820267877328,-1.725244698898529,-1.030070089680278,9.045916740940989,imbalance
6309.916356039424,-1.8237643183146,2.5494550646702927,9.401466363544827,imbalance
6314.907086266117,3.2394251598933588,0.9746759858142956,10.523273079142571,imbalance
6319.912780548391,0.5731072892232811,-2.2138090921346847,10.258617451677008,imbalance
6324.947901410611,-1.1831138655306104,-1.540486754155523,8.842277704771131,imbalance
6329.932141230974,-2.251200437254337,2.083780616364189,9.305568469142388,imbalance
6334.91075688723,2.8244718233811583,1.7008474434851792,10.75865348405209,imbalance
6339.856767236169,1.201401101542578,-1.98740101619288,10.581153302368676,imbalance
6344.9056560134695,-0.934001536134367,-1.4251435694794203,9.028236472849386,imbalance
6349.924255675098,-2.7882665647254026,1.1901091796750998,9.463715086730376,imbalance
6354.939553043492,2.238519499730888,2.12555088672544,10.065109445339376,imbalance
6359.938800046482,1.5628622965554844,-1.559371421818686,10.659659719486594,imbalance
6364.899705733973,-0.9295711750166118,-1.9964778621123236,9.475690324794792,imbalance
6369.903050636365,-2.62012644547287,0.3304881804236353,9.342842182692744,imbalance
6374.847589302947,0.950569321588052,3.238043848235596,9.96993083532414,imbalance
6379.869410192769,2.134120384394536,-1.4584279946344922,10.834959157494604,imbalance
6384.90494607386,-0.1603855443775683,-1.663464452730739,9.639680554679153,imbalance
6389.916085740879,-2.2221102324397703,-0.5669909286613741,8.800252582492826,imbalance
6394.88119273878,0.3786976694672851,3.458893477488794,9.547639553792951,imbalance
6399.89490710267,2.4236178682183374,-0.4626323769990209,10.713732518170316,imbalance
6404.843411994646,-0.2988447048203962,-2.019762444796793,9.640526503736227,imbalance
6409.768200858685,-2.343952751036685,-0.8017886734098044,8.589069132519908,imbalance
6414.853733237434,-0.3604136559431288,3.2215609270473,9.750917775360008,imbalance
6419.672331752859,3.0076512369220985,0.6290384063549612,10.41724310608466,imbalance
6424.709618217696,0.6080027816070348,-1.9064686095834296,10.51010887857142,imbalance
6429.662761179503,-1.3144710199213288,-1.0546597706033936,9.079358950180158,imbalance
6434.78766179772,-1.656878438923039,2.417581370809039,9.535573753914717,imbalance
6439.84239380793,2.8480994508420885,1.195024048565057,10.135881832980546,imbalance
6444.764804195485,0.7565042649915379,-2.5109311808295067,10.230901684040084,imbalance
6449.763534113051,-1.333054246332415,-1.3255741181322018,9.246278497824791,imbalance
6454.764611976711,-1.979178330116128,1.868796690249028,9.149334113108806,imbalance
6459.706241325827,2.571786170475333,1.942737419517232,10.40605233831658,imbalance
6464.741055414935,1.0236042331135546,-2.330982701712397,10.439442154103276,imbalance
6469.783138112642,-1.0505119123756856,-1.1512012729825567,8.926445557656317,imbalance
6474.797780153936,-2.5339768380751164,1.2532745115645787,8.905440893382815,imbalance
6479.743462211661,1.713456929028235,2.878965153046324,10.21263267634673,imbalance
6484.731975045082,1.9699156901570585,-1.727136355202024,10.710859753666576,imbalance
6489.680152130711,-0.8231609737842454,-1.5065243671570152,9.629500688374232,imbalance
6494.587579621925,-2.3895068619254203,-0.1184940248702665,9.34908617568002,imbalance
6499.570431623823,0.7708643908305316,2.92259011422086,9.966681246817975,imbalance
6504.547664529612,2.2366543525516898,-1.327727717517202,10.79381064086406,imbalance
6509.525168434662,-0.5662299796069142,-1.977642709131901,9.242461538260502,imbalance
6514.551446908395,-2.3125499006314434,-0.2821476213370881,8.780907214262415,imbalance
6519.541807416374,-0.6042745796238209,2.8831802205443147,9.76488444490792,imbalance
6524.443678660183,2.861444416549016,-0.1185707818958292,10.983423861706363,imbalance
6529.364036659443,-0.2698983274822024,-1.7693644206109918,9.829492261141764,imbalance
6534.40223512859,-1.694203908892025,-0.7868788039903418,9.121287698686832,imbalance
6539.359314201,-1.582618403624425,2.51073677411162,9.57557847614796,imbalance
6544.301059321668,3.1144546197182748,0.7989835184466565,10.583390112522066,imbalance
6549.310893649704,0.2287357400593744,-2.127114522824275,10.293701662154852,imbalance
6554.307193375917,-1.198930834509736,-1.145117802731934,8.965281108038964,imbalance
6559.398194400685,-2.30471290656393,2.029863471798888,9.526480770037464,imbalance
6564.45633781963,2.558232826657555,1.4752678466215183,10.232903951615638,imbalance
6569.471103836634,0.6981223331277536,-2.0333201498559763,10.239786429767609,imbalance
6574.477669791454,-0.6376078597303021,-1.4325467990615175,9.17510655510524,imbalance
6579.531216922261,-2.282135909303205,1.342306742626949,8.703844733341748,imbalance
6584.550746843936,2.2629956273034955,2.1626087581092004,10.31618201993756,imbalance
6589.593852513761,1.2060796403013176,-2.375029679041492,10.246061029822249,imbalance
6594.565218248482,-1.014009513108096,-1.5224320065433088,9.06876075048973,imbalance
6599.561171671031,-2.7243793183524248,0.5993905447563539,8.919720173574339,imbalance
6604.538151990159,1.976085098779627,3.054859710198957,10.117390589934177,imbalance
6609.493806012093,2.1166325603418645,-1.6529695800075006,10.548722225788982,imbalance
6614.463433506799,-0.7264784841260943,-1.9051684141276333,9.486591822738813,imbalance
6619.483725341952,-3.203505813986333,-0.3594018738081588,8.890811832259025,imbalance
6624.486378852164,0.7043542600295261,2.756160414634664,10.27123981825122,imbalance
6629.4702638346325,2.3052621034014558,-0.9585389052655132,10.674132023720928,imbalance
6634.4272974301375,-0.4110971816344369,-1.6732180937119985,9.569070188626805,imbalance
6639.465196646736,-2.3035607514558647,-0.3907963541184173,8.709523559425541,imbalance
6644.4740262565765,-0.4888559640366519,3.3882313214859816,9.668927195037964,imbalance
6649.537766863717,2.651485607140672,-0.5831575956027089,10.638298952056802,imbalance
6654.566299556834,0.2506940806961401,-2.305514328100004,9.899538571138104,imbalance
6659.620547159241,-1.8896283500103963,-0.7969023793512584,8.831511570854843,imbalance
6664.632247786899,-0.8607308290615984,2.986919327486047,9.81263896872073,imbalance
6669.474593959331,3.4700547237651618,0.511588704329472,10.5720808030506,imbalance
6674.484526171608,0.3424766973822516,-2.491930682775957,10.023167823755552,imbalance
6679.564854869297,-1.6946174548214623,-1.0434821201945377,9.48749807079686,imbalance
6684.618169510655,-1.793342223197871,2.5365912905779604,9.354817466233772,imbalance
6689.607212419896,2.647733535268246,1.396031324830968,10.691669763545155,imbalance
6694.59783490294,1.1898133396282171,-1.9716490946404968,10.43065830626653,imbalance
6699.604075506575,-1.265262547358956,-1.407257801190509,9.339596614972034,imbalance
6704.555961587759,-2.351130956556028,1.659585332259335,8.920836220036136,imbalance
6709.586592089385,2.3419742528496434,2.1477627285526344,10.254945132274946,imbalance
6714.561995588565,1.2965243337847552,-1.8399725900288368,10.71968147544217,imbalance
6719.592089033887,-1.0613366214787177,-1.6549905048350102,9.22384457075648,imbalance
6724.576636444618,-2.383843760147733,0.8417381641227321,9.274509195853572,imbalance
6729.425663942713,1.3191642498775764,2.7107476551093987,10.3493195315623,imbalance
6734.467407230975,1.9918094626588136,-1.4884673560426385,10.594333791637354,imbalance
6739.515475438683,-0.6239287773457814,-1.6728144741202529,9.581004341693996,imbalance
6744.540550111629,-2.0408112577887745,0.222305120350827,8.793015734397457,imbalance
6749.519767878104,0.8240066357086341,3.375313609167967,10.356201027337171,imbalance
6754.516812776355,2.5903930842941283,-1.2432824187657152,10.442587496848656,imbalance
6759.529065541313,-0.1774057981770756,-1.8516672234180287,9.633453649934015,imbalance
6764.577374563926,-2.2329912004677444,-0.5347591763495607,8.975314212103847,imbalance
6769.542690114852,-0.1181213624701489,3.129992856505149,10.105950830013343,imbalance
6774.627135555314,2.9954326394811144,-0.5471028495666861,10.997581266595898,imbalance
6779.644777010502,-0.0113409426961197,-1.168710757159518,9.982116688746013,imbalance
6784.712003245826,-1.767446102367525,-0.8914489554387567,8.949865791842356,imbalance
6789.699930480338,-0.8512955340816901,2.578451464548262,9.50386121079526,imbalance
6794.707939267665,3.342579329072568,0.1202604386647592,10.625778317701975,imbalance
6799.701067289023,0.3340435852757339,-2.084431893132334,10.449845990438927,imbalance
6804.751295527958,-1.463186050011964,-1.133697859339175,8.746107285533482,imbalance
6809.782173692326,-1.5667131495254851,2.573451221972898,9.50684744101162,imbalance
6814.755548344356,2.8123855321445594,1.3301017792182384,10.371215756015234,imbalance
6819.788214025098,0.7437633662238606,-1.7416230766066163,9.805366971946494,imbalance
6824.7954017914935,-1.2091815685281364,-2.0722476984374616,8.869016018441696,imbalance
6829.7752496014855,-2.3527180970742343,1.8765722068268544,8.955576424898913,imbalance
6834.789013702908,2.3770885106125745,1.874608875998327,10.518952758329943,imbalance
6839.900418122586,1.10454127615208,-2.1927051501961965,10.494143289722384,imbalance
6844.908918665247,-0.7790338050827452,-1.3703856815958813,9.332172701042326,imbalance
6849.898652102789,-2.245861746646077,1.1573364181263308,8.951803331100441,imbalance
6854.944803505735,2.04184245521338,2.6595929821315862,10.22538135658214,imbalance
6859.942113488569,1.3370610987399356,-1.9297556986811424,10.498109827851,imbalance
6864.980906951262,-0.7891627824693827,-1.6565194714710738,9.503207309354131,imbalance
6869.941319033397,-2.8878031461319096,0.9429791975687768,8.989429328744052,imbalance
6875.04459964563,1.1549423227560407,3.170873092241305,10.180395674650724,imbalance
6880.046435378493,2.086358674078754,-1.2964201404518496,10.594686070461051,imbalance
6885.022143115123,-0.1438959819970861,-1.9192302932993703,9.598289854664626,imbalance
6890.05421684576,-2.293439173359542,-0.2981429006818421,8.858068757445265,imbalance
6895.06440919568,0.4629423962440123,3.099641124333236,9.951390879459034,imbalance
6900.030610629417,2.6424185563091607,-0.9781347906343224,10.610360807785842,imbalance
6905.004272070144,-0.2845621282535608,-1.4852782123318482,9.827800729440968,imbalance
6909.997260929233,-2.3811567395582203,-0.9947893942367771,8.79554551768779,imbalance
6914.963302415232,-0.6183559600431199,3.0262073128083915,9.347614156527646,imbalance
6919.900350432473,2.995859048569694,0.2549353085473471,10.55561889699632,imbalance
6924.932280981452,0.2086383572471145,-1.6109816109343522,9.841956037678186,imbalance
6929.937816757431,-2.169131495133338,-1.2028322921928951,9.316798210107214,imbalance
6934.975695796891,-1.3825037674407636,2.6104014311144814,9.65618442679757,imbalance
6940.053806254915,2.9168581526704256,0.9216132830579722,10.701537042972596,imbalance
6945.150332195154,0.4678484577220144,-1.943555500879273,10.4043550271042,imbalance
6950.146468920223,-1.6613319202369607,-1.2755266332493544,8.829899288821121,imbalance
6955.157039640236,-2.021641332212335,2.267141782067847,9.516831234966624,imbalance
6960.240939737276,2.625358232634593,1.23691801026435,10.836748859296964,imbalance
6965.238242445286,0.9612248479625636,-1.997672482268594,10.417831807738082,imbalance
6970.212161637882,-1.059141635546389,-1.3948993574479993,9.400862592403378,imbalance
6975.242532693566,-2.3482814224364588,1.5340121614376725,9.379822390958726,imbalance
6980.218754003587,1.7655790682843893,2.530309219950699,10.427107982814308,imbalance
6985.238798438943,1.522022964031579,-1.783369773659233,10.377668662460517,imbalance
6990.206455357674,-0.9528875412747208,-1.2257701509554215,9.60739733817461,imbalance
6995.232157683768,-3.104506842401595,0.6327979669217951,9.165979761788316,imbalance
7000.18527793626,1.3698859112403554,2.8836153060565626,10.378880082054128,imbalance
7005.203787894047,2.07326531655773,-1.7351439268448832,10.560900025673137,imbalance
7010.204721124354,-0.8120802698438634,-1.657050037336027,9.28471782405706,imbalance
7015.241305463804,-2.678206966742541,-0.1209533844806126,8.933638526755985,imbalance
7020.1997944555615,0.4062715055978352,3.2093552756236394,9.928353981519926,imbalance
7025.227544734437,2.7377574996087777,-0.8161794422628261,10.88177228559032,imbalance
7030.1929727766665,-0.3042563618832641,-2.0770762040310045,9.447927636405096,imbalance
7035.179754679389,-2.195949072322937,-0.550385351700112,9.049991186198874,imbalance
7040.140002685536,-0.7380257785215103,3.1866280059464867,9.571279484655284,imbalance
7045.087009329009,2.9230579813116138,-0.1273498295701283,10.392848934905157,imbalance
7050.093013699397,0.1133554217674461,-1.8802337493828272,10.2436431851899,imbalance
7055.076258978547,-1.649502011079096,-0.8892382111234798,8.723091928115242,imbalance
7060.00541484721,-1.667252280060587,2.894938367635331,9.285835820530492,imbalance
7064.956387732509,2.926421207792261,1.007021567082787,10.894139643928227,imbalance
7069.965630217712,0.6958528512724267,-2.057909955272028,10.2425932941518,imbalance
7074.865688483831,-1.4603401621833396,-1.4235604894739629,9.120432316341734,imbalance
7079.892878835824,-2.056844395265601,1.936758616753776,9.23686563635227,imbalance
7084.97770529737,2.702740118674496,1.9959547356826275,10.325254277179557,imbalance
7089.989610339409,1.1843816567520404,-2.122467236704731,10.22757074374816,imbalance
7094.905574047904,-0.6176796482939115,-1.4816716603073523,9.15904125303919,imbalance
7099.934515588475,-2.821945022554877,0.8648478399902793,9.20918794852714,imbalance
7104.92764482301,1.9974853444748524,2.7274886920027392,10.292834609452388,imbalance
7109.86744230336,1.6612700570804673,-1.9194105228607723,10.79067514015328,imbalance
7114.750072096516,-0.8912899438742585,-1.4759320783579468,9.48411178025984,imbalance
7119.812396324938,-2.664461390448969,0.4195189825649912,8.599129495752052,imbalance
7124.760829253409,0.5880428460434383,2.905202316830316,9.94076301062051,imbalance
7129.786858440503,2.315443979696447,-1.6711441745792155,10.659815667351316,imbalance
7134.872052505927,-0.5085373394131588,-1.507731008836577,9.613043739205644,imbalance
7139.827276304239,-2.495296102693966,-0.3390624897652517,9.044359688540949,imbalance
7144.833838687403,0.0041521729272218,3.3359089128326684,9.79708288517819,imbalance
7149.87626191136,2.3546165432631803,-0.7940442824667393,10.589360954334124,imbalance
7154.888558061485,-0.2013261904739168,-1.9241910966276616,9.493524733904517,imbalance
7159.922677277295,-2.184431451079468,-0.7412117662880499,8.787921590786004,imbalance
7164.990724969478,-0.7691688571348846,3.052412812884764,10.336967195769375,imbalance
7169.9977763638135,2.8906403000314564,0.3480398697437707,10.391849287904298,imbalance
7175.039720207404,0.0012255368564105,-1.7430864502401768,9.65475044131487,imbalance
7180.076164851484,-1.465768696850147,-1.4947891728278568,9.05020201223423,imbalance
7185.06284918778,-1.3503859005321277,2.56414661810429,9.49247038694416,imbalance
7190.050454760743,3.105489528608301,0.4512542025338026,10.702898318196594,imbalance
7195.098503197831,0.4312268076361709,-2.0880265983685566,10.341979870514203,imbalance
7200.071009259697,-1.4774164248144497,-1.30975047535332,8.856675710862369,imbalance
7205.173151465522,-2.105013062925701,2.354478784232427,9.174594998468011,imbalance
7210.033305414704,2.885927278888815,1.5272641978795944,10.439486596616709,imbalance
7215.009696056425,1.154240617307205,-1.9536303332456435,10.608217103199037,imbalance
7219.94379173431,-0.9455801324406524,-1.269793907774592,9.15595266910904,imbalance
7224.946276317421,-2.645775522245218,1.117339308329283,9.06970516050644,imbalance
7229.922603615931,1.9168237719050356,2.272364043872811,10.040828553139953,imbalance
7234.83507746099,1.9013778437744504,-1.7279769781856578,10.530161619315663,imbalance
7239.823061357179,-0.832686437667536,-1.57120353714114,9.39061569839024,imbalance
7244.782233162271,-2.642489033699144,-0.0047260964172012,9.15375332881811,imbalance
7249.815172414899,1.220096563766241,2.9676697796469576,9.77200365891265,imbalance
7254.71377949518,2.864940230382558,-1.1093623815476383,10.549167363118714,imbalance
7259.737357889849,-0.3950160653539076,-1.760302505868037,9.556676564685745,imbalance
7264.727068216402,-2.336750626811072,-0.4305889105939356,8.671855421734262,imbalance
7269.719124266791,0.013954624563987,3.054272998901008,9.61019783578269,imbalance
7274.658564833418,2.749154380273816,-0.3025141363927447,10.923983581947189,imbalance
7279.69264344902,-0.2668877195903067,-2.172066088839895,9.797239043420696,imbalance
7284.647110656635,-2.058943779055252,-0.9145237314644008,8.500411951755384,imbalance
7289.565752867835,-0.919871729242432,2.8137817567847505,9.525891160800994,imbalance
7294.586984921798,2.9509952221063416,0.2452354585579453,10.549671142433814,imbalance
7299.541433139053,0.4436158397601093,-2.10549527412424,9.957496908600962,imbalance
7304.586964653532,-1.4225655343463768,-0.8801318623543104,9.143107265322854,imbalance
7309.602647788244,-1.7635944040706473,2.2863104198048467,9.174288371637536,imbalance
7314.5256019029075,2.801299962584428,1.4891690882090092,10.7826943922306,imbalance
7319.546751885853,0.7721629428466859,-1.977292923681372,9.985598161684775,imbalance
7324.530524711851,-1.1416656516880987,-1.487705265868767,9.282919644649525,imbalance
7329.454917244046,-2.270994140633623,1.1931738415336404,9.026847244167516,imbalance
7334.425436972591,2.3449969938564577,2.1332829380256717,10.10345314986539,imbalance
7339.437622590592,1.2518572233520149,-1.719121058336736,10.626106321879352,imbalance
7344.500031748712,-0.6180178006955757,-1.503072874269679,9.665885507151785,imbalance
7349.507129882623,-2.764831065223748,0.5740888330601834,9.420813227727454,imbalance
7354.407559653867,1.3784073720309442,3.2093665264380364,10.242991660074772,imbalance
7359.389217090533,2.3415385703178044,-1.6184187684484144,10.893531631026,imbalance
7364.393673877758,-0.8080363886096654,-1.4140292293832275,9.548661758673056,imbalance
7369.395032016901,-2.465288188833217,-0.0553238040259889,9.012918088035583,imbalance
7374.394774987487,0.568474050015597,3.140524037457307,9.845333089898034,imbalance
7379.328063397341,2.5491315590919594,-1.1566073387733578,10.543140838968707,imbalance
7384.315456674638,-0.3213955761441666,-1.806528698533777,9.867800179404265,imbalance
7389.292231884829,-2.0551059622530268,-0.3896766645989643,8.744016217526873,imbalance
7394.332275461864,-0.4450399918729653,3.084248719870565,9.949090067785113,imbalance
7399.28208125978,3.056450934342812,-0.2504279110510906,10.77072697166453,imbalance
7404.290075572863,0.3154500639989932,-1.6986955491505034,9.993120492608428,imbalance
7409.36589485682,-2.118592522960494,-1.529997076960051,8.987322750045951,imbalance
7414.329474591487,-1.1981687644141072,2.769319208601871,9.344311533609366,imbalance
7419.357997181147,2.992670043376188,0.6267818912206139,10.65568189733587,imbalance
7424.327623058007,0.589187308535225,-2.3980604917155226,10.33129949428476,imbalance
7429.272421290641,-1.3751061404455729,-1.8215005697054936,8.994321908577543,imbalance
7434.32319939729,-2.281984961872044,1.967700342015286,9.398955676329097,imbalance
7439.23521621738,2.7654968950889214,1.509445214978698,10.467216938399362,imbalance
7444.303423453477,0.5553522110728204,-1.7367418705957969,10.40292626704742,imbalance
7449.273243601493,-1.2070328763365774,-1.3471214833605267,9.283912435809206,imbalance
7454.198135897894,-2.7008302147739256,0.8921122857855956,8.870392424993776,imbalance
7459.195272559846,1.9429199229372296,2.327458211146485,10.484210218639191,imbalance
7464.111688672449,1.495486703798918,-1.7822678510802732,10.682728264427327,imbalance
7469.066468204292,-0.4954373483231454,-1.5207651611400623,9.033801540523882,imbalance
7474.116420504255,-2.3026212234354464,0.4329155457069101,9.436520588738654,imbalance
7479.14275866493,1.081938331540777,3.0418373776321674,10.406256117534593,imbalance
7484.19937282923,2.7898725250909995,-1.46256121659006,10.850542219519532,imbalance
7489.240980171322,-0.3170309932202101,-1.811118790126051,9.714237853390346,imbalance
7494.274692358721,-2.341257927843679,-0.0084287139270779,8.828226195922262,imbalance
7499.340614223519,0.3425507660991604,3.0922956380344164,10.116300068112984,imbalance
7504.406667990697,2.5665441886753864,-1.0230966511012287,10.92263188912258,imbalance
7509.409696650682,-0.4844875865084173,-1.8657140846700957,9.78138185088508,imbalance
7514.447968045865,-1.800769712107471,-0.7372594154631362,8.479897988157452,imbalance
7519.483936928094,-0.4970397418648358,3.1831707508271343,9.505275241525847,imbalance
7524.509025485019,2.6833795196794616,-0.8428343686789244,10.804401268778062,imbalance
7529.610194066333,-0.0962356430838227,-2.0382811299816805,9.833355610479105,imbalance
7534.620554223015,-1.6561953325604268,-0.9741557869932538,8.816930656508196,imbalance
7539.635928739178,-0.8111566234996358,2.963017205219937,9.501519730506534,imbalance
7544.618997164014,3.2221245609849687,0.3326565838135765,10.867087354438729,imbalance
7549.592937347336,0.2723580888249334,-1.7844393753484882,9.982253512076934,imbalance
7554.529034346659,-1.4757591781005743,-1.3682441895913136,9.298923635008377,imbalance
7559.537609821339,-1.9626523408810543,2.4027590813819195,9.018886502767293,imbalance
7564.583078788476,2.73518037262186,1.3513549127463709,10.608246366898838,imbalance
7569.549148627319,0.6821379170648388,-2.57073877974294,10.077329788110228,imbalance
7574.614034476172,-1.2626762018038542,-1.3555356156571394,9.259353910019584,imbalance
7579.618626514401,-2.215860902461611,1.6829407187510594,9.47346039867188,imbalance
7584.586881555157,2.266427783199151,2.26113295204085,10.266022805755927,imbalance
7589.694579912571,1.41503521347649,-2.044539231299835,10.51023033261176,imbalance
7594.770239619154,-0.9892315634771304,-1.602776291751911,9.379294457625685,imbalance
7599.802979417314,-2.6194030651512703,0.9191304330996698,8.96748157348916,imbalance
7604.792977096396,2.1575272396928744,2.657516622051394,10.65671960129414,imbalance
7609.797340416757,1.9706183494715583,-2.0676035391449936,10.463560945339385,imbalance
7614.729184338485,-0.7463297445089536,-1.8233757417968304,9.416139573208005,imbalance
7619.770251382762,-2.7944680231096704,0.0014700461139292,8.64616303607836,imbalance
7624.867333904651,0.7915446443542435,3.0454679733837318,10.088834568160296,imbalance
7629.9048403528,1.9598438354677383,-1.021943399489064,10.68240698065461,imbalance
7634.927038611081,-0.7182702490397176,-1.7259232749689994,9.36764257446474,imbalance
7639.898595716179,-2.244082619465791,-0.1880073310499138,9.017741024792912,imbalance
7644.925432381681,0.6259759459324561,2.972969289486173,9.74584758064917,imbalance
7650.018613000978,2.7922103473707414,-0.9104842431924932,10.537836337134983,imbalance
7655.013787195607,-0.2167531681222462,-1.8264690947233817,9.865607772662486,imbalance
7660.047219298759,-2.3713115107136136,-0.4985925317119462,9.132371018544756,imbalance
7665.083340284463,-0.7090306271922374,3.394256257415112,9.622799310061067,imbalance
7670.101801649512,3.2778677853153777,-0.4728357684389638,10.140470284857322,imbalance
7675.035044117442,-0.1355199901538594,-1.9565931092019744,9.744034906366196,imbalance
7680.087849959591,-1.7880252479485974,-1.4516279233168683,8.779700487182664,imbalance
7685.128661091091,-1.0535423192043818,2.890166819658267,9.073671971687684,imbalance
7690.153507466601,2.855939050542527,0.3330801326640616,10.767807782112955,imbalance
7695.096976822637,0.4790492330681569,-1.9712208099502349,10.370888457520488,imbalance
7700.06381646104,-1.85924847164694,-1.4775981573110335,9.502741770099938,imbalance
7705.023345176897,-2.0616922134393807,2.2859121824170985,9.87957287190791,imbalance
7710.087413275387,2.7622092535160188,1.2782867908949185,10.612176566185248,imbalance
7715.092949347519,0.8090507162186202,-1.6674177484415311,10.335777269464234,imbalance
7720.074548465479,-1.0593933876461634,-1.1082913317600185,8.70717019903664,imbalance
7725.062544569014,-2.453625594505608,1.3973965704982512,9.097038739466273,imbalance
7730.054060540419,2.028380466632328,2.1200528072453797,9.87525187455832,imbalance
7735.020360841154,1.604966193309479,-2.0660047350316684,10.69518495554319,imbalance
7739.9465991308225,-0.7507839386472527,-1.6996558983164718,9.26928039724523,imbalance
7744.896093979902,-2.693543093641722,0.4006666285050723,8.879610898011494,imbalance
7749.904150921494,1.2686671390441782,3.148707975365968,9.920800560265942,imbalance
7754.915228254683,1.9293569766477656,-1.214333435825687,10.995579544643372,imbalance
7759.970256907643,-0.5949051149085837,-1.1128156962688296,9.24176868215798,imbalance
7764.994383057316,-2.5465750379889576,-0.7134689988967933,8.84282040594869,imbalance
7769.975250337073,0.4963275127162915,2.9072908135069424,10.122030273434197,imbalance
7775.009535734622,2.7717666698294328,-0.8954689475045473,10.581632044707693,imbalance
7780.0631162730415,-0.2012166505937003,-1.8129957662818228,9.85244668081841,imbalance
7785.083487017679,-2.269040892645529,-0.8318619138657813,8.787596568766178,imbalance
7790.198160671156,-0.3335675298207962,3.0553356166790886,10.019317380961503,imbalance
7795.225636711753,2.7707825479750072,-0.3286890959072397,11.145966930695815,imbalance
7800.210799507311,0.1041615862635673,-2.1651462040040843,10.162726212606588,imbalance
7805.1795673333245,-1.978093501417383,-1.0505610232351292,8.754062879323286,imbalance
7810.128049414093,-1.3336514736848406,2.716159470867169,9.551826723415653,imbalance
7815.168683498262,2.521234574722583,0.7424761749036013,10.660817676378375,imbalance
7820.192363386538,0.4935815086598959,-2.374221150299801,10.399673704772267,imbalance
7825.229240617653,-1.2924889459508444,-1.084450119000529,8.997270831230084,imbalance
7830.152169668121,-2.121502776817262,1.9864961516076431,9.427167417536069,imbalance
7835.184424367962,2.884532788532539,1.409830617838168,10.392180273061705,imbalance
7840.177023947631,1.0818562682556043,-2.0612958703100164,10.196767094590422,imbalance
7845.20423615804,-1.2416244144857722,-1.5118716309562177,9.331531333215532,imbalance
7850.191359186277,-2.624180953522356,1.8993928972493463,8.918177082312358,imbalance
7855.246699259861,2.383662291480781,2.4548335378688693,10.264199890126802,imbalance
7860.276452104629,1.4954972509723723,-1.828152956025308,10.536040188581543,imbalance
7865.223504564807,-0.9619193637205388,-0.9053983398961188,9.35751555049774,imbalance
7870.255873244842,-2.504333143364485,0.5866982003796201,8.925497766206457,imbalance
7875.24052974239,1.7994151538326202,2.834749457244325,10.315825417847302,imbalance
7880.249873825226,1.783048446937903,-1.594321055219754,10.934403252495986,imbalance
7885.240868547783,-0.4709729293661314,-1.2354611072692538,9.389484046443432,imbalance
7890.213975004429,-2.17705717570092,-0.0082808264197231,9.075244377427897,imbalance
7895.212091552671,0.6086182194049218,3.1965562478662424,10.31049941253658,imbalance
7900.21215928397,2.164463738942697,-0.8494233734681448,10.54183209926212,imbalance
7905.095068173712,-0.2495489957790119,-1.900942793343128,9.75224900857232,imbalance
7910.066184235166,-1.9280554098145584,-0.6654483807656274,8.907538742792354,imbalance
7915.07099634761,-0.6292945604654641,2.944851911919592,9.643993871903689,imbalance
7920.046373557664,2.769967791205102,-0.1223417348473395,10.733612865928924,imbalance
7925.1120054616495,0.2807395506487323,-2.049473868977739,9.779207125694244,imbalance
7930.115672250091,-1.907965221446236,-1.2706287462427706,9.295863249219332,imbalance
7935.184543745302,-1.1327375077939354,2.9103307370342115,9.672808140178962,imbalance
7940.218651327564,2.695035434178654,0.7169520382468955,10.758076904081207,imbalance
7945.206048815111,0.3910031787170179,-2.0401567806775827,10.183436389867651,imbalance
7950.262485889972,-1.4841227956578154,-0.7780145831486106,9.122037434801824,imbalance
7955.287511496921,-2.1792601815053576,1.9933102558063,9.297441065878218,imbalance
7960.24153302349,2.875187166505897,1.5351808346541134,10.465516001005753,imbalance
7965.24198174893,0.9865568938064616,-2.339054030982836,10.138004560554078,imbalance
7970.217887013804,-1.110330138077804,-1.4860820982899494,9.097424811477971,imbalance
7975.201665940338,-2.309342953021951,1.4452649604500398,9.11973539353246,imbalance
7980.243940226594,2.20558613155864,2.1507850677559226,10.394545149010332,imbalance
7985.270075234264,1.6792187054770622,-1.7934800359984795,10.720247881155716,imbalance
7990.319273567532,-0.8586357156187144,-1.3895265104875392,9.218521330532951,imbalance
7995.291382995163,-2.4615624485097483,0.8163920610537923,9.028843397635043,imbalance
8000.316830124733,1.770305359756855,2.854816962302191,10.019839371221275,imbalance
8005.235929276948,2.3145405602271314,-1.6986876326737177,10.5710277167854,imbalance
8010.204900845528,-0.5958083416404087,-1.8380595948853735,9.540897358181876,imbalance
8015.13116731636,-2.551780377869465,0.0919561487591057,9.162279126597388,imbalance
8020.163597853209,0.7133492031554061,3.093766837341257,10.254367663345311,imbalance
8025.161649583067,2.32370024227485,-0.8412129059404849,10.846185339758913,imbalance
8030.16510569023,-0.2558326630283798,-1.603224524552896,9.785850801836798,imbalance
8035.177476287938,-2.007525401495976,-0.8787150568866626,8.63993163793901,imbalance
8040.165389789396,-0.39660469801694,2.9873414671292102,10.012158240572324,imbalance
8045.194311225117,3.062804525591116,-0.23682263471929,10.993615901180462,imbalance
8050.1150601805375,0.1431699908801213,-1.9910927165211056,10.182925234578024,imbalance
8055.175567532347,-1.7602644392503275,-1.3124146864877415,8.71874465733683,imbalance
8060.10860011469,-1.4952486911418656,2.348876232332456,9.238873705196164,imbalance
8065.030776794712,3.0718664492954346,0.9318867228660742,10.615118246454143,imbalance
8070.0146478549,0.5506251205287956,-2.1906700321708668,10.22093163482144,imbalance
8075.107983329053,-1.1105985120040816,-1.114552694180405,9.40382934713648,imbalance
8080.161297352934,-2.2096017542697246,2.0741948937359247,9.24096504842218,imbalance
8085.287510122912,2.799850283445441,1.3961921420884644,10.144760908998768,imbalance
8090.22392386829,0.9679839707862092,-1.9761792037209376,10.565578891823522,imbalance
8095.1905305942355,-1.272765041145612,-1.3771002428658266,9.089610728571154,imbalance
8100.182997778562,-2.4650266646490144,1.2185959876221246,9.10541384298785,imbalance
8105.19776509671,2.432982421262021,2.1140337489121044,10.295152954553222,imbalance
8110.146221818179,1.144226759515122,-2.464340901824276,10.660545489544743,imbalance
8115.153725846912,-0.7196868370418583,-1.2659133406336252,9.22741582015758,imbalance
8120.134949807914,-2.294899912691204,0.5011187985444888,8.71076794379087,imbalance
8125.150931193335,1.4500722952377585,2.9339411212486324,9.94107316717963,imbalance
8130.110322635018,1.9660061349547,-1.8395026736298357,10.644535472406812,imbalance
8135.146087943271,-0.3262894982628619,-1.5800265933578963,9.684300720041508,imbalance
8140.133794579853,-2.6630748839625284,0.0161655173772987,8.860484543787528,imbalance
8145.177480067248,0.4688089003626169,3.290510935138692,10.00703749332278,imbalance
8150.238360944161,2.7640177367517267,-1.0218455360471,10.705009001788092,imbalance
8155.210209296029,-0.2161449554040902,-1.918607706436644,9.768839486741047,imbalance
8160.249944852355,-2.4420155044649228,-0.5522819714682963,8.948266001393872,imbalance
8165.335622701806,0.0420703125330593,3.258064579140328,9.627728659967843,imbalance
8170.35774032294,2.7655223164447307,-0.2318003247917219,10.68474081282796,imbalance
8175.366020065784,-0.1838741439033422,-1.9422652760597028,9.651433598878448,imbalance
8180.434603245557,-2.1592601489536825,-0.8442758395223146,8.83651507641751,imbalance
8185.40774534353,-1.248053457096908,2.8217514729272626,9.309555201295776,imbalance
8190.449791452005,2.898165964446488,0.7231881441405903,10.730748832560243,imbalance
8195.400619251503,0.3601467855890395,-1.8556873939177776,10.285116044114687,imbalance
8200.495855850719,-1.8499083865072616,-1.1436277718699237,9.110440028021108,imbalance
8205.51269760055,-1.781580086298504,2.405165339976662,9.463649648493917,imbalance
8210.494091097016,2.530121299274051,1.3654189580334153,10.31063629412229,imbalance
8215.585505584224,0.5023519836378078,-2.020011814759899,10.067543628021932,imbalance
8220.543471334535,-0.8333093831888971,-1.3811715483910825,9.06442308224874,imbalance
8225.503777164651,-2.4658636881751805,1.925128079994059,9.18317342890742,imbalance
8230.628225251783,2.4251766471442027,1.435534867631772,10.48343172781127,imbalance
8235.596794227342,1.4170918282935705,-2.100482013536116,10.530944466826986,imbalance
8240.605089920526,-1.271398510882858,-1.1666328490624314,9.048514687439637,imbalance
8245.526253531962,-2.519936266115998,0.9611136822491504,8.943953859350117,imbalance
8250.368924602813,1.7403548207677444,2.4570812716662678,10.498964051986988,imbalance
8255.303948196943,2.0751985725436173,-1.456112627539321,10.517150635636632,imbalance
8260.323008358013,-0.8438205604457666,-2.054209913132574,9.874295499141525,imbalance
8265.2877892489,-2.883428495257625,-0.1288940569415305,8.928232382779578,imbalance
8270.303107851209,0.2834376052015341,2.86728297995236,10.137045594394763,imbalance
8275.300694726544,2.907854225812297,-1.401663357672696,10.699798002671749,imbalance
8280.279517961446,-0.1909227884783203,-2.0965340742734666,9.479068175598105,imbalance
8285.32381101099,-2.402358666948854,-0.4999988020857237,8.960972179732652,imbalance
8290.334242912675,-0.2356789554696744,3.322654833724374,9.96260825632667,imbalance
8295.384456641721,2.944916585389607,-0.2732709335831673,10.77608608567768,imbalance
8300.30150831327,-0.165092206036777,-1.8178839188285325,9.764324303150984,imbalance
8305.211572912058,-1.5748156054476794,-1.655341193438459,8.900878975004103,imbalance
8310.180713447178,-1.2554515734619158,2.707395199156426,9.374636930778236,imbalance
8315.133061034241,3.0101103591385336,0.8988884037907243,10.747038495872564,imbalance
8320.04291967951,0.4019195436245724,-2.2992287622601992,10.296012405612018,imbalance
8325.075229481512,-1.521888573756537,-1.2557033804374045,8.756328931161658,imbalance
8330.147250382883,-2.1266617866809145,2.1675841848179176,9.29317565278778,imbalance
8335.12603861512,2.362160361126813,1.9094090632440048,10.779660188512144,imbalance
8340.107602959499,0.9442494102038969,-2.178038889446874,10.346420862475634,imbalance
8345.084826403201,-1.110789799926276,-1.645091157228482,9.407597319790575,imbalance
8350.096462776433,-2.5977877909379226,1.1476357105853583,9.388764380996284,imbalance
8355.120732867534,2.075887143529592,2.1530985203075987,10.04166637951706,imbalance
8360.07183507688,1.8595878327101727,-1.7471239466679036,10.71302950438745,imbalance
8365.011037793915,-0.7033677318415585,-1.7445050425044146,9.41552278407927,imbalance
8370.022532866047,-2.5368500341362363,0.3884595251832734,8.84687927868909,imbalance
8375.019152455474,1.3292638039212306,3.063733099523649,10.191727797053495,imbalance
8380.126039275514,2.0049733849139626,-1.8001641957654038,10.64212100639792,imbalance
8385.086400530636,-0.4908327003289067,-1.8177711148278768,9.656137187702546,imbalance
8390.105797073129,-2.2661933601185105,0.1025309095552289,8.973624410310554,imbalance
8395.089769489989,0.5477064077702957,3.146460656063655,9.804343383199845,imbalance
8400.113844128156,2.522408333078612,-0.8319620454857988,10.772700765836452,imbalance
8405.05153101805,-0.6163508306266368,-1.438004796574314,9.864758757067587,imbalance
8410.069529153154,-2.145304448149097,-0.6924020417435476,8.907441578593748,imbalance
8415.119591018029,-0.5835114512355473,2.969018058942108,9.809693872506784,imbalance
8420.203855938547,2.781123046225443,-0.3264952245413074,10.540509011822069,imbalance
8425.10093537523,-0.2294921796150565,-2.2730300094298457,10.127858783642536,imbalance
8430.132788787392,-2.097854757950844,-1.4028991043383978,8.794648177411686,imbalance
8435.145352295465,-1.2798068895603656,2.641201198834662,9.1601281615127,imbalance
8440.087196610908,3.255416558246999,0.9998781215597692,10.744599272025605,imbalance
8445.07631703619,0.2944964507352647,-1.7313749251416295,10.135243132413814,imbalance
8450.054851100243,-1.1714476341160496,-1.5065281367900312,9.121715113682733,imbalance
8455.085102935702,-1.898378247104516,2.0285755025241112,9.372084077758952,imbalance
8460.077008669206,2.343195602504075,1.4865339121575307,10.60943082158688,imbalance
8465.118587495053,0.8492300781664611,-2.3984598817455893,10.5845056828826,imbalance
8470.08700298537,-1.0090634170937836,-1.3942860395904766,9.335986735110462,imbalance
8475.077893404941,-2.4753885995661733,1.381977904091458,9.214297779893654,imbalance
8479.979718295624,1.9025079196803136,2.802950595356621,10.570686134959333,imbalance
8484.916485575734,1.6812969121340005,-1.6712407434220815,10.482416347988602,imbalance
8489.841147382847,-0.7497821800943631,-1.762692563265083,9.51871200797409,imbalance
8494.800720478717,-2.0350137152097263,0.2343271246631061,9.070386175931803,imbalance
8499.705710771415,0.7898508354338012,2.9479287888096595,9.955600923169156,imbalance
8504.67807302361,2.4794484636132834,-1.216138759870111,10.888272694100433,imbalance
8509.55127564662,-0.2280545630986259,-1.3984688926549365,9.64853502062701,imbalance
8514.66396178556,-2.294181709398792,-0.8877648638199103,9.104484908047558,imbalance
8519.60665110121,-0.3705664858570012,2.968884812024279,9.507972207246617,imbalance
8524.531124051673,3.2706581791320515,-0.5798773867014563,10.817022498091092,imbalance
8529.555244020175,0.0191583320961049,-1.9551389252303648,9.928945856000972,imbalance
8534.56865686792,-2.0273053262608465,-0.9936068208962062,9.05681972940564,imbalance
8539.545073217225,-1.0383794519389862,2.5293350499606846,9.405708231638998,imbalance
8544.499724431678,3.105917409586996,0.4843998955373549,11.006302475925706,imbalance
8549.560613445838,0.4351845385367251,-1.9655825044975448,9.910954073301156,imbalance
8554.578699322838,-1.5386660502217615,-1.370208186048329,8.82518147739637,imbalance
8559.514968545982,-1.8359273253827173,2.204591925318108,9.490751123190352,imbalance
8564.4188509348,2.647382063567405,1.2565988065866471,10.544513428430117,imbalance
8569.380843211544,0.4472852767867066,-2.208055691583208,10.52375693362973,imbalance
8574.338734064946,-0.8703583996584301,-1.4201529227230791,9.469987953535009,imbalance
8579.341463487977,-2.5993000664428734,1.0830178491746274,9.066075451011631,imbalance
8584.310785343421,2.3122260930468945,2.2230533265590093,10.51484204536981,imbalance
8589.258107059914,1.7123846773158076,-2.320860325735162,10.859399380498743,imbalance
8594.316932081916,-1.1667433749424283,-1.5777928036299558,9.605388214312264,imbalance
8599.272218818283,-2.7747419242844926,0.363986990620643,8.642280745991838,imbalance
8604.379593982612,1.5243290571856625,2.4895223407192217,10.28029964327146,imbalance
8609.341256590404,2.17204114708298,-1.4050461696118988,10.538962032322845,imbalance
8614.302835179078,-0.3121738342628465,-1.890676239858731,9.159774629968505,imbalance
8619.229847044775,-2.612601808938213,0.112254891366182,8.744208881854838,imbalance
8624.30777418145,0.0657920751920535,2.864755669927148,9.656718572580864,imbalance
8629.351307322888,2.511746985822494,-1.1579213637089727,10.726295839201672,imbalance
8634.272508812672,-0.3514231866789702,-1.853161841572492,9.878707007512494,imbalance
8639.226428719516,-2.0382242143510365,-0.2809214065975053,8.863890700841726,imbalance
8644.193508035869,-0.8023511302431215,3.209482825434715,9.923513686438412,imbalance
8649.21402407627,2.842777222467313,-0.2211141680730195,10.82775588938648,imbalance
8654.173673609304,-0.3159930259940871,-1.857603495018382,9.940107137179904,imbalance
8659.204487530993,-1.7911745471110527,-1.392359327287071,8.94272222820976,imbalance
8664.16405888437,-1.417678582415935,2.486776102761143,9.597911802113472,imbalance
8669.26732128166,2.4699141992433487,0.6334256280563647,10.425535009358711,imbalance
8674.233056484434,-0.0166917879173328,-2.105836729581685,10.314476224008018,imbalance
8679.236699354413,-1.0221905217602971,-1.1925294090955427,9.072911040418573,imbalance
8684.279027428309,-1.975861645543387,1.7831048287617015,9.44836754327216,imbalance
8689.331869315864,2.404781771769027,1.529884557784067,10.480219105907867,imbalance
8694.31347244584,0.4451692329242815,-2.209421464002105,10.19790059782292,imbalance
8699.224709813247,-0.9866075528626768,-1.4098176496076087,9.02846997948594,imbalance
8704.241707962135,-2.365773377190573,1.2811542558236324,8.928307473112378,imbalance
8709.184737301852,1.8312172129658584,2.457696822157453,10.240730498558207,imbalance
8714.202286913194,1.566821878501486,-1.935389636597904,10.71726717155565,imbalance
8719.095047490819,-0.7367571205512703,-1.5026595680202586,9.540046302396211,imbalance
8724.031629436331,-2.560525967505189,0.5072438465397512,9.27608836435344,imbalance
8728.975683419301,1.0892934156606089,3.106517506419651,10.240036217257888,imbalance
8733.965814499714,2.182487206237296,-0.8374684923228862,10.559767472103188,imbalance
8739.001771300158,-0.6471439570263254,-1.5028137828288783,9.791483572078624,imbalance
8743.924655436382,-2.485419732471248,-0.5179342412938311,8.96150276773371,imbalance
8748.893934441068,-0.2016206134893103,3.178530571536528,9.58748169001072,imbalance
8753.818031397082,2.9111586692636253,-0.439127387303761,10.78474579443266,imbalance
8758.90152247083,-0.3184757241457219,-1.9651288359715031,10.153377692580502,imbalance
8763.90554719655,-2.3065388518958923,-0.8167571881932679,9.162877635064904,imbalance
8768.980790970163,-1.0090340007313974,3.028752886030646,9.30739902415431,imbalance
8774.01807937962,2.6533874426992137,-0.0550434245534221,10.393522915730088,imbalance
8778.987498899563,0.3555072635600907,-1.972537893054581,10.309305780253876,imbalance
8783.966921280846,-1.8340321374340036,-1.240723869322217,9.033742674668138,imbalance
8789.002493702103,-1.3283925770562974,2.5487229901131663,9.694893801657722,imbalance
8794.036056467814,2.583803246398743,1.0787276902606076,10.55177074418914,imbalance
8799.020928281445,0.4997411042282708,-2.0372424128385047,10.08931650043479,imbalance
8804.010568362246,-1.2396805570377143,-1.1796168647391203,9.10974049863695,imbalance
8808.992920122686,-2.4618037244033832,1.8187301706351933,9.335144377996302,imbalance
8813.880547140527,2.391453094860801,2.3831169808092203,10.7191609520553,imbalance
8818.888655299896,1.5899014775296365,-2.304552463107832,10.700529166527566,imbalance
8823.917931342641,-1.2590625880506017,-1.5643313381259594,9.195800689643535,imbalance
8828.99282288496,-2.674725314160573,1.123611939197746,8.718488217378766,imbalance
8833.994447010737,2.209299513172213,2.3620918226906102,10.625526237822452,imbalance
8839.014928202261,1.811918470488172,-1.5719205460689458,10.536871602738222,imbalance
8843.963961053354,-0.7608987902961001,-1.8471779626491556,9.125141574088945,imbalance
8848.956475007932,-2.6180467994835825,0.5332567147563506,9.192775417039735,imbalance
8853.895168606623,1.2896189692790292,3.005448738177826,9.80622936788153,imbalance
8858.853861552618,2.2327384318208505,-1.0313768107549537,10.663352574592835,imbalance
8863.871549989393,-0.3121346098625966,-1.707056794290024,9.419634676271173,imbalance
8868.86884687327,-2.0777425984782125,-0.3129354286207757,8.663792024165303,imbalance
8873.832734714346,-0.0481859389507832,3.221798755753152,9.320697855733632,imbalance
8878.72452473469,2.499964650598775,-0.2321909483871615,10.962225188241604,imbalance
8883.75264100164,-0.4237601822277062,-1.866317956567647,9.9925045779762,imbalance
8888.716435918852,-1.7361401165881525,-1.0871263859734397,9.208695421463547,imbalance
8893.61058220908,-1.075455019974548,2.8715357033058058,9.685309939133036,imbalance
8898.57707342434,3.192397377207631,0.6385144263853288,10.700010692855638,imbalance
8903.559010582847,0.1569498617593295,-1.683003844210982,10.208358501126185,imbalance
8908.615904762497,-1.1284455706346308,-1.1977174698536626,9.1925696588568,imbalance
8913.598146299702,-1.8761920891863983,2.112236322540461,9.100626043297266,imbalance
8918.543153739913,2.596874763592765,1.5055654815722952,10.21448944404074,imbalance
8923.526410996501,0.9916451848830888,-1.9033599002416808,10.363391262796148,imbalance
8928.434588032025,-1.3367023673864633,-1.5367345238470618,9.4839368291098,imbalance
8933.426665011377,-2.3788522321909817,1.217831333773575,9.240715969121108,imbalance
8938.481877467864,2.393241619856105,2.080585290060431,10.35370154165377,imbalance
8943.541332333352,1.7849034497374572,-1.8229966380024407,10.73080154590417,imbalance
8948.578050215618,-1.3094699868153523,-1.6885602017422014,9.000300323026806,imbalance
8953.555011954017,-2.678548937951556,0.714538164223916,9.066722039071614,imbalance
8958.573762487045,1.9741509560186667,2.5278021913409736,10.341578677502554,imbalance
8963.692013578364,1.6446301126960114,-1.6533167057799776,10.771963584459527,imbalance
8968.725418835933,-0.7454793291697881,-1.5065496198896238,9.250440238045252,imbalance
8973.714727007042,-2.570485521404448,0.0686114676312518,8.876285797234663,imbalance
8978.715775110933,0.8669029993239966,2.9305236079217183,10.509722402159952,imbalance
8983.704819133702,2.363375320339106,-1.45684019083424,10.638354797913433,imbalance
8988.678670624544,-0.2549512408586465,-1.645539909252465,9.911510614751112,imbalance
8993.729590621118,-2.280607053721172,-0.5271896921592356,8.827586814758916,imbalance
8998.794170673826,0.1904120624347828,3.403620358329305,9.50767293084335,imbalance
9003.773486267422,2.5318784983700966,-0.6311130099404438,10.812261954427605,imbalance
9008.79882980223,0.0268005473146496,-1.931214638051,10.385521238917574,imbalance
9013.83444574822,-2.2498536069087285,-0.923806498240844,9.062817125090378,imbalance
9018.78549442776,-1.1762344926047366,2.9612104735363887,9.936991223760874,imbalance
9023.815081027378,3.0228858446746045,0.0840450456297349,10.350752127302917,imbalance
9028.852322420036,0.2579230588022182,-2.3008961844994182,9.863677397545528,imbalance
9033.93300945158,-1.319032840906006,-1.1938244401523357,9.02380150823016,imbalance
9038.90661548147,-1.428511002159572,2.402759134242256,9.406537402137246,imbalance
9043.83029686695,2.3293883357807728,0.8558071396942979,10.541216926167245,imbalance
9048.805043620448,0.7681168919541046,-2.205597531130838,10.249408642472211,imbalance
9053.84255709172,-1.3206191595852443,-1.4547670083262914,8.922488419618514,imbalance
9058.810250329369,-2.551909871928855,2.0286956973748684,9.328979670145982,imbalance
9063.784942869952,2.381251389769701,2.3544971525471343,10.254422914227428,imbalance
9068.87252255542,1.5168778974355217,-2.0622892288120624,10.066673297897506,imbalance
9073.925992073164,-1.1385837602863125,-1.7039776965762072,8.970531124561221,imbalance
9078.890215943848,-2.4569631532438447,0.8978270190055853,8.99684461938642,imbalance
9083.780469135245,1.7908214124585529,2.638003363740589,10.198551146059703,imbalance
9088.797807045385,2.0674683060497103,-1.8157544138145496,10.535314735432303,imbalance
9093.705749545285,-0.518043497320732,-1.8468377888009857,9.609357534489485,imbalance
9098.74858684753,-2.476759514073376,-0.035796146403967,8.877697044293498,imbalance
9103.708072217718,0.5116478382626989,2.95815232611869,10.221918636019245,imbalance
9108.645418856877,2.447525628741066,-1.1272022063241098,10.673687088149332,imbalance
9113.602843712028,-0.4058001650490079,-1.682478571310966,9.856558315435604,imbalance
9118.587888674432,-2.1775405464909814,-0.4868273837227588,8.919691376607497,imbalance
9123.512458557989,-0.840172153631681,3.1229649110681392,9.863819550903417,imbalance
9128.540713787972,3.222803471927452,-0.1995428354318794,10.809528582575568,imbalance
9133.62023437935,0.0149453236792178,-1.9057909858235536,9.96552385044547,imbalance
9138.600173596336,-1.924636829998887,-0.833429323150082,9.015481131674452,imbalance
9143.601802791092,-1.4478683886918502,3.0626378603709568,9.560460603244865,imbalance
9148.498327495096,2.7924146664247567,0.5420950805382307,10.498506048139822,imbalance
9153.472174140566,0.4582464236274665,-2.0341465454629555,10.05953295305751,imbalance
9158.554504301756,-1.5175773358179885,-1.4757614290336454,8.979061052696833,imbalance
9163.53443038104,-2.1596664426564143,2.102403217093104,9.279627046565851,imbalance
9168.485874803586,2.650803980693614,1.8973907574497464,10.814081694882644,imbalance
9173.46065133586,0.7621747618799222,-2.0086526164878133,10.4380227643986,imbalance
9178.46072736727,-0.9251241484782432,-1.480247387847274,9.22661881096107,imbalance
9183.492343590213,-2.390063623868393,1.2781855517690883,9.187115112327014,imbalance
9188.55488515192,2.1011291305286064,2.3465200161244035,10.450845794953176,imbalance
9193.478927826276,1.806275399076565,-1.9694562702060527,10.493824657915246,imbalance
9198.481467708636,-0.5472158572761883,-1.657599307614154,9.297195314474148,imbalance
9203.47231603148,-2.923209081985552,0.8696774402082529,8.79994656984973,imbalance
9208.4030477509,1.0883805722426816,2.709221546063224,10.195911911666684,imbalance
9213.387391322149,2.2300810281228776,-1.197688055910291,10.646537762695168,imbalance
9218.315739040476,-0.3640739144262852,-1.7871817873326352,9.456215896933282,imbalance
9223.18435817401,-2.861293191756658,-0.5368065662531163,8.813601227498756,imbalance
9228.16310304288,0.3422338525666877,3.024970637132804,9.953941704046226,imbalance
9233.24774725148,2.418721870228937,-0.9941930709568888,10.457941090874831,imbalance
9238.25567670178,0.1630278955104149,-1.6241373880009395,9.856152517778396,imbalance
9243.276149440931,-2.027235553831244,-0.7618415856621348,8.972433860742163,imbalance
9248.224139160397,-0.9002611043721748,2.8130657562478447,9.724051334606653,imbalance
9253.168642253975,2.8516816608791165,0.1249742397446826,10.698158965812306,imbalance
9258.12451752074,0.5172522981930029,-2.049058460705704,10.21269128832975,imbalance
9263.141993093712,-1.8652307664896173,-1.0669555054525164,8.824700256298573,imbalance
9268.228718418217,-1.726272859767718,2.810908987884882,9.812273468729378,imbalance
9273.192935864234,2.6829569636920167,0.9861075082036452,10.37723675039858,imbalance
9278.175158336377,0.58708001563479,-2.00738685544488,10.696937842600615,imbalance
9283.122014960933,-0.957568880951158,-0.9451002035194052,8.832647830014515,imbalance
9288.127655778517,-2.004104487112338,2.1218428334241084,9.213225899699076,imbalance
9293.11719422709,2.4074497533368566,2.197177522839146,10.609572530583,imbalance
9298.063506786992,1.0342637977479496,-2.2727970609698582,10.57041178903899,imbalance
9303.019433243982,-1.1259604623678507,-1.2295177537832171,9.13795230969188,imbalance
9307.984721815792,-2.54568451581654,0.9165932438144144,9.228328838050796,imbalance
9312.949039070894,1.582116570418757,2.520755469962274,10.155127122025975,imbalance
9317.91408735173,2.01211888467078,-1.6281996863343728,10.67334445694437,imbalance
9322.897876560104,-0.7055956764985687,-1.9416292535830448,9.533547733083608,imbalance
9327.87921812174,-2.3990883935046927,0.1097147116538949,9.175418842531164,imbalance
9332.87928504046,0.8418906133850503,2.7616664383447045,10.143840775662673,imbalance
9337.877967026092,2.3336351141448235,-1.0132529399462,10.768749843000355,imbalance
9342.813464278132,-0.375315639088623,-2.0829841672810896,9.410969489094438,imbalance
9347.795643701886,-2.28332046694655,-0.5974101259399811,9.195055637897909,imbalance
9352.694034824426,-0.4858935452471932,2.819281678145473,9.69633859963684,imbalance
9357.714951531649,3.069449758340326,-0.4205197042382558,10.713329618638118,imbalance
9362.76572991764,0.1318676975450693,-1.7208043851446675,9.780811354025564,imbalance
9367.767524807396,-1.699579304575075,-0.996472778243689,8.858836884218835,imbalance
9372.73668959847,-1.2384392239525126,2.959152863100805,9.367901494239693,imbalance
9377.69339508068,2.857261098238216,0.6236630910774315,10.730348845718638,imbalance
9382.684161678952,0.1086778227558833,-2.078137696577049,10.487327074502886,imbalance
9387.745320444792,-1.2904644573899586,-1.7378410935530455,8.8812821074467,imbalance
9392.796665698668,-2.242724793538219,2.510336878640364,9.237396314918112,imbalance
9397.85757102972,3.030980155881944,1.4397243301753633,10.46078375926034,imbalance
9402.901363661833,0.8550744717711344,-2.3649551860522533,10.637533481843956,imbalance
9407.916339386822,-0.7729178380914277,-1.4656126095753863,8.986465182521767,imbalance
9412.85927497452,-1.906918593897602,1.94631913516327,9.40054404969154,imbalance
9417.84062634797,2.2996963829765487,2.0721222463294318,10.52267079024539,imbalance
9422.778555328276,1.6576219135038008,-1.8948116935528168,10.31736089340243,imbalance
9427.785153831788,-0.8699150119473933,-1.927633415960546,9.39234304230863,imbalance
9432.83895739186,-2.817161221746736,0.8445703323004985,8.774756980169169,imbalance
9437.812354853784,1.7872743784522276,3.1063150473788985,10.497512571407436,imbalance
9442.838265914776,1.7752747481365905,-1.8800648141862435,10.923822733266638,imbalance
9447.891429156472,-0.9806805767154444,-1.6667727296817931,9.238398694238406,imbalance
9452.918201076278,-2.717084215036057,-0.0184336736739373,8.824290483871911,imbalance
9457.928864813986,0.8481569920645043,3.057544060423029,10.197228946414151,imbalance
9462.937621879177,2.412993496490909,-1.1277458693932303,10.728957252654869,imbalance
9467.899270678989,-0.8724981826037641,-1.767469567822192,9.73349652693105,imbalance
9472.88882003608,-2.357338856266638,-0.5528138367423336,8.876200035489841,imbalance
9477.89032285537,0.1405146956030061,2.8708496170671047,9.727170868474447,imbalance
9482.850053532202,3.1072605913927576,-0.8491403268922155,10.568299594859164,imbalance
9487.718010385564,0.0267288220833016,-1.7679754141782602,10.299864336736992,imbalance
9492.696998735722,-1.851385773609783,-1.1261387882943297,8.849213399449562,imbalance
9497.66845854275,-1.3669106965066518,2.631749216220836,9.448066987683111,imbalance
9502.645737429464,2.922820347121722,0.6289302679115673,10.794766197346174,imbalance
9507.613477470892,0.2529556520093187,-1.9362556598353524,10.335246292171169,imbalance
9512.658110709292,-1.5930965468275182,-0.9761079730744752,8.934336287914562,imbalance
9517.661041362326,-2.0810191523995774,2.1024908058724767,9.389850976962926,imbalance
9522.61051863472,2.6170218186688707,1.6773738204202011,10.960695344546624,imbalance
9527.58693586507,1.3410896581013825,-1.7851044092890658,10.529865114608542,imbalance
9532.566332568866,-1.1764102542830357,-1.4666010166176544,8.856088812339483,imbalance
9537.46987804923,-2.471120041576388,1.091049255185383,9.084221233056583,imbalance
9542.478547684135,1.6583515590910527,2.3295907145353363,10.393879216031086,imbalance
9547.490367032253,1.6666219843694052,-1.7158699425745183,10.581981407796125,imbalance
9552.531123238232,-0.7819450848135585,-1.468107551638289,9.172571668339154,imbalance
9557.60349336395,-2.55481552955924,0.6314857559752615,8.973427799368228,imbalance
9562.652529752311,0.9962968961156956,2.931491961766048,10.41179383805616,imbalance
9567.639505531202,2.140410194170626,-1.748292216716007,10.661058717604323,imbalance
9572.720161605735,-0.4973900621894836,-1.6517881053410357,9.93059930151567,imbalance
9577.64612398448,-2.5926841259916897,-0.2431517298756347,8.959480708527481,imbalance
9582.625232503484,0.5658626166699917,3.3466726204350934,9.917837186682972,imbalance
9587.637108132403,2.656133058645465,-0.7747206532442298,10.794950806915422,imbalance
9592.643420055054,-0.2570949693707143,-1.9825270026522404,10.04145063673874,imbalance
9597.690985412972,-2.150167347732546,-1.1408322276702207,8.737052153549671,imbalance
9602.698766665542,-0.584615895985076,3.085041551635052,9.780227327226394,imbalance
9607.688257239672,2.687248988204828,-0.3077586922746942,10.956687193689518,imbalance
9612.706229257255,0.1906129373603569,-1.893752520788048,9.867599024059276,imbalance
9617.690749711766,-2.149222878441801,-1.4621433646135302,8.952966603674033,imbalance
9622.699340745248,-1.3601653826992213,3.0480040863549283,9.439677589973243,imbalance
9627.703209792164,2.7632337716518887,0.7569683169783893,10.50115680452572,imbalance
9632.740295298545,0.4057919284465928,-1.8721147617074447,10.397143667998437,imbalance
9637.80077531502,-1.1763270492718456,-1.1639006407939465,8.88547617638922,imbalance
9642.805696013556,-2.0390964766892967,2.6078402500420577,9.154582796562527,imbalance
9647.76767386315,2.6348198591351326,1.4809800021067852,10.6283732197802,imbalance
9652.723692070933,0.7681557545768745,-2.065015905379052,10.038558754140077,imbalance
9657.729818219075,-1.2226966715261596,-1.4632354489677868,9.428883096820767,imbalance
9662.843898331652,-2.198501966246153,1.3592682884366227,9.208972195908748,imbalance
9667.784500100415,1.9130073967426489,2.332190654312253,10.410664813644036,imbalance
9672.71936072395,1.5730773736764945,-2.205685047061394,10.292934970516576,imbalance
9677.80653194064,-0.8293372567344246,-1.806966558551476,9.470271651660529,imbalance
9682.884306500551,-2.670174183138316,0.6287483712935149,8.613007925214259,imbalance
9687.905085316464,1.727077980356046,2.2507723272206137,10.31107548955418,imbalance
9692.865682984377,2.1118768037510125,-1.6914035585267255,10.663651517071711,imbalance
9697.832030141197,-0.5629387676833955,-1.548580376790488,9.711961464365634,imbalance
9702.847916577815,-2.8324268886715345,0.148968077835262,8.792112380708694,imbalance
9707.80049625959,0.2417529179343247,3.52205313761311,10.1106885806552,imbalance
9712.793409693908,2.3600880839459517,-1.2334073231053837,10.632206523366095,imbalance
9717.81111294424,-0.5297874201194771,-2.0335768591548637,9.533602226712391,imbalance
9722.79760452468,-2.063211120043802,-0.3399473750458313,8.939046269516703,imbalance
9727.797646982315,-0.5333290335007974,3.2008956732788127,9.79682847581759,imbalance
9732.77608954184,2.6251884979483098,-0.6381971388274901,10.53660514019683,imbalance
9737.77573664132,-0.0437674709366322,-1.6293579045388653,9.789671063669251,imbalance
9742.754814639646,-1.7756419214451364,-0.8452638310058193,8.968422604127552,imbalance
9747.846690748514,-1.0780960172764733,2.9591911272660134,9.647385054908703,imbalance
9752.937540796756,2.910411474736715,0.4381133959965377,10.8122256598482,imbalance
9757.872471303695,0.3911311845792853,-2.179263099328712,10.18284503849302,imbalance
9762.86042745318,-1.7528449536477138,-1.3030504898317348,9.106215399334925,imbalance
9767.83479503951,-1.7957370548900418,2.0719869736468888,9.04251487527718,imbalance
9772.878086636469,2.62543871834945,1.4895831486335993,10.591501851553792,imbalance
9777.82125187067,1.0309234072981956,-1.9932998833945568,10.398477032396013,imbalance
9782.902396069594,-1.3051182048440428,-1.3238030068075566,9.083725934123189,imbalance
9787.815546155103,-2.4811444466154606,1.6080298552567442,8.859975359980393,imbalance
9792.87567182161,2.71119104896112,2.2442266686156453,10.123061654625069,imbalance
9797.914121631748,1.2736353805800162,-1.7802171497333397,10.800310827119318,imbalance
9802.936582867787,-0.9912426481198578,-1.3781852885062769,9.387989965043255,imbalance
9807.942277549366,-2.5658817925972337,1.090807625625893,9.047971473727763,imbalance
9812.990982283029,1.7059378966690808,3.0157413531862343,10.269735917766212,imbalance
9817.987952513986,2.1745217678952344,-1.3908936372110166,10.45483378743172,imbalance
9822.945576980706,-0.8690297068079755,-1.6630512371833657,9.235641765037364,imbalance
9828.005626639284,-2.4907719853399923,0.4246051600863285,9.246493709957386,imbalance
9833.04413375026,0.5781895515467144,3.0253761951036924,10.089427097929194,imbalance
9838.08037859051,2.115673757825878,-1.680005426486857,10.669726745713556,imbalance
9843.15001177554,-0.1003974988932125,-1.187472292490077,9.48512284115914,imbalance
9848.09505832884,-2.166624636599719,-0.1805735197914546,8.905496203713184,imbalance
9853.00827128434,-0.04897915294461,3.375765853578075,9.881368386025084,imbalance
9858.097858043206,2.661079554465266,-0.5531452315404116,10.68086531518226,imbalance
9863.074282597929,-0.2330168849765807,-1.9811323369696547,9.878651565324214,imbalance
9868.094652561182,-2.1287658672392213,-1.1060014498255712,9.188077356467115,imbalance
9873.072643532763,-1.281964625050796,2.898188549307251,9.37845359994076,imbalance
9878.025298801633,3.0995167482187145,0.4308312748411287,10.556755134077656,imbalance
9883.006337518893,0.2108856869789515,-2.120664409397213,9.794215640148032,imbalance
9888.032373887012,-1.5559402436451808,-1.0746201621554965,9.320216813842109,imbalance
9893.014592834354,-1.7178543059916644,2.702868066079697,9.390736403041702,imbalance
9898.008898585558,2.57959526250184,1.1120445295177313,10.486141057317012,imbalance
9902.975353799717,0.721830432393242,-2.084253639744854,10.45891708006857,imbalance
9907.9747079128,-1.2193754304319857,-1.19419051697267,9.370923605691097,imbalance
9912.945668360277,-2.1982529982779457,1.3273271880765138,9.114013804375094,imbalance
9917.978900204427,2.4316214819086177,1.9459168407949807,10.489029738504644,imbalance
9922.938920330387,1.2874993673656323,-1.9732694364248455,10.357981281368223,imbalance
9927.979710430513,-1.0845746325150136,-1.361226720913935,9.32454277282606,imbalance
9932.99364895903,-2.324612159577049,0.9226083631266222,8.975350548614,imbalance
9937.931727387882,1.462012452647503,2.960572996184233,10.274360627506242,imbalance
9942.94031672958,1.848572591172276,-1.484072758607058,10.48804779279885,imbalance
9947.991209182024,-0.7244885968696476,-1.9865633123094104,9.479026561398376,imbalance
9953.009773517242,-2.745521896532478,-0.0440682410622603,9.266034346167125,imbalance
9957.977105992844,0.7824828103477225,2.839345012621944,9.69023834373484,imbalance
9963.02531679498,2.494624804601599,-1.0539548432025776,10.56418889622192,imbalance
9967.957561369372,-0.1957603169397282,-1.8485469530390832,9.494285601161245,imbalance
9973.014834145222,-2.3230956854993043,-0.6873329332172591,8.793285734633114,imbalance
9977.99907556802,-0.3383963454993934,3.3543208471588724,9.795077499057792,imbalance
9982.994704152488,2.587260186195763,-0.2587554815758398,10.546205532518202,imbalance
9988.017723159175,-0.0275433520790654,-2.0683222935263808,9.595924119748942,imbalance
9993.095142360824,-2.076961889696809,-0.9024954730089912,8.795932762292216,imbalance
9998.164180825606,-1.0664617303350266,3.2103655342523445,9.679107560467845,imbalance
10003.092639209124,3.349705282899352,0.1067192864899272,10.959590036025403,imbalance
10007.987685833636,0.3348569220251566,-2.2332588657727506,10.138429789751877,imbalance
10013.046179375337,-1.597685375113669,-1.0844177753005737,9.05288037876142,imbalance
10018.01425658784,-1.8735065906244448,2.291245643928918,9.526062299473374,imbalance
10022.941950608638,2.725060741294348,1.2622842434841643,10.4693196272779,imbalance
10027.906843776673,0.9599927023810826,-1.9859756947678031,9.862434928698285,imbalance
10032.897069096987,-1.06462991074539,-1.4070550786203575,9.220871726146246,imbalance
10037.89597077513,-2.3215743995853013,1.8310335799552768,9.21383252157148,imbalance
10042.86596557884,2.3714301237522477,2.1684169387324834,10.397249413841006,imbalance
10047.895531184124,1.7068425233735025,-1.846854913815156,10.355288357916814,imbalance
10052.954836369478,-1.0424617522435555,-1.6642176158972553,9.119092715732798,imbalance
10057.954803652246,-2.591407267017213,1.054020270702414,9.238749897945263,imbalance
10062.912138474525,1.8243584909751904,2.8122935701626024,10.38183181038018,imbalance
10067.897347384078,1.4034831301236506,-1.883698721107274,10.45522996723546,imbalance
10072.91667703408,-0.8224038780522964,-1.5428999910344428,9.673622059400456,imbalance
10077.870806836065,-2.513007679222743,0.3018705230475964,8.674374555744498,imbalance
10082.79933258492,0.7279910317429651,3.0050753057431407,9.819564536777468,imbalance
10087.802307303498,2.6533932254700656,-1.4907540779341637,10.617744247917496,imbalance
10092.775970806362,-0.0247658300018857,-2.1805646202435573,9.759146218235388,imbalance
10097.74932646132,-2.465501267268753,-0.2926326426389011,9.320458740115289,imbalance
10102.747997514203,-0.4490201291063265,3.3067870610689107,10.061805687125585,imbalance
10107.75759987406,2.981824275652424,-0.6332739841706154,10.467464518916657,imbalance
10112.68269674724,-0.0951666123541342,-1.6267339260895222,10.384762085873984,imbalance
10117.656525792225,-1.912210658888118,-1.2676344053514883,8.919801445100475,imbalance
10122.65004288158,-1.2898916235120763,2.69946953225456,9.303874606459235,imbalance
10127.686862996688,2.77032908064896,0.4667489980367172,10.659364874382495,imbalance
10132.694834078182,0.4855272246754318,-2.0070846798584583,10.382219322984405,imbalance
10137.757338989431,-1.5760752197637735,-1.319580976213507,8.753610145546423,imbalance
10142.776543824788,-2.220104845503598,2.0265489468210385,9.373542179719315,imbalance
10147.867847749032,2.7105857401834506,1.4653469505841454,10.54832879661558,imbalance
10152.800880580086,0.6615728787621405,-1.7627050767245087,10.375925687681589,imbalance
10157.85936655472,-1.7005293805454382,-1.496792606938825,9.556850359634916,imbalance
10162.888548198622,-2.2633272210258166,1.8082133731241636,9.445837000651505,imbalance
10167.89554573852,2.128382539356206,2.065680695666708,10.183762772188157,imbalance
10172.8691379111,1.069859491483507,-2.004278665585959,10.73771919694111,imbalance
10177.94270410984,-0.7621121178058318,-1.6290274915993923,9.193172034783004,imbalance
10182.98241005008,-2.1832555976308075,1.0450285307463218,8.876831437483837,imbalance
10187.993563107178,1.7169763110997434,2.5166039089175047,10.203605579778651,imbalance
10193.013052503984,2.04556961368328,-1.8100105178427843,10.804414140910968,imbalance
10197.98315923438,-0.5067957752778585,-1.4520862755555906,9.775543972367132,imbalance
10202.945691418336,-2.549142000062865,0.2433422363664541,8.980030255189133,imbalance
10207.891522460935,0.8964634922905366,3.0323754171691046,10.053290625287593,imbalance
10212.867317882796,2.523025504729954,-1.118074554804373,10.646141138518342,imbalance
10217.87511578,-0.4208154645200946,-1.549441989027479,10.19254581704521,imbalance
10222.893640907649,-2.090444842460179,-0.6613223900027417,9.146239474279774,imbalance
10227.843534832617,-0.4393942511000817,2.819304727122641,9.865441469592048,imbalance
10232.716343679856,3.1944631566147774,-0.7561998303709999,10.928983250335262,imbalance
10237.712297177884,0.2070039724254414,-1.946180177628872,9.846456131299492,imbalance
10242.65700380816,-1.6208688183461006,-0.8779873586175553,8.69806196718961,imbalance
10247.63114267494,-1.7296200175968508,2.2534767418941266,9.552804687506898,imbalance
10252.67545507253,3.1985972645592207,0.9881156479792644,10.316522864749526,imbalance
10257.658882152791,0.6843603388639243,-1.4600964482724126,10.331661288720326,imbalance
10262.729756890203,-1.7348341418225073,-1.264804711335227,8.680355742477559,imbalance
10267.77375724959,-1.6070178186056996,2.407385282313169,9.194989903040227,imbalance
10272.798920759362,2.855069133992817,1.2630921569178564,10.719135656045577,imbalance
10277.783312862624,1.135589705780023,-2.06716157958069,10.23234041269494,imbalance
10282.802822085783,-0.9880670752824736,-1.373321023417725,8.795983751736145,imbalance
10287.81912223803,-2.3868499307205133,1.3253031401725015,8.958435742663212,imbalance
10292.882918603167,2.233581446836021,2.2198439699259858,10.370634955201917,imbalance
10297.931679407651,1.3591223347030668,-2.400301499716215,10.635678771635911,imbalance
10302.912220192711,-0.9089073448791491,-1.385904416835714,9.3498068580138,imbalance
10307.904040596968,-2.436609189939461,0.7781139007694416,8.875526308428341,imbalance
10312.94424507734,1.832587067357064,2.4559188080973864,10.202955483340585,imbalance
10317.893452177585,1.8949225851423148,-2.137472528518064,10.58245866222608,imbalance
10322.88581821238,-0.7543105512668171,-1.7257124954085776,9.42966242832863,imbalance
10327.803577062625,-2.3715766041349173,-0.3293548164688159,9.307499116739772,imbalance
10332.752909248553,0.4249660591458912,3.129497440108937,10.295080910938928,imbalance
10337.81526864832,2.496179334049346,-1.5135489057106657,10.8250690057734,imbalance
10342.839003198558,-0.1475332467297892,-1.39187983616102,9.784737239358194,imbalance
10347.860193965364,-2.3504286426888488,-0.3559517299492275,8.917329623151389,imbalance
10352.788387117218,-0.417003838772951,2.9413675728596984,9.908487130209894,imbalance
10357.694306572992,2.9788992859856456,0.1265767451703807,10.711738673021884,imbalance
10362.736328128633,0.018873405423301,-2.051151255945114,10.0692670227486,imbalance
10367.680301821732,-1.7207193658455286,-1.4725646030013233,8.891485275157502,imbalance
10372.674901857448,-1.49878782087162,2.5258159225449988,9.498257934637511,imbalance
10377.691669683298,3.0113723905903043,1.003395374101875,10.8247066054317,imbalance
10382.69181330282,0.3973224379015035,-1.955483156571312,10.062957047476672,imbalance
10387.709228164114,-1.4545630387118922,-0.8426655715855205,9.327232848183083,imbalance
10392.67177496112,-2.074563783119024,2.4053890653778187,9.376773840471806,imbalance
10397.629693516154,2.740873685791233,1.2986185665050325,10.70411925617202,imbalance
10402.572545705028,0.9666807161227642,-2.446740209924135,10.35388691803463,imbalance
10407.510661405264,-1.0862504951764826,-1.4188977803025966,9.392763963851628,imbalance
10412.5077771366,-2.7588713709704358,1.131694875517544,9.220324769386645,imbalance
10417.54488473921,2.238682985927922,2.844262363360188,10.64072100099648,imbalance
10422.542525032555,1.5098181460339706,-1.7396820517203213,10.517921244559046,imbalance
10427.473293261844,-1.2035778587511758,-1.600559732485116,9.417222458493196,imbalance
10432.510247732627,-2.416815143421952,0.7995071750522746,9.408320515000764,imbalance
10437.5745388523,1.5884189439633398,2.8393866253568047,10.442380751406404,imbalance
10442.624418617188,2.172813574957839,-1.564301813967078,10.7888039933438,imbalance
10447.591886675556,-0.7008416253924795,-1.646263723726712,9.37347659275197,imbalance
10452.632200179876,-2.4106741284616744,0.1269658693735716,8.97991165123488,imbalance
10457.59201402057,0.2099684055580705,3.6373532593514177,9.80735710396716,imbalance
10462.61958849866,3.0340235510269777,-0.6632012953478336,10.491566008912478,imbalance
10467.641894349188,-0.3202197781046644,-1.705997173637371,9.806687524142486,imbalance
10472.64212530562,-2.6364676165324443,-0.4431026998033776,8.884096405646442,imbalance
10477.647042870763,-0.9414879050918148,3.059424959314286,9.73634398984589,imbalance
10482.635266274809,2.8779278870403524,-0.5840693897109793,10.89645504146948,imbalance
10487.517789966763,-0.1837589382094318,-2.139583544507716,10.119021125251098,imbalance
10492.483319904111,-1.702003510342046,-1.3122015458614844,9.28253226273192,imbalance
10497.525807377044,-1.3392000163094793,2.703803176443839,9.32770851550914,imbalance
10502.57490144926,2.9202442153106616,0.3806008389484147,10.483982249181777,imbalance
10507.565963156268,0.5846934683753151,-1.8549091273475675,10.221638392849334,imbalance
10512.561083777977,-1.4126262821327893,-1.2360278331570145,8.910680042453595,imbalance
10517.526442520226,-2.0149277995424875,1.858163197596944,9.592384584129048,imbalance
10522.460235262008,2.527175976149419,1.4017372460193456,10.506159274265706,imbalance
10527.412909634617,1.1632745307969907,-1.85065982230952,10.177389761782464,imbalance
10532.37808962502,-0.9719007034911749,-1.4162476699946351,9.371441121964128,imbalance
10537.422285804496,-2.642554576683528,1.227223814085434,9.382980928928315,imbalance
10542.475141423063,1.931809082314664,2.500491590856203,10.25072697086656,imbalance
10547.527464307272,1.4588536664438445,-2.18440953593216,10.58588286987536,imbalance
10552.443563505542,-0.5907460450108634,-1.9426905798537972,9.13568367617054,imbalance
10557.429302117667,-2.4777248392646958,0.287617549058963,8.538354781300015,imbalance
10562.478712872453,0.9216603102362236,2.985455817216356,9.995858930541134,imbalance
10567.500874051524,2.2257363268734798,-1.2446819400754368,10.622987760703884,imbalance
10572.454035025738,-0.7724434564598816,-1.4153769176841289,9.576029599241622,imbalance
10577.43797356758,-2.522721847167266,-0.4904399268792905,9.005081599333515,imbalance
10582.439095922698,0.0371290369708337,2.969233043349508,9.563046388930587,imbalance
10587.42460311724,2.4333116360872533,-0.8407452189933995,10.830038965004537,imbalance
10592.44396400424,-0.1059742808559972,-1.971839142098078,9.78736455998814,imbalance
10597.544734104871,-2.554612641854169,-0.8711424834776808,8.827605099069414,imbalance
10602.66130976572,-0.4618442662015882,2.8319683880531263,9.794896828313966,imbalance
10607.578276338176,2.9695989275339625,-0.3186344943001909,10.883049676811453,imbalance
10612.610458087456,-0.1525871035921561,-2.203044775092924,9.840559350121394,imbalance
10617.682325563042,-1.8469020779887428,-0.9966443399342656,8.723243463566359,imbalance
10622.760132213718,-1.278263830529579,3.039988147792525,9.37988626330502,imbalance
10627.637043984323,2.4975955820254696,0.7530956272749955,11.031705281619526,imbalance
10632.622357166638,0.1327923290321416,-1.930035106389616,10.140694962691477,imbalance
10637.58170426768,-1.209758960219366,-1.4185832859365932,9.230902096244678,imbalance
10642.651579087964,-2.0137046998934687,2.3125740996796,9.121757794479349,imbalance
10647.595991437644,3.044350185564968,1.602300000618421,10.459092661083629,imbalance
10652.598231461936,1.0683904910198958,-2.2048701604108345,10.286909723569554,imbalance
10657.551346753706,-0.9333557581310222,-1.2457821207932578,9.313078122796584,imbalance
10662.605153267305,-2.545162254110936,1.5031201083436871,9.13928939868813,imbalance
10667.573749925816,2.181398083338551,2.6620783269346084,10.913102923035108,imbalance
10672.591824949734,1.6413654259555392,-1.9769055516083065,10.980984171988146,imbalance
10677.625809124578,-0.951052811802342,-1.6577804818823827,9.517417602850086,imbalance
10682.687092062706,-2.2458244561342435,0.3636860850035948,9.09817170665114,imbalance
10687.669427006904,1.4245414288707583,2.6589538203860767,10.3162185939823,imbalance
10692.67729626046,1.7498629683382882,-1.474645153309328,10.739871839371965,imbalance
10697.703021119449,-0.7567720231506425,-1.4630603237524005,9.677323458494172,imbalance
10702.672292023391,-2.5456260988761894,-0.1198339171525052,8.449036381875743,imbalance
10707.744762447424,0.6153845902978801,3.364149089377528,10.277134048170598,imbalance
10712.786348940746,2.818466776961396,-0.809565033021437,10.72764161353333,imbalance
10717.778779016104,-0.2801029770915155,-1.981005604631657,9.326458792491616,imbalance
10722.81218717204,-2.4625646497699143,-0.432234281091652,8.971714765733347,imbalance
10727.760994520144,-0.2721834683686932,2.8230662738672545,9.919641605699834,imbalance
10732.742569282962,2.8013881942418086,-0.4630049330817631,10.639018977720037,imbalance
10737.732903120386,-0.1569565752441807,-1.910274541942481,9.851652160369246,imbalance
10742.671582500048,-1.7859744145287286,-1.3399132983018678,9.16213631636769,imbalance
10747.610966249353,-1.4734082733049891,2.601804085809684,9.293057118572152,imbalance
10752.652590570931,2.5061570503991635,0.9912553472229778,10.78628467501618,imbalance
10757.684816044908,0.5367627866951074,-2.2303341397056515,10.289612983996973,imbalance
10762.683228731474,-1.4721786394745535,-1.1803095846038352,9.20000119079034,imbalance
10767.69160105777,-2.1334780026705604,1.9926569707725263,9.47745134276009,imbalance
10772.606509456082,2.6939006971875843,1.4219905554796606,10.31378265630756,imbalance
10777.650787536206,1.1048931752946791,-1.9761047508971008,10.216537597994906,imbalance
10782.704209028536,-1.2213541440075024,-1.3896908274487627,9.339343603283742,imbalance
10787.756423410385,-2.0234584707303256,1.5016515348078086,9.12284258032938,imbalance
10792.813476315345,2.3101963992974763,2.02929800547132,10.223475906547083,imbalance
10997.837067141912,0.9894683742196324,-1.97386975862296,10.388970073882271,imbalance
11002.89444097343,-0.4887727595478646,-1.9473795357277248,9.193409497923543,imbalance
11007.853767450575,-2.749171551828781,0.5748539078784101,8.91921061259797,imbalance
11012.925996475808,1.6854271837701422,2.756825006589245,10.403564465798928,imbalance
11017.835265205247,2.148356936782017,-1.8230561201666189,10.6271845773311,imbalance
11022.808484776971,-0.8589533409911988,-1.435707827776977,9.481790889241084,imbalance
11027.799679305868,-2.547408220481211,-0.0522145574235182,8.920197575122094,imbalance
11032.850828751729,0.5722725883565543,3.1424869629278773,9.985379946546592,imbalance
11037.834414743582,2.547968432573438,-1.092331080946458,10.705930591362677,imbalance
11042.758847376002,-0.6130732869507476,-1.5194850722976998,9.844814332187624,imbalance
11047.797388147112,-2.3236996520974817,-0.9202233988681936,8.745892894341747,imbalance
11052.848697217529,-0.2648176283748696,3.231110203782405,9.79582950524962,imbalance
11057.85960815518,3.171324930560769,-0.2711429716516085,10.93840892843125,imbalance
11062.828742873022,-0.1282069837154131,-1.922737750296308,9.78326960001054,imbalance
11067.859470373647,-2.08376702858592,-0.8784077845862058,9.21753254208383,imbalance
11072.909693557864,-0.9880872219505602,3.1256884278101555,9.60699580001516,imbalance
11077.936007937966,3.1941555672412174,0.3102008813141365,10.577223847076658,imbalance
11082.951374556207,0.2004301443899502,-2.089037347515301,9.6560946408523,imbalance
11087.920648797604,-2.011126473518172,-1.3192246085751842,9.040902840798369,imbalance
11092.871927623784,-1.6139132564247864,2.412755442354686,9.302709529521668,imbalance
11097.905195497042,2.8911454324067267,0.9576915480448268,10.589100901085306,imbalance
11102.907144674744,0.9915850166446556,-1.981279746993827,10.50852904602908,imbalance
11107.902382043383,-1.0943624853077834,-1.5866315379130629,9.227636505348611,imbalance
11112.889997576684,-2.418381733936181,1.8204454742785612,9.067960846134604,imbalance
11117.884397985375,2.34641836026737,2.439980622851677,10.320248355424956,imbalance
11122.853568483826,1.2990278460639424,-1.684445181957876,10.801799260363788,imbalance
11127.751156279428,-1.1184326233358508,-1.4228544653848956,9.12128128325202,imbalance
11132.857320096982,-2.416778428968428,0.8207538177183722,9.12028495808748,imbalance
11137.836347704462,1.314795305681007,2.9583171984248877,10.430018161018983,imbalance
11142.90383039722,2.1621363239263145,-2.14377441728497,10.435145667524118,imbalance
11147.916684691892,-0.6275739394281223,-1.3570881100765575,9.399574147859038,imbalance
11152.887832183354,-2.847027870608503,0.0337329198811777,8.861475038343581,imbalance
11157.81051170282,0.8410752803692579,3.1776471295878137,10.197929138017509,imbalance
11162.832843288914,2.4928717248450383,-1.043990256615327,10.397200091363148,imbalance
11167.759607976626,-0.5406559020331421,-2.2126962682246853,9.589237387959034,imbalance
11172.64749555856,-2.6198591212005407,-0.7060735703637158,8.856553038541225,imbalance
11177.71480382214,-0.2539042364016508,3.158348665838272,9.8115450882112,imbalance
11182.815938539188,2.5018345543743985,-0.567160179718367,10.883154567124638,imbalance
11187.84176881434,0.0979251328897627,-2.106434486537836,10.121727086466134,imbalance
11192.82533929751,-1.89362550278322,-1.2227779163132062,9.122868901268063,imbalance
11197.863080751891,-1.1994655296834105,3.3495792438422005,9.70055004841776,imbalance
11202.80579534668,2.853073959690882,0.4932669144773408,10.645509960139504,imbalance
11207.73735078789,0.1230849654092354,-2.061225440849958,10.134489373559653,imbalance
11212.71280055306,-1.5740951173113995,-0.9989699983844678,8.876906947078758,imbalance
11217.791638304903,-2.013402557675004,2.3968997594807884,9.29003626127849,imbalance
11222.664864894294,2.902522469536632,1.5028245460281715,10.730157117620951,imbalance
11227.628447857887,0.5055409720660522,-2.020243766216632,10.569966834392082,imbalance
11232.545257116011,-1.4721613622219354,-1.5090609212861967,9.789749272733712,imbalance
11237.478973302184,-2.8021575112620893,1.4302597701059536,9.387022678475796,imbalance
11242.527352014722,2.024000791695954,2.46487398738462,10.27333495446833,imbalance
11247.519255900286,1.2470143546678223,-1.6382711125407037,10.5705493024843,imbalance
11252.483435797058,-0.5260996326396983,-1.4725552959121455,9.311638575485135,imbalance
11257.528805525446,-2.464626985498353,0.2955628556345749,8.885100523640824,imbalance
11262.598554475424,1.3147641743773564,2.980100666119216,10.051602356184922,imbalance
11267.620264813191,2.1843114579669662,-1.5646074609570826,10.096608864939988,imbalance
11272.56326189874,-0.9464864722541064,-1.9861512958061984,9.6980294870949,imbalance
11277.5620614947,-2.2316032135422685,-0.1861819105209249,9.043073865829774,imbalance
11282.48127639408,0.3431802424457813,3.54080000554663,10.167247865626836,imbalance
11287.492575982398,2.4029685589103527,-0.767209949183826,10.768079054373768,imbalance
11292.552629603637,-0.5431767532444431,-1.846863562565696,9.96771615889678,imbalance
11297.556783435502,-2.3044065081825216,-0.6116453257921108,9.03391811076123,imbalance
11302.529074355189,-0.6700997375328993,3.145663755068876,9.910899056561997,imbalance
11307.559868552566,2.825389727888592,-0.2135908314140863,10.472691585644046,imbalance
11312.5321615021,-0.0939193581140762,-1.8808179178741624,10.048591937828249,imbalance
11317.460071559086,-1.666592006167899,-1.2581872763794992,9.36998089560034,imbalance
11322.469743526755,-1.5257697330320676,3.006051770141883,9.626338098407386,imbalance
11327.48964209902,3.1197437250523143,0.924324836987236,10.699523465176746,imbalance
11332.508227473165,0.5853651355606688,-1.883817517074117,10.170127359670396,imbalance
11337.514284576013,-1.1781690484403258,-1.5432177839452494,9.241864126217967,imbalance
11342.569433653269,-2.236118798085229,2.604841975043864,9.334545423535973,imbalance
11347.537621544772,2.558882756856067,1.673482780415969,10.34593686757676,imbalance
11352.52910980764,0.792475031238369,-1.96679526756334,10.53154008966616,imbalance
11357.54395034518,-1.4909550395460704,-1.305287862607181,9.416378380251826,imbalance
11362.502908326718,-2.764227558624878,1.4144742971266446,9.14677144721347,imbalance
11367.517467790332,2.0210936286934675,2.4354254033061755,10.21322911517152,imbalance
11372.567428284414,1.3061911477273236,-1.8419356954998751,10.270389418716949,imbalance
11377.616600627223,-1.0239633536838384,-1.7174950692734032,9.327337744874663,imbalance
11382.536847862664,-2.5902823447884518,0.371345621990195,9.232692553346302,imbalance
11387.524527519156,1.3499246549689343,3.223094176387546,10.249691806963806,imbalance
11392.546523332912,2.538746503034069,-1.5198115776212524,10.550816196071503,imbalance
11397.61192295205,-0.9632348704305832,-1.9150936425684408,9.78238437822973,imbalance
11402.701143135137,-2.7188009152480106,0.0013455437332009,8.965930792198677,imbalance
11407.721814236222,0.5886312515335443,3.395897985030996,10.049799615170654,imbalance
11412.714134631187,2.492080345919006,-0.9487587663804332,10.816434379024733,imbalance
11417.74585675899,-0.1876437016987705,-2.0692969453616694,9.950259735217584,imbalance
11422.783167764484,-2.303784343780329,-0.9110059266817914,8.821403858474069,imbalance
11427.810986101134,0.0907216329377188,3.0895377889804823,9.8397861867328,imbalance
11432.759939716252,2.672589827124855,-0.4279651246098943,10.800661625521812,imbalance
11437.776710242018,0.1513698161880578,-1.593713128388736,10.00900618477881,imbalance
11442.827034325652,-1.894869055965068,-0.959195725818064,9.000324669832658,imbalance
11447.819936057793,-1.5033599768297343,2.8480756494190653,9.54250997412069,imbalance
11452.84131171982,3.142499114970024,0.2056188177653628,10.747356862679348,imbalance
11457.881111779196,0.1381689558525676,-1.8313810160653807,10.31431220836942,imbalance
11462.938536355698,-2.048302261370732,-1.488181648833059,9.293728037515356,imbalance
11467.896736803612,-1.9015220367904129,2.615752846241992,9.26967954809331,imbalance
11472.961928475774,2.8867632945967068,1.5383127666174763,10.602317372677096,imbalance
11477.997743171069,0.9405680870255406,-1.963109475305279,9.662914102244548,imbalance
11482.993037865775,-1.3311320149537955,-1.3950907878008816,9.202049607384852,imbalance
11488.01951787619,-2.3240544299462016,1.912308813352406,9.104902977986944,imbalance
11493.15037506101,2.671310920396404,1.8350015442974383,10.145252480530903,imbalance
11498.168902780411,1.4157166992492478,-1.8994174656071576,10.34712768354724,imbalance
11503.173917820191,-0.9573506368003256,-1.5371790987303566,9.439004852360515,imbalance
11508.185070381893,-2.5478118764706483,0.9146634629482002,9.303598104077889,imbalance
11513.160763453923,1.8520624887512531,2.43799150753634,10.417728610248735,imbalance
11518.112188621502,1.701872366155911,-1.9667031075974608,10.494326024237644,imbalance
11523.150587281198,-0.7908032162342998,-1.6911555192039174,9.262840981073085,imbalance
11528.17504530167,-2.637875278483345,0.2735941952059064,8.727092003360935,imbalance
11533.12990900442,0.810437926482565,3.195165336457757,10.336507214758493,imbalance
11538.128249579218,2.425136071460183,-1.372872478992584,10.841262716977376,imbalance
11543.095573712442,-0.5328163973463994,-2.375734885841247,9.54352526142291,imbalance
11548.132847491546,-2.4993804012039647,-0.7320052480118363,9.11231891094147,imbalance
11553.184484724465,0.1689730512799681,3.0199502696177394,9.961695570477588,imbalance
11558.1805369733,2.746222705783821,-0.8647562917444487,10.206404064958615,imbalance
11563.203850400025,-0.7094486504947627,-1.9275280656474167,9.859337930379697,imbalance
11568.160476306695,-1.7429265591446426,-0.9525747843552316,9.014166191424684,imbalance
11573.076977460536,-1.0307499152829624,3.272573650584249,9.993513439277423,imbalance
11578.068388876049,2.7647621801705577,-0.0786617030020534,10.92558085844106,imbalance
11583.011269948438,0.2841602771045098,-1.9154192810619608,9.728773372296276,imbalance
11587.960003188666,-1.521001423944441,-1.0629892779416352,9.426156387606555,imbalance
11592.90478325588,-1.5009795205286116,2.3213785782691736,9.026978646258524,imbalance
11597.85377321162,2.6325549031650577,1.4258791591081998,10.275365622173622,imbalance
11602.847984856928,0.7630459907699497,-2.1227821791971127,10.227618646229836,imbalance
11607.800666456407,-0.9799694855748686,-1.4158487975484777,8.782678936297152,imbalance
11612.901767331829,-2.49236168733842,1.6227068100365631,9.352689659210233,imbalance
11617.89706359256,2.3467424221481195,2.181234406415532,10.407604557705634,imbalance
11622.90146459259,1.4140259697603217,-1.845823777943269,10.550678685667378,imbalance
11627.82655206933,-1.4038564487160765,-1.8769088424463043,9.196098532241775,imbalance
11632.782362854568,-2.844004402485312,0.7360127597041024,8.920941510841345,imbalance
11637.842007041982,1.8601925760867408,3.1348552893268526,10.13544794960838,imbalance
11642.875044807612,1.6572696559976223,-1.720115264884875,10.818336712178944,imbalance
11647.73674058195,-0.8353033789978164,-1.671437143771435,9.666360773231323,imbalance
11652.711988485287,-2.7068944570525675,-0.4818848809945343,8.988724384150814,imbalance
11657.750884355675,0.2809630396358355,3.179531729010576,10.212696253992668,imbalance
11662.751986227551,2.687162248961737,-1.122268515475524,10.713907914048642,imbalance
11667.709022111168,-0.0345142229615581,-1.647513737857086,9.646163392174184,imbalance
11672.703889339218,-2.4258555827429977,-0.5838057106553765,9.135721610569744,imbalance
11677.75272957664,-0.3024185845090018,2.9274908961308226,9.544645216165932,imbalance
11682.83526410913,2.717855951545186,-0.1671618713850687,10.492166749511378,imbalance
11687.85747185971,0.0597511794628009,-2.152860455073944,9.882096203389258,imbalance
11692.916331000568,-1.7762536844210786,-0.9689887299062616,9.17300839865624,imbalance
11697.91866815721,-0.9043241068901288,2.8985628494315034,9.639359375369914,imbalance
11702.926569309857,2.958307751591736,0.5958006959709561,10.847172274530203,imbalance
11707.956950976715,-0.174368318216162,-2.105492461739706,10.131916289992423,imbalance
11712.972225836887,-1.47595315128771,-1.1553094147357197,9.103244022298968,imbalance
11717.949707759082,-1.503233901089228,2.4973752246382905,9.240205896595718,imbalance
11722.940269558012,2.66247851691787,1.4174372782927969,10.67652540695702,imbalance
11727.895035338415,0.4640757217332941,-2.0691644150348614,10.629991583715258,imbalance
11732.903854400272,-1.20396517038405,-1.1922306338317166,8.743720043711509,imbalance
11737.874858498632,-2.308546288771004,1.393442255278316,9.222617103410736,imbalance
11742.822046024598,2.54847795969703,1.8191781040341055,10.270382478235202,imbalance
11747.751066163066,1.5033277529702365,-1.73480055219411,10.45204725452962,imbalance
11752.685220763777,-0.8103343716076006,-1.9169734570798809,9.529028680196124,imbalance
11757.708985540155,-2.637341523185662,0.6748206699921125,9.001300900566,imbalance
11762.77164415382,1.501081143152996,2.713146766816565,10.149799192146414,imbalance
11767.870836501434,1.6450629055216233,-1.650682626628255,10.679616010914623,imbalance
11772.804766068884,-0.9264596995083924,-1.572097248902609,9.476945122866692,imbalance
11777.705941985703,-2.279018369288789,0.0910916431339407,8.805412506974081,imbalance
11782.776369415002,0.7138847971795602,3.218626253313271,10.22177884593288,imbalance
11787.71671351459,2.7526734381277924,-0.7755524786680394,10.517860097510797,imbalance
11792.6892737556,0.0586267122529344,-1.5136583475546035,10.102699155354095,imbalance
11797.700753607756,-2.344289600058448,-0.5891142848294025,8.825182858127981,imbalance
11802.79427740632,-0.2769836604241704,3.369099734777131,9.242105930127508,imbalance
11807.77196415045,2.935066199014952,-0.4762558709690161,10.73589488544553,imbalance
11812.695314764673,-0.476797750716477,-2.0544464303139955,10.088530943164564,imbalance
11817.70912191219,-1.701294275259877,-1.055433951542723,9.1210210815822,imbalance
11822.703146219686,-1.2299178813064109,2.5932241652289694,9.432571131431418,imbalance
11827.669824910396,3.236169613411015,0.1127193005611398,10.559796458741353,imbalance
11832.68741390912,0.5281334534789469,-2.003006139911237,10.42901156963154,imbalance
11837.684655212364,-1.1638176776293443,-1.2959987504290085,8.8308142122394,imbalance
11842.675825685094,-2.275044714890127,1.9975363315320285,9.43876792410111,imbalance
11847.577291168936,2.540759381601836,1.4308131985319952,10.336977057728255,imbalance
11852.60845191868,0.4909811012181106,-1.7321162852086756,10.565374693160305,imbalance
11857.659480189031,-0.8248902701824261,-1.6247765156405267,8.946965113947355,imbalance
11862.646504884928,-2.52090676793746,1.4531416007467204,8.810035661640692,imbalance
11867.656138979102,2.2023586422587047,2.2597934123240275,10.58529846793063,imbalance
11872.685955771463,1.57310450618871,-2.3668605973233983,10.360722964732773,imbalance
11877.763546061651,-1.014865799250016,-1.4414598991978655,9.079775612676858,imbalance
11882.736345650985,-2.30824549976889,0.3430986582428343,9.299890277292263,imbalance
11887.74977714499,1.5181298253764273,2.9891421667807845,10.194064756217632,imbalance
11892.76176253507,1.9362599707928672,-1.8069559393764143,10.29157968999553,imbalance
11897.74377991344,-0.2754922261784455,-1.2789176859467006,9.654342844690811,imbalance
11902.743429712584,-2.4688074841471863,0.446856291009616,9.011476177819302,imbalance
11907.777100278265,0.4810918709996756,3.3555627180640384,10.03664075572377,imbalance
11912.752626228954,2.53579780033791,-1.1292755066606408,10.70311583336865,imbalance
11917.695881468426,-0.1097806623565091,-1.6685441390550593,9.147763903689851,imbalance
11922.631642486773,-2.2446835930075077,-0.944415287126036,9.18685129608808,imbalance
11927.653711527944,-0.2074649508178053,3.144573077766452,9.789428659498206,imbalance
11932.741023822287,2.740285475825574,-0.1416094895804454,10.85066536488692,imbalance
11937.674548146902,-0.3785833142062915,-2.252572402490948,10.039763389846524,imbalance
11942.644555411129,-1.890059163473684,-1.1983133496380984,8.881830651863249,imbalance
11947.603480885917,-1.5818791195697437,2.814142279988645,9.337643537711426,imbalance
11952.610570678422,2.9252792564864207,0.5978926524522167,10.607589093798916,imbalance
11957.530319136577,0.6594245784952878,-2.401801763009777,10.377519875480523,imbalance
11962.543837410469,-0.9487219707712508,-1.3303455303122564,8.884697312402004,imbalance
11967.569942967875,-1.989492455843244,2.0463414484182354,9.10631198244615,imbalance
11972.523733665115,2.604555993082694,1.7016581754438758,10.599578819387723,imbalance
11977.475479653993,0.6479210305824189,-2.131276103808837,10.92540734568929,imbalance
11982.450976947686,-1.043219960647089,-1.3923593211693577,9.26465790322368,imbalance
11987.48751439948,-2.328360514725081,1.0263720573859691,9.042320064482354,imbalance
11992.559566449749,2.264099501852591,2.0638292514410064,10.42809884887451,imbalance
11997.568890388087,1.936748224585216,-1.8085096483814933,10.6699667808074,imbalance
12002.610489797398,-0.9037525614217468,-1.5326807252072132,9.60666460868178,imbalance
12007.593093847949,-2.224239561669989,0.4216201757270728,8.795125492472444,imbalance
12012.686596575975,1.4705729049269571,3.1920281072916143,10.434589146060024,imbalance
12017.695512735218,2.17062594661621,-1.4319781284769246,10.93830009289534,imbalance
12022.724836344223,-0.206293953144708,-1.9125962178000229,9.710772606934356,imbalance
12027.748195509532,-2.6517764294341277,0.2490250245961596,9.107629388933484,imbalance
12032.63922740417,0.5414269467787853,3.557233674777398,9.951020786605431,imbalance
12037.642924777085,2.515625279064235,-0.953053399221392,10.710445881738323,imbalance
12042.624114829408,-0.3841758476440642,-1.867014844929202,9.688494223461856,imbalance
12047.561767403393,-2.1024547281694965,-0.4577792815437255,9.104443140208373,imbalance
12052.513701460895,-0.3806630702357062,3.1867464452856584,9.740570366552262,imbalance
12057.502667801553,2.551753038511598,-0.1079397833092326,11.00564897821857,imbalance
12062.52574509236,-0.1050553702579714,-2.2419560586547784,9.79227827108474,imbalance
12067.53254767074,-1.8681324216916364,-1.379136633257696,9.08708420025911,imbalance
12072.615662687054,-1.1932384038647177,2.7463897122435594,9.380240062701846,imbalance
12077.579788949562,3.1021284470519834,0.7629146178069628,10.846634692478174,imbalance
12082.648520931623,0.4653487808617053,-2.0798024901251986,10.01437925927111,imbalance
12087.70364819236,-1.6530098612035815,-1.4516883609835884,9.168726907550296,imbalance
12092.612506172443,-2.172464917861028,1.9242973159881185,9.307485499071024,imbalance
12097.560061253736,2.868126893861304,1.4922489871527946,10.48261803259421,imbalance
12102.574932402147,0.8244590604559496,-2.0847001812382664,10.654735016731337,imbalance
12107.574964277732,-1.210541283945726,-1.7709791657713594,9.54899810132084,imbalance
12112.555817542874,-2.573933216696144,1.0311750909141877,8.997072041859651,imbalance
12117.683363106602,2.32788477121813,2.767178054706326,10.47435641247962,imbalance
12122.704820766932,1.7274261020054429,-2.1168093793181457,10.337228502852556,imbalance
12127.682312649444,-0.927630330721356,-1.7174013366502583,9.367576732692996,imbalance
12132.695113057422,-2.445507737534572,1.0912909815822531,9.092403762416982,imbalance
12137.63892710177,1.3677790151752798,3.220366264225061,9.93575224042547,imbalance
12142.559001081789,2.1011527953371765,-1.5346228644105318,10.68459145479,imbalance
12147.552931615264,-1.1151895448425488,-1.7213762849106489,9.71666419379053,imbalance
12152.556679370886,-2.393360018161101,-0.1876448233133765,8.858971777877034,imbalance
12157.566188577146,0.4766262502899532,3.115676353221957,9.47953139459689,imbalance
12162.632983976637,2.728837491059651,-0.8570474332522902,10.773907975934964,imbalance
12167.660639660762,-0.1433231514379228,-1.7615382878192376,9.660342998039924,imbalance
12172.633805804053,-2.126286757721506,-0.5902205692405684,8.505481986139515,imbalance
12177.684323431433,-0.5878183667747583,3.114111699885092,9.673456399129496,imbalance
12182.6408717587,3.010730932729633,-0.0528023983990494,11.060825542438373,imbalance
12187.65668174314,-0.0287281487986963,-2.122828868424401,9.741363429635236,imbalance
12192.651645707328,-1.9958841400186969,-0.7025342824345365,9.04702314298494,imbalance
12197.642341562325,-1.237620756446879,2.775992141888076,9.60499500023188,imbalance
12202.67272940044,2.946299437700126,0.835246479254379,10.587687911249798,imbalance
12207.625597566288,0.5386224248665369,-2.323559902233061,10.21236468144823,imbalance
12212.694835007527,-1.231657355363112,-1.336244350773769,9.324281938496233,imbalance
12217.723615390869,-2.2986674445951243,1.943611950584206,9.654308731829296,imbalance
12222.691213783044,2.543674640077181,1.960140479747408,9.963618989811629,imbalance
12227.710635149364,1.09571747483788,-1.829981491251784,10.431730994135677,imbalance
12232.652074412206,-1.2426529236214257,-1.7183289053334974,9.142554549828928,imbalance
12237.564618323016,-2.375666437220416,1.6016846490762595,9.185160567430346,imbalance
12242.607013825393,2.0192913072863536,2.5268798638998007,10.152429008154469,imbalance
12247.601923368717,1.5268198682742964,-1.674596417145629,10.79782826039284,imbalance
12252.622804323622,-0.6689460486505647,-1.555749135297002,9.291876077591942,imbalance
12257.658568810337,-2.634841637610017,0.4044978448875388,9.079402463272976,imbalance
12262.628344453731,1.3359635621473012,3.231451968637222,10.465296778767552,imbalance
12267.64303474065,2.175415913734067,-1.9766139366064013,10.72125369688734,imbalance
12272.746627160666,-0.8388758315697569,-1.6078826729003093,9.557026318593609,imbalance
12277.710674880276,-2.4877496909598023,0.1201081960095981,8.44443857431388,imbalance
12282.70656507994,0.4408187957113936,2.987860690927484,9.978899508075056,imbalance
12287.788253350856,2.3163215128571566,-1.0025948600463364,10.652958343194344,imbalance
12292.70058404044,-0.6199143275433014,-1.949443183626254,9.706359849248114,imbalance
12297.71365892767,-2.43539387592291,-0.6234849667832518,8.965439349825585,imbalance
12302.668171816298,-0.5952392102002337,2.8801619087431134,9.554039534690386,imbalance
12307.636819408106,2.9402715916722197,-0.2928567027649044,10.629363945205824,imbalance
12312.639495244584,-0.3404856014057038,-1.9422049839927045,9.66530770396806,imbalance
12317.69319860258,-1.5594988116689277,-1.1408012929717923,8.852664254112405,imbalance
12322.678156009975,-1.3407954017631785,2.657760594725878,9.702148242708,imbalance
12327.70439803818,2.870346195658287,0.4077236135775362,11.212338779088986,imbalance
12332.662023386876,0.365215177255758,-2.33201246627472,10.433443794378748,imbalance
12337.6296011494,-1.4567851091497963,-1.1155376211583483,9.043717540233326,imbalance
12342.665625124771,-1.7594318407385725,2.1988398536643774,9.273342423380626,imbalance
12347.64808876386,2.768688389406884,1.4242566516322,10.630446636068523,imbalance
12352.56350249003,1.3475614577867567,-2.072959047047993,10.35590107821013,imbalance
12357.461480319833,-0.8050880037143533,-1.255989632833077,9.11031054557275,imbalance
12362.485426981691,-2.341243736000017,0.9892353401143829,9.355436869177865,imbalance
12367.4999212563,1.951243008811879,2.3651652734169533,10.439317273083867,imbalance
12372.475135685603,1.6684754096525742,-2.113052089029082,10.538126939874704,imbalance
12377.508958024728,-1.077623776367283,-1.725696108963691,9.51761260918883,imbalance
12382.576861489815,-2.705220157098857,0.0286180064218256,9.219813188389912,imbalance
12387.652630253737,1.1767090330861016,2.81021507374002,10.24004368117092,imbalance
12392.653241039125,1.9823191703631704,-1.6896438096742978,10.424715112777614,imbalance
12397.623428547542,-0.7384024866001381,-1.7830786374668373,9.40745249694781,imbalance
12402.619656019437,-2.744615756000878,-0.2146543522455844,8.909381418265362,imbalance
12407.616671584045,0.6634154307718267,3.2292467005684733,10.069997451094322,imbalance
12412.61395395352,2.3957658994134365,-1.1621631662377292,10.446500932733796,imbalance
12417.654663491232,-0.5641561503839416,-1.788127789440325,9.536095352327685,imbalance
12422.681878289177,-2.3196515231688317,-0.5964688946136965,8.974612122264304,imbalance
12427.608424722004,-0.441862936759257,2.9629606434121003,9.50145865169912,imbalance
12432.643042579808,2.956929322717097,-0.2278030777534546,10.683060765756784,imbalance
12437.59759106735,-0.1559609629867885,-1.8434074036973636,9.910731107698208,imbalance
12442.557726645904,-2.077708796736956,-0.8111631186764355,9.106959725555486,imbalance
12447.57380806612,-1.6174655042017283,3.129274480725584,9.909054044470176,imbalance
12452.490809070492,2.63053292470977,0.7591458134283415,10.306917916822744,imbalance
12457.496813282669,0.6500361117612785,-1.9635734374383549,10.312654768610416,imbalance
12462.511371350389,-1.5563277249765664,-1.4889062542168188,9.35281009019922,imbalance
12467.467418754908,-2.3358203706476144,2.077456110714266,8.806279364723071,imbalance
12472.404087533458,2.6779199729422305,1.5064704303242715,10.61275482895687,imbalance
12477.380335874364,1.1338963334258612,-1.9982195804602936,10.20282023324156,imbalance
12482.344765059182,-1.0625354578548192,-1.7321596629565867,9.06334076518127,imbalance
12487.30222885577,-2.3390360076343155,1.3406420338273577,8.949921406111631,imbalance
12492.37770834232,1.7694442259885317,2.860968646091079,10.065436176246845,imbalance
12497.338136445058,1.720021258145268,-1.497964342145101,10.302976857671108,imbalance
12502.42833322631,-1.0231083701750874,-1.6897159663770724,9.62477678722408,imbalance
12507.316504989078,-2.693659111656022,0.0826490839569004,8.852342258255087,imbalance
12512.303632322648,1.0268522411555774,2.760900686717364,10.315983192367376,imbalance
12517.325472808694,2.409478384360332,-1.4525348951660328,10.95085933338194,imbalance
12522.397116708818,-0.5171405813125207,-1.5049934221729189,9.793714172204323,imbalance
12527.3755962246,-2.4133537802860365,-0.3393068802172428,8.662572612294673,imbalance
12532.339670194338,0.1144915339888257,2.9352185091672,9.968297992287177,imbalance
12537.309788103215,2.557503301520674,-0.6231527107621624,10.827962203851676,imbalance
12542.2867553645,-0.0541899205745942,-2.147201904249856,9.910061429810868,imbalance
12547.266898929613,-2.190394605131329,-0.8594924919804969,8.81347245096717,imbalance
12552.299482001612,-0.6768493873052045,3.172785402779412,9.431981406905363,imbalance
12557.27898340921,2.753902790658416,0.1388803394998126,10.86813403559604,imbalance
12562.26141481762,0.1031262874477008,-2.717323537831094,10.270263070365528,imbalance
12567.28520660641,-1.9003305047072607,-1.2279513875712185,9.109465773865,imbalance
12572.364099630364,-1.6907279550660017,2.2082403276045994,9.532468286150948,imbalance
12577.311573209558,2.9228923415116026,0.5420014840404903,10.686979753014912,imbalance
12582.246617605026,0.5898917286284009,-2.353271830382196,10.219111160012265,imbalance
12587.287013758218,-1.1657500031091597,-1.6204877573189216,9.040735159358618,imbalance
12592.27395608115,-2.1746047210720985,1.7489956863180909,9.163334174850249,imbalance
12597.293975126067,2.10170457935331,1.6812697833041126,10.729605080644772,imbalance
12602.248573823725,1.1588390579123853,-1.993772421456928,10.605156878578969,imbalance
12607.318956390318,-0.9442533219466216,-1.5688892918864343,9.725929237982209,imbalance
12612.347217150364,-2.7630590398921644,1.089569042801715,9.118721912112791,imbalance
12617.397746736036,1.9065297240297776,2.2354218093494045,10.236973939306116,imbalance
12622.358263288268,2.0763699272188303,-1.9406178947624488,10.464008648113657,imbalance
12627.215036853824,-0.7335752078615132,-1.7384607989278018,9.115914724056427,imbalance
12632.182708349115,-2.753538982284032,-0.0534105442769953,9.1618068983396,imbalance
12637.12821933795,0.8939283057927623,2.816601376292567,10.050523843357263,imbalance
12642.154752095836,2.289334765238081,-1.24164138885106,10.712762160613034,imbalance
12647.139252008574,-0.4395648620103402,-1.818735878564989,9.70816894092552,imbalance
12652.111790826915,-2.524937689371272,-0.6998740918079179,8.900210936172698,imbalance
12657.131472774792,-0.2176283842431053,3.0867450181191303,9.64035162001712,imbalance
12662.087105035378,2.60561157292489,-0.6341924516035561,10.618338555112674,imbalance
12667.042751065455,-0.0703187083501834,-2.2117512278156064,9.687414165878304,imbalance
12672.071009860028,-2.0933486712414635,-0.81919343095514,9.177964620276024,imbalance
12676.99459169128,-1.2887341058362107,2.849883452796868,9.525834050209744,imbalance
12681.920802523451,3.237488549993625,0.5337803723967871,10.972142408963895,imbalance
12686.84468681105,0.3155317740896826,-1.8839988323078405,10.39761586481939,imbalance
12691.857386737249,-1.6268204454771924,-1.5684273651306455,9.09524482353465,imbalance
12696.90221026874,-1.9333276692316037,2.0387633555777227,9.113466975746142,imbalance
12701.91612453379,2.6193680776701784,1.4678493475131105,10.85406272793714,imbalance
12706.94300680372,0.8359304266731966,-2.169640757200193,10.270253013843634,imbalance
12712.056035612382,-1.154115552596484,-1.3504000884795169,9.21667194425669,imbalance
12717.077769913509,-2.5647627548165133,1.5107407978450635,9.00645639992437,imbalance
12722.098778106414,2.193787687042541,2.1427137055221968,10.528503314160623,imbalance
12727.115993910478,1.1991184936358883,-2.0514572313154664,10.260434697258557,imbalance
12732.144182839567,-0.8518331546490665,-1.925110946385145,9.176274432096724,imbalance
12737.129562631872,-2.776374418157154,0.7705073438402454,8.930119034526331,imbalance
12742.146264699635,1.763561372807228,2.620299028622813,10.133401677999386,imbalance
12747.1548488163,2.2635736491256737,-1.87916358238606,10.571202080646744,imbalance
12752.06622361756,-0.4480476097505307,-1.7968984223659008,9.608798720797154,imbalance
12757.05099020266,-2.762557019612273,0.1156372092816509,8.829521547993355,imbalance
12762.00977342139,0.7066380553945882,3.2584554388556928,9.84044818585017,imbalance
12767.017359703825,2.2663706604791,-1.011784362857599,10.69215029802569,imbalance
12772.06247197001,-0.6499683968352497,-1.3889173336714489,9.73725990024398,imbalance
12777.110675949156,-2.220736622298768,-0.4208188801920077,8.862996917355956,imbalance
12782.128771983642,-0.1879241117312806,3.205583764114119,9.79418710344283,imbalance
12787.206494812071,2.8291234386317647,-0.4247349189461262,10.824061636443153,imbalance
12792.285057963749,-0.4430830311429371,-2.074400356172001,9.87268132647582,imbalance
12797.243601329656,-2.3119016795049827,-0.791470834024952,9.120858625840738,imbalance
12802.19732737782,-0.902746310073834,2.80186889870092,9.657982050417033,imbalance
12807.250997497003,2.8306773764600166,-0.0070873770260154,10.657332517364669,imbalance
12812.252134708828,0.2292424559732325,-2.2936355461011937,9.866808559540727,imbalance
12817.280453706087,-1.763928717955913,-1.5877165548313772,8.90738089348915,imbalance
12822.312376557504,-1.602559135802019,2.428742777323025,9.4454096965273,imbalance
12827.329185538983,2.821950648735178,1.0249862432487988,10.428171865404504,imbalance
12832.355934678191,0.3910076814040115,-1.8488118892357703,10.411951801549137,imbalance
12837.35561232229,-1.7000676727183257,-1.104034036931148,8.93366094240827,imbalance
12842.286914666667,-2.4196571110893403,1.8670503520083936,9.282292837321592,imbalance
12847.272255900902,2.5037320276367003,1.8083207963652863,10.391261095561497,imbalance
12852.261339955789,1.2812463560166072,-1.969743007733432,10.394671117545954,imbalance
12857.314699961804,-1.1454356153514107,-1.6336788451171147,9.337701734313772,imbalance
12862.166100647277,-2.6174552387082235,0.826379411935568,9.355365421663548,imbalance
12867.189861230736,1.7554982809090898,2.959751424365866,10.126378578585994,imbalance
12872.2046122375,1.7947652812664194,-1.7565126977929493,10.288037105708971,imbalance
12877.260382762635,-0.5910299443850576,-1.7337947036158423,9.266663985823683,imbalance
12882.269558183843,-2.699673227037576,0.1041386828038614,8.986911288478131,imbalance
12887.253160892196,0.9621265241246296,2.8574892139179155,10.009940067926118,imbalance
12892.377331864203,2.0945123552867777,-1.7710184551347483,10.800370185462445,imbalance
12897.396316507362,-0.2390978035192722,-1.6942490575631524,9.438368541275942,imbalance
12902.417558852128,-2.2446527560915275,-0.4043998312683635,9.030662288697709,imbalance
12907.413357701544,0.1807535360847263,2.999704409450862,10.043563083491428,imbalance
12912.372731376625,2.84323721653091,-0.9581384663014132,10.661371220031691,imbalance
12917.344455925464,-0.3473652957576518,-1.8323622843936973,9.910068642861486,imbalance
12922.331173758845,-1.8902729569409624,-0.930401629594555,9.01441921731793,imbalance
12927.297145990138,-0.8196523957525728,3.25577237994817,9.472329156317516,imbalance
12932.240322238998,2.8052189412373574,0.2403776563968051,10.884962965196824,imbalance
12937.237829440674,0.0066289712459278,-2.108317872644533,10.365649008990344,imbalance
12942.23074404128,-1.701661172387721,-1.3765072795566815,8.905708347534668,imbalance
12947.250827404052,-1.528499621546363,2.605867316724693,9.606075020935016,imbalance
12952.196066217535,2.3569638231133974,0.9552052874252644,10.789817916796936,imbalance
12957.233471495423,0.7397903617050889,-2.0043107256130908,10.13094183024922,imbalance
12962.220654634157,-1.3658508886234215,-1.4439134310116226,8.725828425367023,imbalance
12967.19780031259,-2.53024452920542,1.867362543215548,9.306574251548136,imbalance
12972.184508397228,2.565082061333693,1.866249727106975,10.548307753916085,imbalance
12977.1198013083,1.0339790143798635,-2.098247280320781,10.372750270755636,imbalance
12982.100557495532,-0.8817046010993728,-1.3612033865603546,9.178089477245312,imbalance
12987.072088497607,-2.692230719950479,0.7457311890558012,9.005883989175164,imbalance
12992.19885164802,2.044672163348938,2.6274804524841158,10.124217267573917,imbalance
12997.091957873616,2.013824573400791,-1.498834424606641,10.656494943201755,imbalance
13002.100128200624,-0.4635650291788312,-1.812343912208756,9.354398762988646,imbalance
13007.08939533152,-2.605408604811182,0.2080007078342597,8.996044231548957,imbalance
13012.106886336533,0.9490518450227218,3.168413800933214,9.854404060140768,imbalance
13017.185429020414,2.1782675085396663,-1.3879899009984706,10.7604997221202,imbalance
13022.261344664616,-0.543996325458283,-1.5406533133029587,9.61976324931805,imbalance
13027.237082963811,-2.246340442624303,-0.3692759136250225,9.183197437988724,imbalance
13032.273062345326,-0.3940007767543236,2.7809449524387544,9.91782823037477,imbalance
13037.27958330007,2.59072540815187,-0.7641218600809492,10.344241251020902,imbalance
13042.32564179652,-0.5690488696921607,-2.137131618141574,9.548492649417726,imbalance
13047.330121831215,-1.8818491682549103,-0.9634948050284516,9.071486687204294,imbalance
13052.27195881826,-0.7072901447198018,2.682477021660891,9.822316449855869,imbalance
13057.30740106026,2.827035586668207,0.1365530900545533,10.906461686225128,imbalance
13062.37731056774,-0.0289893215164534,-1.945314192082964,10.156099412624586,imbalance
13067.38511926893,-1.9973713682970275,-1.1989618896692933,9.221590407069751,imbalance
13072.391301367428,-1.9186092318563963,2.3012849026311835,9.48045604801853,imbalance
13077.381991089058,2.6176748146064788,0.954508431071776,10.272236275602395,imbalance
13082.436082204102,0.7535970222686165,-2.174945454523564,10.468101722692882,imbalance
13087.45956488284,-1.6033075857324313,-1.5303834085886563,8.657789118710205,imbalance
13092.425412725828,-1.781653522310832,2.127225227864159,8.9038474987064,imbalance
13097.4458276496,2.84617307236984,1.7001551953212335,10.773085844650929,imbalance
13102.501508684973,1.307982253985345,-2.0695150319244666,10.398147774475436,imbalance
13107.447756488453,-0.9612191224002192,-1.587012673244277,9.093177591558575,imbalance
13112.478947304397,-2.5493339633495564,1.3251330002969044,8.797643918339453,imbalance
13117.462667806303,1.734789493087654,2.6171859627191933,10.266472791408468,imbalance
13122.35672058141,1.7905090256558231,-1.6873644050476873,10.838274030815771,imbalance
13127.325162547386,-1.0070862714629338,-1.5346541332904595,9.492175462322914,imbalance
13132.294763033711,-2.5515013990624293,0.2216655490817159,8.794205459267186,imbalance
13137.293785778407,0.7637567991142765,2.9223051923822645,10.04804116105659,imbalance
13142.323528541783,2.316852616986884,-1.0568005395921416,10.91136309472082,imbalance
13147.283764398986,-0.4112032995762247,-1.4751870220198648,9.500674534285343,imbalance
13152.167396830371,-2.5498411982873184,-0.6822425990467774,8.80659628910154,imbalance
13157.16219092979,-0.3307815988911728,3.2016559024316376,10.301458098916216,imbalance
13162.132420521291,2.814259784727342,-0.5247816574632113,10.498243553596744,imbalance
13167.18199964263,0.1285140311485281,-2.100715798098935,9.636107867955266,imbalance
13172.17443884152,-1.8998944998875165,-0.8254215681328892,9.159929615093972,imbalance
13177.279907539752,-0.869497747531372,2.74813713135475,9.18760614109323,imbalance
13182.326530127162,3.4324687621553,0.1568261265513813,10.541497394624898,imbalance
13187.40055658624,-0.1397466404651488,-2.195407897255385,9.864986590146488,imbalance
13192.507165324609,-1.7796826270033337,-0.7658351228601781,8.82175321580951,imbalance
13197.460563261744,-1.2704689111868406,2.610085475792958,9.507874361489856,imbalance
13202.391011025096,2.4241091016695364,1.0283498966006686,10.62933175470601,imbalance
13207.428501218485,0.1037446921934323,-1.8925116409897575,10.312459585457251,imbalance
13212.44139895224,-1.265379687585299,-1.347731512393859,9.32483094738785,imbalance
13217.387577357393,-2.3317671589443822,2.1526233083031583,9.261405173857426,imbalance
13222.432957676792,2.502436825593933,1.974342548001479,10.054448488538794,imbalance
13227.497290190622,0.9725497505639168,-1.9032176427784264,10.317608696510987,imbalance
13232.441021606272,-0.9480981005068224,-1.9474480661029308,9.080265420131942,imbalance
13237.411342727642,-2.3756316779270947,1.3732774950569908,9.031726869181592,imbalance
13242.369584396514,1.94863306984156,2.7222318806632244,10.391774639575331,imbalance
13247.30451113141,1.8972318626585547,-1.585911877893073,10.396229847860642,imbalance
13252.33205276096,-0.6016335544837447,-1.769198259320102,9.64328204420292,imbalance
13257.334100491647,-2.796986036261764,0.2008662180965168,9.049444634704448,imbalance
13262.38304821438,1.1025639135180347,2.7193995469925056,10.205979456870008,imbalance
13267.373626132496,2.2507137098273104,-1.509753115559208,10.807404666443736,imbalance
13272.306212855765,-0.3169580732064404,-1.8850525341085127,9.597772142535463,imbalance
13277.371365531804,-2.643941354614044,-0.2812542132374877,9.140369281315738,imbalance
13282.338057343411,-0.0281074989678554,3.533083658920187,9.9696486903583,imbalance
13287.356601264804,2.957516139054849,-0.6918672031203319,10.87936297800984,imbalance
13292.305120878123,-0.1229263537565339,-2.016711091429868,9.725459474949536,imbalance
13297.350235882755,-2.330064054806789,-0.6336136688707668,8.70997674284567,imbalance
13302.38490539346,-0.8032302710195302,3.1224832606421997,9.596854224629448,imbalance
13307.330200731,2.959629658976719,0.5292053124169592,10.807983307043315,imbalance
13312.352556849584,0.1422620950186106,-1.9448833263774452,9.804816789055804,imbalance
13317.42112928404,-1.850030930230056,-1.1122415388826008,8.993852237697388,imbalance
13322.441629682397,-1.6698104395895217,2.529164217011,9.48397354380438,imbalance
13327.44389265788,3.075975140909205,0.9643661245848812,10.724330248725083,imbalance
13332.44292528973,0.2852923623936498,-2.375303615236195,10.278276044778874,imbalance
13337.471872045207,-1.6676211078383036,-1.4200407573274345,9.371082794467112,imbalance
13342.581906020652,-1.9405522397351609,2.1439440253843136,9.556261909612036,imbalance
13347.57542620631,2.9274516508452346,1.562563992641136,10.560694319956928,imbalance
13352.58947754115,0.8758011956536998,-2.170238527323726,10.741180417258873,imbalance
13357.586461642102,-1.3416530354956444,-1.40553634731239,9.059552079384217,imbalance
13362.524728849528,-2.45141525455274,1.1491162993843338,9.25910177110393,imbalance
13367.571358459878,2.050674936789747,2.4678183784773986,10.44867383964306,imbalance
13372.53075747984,1.228728631410989,-1.7490114263229426,10.885152560073363,imbalance
13377.58007295716,-0.6861195371862648,-1.6341258986482456,9.345337270939105,imbalance
13382.528772739926,-2.775587611085256,0.5925162984270239,8.787297229156792,imbalance
13387.507366455362,1.1137132303918795,3.177153816871178,10.311108726879189,imbalance
13392.542761701572,2.1932070012807063,-1.447382262057549,11.013035433781328,imbalance
13397.552255824068,-1.0777381925788363,-1.6473587480073668,9.417734131701769,imbalance
13402.570276587696,-2.316236300559359,-0.2303191017922735,8.80950286534899,imbalance
13407.599147194009,0.6501278614520223,3.4575741462352667,9.8300205400905,imbalance
13412.661126074308,2.776543261218656,-1.0326668181645178,10.265720749766064,imbalance
13417.646977874208,-0.1779158629860753,-1.2696670282262883,9.633697534394615,imbalance
13422.670416952262,-1.9758324468916424,-0.9551574079777072,8.852681874891282,imbalance
13427.723528026909,-0.2014338872919195,3.100676187884598,9.936039502113656,imbalance
13432.7460961698,3.1764965012113957,-0.2096630997857806,10.76839006907559,imbalance
13437.70935225483,-0.217871270136813,-1.4540012012199546,9.949562629982069,imbalance
13442.711896313813,-1.8624604598718304,-1.3597515838182643,9.159106858786306,imbalance
13447.734222659432,-1.460082876811691,2.835786519586048,9.717121005830212,imbalance
13452.757205650718,2.989627103107922,0.4445726914014686,10.703931956026643,imbalance
13457.739832612748,0.2005848945747286,-1.6603343472604477,10.073564027748942,imbalance
13462.747287785398,-1.1568086638593529,-1.0554327455757715,9.06793657654051,imbalance
13467.810180717484,-1.9793150306276028,2.4965558314099345,9.368849419730182,imbalance
13472.84834929829,2.6876086884522,1.27694249652841,10.597037200422994,imbalance
13477.77482323024,1.2717144276954042,-1.863145727509024,10.313433812263094,imbalance
13482.79709416978,-1.4611013890648838,-1.5371929088134193,9.2658713168764,imbalance
13487.85550587274,-2.70294005081048,1.689398614376907,9.070647838819996,imbalance
13492.865518170149,2.2219115206478195,2.388436168889003,10.26007671797944,imbalance
13497.872966961091,1.4033884942636592,-2.0101434400316096,10.785556619626892,imbalance
13502.954747080934,-0.7262489923146094,-1.7680014502973198,9.38887044193983,imbalance
13507.927139713562,-2.661084104303886,0.6084810965911869,9.320675685972471,imbalance
13512.885515235748,1.5804991665024937,2.8696068777944976,10.2447514782699,imbalance
13517.853992969542,1.8212334467318303,-1.803610179108497,10.801943057198104,imbalance
13522.893956311176,-0.7845980370185418,-1.648057857702041,9.474861612831443,imbalance
13527.858471743391,-2.733561886186788,-0.2072349688286612,8.732834845280053,imbalance
13532.909878446448,0.953417451953536,3.060382313572243,10.12992656840964,imbalance
13537.881807525038,2.586115399007598,-1.3830730794866457,10.783260472261446,imbalance
13542.88259121977,-0.301839068630333,-1.9379362312007773,9.94061370377477,imbalance
13547.77778042367,-2.4969970332563136,-0.7934145741581384,8.821389926774428,imbalance
13552.723011440225,-0.2742601586105259,2.9110124520666227,9.776781081309716,imbalance
13557.744633758535,2.799939048813628,-0.5278641792830342,10.444690240591388,imbalance
13562.78846032773,-0.2464258222135696,-2.212402514072764,9.559440414738466,imbalance
13567.756723515822,-2.046226719806445,-0.9593564259160648,9.192256516627417,imbalance
13572.775230551422,-1.1822772269706194,2.7340280521276807,9.56867261299734,imbalance
13577.733372940986,3.222597486000637,0.5505665006357243,10.722603659049067,imbalance
13582.827742738024,0.5854361956384118,-1.6902549351457814,10.1283706663707,imbalance
13587.813046515672,-1.3164478866352274,-1.2790130914308553,8.987674460805815,imbalance
13592.747800969364,-2.011120658744479,2.144688682512164,9.323971968701713,imbalance
13597.815906826832,2.8122708987347584,1.75093809021138,10.690473506199352,imbalance
13602.679205768663,0.5493512760493681,-1.9014994885429175,10.390768351306424,imbalance
13607.601818317917,-1.4656620842612045,-1.1366143415414829,9.381034625676785,imbalance
13612.550001159272,-2.2187775615636385,1.3713908892465498,9.003362597369845,imbalance
13617.550045373484,2.2129628988077523,1.9967375892603565,10.387052901918288,imbalance
13622.572034187591,1.167960499390264,-2.1040477713570485,10.471960586647004,imbalance
13627.63220713186,-0.9653487875567864,-1.9696037879976716,9.334296249199596,imbalance
13632.641167964628,-2.4850754093776044,0.9160316683032276,8.862067642834932,imbalance
13637.62075880173,1.4796840447151205,3.0341224196789924,10.36576706869453,imbalance
13642.642071912716,2.212364697745677,-1.3696484347302502,10.517747307311392,imbalance
13647.607661813969,0.0480939792265497,-1.9872528540360488,9.83252121794176,imbalance
13652.622219189769,-2.318918042220389,0.0213267534201887,8.57347786286144,imbalance
13657.62244516209,0.5513671029758761,3.1666476214615726,9.979992038642855,imbalance
13662.587510869642,2.5265308509318034,-0.7242177939052015,10.74673452112259,imbalance
13667.699601591366,-0.4015765849420719,-2.216833252469618,9.44006865864921,imbalance
13672.702217433532,-2.018029571149628,-0.1215615902257041,9.005306731898264,imbalance
13677.683543284418,-0.5314947870316233,3.018218126651034,9.934923902886988,imbalance
13682.67933471644,2.923237297509559,-0.2371960880635443,10.420340369809615,imbalance
13687.750440782847,-0.1815675962160205,-2.239398467507969,9.819453587766157,imbalance
13692.79556361274,-1.2623743935226897,-1.004775713428665,8.725735157991148,imbalance
13697.7939155959,-1.24277554236437,3.000782225341036,9.582711531823476,imbalance
13702.753286706416,2.9126127881281763,0.718597877602545,10.604986109433025,imbalance
13707.761987189651,0.2069034449866052,-1.8524798413287629,10.02349148132832,imbalance
13712.718789173245,-1.7327523362748578,-1.6634840465380911,8.903907689909609,imbalance
13717.734847038566,-1.933757612479959,2.10568334907184,9.453279935789537,imbalance
13722.681941912828,2.602989502098373,1.6778036246650083,10.398061107972245,imbalance
13727.660065635093,0.9032768290400705,-1.8089789718538596,10.566896138525602,imbalance
13732.639557426091,-1.5127873676514283,-1.577712200254039,9.314863785185828,imbalance
13737.544668366474,-2.4076503161548555,1.3170505162092685,9.522152589195922,imbalance
13742.57910849042,2.001890596735625,2.482768860389503,10.871020992808578,imbalance
13747.509439297528,1.7276868969385295,-1.7256881914776994,10.614630972063503,imbalance
13752.402605628691,-0.6715699312751062,-1.550926607014118,9.248192519854175,imbalance
13757.468604326115,-2.688649904315957,0.2985531482716965,8.866422163133208,imbalance
13762.476860663168,1.2230702313687614,2.87750680393792,10.27642979852704,imbalance
13767.433815779732,2.328703143849569,-1.6182860646256174,10.889894359380047,imbalance
13772.427978287014,-0.433509739229754,-1.7282450135345522,9.669591608812322,imbalance
13777.463218801611,-2.1228417384897798,0.1650199777068694,8.936164793305009,imbalance
13782.452730465498,0.2384664597819681,2.8165329646036703,10.195600926281386,imbalance
13787.460824882744,2.6555497195579187,-0.9258314613698266,10.560963298619924,imbalance
13792.434687541943,0.1283466474224872,-1.942557201596684,9.880835655063342,imbalance
13797.384207414523,-2.4068397818432543,-0.7857939089248547,8.731451267861107,imbalance
13802.386448830734,-0.9357177012034068,2.863163594803801,9.792678921039869,imbalance
13807.383106652453,2.593770528055682,-0.0030459635759374,10.460360246701232,imbalance
13812.431600544513,0.4347667507752547,-2.15270354214929,10.048592471807613,imbalance
13817.492182264272,-2.231291875955004,-1.3432763310043234,8.827403201185696,imbalance
13822.53683025717,-1.1131392748131814,2.332534987783299,9.706167627541628,imbalance
13827.556182598077,3.173359380422306,0.8446137488929507,10.35924597526771,imbalance
13832.57258982556,0.5672368823709106,-2.1430821682331884,10.170948708068448,imbalance
13837.64209851182,-1.6895299321795765,-1.1869814363579283,9.194952949804012,imbalance
13842.571288876788,-1.948540164679222,1.8182329698987256,8.88859740223029,imbalance
13847.60652105112,2.7645527911386933,1.6176998963365958,10.584424775430708,imbalance
13852.651277359364,0.7100807156805975,-2.2740477985288376,10.445282878806498,imbalance
13857.745126806249,-1.2297024761561417,-1.0465744551427296,9.023240629936431,imbalance
13862.714931744458,-2.7580338179179065,1.3933062589441645,9.260838490154269,imbalance
13867.61194807546,2.14641026027876,2.3079212464417345,10.416165251611066,imbalance
13872.647823560368,1.7661980078226618,-1.667170161282849,10.39191235387262,imbalance
13877.671430330867,-0.9602139496669002,-2.0455944001205397,9.466539542868988,imbalance
13882.662814243426,-2.778309279647813,0.4395090017077674,9.041896014337338,imbalance
13887.731097055374,1.3315792098860957,2.9117502315321078,10.162147905052318,imbalance
13892.661935203469,2.431164070367621,-1.302578047773134,10.64696788804222,imbalance
13897.65716264112,-0.2057480899716682,-1.7015325072410294,9.724117819062544,imbalance
13902.596041450395,-2.328362638406828,-0.4517758491691137,8.91049210841137,imbalance
13907.589301584962,0.5160153463725364,3.249543031310508,10.186689288642787,imbalance
13912.69005008735,2.4263792341741173,-0.681076368886911,10.782551605658144,imbalance
13917.751873998288,-0.4244484632515086,-1.8093785207214383,9.57666598233755,imbalance
13922.704971234882,-2.019589383038777,-0.5053950940346269,8.858942314836863,imbalance
13927.672383614869,-0.5283123191815149,3.0700244544239075,9.55697966566826,imbalance
13932.629518084885,2.893371062861533,-0.0426663538410795,10.585534771819129,imbalance
13937.57480481433,-0.2001103281894133,-2.0652880692638744,9.9194832116934,imbalance
13942.634683569431,-1.650116733718984,-1.00154525575452,8.677864990338017,imbalance
13947.660589334602,-1.5839600165769232,2.640542381679717,9.442221475088171,imbalance
13952.640107923646,2.946163712343961,0.4875128556731686,10.556909700006653,imbalance
13957.59445908756,0.5680842802461119,-2.1439050318213018,10.349884760948129,imbalance
13962.6063225972,-1.1533094565113802,-1.509365328929401,9.063924640875983,imbalance
13967.571897171934,-2.265061672803403,2.2626443473482905,9.031634593765048,imbalance
13972.59527607181,2.7839297205348945,1.5761059902671422,10.716857826124675,imbalance
13977.648917285527,0.7087906259698825,-1.9331345275696443,10.162651108077313,imbalance
13982.69813579911,-0.9098744829115804,-1.1513430089205032,9.247048788275388,imbalance
13987.690424597204,-2.299027730864436,1.3609839628547675,9.17822361715777,imbalance
13992.694755336768,2.200656282828068,2.6622808527415724,10.312759818287052,imbalance
13997.748116015147,1.3946137978376916,-1.597242402994688,10.561204808928776,imbalance
14002.814269038106,-0.7307453829424801,-1.6267164864117647,9.382953930272894,imbalance
14007.81015231238,-2.613881141195625,1.0186834829448888,9.012631264733644,imbalance
14012.78657936324,1.4125143264922686,2.675583512804764,10.26096334007337,imbalance
14017.815612216344,1.88831462034134,-1.819090445487893,10.596483522940987,imbalance
14022.70135273308,-0.8963330609445537,-1.5645814057675196,9.84136444699027,imbalance
14027.706731465129,-2.556768756934935,-0.243453456742879,9.044756090543537,imbalance
14032.667064858388,0.2464132196374281,3.2137992401406343,10.30653172668623,imbalance
14037.658352068818,2.904539133282822,-0.9151792606889336,10.569975793598315,imbalance
14042.621993210732,-0.2243846176774432,-2.142050691120235,9.832257347750184,imbalance
14047.628522878204,-2.2860559126970883,-0.4858605200256677,9.051648659082211,imbalance
14052.62737571394,-0.5322810062760751,3.274472046529889,9.694412084781009,imbalance
14057.587256340345,2.9875103462617023,-0.3112597104789057,10.819055269106588,imbalance
14062.46744275398,0.2124794317339598,-2.317497184033668,9.852841234082836,imbalance
14067.509220798242,-2.22231026869608,-1.5378166759923828,9.093962361883904,imbalance
14072.378854642033,-1.850357593636197,2.5096459556186805,9.188620326232163,imbalance
14077.31808561584,2.6875529344292057,1.090239308788086,10.628129944553638,imbalance
14082.367616333746,0.132387536716069,-2.331301718776519,10.49700662531947,imbalance
14087.408145614509,-0.91004121850425,-1.0696412636800745,8.907567621328779,imbalance
14092.429979797742,-1.5750313061469576,1.8577389192241007,9.410929112476325,imbalance
14097.369899501811,2.4390038146711897,2.153952833444676,10.668623994698764,imbalance
14102.352762856175,1.1404728552591736,-1.9008919044485937,10.374228134360791,imbalance
14107.302932396766,-1.1050367634088232,-1.7548456807104067,9.12425093247755,imbalance
14112.308961467676,-2.636411487418147,0.865473123937313,9.503268127663535,imbalance
14117.322446337415,1.9839535784801536,2.409567186063011,10.286558416479895,imbalance
14122.30071627128,1.7912120799026083,-2.0439342030233933,10.494967349178827,imbalance
14127.33469417374,-0.5411430959394592,-1.7051861694327572,9.575191534378348,imbalance
14132.4171118745,-2.241199141563228,0.3019077090549671,9.265115729651807,imbalance
14137.41847277026,1.4848612102891745,3.00024065245532,10.285666859881674,imbalance
14142.483013608122,2.053854493148059,-1.3125104336936886,10.825842551035327,imbalance
14147.465345088192,-0.3054078788448598,-1.8272080454416069,9.4531742345342,imbalance
14152.449046539894,-1.9760726017514376,-0.3116140401354989,8.966476791272038,imbalance
14157.468659991182,0.2251528598249518,3.1204240289471823,9.844784225369033,imbalance
14162.46583712197,2.8446904573039555,-0.7228815079845823,10.929103082358589,imbalance
14167.465419843104,-0.3620275282459217,-2.073969773064348,10.101422480915652,imbalance
14172.43050499403,-2.132065487787124,-0.5187448382596538,8.259349236670664,imbalance
14177.389145018033,-0.84732018198771,3.025915817258493,9.711877181586395,imbalance
14182.304583740626,2.823970046842387,-0.0364116598481754,10.435270281925789,imbalance
14187.254928786097,0.2414972953493849,-1.9634848507478773,9.785393323348364,imbalance
14192.265928543811,-1.5949633215647496,-1.1904235511829933,9.073011047358444,imbalance
14197.274276507109,-1.3663850282301386,2.490057082933918,9.462595806410496,imbalance
14202.26421736636,2.977430248896315,1.1658984505191476,10.325132201662278,imbalance
14207.287588644096,0.3608209035366814,-1.6229339947144603,10.206630715120523,imbalance
14212.221044451338,-1.711322561461261,-1.1829573969119425,8.859372249971194,imbalance
14217.213042186291,-2.5853888631347224,1.6000564948846632,9.350776765345318,imbalance
14222.195651032973,2.161977240472023,2.326408595978215,10.635797359507215,imbalance
14227.187319522069,1.4453893628634824,-1.706788292790421,10.246140043106006,imbalance
14232.27175707832,-1.5791939821991032,-1.514516037953993,8.754861708086498,imbalance
14237.33130455503,-2.832419330487166,1.1290080824192277,9.31038849925503,imbalance
14242.3409191811,2.0156671416821905,2.593366251236379,10.305677784893144,imbalance
14247.355461007211,1.9119577314735017,-1.7162748462075406,10.131346594231704,imbalance
14252.311139212266,-0.5435116592804297,-1.842878454094514,9.518123416607352,imbalance
14257.387836936112,-2.4255649327014144,0.4497881186188397,8.798531063960349,imbalance
14262.371640738456,1.2885156145671908,2.995321166115584,10.180442988734258,imbalance
14267.362616837385,2.6628733466775536,-1.1445058512229371,10.431460211143062,imbalance
14272.366039288854,-0.6121875551681697,-1.7429292332701245,9.540152503038268,imbalance
14277.39390686836,-2.301410223453424,-0.0548703989864877,8.967507520515413,imbalance
14282.369924879278,0.3418858767840532,3.059095146842237,10.022574112268428,imbalance
14287.343854467365,2.904492124015317,-0.8336687896702422,10.815893187825676,imbalance
14292.355321440293,-0.515893609304317,-1.7824331734084775,9.6231371398671,imbalance
14297.297695241472,-2.1223454419961967,-1.2003530698701963,8.978862893952346,imbalance
14302.29347976743,-0.6762787142551563,2.83440389577482,9.350288772653444,imbalance
14307.26816403687,3.4253777247725665,0.2569088235793345,10.600464457805804,imbalance
14312.27778492659,0.0577124329963017,-2.3455488159611684,9.91714552780588,imbalance
14317.339665050762,-1.8460304215692076,-0.772004225659118,9.294613925402656,imbalance
14322.313434869146,-1.751427435206026,2.287363552334269,9.50655523909903,imbalance
14327.231628292797,2.855189738863324,0.9307649920097542,10.820804031209436,imbalance
14332.222833773703,0.318664387984607,-2.0138194729053143,10.171562431488631,imbalance
14337.192984176598,-1.374374838277778,-1.4509602481019517,9.220473265645843,imbalance
14342.2174072151,-2.3436233120561725,1.3019076064835469,9.091996079773056,imbalance
14347.143752655524,1.9781163163110087,1.879754562934447,10.623003533095508,imbalance
14352.076258294466,1.644842314799849,-1.7153905189712464,10.797788313222568,imbalance
14357.018948242709,-0.7132907738686329,-1.475240670757254,9.20961747391241,imbalance
14362.029280262352,-2.7495745243999083,0.9133691586609968,9.100469250207809,imbalance
14367.028062451309,2.031877440132935,2.951266594441033,10.363217634608112,imbalance
14372.0957567144,1.9265486151140567,-1.688553429705377,10.619698724908766,imbalance
14377.13098909375,-0.7183821066481714,-1.6865659458899054,9.370676672764375,imbalance
14382.171001714742,-2.143400609317609,0.3296274523160957,8.619785867841097,imbalance
14387.199061331465,0.5517943683321731,2.9577926247041386,10.130295892012771,imbalance
14392.264649174229,2.5730679629729467,-1.1772947537948282,10.811349791199984,imbalance
14397.362413961571,-0.5701854506102415,-1.8555581012350268,9.85878539015631,imbalance
14402.380532997591,-2.75534718427103,-0.3809224823732853,9.16033095600752,imbalance
14407.422343875924,0.1613516321771472,3.313242910133768,9.88635791664103,imbalance
14412.454046922436,2.676789972165936,-1.1433131498612588,10.558980142043804,imbalance
14417.308233149077,0.0855201673656669,-1.7576950857227631,9.71730020173505,imbalance
14422.3153586323,-1.9989136731334696,-0.7920648297039843,9.205035440208468,imbalance
14427.347592428325,-0.9440568125814902,2.992038548236695,9.875240097455093,imbalance
14432.370103181926,3.0635877367542306,-0.1331007092060347,11.073489314981336,imbalance
14437.417631472084,0.0180195977512456,-2.0128382127537927,10.1800374209328,imbalance
14442.396253682797,-1.9694081764686528,-1.0055222604627447,8.851027771972658,imbalance
14447.4228458994,-1.7299024572383173,2.7391035380780053,9.371517966668394,imbalance
14452.436584985056,2.7431897074961835,0.9732400180207534,10.428284480577515,imbalance
14457.435470126647,0.7297550889427843,-2.1675891945504078,10.048709541516336,imbalance
14462.415767240102,-1.1693612446695076,-1.6022051717347603,9.252825542884716,imbalance
14467.372515137666,-2.501354764143008,1.743897744497898,9.324161767508356,imbalance
14472.398693772726,2.374615073632657,1.8048229839094607,10.447466709590042,imbalance
14477.429984693745,0.9063168827073904,-2.084887175688927,10.447666984338737,imbalance
14482.383720372014,-1.0078510364713669,-1.706731071312035,9.196062392106308,imbalance
14487.347296857894,-2.6375351272940737,1.2947087376588613,9.14467494222458,imbalance
14492.360516085571,1.901878136135362,2.791085095848953,10.466425648696545,imbalance
14497.404154559275,1.624651072172417,-1.9150915568906703,10.413249357490438,imbalance
14502.445126138356,-0.8446205537349641,-1.635746692708092,9.40803144520468,imbalance
14507.423728594968,-2.5392130754664484,0.3711373180096055,8.57889130531963,imbalance
14512.455432259962,0.920583552303274,2.972855120086507,10.149256636655087,imbalance
14517.38890322665,2.2851422907492838,-1.4594997357299353,10.711318822459472,imbalance
14522.39765577437,-0.6060700845204025,-1.5119020415283535,9.402226845448707,imbalance
14527.449967424727,-2.4637121841445966,-0.2838526406896302,9.07208839521184,imbalance
14532.448399135304,0.0350560807215408,3.043595777918248,9.9058238884477,imbalance
14537.417788397232,2.957177077604596,-0.4610245637236442,10.87035421265897,imbalance
14542.44907328843,-0.1151299448381667,-2.022142067455539,9.580935630231604,imbalance
14547.440624534926,-2.6287454918953044,-1.2455445891776815,8.807062160457651,imbalance
14552.376323468276,-0.9278932418430716,2.8823502727594943,9.840505861307676,imbalance
14557.389602742678,3.24186477587986,0.1507724174951543,10.528531329862451,imbalance
14562.356432989644,-0.0778795896431363,-1.8165799200080155,9.878577792167164,imbalance
14567.341714367943,-1.8053352312740727,-0.906877307852328,9.145152865999531,imbalance
14572.293815505029,-1.6864763836829024,2.499727570277247,9.446013838927977,imbalance
14577.328563216157,2.9017290785923167,1.1216238123943707,10.67655645660268,imbalance
14582.298703385612,0.6385253910573783,-2.1891375401525206,10.219232093370737,imbalance
14587.318455084092,-1.2032782951484111,-1.382245771139458,9.010551735608978,imbalance
14592.221352913988,-2.558793863075677,1.6538430113410083,9.02520849174138,imbalance
14597.299342922175,2.0763678896097284,1.7514477646963422,10.631133002580665,imbalance
14602.322288730116,1.225528103397677,-2.231346183511909,10.282339638734946,imbalance
14607.297172366176,-0.8922935885710673,-1.086417444656932,8.89909340088154,imbalance
14612.159011875145,-2.6824028292376667,0.8840974418660331,9.170760869430268,imbalance
14617.210249775162,1.5680126656757645,2.6627298620376942,10.325484570555616,imbalance
14622.143742090631,1.847390582602367,-1.3135044830083282,10.697568796432012,imbalance
14627.18513253348,-1.207998538666709,-1.7784801702958697,9.727614757053605,imbalance
14632.217881661809,-2.6348687668604645,0.1315556164482677,8.824072922163564,imbalance
14637.196786641556,0.857288012117905,3.3852399014104697,10.350826653847706,imbalance
14642.185090713618,2.331981797156747,-0.8243890579150852,10.33375879176477,imbalance
14647.145982467224,-0.0559544046814398,-1.7059489585263188,9.526825116900326,imbalance
14652.266159447096,-2.3719872114062897,-0.1119493948167875,9.309412999568544,imbalance
14657.28322212798,0.08587906683142,3.264525759689223,9.45935677747906,imbalance
14662.238808113376,2.8449830570515773,-0.8362075425798134,10.428021047670986,imbalance
14667.289612608643,-0.0353485354259793,-1.900141910035348,10.0195494781934,imbalance
14672.359689335788,-1.975255015579473,-1.3539114975092337,9.011659656147758,imbalance
14677.26802937332,-0.8240312946728524,2.868812495398776,9.46155770160079,imbalance
14682.24228968768,3.341734064257526,0.2856142827973047,10.413659119572229,imbalance
14687.275292724678,0.2536880301355834,-1.8339881380177976,10.287846392251645,imbalance
14692.341016641025,-1.6361952893041103,-1.556378614650284,8.831382955513913,imbalance
14697.391256637296,-1.903696876598712,2.5861234400289983,9.150776661921068,imbalance
14702.422203414411,2.973928332333299,1.192535794857091,10.278140660923864,imbalance
14707.431400240015,0.4236450422645374,-1.8109951463610352,10.06558880119961,imbalance
14712.432369053508,-1.562645986679755,-1.5759669942333816,9.0458366977426,imbalance
14717.41516799885,-1.933810816386195,1.946519667349748,9.306868396704992,imbalance
14722.387587759376,2.875691199842109,1.6235671700500354,10.391000225304545,imbalance
14727.341768215996,0.7786327003425849,-2.257347361962947,10.414114469197497,imbalance
14732.364881939968,-0.815361317256045,-1.6214199493907735,9.141814251532402,imbalance
14737.299372423786,-2.7131207532906023,1.129568248035681,8.948957995325522,imbalance
14742.257814352097,1.9026192799949355,2.6545329106905404,10.240226627163992,imbalance
14747.270545848962,1.8999029502956797,-1.874026539352329,10.573030929255395,imbalance
14752.20475294168,-0.9002148861583985,-1.4451133246400831,9.624516352127609,imbalance
14757.228184371206,-2.808807629972592,0.284357632265847,9.16396301072243,imbalance
14762.311267969531,1.1064219761063736,3.036187688982896,10.471486530006896,imbalance
14767.25635090899,2.1150383503213237,-1.1285638147173875,11.012038523570691,imbalance
14772.28664192411,-0.5029147259650428,-1.87889458439026,9.537027559135057,imbalance
14777.375126213536,-2.099122219061109,-0.1542467763724536,9.1255181625776,imbalance
14782.375552260206,0.0241028976771865,3.092531940222436,10.057130034633394,imbalance
14787.38953100348,2.6558144661600407,-0.7421147096745996,10.52473775308763,imbalance
14792.410511371798,-0.3640597183118972,-1.8184431645763603,9.653168796865872,imbalance
14797.384309433106,-2.0790218790419703,-0.9022242981692452,8.586754241931821,imbalance
14802.291174218348,-1.1417045273000577,3.361114098135677,9.699982394458328,imbalance
14807.36412964609,2.7857436686481805,0.1699873093371575,10.611780105428403,imbalance
14812.302503604364,-0.014590141234168,-1.7324344545197534,10.122199804992007,imbalance
14817.240002995331,-1.5956359450104791,-1.0695631789054496,9.329700502818786,imbalance
14822.177801663089,-2.2137875349614253,2.224118150653568,9.220263204185503,imbalance
14827.168899416052,2.538544970699239,1.3128510118795629,10.681555026040003,imbalance
14832.13928009216,0.5487472444881171,-2.124233953401727,10.015210967321488,imbalance
14837.24884667754,-1.6463668241875058,-1.670798026442024,8.924616938053518,imbalance
14842.171280548411,-2.3010201136634727,1.5550871665050587,8.909174139334958,imbalance
14847.316632738271,2.8074806361968623,1.650625893973776,10.606052683639174,imbalance
14852.391550858376,1.0946642760397864,-1.5583124866243252,10.297681981641404,imbalance
14857.479990959811,-0.8099086914369131,-1.2419318923674425,9.337514591461128,imbalance
14862.498060269598,-2.5032053135187957,1.2708473457269,8.998528983222196,imbalance
14867.466872804664,1.7143514354167273,2.2730645786779355,10.442962571564594,imbalance
14872.534104874792,1.670055315522125,-1.780975927256894,10.514954591562368,imbalance
14877.562697400006,-1.043224969550779,-1.6920469155637867,9.319620612365943,imbalance
14882.607399732247,-2.453103682120323,0.7329559211059891,9.211479408204712,imbalance
14887.59961574303,1.4297444222964355,2.6979555499657675,10.176668164236414,imbalance
14892.555116326896,1.7244473980080446,-1.4466755464677523,10.555428712090531,imbalance
14897.59270160098,-0.5361614440249345,-1.6422745574020114,9.775853076336295,imbalance
14902.657735726683,-2.1431045663910706,0.0455330697081924,9.03418420224982,imbalance
14907.660213656667,0.288910263105408,3.2400682594507257,10.051191742729063,imbalance
14912.676900492896,2.412163521506447,-0.8509805460443631,10.62440816113474,imbalance
14917.72991894312,-0.5583890751975988,-1.7767252057479006,9.464018470444168,imbalance
14922.685710366908,-2.032242620687943,-0.5658090810615273,8.989610392979424,imbalance
14927.716175964237,-0.2005901453373871,3.1363670409441786,9.808537990110244,imbalance
14932.773166707882,2.9543115855581217,-0.1906068547050906,10.795313572145249,imbalance
14937.835005898378,-0.1568187966048725,-1.93016853794608,10.193142119461276,imbalance
14942.747462951698,-2.002063023934178,-0.6873570080393216,8.63212242657934,imbalance
14947.715049320015,-1.642535415845198,2.4268729180746877,9.47582739249248,imbalance
14952.660435664033,2.7411043134736146,0.7928938574255007,10.491184463596236,imbalance
14957.711705800792,0.4454617155439105,-1.751772872783525,10.429577783074034,imbalance
14962.70145142871,-1.7742046288118478,-1.7458081028040435,9.114480575625622,imbalance
14967.648479306165,-1.909777152117424,2.1613024859849026,9.454708663223489,imbalance
14972.628426623058,2.4957023104624656,1.658553329091382,10.401073239022244,imbalance
14977.635897924,0.9399790451399148,-2.1243225590627564,10.516316939674995,imbalance
14982.54929713767,-0.8916914269759122,-1.5959938219289151,9.55583780451377,imbalance
14987.63637497466,-2.4521237261461453,1.555399551504541,9.27091351692196,imbalance
14992.645900091416,2.260460960077207,2.5299254432629774,10.4311209446883,imbalance
14997.643619916063,1.1597528089528268,-1.873432726778688,10.835746898945947,imbalance
15002.622030020142,-0.8849423696077444,-1.6518376070423595,9.47632376918151,imbalance
15007.568313854288,-2.728720871806276,0.7176687157145971,8.987179068484448,imbalance
15012.573052235868,1.0222392178105333,2.960763154681112,9.846737509075224,imbalance
15017.596319228443,1.978190888553326,-1.6564555532054388,10.744182305749218,imbalance
15022.584148411148,-0.836673425452583,-1.6713124532082235,9.90044564255263,imbalance
15027.618680714762,-2.3452000620942157,-0.0290855660036608,9.045337154114588,imbalance
15032.541254250023,0.408386871390801,3.057745635841133,9.883333655885224,imbalance
15037.56347835123,2.6054795317144968,-1.0466299080592816,10.817754693406057,imbalance
15042.589166469766,-0.3654857553715303,-2.140924522701156,9.66551855904262,imbalance
15047.542343723657,-2.135546591259315,-0.4272249941981501,8.948607125024377,imbalance
15052.550650661047,-0.5346922919497697,2.754049887231752,9.530763102481457,imbalance
15057.523811885763,2.850907298861156,-0.4004956141135728,10.382394391819762,imbalance
15062.537484298256,-0.0983444222511433,-2.053764857664108,9.976999619545182,imbalance
15067.519147055718,-1.900922659217683,-1.322312447998949,8.740836924320746,imbalance
15072.424959041276,-1.4387104145111806,2.545575147277591,9.153113153717827,imbalance
15077.40597127683,2.7510492508157194,0.97525881440533,10.284780666902076,imbalance
15082.427056684965,0.4130893676637293,-2.0332396398124173,10.216496281928611,imbalance
15087.389321029144,-1.5556453125703236,-1.142072522476901,8.987432936927883,imbalance
15092.309467981591,-2.1610899952665057,1.8610335404978944,9.460065500887277,imbalance
15097.297087214074,2.3925340373284616,2.1038619747345435,10.557594343915223,imbalance
15102.385929333464,1.1982791639316752,-2.007808661325698,10.27495992417163,imbalance
15107.321696363844,-0.9794942437015084,-1.5249994690078867,9.065773174194794,imbalance
15112.283333461532,-2.515696539775842,1.030019552812438,9.367912778766147,imbalance
15117.2932128712,2.0896477934893256,2.6043927920361685,10.188580326522963,imbalance
15122.23354042438,1.826499180886902,-1.927380046611312,10.518823311505724,imbalance
15127.278385826572,-0.8581189013902126,-1.3979437802318389,9.160142424975056,imbalance
15132.337213312543,-2.427669944219716,0.038128222088248,8.8107201409411,imbalance
15137.360660851597,1.1615094395399943,3.1778923483444643,10.039671843986556,imbalance
15142.339098950688,1.899246786122614,-1.244422403524432,10.66650218022898,imbalance
15147.308174441612,-0.5906909849771671,-1.9063472621452051,9.624014902449735,imbalance
15152.269698162832,-2.477897842922475,-0.2669689108326658,8.889649594095808,imbalance
15157.259974921391,-0.0173188154774172,3.187487609615066,10.149556246796193,imbalance
15162.305044687884,2.59184298142725,-0.716171134301645,10.722347058154758,imbalance
15167.395640208928,0.0349170139869391,-1.6958622199044124,9.525374129548169,imbalance
15172.3693791072,-2.122138260087396,-1.0773526035709524,9.195797379741771,imbalance
15177.44117342787,-0.8751267087513094,2.640187042007412,9.939107265280796,imbalance
15182.474985536055,2.832150057933721,-0.403275238579777,10.751728190042456,imbalance
15187.50392232435,-0.1380780152667046,-2.076430595099623,10.08510933673186,imbalance
15192.479856333204,-1.5896576148303505,-1.1202248375601502,8.78971171916838,imbalance
15197.54028408227,-1.412212663427091,2.755083920354636,9.54570597500858,imbalance
15202.541199027191,2.903727791291341,0.9727442541550618,10.555226531857508,imbalance
15207.562061284583,0.8689712129289118,-1.992891215910743,10.092108541081585,imbalance
15212.678549770491,-1.5588140038144231,-0.9364877585834916,8.857905652005858,imbalance
15217.707065084218,-2.0864767517882745,1.7991181426151088,9.676382743652969,imbalance
15222.659308764916,2.6479831224925414,1.5457521285125857,10.675183948362047,imbalance
15227.603429667646,0.7933917870351301,-1.7081159083247552,10.429348350654326,imbalance
15232.616293216632,-1.3254623726286296,-1.6927975325376792,9.0390133419095,imbalance
15237.687360158494,-2.1858766281508526,1.619450455112301,9.051222287069574,imbalance
15242.662102927638,2.0725407723432543,2.2429532148261617,10.3469311870969,imbalance
15247.694396275838,1.3400360205316502,-1.9988681771739727,10.632060662398768,imbalance
15252.780171703682,-1.2837423310285847,-2.1099668859520344,9.438839085505691,imbalance
15257.740996531273,-2.6527222184968995,0.4193621861882843,9.149185313124772,imbalance
15262.756979571688,1.3280331971896315,3.254721863864764,10.214582081207752,imbalance
15267.690387859093,2.148087094189645,-1.8904912301854424,10.784449936689484,imbalance
15272.613952167269,-0.5318690801070134,-1.385509872303576,9.66804953748806,imbalance
15277.515436284108,-2.590385520768621,-0.2187688452048523,9.123721660245556,imbalance
15282.534659771052,-0.1731781171358905,3.057365163725809,9.84193290366952,imbalance
15287.613037796436,2.3300041859566822,-1.1685976947434067,11.02868219313528,imbalance
15292.59959675902,-0.2100240026002762,-2.142667238253892,9.728723183469366,imbalance
15297.63777052286,-2.59340902007541,-0.691156625147752,9.072765725826423,imbalance
15302.646021371069,-0.3995217413821311,2.9495108636057368,10.284616284659474,imbalance
15307.602148456894,2.719979814597608,-0.1930519087775177,10.794604447060538,imbalance
15312.58481874992,0.0039804646983162,-2.1682282463178875,9.967741904423638,imbalance
15317.611888378946,-1.7836160633169245,-1.5041785597928834,9.101131050467066,imbalance
15322.621021596084,-1.154286114510496,2.6746005535117785,9.57655619775042,imbalance
15327.683159353766,2.979972590931318,0.4779650331257661,10.43865519734706,imbalance
15332.670534845063,0.4522522361543017,-2.6195755690440383,10.021908024321322,imbalance
15337.696429705142,-1.6853480321791654,-1.456516626930967,9.118028689098727,imbalance
15342.739248002685,-2.115708099528064,2.135419838463467,9.507483717512084,imbalance
15347.660369608522,2.7962899399359484,1.5422050930435645,10.553170654908502,imbalance
15352.721730127909,0.8473349617970996,-2.092088488332675,10.291779310564255,imbalance
15357.691736382032,-1.4577676045545245,-1.7973886859265038,8.993115223655458,imbalance
15362.717659330328,-2.434578050377517,1.068941949722225,9.317008896948918,imbalance
15367.663828916364,2.10668807154618,2.2103185984549603,10.744233773326098,imbalance
15372.68727189408,1.7860194573285535,-1.7833378634591328,10.482141984574728,imbalance
15377.719550686144,-0.6364524715268468,-1.8658573218911436,9.272466246539365,imbalance
15382.663235613009,-2.8384223086742617,0.3914501194621445,8.788748552456944,imbalance
15387.649568330016,1.3710553183210057,2.666265170994992,10.365760841078432,imbalance
15392.721555175149,2.036519748316825,-1.5926401570910895,10.574640837512202,imbalance
15397.73312350751,-0.5979546184993166,-1.461537130182382,9.226904797916124,imbalance
15402.69573460739,-2.075557361176671,0.0301408777949562,9.03615983883045,imbalance
15407.638840149762,0.3606992076851785,3.13912992671586,9.845970056032916,imbalance
15412.637846383122,2.58463476720966,-1.1544727048205148,10.681498731595664,imbalance
15417.688102521755,-0.3639785612740994,-1.7896384564769248,9.555424502067725,imbalance
15422.674499657089,-2.1820309398310798,-1.0565307855094428,8.915107752269545,imbalance
15427.624657639722,-0.506057403880218,2.9917201217910097,9.751615968057546,imbalance
15432.634790639986,2.906914780794576,-0.3659778524577021,10.964941679699754,imbalance
15437.673435619816,0.1138625611080714,-1.866340295387299,9.855906653849903,imbalance
15442.728017326635,-1.489870509592667,-1.0223777984591889,8.734453549295578,imbalance
15447.801529048207,-1.1717795914839182,2.868199053646803,9.643064809431038,imbalance
15452.824614676378,2.8305916904812283,0.4869663249213648,10.772602300227511,imbalance
15457.865764746217,0.357238768968388,-2.060577372299982,10.622620361384618,imbalance
15462.879503990223,-1.6001031583756138,-0.855330439873136,9.32997600015876,imbalance
15467.900552735566,-1.6554798600668703,2.3708545972315296,9.470284071655936,imbalance
15472.891819498796,2.690206806805529,1.2751484794286327,10.776537020743934,imbalance
15477.923311486917,0.7439695563429235,-1.9753982523170597,10.272623063887568,imbalance
15482.952127738336,-1.2159513245312863,-1.5733733922008264,8.706177932050426,imbalance
15488.033456990875,-2.4211763266955124,2.015068452865444,9.242794535881329,imbalance
15493.087968871369,2.1582863864509734,1.7333897676363106,10.628978720830244,imbalance
15498.12311591949,1.3296031134515676,-2.02282596046874,10.28346783684347,imbalance
15503.12073066374,-1.07628942360728,-1.8779380568231996,9.408988069369828,imbalance
15508.116862830637,-2.780728677079189,1.1060876439010217,9.404088505800894,imbalance
15513.09735904625,2.022828275083316,2.566704078859717,10.444841912584948,imbalance
15518.216737572142,1.6816072710551269,-1.7682886533004414,10.700839439115386,imbalance
15523.185171359324,-0.8382684464006357,-1.7158358702871022,9.438153200851696,imbalance
15528.16562132326,-2.2147460096265545,0.300784751781266,9.224138902943228,imbalance
15533.124580328513,1.195107754824889,3.044998699458195,9.966969759794054,imbalance
15538.084760797365,2.5244231970926867,-1.148005211671269,10.52425069115974,imbalance
15543.072729288806,-0.5023999299855922,-1.9177556830614164,9.814718542691004,imbalance
15548.119645248138,-2.410330572776252,-0.1843615815246065,8.89193969255796,imbalance
15553.083011847566,-0.0798919660176745,3.388426380239428,9.614554491652047,imbalance
15558.06235565693,3.027619953175514,-0.0735918124060315,10.892289248313022,imbalance
15563.061087010034,-0.513623856850242,-1.8071408146214731,9.651542267709594,imbalance
15568.148500880008,-2.256407538095514,-1.0883168045672316,8.699378662462397,imbalance
15573.2411126202,-1.1534344465622608,2.5326210118560715,9.978664569403945,imbalance
15578.22959438851,3.154666114933656,0.2907273697838132,10.624225699056437,imbalance
15583.22206091462,0.2837359341783821,-1.999294577397689,9.956943841962833,imbalance
15588.225987172564,-1.6715690650326551,-1.1632358752658123,8.851535413467948,imbalance
15593.166356666332,-1.6047134759828938,2.631415447400657,9.08443591613904,imbalance
15598.145064286571,2.939375424744282,1.3689502451578506,10.568399233327602,imbalance
15603.108949083862,0.8806138356107783,-2.149379418703385,10.399173126736205,imbalance
15608.161953145724,-1.1442716954297087,-1.3786545829476675,9.158328297798054,imbalance
15613.095502888673,-2.3137399943352146,1.7245879689360972,9.4007186975118,imbalance
15618.093176618067,2.406705532563317,2.129299726167627,10.011378192222375,imbalance
15623.133737590988,1.1253888726854926,-2.004481861144792,10.387150969281794,imbalance
15628.057164415388,-1.3125258982112844,-1.3223060179644284,9.057808276321282,imbalance
15633.029058089038,-2.53923897906906,1.13763582557306,8.858742592438212,imbalance
15638.159584726223,1.9317171017879375,2.702995120228609,10.105261289398989,imbalance
15643.1177585498,1.536577426641187,-1.9060049932810488,10.493087280196868,imbalance
15648.055186370715,-0.6585614048128013,-1.4368318377677167,9.482869457709482,imbalance
15653.048456328706,-2.654001463932455,0.3745959499166936,9.10681603671331,imbalance
15658.03544142489,0.9010596768832032,3.225097757274584,9.993314230647467,imbalance
15662.959426320076,2.558083920551802,-1.2258955590275291,10.516001263148311,imbalance
15667.969025215856,-0.4800397883516282,-1.2836832019569988,9.500852753267528,imbalance
15672.98072539921,-2.350334282603572,-0.3808166364707919,8.976140130211988,imbalance
15678.02265641588,-0.0553164868726166,3.300262382756688,9.804023384109886,imbalance
15683.0735996595,2.719442176061534,-0.3841564953753973,10.945776200582024,imbalance
15688.085454868358,-0.3934472254091505,-2.213103766217542,9.727741153893607,imbalance
15693.15254272028,-2.1732841937025493,-1.1087946279672023,9.108456693191094,imbalance
15698.09477920836,-0.9762403429275756,2.928591739652473,9.605395260584029,imbalance
15703.148797621898,2.827470597664925,-0.1843008897355318,10.513836347350177,imbalance
15708.135733168963,0.1299323824808079,-1.9779138858011416,10.235431483551846,imbalance
15713.067122769104,-1.6679006879039655,-1.261022984727979,8.960943560443175,imbalance
15717.987988140423,-1.44563640727536,2.281814550675728,9.272998625320042,imbalance
15723.03853592662,2.9267081182540085,1.0749159124535217,10.43896342372996,imbalance
15728.06041286757,0.4671202693970132,-1.9609542058138116,9.917291775264507,imbalance
15733.053434648544,-1.353931995111364,-1.502537124135714,9.107856714877064,imbalance
15738.025060487287,-2.155048384314478,1.708283285221173,9.338069247757929,imbalance
15743.007823286807,2.4223004315368213,1.8154167732450412,10.35343535796826,imbalance
15748.026626658397,1.214908085804969,-2.022110291805946,10.367075125167435,imbalance
15753.0580829416,-1.1767027617915082,-1.6461968368614066,9.32647260656067,imbalance
15758.022144163231,-2.323142958944452,0.7880512381777443,8.94240106131417,imbalance
15763.00142032402,1.831878962905208,2.9467016513114705,10.584198613849534,imbalance
15768.03467060818,1.550093034872848,-1.8072298715527209,10.55937901456388,imbalance
15773.072880208532,-0.8708095427402324,-1.907330784825937,9.374999028770366,imbalance
15778.163189309416,-2.647831922780304,0.5370440993436161,9.177585504605547,imbalance
15783.11234365871,0.9962819363135814,3.1992489836622062,10.405029581589345,imbalance
15787.997151235382,2.128918231971471,-1.191817548029951,10.934527448297931,imbalance
15793.00006947732,-0.866014469121339,-1.7411128036920358,9.179148147382111,imbalance
15797.908791395172,-2.0794575536589788,-0.708959776194795,8.551814006090604,imbalance
15802.948230287831,0.1071008294754496,3.014000310694447,10.292602069844614,imbalance
15807.996940610128,2.900968390010031,-0.7119537090775389,10.877709779595572,imbalance
15812.99223577847,-0.1264656491208561,-1.8322889441255457,9.646043962783049,imbalance
15817.989840487488,-1.8783985123507283,-0.8328531372431083,9.18052812817344,imbalance
15822.93936257827,-0.9610268871451642,3.003621800608637,9.74118155899596,imbalance
15828.014116251356,3.223437538610431,0.4012028075054918,10.920682113315555,imbalance
15832.973982148693,0.4289138185468047,-1.8963937944858875,9.716580254811234,imbalance
15837.91751825222,-1.4116240994798224,-1.3884910263296566,9.295492580670617,imbalance
15842.900423516958,-1.9776502572783807,2.30093930920186,9.445830279113911,imbalance
15847.838884924744,2.5177149237731964,1.66643283075238,10.800387525101144,imbalance
15852.857309177332,1.1085601745484712,-2.122130177046832,10.503816218319097,imbalance
15857.85174821371,-1.3985169312848102,-1.758617891778368,9.082800789784356,imbalance
15862.820363224017,-2.868248411468887,1.3303459385195384,9.236079087037549,imbalance
15867.79147646524,2.268261710640965,2.2495839436059986,10.1869509095911,imbalance
15872.771192027603,1.6917194001352882,-1.983151528011308,10.63135433380311,imbalance
15877.728161369418,-0.874783715260627,-1.371913680184751,9.383796717672189,imbalance
15882.796693828568,-2.4914717133786963,0.6525281664344096,9.142890470658005,imbalance
15887.86595674651,1.4831746526786824,2.784062729397287,10.306852455820938,imbalance
15892.911096289914,1.849494762487098,-2.048605045189807,10.887373714924076,imbalance
15897.865069280402,-0.2479931924456818,-1.59898734051545,9.4808646184944,imbalance
15902.804519751053,-2.0053464406766084,-0.0308855905768083,9.114812736644287,imbalance
15907.825944847797,0.5088096540360488,3.282931956360823,10.307965808998093,imbalance
15912.78156747229,2.598951931609948,-0.8895085922404975,11.20423952400744,imbalance
15917.73181877685,-0.3979010322755487,-1.7590941617075455,9.734626322199178,imbalance
15922.777668813458,-2.4684036253348163,-0.4768165063828414,9.093725818112642,imbalance
15927.784144616911,-0.7802931170221902,2.984977800780203,9.642149670120489,imbalance
15932.776749740024,2.8887651237246,-0.5783334721611634,10.746946563499447,imbalance
15937.652051377569,0.2857968095739439,-1.7747547219951132,10.162505410138827,imbalance
15942.711245417377,-2.077336570824893,-1.255324003556488,9.114337027903316,imbalance
15947.790239625374,-1.4839912117053258,2.833527064843172,9.49305799185869,imbalance
15952.8346250527,2.974188027596124,0.241433873951554,10.668074003879848,imbalance
15957.860438185857,0.4106756901905775,-1.96817867477376,10.095283260965868,imbalance
15962.885627565962,-1.7658595291268249,-1.6896832869436542,9.304142131391636,imbalance
15967.78904447826,-1.7173392553693394,2.2897023279748088,9.39094066385855,imbalance
15972.858362274856,2.953918701603676,1.093675478718369,10.641990103043025,imbalance
15977.886883313977,0.5611069663290265,-2.1237293888185147,10.509411643333635,imbalance
15982.882042027526,-1.306717579143843,-1.6877132844444969,8.934033259252299,imbalance
15987.773018567928,-2.4827018863817223,1.47891438863625,9.120295246288252,imbalance
15992.762943966914,2.498462820541374,2.2131993576265123,10.71568260932026,imbalance
15997.794748186976,1.6480561369654791,-2.1435002308060667,10.268907416942024,imbalance
16002.788629982382,-0.7274455028663286,-1.774225726266026,9.335056230014928,imbalance
16007.81198222821,-2.935974051686676,0.7841403109307039,9.135063314558304,imbalance
16012.832854155416,1.919074401875471,2.8584106428851235,9.944057890899511,imbalance
16017.79440096402,1.853784294238407,-1.3419862250210302,10.447226016410765,imbalance
16022.786415928238,-0.8674510285279305,-1.815748675856484,9.372219938233686,imbalance
16027.789479499785,-2.888810834874004,0.3841506911335298,8.797070861209974,imbalance
16032.759583233355,0.4981874899877213,2.8819284679966044,10.00595380001652,imbalance
16037.685468804377,2.492315445289833,-0.8200025208813884,10.770647992963182,imbalance
16042.843225109782,-0.5605364435255946,-1.728011223812118,9.737114659162982,imbalance
16047.738195722266,-1.5995909899067795,-0.6815880417300269,8.339862199319102,imbalance
16052.739945264992,-0.6959305419952375,3.1162266955799875,9.60427450369678,imbalance
16057.828929660973,3.446667449400355,-0.4954299261214219,10.737028440643344,imbalance
16062.799586883382,-0.0956504822327045,-2.166461117331376,9.82652888694916,imbalance
16067.741206515757,-1.689935931275708,-0.9476128034151232,9.180667807255649,imbalance
16072.82669998982,-0.7582844406858151,2.83172385257109,9.58015697757446,imbalance
16077.850333487311,3.255409291497241,0.5921749661006375,10.966372821845594,imbalance
16082.87147503204,0.0206996509118287,-2.238271137504138,9.770788988472662,imbalance
16087.824404607578,-1.514126206792856,-1.5028992396708087,9.099125971254493,imbalance
16092.829770810924,-2.0439678458925123,2.019194026954652,9.328470945936973,imbalance
16097.77326783416,2.7798950902591737,1.277556247160024,10.591133358346283,imbalance
16102.779253445526,1.044864414407973,-2.3995363081703687,10.396937448470986,imbalance
16107.760150288485,-1.0545285318512854,-1.579957269629881,8.919975187676636,imbalance
16112.817979576,-1.914031365900896,1.1742927483823202,9.122178806800475,imbalance
16117.75527913113,2.458250626512783,2.0596989596698227,10.407821180624808,imbalance
16122.665117546903,1.6227846909911503,-1.970074753135834,10.70880561083629,imbalance
16127.610781767558,-0.9208918765164176,-1.7509503879835584,9.417345587060955,imbalance
16132.575143453774,-2.6712420207925884,0.4703753424647299,9.077723932554452,imbalance
16137.58134989884,1.2313573098174886,3.164831957193292,10.138240321495632,imbalance
16142.661884582609,1.878530606930937,-1.3260699431626135,10.798243892110928,imbalance
16147.679195127244,-0.7890920108355698,-1.7390155914848355,9.4678301095525,imbalance
16152.739200679638,-2.447338603975547,0.0923318046064165,9.14759230040066,imbalance
16157.77150726981,0.525198727305823,2.9918170232205474,9.666834365599575,imbalance
16162.744041715934,2.63221949379215,-0.958708475120154,10.790098079433896,imbalance
16167.718756529814,-0.1322577563348257,-1.6611493704320324,9.59922948295058,imbalance
16172.714030488449,-2.0635003905778846,-0.6602116059808313,8.815749652450487,imbalance
16177.74326590547,-0.1909920844527456,3.063093120869482,9.427884855696764,imbalance
16182.836559020176,2.850356019948764,-0.5495214210287758,10.29044594805765,imbalance
16187.789687779436,0.2722879664558618,-1.7330735547839975,9.739101234159133,imbalance
16192.76588888574,-1.7471510895926383,-1.173956726232344,8.738056486209905,imbalance
16197.812740861977,-1.3243144847759374,2.87676477943046,9.561571045262646,imbalance
16202.896520268929,3.0154998528389187,0.1016709811509297,10.74149733580575,imbalance
16207.894164668603,0.2071289288110752,-2.2377054453349188,9.872353636781714,imbalance
16212.881195417154,-1.963729851583572,-1.504998435046394,9.611840818149656,imbalance
16217.93391096868,-1.904605650766064,2.1085447368317376,9.908464710899578,imbalance
16222.917520302346,3.031668604802836,1.338701351718081,10.817028677792994,imbalance
16227.947437609968,0.6041764559050629,-1.995419206304736,9.786541865569273,imbalance
16232.89093731707,-1.4135113730210274,-1.759332353712885,9.211036415539576,imbalance
16237.896487061558,-1.8207389716909972,1.3175816566974785,9.1823891058614,imbalance
16242.870774023377,2.1923096889797176,2.1846061120913345,10.178548572674648,imbalance
16247.828448156995,1.6110660326003658,-1.943820219102943,10.672643881505843,imbalance
16252.83597381439,-1.3198923039819774,-1.5978483852301752,9.137369020709908,imbalance
16257.84357969437,-2.73619491556067,0.593616157994462,8.909589887190846,imbalance
16262.816022422929,1.3942570918958646,2.903065893138428,10.53604306419019,imbalance
16267.837841348604,1.9890090154345448,-1.7217876032967483,10.50039719581937,imbalance
16272.86777932872,-0.8374676059782549,-1.7367798198445377,9.407239107548008,imbalance
16277.789567147382,-2.606253489317446,0.348099044391253,9.407179408155791,imbalance
16282.932373948388,0.3758185514034138,2.9725900611173484,10.17291482931848,imbalance
16287.889166751072,2.2912913507968007,-0.968293438184146,10.806898232492465,imbalance
16292.894651403174,-0.5716542097412693,-1.6956340707895754,9.749945423247926,imbalance
16297.931961563436,-2.692158426569834,0.0222663930649379,8.896580349703623,imbalance
16302.898038549003,-0.3723314384056862,3.4369513414676334,9.81638519103944,imbalance
16307.811445105555,2.8322145772598537,-0.355197436950889,10.674231526328947,imbalance
16312.869332309045,-0.2185584910478535,-1.6628562863562977,9.889064695376542,imbalance
16317.829111035053,-2.165039836527628,-1.1651764225672965,9.12876280686338,imbalance
16322.870337171227,-1.292603697322823,2.998521613305484,10.03517802381883,imbalance
16327.873568223798,2.8890138502606253,0.4764111688931974,10.907070602060934,imbalance
16332.950697436156,0.2344751261864668,-2.13316421378052,10.425106341982282,imbalance
16338.02048129336,-1.8744790148690225,-1.2423221394679034,9.146089173938249,imbalance
16343.107364344443,-2.3480277812159542,2.1658750654522536,9.510200807845402,imbalance
16348.159655637734,3.1153310573286737,0.9197206281621696,10.684459312194395,imbalance
16353.108829540157,0.7414453467618957,-2.271062491159587,10.618248284056316,imbalance
16358.126984180855,-1.3147804296203358,-1.6361995145419024,8.960974595860707,imbalance
16363.171084991123,-2.377423369691689,2.0348058487110974,8.845051548959333,imbalance
16368.206045132369,2.282354920154642,2.020352705887805,10.804607494631522,imbalance
16373.252776639554,1.3541097038188885,-1.852840549850105,10.164109975118166,imbalance
16378.232149721254,-1.4860543875510628,-1.447302718061949,9.24560101871648,imbalance
16383.222743738106,-2.4591152236557265,1.196153645572175,9.119937208978032,imbalance
16388.273230770043,2.153070486487005,2.783569250688371,10.192282504686109,imbalance
16393.300009711085,1.6990036309733645,-1.9399742470512469,10.092660783177903,imbalance
16398.23097146472,-0.6978480818090402,-1.4284306225979124,9.462371983985438,imbalance
16403.17064249392,-2.377590428351272,0.3995984966298755,9.014306771296582,imbalance
16408.203319364547,1.1366650754303578,3.2063154847683863,9.963662497262431,imbalance
16413.211088593795,2.038178367652578,-1.6558727675843292,10.72115480440746,imbalance
16418.224991036965,-0.7637049496007349,-1.8353945083933485,9.286778886041477,imbalance
16423.122971087454,-2.465786099170906,-0.2378023712526351,9.121320541339497,imbalance
16428.136150910243,-0.0274273770908232,3.371487256401257,10.203606309063307,imbalance
16433.18089345069,2.4860335463932914,-0.5112896776259119,10.621080510827907,imbalance
16438.16798213252,-0.39070362202857,-1.8185697922437052,9.81800915063933,imbalance
16443.113802647502,-2.3056526888299835,-0.7078827313975753,9.083588911666588,imbalance
16448.11079244752,-1.054653131056474,2.717214204151176,10.023517848334938,imbalance
16453.096872825496,2.550376433671131,0.1545778486853874,10.553161819880442,imbalance
16458.09874104248,0.2274946059307687,-1.82089682983458,10.02888504435284,imbalance
16463.09599617878,-1.4470123292171326,-1.2516292449436055,8.776463737388656,imbalance
16468.1113178971,-1.88668588895587,2.696470888042533,9.560467847533332,imbalance
16473.133927634262,3.07499530038818,0.8174789314688956,10.482133504251443,imbalance
16478.162374991138,0.6807538947988452,-1.579524365203017,10.31649025002176,imbalance
16483.076745405553,-1.4159618806960943,-1.5232506797720575,8.92005583180225,imbalance
16488.044653145404,-2.2580774256238128,1.8510545241646872,9.504762064194669,imbalance
16493.018363698066,2.246264707184777,1.812797976133386,10.37936450893759,imbalance
16498.07459409513,1.1595664808162112,-2.104314874377739,10.541806044378797,imbalance
16503.095942385196,-0.9191131505751072,-1.5513806452847083,9.1722773580671,imbalance
16508.057715258154,-2.6879085702698338,0.8863435029629375,8.800876733559148,imbalance
16512.969207361588,1.640906940160936,2.34818338306156,9.982652787519989,imbalance
16517.93634089971,1.5665921079369205,-1.920924548107288,10.854270554812476,imbalance
16522.91071194801,-0.6632254239569549,-1.7759507173521285,9.722237726903256,imbalance
16527.908311152296,-2.527033888898888,-0.017442220594269,9.03510964570785,imbalance
16532.809203744077,0.6027114296509969,3.5521424791813176,9.996235009218893,imbalance
16537.790573499842,2.8206327047955546,-0.9049132626121374,10.714651816457062,imbalance
16542.784383334474,-0.5871360316524501,-1.9887492815313308,9.894307497641885,imbalance
16547.801469610313,-2.168122722210412,-0.7738407606228157,8.770054280282645,imbalance
16552.87248892257,-0.2715799098764814,3.424430921933663,9.88148803376945,imbalance
16557.962984447055,3.049688655825269,-0.4819711791755702,10.683459439061853,imbalance
16562.995696818005,-0.3978655159876723,-2.02276011808722,10.1179207966991,imbalance
16567.989142912418,-2.1514074026948853,-0.731465199237501,9.00181348287901,imbalance
16572.92797083562,-0.99220917255406,2.6968745120106563,9.68553429132752,imbalance
16577.953783070523,2.851574596272425,0.2626894804364945,10.598672054860833,imbalance
16582.949081766994,0.3499818305513392,-1.733826177751979,10.356672442398288,imbalance
16587.933974558146,-1.2309608998146917,-1.2794795311267384,8.97582519384812,imbalance
16592.97047157512,-1.9406759234070747,2.5006690270713623,9.581976320757354,imbalance
16597.95869971393,2.958976342743526,1.152838731415718,10.475942610559752,imbalance
16602.94901269639,0.7451365576148014,-1.911810858334437,10.057880488562978,imbalance
16607.95319599176,-1.0495858967182894,-1.6417797369750105,9.098075240180515,imbalance
16612.987221517367,-2.3097492706442515,1.8855497146623748,9.074491747141586,imbalance
16617.982458405586,2.574569880382102,1.9501578680954237,10.306691305635828,imbalance
16623.019087363977,1.341943243469715,-2.225190038933276,10.571654259489726,imbalance
16627.969606571973,-0.8822959064411334,-1.8910548616494505,8.870454132464749,imbalance
16632.95805394168,-2.7836909419077704,0.9760726393884216,9.004560637057846,imbalance
16637.95077345271,1.764146515844633,2.797657537886564,10.516740619801451,imbalance
16642.87286164251,1.6718119176309856,-1.7224209397245382,10.461231448820447,imbalance
16647.851722550597,-0.5529166462595037,-1.7800936510455954,9.5697132353617,imbalance
16652.78969966363,-2.175625490470499,-0.3839672810965073,8.715579438470048,imbalance
16657.72925798193,0.4010970035510849,3.1866081495409437,9.954917348029882,imbalance
16662.7285250986,2.643154357221196,-1.2519966592407905,10.911573252652357,imbalance
16667.842412618334,-0.5254489817054542,-1.9518493414262887,9.681302730649596,imbalance
16672.940128016035,-2.303387602126693,-0.6968454330860004,8.977673434737753,imbalance
16677.961920844406,0.0997095362707477,3.09869334668832,9.630965511904906,imbalance
16683.014679101667,2.5719000568139125,-0.390707253493733,10.426806097451692,imbalance
16688.029685390065,-0.1677224355328148,-1.9298822825176989,9.807158077542146,imbalance
16692.996103325535,-2.03324349984121,-1.1709052346411637,8.838054880614672,imbalance
16697.97072508048,-0.958558471645202,2.879886168946692,9.637314772922322,imbalance
16702.883124332297,3.0677705081371096,0.4476367746597834,10.315418998362736,imbalance
16707.917189438966,0.1289669395386355,-1.7338962434938503,10.122377605566024,imbalance
16712.939086029637,-1.7126032325313028,-1.206262665661035,8.885982523183205,imbalance
16717.87258896756,-2.108853970674817,2.2270526009830687,9.38095762105699,imbalance
16722.93632064365,2.6617139984106117,1.169956318933182,10.36965173564156,imbalance
16727.940426977777,0.8075064704861896,-1.922303706241,10.325046254922857,imbalance
16732.860941604522,-1.3494385816951866,-1.632841191440539,9.397084302193042,imbalance
16737.7604774376,-2.3743185145783987,1.661075446568134,9.143098905829154,imbalance
16742.70613770469,2.405724732499275,2.802298368108099,10.604180669469873,imbalance
16747.736689359568,1.0703597808355951,-1.7991042749157775,10.917205269702418,imbalance
16752.841713051297,-0.8066398040992271,-1.602840389868759,9.48320863392664,imbalance
16757.803808387536,-2.715678985698408,0.9245464524491424,9.118378810237797,imbalance
16762.769019904652,1.5647137500936186,2.485952454476976,10.155614642227112,imbalance
16767.87180468467,1.9262521274094777,-1.734833567776382,10.625605045138787,imbalance
16772.91424901845,-0.4265213563783445,-1.7643664146125877,9.608588486769452,imbalance
16777.95487913202,-2.713011081987675,0.2400355912499797,8.973513633197177,imbalance
16783.066961572207,0.8766861362994679,3.179593246155303,9.7987260861526,imbalance
16788.071069416663,2.5286302887072414,-1.6114278293059758,10.573612578758077,imbalance
16793.043055337956,-0.5041011555976183,-1.273260395441453,9.69250552610397,imbalance
16797.978349268422,-2.400718235900128,-0.4689562107970748,8.851231880186484,imbalance
16802.93080725827,-0.139759566515616,3.1827226060363567,9.840953371137177,imbalance
16807.933083531225,2.588559124285953,-0.927797052091802,10.81883348224188,imbalance
16812.86886909473,0.0546168726191573,-2.0041415084444227,10.073061755798072,imbalance
16817.87196325423,-1.9020795943225088,-1.0410957528728095,8.808752944246345,imbalance
16822.78118528169,-1.7158077830464802,2.701292974921208,9.600903569350356,imbalance
16827.725670215365,2.767255109688167,0.7155256910272081,10.626875912006298,imbalance
16832.72584453932,0.3487581892617775,-1.5174922813836005,10.089459363449862,imbalance
16837.718092379677,-1.666794883786314,-1.339892004212325,8.974656522848672,imbalance
16842.752822537004,-2.228238919244472,2.5354206131893684,9.335371217001311,imbalance
16847.77392304899,2.8158831183779265,1.7473741198938049,10.65117469885578,imbalance
16852.720659533057,1.1660794027930053,-1.956729582042764,10.317428415893223,imbalance
16857.814413429292,-0.9419313854404384,-1.5224292471238718,9.203250032915433,imbalance
16862.849113904977,-2.476375262244442,1.3106880142435735,9.147431693895305,imbalance
16867.91032421745,2.236770829139847,2.07555287430162,10.427589467390732,imbalance
16872.940911693062,1.1365892168613227,-1.807393887987012,10.579997602003196,imbalance
16878.082756718584,-1.0762372261633204,-1.3219163449654503,9.332842461945916,imbalance
16883.08625940172,-2.3362970160156475,0.8884352658648822,9.046057806033543,imbalance
16888.13567345735,1.7396409598768636,2.4656930519794886,10.254264644366213,imbalance
16893.13512045782,2.035997024963306,-1.809921282862094,10.830596763611291,imbalance
16898.13957689125,-0.9269137302294204,-1.5119718595329343,9.355115511148814,imbalance
16903.053533877403,-2.5752443919503905,0.3023797007832307,9.279409369162998,imbalance
16908.086305381523,0.6731030882839892,3.0045679153111684,10.22774775376507,imbalance
16913.119820450138,2.196800484145487,-1.1850202345732694,10.8386032444278,imbalance
16918.14227695394,-0.681072186902319,-1.5487394361464155,9.838707107860158,imbalance
16923.132192615372,-2.5289757818293497,-0.4482508539022855,8.919790759214123,imbalance
16928.125181969397,-0.0523705876386403,3.054460155229464,9.72007520537158,imbalance
16933.160086983335,2.855535629096513,-0.8845973737041858,10.602272595917878,imbalance
16938.152154286425,-0.1800186314139085,-1.8767025604650989,10.123602024928916,imbalance
16943.188489920285,-2.3948216520153567,-0.7979246143421245,9.355547862101906,imbalance
16948.161140355103,-0.9002275136281311,2.657980676667981,9.735950036762576,imbalance
16953.104998423732,3.034700436501529,0.1775265815722363,10.862918401988528,imbalance
16958.067678120908,0.2297573153602736,-2.1216346052958426,9.86309681125974,imbalance
16963.038316754115,-1.7352124476400013,-0.949044770546843,9.121621442730577,imbalance
16968.032365634645,-1.9255135591330024,2.325492166123834,9.447529556843548,imbalance
16973.021073866104,3.1999765905366817,1.1060213896944988,10.70650411917021,imbalance
16977.967948573998,0.4401884815140492,-2.4554769103664214,10.451856484259883,imbalance
16982.950980170273,-1.3517335045915235,-1.0591780622089189,9.118132148094494,imbalance
16987.97480177684,-2.2217612831421154,1.9033405135865071,9.286550727636891,imbalance
16993.02066052334,2.712782942130735,2.302509167779712,10.715661306170198,imbalance
16998.01475964045,0.8817289403679391,-2.2246134452729933,10.445481336958563,imbalance
17002.96721103165,-1.301502438884364,-1.759253803872506,9.0722503116441,imbalance
17007.992008640987,-2.403814295545192,1.239438821286616,9.344020020607749,imbalance
17012.996436073623,1.949035295622759,2.512452805100336,10.287350821546228,imbalance
17018.00570673131,1.7639927900139414,-1.7946162395624714,10.119681305081182,imbalance
17022.973413058007,-0.4488575612938613,-1.7366896500250788,9.42340419883248,imbalance
17027.961101518544,-2.5534837897930025,0.2033852594076379,8.983527817726939,imbalance
17033.064354509097,0.8130600031463575,3.0628902944470737,10.211587847009882,imbalance
17037.97827929767,1.8596994011122625,-1.049439437755804,11.035659550283654,imbalance
17042.99137439133,-0.5458119381714084,-1.7868025233869818,9.953392038136458,imbalance
17048.002179505285,-2.3719032864817797,-0.4768869417988344,8.793798625035413,imbalance
17052.94678238094,-0.0981513905728954,2.789349444294369,10.01492624367575,imbalance
17057.894946732617,2.542445764618324,-0.4679127582308887,10.506082663244005,imbalance
17062.82670274183,-0.0505721180714343,-1.8776796240241187,9.664337252415104,imbalance
17067.868854294935,-2.18329652464565,-1.023484145562901,9.023465943756062,imbalance
17072.885699910625,-1.2341132373628712,2.8323906998165547,9.544998589601576,imbalance
17077.87800947553,3.2352885520840697,0.4426514480359911,10.817914206836983,imbalance
17082.835240292283,0.1428866769921673,-1.9175781177973543,10.222998879873709,imbalance
17087.851954784863,-1.897743106480549,-1.1439693123553871,8.935975842797777,imbalance
17092.810040154767,-2.1700992383989357,2.3460844091576503,9.768393477199552,imbalance
17097.757176875904,2.8741506487355486,1.2194262604508284,10.5695441972457,imbalance
17102.756619364496,0.5477522683924905,-2.183139967489306,10.328504801921078,imbalance
17107.812113518943,-1.2752585818764182,-1.3252919208886371,9.12477667510863,imbalance
17112.76516536036,-2.0470020600654126,1.4933411977725752,9.4391653730978,imbalance
17117.708118292674,2.325286353195673,2.396045635670176,10.04751237432991,imbalance
17122.80405475918,1.5489397400243348,-2.0384523379153414,10.403379890394778,imbalance
17127.785676094238,-0.8438956222031122,-1.536861750495223,9.38747705929408,imbalance
17132.724194077444,-2.938703047068657,0.1043627111523998,8.817453485826166,imbalance
17137.787487631223,1.3860263988905073,3.093153945662627,10.087806376198005,imbalance
17142.677495088414,2.093326308735251,-1.1045975230731822,10.668742346063704,imbalance
17147.6911612899,-0.3130552942921816,-1.9270892139532956,9.749227804343738,imbalance
17152.68094940301,-2.422964347269252,-0.1765218282557643,9.186696698470604,imbalance
17157.595834787215,0.4029042854974742,3.179979120283258,10.110213022161172,imbalance
17162.632441313843,2.853030948881258,-1.0246410180142562,10.286745411617806,imbalance
17167.627540906677,-0.3292809952574304,-1.3669229405501857,9.84630486607434,imbalance
17172.581218399147,-2.4097278205889845,-0.85966496915079,9.026389187334464,imbalance
17177.685823506297,-0.6482204223668941,3.56215924352694,9.95783175087771,imbalance
17182.607442570024,2.6016925499151333,0.0548420854907026,10.547179439325916,imbalance
17187.519132980313,0.1716439961535358,-2.090432311018942,9.706613876820477,imbalance
17192.53068128059,-1.8021477333108624,-0.9764701275832396,8.321272433524918,imbalance
17197.496600676917,-1.583026461983328,2.7168783326371946,9.659069321724385,imbalance
17202.54151594001,2.848978411387728,1.0819013539706324,10.650498410691045,imbalance
17207.5656083608,0.250161033935805,-1.9663307866058912,10.227323624591136,imbalance
17212.63230713468,-1.404131410272375,-1.402139522712397,9.23486559183243,imbalance
17217.602697442555,-1.8956512571857984,1.8116575049966093,9.27661439061353,imbalance
17222.684804545268,3.0901893541551955,1.727864759142134,10.732247572046708,imbalance
17227.62584366447,0.9933819050830108,-2.218174289114458,10.29651934462918,imbalance
17232.675035489665,-1.287078948674993,-1.3171266146922866,9.002297352932532,imbalance
17237.611050756757,-2.5452218783430083,1.2138803719917188,8.869265142957248,imbalance
17242.592261704023,1.903429972793759,2.3087624931241875,10.438753565348303,imbalance
17247.569824975515,1.3452862992045562,-1.877269215141588,10.799760601995697,imbalance
17252.556608449122,-0.8400849657830524,-1.4772173159260027,9.36008780114815,imbalance
17257.491540339804,-2.54036978178726,0.3360422338055374,9.097829321928083,imbalance
17262.500357140067,1.2970980514437775,2.8264923595988463,9.79754009029243,imbalance
17267.560798048595,2.325130310675527,-1.3519337761009511,10.741162339247994,imbalance
17272.57232055159,-0.5397065763691711,-1.664928678920477,9.619563832456128,imbalance
17277.47906419905,-2.6254472451780924,-0.7006169420186323,8.983608206824972,imbalance
17282.410494363012,0.1717677171732285,3.033104935860504,10.047701916215258,imbalance
17287.38296559424,2.4463828090485027,-0.6460211923787592,10.391490142911072,imbalance
17292.41945270775,-0.4460783713745544,-2.296361573499892,9.789857548808929,imbalance
17297.505682927953,-1.9378827477348848,-0.5174586754361287,9.128712144216138,imbalance
17302.5508324395,-0.5861686771815809,3.2427029785670136,9.67795566816311,imbalance
17307.581263705237,3.000242065545721,-0.193111012368861,10.323602110354644,imbalance
17312.586502623202,0.4314096953266242,-2.0459626519068834,9.980989582672896,imbalance
17317.64096326998,-1.853003117655942,-0.9216230560328256,9.259985578753676,imbalance
17322.645433937723,-1.4880468844319297,2.324495813910905,9.527979570954718,imbalance
17327.64822702462,2.567423275209419,0.8033796823017011,10.680314444395028,imbalance
17332.62193380711,0.6359494689033087,-1.9142214871378416,10.187011783941973,imbalance
17337.68888367298,-1.5861102712435704,-1.0368600481708716,8.921355850739815,imbalance
17342.617042011596,-2.364590877464674,2.0501366288648555,9.38245837883737,imbalance
17347.559863975705,2.594568511752455,1.6845281731914712,10.738655985783211,imbalance
17352.6582498382,0.8440415168247707,-2.175555740412148,10.373491020794072,imbalance
17357.637357547483,-1.35472006259226,-1.145236382273533,9.333594516426444,imbalance
17362.679182469976,-2.502638143864025,1.7899944450943148,9.074828463154738,imbalance
17367.651602435908,2.1254794593512245,2.491638786379552,10.704990891292365,imbalance
17372.5524446464,1.7170235428579108,-2.345767197384298,10.418535741734932,imbalance
17377.538059037925,-0.6900261021320113,-1.506739706466781,9.681003186629797,imbalance
17382.526941428016,-2.4010817976837573,0.6629392114003206,9.018012525635353,imbalance
17387.51365581088,1.0814646556548615,2.923717323722922,10.248081081632062,imbalance
17392.51400316533,1.8609952048199545,-1.3986428064916487,11.149096631819248,imbalance
17397.53353565523,-0.5370502515569672,-1.770040662842949,9.904354874302472,imbalance
17402.523506302452,-2.317683859624766,-0.2461909795822085,8.707177815054902,imbalance
17407.619002664327,0.4721759294213475,2.9632738428185523,9.873399892503558,imbalance
17412.678389684635,2.834108480080148,-0.9345143221897942,10.898846102368326,imbalance
17417.680155585116,-0.3335928642220511,-1.901539323215592,9.957147346702502,imbalance
17422.66155401819,-2.225170085606392,-0.8947834682259408,9.200796075240676,imbalance
17427.677334223124,-0.5865446411663222,3.254334309903152,9.96960441186036,imbalance
17432.603206581964,2.973271451923937,-0.2497184923870645,10.856317991677358,imbalance
17437.627068393664,-0.0309473367067689,-2.061731953183189,9.827288901912626,imbalance
17442.533478604622,-1.7375817195127896,-1.3516770084058405,8.833713324972429,imbalance
17447.49027703293,-1.4519860134554798,3.0005743860477065,9.260312369126783,imbalance
17452.401263231146,3.076433878203088,0.7511995303395734,10.335226350217107,imbalance
17457.283314342443,0.958700150921978,-1.9898992062732923,10.462286048612654,imbalance
17462.305950741433,-1.6096630013284314,-1.319113717967438,8.952803892853224,imbalance
17467.281494080344,-2.1980244813439342,1.815737909711504,9.38437368428572,imbalance
17472.210358636203,2.278093263148152,1.615202875709384,10.402312411138809,imbalance
17477.27193790715,1.383977335699628,-1.7830350672386,10.260344206014928,imbalance
17482.279263263892,-1.056865163061594,-1.321129257126817,9.37897103034448,imbalance
17487.311314249477,-2.461649895080219,0.8546667358467204,9.393973708006628,imbalance
17492.327926817794,1.8479501020743123,2.4594043346135903,9.91113661472459,imbalance
17497.22593480949,1.7419696580360555,-1.9861518614466689,11.051038488730269,imbalance
17502.20427483148,-0.7383704311306671,-1.9595038157955773,9.324589856438168,imbalance
17507.16877767739,-2.183105882165492,0.3554954225662097,8.765731671909204,imbalance
17512.172204393635,0.6483122305014402,2.9171474204449277,9.874398114046574,imbalance
17517.19238392544,2.53496983425279,-1.2994724495240104,10.76560888874964,imbalance
17522.184119723857,-0.5965985146340714,-1.9382692666551216,9.90253277184876,imbalance
17527.155096013812,-2.467602021494782,-0.5367283067694417,8.810238688771786,imbalance
17532.1100749419,-0.1198144930625931,2.883451561984938,10.226825719532494,imbalance
17537.107236435037,2.681014774300063,-0.5447287096029844,10.660339582067316,imbalance
17542.121964363432,-0.1968826056608258,-1.9902486384780569,10.13458228618292,imbalance
17547.05162433852,-2.1011444190193136,-0.8338660263836065,8.936189841635793,imbalance
17552.00359325199,-1.180945427393727,2.8731460029557323,9.244461971656186,imbalance
17556.963345546046,3.093059234137734,0.8693372126836179,10.6894993889682,imbalance
17561.970128361256,0.4753630096945225,-2.118242973037656,10.048702960139336,imbalance
17566.962010987558,-1.6432618658267748,-1.4354365667889593,9.177279016756072,imbalance
17571.993406635607,-2.0523387320691917,2.4388868913992554,9.407634599184112,imbalance
17577.048645682855,2.804252027163633,1.4329228653026334,10.38236713122479,imbalance
17581.999240274854,0.8882571833103674,-2.3843826535122763,10.601016549904372,imbalance
17586.948290061948,-1.3054200872614896,-1.4059069584750634,9.602874052258564,imbalance
17591.97357816719,-2.532327906534977,2.014464940257952,9.12163378462461,imbalance
17596.924041385962,2.350704633158042,2.2886873149698816,10.236954388775866,imbalance
17601.85202571094,1.5691828696462506,-1.303716842773936,10.592448130221207,imbalance
17606.879927067377,-0.90402633474951,-1.5741983686925751,9.205576576918778,imbalance
17611.849902831796,-2.8248904286012277,0.8381053496440257,8.866142079895173,imbalance
17616.85810665607,1.337902057938148,2.5881872355312376,10.333190105456152,imbalance
17621.854705209345,1.8903828693832605,-1.5509664701207897,10.894398040757489,imbalance
17626.87619297179,-0.6379030106211094,-1.5333310585961857,9.681818698606069,imbalance
17631.927039376726,-2.7014428359858487,-0.157539221419545,9.238747549570776,imbalance
17636.831774615002,0.2645716309077298,3.2586782844061832,9.709738204258676,imbalance
17641.829498431453,2.676870822372377,-1.0824926742717325,10.571052154201672,imbalance
17646.873755554185,-0.3292748811514571,-1.3636151719296188,9.857148561920102,imbalance
17651.770651409344,-2.034440594035201,-0.7222719500905563,8.72796917713484,imbalance
17656.76307185262,-0.7817106313529718,3.1049188856050045,10.319570286579753,imbalance
17661.827799804858,3.062354019675595,-0.4081053663234692,10.357684483319009,imbalance
17666.83592948518,0.2300247914178283,-1.8369409102782084,10.00826436322986,imbalance
17671.764037028694,-2.0239682943713566,-1.3410807406778873,8.997196770199482,imbalance
17676.75545439438,-1.4443114031552,2.408779689464733,9.69064756899354,imbalance
17681.76627379636,2.8829796247772426,1.038515760422129,10.512708413215885,imbalance
17686.752039397335,0.5195120341719796,-1.8398547498787872,10.209315276392626,imbalance
17691.820914600616,-1.494827379464451,-1.4009918348863024,9.37242773193186,imbalance
17696.866148739628,-2.231272801893519,2.0711430439303724,9.414779327032212,imbalance
17701.850749386344,2.72310123177233,1.629403649997871,10.68871604557117,imbalance
17706.991326717307,0.8498372819153641,-1.8509732115173727,10.538097738863614,imbalance
17711.9455994591,-1.432068410011512,-1.5310614127868012,8.997109336688048,imbalance
17717.017718467927,-2.3052567254745098,1.5008457400774298,9.007265346809646,imbalance
17721.947173418183,2.131010151909952,1.9666780816254537,10.49131137772617,imbalance
17726.949153051435,1.6249089299356614,-2.117024328685177,10.3512362612839,imbalance
17731.929427080722,-0.907242080055616,-1.4029411978825164,9.235898750015869,imbalance
17736.982352912448,-2.577385490353926,0.6919884636951105,9.045665944914449,imbalance
17741.958857348003,1.8073006377907583,3.120719966178258,10.157695253356811,imbalance
17747.01130444394,2.040158754525608,-2.0267658984104155,10.579806794500488,imbalance
17751.983194376797,-0.5935890946676243,-1.461087663175071,9.723038677225846,imbalance
17756.970660710358,-2.73077927716068,0.0802101278552179,8.912148642785667,imbalance
17761.881353921537,0.5042323344779779,3.0398712011000537,9.822608847127825,imbalance
17766.86602254767,2.6564977668428678,-1.0847561736000069,10.70713832693289,imbalance
17771.86508496187,-0.4551221900562413,-2.002024625434605,9.961904412293288,imbalance
17776.90354752151,-2.1248040866274835,-0.3845151704745698,9.18154484422587,imbalance
17781.886185748535,-0.2696400063269863,3.502458302293411,9.531889300865322,imbalance
17786.94804491938,3.076932164022767,-0.1719081012626789,10.83146152628222,imbalance
17791.960846910875,-0.0878077582616683,-2.004883948608529,10.475314717447844,imbalance
17796.95237450848,-1.7190301978288427,-0.6436783173955531,8.926329367717093,imbalance
17801.995146823625,-1.3579212395091802,2.6252420380319994,9.452552243227522,imbalance
17807.064859357706,2.663077297844792,0.360031129893093,10.590252603355635,imbalance
17812.095192787856,0.319302331015625,-2.221178882260366,10.244358796577794,imbalance
17817.10734626376,-1.56299000167711,-1.556952413337069,8.865724501075299,imbalance
17822.06120579219,-1.968059802451612,2.504327750298898,9.422578750408285,imbalance
17827.046356767958,2.5181686917401005,1.1228870453572952,10.749830046387077,imbalance
17832.06407500749,0.882922555645873,-2.051375214794018,10.186830590875289,imbalance
17837.03357038147,-1.4502056457199457,-1.0468531495879003,8.967446930848961,imbalance
17842.0699184073,-2.244728227389312,1.5039136204957455,9.373808106794582,imbalance
17847.032198029883,2.3289496233291223,2.3895078965186296,10.43490445803548,imbalance
17851.98626751214,1.278390466117341,-1.690618444914468,10.235572060303928,imbalance
17856.93238224353,-0.6210470424434726,-1.5820407234128144,9.429972857394262,imbalance
17861.961771192164,-2.410427456042137,0.6751006318768065,8.925338429412319,imbalance
17867.04354922538,1.5044949884822936,2.3998245203909607,10.291606233276047,imbalance
17871.963012045584,2.2851343044769585,-1.8236015113619028,10.574396578216756,imbalance
17876.975315238215,-0.4359353936182359,-1.57245167993548,9.223999746043503,imbalance
17881.96422099797,-2.270956544771719,0.0462389766851236,8.631803951786203,imbalance
17886.974951820335,0.6276841716194506,3.1725198128826007,10.153241906173024,imbalance
17891.927200434056,2.374142881200992,-0.9888659289224064,10.809086162105473,imbalance
17896.9497695113,-0.8463338919712802,-1.5971123128603368,9.960912910249291,imbalance
17901.92547025622,-2.135610514643125,-0.1082032503494345,8.602967844415677,imbalance
17906.883554147553,-0.7354600847353403,3.165266957161865,9.860819456028503,imbalance
17911.910276624832,3.2209792727504096,-0.5279319907157787,10.680248116432862,imbalance
17917.009751456422,0.0474912105613875,-2.0273864404764947,10.11862510605886,imbalance
17922.042080681527,-2.001578427392668,-0.9941093026159256,8.931502808928151,imbalance
17927.09818547874,-0.9392099158910086,3.0683571535994734,9.600651686356285,imbalance
17932.14464891759,2.797537172343774,0.7016361704973022,10.594793697293271,imbalance
17937.029777979136,0.3898474141596968,-2.132282828513665,10.300593126458317,imbalance
17941.988940112158,-1.515521037274175,-1.3382404540003088,9.315801242764683,imbalance
17947.041659949795,-1.9308336927244136,2.33516468767739,9.231192045738409,imbalance
17951.98476595166,2.844973348031714,1.5054925448483103,10.247924024549969,imbalance
17956.96811527154,1.12981229061999,-2.3463412339705108,9.829938454462614,imbalance
17961.978848434155,-1.2039349309303022,-1.5340676215584008,9.234724243870549,imbalance
17966.97852002685,-2.319492230565033,1.6677898927917667,9.17004887692214,imbalance
17971.98962064813,2.51662891811688,2.1738077888080065,10.22133103114876,imbalance
17977.016966090876,1.1655540508818878,-1.8944871226705955,10.311389103196577,imbalance
17982.0325888692,-0.9975677790771416,-1.6299193779726644,9.23543392626795,imbalance
17986.965185399193,-2.408889776338285,0.532081376292783,9.126818359799849,imbalance
17991.970955600882,1.227465715507028,2.519884551725524,10.100036853433147,imbalance
17997.057817744782,1.7611650707847808,-1.8257197179713809,10.463368228701292,imbalance
18002.050792709055,-0.8855948863283507,-1.5357697072561955,9.173618989451509,imbalance
18007.06730374065,-2.5963220738026296,-0.1143451779590815,9.057851065021351,imbalance
18012.059216759488,0.2410066218759183,3.306467079255057,10.34406972023843,imbalance
18017.127767963862,2.443905352983217,-1.095101491996225,10.447331720186472,imbalance
18022.19214102334,-0.4442980037323209,-2.192524576914539,9.819586833889474,imbalance
18027.123459353323,-2.541486968695742,-0.0448739222403304,9.241819091434644,imbalance
18032.099125898127,-0.3761674136743326,3.100928467196316,9.720266510239576,imbalance
18036.997661157668,2.6473082035255864,-0.5150967492735761,10.581245868516168,imbalance
18041.934537499314,-0.0523282867085931,-1.813496180023105,9.778991194932088,imbalance
18046.923641472404,-1.8560774233597463,-0.7821541289945625,8.990598941304055,imbalance
18051.92026856348,-1.2142561164249186,3.036660300645255,9.320611169837491,imbalance
18056.877815664255,3.03592613362935,0.7555662753889398,10.86952759612277,imbalance
18061.906746920235,0.3787091865131936,-1.8953122475260056,9.8666299708452,imbalance
18066.93641794085,-1.6235297894191354,-1.2488624291733144,9.12265612524914,imbalance
18071.959051583668,-1.766437546284776,1.8799490751177,9.389827672706,imbalance
18076.900814699,2.898445629660546,1.5884564564709145,10.518439700139105,imbalance
18081.911871373257,1.2596307455899205,-1.7779248688275229,10.281776877871946,imbalance
18086.917414314892,-1.251466190288233,-1.287342073359082,9.347251020014763,imbalance
18091.896953043255,-2.651096160908433,1.357720257931518,9.203260385915028,imbalance
18096.86900553773,2.0016248394887683,2.2056283538781427,10.6542425436077,imbalance
18101.876823431445,1.7892284594096295,-1.4571717727925588,10.990865551544712,imbalance
18106.900738599892,-1.082869597889377,-1.729000575774181,8.853090377773803,imbalance
18111.922378161686,-2.66195989831346,0.5495342982084377,9.39077050782597,imbalance
18116.924214110655,1.2723787708641283,2.623135197370586,10.103344244554677,imbalance
18121.85952497177,2.26357002722262,-1.5546778977547833,10.813493736856463,imbalance
18126.854621430106,-0.5517787481849888,-1.6523636271793107,9.710566175566363,imbalance
18131.819846110066,-2.7127396216428807,-0.0188029415079648,9.017108135459686,imbalance
18136.744034911266,0.447959122257264,2.833794830463909,9.935719860799171,imbalance
18141.663596657607,2.699165697507694,-0.8786872112928971,10.599426693625938,imbalance
18146.634260031267,-0.5621986276316008,-1.8425442317280565,9.750725300357162,imbalance
18151.618773420887,-2.5504572212239283,-0.8805149202360301,8.958051112797579,imbalance
18156.634233878187,-0.8360107928777047,2.9041917711973384,9.66131663075557,imbalance
18161.705244080043,2.725137650358937,-0.3487123268908386,10.495554577033552,imbalance
18166.702696984456,0.4334871995507668,-2.088572501238219,10.065646442966973,imbalance
18171.72923660408,-1.590268816565943,-0.9283592534773544,9.059948165849264,imbalance
18176.759859251284,-1.370561955003885,2.6825025988120323,9.481056801252516,imbalance
18181.71287802564,2.747091957321496,0.6321781064236843,10.399459364297767,imbalance
18186.769461074906,0.2798606189288443,-2.2330220966480434,9.80413654591474,imbalance
18191.717508591235,-0.901330337750346,-1.057238999723913,9.182598418441705,imbalance
18196.6895233654,-2.1757084239614524,1.88832121830345,9.096820750525987,imbalance
18201.7523112312,2.804491821237022,1.8633669416170329,10.597653712707844,imbalance
18206.73341957287,0.8565731376867283,-2.1133218194615147,10.779367796965452,imbalance
18211.739861974802,-1.4948874542715074,-1.626115666368226,8.956344775344542,imbalance
18216.79259261518,-2.293929816640225,1.3284287583632792,8.562167540231657,imbalance
18221.710751112365,1.7815022080473113,2.415675512944916,10.201054727845358,imbalance
18226.74606644511,1.2419040042304856,-1.6424058548805534,10.534459929377867,imbalance
18231.65909502325,-0.815725206180943,-1.5829573550609914,9.09702623580589,imbalance
18236.62542188658,-2.670005649522396,0.7479409545421859,8.93333818201222,imbalance
18241.651227755287,1.1315704083473643,3.1319304506691594,9.983113006409354,imbalance
18246.59727065067,2.4034041220027103,-1.4179993213535127,10.728439365010347,imbalance
18251.54645746069,-0.5391188778727896,-1.6304677182258411,9.70896470365959,imbalance
18256.478452686108,-2.1288909047590865,0.0194435812905437,9.237944735556905,imbalance
18261.496532715224,-0.1539754029146871,3.0772746590852904,9.57045956658598,imbalance
18266.52421859903,2.3409437437773217,-0.5975646798834138,10.508387671132482,imbalance
18271.550640977275,-0.4847370336191242,-1.7438094238506323,9.721347858309697,imbalance
18276.610633641438,-2.126347405981144,-0.4751873900260854,9.02082377728959,imbalance
18281.67455050851,-0.9622958982342912,2.7631107091000207,9.561536027696684,imbalance
18286.602407120685,2.852273922786112,-0.364128012402939,10.551376257922849,imbalance
18291.606397389547,-0.2586397193277866,-1.805622824435892,10.326404646073048,imbalance
18296.58926733091,-1.5350713014067288,-1.334456935450406,8.947315861685727,imbalance
18301.59056168123,-1.7645153735599266,2.495055189432752,9.817555464681623,imbalance
18306.64278476872,2.8142375856795288,0.8546844748935019,10.462310385783718,imbalance
18311.64781578342,0.4934482047969646,-2.145351274748297,10.10505118313838,imbalance
18316.737614423557,-1.0679545863914026,-1.1469424326929554,9.1110583921978,imbalance
18321.724235568752,-1.8876729697062475,2.164195553568129,9.259544738798228,imbalance
18326.74337788648,2.7152930797183257,1.5653690791083124,10.752702833483108,imbalance
18331.724543475044,0.9968399823866652,-2.041464107998906,10.014045406367917,imbalance
18336.665438531887,-1.435483859540181,-1.5891624500424253,9.286114958352696,imbalance
18341.709351336176,-2.3905323950688326,1.2780880120500395,9.043827552266954,imbalance
18346.728198873043,2.1423983816228747,2.553421623538869,10.531796214598982,imbalance
18351.76322764176,1.2008117229022386,-1.829286716649895,10.730097826507595,imbalance
18356.705189095974,-0.4171596230846223,-1.7577184572915077,8.938550554816507,imbalance
18361.630597563428,-3.029830674360339,0.4983622864858659,8.783196188962014,imbalance
18366.57658578509,1.2444374355537342,3.2896126532161083,9.856027224451609,imbalance
18371.53781381054,2.240063976174824,-1.3642400906452683,10.573069860790824,imbalance
18376.54015763615,-0.5659416785644659,-1.699905173927157,9.597174613231369,imbalance
18381.505893127254,-2.4179735811446945,-0.2184768339522802,8.957572913529907,imbalance
18386.49738675236,0.0328798670844168,2.876685980613094,9.797693970784804,imbalance
18391.458788492026,2.5137187456030934,-0.7690588540528038,10.393173867539048,imbalance
18396.443756878736,-0.2230652173224019,-2.16634484516839,10.069045342831378,imbalance
18401.52081954314,-2.279702563609245,-1.426174558265165,8.866356093172625,imbalance
18406.48881059624,-0.7131177936576923,2.940089380966205,9.683758955182816,imbalance
18411.39889388451,3.231726882940521,0.1647657821617155,11.009579335283163,imbalance
18416.32700844877,0.3166487210838723,-2.1217527372121943,10.564320427248855,imbalance
18421.280515091577,-1.440391960836363,-1.7071010870807588,9.115112706933449,imbalance
18426.364744753664,-1.0630922854109892,2.5860663966023747,9.379906959959763,imbalance
18431.31300147284,2.7219675256158093,1.1665432040834582,10.500637633746557,imbalance
18436.38875134101,0.7044943866865254,-1.918960231684685,10.530629309809788,imbalance
18441.38313722236,-1.338853647519321,-1.2886550838642048,8.966472977278412,imbalance
18446.454787656818,-2.3816744582201483,1.9359710070165677,9.304726573380108,imbalance
18451.44753411817,2.847949471692567,1.911407539882766,10.424324992460004,imbalance
18456.509071886783,0.956803628677908,-2.082938201959086,10.358252281453014,imbalance
18461.455939316653,-0.9493740949030608,-1.7519728265336327,9.23258199522705,imbalance
18466.4457431727,-2.3155193388272397,1.2518937930789384,9.247808115164927,imbalance
18471.497674159727,1.789292654708078,2.760747332402508,9.70691722926302,imbalance
18476.449147801908,1.9871719320097547,-1.7706902958017994,10.512570397620296,imbalance
18481.401947162674,-0.2836541145678962,-1.7055783091833248,9.315722841345217,imbalance
18486.38423419181,-2.3817334531017798,0.1610846573003291,9.042669821062317,imbalance
18491.357159011764,0.764212750611095,3.027794775350229,9.928354268287269,imbalance
18496.45059024365,2.074572872639381,-1.2275371779694275,10.780958890222712,imbalance
18501.49972839992,-0.4092728668530694,-1.718782974593236,9.467058220127848,imbalance
18506.54649800518,-2.630685305265527,-0.0433095499264437,8.76168294039294,imbalance
18511.565331056456,0.1265538426852849,3.317949024353026,10.056150667246644,imbalance
18516.59632122312,2.558796115712295,-0.7916898260934307,10.441347535465358,imbalance
18521.6559190081,-0.0147772057938468,-1.887110605534744,9.916016647996528,imbalance
18526.661264992785,-2.1823575289333816,-0.6839959033999399,8.845073027315548,imbalance
18531.58830162874,-0.9650903923167238,3.0952295702694346,10.08689896868055,imbalance
18536.644891884003,3.255923022032634,0.3690635356095261,10.996609647390732,imbalance
18541.73042172075,-0.0622329192196493,-2.267964882949821,10.156587256178682,imbalance
18546.659654100364,-1.340315642596972,-0.8479826145757199,8.915672697313383,imbalance
18551.682113788866,-1.7364787387796894,2.698842273722616,9.482587407914547,imbalance
18556.684022526704,3.171107882912952,0.9196396154856132,10.916386974841744,imbalance
18561.63620901906,0.4794687525544766,-2.3403502665889597,9.901021838274096,imbalance
18566.689261295443,-1.5150057654615905,-1.331631045768242,8.954681740433955,imbalance
18571.68823848544,-2.0910476423919357,1.89910606184734,9.135688272258705,imbalance
18576.63504452348,2.4184130566423367,1.5624620523295052,10.362728029875788,imbalance
18581.60557811725,1.3467994762367048,-1.9915254376406355,10.615784999659155,imbalance
18586.617835095505,-1.0374084581118663,-1.7180074781235015,9.12533199287241,imbalance
18591.592853613067,-2.409204534820246,1.1598073493517318,8.70924701496124,imbalance
18596.512828959625,1.8302436253958017,2.3774004433685416,10.230967680949568,imbalance
18601.56178224077,1.6457119287824338,-1.7083523377009475,10.630632334420625,imbalance
18606.54828188128,-0.6523449860244462,-1.484910726269732,9.396045098090845,imbalance
18611.639936179585,-2.678192004710989,0.2123319144315513,8.91937737087782,imbalance
18616.613463646987,1.3742936701268404,2.8291243675538884,9.953799048370447,imbalance
18621.462248391064,2.5949687099152285,-1.576662777147127,10.60406679781154,imbalance
18626.50368339454,-0.3473533889084818,-1.836011478014996,9.932384821416896,imbalance
18631.482134350477,-2.198915664773922,-0.3070228154964322,8.971985270601087,imbalance
18636.465122218186,0.0378264927529371,3.292425107621245,9.895773635033937,imbalance
18641.478625308933,2.590052088093864,-0.7309216866278077,10.539670711839785,imbalance
18646.47509208369,-0.0894432685225446,-2.231840869990819,9.950134386255211,imbalance
18651.477845530124,-2.1300746569935693,-0.745506836459154,9.328630210608232,imbalance
18656.49850170902,-0.6726929238049748,2.660694323897517,9.229307813397124,imbalance
18661.529810786426,2.7458840774077973,0.0916218745758808,11.212238610248038,imbalance
18666.52187644948,0.3272352117655012,-2.1733141806148897,10.023400275049177,imbalance
18671.449962942454,-1.7007449459386883,-1.3320866246030534,9.09432015096796,imbalance
18676.44305455238,-1.9090471593515053,2.7404679276495747,9.463410795904158,imbalance
18681.463862297674,2.7118493084627717,1.093645307311108,10.802201228740053,imbalance
18686.418221223856,1.0467167545264846,-2.096603505234817,10.28246143515659,imbalance
18691.413974219315,-1.3456538314131608,-1.416960264389825,9.185426903124574,imbalance
18696.39677824265,-2.182081135445154,1.2834651454181052,9.333966979788473,imbalance
18701.365600700014,2.816027437834737,1.9144801255953157,10.365793529020054,imbalance
18706.41354082656,1.0680977170851116,-1.5734818123706258,10.261472804820382,imbalance
18711.46627452234,-0.5104587371112419,-1.4899185157196837,9.178881360537124,imbalance
18716.42141279985,-2.41667984516358,1.0384573787777949,8.718888624066565,imbalance
18721.378070607298,1.720570980625677,2.586944842289104,10.319480609677145,imbalance
18726.42517614368,1.7807384958734145,-1.718928074293949,10.461079858967294,imbalance
18731.39785360161,-1.084929240042042,-1.6897828917427746,9.836803089660096,imbalance
18736.393762388077,-2.534309421795847,0.30012178940451,8.88718524638808,imbalance
18741.40339000966,0.8765320580886661,3.1761399761416795,9.944808231093829,imbalance
18746.46560640339,2.1966617921222884,-1.2383499202164037,10.802162019547875,imbalance
18751.446228699115,-0.1112894900922994,-1.9197227230801417,9.721160935798768,imbalance
18756.510339433265,-2.7014450943715747,-0.0403647785054283,8.787699770232804,imbalance
18761.47386959598,-0.0352332828738944,3.1003651732217823,9.583141265223707,imbalance
18766.499005892678,2.1320587387930368,-0.6879505125192283,10.902557473679092,imbalance
18771.42845939416,-0.0784901214946638,-1.797060666376641,9.938079354531594,imbalance
18776.391318442133,-1.6100705792356358,-1.0969717573644229,8.793930407812278,imbalance
18781.33370031742,-1.221753489667777,2.915776902372821,9.302825473789522,imbalance
18786.33445846012,3.1740099031478657,0.6353690359805482,10.576658424366556,imbalance
18791.29123794148,0.2062958895767437,-1.9082877992886305,10.134140877485176,imbalance
18796.234302332065,-1.3253147325173606,-1.2050104656167506,9.070642928950628,imbalance
18801.22103353693,-2.046987537689437,2.10230311028844,9.499799312960224,imbalance
18806.30045380822,3.072731522433512,1.215388811334943,10.882327284520546,imbalance
18811.290430029985,0.6193862779911451,-2.105970703312885,10.531430293748665,imbalance
18816.317607563,-1.075453940465405,-1.660968052352613,8.77741570590549,imbalance
18821.27394627804,-2.263783004310966,1.387381256879575,9.49203088815614,imbalance
18826.28825431935,2.2305329983309323,2.021659113799402,10.641006159335465,imbalance
18831.215235088715,1.3105084030300849,-1.961596280245137,10.291779301327326,imbalance
18836.205285406355,-1.0445778238652017,-1.2056916600783436,9.164324042983246,imbalance
18841.15665253848,-2.123132973923572,0.6573560094890898,9.048873668221772,imbalance
18846.20308869696,1.5594730561514976,2.6575892158799097,10.318915261376686,imbalance
18851.15519457629,1.7375319624034151,-1.5214946180279656,10.683085220315556,imbalance
18856.16503804721,-0.6966694987524702,-1.606170066555839,9.510414162774538,imbalance
18861.1977606608,-2.5369585094728047,0.1086126660179317,8.977294450929762,imbalance
18866.2460457963,0.9430935735376352,3.197891313188396,10.10698571710373,imbalance
18871.220102012518,2.793459755084154,-1.0639050829721763,10.562732743728004,imbalance
18876.30740118504,-0.4306421298549464,-1.772448676598965,9.510299440475343,imbalance
18881.32362919832,-2.2646331572046607,-0.6684952137125962,9.068067983712035,imbalance
18886.360479414263,-0.0014841624663568,3.439308362660622,10.145931728093784,imbalance
18891.34246782508,2.819200848254233,-0.69759427364326,10.621537811770102,imbalance
18896.300133593028,-0.2151067753410779,-1.8743196560206297,10.10231593485865,imbalance
18901.28104056428,-2.0333428712917505,-0.9838434873720484,8.949281976101782,imbalance
18906.186901161687,-1.4969631180570928,3.093429241951369,9.51578724331008,imbalance
18911.226141207357,2.931111722688593,0.4569608120201779,10.653096287675522,imbalance
18916.25309437491,0.3199605966439303,-2.125451253216037,10.073527890957498,imbalance
18921.34981756396,-1.5795522152734476,-1.4559140804566555,8.944268872447699,imbalance
18926.43125454157,-1.9289256420908985,2.516197148578074,9.785095631888945,imbalance
18931.476909143457,3.2749397943899563,1.3605366836970734,10.659813473839645,imbalance
18936.37054300109,0.716270124527247,-1.866202320291299,10.148569992799018,imbalance
18941.37026311356,-1.289335658391021,-1.5524422212525668,9.263043468258653,imbalance
18946.49010323216,-2.2570151664507168,2.082199168864505,9.008900413382502,imbalance
18951.49451609799,2.171850243203541,1.599176900383226,10.51210166265698,imbalance
18956.41695809162,1.2780612743547726,-2.0777147164985905,10.631490667543003,imbalance
18961.336983607263,-1.2005106902784868,-1.5175597493980753,9.18824597594782,imbalance
18966.331599320554,-2.2573238436467977,1.1955963035028243,9.040028156640048,imbalance
18971.35726789134,2.0964208294223607,2.802226490493961,10.280080358550093,imbalance
18976.361265187646,1.7894817355433974,-1.5109318710053383,10.801590127795686,imbalance
18981.41172717448,-0.8206031397677491,-1.8330943463307463,9.250484004836109,imbalance
18986.43763645082,-2.576347907439803,0.1638467984494777,9.066851198428417,imbalance
18991.470285236624,1.0503332776772736,3.01475638971519,10.195368823056436,imbalance
18996.471015819203,2.217322209252048,-1.328376647093154,10.560809283851397,imbalance
19001.381411027945,-0.4194076536140548,-1.7112801386555625,9.683529499051817,imbalance
19006.41635230009,-2.4112195176387994,-0.2914633021852365,8.911363595365925,imbalance
19011.41181568413,-0.0437173592947784,3.118308427135208,9.946749419483885,imbalance
19016.37543861981,2.72737430579606,-0.5517637246656842,10.62595117388878,imbalance
19021.320138123272,0.1510976783876216,-1.6377256319023477,9.947453282363838,imbalance
19026.256274816304,-2.00034641151242,-0.6746647507191817,8.79922497192359,imbalance
19031.24574034928,-1.0368681177036845,2.4620077398786004,9.714427428835757,imbalance
19036.30330026253,3.25473111092552,0.1701563424064889,10.542713488628268,imbalance
19041.31545736338,-0.0111791386895537,-1.8184332764890856,9.952462055813683,imbalance
19046.29873038159,-2.0193143021087794,-0.7194325113368046,8.951274862415032,imbalance
19051.33632989995,-2.2604113580199243,2.0710089386711474,9.65806088746483,imbalance
19056.355303526056,2.738166592200977,1.2033065029064822,10.391946439217708,imbalance
19061.415816444616,0.5929551944436008,-2.249377197955311,10.20877836737866,imbalance
19066.42132548511,-1.3052900131864351,-1.4076822522544647,9.08675894917809,imbalance
19071.376233329767,-2.6809279717840813,1.3306115970228671,8.851406134674507,imbalance
19076.420076402937,2.7812655413739984,2.024997573809212,10.490495846347567,imbalance
19081.383004665644,1.342555509832792,-2.1000064113283043,10.621273072805074,imbalance
19086.414687746903,-1.1597055578483828,-1.5494641324898073,9.363565197003355,imbalance
19091.441935734743,-2.313601278789739,0.9685178193643412,9.065111761559807,imbalance
19096.481830106968,1.883432951659388,2.479474679245904,10.370886515436188,imbalance
19101.555624409422,1.6812421761002845,-1.5087005073332873,11.230450185007417,imbalance
19106.564402784403,-1.0806904741883696,-1.949585137127599,9.274884983221035,imbalance
19111.582839000544,-2.471316074011708,0.6160703103026538,8.985640877938412,imbalance
19116.54792722476,1.2322997618460705,2.844666170822823,9.85310501790291,imbalance
19121.6038788822,2.3644164822547937,-1.2996561773507025,11.111900591809782,imbalance
19126.69298336553,-0.5256124453927726,-1.929884319877009,10.09274323775411,imbalance
19131.718631096664,-2.6386585057502634,-0.2398848929173291,8.607947151396223,imbalance
19136.786151801727,0.1097754590794284,2.538518864457814,10.35193266714504,imbalance
19141.784708975632,2.541132516944957,-1.0182961642311497,10.540109574759509,imbalance
19146.768220594524,-0.2052104076085377,-1.9105522113368387,9.864693240606917,imbalance
19151.809293442413,-2.011294956220038,-1.0182247016925052,9.025363322368287,imbalance
19156.81882743789,-0.2826451970632826,2.909443736023917,9.929201996782568,imbalance
19161.74784043441,2.5240398283377075,-0.6498035932479067,10.784383994170758,imbalance
19166.745171467068,0.0845514703594026,-1.776081919122367,9.814124088142028,imbalance
19171.785796310047,-1.8370307557586507,-1.0496073961026973,8.936024336860946,imbalance
19176.848593754068,-1.547306711886851,2.489168210099718,9.773818642139704,imbalance
19181.96440236031,3.089875631252823,0.8043174111316209,10.602550571837844,imbalance
19186.87950117632,0.3196496103804035,-2.3572768634518875,9.946491761424584,imbalance
19191.98711027635,-1.2636143929974115,-1.0910919735957452,9.2750906730515,imbalance
19197.05520405646,-1.9301216398871748,2.428639941718356,9.22611292300224,imbalance
19202.061338411862,2.7243487949449428,1.0947122604392954,10.76929522119212,imbalance
19206.956250847048,1.2364893324034505,-2.3017645498534165,10.560192551863004,imbalance
19211.91732664473,-1.2769705476499351,-1.560948639214695,9.159219598100425,imbalance
19216.98199276902,-2.048140432389068,1.3172942730686956,8.99734956814721,imbalance
19222.01470604845,2.1287949720295485,2.320539527020842,10.405373414463668,imbalance
19227.03585735805,0.8216673941587702,-1.7700689157447005,10.52093445630504,imbalance
19232.01607186821,-1.0894237378880305,-1.652634667441532,9.597120698010208,imbalance
19236.995374215523,-2.8153565682805874,0.449314930648685,9.270177155389089,imbalance
19242.01600341756,1.7023309611213244,2.691776414085834,9.965702436179653,imbalance
19247.01952034702,1.5865908151946604,-2.1006747508555064,10.69227809594658,imbalance
19251.94067732297,-0.9419533867456013,-1.7982110847461483,9.447055583271446,imbalance
19256.896156582472,-2.6382778610242568,0.2303436629691492,9.146299528150212,imbalance
19261.85204111079,0.1186191437740303,3.0571516466394426,10.013029658932568,imbalance
19266.834676547,2.635845839948914,-1.082900221013179,10.433733031561506,imbalance
19271.79867243724,-0.4747571058812424,-1.8914173546988848,9.58864917982742,imbalance
19276.878423362243,-2.1789883124144622,-0.7695567880403089,9.020622479551458,imbalance
19281.925434829023,-0.771995033184399,2.706016518149946,9.816358922652585,imbalance
19286.969083358497,3.026621388753694,-0.3452592141016963,10.854523681937824,imbalance
19292.02484306012,-0.0786327946253392,-2.068444375660821,9.613429060953584,imbalance
19297.000483332315,-1.448334425046113,-1.0263603973703268,9.019711524019064,imbalance
19302.007301576585,-1.1752248822340146,2.9330491572097195,9.341124137658522,imbalance
19306.986613896446,2.9278563053927478,0.6114048191722352,10.40534667705082,imbalance
19311.99426846653,0.4160052117411164,-2.0289789428299256,10.142857203693406,imbalance
19316.968334720164,-1.643846330652775,-1.1942779064506557,9.221640925244122,imbalance
19321.917869626337,-1.920235932950689,1.8785092483012555,9.392037569437482,imbalance
19326.867492489502,2.2727846102001807,1.5997582026114532,10.97901845018124,imbalance
19331.859631596435,0.8196851471199545,-1.9540443921817028,10.447765331998797,imbalance
19336.910081314887,-1.3889423080723686,-1.3706182164464955,8.789746473473462,imbalance
19341.883190434208,-2.8454677599646816,0.9271990927799376,9.21612556173033,imbalance
19346.814029539182,2.706959025179358,2.345224275671705,10.469645928949454,imbalance
19351.752790727915,1.6224359174269023,-1.943300984042538,10.52674313476426,imbalance
19356.74989599353,-0.8483258106661096,-1.4389946836076153,9.356429461946163,imbalance
19361.806164304988,-2.781180575562287,0.1996698895453288,9.093714519503424,imbalance
19366.843104770607,1.5964810723464824,2.857630140564858,10.134949075305666,imbalance
19371.76445806031,2.154145659303139,-1.3959032917125915,10.670104510613069,imbalance
19376.69853411805,-0.3839936964595958,-1.2464119443954111,9.428375662369278,imbalance
19381.741095980306,-2.742999717550122,-0.1388845083785047,8.738193199639452,imbalance
19386.831181133603,0.5549233085129849,2.8112758955971606,10.020083020791372,imbalance
19391.90159386265,2.510770731341864,-1.0354672560307028,10.707044224390282,imbalance
19396.886589313992,-0.4536022836227885,-1.5451627711515634,9.77030771941512,imbalance
19401.9695721817,-2.083009429977145,-0.2857446468613028,8.964100885012968,imbalance
19406.979176295925,-0.3485517391289351,3.1357371807632477,10.071025364906134,imbalance
19411.952941053947,2.6087288767479784,-0.5169147639098964,10.735021517789676,imbalance
19416.972200713462,-0.3510619882340302,-1.7381238138819342,9.88277525261761,imbalance
19421.980812000264,-2.0077584169275964,-1.1702232826264145,8.81678662152219,imbalance
19426.924653627,-1.1789111425489531,2.726673223092792,9.612852126522258,imbalance
19431.98567468543,3.226188369377149,0.4948571782999985,10.764004315887048,imbalance
19437.02615212937,0.2411545699648257,-1.96688896341577,10.532120109721136,imbalance
19442.0018861026,-1.5785750752181835,-1.3658918625223315,9.37907939168164,imbalance
19446.949564816478,-2.4337581629490304,2.3234600736685285,9.038331516360456,imbalance
19451.946743608387,2.7426753119397587,1.3088258662484764,10.570114749650935,imbalance
19457.01668103553,0.8656952633180709,-2.554787342513684,10.558017122507692,imbalance
19462.028068020554,-1.4197458658440163,-1.2818481572988458,8.994678439942996,imbalance
19467.05479770736,-2.575315654166875,1.466163033233708,9.028785783272754,imbalance
19472.104333222356,2.0931519110647927,2.142795602695816,10.23728966644917,imbalance
19477.012212614765,1.4650646195192487,-1.851963599703851,10.777946045210824,imbalance
19482.13818973556,-0.9563397357185748,-1.809704156961969,9.290544043302452,imbalance
19487.11132261591,-2.7393031444643454,0.8231512135591758,9.171338483673072,imbalance
19492.15794378285,1.820171574393723,2.8584334304682764,10.247925277567036,imbalance
19497.13284340341,1.8526680829748567,-2.10075313513664,10.806209529773666,imbalance
19502.104882618627,-0.5563646216944973,-1.6990775187192364,9.614302191706008,imbalance
19507.13568300981,-2.500265140484937,0.3438987948644568,9.109098800420393,imbalance
19512.08957839978,0.5662369624558223,3.042326814654159,10.17768979650162,imbalance
19517.06634235869,2.9270284116547085,-1.47484040443472,10.488488498386593,imbalance
19522.10166259229,-0.3853482341086148,-1.7699167462850152,9.961038428898483,imbalance
19527.199427341093,-2.332679645013258,-0.4382982600868409,8.988530094957932,imbalance
19532.22630130107,-0.2833099012888292,3.1699536209655688,10.034984190707393,imbalance
19537.26069692619,2.6360049573482085,-0.6043233863044535,10.716204882068642,imbalance
19542.386447300232,-0.2975154420748693,-2.0513105807106937,9.74305566509027,imbalance
19547.368452915383,-2.148460352525459,-0.2868995081837003,9.330549034907053,imbalance
19552.41058431525,-0.9561671271473362,3.117400495741786,9.829373563556397,imbalance
19557.50719263818,3.010273527898669,-0.0653641155482129,10.901726897499286,imbalance
19562.55445386616,-0.0135872108669214,-1.9718789822664795,9.88572503657499,imbalance
19567.54535734143,-1.952462385425117,-0.9116982955590835,9.240503099654084,imbalance
19572.543094094264,-1.3184356304954308,2.5911355197145203,9.689542788119436,imbalance
19577.49607972564,2.892510464771926,0.810585830535379,11.019459393750314,imbalance
19582.564590935483,0.3625473118966992,-1.969651965004,10.20504356067965,imbalance
19587.568858515653,-1.6495662691685915,-1.591808714218106,8.995367927958887,imbalance
19592.487426153068,-2.2888507332595283,1.9965117489729785,9.15254705757829,imbalance
19597.533146065485,2.6067845611204965,1.4010034388978094,10.82638874542102,imbalance
19602.51302512095,0.9295815019130648,-2.235479059558892,10.737448686931614,imbalance
19607.49761313881,-0.4170224844646647,-1.6844494423543694,9.099286328158348,imbalance
19612.470602236208,-2.3045049810379137,1.2888939113890656,8.8797838711509,imbalance
19617.593698178855,2.162340426977958,2.377651587278934,10.537155176722829,imbalance
19622.54141902981,1.6366759976872147,-2.1971458688088124,10.32403750093266,imbalance
19627.52026927521,-1.2100210058764975,-1.7289702846998125,9.696017752243304,imbalance
19632.575138192457,-2.5143738034689647,0.6936341438767809,8.948471424854427,imbalance
19637.588226316475,1.225425019862605,3.440978081035228,9.84307047083987,imbalance
19642.61373502312,2.1472711529590525,-1.0914368659276066,10.630865913429368,imbalance
19647.573333544653,-0.8255229456816318,-1.7745695309188123,9.4920931688257,imbalance
19652.669530781724,-2.6333919602411,-0.1848524609669818,9.193979509953696,imbalance
19657.612311693607,0.3378640840984284,3.0222243229045054,10.088062862638576,imbalance
19662.576386685763,2.892799341483701,-0.870424241084859,10.983466541796432,imbalance
19667.57190522241,-0.2132050740766897,-2.019776805021016,9.784085775997914,imbalance
19672.577158323074,-2.1308226420162173,-0.5491386077127947,9.078088381318189,imbalance
19677.67200442446,-0.3413790593388011,3.4450866678009127,9.961204611881358,imbalance
19682.635952197008,3.0961655147829386,-0.0183815615697695,11.23038795373484,imbalance
19687.70573089588,-0.1413071020161484,-1.8068634499699523,9.979608469547305,imbalance
19692.76983044025,-1.8195255431527493,-0.8285136305611989,8.593574267976408,imbalance
19697.84437869001,-1.2680053631645656,2.7369010864295555,9.294222797315514,imbalance
19702.934758427054,2.9792358218090884,0.288007705187028,10.686637317364829,imbalance
19707.979742795484,0.4451131357082135,-1.9099870139417443,10.266565445110972,imbalance
19712.976660945165,-1.467187273979339,-1.1006063323779725,9.099133065142752,imbalance
19718.012771508103,-1.636533547733061,1.7510626379635177,9.37983842980267,imbalance
19723.030595916785,2.9388347247092184,1.130159952131838,10.58612204639418,imbalance
19728.070385786406,0.8913677523885126,-2.128563357644847,10.300152409357052,imbalance
19733.005282846578,-1.397016329480236,-1.386371366205646,9.16010479705784,imbalance
19737.97624870766,-2.482444629078721,1.840964568194433,8.933958422974225,imbalance
19742.9876741982,2.701432502868021,1.709347092376989,10.445358130223468,imbalance
19748.043476905048,1.2839129664556033,-1.7443481631422408,10.540815753071136,imbalance
19753.00276802098,-0.658629146327046,-1.6765374376723383,9.229071071998549,imbalance
19757.916931326963,-2.519949375349312,0.9491334453759404,8.995129061578275,imbalance
19762.88732850184,1.5771547662283942,2.485076812416512,10.429318421690246,imbalance
19767.83486692364,1.5214538706534295,-1.459094180479624,10.733120843310813,imbalance
19772.886364591155,-0.931949651891917,-1.7542990472405906,9.399573442308604,imbalance
19777.956453318177,-2.6587691536658467,0.1928053282604358,8.792163149486068,imbalance
19782.944652117465,0.4430340821695334,3.568026749383994,10.226892887235184,imbalance
19787.942308879086,2.648597793135808,-0.9653550240505826,10.830141485280162,imbalance
19793.025013231145,-0.591398701503578,-2.128244914802127,9.201341421954648,imbalance
19798.028727527104,-2.2417063615235246,-0.4107146634239441,9.18499244944184,imbalance
19802.989998820663,-0.603006000950804,3.1171810478748,9.640814381193458,imbalance
19808.02848597149,2.9877122850976576,-0.844788795294307,10.669009536814066,imbalance
19813.05333120512,-0.0063423538884926,-1.6934579275312298,10.239793331366831,imbalance
19818.052854595317,-1.9562719453236996,-1.1325697928599348,8.580498217154432,imbalance
19823.09010384605,-0.6368511952142787,3.010161027139124,9.432963374423936,imbalance
19828.17771343893,2.939023618248361,-0.06563943482289,10.841779200887052,imbalance
19833.15694713419,0.116984627980078,-2.067442754010429,10.470041499111876,imbalance
19838.184701876715,-1.9696771595775209,-0.949288988050652,8.710418066119852,imbalance
19843.17920686189,-1.8588258629450047,2.189488863426843,9.883218107224508,imbalance
19848.239050722583,3.0022528229169185,0.941235394433697,10.695205911468577,imbalance
19853.25693895066,0.6856074898042673,-1.764003904770927,10.33051942862195,imbalance
19858.21041220429,-1.517463746954666,-1.2296398266796504,8.70916294225575,imbalance
19863.18113206984,-2.3997369479121846,1.9002680841703965,9.541033619848728,imbalance
19868.1453932439,2.536338532764204,1.7115303684186536,10.251060418397753,imbalance
19873.114854503005,0.955111718219267,-1.9328274611647505,10.458913211804209,imbalance
19878.17802599093,-1.0978770470625652,-1.4884996987331018,9.05903378959044,imbalance
19883.118105650094,-2.7900093011704894,1.275694788601513,9.494151674737552,imbalance
19888.208405372967,1.8811016349498997,2.465184235199804,10.162164643681692,imbalance
19893.249921689185,1.571355232383836,-1.675920878994985,10.43380485747336,imbalance
19898.29653222736,-0.6581010678548289,-1.874551470589952,9.689533080833185,imbalance
19903.336444897523,-2.297873453374806,0.6951119502934198,9.716773828817992,imbalance
19908.33892520169,0.7723548561652295,3.257645611840831,10.344764752502495,imbalance
19913.30881296572,2.076183275167463,-1.6200088453252763,10.999491041109588,imbalance
19918.313186695166,-0.8324076314748712,-1.8285838722248065,9.560554438552169,imbalance
19923.3056571593,-2.435996586295496,-0.2385902094560389,8.986927368310226,imbalance
19928.259505535105,-0.1749800609624343,3.497070026691653,9.622665577121175,imbalance
19933.23608699181,2.77213947686642,-0.7106485850700015,10.35114155780776,imbalance
19938.300508602464,-0.0932721262840883,-1.8655759152582752,9.796894626174836,imbalance
19943.33175069992,-2.100954991199621,-0.616859907765222,9.109591901942808,imbalance
19948.320763991785,-0.4752237937472459,3.1331845089858943,9.663761369946336,imbalance
19953.288691151665,3.077605456636097,-0.3486996108035789,10.7287213336796,imbalance
19958.31972422911,-0.3198326357490746,-1.6728308211578784,9.851286698165916,imbalance
19963.359866041024,-1.917513431332476,-0.9999122961381934,9.034411258249827,imbalance
19968.28541231357,-1.4607428628130967,2.9257224111274733,9.364345153988696,imbalance
19973.34058578565,2.8968377785002786,0.7716348564421439,10.60076402130906,imbalance
19978.369867725407,0.7558381787887745,-2.119729540763208,10.198248052174618,imbalance
19983.31512768975,-1.3873750027405676,-1.3211669973591196,8.836777212924463,imbalance
19988.207714175856,-2.259175130949687,2.149287263655166,9.431206339281042,imbalance
19993.22207981256,2.3702650607804503,1.6659322928500486,10.522661642568352,imbalance
19998.210698096544,0.9230627655915754,-2.171910711963791,10.520920219125296,imbalance
20003.16066431349,-1.109154448108424,-1.6514980654675817,9.134262906873987,imbalance
20008.167025916016,-2.716875096921499,1.31417214961421,9.17909265891327,imbalance
20013.15389489759,1.7502538815312607,2.674837525806603,10.516653251891492,imbalance
20018.094226215584,1.9489855989548817,-1.8205780060934031,10.699408605867156,imbalance
20023.12923861582,-0.7727853243640268,-1.840081687936424,9.589461200261823,imbalance
20028.14542255129,-2.3158273122129245,0.1144066549167404,9.487787497940518,imbalance
20033.211040372888,0.8598790472564354,2.8863329133374,10.33868881976577,imbalance
20038.10164877132,2.4847186158169565,-0.9407328151555556,10.739254124311298,imbalance
20043.092753841014,-0.3175289938907047,-1.5507515886194252,9.707353650330816,imbalance
20048.057846449672,-2.540592924122369,-0.523858993975058,8.676868198329993,imbalance
20053.04367419763,-0.2398692281629355,3.114611737157857,9.980275782659776,imbalance
20058.08542070504,2.8091339500120918,-0.5918035678270112,10.429371704841866,imbalance
20063.08087460948,-0.5457605034201684,-1.6955937139129102,9.788136205823132,imbalance
20068.11828106744,-2.003821662793235,-0.7833414954779059,8.627100539125298,imbalance
20073.099008472134,-0.8798508186636803,2.949995640026845,9.529335852928234,imbalance
20078.086099866912,2.9654377416854936,0.1194208834193264,10.663763941769009,imbalance
20083.103290245235,0.0588572507127335,-2.137661672228078,10.237849694510288,imbalance
20088.15261547787,-1.4584438012103105,-1.3122453429051006,8.995353369680512,imbalance
20093.15470103053,-1.6274105611067795,2.449347349919279,9.262635593583104,imbalance
20098.149134183743,3.081234342583809,0.9497042185574552,10.662505670827017,imbalance
20103.0678169033,0.7248561271947371,-2.2618545213684578,10.187788250495522,imbalance
20108.09284387412,-1.33426249305849,-1.6451958923640029,9.036275740836528,imbalance
20113.162756292317,-2.0766768004389915,1.5827670367340865,9.29497791450092,imbalance
20118.189733654595,2.5131095297828128,1.4631804936149304,10.305485511339402,imbalance
20123.12234838368,0.7759293100778022,-2.090958760668207,10.561568502071744,imbalance
20128.12646184449,-0.7196268387813692,-1.5126680108681811,9.382497639644146,imbalance
20133.24812240667,-2.451398045325143,0.9145756880139594,9.188616491040513,imbalance
20138.28759232143,2.1200096067031136,2.512294170350309,10.155526925807516,imbalance
20143.371066665208,1.7485400613338564,-1.7577835861349271,10.784460929746569,imbalance
20148.28298185976,-0.8030732381384105,-1.8004436547470148,9.405755243386738,imbalance
20153.337740597923,-2.3112394673092598,0.1924139154516555,8.79370861113224,imbalance
20158.366050218,1.0245956823591595,2.966716204214535,10.744496318857312,imbalance
20163.49158928874,2.058594088112384,-1.453951695980087,10.74125371043426,imbalance
20168.42717307824,-0.722782696396858,-1.321730300588518,9.642566251173994,imbalance
20173.332295222648,-2.5914202881732664,-0.1680236472508773,8.581138319796356,imbalance
20178.2307088372,0.4848923467343115,3.2884923128744257,9.796092305288,imbalance
20183.26701773445,2.9817656752471984,-0.5056901430530666,10.95558816544106,imbalance
20188.35852224088,-0.1934166319786858,-1.7102190488300038,9.79312112429836,imbalance
20193.34649794403,-2.2350764285043705,-1.0428228395291492,8.763917121019311,imbalance
20198.310515162328,-0.7537804355481771,3.150409121301294,10.043995330113315,imbalance
20203.291028482243,3.106033808452572,-0.4451464741391166,10.555018726361606,imbalance
20208.374574120488,-0.3184036043201366,-1.8433754043109585,10.036739371026158,imbalance
20213.293221498847,-1.6709403391661743,-1.349999355323863,9.089545570930513,imbalance
20218.304337544265,-1.6004083079540423,2.913686742257552,9.323193656638276,imbalance
20223.33559326223,2.7747596810777506,1.1334983723178689,10.442752040591538,imbalance
20228.26018931233,0.6145267436279674,-1.8073817593492836,10.291566236926796,imbalance
20233.3000129296,-1.8168274999578131,-1.268626179814104,8.982789225088695,imbalance
20238.278524727983,-1.9430231955650008,2.098403863001568,9.250924887151031,imbalance
20243.20082197305,2.7930008368601493,1.7679841858878451,10.494819881540904,imbalance
20248.119650587832,1.394299473967455,-2.3327249294980743,10.329780640453958,imbalance
20253.01257262209,-0.7706236633801068,-1.580775298939608,9.519577801907776,imbalance
20257.97534959637,-2.780761294016979,1.0297497895176828,8.819988977715141,imbalance
20263.033921117487,2.077946573548682,2.7426043730812357,10.251616848539443,imbalance
20267.97550714195,1.655767247923557,-1.309162162477427,10.440428953684084,imbalance
20273.038845068037,-0.925842142302695,-2.250917838097228,9.39516522845285,imbalance
20278.069459200146,-2.909133932555037,0.0993623567846367,8.994612973194126,imbalance
20283.008582710987,1.0641522565689925,2.9943521844999736,10.151050401851686,imbalance
20287.996512784917,2.4066556769854253,-1.33526924305416,10.3029744662734,imbalance
20292.99782932877,-0.2508323005446881,-1.5233481895549152,9.592105924165448,imbalance
20297.893993997197,-2.3745857055045207,-0.1885541513955377,8.967423383708887,imbalance
20302.92706362388,-0.1361317663294931,2.88803763953918,9.896734685072378,imbalance
20307.875276352945,2.629387496142838,-0.5882855817354243,10.726098988975048,imbalance
20312.91606791736,-0.1472809333619646,-1.5885333917472269,9.823903822078242,imbalance
20317.97749595074,-1.859423318088536,-0.9436767806360044,8.868065053259622,imbalance
20322.963830006564,-1.1027246401691615,2.887821059401509,9.721419901394896,imbalance
20327.92363608695,2.6313735560735587,0.1940114838256426,10.640804805969022,imbalance
20332.87427818866,0.8255127446658369,-2.242569867564085,9.793842201201928,imbalance
20337.9426137977,-1.521353671093608,-1.5262725768167804,9.038195707190358,imbalance
20342.952998654622,-1.9650130613363737,2.5142539432515654,9.840731688227304,imbalance
20347.947097700508,2.651177517187665,1.3552693968126486,10.605398343028272,imbalance
20352.919116157344,0.6421788352318183,-1.7960837410981525,10.452779593507032,imbalance
20357.96783526937,-1.3099275793233094,-1.2720467826689486,8.947611057289102,imbalance
20362.964200379967,-2.305279375934092,1.8855486168061963,9.163379390635184,imbalance
20368.01878644802,2.454929060729973,1.9013502790215124,10.372602653905762,imbalance
20373.01149139001,1.335890371568345,-1.7048672021562137,10.395425894575114,imbalance
20377.95358348783,-1.048014906538731,-1.4928815055371991,9.109528488734146,imbalance
20383.007736986205,-2.500351898283943,1.192910972844221,9.15190170592012,imbalance
20388.06107629449,1.940879095545789,2.5658194129658787,10.077993459695948,imbalance
20393.163439949483,1.5070040765926649,-1.773033229573849,10.906964245525804,imbalance
20398.122190087037,-0.6046927195367233,-1.561246524137417,9.269417680537709,imbalance
20403.06469300681,-2.7550699540030186,0.1713663190964752,9.121706163614403,imbalance
20408.059549846494,1.2037472270852665,3.176504557901625,10.109017259250743,imbalance
20413.029512625653,2.5521850719735317,-1.3109196437069,10.658643718832666,imbalance
20418.08255302421,-0.8602218116536944,-1.8607467298212492,9.879345366126929,imbalance
20423.15045662499,-2.3478122168859894,-0.4145399952384176,9.190963870812102,imbalance
20428.105325257657,0.0948036364788289,2.78589357868784,9.986765588776512,imbalance
20433.15202361172,2.7190102710945405,-0.6866897846470239,10.670624131513629,imbalance
20438.17566096892,-0.073958922343986,-2.272747018056157,9.870741667058487,imbalance
20443.23931228092,-2.0177795692612737,-0.5337333581853525,9.128528401643532,imbalance
20448.27047148656,-0.5381577251847681,3.4830879843149662,9.704010476276762,imbalance
20453.26870852947,2.6339450677427365,0.0522235142530708,10.7816055051974,imbalance
20458.255449646145,0.1774438476736747,-2.012725165041137,10.316803080490196,imbalance
20463.196500348404,-1.610570917465363,-1.0561568570151958,9.19470108603014,imbalance
20468.31332807281,-1.7931848517130442,2.2937863862298418,9.715035873572898,imbalance
20473.32975094456,2.9644152621455104,0.6452794787786731,10.954257662673596,imbalance
20478.33700360759,0.3689071690024526,-2.09133745890795,10.33988106414596,imbalance
20483.276299769816,-1.661344849787041,-1.216770590325453,9.059260639639792,imbalance
20488.344724909708,-2.205005829989204,2.0943407345679144,9.205898427982635,imbalance
20493.403848489816,2.262460599260172,1.6065084947167216,10.750218857294517,imbalance
20498.37773577146,0.9995432609375976,-2.0000414423615824,10.454521313348552,imbalance
20503.39868184148,-0.9428313556727056,-1.5537680768693338,9.143616126627318,imbalance
20508.386637439,-2.295684459042357,1.6031215915179915,9.083266776071838,imbalance
20513.40672567801,1.861561908759488,2.5975693183940467,9.98642637862892,imbalance
20518.361803824435,1.8060826805821948,-2.13544466950596,10.254232864787234,imbalance
20523.23562987802,-0.5381628807650783,-1.707375468892344,9.750342236549589,imbalance
20528.364938973467,-2.625645250384609,0.3282199915215583,8.962595829557117,imbalance
20533.37128159096,1.2107925578949024,2.930616987244708,9.9662170925427,imbalance
20538.43464836393,2.3460788881349504,-1.428181440830794,10.841195413066698,imbalance
20543.436605649003,-0.6987448359193885,-1.4310684189882492,9.502533510452889,imbalance
20548.449128895456,-2.3086046945976797,-0.0547961765441701,9.060381591247737,imbalance
20553.455596602325,0.2274312728039597,3.001213610424198,10.08371812476376,imbalance
20558.517727482205,2.484940999697402,-0.8583313753297889,10.439542347179534,imbalance
20563.535342231127,-0.2859309174704472,-1.9088489359825036,9.838131080514922,imbalance
20568.58830252661,-2.205822770700611,-0.6264368560124448,8.758285569140169,imbalance
20573.66343834693,-0.7636673057623431,2.8055574725247903,9.753705140251206,imbalance
20578.62544967603,2.579110646118456,-0.5566475866413161,10.260971821339137,imbalance
20583.61984533548,0.0663172704166437,-1.8586358869176849,10.073287895759387,imbalance
20588.60120965897,-2.349512465453085,-1.103575746174247,9.203996306427204,imbalance
20593.540579800738,-1.0477943698123875,3.074171595902768,9.59312672733352,imbalance
20598.55753880682,3.234199533904256,0.5421604622780519,10.393277228301317,imbalance
20603.58404384423,0.2545970879295719,-2.2124343997351485,10.359586370686888,imbalance
20608.61962027857,-1.8611291782148087,-1.4612616750281902,8.877394353213631,imbalance
20613.58568610816,-1.8150647767518329,2.1129333345440875,8.924886802847523,imbalance
20618.524361483884,2.8598393749770232,1.8751850474202725,10.403296111189276,imbalance
20623.55338557611,0.8502364267248739,-2.0043281691609374,10.396948190386537,imbalance
20628.636917128537,-1.3001453794423032,-1.6084159215266218,9.377994235630103,imbalance
20633.530634387283,-2.4712565969631344,1.3029286486861174,9.352425061110733,imbalance
20638.503463919424,2.4666361022632675,2.3777165764109705,10.59726018428978,imbalance
20643.506761505538,1.5454768452157812,-1.9110799095626287,10.55046337471416,imbalance
20648.518790774717,-0.8719620905404766,-1.6837323119680836,9.025039339914745,imbalance
20653.481495827164,-2.83783876186584,0.5043973320771276,9.236617978424334,imbalance
20658.553432415345,1.423773374532157,3.4019747217895158,10.417525104743792,imbalance
20663.53590496089,2.218798446085116,-1.8884626983457071,10.840579404849278,imbalance
20668.53800187024,-0.5038002330360892,-1.2272351218792794,9.426319923087776,imbalance
20673.49201608288,-2.4971760639990173,-0.0937832419832444,9.025112130112744,imbalance
20678.433970032573,0.1743122359279789,3.12965801247447,9.654916622108916,imbalance
20683.436562139366,2.891880569108349,-0.7980133402424947,10.523498705670258,imbalance
20688.500672956063,-0.063402385679982,-1.8244160934192568,9.562995469378986,imbalance
20693.45514384512,-2.1427796062270468,-1.1700434193708202,8.948508357429057,imbalance
20698.403421304247,-0.69144331710883,3.3927271536898997,9.750888700719766,imbalance
20703.41104357318,2.99266443053268,-0.3042132522779083,10.552805163210838,imbalance
20708.43494238776,-0.0812995729940727,-1.9877147375148727,9.926437722058887,imbalance
20713.35880139926,-1.69463399478518,-1.2768600350404018,8.77804347099504,imbalance
20718.37727111269,-1.6551446463823405,2.510325366648354,9.394951807613298,imbalance
20723.360896255173,2.645148126367538,0.4080645538583842,10.464244706964289,imbalance
20728.40970397702,0.1869331777388583,-2.06273009035895,10.577633144089102,imbalance
20733.46873570643,-1.48332899609713,-1.717385527587617,9.071674984630851,imbalance
20738.467537037497,-2.07089600081538,2.449773119918325,8.975144148962293,imbalance
20743.408187194185,2.593053276480424,1.9233415318982092,10.578539674100814,imbalance
20748.482643502728,1.3072292908930256,-1.9041337177408184,10.21889455206898,imbalance
20753.494905473715,-1.2309462956223354,-1.3373774133051315,9.20480713170642,imbalance
20758.568464310338,-2.6985911258848945,1.5229065872483656,8.84084545165881,imbalance
20763.585746765988,1.8999277582734084,2.0738936060820485,10.504042638739914,imbalance
20768.633794680776,1.5552397489878431,-1.982050268397744,10.525767278197176,imbalance
20773.60894813716,-0.8932870908031261,-1.544892733637386,9.628123773291604,imbalance
20778.684623544843,-2.2363723382398253,0.9450463980074864,8.840511470636379,imbalance
20783.73324832829,1.6910076099223537,3.044931485343205,10.173813222461051,imbalance
20788.773635477228,1.6710170683932113,-1.922507706031137,10.353556588384482,imbalance
20793.787318779097,-0.7021249891977991,-1.8283893432243317,10.000243786778666,imbalance
20798.812372067023,-3.0767959845733204,0.2387694651632541,8.973424085520865,imbalance
20803.786858068088,0.7630432252266827,3.0250416899406325,10.039949222001315,imbalance
20808.77763087273,2.773535227065198,-1.3807493719521504,10.659625736255055,imbalance
20813.739343140773,-0.4051223840310018,-1.7225637801966995,9.912435650746287,imbalance
20818.6953741258,-2.400498900191669,-0.485354531381697,8.717572520034173,imbalance
20823.68015476511,-0.5657062622947124,2.6947692829428376,9.816200782063094,imbalance
20828.728083984468,2.7565019120275567,-0.4217301403208107,10.808949958831167,imbalance
20833.717784007105,0.2476286963068206,-1.8837672771044836,10.005740877487238,imbalance
20838.70925692384,-2.2515831816023195,-0.9636975524914076,8.69948361913253,imbalance
20843.82440136202,-1.322143183097569,3.007178981108266,9.673672382958571,imbalance
20848.73229654374,3.0161987393437606,0.3716208235080945,10.949817683493125,imbalance
20853.78415462683,0.4144219892020887,-2.149494208159316,10.424625234940777,imbalance
20858.775883589748,-1.7441599618977208,-1.5103784447347952,8.829286870883166,imbalance
20863.73461822293,-1.7059347119150432,1.9787671550166333,9.429234859320204,imbalance
20868.734049319966,2.739984615143681,1.620003121531836,10.8042394736635,imbalance
20873.6475777571,0.8873604964736607,-2.3716759177181315,10.356017943616571,imbalance
20878.635989029528,-0.8769833939799047,-1.4598593715588464,9.329748641276929,imbalance
20883.675960792614,-2.7547491442438807,1.518332974782879,9.26018970085623,imbalance
20888.716675865493,2.490575973943098,2.2988919855451684,10.444412331415114,imbalance
20893.722801207376,1.2535340844503635,-2.0178973604529897,10.38462382291493,imbalance
20898.718844426512,-0.8546728421382047,-1.645643888288482,9.058397184257863,imbalance
20903.747321143863,-2.6182016482016017,0.5284290675574046,9.253460906069616,imbalance
20908.827450670706,1.5061321163238917,2.8347432702478947,10.43617747227238,imbalance
20913.854377147647,1.7837082445614316,-1.6503480164615894,10.505254494669312,imbalance
20918.94807316284,-0.3563047075322949,-1.8352155585643437,9.305858672568068,imbalance
20923.959161425544,-2.6116319712788667,0.4306842019192815,8.976290343117524,imbalance
20928.94848130117,1.2289010240489333,2.80653912859492,10.239900988769689,imbalance
20933.854634171465,2.4010831705103803,-1.1551522778823693,10.536185831565104,imbalance
20938.85634071568,-0.4800985938868693,-1.289915090483471,9.667044870319096,imbalance
20943.79812273941,-2.4672646003807075,-0.3535233486957231,8.89229697546808,imbalance
20948.8010249052,-0.2658854022265283,3.1912856193797774,9.950425635511229,imbalance
20953.72161695409,2.480195434152547,-0.2642878553957717,10.573434637658083,imbalance
20958.65743021308,0.0415596334817857,-1.923591704750748,9.942442633761564,imbalance
20963.692621171,-1.9981117556771315,-0.950487663104942,9.263631661867835,imbalance
20968.75535759638,-1.3376064638784066,2.97186353603369,9.345808493094756,imbalance
20973.736625466845,3.390522194662005,0.7070829856843308,10.798046526524008,imbalance
20978.64609053366,0.6993519827759732,-2.3948975599696305,10.2760626623179,imbalance
20983.655960985958,-1.280748519705905,-1.3188782901368497,8.841494235960358,imbalance
20988.645225528133,-2.2692476702235806,2.326333933980273,9.573445848655384,imbalance
20993.70945178403,3.21369298454054,1.2375983774071948,10.4858899393645,imbalance
20998.71662474812,0.8983486376861489,-1.9066662946268944,10.085878263630295,imbalance
21003.685812425752,-1.2503314535369423,-1.0988520507188793,9.197378980150432,imbalance
21008.739383744305,-2.3362324302383937,2.0469514816404444,9.5719484552416,imbalance
21013.73988983494,2.3941010500045667,2.381213639637239,10.495679132986588,imbalance
21018.824248449426,1.5403276198587967,-1.730064590697658,10.37727203084226,imbalance
21023.83791285066,-0.9981453603625629,-1.4769550629293804,9.74991112301026,imbalance
21028.887568468283,-2.334528636956774,0.7573839254009127,8.923600879878151,imbalance
21033.824627605383,1.973109590659171,2.633170150612922,10.407353986171357,imbalance
21038.835329515125,1.7724617636017896,-1.9956236740965416,10.474210900856868,imbalance
21043.8865231383,-0.8514136556076168,-1.576514852170426,9.2453063789926,imbalance
21048.87342649068,-2.666234337790625,0.2845117374003301,8.754991160353292,imbalance
21053.80110148473,0.8721102740030868,3.268006758904934,10.152816180106283,imbalance
21058.843429979417,2.2504878400964787,-0.9853431564111944,10.959860275517052,imbalance
21063.72720478264,-0.194800473159996,-1.760847761309637,9.763213591313118,imbalance
21068.75301898289,-2.60145139640482,-0.4779202119033043,8.989421603110328,imbalance
21073.75357372793,-0.2087293047115094,3.1653437438047187,9.975753989056544,imbalance
21078.687260087576,3.07068158450464,-0.5700364654695186,11.063398249344104,imbalance
21083.64746818779,-0.1574354178726808,-1.6112193679261306,10.038518409223892,imbalance
21088.66708246475,-2.3340111827443417,-0.7163940175967554,8.858473702316415,imbalance
21093.68652751973,-1.5316480855807928,2.834391387568623,9.873982213939172,imbalance
21098.60526743017,2.962584009197988,0.7302632352077358,10.64764167249909,imbalance
21103.59911058656,0.3967246287790034,-2.015007198208391,9.773296567450403,imbalance
21108.56055741787,-1.531211739300163,-1.3719226928732886,8.741269271797764,imbalance
21113.57094853353,-2.023172860776732,2.4240188425030613,9.430677744335318,imbalance
21118.57074915462,2.873954856376704,1.241106531737485,10.800587568851924,imbalance
21123.510221057328,0.9350099325556032,-2.2732591688488597,10.471083630359384,imbalance
21128.51111901003,-1.1097333555764135,-1.7365869639632352,9.43923991142309,imbalance
21133.46885428037,-2.4753412120991487,1.3517161300253129,9.327019279798206,imbalance
21138.53781750719,2.1684921518071976,2.194837495397157,10.337973550720411,imbalance
21143.451380579627,1.6310267671116647,-1.8395477884038456,10.390832761762567,imbalance
21148.43389175104,-0.971311146398527,-1.095642049204602,9.299398934591656,imbalance
21153.47102900992,-2.4069148994209697,0.3257844479840719,9.08583915067564,imbalance
21158.492937858297,1.506625855311465,3.137796234187967,10.488670907884233,imbalance
21163.44882065273,2.205319512319301,-1.7405461570420604,10.754911339429723,imbalance
21168.485781414387,-0.5970847801500877,-1.901949073200544,9.76164895888972,imbalance
21173.485542337028,-2.546612636807428,-0.1065161819363962,9.0688145184673,imbalance
21178.5893811991,0.705990374237357,3.360236588571507,10.103560243692671,imbalance
21183.602842981807,2.425462385851396,-0.8043086469117343,10.53222952386128,imbalance
21188.6480022414,-0.1679709251202287,-1.7898091604209645,9.669038790259249,imbalance
21193.63304162688,-2.3129221944340776,-0.6919532815191421,8.747508341016424,imbalance
21198.646576451225,-0.548079890534793,3.0373527801297806,10.00538350062794,imbalance
21203.71447542089,2.720733835900507,0.0951765794101868,10.503938977326449,imbalance
21208.673641173456,-0.1227500021698232,-2.267345766685659,10.123422322947922,imbalance
21213.675122516317,-2.008269288966856,-0.9608778424814652,9.003551853284002,imbalance
21218.672504503327,-1.1421167424074543,2.667269188872046,9.296981274381563,imbalance
21223.678301496428,3.032056644819028,0.474460870445601,10.849213213642736,imbalance
21228.71036003746,0.2782586326898805,-2.125017891144839,9.80738253926122,imbalance
21233.653994022174,-1.6076850720964726,-1.5549051402227492,9.066715765436683,imbalance
21238.684744381982,-1.901756577361901,2.230735067881952,9.27840489224728,imbalance
21243.706211472974,2.978221642877173,1.208181689185184,10.74340526072542,imbalance
21248.62695051213,0.8920274023289182,-2.271650892703536,10.323484734626089,imbalance
21253.61072695652,-1.2200630891813695,-1.3927603936422523,9.106458011659807,imbalance
21258.53455805404,-2.479249338362026,1.4571787873433577,9.169123718607764,imbalance
21263.58789828076,1.7952427142206888,2.023918961506818,10.320322839618452,imbalance
21268.59032350648,1.3681890241040344,-2.078549764182396,10.5523931787823,imbalance
21273.49941420128,-0.5168756791019176,-1.481739770859962,9.100740539079226,imbalance
21278.53426279967,-2.877935468678946,0.6579873711399591,9.054071097421897,imbalance
21283.561971505307,1.3628206436761,2.596380533193155,10.259327657794309,imbalance
21288.545844896777,1.9625087945130053,-1.4135653489405886,10.778169999942998,imbalance
21293.53863173966,-0.6023876750046224,-1.9885407805730837,9.806148901284912,imbalance
21298.51907403264,-2.639422081637336,-0.0457672751607585,8.902676829561356,imbalance
21303.532427368875,0.5359106447428272,3.214583244281087,9.88901468638942,imbalance
21308.39428633691,2.791597819922362,-0.7086768467761864,10.684893243431848,imbalance
21313.4268646667,-0.1432350212998494,-2.0771984301087216,9.825748420991449,imbalance
21318.48285352447,-2.079443129185301,-0.942284936585088,9.145336899640055,imbalance
21323.42856233982,-0.7925872413514832,3.094904492298596,9.663481021234352,imbalance
21328.368345126004,3.1403835512226896,-0.1743359186613992,10.842473032388828,imbalance
21333.336496612857,-0.0581520555319943,-2.1724448392947258,10.11776412386085,imbalance
21338.34251422327,-1.4933941347822688,-1.1004382798622028,8.867852826217675,imbalance
21343.32640721484,-1.2640561425096184,2.798246067840248,9.686104408639473,imbalance
21348.37344340977,3.07947217034872,0.8386332328832318,10.662771668167409,imbalance
21353.30005614002,0.3531947401979052,-1.6727998969305458,10.439549913260374,imbalance
21358.409066424138,-1.5301625912121704,-1.4925237729970648,9.262999178556193,imbalance
21363.35393117133,-2.275564334489009,2.184699813779297,9.187063175947502,imbalance
21368.380012201764,2.9466579221835083,1.404582195910157,10.481441985151925,imbalance
21373.448258159184,0.9802890624558528,-1.9465366585168329,10.102755125846231,imbalance
21378.51806371565,-1.086545923262756,-1.4760522894231998,8.966141358707416,imbalance
21383.541417936307,-2.5669478067894262,1.2820967287680094,8.80920140963246,imbalance
21388.5654306572,2.4449794235000795,2.131688776397987,10.309985318887854,imbalance
21393.66184884493,1.1839377810018348,-1.7071556675239226,10.324091664735503,imbalance
21398.70860562742,-0.8279330583746521,-1.952829047959134,9.199699703811826,imbalance
21403.83882525341,-2.4875021035955496,1.355714050584257,8.896158949962285,imbalance
21408.94454033388,1.9829034778309345,2.798016137527972,10.429623668161884,imbalance
21413.98455182222,1.8552170146864853,-1.4525997036831455,10.325316859829185,imbalance
21419.054029244115,-0.5596847362391879,-1.3872607788611273,9.30773062762847,imbalance
21424.013350506822,-2.499065002576517,0.3205378162816426,8.429889244668086,imbalance
21429.06431982813,0.8367356042863241,2.9509517944099404,10.102583090924798,imbalance
21434.041465657017,2.497054318754273,-1.3396501341879483,10.862765466762838,imbalance
21439.014706075475,-0.664431772576251,-1.621636856072557,9.72895153981463,imbalance
21444.075114762567,-2.169392523441621,-0.3958066348814162,8.930463934969605,imbalance
21449.1150200331,0.0717597904555171,3.6009651528619977,10.231437624034756,imbalance
21454.078911876648,2.4923841512859544,-0.998366833240893,10.718900598127506,imbalance
21459.024579457524,0.0340537677924544,-1.9920230014616196,9.369617995041036,imbalance
21464.04170759182,-2.364666747218861,-0.8741508238635468,8.834852921878545,imbalance
21469.07906421036,-0.7969560586871486,3.372751732320176,9.573259661410878,imbalance
21474.03983050881,3.1777656823158624,-0.4006544516743854,10.67693070529327,imbalance
21479.04607971796,-0.1494374950571985,-2.29778228066439,10.18541818537642,imbalance
21484.03285895748,-1.4828797879976925,-0.9654186586505366,9.121490374624264,imbalance
21489.002048344573,-1.3850365322514482,2.725936875434223,9.301426837971636,imbalance
21493.962360316884,2.548685083939673,1.284781395111427,10.537425810032452,imbalance
21498.860714194703,0.3834271147162275,-2.288471731782069,10.315048570528234,imbalance
21503.85821337497,-1.0989874205582957,-1.4666990699777374,8.947060341454552,imbalance
21508.842608494328,-2.457752365175377,1.556192141097624,9.117959646765213,imbalance
21513.852517631367,2.325087575592944,2.289506712753253,10.829201409249675,imbalance
21518.862640926058,1.1039675114291612,-2.042905540772694,10.663567993124948,imbalance
21523.789176253933,-0.9805463453889672,-1.636171881381079,9.183884252859372,imbalance
21528.844176212133,-2.36901177531426,0.7970263091531269,9.078877980347189,imbalance
21533.886222540877,1.9529735835092372,2.601582328436516,10.45747016633023,imbalance
21538.854944559174,1.8302116267382609,-1.540282646275756,10.369002050266994,imbalance
21543.86991268012,-0.4082669409155299,-1.5184076585282749,9.461259888685095,imbalance
21548.88465562121,-2.977725838201898,0.230451659890751,8.833714770650012,imbalance
21553.96752461473,1.3481227925927253,2.950105366243552,9.834238309802393,imbalance
21558.850718182573,2.282079819903496,-1.3747624402765437,10.926877087657417,imbalance
21563.83549695172,-0.6090665755927805,-1.6608586007413515,9.986307250395928,imbalance
21568.870500679008,-1.9650131986070245,-0.6234294036616228,8.810823067055116,imbalance
21573.88959415646,0.0989494573973668,3.599455545509068,9.84430538310355,imbalance
21578.90426761136,2.634715914665484,-0.7373683520965291,10.907322570547423,imbalance
21583.904621734742,-0.1976759688139684,-2.523096831889247,9.818921289719093,imbalance
21588.98004736601,-2.2960662789114865,-1.4050336025845178,8.90226194030904,imbalance
21593.926192713392,-1.327640754911949,2.912865860481704,9.284434887475122,imbalance
21598.914209696974,3.3072524895779405,0.6167861588522024,10.697044845332949,imbalance
21603.9349828492,0.2245522756855984,-2.282549099009288,10.274722580858386,imbalance
21608.980762881238,-1.7576776423909768,-1.1435029622575923,8.950706957064916,imbalance
21613.990928308434,-1.880083131300535,2.628320252785047,9.506511994112945,imbalance
21618.97332848516,2.700418151937053,1.024308393339675,10.33488965871006,imbalance
21623.985975476706,0.7581449901934602,-1.983962770330249,10.172794555695551,imbalance
21628.945809948964,-1.304276387370026,-1.5124826062914,9.276021132735352,imbalance
21633.906163296124,-2.272863941921976,2.0091077204278927,9.073335182609066,imbalance
21638.80949140969,2.190867029541577,1.624471708268289,10.52071992464292,imbalance
21643.79661220386,1.4532497621311204,-1.7492671447220347,10.185236302115625,imbalance
21648.82317712508,-1.1103716849091054,-1.5859875719460377,9.480218602044864,imbalance
21653.88464626254,-2.7990536226359963,1.028267181166304,8.908391237438128,imbalance
21658.851981840864,1.9824353724373436,2.791829040303652,10.125294197644832,imbalance
21663.808243525174,1.936453028814361,-1.5658702761517311,10.618706938800916,imbalance
21668.847035899955,-0.3075691384975537,-1.4424751413583088,9.415015327905506,imbalance
21673.778772634072,-2.3773002053809797,0.1621213570666235,8.990935750061638,imbalance
21678.788942794057,0.6999649922005329,3.188481004609987,10.205075336952769,imbalance
21683.797800962937,2.119597629897111,-1.2256595801800043,10.291803717371057,imbalance
21688.80134149969,-0.4058179669002822,-2.0858895845645007,9.676333491962398,imbalance
21693.86444084364,-2.3764919216254943,-0.4295951608347959,9.06407990010638,imbalance
21698.879304749265,0.4183138755534183,3.0496528828031044,9.86972087402156,imbalance
21703.85913980421,2.801269924681945,-0.6316791573877134,10.82827184660207,imbalance
21708.7671548776,-0.4018482213755993,-2.174927648484701,9.832880579650562,imbalance
21713.77857936302,-2.2201931863740763,-0.7238984186363935,9.26799715240566,imbalance
21718.8063012496,-0.918242855631188,2.9435346720519773,9.915575750746052,imbalance
21723.79097090011,2.6956887528304203,0.5668715119749871,10.850379324233112,imbalance
21728.753000274635,0.3918574541727506,-1.9934812789937024,10.151921394036464,imbalance
21733.73146073797,-1.6914935005456198,-1.0802322929284534,8.935954086409959,imbalance
21738.808798712525,-1.8179657513292575,2.598471621305897,9.329486630290331,imbalance
21743.80533997723,2.600462758940061,0.921720772561456,10.602001674865846,imbalance
21748.698817600685,0.5976889726407433,-2.315895505603228,10.306930006968525,imbalance
21753.780486488984,-1.1806416381441942,-1.5797792104868698,8.909927744778193,imbalance
21758.82703756825,-2.313254641379133,1.8685287020342136,9.08050427818121,imbalance
21763.84817591388,2.306453869627734,1.5997226742029442,10.391001451077798,imbalance
21768.906573844317,1.2705664615457044,-1.8549872694700145,10.39466283471798,imbalance
21773.98263828549,-1.1981252370708289,-1.206119477378664,9.276705960242868,imbalance
21779.00419347205,-2.7137813760417937,1.2423677861847875,9.214268301469865,imbalance
21783.951651289968,1.8187735854025824,2.5440052825981976,10.156854565487922,imbalance
21788.942453896103,1.8881649727533008,-1.7453270417708693,10.111557232950569,imbalance
21793.961155631518,-0.4896397594010529,-1.3050460088064109,9.26574600068084,imbalance
21799.05386647392,-2.567861950600033,-0.0129970727135165,9.04667012677412,imbalance
21804.058158136228,1.2312177037218666,2.571678529321559,9.979926660268026,imbalance
21809.067232812165,1.7857533297361132,-1.3170795164920772,10.811655084913102,imbalance
21814.03999083088,-0.5097945833308709,-1.5460151047588562,9.460717637996224,imbalance
21819.09480504674,-2.281526816243516,-0.3464980841392344,8.735192199266049,imbalance
21824.105509878857,-0.1943194271348965,3.3526998900874,9.5544356345868,imbalance
21829.05621491467,2.828166462956235,-0.363147665419646,11.019587108521725,imbalance
21834.068161058607,-0.1610363643611935,-1.6511404588807308,9.648694190941184,imbalance
21839.093909886626,-2.2355222130745784,-1.0209868964630189,8.681247845980867,imbalance
21844.13343236363,-0.6626713011567785,3.1595649423558325,9.551281413407564,imbalance
21849.114851806284,2.843798165237787,0.1316872887455043,10.327429606286588,imbalance
21854.0432065369,0.133099232765206,-2.150080053182416,9.808653303305094,imbalance
21859.06946761364,-1.5192508601564256,-0.7709896450472997,8.883561042930284,imbalance
21864.04420752688,-1.6195246847911309,2.516502809917333,9.341995095449487,imbalance
21869.085479090805,3.11234824103806,0.7222858704038916,10.479445270752104,imbalance
21874.12543102979,0.5859596864309923,-2.129920019193829,10.128744108584993,imbalance
21879.220510833395,-1.7132471622511805,-0.835851075550141,9.000192330473615,imbalance
21884.27762694375,-2.2219909528512285,1.8865376308006832,9.25692223883065,imbalance
21889.331193171703,2.904735028992591,1.238171110580279,10.325707473309809,imbalance
21894.39623086748,1.010857438810549,-1.9211126116952584,10.367878806027932,imbalance
21899.37954255857,-1.3135139734100028,-1.4764223035852695,9.245145427083502,imbalance
21904.36653523767,-2.561812841694574,1.6429518702538264,9.123685851747078,imbalance
21909.42677906785,2.0252292455922416,2.189133688209562,10.50589667070697,imbalance
21914.44409679029,1.3747732681756666,-1.9065042067490023,10.303698877389383,imbalance
21919.463913505777,-0.798943243704395,-1.9385190999248931,9.45532213102958,imbalance
21924.509724766274,-2.3414323074707264,1.1012472446118928,9.138972368705447,imbalance
21929.51776176253,1.4568576942252025,2.574242043834616,9.831203940566716,imbalance
21934.498247622327,2.2253266608618483,-1.2742944817307829,10.58677198552064,imbalance
21939.524779662617,-0.587128582293493,-1.5768333497128992,9.731662851908997,imbalance
21944.52723448504,-2.882883996706091,-0.1351538094571968,8.536980579214152,imbalance
21949.44709451854,0.5992993413726418,3.195339149571189,9.95077945634482,imbalance
21954.429063940912,2.51377846531878,-1.28038797109313,10.607087953611638,imbalance
21959.50719679944,-0.193992726719443,-2.027192235927033,9.252654131832502,imbalance
21964.494459563764,-2.099301279495076,-0.5110775895729409,9.537852125364928,imbalance
21969.420798374485,-0.7092195902437067,3.043239287809347,9.945318779641228,imbalance
21974.37357342974,2.826279195946987,-0.3857498120551675,10.581381586003673,imbalance
21979.254439727956,0.0831089599475189,-1.986987312806049,10.068027224228524,imbalance
21984.291872486883,-1.956327117935534,-1.132363433558978,9.046976204221416,imbalance
21989.304914078253,-1.0773639495959058,2.4449341704640126,9.390670280980776,imbalance
21994.250076674816,2.8651640449730422,0.6894940898812645,10.568723561660152,imbalance
21999.181277204905,0.5891500277354957,-2.328484259484269,10.318903050579,imbalance
22004.29735922172,-1.5980639250811222,-1.592328870395264,8.998888282643815,imbalance
22009.2718189788,-2.116238932230262,2.367476262637398,9.583621450866008,imbalance
22014.288827178032,2.6473523625803934,1.2722282081989371,10.280656755741092,imbalance
22019.270935897985,0.8526345308223536,-2.1462130881531984,10.65096352589556,imbalance
22024.31967133275,-1.237749621788777,-1.6941156298229212,9.075550732131113,imbalance
22029.2515576116,-2.443699253479783,1.1592948915679526,9.63749573934689,imbalance
22034.218332855515,2.227423993993035,2.225517530082621,10.090520845911652,imbalance
22039.259235855978,1.76425679269106,-2.184069395176147,10.528109005859095,imbalance
22044.284199328013,-0.9840416876784076,-1.8657836194950144,9.154671018417414,imbalance
22049.287207937567,-2.5787265065737115,0.507956049075529,9.13406586388724,imbalance
22054.21749251486,1.1318936654135914,2.963045732145224,10.286825788151978,imbalance
22059.17063858445,1.781955762038504,-1.7514549170621083,10.598429444431943,imbalance
22064.124664455605,-0.3256402293115962,-1.5198237240638643,9.550865266444436,imbalance
22069.085458781752,-2.477216634604233,-0.3195010367076727,8.94487784215665,imbalance
22074.14631431062,0.1676600083491113,3.220762837254658,9.822775472756756,imbalance
22079.0634738473,2.8864116590591538,-0.6180949740170788,10.67355171237422,imbalance
22084.088598730657,-0.5884168532357578,-1.763975784818018,9.951566145576413,imbalance
22089.107047108035,-2.3119446110284976,-0.9517185463873494,9.14474481213452,imbalance
22094.103739981867,-0.9352705437191786,3.097795122835619,9.744648654482454,imbalance
22099.140209020778,2.990884709944423,0.3541420028836938,10.44920885136434,imbalance
22104.014409734777,0.2505180043203803,-1.6468192441388023,10.36202401204489,imbalance
22109.0006669968,-1.782245890037444,-1.0130472980431682,8.47533951108924,imbalance
22114.083133642704,-1.3836463282583074,2.364620454202051,9.280319579336489,imbalance
22119.09509929436,3.196137044803427,0.2823845962577741,10.454231071239446,imbalance
22124.12867847776,0.224049869354598,-2.435534164539153,10.335894056118589,imbalance
22129.137536667982,-1.627412793609352,-1.4890957804861715,9.092404776120471,imbalance
22134.049820733224,-2.4158949162812693,1.880439080827415,9.1341509898399,imbalance
22139.01914729873,2.655758885049191,1.9033779968421596,10.290566427567224,imbalance
22143.99551417017,1.4427312382956483,-1.8991077491781525,10.259560352945938,imbalance
22149.015430378942,-1.6794216979544414,-1.6446227158992266,9.214683936409472,imbalance
22153.9710754641,-2.713433155610872,0.6458831048349221,9.070123947174292,imbalance
22158.99235083533,1.912628696277281,2.2454638065834893,10.288302297418191,imbalance
22164.089665262167,1.8654301518585976,-1.9838176499030284,10.418911798569956,imbalance
22169.0898601101,-0.8455492987956603,-1.3348439394667917,9.673722620806874,imbalance
22174.12163328853,-2.5136440618712066,0.4897538171252114,8.866605881894753,imbalance
22179.105798347307,1.3159048033443823,2.716596382332947,10.406055813683572,imbalance
22184.09767872217,2.329014697543044,-1.361975084536969,10.482637780915883,imbalance
22189.102805575018,-0.4511799396052732,-1.913097834774924,9.73005200681416,imbalance
22194.04406374862,-2.9435030431358937,0.0877580728871927,8.65858513577531,imbalance
22199.02513528164,0.1319101764393469,2.8506322977279024,9.838653423848893,imbalance
22204.06546347011,2.5927612728148,-0.8741767152207798,10.957056483363182,imbalance
22209.178451057327,-0.1469742265675684,-2.13111366446715,10.117867361190193,imbalance
22214.224726828925,-2.196893634501317,-0.8593360032366555,8.860520261730127,imbalance
22219.26843393864,-0.7095007770116188,2.972213370697775,9.395477710427116,imbalance
22224.13750409,3.517265783167579,-0.0272271676382668,10.635010784728689,imbalance
22229.107758068,-0.0310095321238031,-2.0162726495513787,10.328135742039438,imbalance
22234.126681502137,-1.6320647449692602,-0.7769736993243719,8.678738490563543,imbalance
22239.14773577341,-1.5995198304821132,2.747674359961332,9.06497120430464,imbalance
22244.155483711154,3.1652858835943967,0.775889704208222,10.371230682902,imbalance
22249.158894878885,0.5125309466250445,-2.167518177385077,10.24607677262052,imbalance
22254.141088891996,-1.2593365459434125,-1.3696002886356198,9.027877897986082,imbalance
22259.087537302643,-2.080790934278266,1.863427063492608,9.226625598493646,imbalance
22264.128810292816,2.505087968536408,1.8887617928518483,10.328356099406935,imbalance
22269.14912238467,1.0908973241591151,-2.185760504982159,10.264461884095509,imbalance
22274.178509465084,-1.0524700534508846,-1.5896147194041603,9.347683544021358,imbalance
22279.20483540064,-2.541449080469579,1.1799570280257683,9.700305955377926,imbalance
22284.277180822803,1.912122176296585,2.5041836814777865,10.868772287492416,imbalance
22289.24663092537,1.4463016003883782,-1.894134409095704,10.785399168005274,imbalance
22294.219516228542,-0.4035378723486498,-1.7681190643248097,9.66381490080707,imbalance
22299.17065631125,-2.538136827215332,0.2090300337680649,9.102728795005714,imbalance
22304.16231271034,1.2464680599448303,3.3654873117597592,9.658406949594513,imbalance
22309.230899451464,2.0369916053167105,-1.6671361442551822,10.555981866185986,imbalance
22314.210644025145,-0.6585468206042976,-1.7842404727241874,9.203833324062662,imbalance
22319.215522830014,-2.329986271149302,0.0005134382587795,8.885936723120677,imbalance
22324.228939980738,-0.0034571554856325,3.0938763302743277,9.566926226902414,imbalance
22329.265432259755,2.369888753153217,-1.1616013438506494,10.286554062415629,imbalance
22334.223530316274,-0.641177050040431,-1.9356953110763264,10.0289383098879,imbalance
22339.180546019707,-1.963000898608366,-0.6531151479099653,8.887103190100435,imbalance
22344.23781603518,-0.5138458564988253,2.875845143806614,9.64154265191818,imbalance
22349.233566741263,2.508429084157402,-0.2647729328994506,10.91220817975082,imbalance
22354.303176379315,-0.1026869700969645,-1.755281165898673,10.307322671025013,imbalance
22359.287467993014,-1.9883918267018013,-1.3743516477043405,8.781080163843434,imbalance
22364.21714621733,-1.572851743190146,2.672594656335326,9.399058402295047,imbalance
22369.28021868365,2.928244561362048,0.8351248727884903,10.719904772820891,imbalance
22374.301423754296,0.3870249120997589,-2.153967328500909,10.378920356692378,imbalance
22379.31980805682,-1.5863864307387254,-1.096139596869068,9.19143151083198,imbalance
22384.31700699856,-2.181753404287472,2.5298751127325168,9.034954962012764,imbalance
22389.330117872472,2.6557630111187205,1.30309698055384,10.387904309674804,imbalance
22394.261679469077,0.8849735045934397,-1.948103247999967,10.447883226570882,imbalance
22399.27674368819,-0.8700322136030769,-1.66366740972467,8.933326182457622,imbalance
22404.31680070581,-2.666619751626668,1.3696728037479875,9.03059408123302,imbalance
22409.350920086992,2.0036370116017483,2.2947732725123253,10.47842629220169,imbalance
22414.34216857528,1.555166016122132,-1.8782166116660897,10.680902939419282,imbalance
22419.410391753685,-0.9875358445093716,-1.7679229468199074,9.103901608546964,imbalance
22424.37720825469,-2.84489628204872,0.4811504886372519,9.218208788659,imbalance
22429.43151010398,1.213042374887748,2.5415896212653406,9.955199535466816,imbalance
22434.43554133522,1.9411439164156028,-1.7243617565129925,10.831748903192237,imbalance
22439.41812729626,-0.9831813360968188,-1.86595339644649,9.136822190991568,imbalance
22444.437210110253,-2.881751134729301,-0.1639858823374763,9.13352019941224,imbalance
22449.42545874981,0.7585487739109249,3.378024278982315,10.134833867805597,imbalance
22454.392062618917,2.6981649166466983,-1.1084799649461703,10.64546479564082,imbalance
22459.36791840413,-0.6221922941015163,-1.8582018881185396,9.704171803327112,imbalance
22464.37115721664,-2.437319509152102,-0.5459719976668709,8.659158669624475,imbalance
22469.395572414094,-0.3336796818007539,3.2040878618568027,9.585370935262764,imbalance
22474.37615854067,3.1394609293826883,-0.3673872675773661,10.715616170652478,imbalance
22479.44073734935,0.1478138589961767,-1.9376509306610343,9.869218410785235,imbalance
22484.48610714105,-1.9308580020105064,-0.922132601988543,9.566257558839412,imbalance
22489.450277022726,-0.9223293687287056,2.5820519645520825,9.69348705450169,imbalance
22494.485241343584,3.0824188206726024,0.448602051927166,10.611569121597498,imbalance
22499.46779535082,0.158793005191339,-2.160532862578784,10.138893750734477,imbalance
22504.385061986057,-1.6743758143529095,-1.2109730984005311,8.726241195116671,imbalance
22509.461164168795,-1.9376186315680928,1.9190575716721796,9.541366010264769,imbalance
22514.491371019983,2.915152503878983,0.9137867167100276,10.602256142215255,imbalance
22519.50365244845,1.0353596814271082,-2.4510167578630324,10.250191907038875,imbalance
22524.523725783045,-1.244757925451878,-1.3879997550639935,9.497119721641978,imbalance
22529.440911727823,-2.548230761583446,1.4817039037035036,9.084145335341049,imbalance
22534.429180911087,2.1582762505842235,2.0618988182339315,10.394602592811925,imbalance
22539.329603208105,1.6508541674103263,-2.1217776240370685,10.55959888246494,imbalance
22544.28990077842,-1.4184886670040604,-1.6389851467751615,9.715733081665451,imbalance
22549.297705007724,-2.141425500745015,0.3890697629126063,9.33994701343352,imbalance
22554.302172121887,1.484300809147348,3.1612932989832507,9.982254116123997,imbalance
22559.2358388318,2.4256035817787613,-1.2323351061995325,10.777559215012122,imbalance
22564.27428446792,-0.5300784775536977,-1.6695704391929205,9.619428423027772,imbalance
22569.335117990024,-2.677515021716088,-0.123464687210636,8.661402053099863,imbalance
22574.3008050936,0.5649006657907837,3.1030428782580346,10.119267886189322,imbalance
22579.30835342968,2.419745259232576,-0.7379589740690926,10.399005241899197,imbalance
22584.37769131569,-0.5356616837921534,-2.0379425330991108,9.78255724903838,imbalance
22589.445820171368,-2.264709160544641,-0.3781593940876443,8.807389888163607,imbalance
22594.552318927574,-0.0774159289129896,3.0916265828773857,10.149942582610308,imbalance
22599.56455023684,2.8696200948081603,-0.143156374057543,10.525940608945897,imbalance
22604.657686684397,0.1674968334801454,-1.5725809193037636,10.122742232696012,imbalance
22609.60934871834,-1.652834810809119,-0.7974124120657797,9.047444184059318,imbalance
22614.59715311097,-1.0465850220994266,3.034625011596123,9.838222960900175,imbalance
22619.64140463513,2.8843715529297937,0.1656898450034017,10.912381309451357,imbalance
22624.62767166248,0.5608055198338266,-2.1385314704793306,10.077767533305495,imbalance
22629.66243405794,-1.8983038500693477,-1.246734811750818,8.82546001613528,imbalance
22634.789171748973,-1.5277512446348165,2.431893309863807,9.288755852644874,imbalance
22639.793158002656,2.918881540990371,0.8155899194436976,10.183287001793188,imbalance
22644.79586412999,0.5985329356357035,-2.04379101244395,10.260926546892536,imbalance
22649.846182627,-1.3911716004639063,-1.6451361747258546,9.13864722132996,imbalance
22654.899604698225,-2.0087932853221937,1.721864052459445,9.163434399647915,imbalance
22659.763344118568,2.3845912303905448,2.082451159351232,10.286889326823609,imbalance
22664.6954884758,0.9984242112996006,-2.262406872115601,10.29118216945146,imbalance
22669.570178235423,-1.148095905854123,-1.6685463447627051,9.13659747833335,imbalance
22674.514529231503,-2.3266089164996866,1.319331505842097,9.148505699401102,imbalance
22679.481833453283,1.468886600884582,3.1321714176471644,10.25171786152172,imbalance
22684.54603281482,2.0981694878133217,-2.025552176809253,10.852457965361223,imbalance
22689.46553524185,-0.4683399393007852,-1.538588041575211,9.618937625245463,imbalance
22694.54903298245,-2.7988779498950938,0.1777216631093565,8.783141754073464,imbalance
22699.49787586062,0.5795242684546015,3.042833871983003,10.009744320151864,imbalance
22704.51773310035,2.7697090189873235,-1.284827397499731,10.352613434631994,imbalance
22709.56748471,-0.1516689599257838,-1.922650273305708,9.930100317646463,imbalance
22714.65843141434,-2.330042491399236,-0.191770437584354,8.716354051892676,imbalance
22719.627492270854,-0.4003549926400612,3.269572863016037,9.825778344862185,imbalance
22724.597228833485,3.0821852258946145,-0.3870444294910701,10.61428766505501,imbalance
22729.50727941549,-0.2805047898331447,-1.8225727237944425,9.885422163057356,imbalance
22734.57094302674,-2.0697366421103323,-1.1013537837658165,8.728064121175828,imbalance
22739.584910135327,-1.553945351880753,2.7926428418591587,9.79397254384292,imbalance
22744.586946875657,2.8036465331764004,0.6864927600730819,10.705067776688963,imbalance
22749.642804217798,0.4510967566911484,-2.2929107107736786,10.065313713876169,imbalance
22754.70591835296,-1.6081674334137008,-1.237717188530821,9.10239386933915,imbalance
22759.670561362327,-1.6923808673641445,2.413443598222065,9.29786476708003,imbalance
22764.75198459184,2.4972346617777754,0.9683536358420406,11.08055796973022,imbalance
22769.79501795957,0.823606055364451,-1.909011736581546,10.506875913217735,imbalance
22774.701028564912,-0.9064377804258992,-1.5242794976408651,8.97116048989936,imbalance
22779.72251473024,-2.323727809929956,1.672346027199006,9.181582709425708,imbalance
22784.719630013537,2.7873460330789244,2.3158639776605816,10.207881407261851,imbalance
22789.7578048876,1.2128143317145592,-2.0357121496429644,10.253970109106463,imbalance
22794.726174623007,-1.226322000013124,-1.5502260201506233,9.055935370498542,imbalance
22799.747713229623,-2.5712502239610604,1.2555238040529464,8.868451646786083,imbalance
22804.762932187285,1.759764075400733,2.329736756493848,10.228606568247429,imbalance
22809.70166495331,1.6522398356102097,-1.8881871592319857,10.580904862844545,imbalance
22814.780987223283,-0.5475405642236569,-1.3454040545402848,9.555073752077597,imbalance
22819.72559298546,-2.6262696754461348,0.0170979591689066,9.18022377816038,imbalance
22824.75858546728,1.1545824418551316,2.840780515683652,9.684642819695398,imbalance
22829.717399758185,2.367092315988675,-1.132991191007535,10.334425611020912,imbalance
22834.820813679748,-0.5673565388359406,-1.6915872577010762,9.92420454151863,imbalance
22839.89740374499,-2.5307681232117885,-0.0501585641655812,9.05034418948132,imbalance
22844.868427618345,0.338072293186419,3.547898967579788,9.58009273957567,imbalance
22849.880070665524,3.0910015205870804,-0.5127620974476665,10.60772965713202,imbalance
22854.91676921292,-0.2340461664886129,-1.482692276923532,9.992827229111745,imbalance
22859.921887459168,-2.0123758403607934,-0.6822946397721139,8.977486520303117,imbalance
22864.92616414245,-0.8673989050641927,3.066249681150776,9.564039235761747,imbalance
22869.978437262416,2.9977549001544945,0.3347894546752848,10.6067389379173,imbalance
22874.87890136232,-0.0342985116846366,-1.8644896428283904,9.900581675303595,imbalance
22879.847103006818,-1.6816730853224204,-1.1877255426291622,9.000144984597654,imbalance
22884.803225345506,-1.9887011781734545,2.670802770216339,9.209751438668798,imbalance
22889.828690204205,2.681680562278144,0.8562855867999106,10.629787487494,imbalance
22894.94901088168,0.2306050259443398,-2.2317104554868683,10.42637527755159,imbalance
22899.92503644125,-1.7139856983806243,-1.7493372346626788,8.868707815165884,imbalance
22904.988861649657,-2.15371630669311,1.887667904398992,9.437433915800758,imbalance
22909.99042114591,2.7069207010926983,1.4883898730465976,10.493021042430687,imbalance
22914.977089926648,0.9706622390262768,-1.879791163447256,10.78860316680702,imbalance
22920.041211899133,-0.7235784227135182,-1.5730693571529408,9.20114890342473,imbalance
22924.994656457853,-2.25476593149397,1.572392832864529,9.20126757978303,imbalance
22930.06520380296,2.3459695334611395,2.345360174775775,10.075959575398766,imbalance
22935.0132626753,1.551383347364374,-2.2767021715871465,10.996990273339147,imbalance
22940.04430807728,-0.5933015387808935,-1.653527619826195,9.358037124793729,imbalance
22945.080292397357,-2.771639082395978,0.6588980538377257,9.026856468417463,imbalance
22950.034969174776,1.2928476840096572,2.7998466570878686,10.357260142003408,imbalance
22954.952367759797,2.3990368202671988,-1.5129111803258524,10.66545252994684,imbalance
22959.961890393708,-1.045593952913459,-1.5246740978214255,9.627198909184637,imbalance
22964.97852973389,-2.3484759370729877,-0.0808013100973779,8.992388819494343,imbalance
22970.09240344609,0.6386592629337855,3.0039728955645506,10.019148133471424,imbalance
22975.11118098822,2.693218859472375,-0.9746306593790852,10.364847488406818,imbalance
22980.088984461072,-0.2484196567715454,-2.0666722057829223,9.731220670831176,imbalance
22985.10364597094,-2.3207125902315053,-0.9115038642683556,8.6299436794599,imbalance
22990.1001101224,-0.6383658424603784,3.0436064972200416,9.67293939377194,imbalance
22995.11292696155,2.844803435440017,-0.2646297912558466,10.75011516484369,imbalance
23000.14622963627,-0.3435552878364713,-2.007504070774412,9.730310631334431,imbalance
23005.15546183344,-1.5663877870556595,-1.270773568799881,9.057067023376751,imbalance
23010.13350481892,-1.2482111896670849,2.730079671465679,10.036499554121743,imbalance
23015.169158719767,2.88199076685522,0.7366312135023882,10.488324305424422,imbalance
23020.172592331422,0.2365933657918479,-2.049764962940115,10.231279508690443,imbalance
23025.148292156133,-1.0354884052011224,-1.2129311771253295,9.15173991458016,imbalance
23030.07154475655,-2.060319239368634,2.13845981252877,9.123224252582464,imbalance
23035.050832602257,2.7885041450301724,1.6312020485860257,10.466295254048084,imbalance
23040.036148496674,0.9461588567466264,-2.3230206337754717,10.5585878446961,imbalance
23045.0460409338,-1.101217713788098,-1.761939013584697,9.048921896424254,imbalance
23049.992469581804,-2.428853143584474,1.1533851945919282,8.868936135301261,imbalance
23055.003497826805,2.1456255057537685,2.459298565770736,10.27172285324753,imbalance
23060.023420032976,2.3099241763073843,-2.0064390383604422,10.26151359425159,imbalance
23065.00585489632,-0.7055372736402994,-1.6275895488149976,9.319131689390264,imbalance
23070.01546775744,-2.971863286523212,0.5565577732065636,8.939982528601755,imbalance
23074.94235001126,1.4062410633922304,2.8216672572617694,9.975115141661355,imbalance
23079.993661518565,2.069794516817764,-1.2337841210693006,10.667276681606625,imbalance
23084.980811699428,-0.2901264483565296,-1.702934912766089,9.498625251439668,imbalance
23089.95212068532,-2.6143039479290966,-0.1178869533924861,8.956161306934165,imbalance
23094.877255865053,0.2913257403286717,3.55917739022202,9.807027932482132,imbalance
23099.94097834559,2.497478747917168,-0.8137548670393715,10.983911792018656,imbalance
23104.95746954301,-0.3943019011310432,-2.1670724234378747,10.07409666446294,imbalance
23109.939289071517,-2.233842601043878,-0.7376413362514627,8.697925476834097,imbalance
23114.947536882133,-0.6042760434130344,3.323670650476773,9.85016845165742,imbalance
23120.03628841576,2.7566180165600045,-0.2102184360313567,10.341955884817114,imbalance
23125.097890644636,0.3904379199383054,-1.7607520445188032,10.260763500711215,imbalance
23130.1246358335,-1.8019096675149109,-1.2911187348617368,9.079630685216785,imbalance
23135.117725485383,-1.447142096894235,2.4097449531935373,9.490159757314643,imbalance
23140.083590261565,3.093215174078878,0.9469479408379078,10.450897485564075,imbalance
23145.115022440023,0.2585825903472712,-2.0957407031428503,10.207961778226029,imbalance
23150.20206797654,-2.181156859648092,-1.5085781737584028,8.903345163673752,imbalance
23155.240086925944,-2.0034816722134234,2.021976562756468,9.518412017606572,imbalance
23160.242599305107,2.638612878984643,1.4367952950650245,10.407690148962198,imbalance
23165.28756279633,0.8460208188524352,-2.0774471971693145,10.348452122594225,imbalance
23170.287810674152,-1.4322304330262283,-1.4219833147594847,9.315176003826664,imbalance
23175.27584725504,-2.6383493353234755,1.3547498987991615,9.00872675760072,imbalance
23180.244693814635,2.582587770195432,2.3900513662866416,10.364418842817312,imbalance
23185.166675791574,1.745454252158209,-1.6439736615382148,10.335611009725932,imbalance
23190.165771579705,-0.7424152512514726,-1.6884371243391116,9.217930065594702,imbalance
23195.252175631573,-2.4390018177822093,0.4872997682924652,8.875630678446223,imbalance
23200.31575110522,1.2930733477435932,3.050092333620612,10.038213099164304,imbalance
23205.294626059636,2.1117502797848755,-1.494439998285356,10.963605782579249,imbalance
23210.309141311107,-1.0563303700575408,-1.9609137626009376,9.351531048785022,imbalance
23215.28963913432,-2.250748399425027,0.1588017946843335,8.74966549867914,imbalance
23220.18608060253,0.3483942414523168,2.7945901413155365,10.090811730397492,imbalance
23225.16314400922,2.7298816696420767,-0.9496850699496564,10.62210749169745,imbalance
23230.10329297596,-0.444434204046955,-1.543258177617883,9.81580749789922,imbalance
23235.10417867112,-2.0184906918677337,-0.477770921288052,8.897899395424652,imbalance
23240.108533005136,-0.5212280648986549,3.175853100159823,9.58908439431786,imbalance
23245.10096317661,2.92291983634224,-0.1998200163380845,11.083039836299458,imbalance
23250.059816001416,0.1331994457000778,-2.260723235717388,9.979517739843551,imbalance
23255.05346914341,-2.004975581784829,-1.251145429258992,8.788034304486214,imbalance
23260.037404938983,-1.4176358243611165,2.4178032573815944,9.51157467460811,imbalance
23265.0507172042,3.1356913230554717,0.5728144615940831,10.84455845210342,imbalance
23270.03996687428,0.6407804437713297,-2.0197393182651573,10.100121788595253,imbalance
23275.127289355663,-1.7264874421311736,-1.2991069584305197,8.89650036489677,imbalance
23280.049356472955,-1.9723906808758436,2.074940399024409,8.99629868040343,imbalance
23285.084336594355,2.2080207465052366,1.776215777614291,10.315829249318252,imbalance
23290.11435758623,1.0266555447199608,-2.1566821670089507,10.391037511836188,imbalance
23295.131021094054,-0.8056015644327317,-1.5505121175861445,9.046554471750415,imbalance
23300.15264975432,-2.5574874433777057,1.547434368388749,8.97398806091385,imbalance
23305.1374482996,2.486713630886155,2.439408989760575,10.587902347228766,imbalance
23310.19417458531,1.4125874567176264,-2.174764324984946,10.607995727967127,imbalance
23315.092720241973,-0.823922261120754,-1.4093396236479347,9.45505569561497,imbalance
23320.126076336765,-2.4686151736477817,0.6705616226083645,9.043812285858948,imbalance
23325.11318336624,1.4595716263484269,2.9575161543934048,9.968598452027756,imbalance
23330.07359007673,1.9713177911850592,-1.3578871357113702,10.798504696067315,imbalance
23335.10753279223,-0.4429555824761568,-1.5936806866706994,9.966953154441429,imbalance
23340.17589363077,-2.6111394579812863,0.107094440997306,8.906641930131235,imbalance
23345.07608506788,-0.0499417459607861,2.844038036722529,10.148217010104428,imbalance
23349.99630591186,2.566294584793144,-1.0209321005164531,10.22360318782117,imbalance
23354.983183444336,-0.2897894167073636,-1.9215524627769789,9.396556173642866,imbalance
23360.020874059093,-1.9015795086402865,-0.6799446569844921,8.904811475643633,imbalance
23364.96128917506,-0.7141490981615257,2.9383409339896573,9.956972304947252,imbalance
23369.925325236814,2.95115454546158,0.0160338849631179,10.509767914692445,imbalance
23374.934286852054,-0.053673938716047,-2.1756668129663006,10.168911234013756,imbalance
23379.92707906524,-1.966885158324596,-1.0421290161693877,8.951207252605132,imbalance
23384.950312386787,-1.79422585241682,2.4353937149169296,9.51265443670617,imbalance
23390.04789083171,2.847706747800138,1.1705612808974672,10.80612196378663,imbalance
23395.102912146736,0.9224327892299377,-1.5583667291465435,10.76779827878044,imbalance
23400.100943086607,-1.349307766421539,-1.2296701741088474,9.274060021343455,imbalance
23405.10609909565,-2.210917468752636,2.04721914606575,9.469011212293722,imbalance
23410.082714237546,2.870892407562527,1.7813552681188334,10.559636820804442,imbalance
23415.080477500465,1.0810154470909523,-1.8191630545212965,10.289216087734776,imbalance
23420.155282170144,-1.482257319974063,-1.4326363591315776,9.023940752056422,imbalance
23425.30907307584,-2.3896410830384136,1.3776907291603384,8.94258622641711,imbalance
23430.342500393817,2.576343329846003,2.30581821260124,10.395176966444732,imbalance
23435.394317622275,1.615475971509059,-1.7574375074677049,10.707196519130344,imbalance
23440.389200143265,-0.7961575556500906,-1.701798592337545,9.331615923753333,imbalance
23445.367741999096,-2.368130218643691,0.668000821974381,8.982005182141783,imbalance
23450.40668998659,1.5658222339029932,2.989245729687743,10.095429662044324,imbalance
23455.3280713588,1.788887820324597,-1.6761536885786474,10.160938156475682,imbalance
23460.25179113412,-0.9776452576620834,-1.1675544947026022,9.564939383061567,imbalance
23465.31629076361,-2.229473510961443,0.0037921268294102,9.0638431139821,imbalance
23470.308973104777,0.5394091872909975,3.618514570940298,9.957296274063898,imbalance
23475.270356232668,2.469760591530897,-1.4278079831429171,10.622582292932782,imbalance
23480.223093568777,-0.1456400168964027,-1.33699376708971,9.685921404048509,imbalance
23485.134187911222,-1.9872202543977224,-0.645308409423862,8.721928832344888,imbalance
23490.082841681942,-0.6768557289776782,3.1365939233823688,9.84772030351528,imbalance
23495.02055796582,2.9424327777400814,-0.016924662576932,10.47239667721021,imbalance
23500.133980809413,-0.3034595517189533,-2.0398798140918437,9.986283467335944,imbalance
23505.09428466669,-1.4462813868276236,-1.073347424901793,8.523205954438387,imbalance
23510.13443729739,-1.8171583848946185,2.823507050121598,9.365041273910776,imbalance
23515.092290067496,2.941206731966783,0.9561209547559936,10.804413011963902,imbalance
23520.109318761668,0.4944957186999541,-2.276469808069941,10.158372260492964,imbalance
23525.081669276555,-1.2032971771204877,-1.4169595293000306,8.88212315961703,imbalance
23530.094725270224,-2.2304554660380447,1.866169908981928,9.325599090753409,imbalance
23535.12759017613,2.95512058512678,1.940509661374953,10.437696790248744,imbalance
23540.135175589152,0.8705422992446055,-1.8132861745151696,10.424739178294947,imbalance
23545.13560203408,-0.7135518534822528,-1.8063037973216296,9.04537937641956,imbalance
23550.026933999558,-2.701337645243151,1.3845521319033034,9.224322317564727,imbalance
23554.97201232246,1.9381008942377973,2.3059448341172013,10.352567739022245,imbalance
23560.05318375345,2.0139294495319264,-1.9842274967156563,10.62655481538063,imbalance
23565.00340708875,-0.9351228062078184,-1.567295326520194,9.342649781798528,imbalance
23570.00054945488,-2.832863025903741,0.4688032008199704,8.934745244152872,imbalance
23574.985817670524,1.4740782028396828,3.083878861648407,10.06862011454258,imbalance
23580.0073896942,2.375320823926415,-1.2014694294273949,11.042046374546995,imbalance
23585.046062604382,-0.9569463607756729,-1.5816443273541674,9.838547382433138,imbalance
23590.042374928544,-2.706879868787304,-0.3778115353533839,8.856105834265785,imbalance
23594.9862224961,0.48116150250523,3.5421310479365404,10.1329636601683,imbalance
23600.024715670315,2.5875287434364096,-0.7500670429711475,10.71059275136838,imbalance
23604.980928714456,-0.0873555604617976,-1.6025977912203482,9.65891933587025,imbalance
23609.936335348408,-2.453863008477203,-0.8306624960794705,8.875099504184806,imbalance
23614.991925941453,-0.837440096552075,3.303777858736634,9.590512410897732,imbalance
23619.88135920405,3.462637596994965,-0.2195452290956973,10.57319003926354,imbalance
23624.834640620466,-0.0352165093926213,-2.1522988103583085,10.134318598336783,imbalance
23629.851174634183,-1.6888816230391992,-0.8925436393519355,8.959493104844858,imbalance
23634.874706649895,-1.6131410978349434,2.3679231224977912,9.50932376773842,imbalance
23639.861992749706,2.793442232082911,1.283165074945333,10.64642672769515,imbalance
23644.908208112112,0.6485925587362336,-1.905772877384433,10.14804815890352,imbalance
23649.837984823826,-1.4208336253104452,-1.2590112131024325,9.000150776360389,imbalance
23654.863067080783,-2.3445174303034806,1.5715670408567304,8.958527616354193,imbalance
23659.84224776534,2.5939171853196354,2.041200855127679,10.6597571500854,imbalance
23664.777948632815,1.0799409380275835,-2.259004797731471,10.713789549015193,imbalance
23669.80146583101,-0.983157644057412,-1.6200287127418638,9.129707405676044,imbalance
23674.902023369046,-2.985466488162058,0.745338572102969,9.197942589227631,imbalance
23679.96256583493,2.01732094718856,2.6167927800819992,10.46903294647642,imbalance
23685.071569602027,1.6031803485635263,-2.0389112206107582,10.687838503822354,imbalance
23690.074439806565,-0.8000678563570521,-1.4327449811118864,9.503299350063855,imbalance
23694.998433936027,-2.8106914515048067,0.6065543418572066,8.708342917781094,imbalance
23700.00332679337,0.9309836955787224,2.8190915845035343,9.811664177811307,imbalance
23705.0417701858,1.789860315259828,-1.793328528642342,10.650482962730193,imbalance
23710.081677935403,-0.6089742331301697,-1.819729384237437,9.726663086483375,imbalance
23715.08482661336,-2.441766167290932,0.179141616934878,8.836638917989497,imbalance
23720.039696124983,0.5270790858993801,3.227508935404608,9.827510035004638,imbalance
23725.01698468696,2.423042401660739,-0.7167573759277082,10.51045180657448,imbalance
23729.92407381282,-0.4146196140790421,-1.663539281144434,9.867347282260107,imbalance
23735.01015583716,-2.077503284273709,-0.7248605452052662,8.903082153681536,imbalance
23739.97110253011,-0.7387781226838042,3.035833404131104,9.798255434726045,imbalance
23744.951323980964,2.447364327656171,0.2714698575510384,10.896180137459034,imbalance
23750.01226905873,-0.0460474729483106,-1.705012691293882,10.098855749404036,imbalance
23755.066009353028,-1.7099952543976302,-0.4682642565007952,8.938616392253445,imbalance
23760.172603371087,-1.0430820574775324,2.873208991494297,9.531719323395066,imbalance
23765.179313166343,2.914395830762692,0.5441169762302246,10.733251458756676,imbalance
23770.252973546423,0.5350892936063967,-2.18277839760748,10.395765521248864,imbalance
23775.322681522237,-1.4641544600823726,-1.247716296185607,9.213418742520409,imbalance
23780.25375704329,-1.6910221713869444,1.8743892045587447,9.547322820223332,imbalance
23785.29280649146,3.07056690271034,1.5747447304183353,10.422574682542756,imbalance
23790.27812062094,0.7552681633256466,-1.7444543007434594,10.609930261618087,imbalance
23795.21318706721,-1.3198430044675735,-1.7019718836897555,9.396587060427816,imbalance
23800.21795566572,-2.475707546260516,1.494785753007537,8.979468295524951,imbalance
23805.16983651928,2.2166817013437887,2.4201361366601435,10.386984331676269,imbalance
23810.10770711589,1.7598225423953011,-2.210104850521677,10.344968753590877,imbalance
23815.11613172118,-0.7326259092954306,-1.5752506134427475,9.156230106631437,imbalance
23820.11705227922,-2.467374283040155,0.3428564889754774,9.122311365110948,imbalance
23825.15268647682,1.4959035268620864,2.946655715904606,10.267010222762456,imbalance
23830.14735905051,2.5211793725189247,-1.6427181877711323,10.685350635265555,imbalance
23835.161178302216,-0.7549825313192092,-2.3194028403771263,9.494279342226998,imbalance
23840.10985053839,-2.410942316535838,-0.083193088824674,9.565006307627288,imbalance
23845.17282517675,0.3875611699351224,3.211744425974184,10.102963531897748,imbalance
23850.191813349426,2.561019336911361,-0.7012794149762077,10.591135398327635,imbalance
23855.11865269511,-0.2731006273257811,-1.952573423300162,9.832284680949988,imbalance
23860.085268298262,-2.451232593544951,-1.0134151506288696,9.118464029427924,imbalance
23865.179113874547,-0.643212506021215,3.068259770471882,9.753391813507417,imbalance
23870.24089377229,2.936160266327954,-0.2533207739515548,10.98079087958021,imbalance
23875.252104397143,-0.2749022053555577,-1.942275879036196,9.811098375559816,imbalance
23880.26655730537,-2.094698543151099,-0.8602920717397088,8.928627895944839,imbalance
23885.29770217644,-1.292342653015162,2.598691493678305,9.529166236152554,imbalance
23890.381148057226,2.95144813117529,0.1611999570938355,10.540943519962612,imbalance
23895.324608689203,0.0208019381763511,-2.13275188458134,10.30587646243889,imbalance
23900.249193169868,-1.2146015281490117,-1.1144245923810985,8.950570718810065,imbalance
23905.215322912096,-1.8085296201642151,2.329294684185266,8.956899045926505,imbalance
23910.272625586225,3.024553426292236,1.5471656457471414,10.415790214545956,imbalance
23915.19063414742,0.897294636470102,-1.9762817076817576,10.470771965237812,imbalance
23920.190458069053,-1.184653575101683,-1.9836466340563368,9.146791428591666,imbalance
23925.21669154374,-2.5139347208198526,1.678513339556983,8.868828184793614,imbalance
23930.2103981022,2.0604134768704565,2.284491986448212,10.3157324923437,imbalance
23935.21041985888,1.838846320668946,-1.701277090049529,10.431341717346829,imbalance
23940.251336745525,-0.7607763468485085,-1.3008489347257062,9.584964560311306,imbalance
23945.23270848391,-2.734447015385418,0.9521074654323292,9.28224789339856,imbalance
23950.209100866006,1.4424656963219646,2.7380069084912835,9.98014225382927,imbalance
23955.089469599945,2.1274096455059386,-2.011339332986388,10.781190167754232,imbalance
23960.02257100023,-0.5412920158623132,-1.8848308597061103,9.79837290578418,imbalance
23965.011578687143,-2.3060253902361207,-0.1404028195788627,8.830959323652227,imbalance
23969.9859885853,0.1514523247956109,3.1725130188647577,9.872816543816002,imbalance
23975.029522688623,2.797795537956055,-0.8804941481065135,10.643508776123184,imbalance
23979.96593935355,-0.2374726207379558,-1.6155585210063748,9.610646460706125,imbalance
23984.89674120851,-2.409995030509781,-0.8152763829021762,9.038681679241575,imbalance
23989.87186870979,-1.1231474309512617,3.0161202315512594,9.354621882925438,imbalance
23994.89212316821,2.883569649764137,0.1413193615730516,10.564686744176491,imbalance
23999.944941492573,0.1731131940744352,-1.9498610840791788,10.26975191107511,imbalance
24004.983028937117,-1.938900817150744,-1.2421708850853093,8.849961956062343,imbalance
24009.92176038236,-1.4754609723020948,2.6075797146620645,9.26634999681508,imbalance
24014.92665068461,3.20590937365146,0.2183071081875498,10.54494367363653,imbalance
24019.920080874203,0.6778658440441825,-2.259125416501151,10.528336075967689,imbalance
24024.95067399368,-1.092309430822726,-1.789183140020966,8.900049460459723,imbalance
24029.92004418528,-2.119725725776279,1.7653855883937302,9.090651619359996,imbalance
24034.93585069062,2.694971845142112,1.876963005502137,10.503348734681325,imbalance
24039.932068141577,1.2449264378003817,-2.271959325930946,10.506291885631112,imbalance
24044.9771189896,-0.873760602090918,-1.4573556930115052,9.45969296969821,imbalance
24050.00900637533,-2.288586733712087,1.0177213064625463,8.782405274537899,imbalance
24055.05582738498,2.4443387661304747,2.5997227897680406,10.264932235125126,imbalance
24060.00879755337,1.5118666933635776,-1.7155536594099818,10.685793687871897,imbalance
24064.868465614443,-0.7135924351132388,-1.4354392791396562,9.46170492499836,imbalance
24069.86140905124,-2.579062382637763,0.3927894620419568,8.932156911261497,imbalance
24074.859118452747,1.5428168580023702,3.189319370622765,10.25634187943894,imbalance
24079.873825521317,2.299838047652636,-1.15173215941007,10.739099143543386,imbalance
24084.817437398,-0.3001101876670907,-1.8707433487731413,9.572777990519944,imbalance
24089.81692006753,-2.686510529837395,-0.3182692145952668,8.777666168967814,imbalance
24094.79472550172,-0.1492157117443928,3.253074402722284,10.021237206721404,imbalance
24099.78040566129,2.7223344221117776,-0.5330321093284356,10.71325926235566,imbalance
24104.79527216572,-0.2538076685577778,-1.664342265179486,10.016957823466004,imbalance
24109.78937346447,-2.313891464261624,-0.8153824777791844,8.82002973885226,imbalance
24114.78604257234,-0.8749274414235753,2.770488793561474,9.737427706164288,imbalance
24119.837942142018,2.9152413569955518,-0.1373084562228283,11.185349414015755,imbalance
24124.910517738783,0.4188882140400388,-2.1947959405140542,10.254412444283409,imbalance
24129.974268185622,-1.7650255052289052,-1.1208522618396428,8.787817003382195,imbalance
24134.86049411396,-1.293473412590484,2.555955576802044,9.59268666153552,imbalance
24139.87446932562,3.153891341897612,0.9831733732898804,10.677639607264656,imbalance
24144.93716383053,0.2613535137456367,-2.154483595901858,10.467306279083052,imbalance
24149.94765811104,-1.3420848245186383,-1.3413500234427411,8.989731844915076,imbalance
24155.01312945064,-2.125149538146845,1.7250879403238502,9.280803407339729,imbalance
24160.061564950436,2.9214884325256216,1.806686742093824,10.703623272115012,imbalance
24165.09686381016,1.0184303525727958,-2.1016482203186357,10.68514433509448,imbalance
24170.15854450077,-0.9161713026736376,-1.427615625019322,9.602107662081805,imbalance
24175.218144448107,-2.6593698890485142,1.3039492164606823,9.1062854530076,imbalance
24180.19693318051,2.2209043513326088,2.674661450782398,10.383730232220216,imbalance
24185.239772031782,1.7970557430682903,-2.2383714905355547,10.658901064369893,imbalance
24190.23252439971,-0.8060438407256778,-1.2874519384552854,9.28993863866383,imbalance
24195.187205767998,-2.297667674426718,0.8348299793854133,9.273123012301738,imbalance
24200.24315465134,1.8670331226661343,2.6194429902148,10.05296242136322,imbalance
24205.283831976813,2.1247767756785985,-1.6459321722233962,10.893328238029468,imbalance
24210.28324906421,-1.0256649516264678,-1.562284365602368,9.64274022949616,imbalance
24215.30796256754,-2.538186724418127,-0.3291824768906782,8.695865348860435,imbalance
24220.293731888534,0.2929542422224054,3.2163809302637723,10.18004149120201,imbalance
24225.47060877741,2.173268188262925,-1.149734735644782,10.3484421569818,imbalance
24230.53088219281,-0.5024883895945174,-1.7017225771906164,9.66486533015762,imbalance
24235.56977216614,-2.5760238961973387,-0.3887985154909177,8.63558583503791,imbalance
24240.50967927353,0.160853967777187,3.1241571231835583,9.84963855486638,imbalance
24245.49847016937,2.7899807006856414,-0.5277987005994107,10.74190926401295,imbalance
24250.387536611022,-0.1083708169464648,-2.184067930965043,9.773379532633257,imbalance
24255.3741835917,-2.132168913080628,-1.014273478178338,9.244231655143556,imbalance
24260.437013780785,-1.2668077275448906,2.9585129760502054,9.374420486600618,imbalance
24265.420455654254,2.677231698480023,0.5790500843219056,10.700072738059596,imbalance
24270.437313427017,0.4638780027462252,-2.1495126255939847,10.38447312138076,imbalance
24275.443728939557,-1.8777363194779848,-1.2224327398412391,9.082614662331933,imbalance
24280.469265677988,-2.110128651542245,2.673264518374028,9.205065618102156,imbalance
24285.53470701353,3.0868198760332746,1.6609978369999634,10.463981649656796,imbalance
24290.521645917484,0.7499398246603436,-1.7641029106640944,10.00270452972441,imbalance
24295.613646891088,-1.4627655451270718,-1.4539185073096133,9.147609370773376,imbalance
24300.54377052744,-2.258200930831154,1.4799342056527407,8.744643557578296,imbalance
24305.58021745252,2.582793264317694,2.238663110836794,10.02604772931604,imbalance
24310.54063693609,1.4110360387909369,-1.7693772632153175,10.590514841510975,imbalance
24315.523214805013,-0.7745577440321765,-1.5955914083873612,9.131272344038823,imbalance
24320.505380601626,-2.427715992992405,0.5084754281306916,9.339486539054956,imbalance
24325.442785316485,1.042049004418237,2.723952105709883,9.974519643093206,imbalance
24330.492488136675,1.7420103867413723,-1.756980082976401,10.789160153733594,imbalance
24335.46285652054,-0.8916713412453414,-1.5616743393792822,9.498341768170574,imbalance
24340.41717114944,-2.6087215304751408,0.1389717500746004,8.799384072790374,imbalance
24345.441108701834,0.9638523789689782,3.239674632954166,9.930873144360184,imbalance
24350.53714302029,2.1430934676036784,-1.548693951076317,10.812434764350868,imbalance
24355.48342279338,-0.6044744804552351,-1.5739359153980614,9.559891312276042,imbalance
24360.548423480595,-2.254767360543872,-0.4859741341908614,8.617399388190261,imbalance
24365.527250950207,-0.2298459122068397,3.1841871414509515,9.747348959606162,imbalance
24370.49431326912,2.8188070035087787,-0.6995417003521587,10.63941548090815,imbalance
24375.535279119333,0.4431268167405964,-2.001621419018882,9.720610048647984,imbalance
24380.539530830876,-2.01460140779997,-1.499548110816093,8.578318070445004,imbalance
24385.47599514693,-1.197052000869067,2.9679041267074746,9.414967480464927,imbalance
24390.48113525318,2.874241997981956,0.7499355484621013,10.878340978118835,imbalance
24395.40713305737,0.6232375949690356,-2.296792290369545,10.190761606110158,imbalance
24400.372662831345,-1.8217661158755627,-0.951971030696928,8.900208608224542,imbalance
24405.426102634898,-1.4524506103909394,2.4698067344694707,9.320046690445952,imbalance
24410.33336971497,2.9730394723983125,1.1235685836120113,10.688601340275843,imbalance
24415.32201757608,1.036498577802492,-2.006761867956278,10.212861473690849,imbalance
24420.33965585124,-1.2759233112951762,-1.3409617710497292,9.113842179923637,imbalance
24425.298182829985,-2.3229434730034337,1.7351662100629648,9.23690628644256,imbalance
24430.285496843968,2.323207536386591,2.584163062429696,10.44369255561154,imbalance
24435.30322710236,1.7439722783419518,-2.169901959254936,10.426876361575417,imbalance
24440.37968982736,-1.1367636890674282,-1.4583995843752888,8.88606399695903,imbalance
24445.320053713403,-2.6270171495293173,0.9013515898716506,9.080990168355594,imbalance
24450.369364996648,1.4944879466817529,3.08682363482606,10.2521806174498,imbalance
24455.370349523244,2.0385642223372256,-1.9330630320561444,10.768865905284658,imbalance
24460.368980660965,-0.2659460481620251,-1.631720847645138,9.686133918936498,imbalance
24465.4030540056,-2.515400357112698,0.0581104206263003,9.10615368747403,imbalance
24470.451725451938,0.7675633378482831,3.261987044869089,10.216353017531295,imbalance
24475.410873068,2.669809243091364,-1.2278231299953737,10.937804738684497,imbalance
24480.515452175467,-0.5673733136588237,-1.4815843869717895,9.775671570253662,imbalance
24485.51284143195,-2.6847802257408304,-0.2912522937261108,8.793309066185962,imbalance
24490.553873910296,-0.3852897623259292,3.22596723283055,10.098007206898362,imbalance
24495.52109955723,2.896907829828289,-0.4551174137061382,10.82039653389402,imbalance
24500.528716886984,-0.2833092541401039,-1.9238459484332917,9.84729549968567,imbalance
24505.494995167748,-1.9763018726236243,-0.6940636354292964,8.815049760481202,imbalance
24510.51566584812,-1.0753339596062437,2.811159162279571,9.434642403662464,imbalance
24515.54024650937,3.111079087610103,0.2659695271370541,10.802330730390338,imbalance
24520.54842067509,0.300194733787531,-2.0677642823410816,9.976497684122046,imbalance
24525.557604786278,-1.377211088393674,-0.9127951674165924,9.03858822772421,imbalance
24530.567976832324,-1.9513071482966624,2.6718940986015283,10.01937575112452,imbalance
24535.52085748757,2.8710904813728564,1.2826061909045348,10.317764705828155,imbalance
24540.44974854408,0.8502240252567677,-2.030203411600146,10.39744378203006,imbalance
24545.492875685057,-1.5370535360444877,-1.4722186203360288,9.002993050560637,imbalance
24550.543432904105,-2.431784381992331,2.160963075342724,9.436801510997848,imbalance
24555.470642462613,2.072119572484968,2.0631479100975585,10.475009774568996,imbalance
24560.381576008574,1.1835354261988056,-2.215850379605221,10.825238786230724,imbalance
24565.365808634266,-0.8386100972994897,-1.5494768503539524,9.424309887449146,imbalance
24570.4780146643,-2.584463111178125,0.682147541544291,9.29943203137876,imbalance
24575.49207102669,1.9106473369134465,2.8032591217967617,10.010372515997648,imbalance
24580.5866714694,2.1091221717008963,-2.011116890955753,10.184397454028668,imbalance
24585.532432943237,-0.6951090590559543,-1.580694658113735,9.096694659155078,imbalance
24590.52322326521,-2.647180712178263,0.368076681659004,8.857734951681119,imbalance
24595.481550113323,0.6840941275672822,3.1350224543485314,10.05157037476266,imbalance
24600.508172268004,2.228946363093964,-1.5303827339191465,10.562876512767671,imbalance
24605.540914812394,-0.6443118342855257,-1.838184487144893,9.04139774969167,imbalance
24610.580469212524,-2.374382850980969,-0.4286049971227277,8.671865445341286,imbalance
24615.656767450047,-0.213085516043152,3.1007014248331166,9.661119383147414,imbalance
24620.758038774755,2.827978443596995,-0.7465209471640848,10.520895175548286,imbalance
24625.767113369307,-0.3768841690684015,-2.01259434900398,9.475630208700997,imbalance
24630.76280802639,-2.3241339602485103,-1.0890207996089805,8.855087967370826,imbalance
24635.71799220271,-0.8723030106130402,3.013507241781499,9.849243935673153,imbalance
24640.69338836922,3.1831851806641063,0.0816259208909326,10.7670460741652,imbalance
24645.68643664185,0.2163662174883571,-2.2061624888973124,10.31214151475436,imbalance
24650.76679932146,-1.5701070660870151,-1.3080556232856808,8.722684589626502,imbalance
24655.786223365565,-1.5941308106118497,2.7571367437709613,9.60730830911426,imbalance
24660.84524346099,2.780420719721876,0.91259970492174,10.727046198840924,imbalance
24665.827748180876,0.2328913627403842,-1.8854496374132528,10.508216005731777,imbalance
24670.856392798647,-1.2870494131737795,-1.1856261813411253,8.812669132323451,imbalance
24675.822490307557,-1.7028107554659435,2.0497990354666444,9.108566542977096,imbalance
24680.908973118865,2.884228486093268,1.5099220859832017,10.391720072129734,imbalance
24685.962039476115,0.9768155835873392,-1.8196499588466324,10.607056929271144,imbalance
24690.957524946672,-1.3448352822338714,-1.4753679800153048,9.488692340648097,imbalance
24695.9568012762,-2.4424048818789044,1.4967423577638106,9.404160729902769,imbalance
24700.904405575955,2.1134329029412013,2.410218260400805,10.106278191304105,imbalance
24705.89429390017,1.546250106438529,-1.8405580496125984,10.500996166742262,imbalance
24710.869280815958,-0.8448723818717583,-2.0279254203266697,9.437682647293782,imbalance
24715.90773347216,-2.735140563884488,0.6206761211147854,9.066656297805052,imbalance
24720.84969789004,0.8977899000486653,2.907146396497464,10.404751598432858,imbalance
24725.84264018234,2.054640766642682,-1.4924656597266328,10.894548298825482,imbalance
24730.77957990953,-0.3573544355322939,-1.6911701426806234,9.334101102998574,imbalance
24735.71099496981,-2.532054447163806,-0.2260214235244584,8.531326899769011,imbalance
24740.71444038761,0.2190283452458752,3.1824450329125544,9.981578151904268,imbalance
24745.704684455384,2.741212888775682,-0.8975939751712851,10.656161851519842,imbalance
24750.70762395396,-0.3765249388425227,-1.9164956579512304,9.884547660947758,imbalance
24755.717167038925,-1.892818478814972,-0.7567098068464112,8.90605642137357,imbalance
24760.714611484167,-0.6102809067567398,2.915847653705951,9.952203574120253,imbalance
24765.63131564544,3.000870628843527,0.1242234494864993,10.822168946572775,imbalance
24770.66633116643,0.7523590239447048,-2.393334170599154,9.694214707529811,imbalance
24775.627751790464,-1.5809634289426662,-1.5970835346761325,8.951618625225725,imbalance
24780.59319263721,-1.745163397081491,2.613179042719749,9.681050222619406,imbalance
24785.649808741728,3.0474487920331117,0.7322575279484034,10.772382555974165,imbalance
24790.71742519866,0.8017362438726409,-1.979323339566796,9.905498603718764,imbalance
24795.717309701755,-1.30774019754191,-1.0609437166372362,8.979456081577117,imbalance
24800.706880269943,-2.312584995187893,1.7127843750040643,9.395133011952806,imbalance
24805.634927400923,2.4645626941684906,1.961310383213951,10.469656702682956,imbalance
24810.60803099276,1.419965181264691,-1.9537965419931769,10.611782890435114,imbalance
24815.57536962901,-0.9221704142129072,-1.6298417501580278,9.221549345041756,imbalance
24820.620759812715,-2.328348264381048,0.9863721522840546,9.062680823945785,imbalance
24825.56444599579,1.4349923425902122,2.7573041909314666,10.035267257855669,imbalance
24830.59476443645,1.8167360807483883,-1.774372323974324,10.498123961330863,imbalance
24835.636392579145,-0.637550821528523,-1.8281961861309903,9.607956652258244,imbalance
24840.643243973187,-2.3301391800744624,0.2556416093486177,9.089762597972646,imbalance
24845.691855355733,1.2454455064927386,2.732862431888984,10.463130619426824,imbalance
24850.66754993015,2.544314786831565,-1.4182284932749598,10.672867673884626,imbalance
24855.586611394167,-0.2770789377405416,-1.922572627156089,9.640694815360089,imbalance
24860.622130734697,-2.4880786657169445,-0.288122321833651,8.963409983066876,imbalance
24865.610507843103,-0.1536693162564567,3.161493451268578,10.082546620569632,imbalance
24870.626135832965,2.5415090432924066,-0.7395317026785132,11.134092175721593,imbalance
24875.620375703504,-0.0570427562106393,-1.8472787347218147,9.700646654060016,imbalance
24880.66850044104,-2.1147679287702,-0.6633295638378199,9.305525559687538,imbalance
24885.66032154278,-0.6833916470206662,3.025166051484045,10.087086324040731,imbalance
24890.591496815643,2.8875630542067547,0.0217257805723826,10.858572579529076,imbalance
24895.604968218697,-0.1580032072324317,-1.8046457106067348,10.052981275803644,imbalance
24900.61829997605,-1.8124488527968303,-1.137341017857217,9.029945533283714,imbalance
24905.59226170385,-1.8275460967944823,2.4455424690964858,9.124781416463025,imbalance
24910.557032279583,2.9737498561795594,1.1544722163935746,10.960187731878603,imbalance
24915.50690505842,0.8653948121420432,-1.9860005587660965,10.251072918506694,imbalance
24920.59482725948,-1.3545059467965437,-1.573311242315677,9.098156208493048,imbalance
24925.59241000218,-2.766625552346672,1.900822802668644,9.379606265286716,imbalance
24930.60253064115,2.526203144386873,1.8709390814694693,10.358524492499605,imbalance
24935.574725783285,1.240324790738555,-1.9834650942419187,10.516455905102536,imbalance
24940.61498702689,-1.033080528910251,-1.696078691487109,8.908415960725218,imbalance
24945.55390197384,-2.695151840240044,1.047242965118937,8.891309769304193,imbalance
24950.542978201403,1.851379082176944,2.907711320105811,10.493117251568602,imbalance
24955.56386951076,1.918133475767315,-1.5531385057390228,10.674789583617,imbalance
24960.504026384904,-0.8673646588364082,-1.6891372972802632,9.792449633533543,imbalance
24965.49709582304,-2.713677067282147,0.3346133928305095,9.224530123599362,imbalance
24970.476558746635,0.577656043087892,2.890472734633836,10.065079519096225,imbalance
24975.49930676301,2.4570844240684218,-1.413755547930871,10.49701053742842,imbalance
24980.42083205701,-0.2190236588538639,-1.793886328416438,9.666360269701824,imbalance
24985.37059531018,-2.6945705203085604,-0.5179900941465408,9.17193954943143,imbalance
24990.399802361782,-0.2890407340253394,3.006332151449254,9.928625240480711,imbalance
24995.483142030556,2.8118125369928246,-0.3697400149687044,10.702942272947354,imbalance
25000.55797022531,0.2356246215757306,-1.7696235800038658,10.002873851698292,imbalance
25005.43575047751,-1.9297025778345007,-1.0034418908347416,9.166369269099253,imbalance
25010.35402441673,-1.249405083509927,2.5708201249151763,9.44715801565552,imbalance
25015.306137747182,2.997611338683153,0.0363642728285079,10.565594317937157,imbalance
25020.35990083595,0.4369502828330353,-1.8031239733725448,9.830564321521363,imbalance
25025.43521264821,-1.5206190234607486,-1.4868012940610738,8.689845820342887,imbalance
25030.39588463633,-1.7884241890578092,2.0216618446874195,9.49943162366534,imbalance
25035.39862838384,2.543487649370062,1.398470415697123,10.515456273101613,imbalance
25040.447921283117,0.5466687897765234,-2.211210883467856,10.534800301945518,imbalance
25045.41521040122,-1.4153067737293314,-1.6230294038244453,9.057942383762663,imbalance
25050.47422216661,-2.22202748892741,1.7853981613343,9.47985145724941,imbalance
25055.395852009893,2.013861518779559,2.0084046133898434,10.64837980512672,imbalance
25060.38785665158,1.447620856421958,-1.5591729291447525,10.84899742264394,imbalance
25065.36481874274,-1.036788024450713,-1.5059486081857598,9.04430248692768,imbalance
25070.416929693645,-2.679154985179026,0.8351623298438783,8.881932560047018,imbalance
25075.38557510337,2.021244656208581,3.024785889375809,10.16610943845034,imbalance
25080.479644969037,1.7730369457701982,-1.664420250980396,10.814065506153456,imbalance
25085.50899110384,-0.7323146995023637,-1.5268201768514895,9.05433692952818,imbalance
25090.492988299597,-2.515741234973125,0.1324940465715677,9.002070811810986,imbalance
25095.514663866637,0.8498308575979656,3.4198661199896385,9.868499858529926,imbalance
25100.550811461977,2.478138668307808,-1.2385672440896056,10.542340194702591,imbalance
25105.62474983731,-0.640447529240192,-2.0878421202584363,9.647608785425714,imbalance
25110.686327672083,-2.652785746092539,-0.2796467513728196,9.067328706447247,imbalance
25115.69442687889,0.3667121615927464,3.2072520016899886,9.863718085504418,imbalance
25120.66485829878,2.7744706492934665,-0.4077815960789304,10.297536707494428,imbalance
25125.71678170344,-0.1350159408009826,-1.928040441619404,9.520460394029302,imbalance
25130.73609800126,-2.2896086402095457,-0.7339322752544319,8.864913804825798,imbalance
25135.632569478137,-1.031569880979598,2.881800804271121,9.503569439192232,imbalance
25140.67126386673,3.4546508631804764,-0.0409197623560998,10.535861144289624,imbalance
25145.788834984327,0.2903390286859644,-1.9613320379377093,10.000578059953575,imbalance
25150.88462092052,-1.762046086556325,-1.1880862635878535,8.907328002847406,imbalance
25155.845364983477,-1.5498720129731751,2.8874424412590605,9.346289360619783,imbalance
25160.69479320622,2.6694162100054206,0.9879738696092762,10.927357028191144,imbalance
25165.739946566497,0.0875007288005651,-2.15858671386006,9.827804567309329,imbalance
25170.79892570524,-1.4654169396080294,-1.3266298560751864,9.13527637739317,imbalance
25175.815596540728,-2.19643490606822,2.101381592151249,9.06213204550517,imbalance
25180.82775793405,2.684964929348536,1.5089695364189517,10.371537873060916,imbalance
25185.888018046546,0.9758663298970888,-1.8386614324136636,10.445398463212086,imbalance
25190.95091258679,-1.432574351454822,-1.2846212597085367,9.528192612692912,imbalance
25195.93142009299,-2.623248157417967,1.177438278697391,9.068068329076056,imbalance
25200.86329598633,1.8345618826790997,2.546448442751675,10.642177393511384,imbalance
25205.955662103435,1.499061295919234,-2.0886872454790835,10.591089966725692,imbalance
25211.055255262265,-0.7733296748675433,-1.6709937591541724,9.33344490279587,imbalance
25215.99653614686,-2.7254388864136154,0.6066377480099279,9.09204578157162,imbalance
25220.94402605356,1.1161007842661312,2.799113498815467,10.410645519570554,imbalance
25225.870105603302,1.7279396318931282,-1.628494600387673,10.848478009689844,imbalance
25230.92850529358,-0.5259955158645234,-1.5287255996621794,8.97863039302589,imbalance
25235.8903336165,-2.7852635733262754,-0.20352138308495,9.190724759214897,imbalance
25240.84262559269,0.1971246025632064,2.90827775633338,9.692912930510738,imbalance
25245.80056956949,2.723828992044341,-0.6180398019244324,10.34714968781972,imbalance
25250.766493963514,-0.2982748127593904,-2.048263370577222,9.726728641942596,imbalance
25255.776137094203,-2.113397289663732,-0.8094383678124325,8.858805112647605,imbalance
25260.69127632681,-1.178830081891595,2.9986067235811253,10.045811917306327,imbalance
25265.67764307633,2.8629446844027133,0.1485549542452777,11.008675977825025,imbalance
25270.62952167461,0.0576731893684013,-2.174351807631552,10.597118844811968,imbalance
25275.585819449298,-1.249202450522223,-1.167208892918505,8.79937701750705,imbalance
25280.62860572308,-1.8131905047351136,2.8699483398758794,9.394612334995893,imbalance
25285.569639856465,2.657958309397803,1.24858004167592,10.692345821633952,imbalance
25290.593098396028,0.7976177430070297,-1.8831597092011303,9.992708178283012,imbalance
25295.601314081585,-1.5634141577188938,-1.323286305516381,8.966240976309017,imbalance
25300.60378725124,-2.183271331622996,1.7117398167694835,9.228600293093349,imbalance
25305.602026352597,2.373432938145117,1.548312689981248,10.539549239081408,imbalance
25310.580026018328,1.196076040311283,-2.3448536104839355,10.53271945466235,imbalance
25315.54577170789,-0.9528498310977463,-1.348969206173844,9.09364360218416,imbalance
25320.572881035645,-2.2919493299066915,1.0001783178541048,9.087915984002723,imbalance
25325.580157776963,1.6821538045796376,2.46119056595503,10.086813300999534,imbalance
25330.64095557241,1.6574758697543244,-1.7489907780916016,10.611525412967277,imbalance
25335.537389870555,-0.7435187615355987,-1.5763020915862884,9.731175533305134,imbalance
25340.55653160192,-2.514219251664638,0.3904254656356533,8.537305797532028,imbalance
25345.615100025,0.7599979938218009,2.917956085953364,10.338622975714038,imbalance
25350.662661290105,1.9967002819261213,-1.1549808630936853,10.715049107484546,imbalance
25355.755877450767,-0.3380433410417834,-1.708397396654166,10.060175931136182,imbalance
25360.718320143224,-2.328762973805986,-0.4681335337061614,8.696068321088092,imbalance
25365.681800771865,-0.0402172602621146,3.287107078264404,9.94920209618464,imbalance
25370.72579088344,2.7659728426686128,-0.619371855290634,10.260529617397042,imbalance
25375.725357693784,-0.2182571155791082,-1.8095711646244756,9.814930589074145,imbalance
25380.73527176847,-2.312803684235042,-0.7640153880907238,9.00014547117508,imbalance
25385.652642669967,-0.6878432964852682,2.821250400311027,9.740825465135163,imbalance
25390.55459795575,3.277153455847755,0.3567028239120667,10.536485413877552,imbalance
25395.622847810173,-0.0692633990614731,-1.876858345336072,9.769652327611308,imbalance
25400.53922048002,-1.3892495575682822,-1.0628467791310374,8.616039514467644,imbalance
25405.43617918104,-1.530151924224731,2.2161924607589465,9.288662370774455,imbalance
25410.437660122177,2.727464780003251,1.1609532486923289,10.86136741108369,imbalance
25415.408895587963,0.9126858499113464,-2.1482975050465543,10.447421698668617,imbalance
25420.42074026925,-1.1903309934963704,-1.6456940330320249,9.405508537879578,imbalance
25425.435185382667,-2.085031890767293,1.7455433376117253,9.381261167742911,imbalance
25430.384471513997,2.3026499455225133,2.2614017042760164,10.350220599717524,imbalance
25435.439680062645,1.236240011467033,-2.1749369712925275,10.399959744182777,imbalance
25440.324606644943,-1.122274509767102,-1.61704473030543,9.350906629913604,imbalance
25445.376840663044,-2.446770483064236,0.787542545122095,8.564167646645684,imbalance
25450.26521872996,1.4504034971728863,3.0712303878007137,10.068308832110109,imbalance
25455.320619342187,1.8283823890896136,-1.9037000440025569,10.306731328429729,imbalance
25460.341077446392,-0.4666879936986079,-1.592631260667512,9.6362416028761,imbalance
25465.31763950749,-2.421631919062761,0.0687039229442283,9.137794228364628,imbalance
25470.40371719787,0.8378137110831896,2.82989522292788,9.640901928549797,imbalance
25475.388747801728,2.642720504833285,-1.3033810902909273,10.65646105184281,imbalance
25480.357945720305,-0.1958805735931544,-2.044767790086342,9.80993570647649,imbalance
25485.29293981541,-2.2955880212369384,-0.7210890886216385,8.924065970941875,imbalance
25490.3208642147,-0.2365448040637245,3.21743294929161,10.022963053114978,imbalance
25495.28366816649,2.9990187060493745,-0.4044872567637061,10.752632963193276,imbalance
25500.367142601823,-0.1120626871803433,-1.6764610883759743,9.90821295653127,imbalance
25505.399797089023,-1.9599842531892708,-1.1010952210536047,8.712779533251378,imbalance
25510.37545858702,-0.973906861623042,3.180765816746333,9.557812564770003,imbalance
25515.47385334765,2.8423413812336915,0.3632196004735721,10.4786428894444,imbalance
25520.44324929742,0.1137321465656099,-2.004290636995066,10.031539852603643,imbalance
25525.40557648671,-1.4035816522366094,-1.147063148970041,8.83994316054047,imbalance
25530.428103488142,-1.8830805230875252,2.3563028685561203,9.38249112093198,imbalance
25535.495273867185,2.946354613833701,1.106283954863818,10.715769672776348,imbalance
25540.467526748893,0.6867120154609268,-1.8108872489729435,10.16017377507884,imbalance
25545.461020023507,-1.7665452596983702,-1.1865335853516636,9.060063014335038,imbalance
25550.45843967997,-2.1800148257469694,2.148355340484866,9.104653664868522,imbalance
25555.513635935175,2.7162871278075884,2.057892905402852,10.40607001214702,imbalance
25560.549222478407,1.3562935379539598,-1.9766553979270984,10.22367426544714,imbalance
25565.601940675977,-0.9610176020999296,-1.7320682701857926,9.476044354783932,imbalance
25570.61422936276,-2.6503488959907977,1.485104219805109,9.527489421660873,imbalance
25575.596628935284,1.9648412437895435,2.851889582723468,10.363657223680486,imbalance
25580.57477843404,2.191469383841013,-1.7801483564780436,10.642531536710075,imbalance
25585.548202498576,-0.8113858663779798,-1.7248216929992768,9.491150543233283,imbalance
25590.44700868851,-2.5966496605989344,-0.0411017752427561,9.084822223841854,imbalance
25595.407400710497,0.6254355605972544,3.086423956097992,10.018007305973637,imbalance
25600.44334960917,2.2508062608748154,-1.3253266738388711,11.037079139569364,imbalance
25605.442898953654,-0.1752343661622242,-2.0574207121912007,9.986270910292056,imbalance
25610.441451525763,-2.15961580080337,-0.9935253642542344,8.634872376935483,imbalance
25615.45433501423,0.3789338113758493,2.988537288693287,10.010159280754335,imbalance
25620.36146529222,2.955213384954158,-0.5135574187574612,10.685686413631444,imbalance
25625.336812574784,-0.329417644693886,-2.14068572980103,9.82160215803413,imbalance
25630.357122870068,-1.713666850508695,-0.8407923550199886,8.940228002020744,imbalance
25635.382130087302,-1.244306808781272,2.877699183575918,9.77820245677776,imbalance
25640.4003381976,3.040927709652647,0.3347457050261703,10.69711312469584,imbalance
25645.36417882644,0.0762897759088368,-2.1810822066732443,10.293700414976843,imbalance
25650.283755210592,-1.4763234053097818,-1.411092718438158,8.656588781187132,imbalance
25655.20468659925,-2.0653557105893228,2.486785329422463,9.1779799870098,imbalance
25660.23367030652,2.692319310005131,1.3539447792429309,10.506679326129118,imbalance
25665.234480998195,0.7328792198218446,-2.3144717401096155,10.432916653891478,imbalance
25670.241377791543,-1.3597660333122927,-1.0362857353111343,9.394845501169732,imbalance
25675.14869579377,-2.466802343563596,1.8652415517494247,9.03617855751546,imbalance
25680.117523727047,2.370253527705571,2.067574225253773,10.652221308328595,imbalance
25685.080612099813,1.36532678272893,-1.6851709892191258,10.573074649707046,imbalance
25689.99595265207,-0.8832174832368215,-2.216269195954457,9.225432997825797,imbalance
25694.997507024505,-2.795144742566713,0.5193551582623694,9.13734350498169,imbalance
25700.068028316717,1.4980345550072112,2.9185297400168606,10.238074903581234,imbalance
25705.030339722107,2.112979951001408,-1.970820799380496,10.756687850947342,imbalance
25710.02688373474,-0.531607199622097,-1.1893424353946114,9.627430024254714,imbalance
25715.018153347333,-2.3755820797047047,-0.206925900443296,9.075274009215006,imbalance
25719.961347262943,-0.0753909600985273,3.173339598054996,10.20095148353137,imbalance
25724.860202095937,2.8631623351846702,-0.8536957254710857,10.678410662030936,imbalance
25729.848179592307,-0.3134045167498737,-2.186731931993502,10.011886863889302,imbalance
25734.7956937848,-2.155092820980064,-0.7320947559810459,9.145549174773508,imbalance
25739.7309144729,-1.2354480556326546,3.01890133759957,9.5062773591404,imbalance
25744.79106565488,2.87497209342746,0.385487493995809,10.515825746174311,imbalance
25749.856250421024,0.0374939460048943,-1.793944401652923,10.336237378586311,imbalance
25754.88631761428,-1.7316239561427538,-1.3909364274767948,8.832309062879927,imbalance
25759.923230467717,-1.5480757228344038,2.8862678262972508,9.68295580335446,imbalance
25764.91712458014,2.823342250622725,1.0238234429432909,10.460550988477571,imbalance
25769.79611995344,0.4946885428342548,-1.964827899911073,10.04029517728967,imbalance
25774.859117104807,-1.438489959840188,-1.553741778777774,8.679973830037222,imbalance
25779.84108684477,-2.0443790919255225,2.0050094582698814,9.549438152339349,imbalance
25784.89106640357,2.543242895338223,1.6377717043253677,10.243779061775262,imbalance
25789.856402576454,1.5294649360757715,-2.0850382806856054,10.619989637060966,imbalance
25794.87355932685,-0.8687907890871889,-1.4256544123855222,9.063516371700562,imbalance
25799.84549397492,-2.8307742129822224,1.1292367695512584,8.972118930223324,imbalance
25804.782041184368,1.8634601743533104,2.503828230656192,10.477234469519884,imbalance
25809.67823698922,1.8852301885584477,-1.7522227961184855,10.616326265666356,imbalance
25814.637957746538,-0.7659754791066871,-1.89092570960858,9.442801018974968,imbalance
25819.7040135493,-2.5281042439905117,0.4347817004637452,8.887426294640656,imbalance
25824.806392586896,0.9072382274202496,3.0053054770212286,10.462401446551407,imbalance
25829.80122891309,2.699193882608423,-1.17716357952835,10.683816159875487,imbalance
25834.74708894458,-0.6115489081066678,-1.981468263224786,9.72016725443224,imbalance
25839.74233746774,-2.8042642717821065,-0.3890420846746842,9.218663602947538,imbalance
25844.74435850734,0.2380025490151409,2.9254905556712374,10.141731838851507,imbalance
25849.76184563868,2.916142026355132,-0.7897692943653215,10.996185289551642,imbalance
25854.81587545325,-0.1526812701140606,-1.8260731353542248,9.632212477524844,imbalance
25859.795181213856,-2.114903796900524,-0.6388552926579742,8.935159696841017,imbalance
25864.810465123945,-1.0916112220978769,3.425490085563439,9.615789867482524,imbalance
25869.84459019758,2.683515535391725,0.0159177611849163,10.623561664757409,imbalance
25874.87971268588,-0.0439104285676168,-2.039064065821936,10.143865231485266,imbalance
25879.851826744936,-1.6222340441796828,-1.1072244549790833,8.994749477896605,imbalance
25884.85637975211,-1.54937822532122,2.476958197289985,9.439599064411526,imbalance
25889.844907526836,2.8368742968180114,0.9804656955559136,10.492377476023814,imbalance
25894.82458239238,0.710414930683711,-2.3258453022144674,10.546145195820188,imbalance
25899.804642105944,-1.263051266781915,-1.6646854167380227,9.02255463114928,imbalance
25904.84684230589,-2.333173653406546,2.0225719151166115,9.140872431799757,imbalance
25909.91643212528,2.6166605568554733,1.7107655281155596,10.748025750917575,imbalance
25914.903071336437,1.0336762859205535,-1.805016147602856,10.359470822227925,imbalance
25919.837999697247,-0.8885163088652658,-1.7410189267530198,8.887557504047646,imbalance
25924.847230918167,-2.194264881269989,1.0886034962827702,9.289662853448313,imbalance
25929.78878182959,2.2177702752609068,2.9205298058137115,9.91235626419863,imbalance
25934.781100283966,1.80337998416512,-2.1174413501778444,10.676159955021497,imbalance
25939.85902828553,-0.6613917738213393,-1.810548729147852,9.12447239434597,imbalance
25944.87462788779,-2.7463076703052263,0.400693519699412,8.936429874376469,imbalance
25949.88392737128,1.0114965457733325,2.764355635523985,9.779323803060072,imbalance
25954.870146054425,2.3993014359888107,-1.5544209059040173,10.770588781735515,imbalance
25959.894810555103,-0.2425779497973262,-1.7627308776169377,9.332419052736556,imbalance
25964.866482243844,-2.3800536114872206,-0.2157267447098856,9.192855516989164,imbalance
25969.820302811084,0.2311864095995106,2.856428852872387,9.934590512884473,imbalance
25974.743773881117,2.748056046705925,-0.6589215817756688,10.5718322257662,imbalance
25979.793317530108,-0.0751235530081626,-2.119062630697269,9.857189148407352,imbalance
25984.803865172616,-2.271266829889568,-1.3069989740663264,8.986668556047363,imbalance
25989.782786497788,-0.90484561739908,3.0117348046461525,9.716473177819648,imbalance
25994.74622624369,2.936702097865313,0.0752297061090553,10.748536935440455,imbalance
25999.826296080275,0.285019662206306,-2.014007387926474,9.88931400811037,imbalance
26004.882419218826,-1.059276717972797,-1.0791597469078555,9.027400546087916,imbalance
26009.9249091343,-1.5831727935313222,2.6429161676641724,9.47644862947567,imbalance
26014.888373574377,2.784776367844713,1.1016672208996676,10.63635953654101,imbalance
26019.916911321063,0.6321385420757825,-2.255574612720344,10.475933759994822,imbalance
26024.861679625166,-1.5566834756069137,-1.2857242629492245,9.011921531604042,imbalance
26029.876734652364,-2.223880058947617,2.321654815442675,9.705655388735316,imbalance
26034.98840107745,2.540409608555053,1.94784813366638,10.392504957666652,imbalance
26039.94270615376,1.322720214702633,-1.861474873151935,10.507925413731549,imbalance
26044.89857400513,-1.0212670588865531,-1.3008753839168907,9.440253179038612,imbalance
26049.88979770494,-2.436630067596729,0.9863474149540764,8.979108002538355,imbalance
26054.86627822697,2.043791226625952,2.3633594928450083,10.558732750293156,imbalance
26059.84303426335,1.875943819452856,-1.6860526825206186,10.55337295143288,imbalance
26064.80425053684,-1.0908568456606833,-1.7536332308824778,9.240014781795113,imbalance
26069.769870850945,-2.414036292141084,0.3718634372257941,9.024312885648506,imbalance
26074.732744080506,0.8733840536879763,3.406917098774839,10.396419447020689,imbalance
26079.7294060983,2.4034908824005514,-1.300561713287936,10.698414531804028,imbalance
26084.77271674309,-0.5683335919103185,-1.4941107052489069,9.794897305350348,imbalance
26089.77204048238,-2.487768991429134,-0.4612228297000259,9.028601622276398,imbalance
26094.82674948841,0.1420069676274349,2.9717271904015776,9.537156684189044,imbalance
26099.82938608916,2.5127312607966985,-0.9382999155070298,10.227594359942117,imbalance
26104.720847109973,-0.127293475152014,-1.8371626424546983,9.96204440714828,imbalance
26109.75260566377,-1.9610663542261804,-0.6807458883762867,8.908256973001933,imbalance
26114.813677048824,-1.1209153796367182,3.280857782124712,9.83213487562155,imbalance
26119.855424298526,2.691813976745327,-0.0360415703656117,10.338181076392765,imbalance
26124.839912263426,0.0220414087948983,-2.0864853160021464,10.039817997925256,imbalance
26129.913060910705,-1.5060503852793934,-1.292237858538249,9.125789598833368,imbalance
26134.89937542307,-1.4064468168470785,2.722222259147116,9.585242026783984,imbalance
26139.949244861848,2.874166800067334,0.9196584264827012,10.523281293868752,imbalance
26144.943066879627,0.620743223591076,-2.131178036706108,10.191579879635404,imbalance
26149.97228315105,-1.4377618049713097,-1.268438429454734,9.236275851701365,imbalance
26154.946873971832,-2.263913279676528,2.0544068668483977,9.334057466189742,imbalance
26160.09733309837,2.6273499179152733,1.3184571694377183,10.184811895617282,imbalance
26165.123868149687,0.9199355570845748,-1.709020477073677,10.315931398398876,imbalance
26170.122253209876,-1.2807030540496145,-1.362825149014562,8.909313940528145,imbalance
26175.141747575635,-2.5878304886965102,1.2222398386765774,9.133064184243093,imbalance
26180.088610644583,1.9802937322170908,2.5111032089395,10.09041343731186,imbalance
26185.065368650045,1.7423644848305782,-1.97385377953416,11.116822702449737,imbalance
26190.101872766165,-0.4314248115566363,-1.220132006274524,9.098146137105305,imbalance
26195.1166095738,-2.416789696111387,0.4006665254506825,9.025181059390144,imbalance
26200.102964980262,1.6970916547178876,2.877140205463673,10.256264300907242,imbalance
26205.08650922114,1.9363941337387571,-1.3294445430693218,10.627821108043346,imbalance
26210.133112000523,-0.6329529128089888,-1.883583815581166,9.271721498527617,imbalance
26215.17939127166,-2.577469532362583,-0.1076892994512619,8.901055093661151,imbalance
26220.159763805543,0.0350884551246375,3.07731355034689,10.07371662576025,imbalance
26225.208342752183,2.7074230415948897,-1.0044080797967374,10.356285069219878,imbalance
26230.2593305072,-0.483210534323737,-1.93423116191388,9.552373884950557,imbalance
26235.22916901376,-2.572263122382541,-0.5103527816979181,8.655324567706439,imbalance
26240.21337708628,-0.4369085759337446,2.7096224003305425,9.514752566147608,imbalance
26245.207940970977,2.712460442114831,-0.1488019329857297,10.723814148811018,imbalance
26250.14895163883,-0.2470191027479213,-1.6269090332280074,10.044662455425478,imbalance
26255.193594444616,-1.9762010178920035,-1.282296403969664,8.90340748446216,imbalance
26260.20489526778,-1.5816833871957514,2.9428385720415515,9.712181818186378,imbalance
26265.21997253672,3.094701523830985,0.682972064448912,10.809647655865025,imbalance
26270.23972979805,0.212766023178596,-1.968451391638333,10.130680300259494,imbalance
26275.235433975504,-1.7900793445473513,-1.226991335311688,9.08067235098506,imbalance
26280.251314393463,-2.1237591690543454,2.1018672645311978,9.411410736139358,imbalance
26285.27061638672,2.9412753252052406,1.6564383796899476,10.572686212369934,imbalance
26290.311237462432,0.4065379056527762,-2.0887027383894856,10.294795762333996,imbalance
26295.382349553514,-1.0646231531373274,-1.1432794383656313,9.217661842607027,imbalance
26300.29892408616,-2.553360997937168,1.5417033449724795,9.180845838579678,imbalance
26305.264261359087,2.0740679037188867,1.9899005466221371,10.216879307752144,imbalance
26310.28806026833,1.347786395528019,-2.0846222424595813,10.456527369227311,imbalance
26315.39339126081,-0.6510949187915847,-1.4348751443394892,9.435529327418273,imbalance
26320.48578137038,-2.95925740636226,0.620467950069425,9.022433779522924,imbalance
26325.44645898195,1.3320211883796578,2.7656980721640583,10.467946754856117,imbalance
26330.376825889103,1.9075206277512105,-1.699212106588093,10.637912122194557,imbalance
26335.381556925364,-0.5947073187960001,-1.535579699715332,9.684580703760393,imbalance
26340.345735490508,-2.590266054057807,0.2444598480624932,8.895445847185895,imbalance
26345.357499244503,0.6609784143605348,3.420379223046356,10.15814801669282,imbalance
26350.347908538173,2.4953595833372657,-1.0196577637054711,10.643363998599437,imbalance
26355.331734351388,-0.6005097296910917,-1.7340906895984185,9.74149906679464,imbalance
26360.37938110235,-2.0285848362731187,-0.3795800432114475,8.947742312662486,imbalance
26365.32582470229,-0.5466635134106531,3.0367109126497778,9.777447033497,imbalance
26370.415006924184,2.736079531354446,-0.7940237722617146,10.604487856682832,imbalance
26375.449780937663,-0.3393227201216462,-1.4912359347046698,9.899472546577762,imbalance
26380.36165000736,-1.9511221634700924,-0.9418039268694376,8.751133792657232,imbalance
26385.37044011194,-1.2033843506304716,2.7578106161150084,9.555381358748331,imbalance
26390.29003837115,2.9328468277746005,0.4552175464504105,10.718382867971885,imbalance
26395.2180293708,0.4152718385958223,-2.2750879572010807,10.57038303756641,imbalance
26400.19253949912,-1.547291659179266,-1.0411237573834498,9.02718561622707,imbalance
26405.241980730792,-2.1769711899602227,2.551923794025328,9.36419289120956,imbalance
26410.279691361786,2.579128996328189,1.4939245356017208,10.623031736164796,imbalance
26415.35116725938,0.888965493665101,-1.838433489559904,10.282465104861434,imbalance
26420.37655937315,-1.218277224170766,-1.3804652880174628,8.908077439773058,imbalance
26425.417980584523,-2.890592038730025,1.7760658924560202,9.169615787956603,imbalance
26430.488527214344,2.737092392326258,1.7471359889812774,10.476023946967164,imbalance
26435.448493393524,1.454074568933027,-1.8845340151299024,10.573444497312217,imbalance
26440.43483688401,-0.7498147029293531,-2.0673257914150707,9.095802399156414,imbalance
26445.43754665372,-2.5150885596552843,1.2423180934637053,9.24572848352341,imbalance
26450.33539096409,1.8518334090975128,2.699266474938084,10.357926724487283,imbalance
26455.311658147177,1.9389229342094143,-1.6986509635126132,10.633467281719902,imbalance
26460.326509780472,-0.7380917110581028,-1.56596411333989,9.61575843005432,imbalance
26465.312149543963,-2.7642424552393683,-0.163048275981554,8.805970639055575,imbalance
26470.313537290094,0.9901288787213972,3.0143375531165777,9.96279102522028,imbalance
26475.340212914907,2.45934173997929,-1.0998576732130292,10.911858587300308,imbalance
26480.30504613475,0.0123975931947178,-1.529371446088169,9.82943900364337,imbalance
26485.26493957668,-2.586576895109617,-0.4239425243881247,8.63643801245686,imbalance
26490.24303322043,-0.4820307138612373,2.968322855725693,9.656521763424356,imbalance
26495.30201030977,2.9036763860023864,-0.5992907232933231,10.512802072186853,imbalance
26500.313793107067,-0.0144640171899905,-1.932398402391228,10.184139236986496,imbalance
26505.319101544697,-1.9888146922533745,-1.104148803953703,9.123278709058138,imbalance
26510.257184500428,-1.0193855660352242,3.050867647468137,9.453404967102216,imbalance
26515.24506830568,3.197263266878872,0.4455815164233991,10.83759443028496,imbalance
26520.309173977537,0.2084183222654145,-1.8600949638887725,9.901651177549732,imbalance
26525.385423434986,-1.529199442015956,-1.2987044415131737,9.055218825402989,imbalance
26530.36275706702,-1.764373201430257,1.9151216859209603,9.350056953862095,imbalance
26535.372674202463,2.943290000169545,1.58281397010047,10.41540654625825,imbalance
26540.37931183974,0.7673471497102441,-1.9298399129880224,10.702323544885225,imbalance
26545.32541703837,-1.2781848051450442,-1.3994314186172248,8.868108247691504,imbalance
26550.24686650772,-2.126523183877912,1.4312467482818874,9.675303082482058,imbalance
26555.24125078697,2.4750004468798674,2.4934388345839618,10.37702539787334,imbalance
26560.2005107204,1.7232031278098343,-2.0376382385952354,10.515151700204765,imbalance
26565.26159753473,-1.063820708042852,-1.4601330702713002,9.574343148127795,imbalance
26570.230170975752,-2.165805584794975,0.8167975945695132,8.788249935586053,imbalance
26575.239325884348,1.5246181437117878,2.681995070940255,10.191058222866229,imbalance
26580.24878411596,1.5983546102389188,-1.7759234976130855,10.415066944891826,imbalance
26585.135066369647,-0.3379030281729243,-1.5470761911191873,9.773089155840712,imbalance
26590.2243405044,-2.680416737087772,-0.1165809932806265,9.058772691890717,imbalance
26595.157663419173,0.5458855734845746,3.234144981598776,9.940218889944967,imbalance
26600.21380988572,2.51395153366614,-1.0829764043512529,10.386111642984323,imbalance
26605.26136921856,-0.2759525339941161,-1.771002606569472,9.952697780986714,imbalance
26610.2422975303,-2.1511306614917025,-0.621468857363643,8.843171621792823,imbalance
26615.312503614245,-0.7801499213845992,2.82822919566008,9.99149444970766,imbalance
26620.299815394777,2.783698120925859,-0.806318463712962,11.146099120525005,imbalance
26625.327879447166,-0.349945804368775,-1.8455512165487449,10.08965903890527,imbalance
26630.33453587725,-1.9822595558656124,-1.1072887294913585,8.943692516099018,imbalance
26635.31550728669,-1.2248614868084244,2.758805309569188,9.574652803744298,imbalance
26640.339698747517,2.662227552020261,0.5904868788613742,10.625700665135058,imbalance
26645.29572407962,-0.0611346465131396,-1.9087330712256625,10.162131183289874,imbalance
26650.287030988773,-1.4010982012290991,-1.5255047519465543,8.873270621037754,imbalance
26655.286577217103,-1.8844013525976224,2.4207401569098903,9.516467306857978,imbalance
26660.25690904616,2.883806737547656,1.3388175982796406,10.861450814383923,imbalance
26665.3351160828,0.9426861979659272,-2.1556662501998463,10.022754408359258,imbalance
26670.3143427039,-1.1263011716492215,-1.2576581837960903,9.440420067088146,imbalance
26675.30433329717,-2.32860653425277,1.465064921016346,9.177766563289453,imbalance
26680.32674957724,2.204104661861969,2.2557032636749983,10.392680475722312,imbalance
26685.25102232717,1.4971799085804949,-2.0241884420968077,10.443780367503535,imbalance
26690.22309728593,-0.7560289793841475,-1.478278495069672,9.330588639239997,imbalance
26695.297565612404,-2.810470621905625,0.9156761710730834,8.847823261372607,imbalance
26700.24635879067,1.821570629559492,2.754757762264677,10.17863920246182,imbalance
26705.28853195397,1.9694842198390683,-1.587023238744092,10.617502012040314,imbalance
26710.246439876835,-0.7476786421216316,-1.5875926440451806,9.878441116164728,imbalance
26715.303588662835,-2.603507900231151,0.1076871131081681,9.188617954748198,imbalance
26720.286395775,0.7660638262973123,3.263900660196096,10.044156021678743,imbalance
26725.17388132848,2.5792160954923355,-1.054198199054368,10.766386142226944,imbalance
26730.16585725935,-0.2227907247162344,-1.602243920836333,9.913647600597024,imbalance
26735.21884314005,-2.5865569836212625,-0.5736795358577197,9.2248766571588,imbalance
26740.23233696152,-0.4118092782154363,3.2093529341973266,9.799439648819115,imbalance
26745.2796102637,2.988005753429525,-0.7616531773913354,10.629587928641756,imbalance
26750.238622906378,-0.2359224662802566,-2.0231393274618736,10.000998366818484,imbalance
26755.21864579569,-1.955312431222344,-1.104350766850078,9.358920334796997,imbalance
26760.1900684759,-1.2125265280109474,2.961555911697403,9.44511452048,imbalance
26765.17398011426,2.9513446884915915,0.6317060359120972,10.851130113996616,imbalance
26770.16170390453,0.5501182151581115,-2.112428913435205,10.177881417228736,imbalance
26775.161715835548,-1.7386763636316684,-1.035331153322387,9.108043708089486,imbalance
26780.11425167024,-2.312811985495004,1.98691953298531,9.537016974221595,imbalance
26785.116006895125,3.071726792485705,1.679107499528352,10.101058033844591,imbalance
26790.037096497308,1.292443856262075,-2.234378392305011,10.520205019596611,imbalance
26795.123041762337,-1.028550591483849,-1.2087290933458543,8.98256746910218,imbalance
26800.116260909224,-2.2213391085037104,1.3081223954395775,8.866228068237232,imbalance
26805.120528132637,2.470386048426916,2.666908639952939,10.20847319015363,imbalance
26810.040031603763,1.9163634038633892,-1.6585941913598314,10.51224007181331,imbalance
26815.10041749978,-0.4768563429199398,-1.3775754452782447,9.261027634364218,imbalance
26820.087192708168,-2.876218869024231,0.5425985835751543,8.98905463806858,imbalance
26825.009730878865,1.4181114383590858,3.1053383501845992,10.344990872320162,imbalance
26829.978469931262,2.537256395603696,-1.28789166763602,10.633900769037986,imbalance
26834.97796179465,-0.2259577130205188,-1.9105375514807916,9.663077456173625,imbalance
26840.021902963726,-2.2468551182291363,-0.4522344946331076,9.26540096002759,imbalance
26845.06232248952,0.1951491347611485,3.2219044885150088,10.071655078487332,imbalance
26850.054435099864,2.592756709190378,-0.9433884666441872,10.931160166808338,imbalance
26855.00393144637,-0.4958577408105619,-1.725289203755377,9.512276594029885,imbalance
26859.98278816542,-1.8859314735142847,-0.452478254429382,8.557863999819627,imbalance
26864.949002994385,-1.0483504998195623,3.181121260974756,9.500716678001382,imbalance
26869.84748319861,2.526392264054277,0.0583862502786005,10.623199048946116,imbalance
26874.835951882666,0.3603686261291575,-1.8056995160606315,9.768198010926554,imbalance
26879.819884787285,-1.7318614700040211,-0.7912008083728758,8.950209185475018,imbalance
26884.79746174699,-1.858191627339356,2.373730765423512,9.099267928004982,imbalance
26889.77442533283,2.8734485955992786,1.4570660711309944,10.874970733109675,imbalance
26894.793032771915,0.7043947208355542,-1.9418902832285967,10.450736267302844,imbalance
26899.80807908149,-1.7284123893314702,-1.4323171225046163,9.177241911422003,imbalance
26904.78293169963,-1.9005948006965503,1.4395742861354548,9.160368838185386,imbalance
26909.74333423616,2.532279036385596,1.862655302685855,10.312515087914418,imbalance
26914.77085238642,1.1473799662095003,-1.874157362959864,10.313836886332108,imbalance
26919.75130818253,-0.8261392803390409,-1.143357828630902,8.977389929686654,imbalance
26924.72926762509,-2.5512733583222684,0.8901928093340287,8.95064771967369,imbalance
26929.72328650945,1.714199032114789,2.5561478403773483,10.646330634865697,imbalance
26934.70056093833,1.984569253522648,-1.6556501001539876,11.012266744951663,imbalance
26939.817157843856,-0.9506131845859026,-1.8725435911327732,9.55321521587936,imbalance
26944.81408773098,-2.775940874654164,0.3986523505780209,9.226990713178443,imbalance
26949.806939203627,1.0769690607317444,3.064360452059067,10.154135128324814,imbalance
26954.87568945604,2.5291244698622646,-1.182743989311655,10.86577532439374,imbalance
26959.844955375105,-0.8515844735011889,-1.9040717116294683,9.609083172106342,imbalance
26964.7803255274,-2.4828672535520955,-0.1780405987568895,8.800167664217197,imbalance
26969.864233973512,-0.0169533316733033,2.9639604168731286,9.869886758531957,imbalance
26974.95802848444,2.7576544583177216,-1.170722381359232,10.666484497527314,imbalance
26979.970576057527,-0.1270066894504626,-2.1879673671272437,10.198520558053794,imbalance
26984.966596215967,-2.0674851951616557,-0.6365161396343513,8.892250786700084,imbalance
26990.029235881622,-0.4604992297017173,2.931491487971535,9.747440060436332,imbalance
26995.073248610694,2.543330483128352,-0.257672559101966,10.870980473009904,imbalance
27000.00162530047,0.0360690921137259,-1.9556195688436795,9.6422447604488,imbalance
27005.049062194717,-1.7944465802514773,-1.144355762387672,9.070925338744376,imbalance
27010.103725297275,-1.5131782724552034,2.6750490978788304,9.529067023485862,imbalance
27015.138774578547,2.9465810093567435,0.5126396983763655,10.895233876298596,imbalance
27020.191057093507,0.7719863460341525,-1.909808821535136,9.79248847199693,imbalance
27025.22094169029,-1.7633375069030588,-1.171554862604038,8.809588904243785,imbalance
27030.248120416047,-1.857373456755425,2.2905443639556973,9.371093526595336,imbalance
27035.240271616596,2.813559405044545,1.3887587887943655,10.445878832610928,imbalance
27040.226373616075,0.9568524754138942,-2.3861281973755566,10.334038246559937,imbalance
27045.22698343415,-1.2375924333657735,-1.3259349434735868,9.087195624720508,imbalance
27050.207210874752,-2.478989535390447,1.123268066776166,8.998699499777704,imbalance
27055.15275152792,2.113001649958165,1.9843140320905892,10.315431410689923,imbalance
27060.093006446004,1.6944079090849204,-2.268812179866448,10.36674849997608,imbalance
27064.957992654265,-0.7942742653509459,-1.462390529359496,9.109190788141426,imbalance
27069.88915403355,-2.531808585385808,0.0474016093628463,9.330917740176822,imbalance
27074.80895865255,0.5821897818409146,3.0578326735330443,10.098902312073356,imbalance
27079.7404806031,2.067192741373186,-1.2821849286896665,10.47188434083351,imbalance
27084.619019558257,-0.4124954148632817,-1.4136649642709989,9.59269558894441,imbalance
27089.62616923757,-2.687288077153223,-0.3648913392294167,9.018401796970355,imbalance
27094.63670191473,-0.5272981659819344,3.3523885836824974,10.24832642704076,imbalance
27099.63317085272,2.85708879325283,-0.1457979204913522,10.763587147151956,imbalance
27104.664550663165,0.1529178340316709,-1.6811647715249458,9.942604137453,imbalance
27109.74562105036,-2.462820116791664,-0.7724705883606653,8.916414632638924,imbalance
27114.712505019947,-0.8408690074222916,2.800587040579413,9.577419897036552,imbalance
27119.707971684296,2.9839227022225865,0.2424637489127298,10.75078456017438,imbalance
27124.63150370662,0.5332033004697977,-1.9632359261400536,9.887706003555168,imbalance
27129.641217038585,-1.2526817705847937,-1.2036861743817828,8.997951261950204,imbalance
27134.520560753863,-2.371875844651907,2.5511612037782703,9.162157882853815,imbalance
27139.49846967457,2.6133263373341173,1.4270369481115863,10.733139661836798,imbalance
27144.47110603173,0.834022361792369,-2.042219136107913,10.417487838163636,imbalance
27149.48876214253,-1.1924920977796347,-1.5179714190899405,8.992662552533455,imbalance
27154.47399839281,-2.7327645754224403,1.5534379990564418,9.230206418451008,imbalance
27159.49665710717,2.330775568574497,2.007841189731,10.23127055460607,imbalance
27164.53758307604,1.417592214237144,-2.2003802719488217,10.568375427123549,imbalance
27169.521506127017,-0.6929044495808738,-1.4823926841828774,9.620978511003026,imbalance
27174.52947342997,-2.565390887613772,0.9660552244227718,9.057407555647314,imbalance
27179.50354632568,1.725584360934726,2.885096235618527,10.086369033715746,imbalance
27184.49525194316,1.568659259546167,-1.5702092283872595,10.853302656474556,imbalance
27189.540444087543,-0.3400762201758678,-1.6129951417849362,9.407263777151348,imbalance
27194.533079363257,-2.6717053570291327,0.0019638065198901,8.682482574647107,imbalance
27199.561283251893,0.7106826117333662,2.9233079929294594,10.120948762664836,imbalance
27204.53081246045,2.4132367563687187,-1.3801460675651531,10.85484433401629,imbalance
27209.52243616367,-0.5873242850937835,-1.4180970411776193,9.73236193990632,imbalance
27214.48753578419,-2.6730037763885166,-0.2934907531097532,8.792394816718407,imbalance
27219.48911146386,-0.3852096673292537,2.926532055441988,9.862945762001058,imbalance
27224.47040799903,2.939352300711926,-0.2771850997397775,10.383385291424156,imbalance
27229.48339396073,0.2053620973850528,-1.952878634335518,9.924183244678238,imbalance
27234.454414128693,-1.791674711167582,-0.9695100074940948,8.688540608752614,imbalance
27239.50969791721,-1.0197021977800187,2.774377772845716,9.356683873897005,imbalance
27244.60694290723,2.9037200293490386,0.0283571840070908,10.569834952381688,imbalance
27249.534035637236,0.3598703480654533,-2.4225629051124637,9.953958248142056,imbalance
27254.47550758436,-1.3679543817908255,-1.2862584741022056,8.63827621504941,imbalance
27259.474666576312,-2.0554630576390136,2.373903360202021,9.16425160650024,imbalance
27264.41582974575,2.8942359201025254,1.4472160419112796,10.7634293894002,imbalance
27269.360923062028,0.9285369654771748,-2.115275198032887,10.62247817848634,imbalance
27274.311417256584,-1.3336955630217444,-1.4204046054873778,8.928106625434905,imbalance
27279.30970231138,-2.5139206987276004,1.671150172520898,8.918407127949344,imbalance
27284.27452948098,2.278878059228665,2.103298405962408,10.511592477678036,imbalance
27289.328149128916,1.1987144133977667,-1.8749314775851205,10.624048258788216,imbalance
27294.234388569865,-0.9610140363542932,-1.7310048516216796,9.614997116043575,imbalance
27299.16495659652,-2.6210807695914826,0.8220241108410872,8.682314049505525,imbalance
27304.179407236206,1.0356717288811053,3.1875950674920426,9.880417867407251,imbalance
27309.10569828627,2.3000368184619777,-1.6042545625739946,10.397875449701688,imbalance
27314.08072190121,-0.9103137152248414,-1.5060958339020971,9.837434184927403,imbalance
27319.11153709809,-2.5108440977935724,-0.3382374753349714,8.948222634025834,imbalance
27324.02654071425,0.2366638300925183,3.11799579530282,9.934306311503228,imbalance
27328.97804587446,2.4939235205186145,-0.7335509543024494,10.569313546736858,imbalance
27333.91160371989,0.0679131924922018,-1.6973614582786811,9.953928850316652,imbalance
27338.959804152302,-1.920496444555725,-1.1480341660885762,8.65592979510485,imbalance
27343.95215643084,-1.063278777035885,3.19534334895234,9.592421115150136,imbalance
27348.99214168374,2.503269653596609,0.3118488540331776,10.948793069489682,imbalance
27354.007166358348,0.1922933822791149,-2.2057005018734133,10.08966020172861,imbalance
27358.97562855906,-1.7787902705505667,-1.1952224707024677,9.145644324131595,imbalance
27364.09057005353,-1.849214814374756,2.6006433847814043,9.61501883504776,imbalance
27369.118767163516,2.979475419782705,0.8657694349766061,10.473860193531692,imbalance
27374.097924224458,0.717424258457661,-1.6587067008219205,9.86807589581768,imbalance
27379.095504933583,-1.8459283545481049,-1.1683707201449385,8.886821599901154,imbalance
27384.103122723645,-2.531508623072956,1.9115257980352187,8.930709488371036,imbalance
27388.99563023741,2.708538247425064,1.9318273636352563,10.607458615521178,imbalance
27393.96534243389,1.3005540208138378,-2.034205701741648,10.319170549679304,imbalance
27398.960426542744,-0.8025696971740581,-1.3476535201185422,9.18352795381857,imbalance
27403.933098936843,-2.7874949087608387,1.3244700150320474,9.234092434410696,imbalance
27408.88089664515,1.4349226809052298,2.6326809696033173,10.20386023222036,imbalance
27413.87534297588,2.045324664810664,-1.7689254946111448,10.633614093709138,imbalance
27418.88711410795,-0.701687518701239,-1.6183232239093313,9.471529415668211,imbalance
27423.901125154254,-2.494143026688997,0.4552673463534815,8.862504395916584,imbalance
27428.98808544766,1.461702079012015,3.1159488037232577,10.135621168616092,imbalance
27434.027617478296,2.2556565631125376,-1.366970887062602,10.809037490431871,imbalance
27439.04485478537,-0.4970728141362178,-1.9200288547318705,9.708800233782387,imbalance
27443.98415945898,-2.2337031281672037,-0.0789407862632342,8.625239029167066,imbalance
27449.056326470385,0.0884466125019625,3.2398426742666757,10.013378770344405,imbalance
27453.98322001731,2.865635756982784,-0.3851353307389997,10.358770806395334,imbalance
27458.926191257146,-0.113961987075779,-2.007751584465886,9.963762368686526,imbalance
27463.958235137805,-1.8895692833051527,-0.83301509341481,8.968679723352267,imbalance
27469.05449588437,-0.8926157916403774,2.641358307100096,9.665519097519278,imbalance
27474.065953440317,3.2998084146304665,-0.1663142250053049,10.894888950058316,imbalance
27479.01627971063,0.3131858274676823,-2.122428137948058,9.890264076706314,imbalance
27484.041944078257,-1.6621818466736076,-0.8586005871571232,8.608180657817677,imbalance
27489.01414274708,-1.932181475831084,2.4411762426815296,9.198098009380612,imbalance
27494.03995933936,2.961047554179173,1.4467712257876932,10.64673444174548,imbalance
27499.02269176102,0.5114620127893137,-2.4070934999800104,10.29862865751122,imbalance
27504.019021445987,-1.2839699786412335,-1.2355505204634278,9.17705568413754,imbalance
27508.99495322842,-2.410018143910078,1.7988011592955702,9.074597668998257,imbalance
27513.945381557296,2.525835505645983,1.7341661090981335,10.935636109547069,imbalance
27518.89056070774,1.6961478077797507,-2.155184789507149,10.30548917377356,imbalance
27523.832003638763,-0.7322528575662711,-1.3475450730515717,9.207155294166256,imbalance
27528.7801232823,-2.8196938036076458,0.8749601747567026,9.05191828714698,imbalance
27533.761120135096,1.8991744449135783,2.737973545008092,10.064849494233068,imbalance
27538.7948532317,1.904415837078542,-1.704000732160002,10.38976221152904,imbalance
27543.7804487368,-0.7015185025215815,-1.819429760318552,9.346854699168166,imbalance
27548.848126797348,-2.5734321989897797,0.1598093666021345,8.845735708594505,imbalance
27553.894127493397,1.0795067091590642,3.033815008910916,10.123294421170206,imbalance
27558.883564485724,2.4495029568641726,-1.3565281651400003,10.2240798038707,imbalance
27563.95275822302,-0.6143312907648507,-1.8432967921266137,9.677399696167331,imbalance
27568.92903341588,-2.216156456812892,-0.4596734870708766,8.760537327303703,imbalance
27573.937128096317,0.106176444401936,2.772956294176772,10.188137761621636,imbalance
27578.953606267914,2.681702471899714,-0.750582857907118,10.446653041744208,imbalance
27583.89456339378,0.1517782567012424,-1.641498207022968,9.937094232671887,imbalance
27588.76776078141,-2.2651521475307765,-1.0949937823645532,8.948103903616124,imbalance
27593.72392578099,-0.8979200111741716,2.9491164164765835,9.784131027561603,imbalance
27598.81735734499,3.024328153628983,0.2746214332181619,10.840247993509468,imbalance
27603.77009183781,0.3377003899372409,-2.1566971982137373,9.785033779292634,imbalance
27608.77894336076,-1.715344517314712,-1.271205395433323,8.911764404622707,imbalance
27613.82377434276,-1.6277759976152355,2.448524554449381,9.2929089592122,imbalance
27618.74658247268,2.8017528254574504,1.1995938757423257,10.555014316639657,imbalance
27623.61746312184,0.8595549509250959,-2.413179342002594,10.29521138528627,imbalance
27628.64371531949,-1.029210263300658,-1.358073041740809,9.099802815136613,imbalance
27633.693710909854,-2.301367041928082,1.366531504281882,9.178283935949302,imbalance
27638.63457656793,2.6085138621814923,2.042583617813772,10.25883178119333,imbalance
27643.570158730698,1.3647031112842547,-2.062907053708908,10.583076525419877,imbalance
27648.580000022477,-0.9321302688030668,-1.2003269913601518,9.407522345368548,imbalance
27653.56156331153,-2.439318534443372,0.9023886748596224,8.92060819184064,imbalance
27658.527420871524,1.4795823160154795,2.921124560464812,10.546165300956911,imbalance
27663.468709486413,1.642677901368112,-1.555296132755133,10.644292319759142,imbalance
27668.50982222357,-0.7376837999124322,-1.7549054059987792,9.612512733029414,imbalance
27673.55600491093,-2.617201293329936,0.3143084972646334,9.093674688673108,imbalance
27678.549868695387,0.3849455096870332,2.9956080929980136,9.725150842998223,imbalance
27683.49853449323,2.536381872101191,-1.0399571599711024,10.409020975247238,imbalance
27688.401820619783,-0.5576493501759752,-1.969115003948723,9.980979493658868,imbalance
27693.37958716592,-2.1486712972546806,-0.8229110606027306,8.922257477073103,imbalance
27698.384017152723,-0.5625120932650924,3.4175987954321343,9.63939634911215,imbalance
27703.362032622765,2.696878133290362,0.1266245243004237,10.774067309462255,imbalance
27708.366233168214,-0.0088274763862805,-1.7874111412605345,9.859110575271416,imbalance
27713.39729859306,-2.2416886993118843,-1.1870717944326918,9.209398838172316,imbalance
27718.32349300993,-1.3494260800382325,2.6249979946351885,9.11229535346394,imbalance
27723.333627327243,2.7678708838651933,0.7226852043664848,10.613930263138258,imbalance
27728.239102741056,0.3049677551131196,-2.314106355956914,10.218164338123374,imbalance
27733.259654110883,-1.6049190701953049,-1.281630887015778,9.330998257880928,imbalance
27738.274834145344,-2.1125778098229344,1.516329642452179,9.407853583500833,imbalance
27743.358113523354,2.532649795959254,1.6278263558436423,10.329801270038487,imbalance
27748.299483022944,0.7696330251274575,-1.920996883654254,10.473973399722206,imbalance
27753.306694927214,-0.8356959022949607,-1.555158207464562,9.310840510134412,imbalance
27758.28491121788,-2.587436364272856,0.8641978505040491,9.102413119457204,imbalance
27763.383476843846,1.849919272259778,2.022264084749503,10.032890202202845,imbalance
27768.37391546753,1.7455619820093298,-2.078421742200211,10.406196333563551,imbalance
27773.45124022043,-1.1195027382084612,-1.716338027089715,9.294242413472936,imbalance
27778.457817849667,-2.589592260849484,0.8054840133165485,9.126788848045631,imbalance
27783.47506371096,1.3369792827076556,3.003558635389028,10.262471521678703,imbalance
27788.510860606308,1.6857050106509968,-1.216087561591496,10.889825920868248,imbalance
27793.546788704585,-0.3314157430453979,-2.024295267492388,9.878923153768593,imbalance
27798.550600541377,-2.724917617540485,-0.2590092187559153,8.602852275585246,imbalance
27803.487397349225,0.0265023180089594,3.1749088257176594,9.905709853619244,imbalance
27808.45195338346,2.251660749389781,-1.000910725928282,11.083459567901164,imbalance
27813.51320673226,-0.5678522138729585,-1.8533730542698907,9.882330206285992,imbalance
27818.498420859403,-2.197732768674644,-0.3891672953438296,9.0381437457402,imbalance
27823.446098706358,-0.3912810639408494,3.3011031036867027,9.642056279086937,imbalance
27828.402177300435,2.7299736392350016,-0.1391275308750659,10.615480255281676,imbalance
27833.282816483326,0.2311578324333885,-2.1975026075026243,9.73124560091839,imbalance
27838.36887444637,-1.851137120767311,-1.2117552926659363,8.948112693766468,imbalance
27843.44079893305,-1.4157858835129864,2.7414699471247967,9.512844237192766,imbalance
27848.47602872456,3.09505715871836,0.604072824271666,10.727474187495249,imbalance
27853.48394235768,0.3321951231711721,-1.9334739350163328,10.094452422387842,imbalance
27858.527338133357,-1.5551945732533323,-1.240277772350194,9.070537351773238,imbalance
27863.54494141835,-2.580879065334208,2.023119174491149,9.155214639922534,imbalance
27868.45277988255,2.969242628603234,1.3827475520399677,10.816815133417585,imbalance
27873.483936366647,0.588086247202467,-2.2715590645320667,10.393399959876668,imbalance
27878.44209450981,-1.3107518963479294,-1.0903560572810855,9.133058607792844,imbalance
27883.549895685264,-2.479511510552738,1.7339719687369894,8.970360662281758,imbalance
27888.55896952081,2.074472362363385,2.356804426997555,10.294568580555795,imbalance
27893.613042115336,1.781700745308273,-2.038730725479565,10.356691045187166,imbalance
27898.59818561946,-0.7075675615650799,-1.6252879264215103,8.925751820576869,imbalance
27903.58097739399,-2.7902881835331383,0.8643569174780809,8.78742913762529,imbalance
27908.53733375252,1.4898980429113218,2.419934954846384,10.000005657999653,imbalance
27913.57344780781,2.356423612691944,-1.9594326224310672,10.626841675604544,imbalance
27918.63722169402,-0.6041564830432227,-1.6241302341419708,9.566288257338456,imbalance
27923.743074806334,-2.08163917830056,0.3992891469997214,9.198264014786812,imbalance
27928.742882719725,0.3767262274719156,3.357996259381219,10.400601796517511,imbalance
27933.77836167869,2.4530900791422114,-1.4201435000712324,10.856364105929847,imbalance
27938.88460409976,-0.5561485746110585,-2.0878442895228626,9.61385266691585,imbalance
27943.86660507712,-2.3782227360753367,-0.3448498417910408,8.782804375493198,imbalance
27948.935844941007,0.0667740748469769,2.7171717780430744,9.841211441109834,imbalance
27953.88210723572,2.61149186845647,-0.8205285913254317,10.484871299847562,imbalance
27958.90717246166,-0.6101316006367004,-1.785354333429075,9.819101416440448,imbalance
27963.981331465093,-2.33640305290301,-0.8655401603196462,8.698118362145165,imbalance
27969.071846987757,-0.8881588326242902,3.3689408433337125,9.621045586233516,imbalance
27974.16034820349,2.842695524526174,-0.3115122422210027,10.68013086364724,imbalance
27979.12979562633,0.0880846037181417,-1.8646583381496644,10.003187451953982,imbalance
27984.15184531251,-2.156015531792474,-1.159829467191158,9.174354662234265,imbalance
27989.16899560235,-1.5706884971312836,2.4158906074615536,9.463412047678522,imbalance
27994.18494703651,2.9339427435123757,1.1142032940419244,10.177574721851624,imbalance
27999.18895170102,0.284874524230374,-2.31866851718196,10.142548292858528,imbalance
28004.132642121647,-1.2117419672938965,-1.0698432548735848,9.299886583141523,imbalance
28009.120463832096,-2.2405748354900874,1.818862649387508,9.171014332430396,imbalance
28014.078245575503,2.541757770356059,1.58572526217743,10.620310711401656,imbalance
28019.09332804929,1.074590055018713,-1.7496752435602831,10.299124328207544,imbalance
28024.098677381025,-0.989625000544679,-1.4651013204466206,9.33478277983749,imbalance
28029.180194729284,-2.5435289736387365,1.6837182768476844,8.985517106722657,imbalance
28034.205369503423,1.7837912145128678,2.51661746662412,10.51742666095402,imbalance
28039.115420700848,1.975238354503261,-1.8561205799185636,10.71533959960579,imbalance
28044.107395492192,-0.6689534679419772,-2.114726341579783,9.932952678363748,imbalance
28049.16564224675,-2.4037517013286926,0.7026752684228771,9.26828928192603,imbalance
28054.221260495684,1.0689780792805572,3.0526239452681017,10.31399709327774,imbalance
28059.12431206323,2.314246672147018,-1.737672300449794,10.575677601140343,imbalance
28064.151562198906,-0.5918806549632512,-1.5613312728859832,9.638386182955028,imbalance
28069.185292572387,-2.3805630657756875,-0.2127116022433827,8.830539191142437,imbalance
28074.18957336077,0.2483242979771409,3.349411106174065,9.969645151881794,imbalance
28079.24511376609,2.626401740567946,-0.8213188501397369,10.37891248794029,imbalance
28084.230713379347,-0.4307694576441612,-2.0213667621733937,9.866220443546176,imbalance
28089.234748032075,-1.9838307566873008,-0.610561878082113,8.445044534314274,imbalance
28094.14975077639,-0.6174724626052586,3.050900025147497,9.726812698515827,imbalance
28099.068805057635,2.900536267313967,-0.2658823325549937,10.644410330382025,imbalance
28104.084795519266,-0.003643722383589,-1.8757818033203275,10.11857389123452,imbalance
28109.08027393011,-1.9328387758735597,-1.2139759275229645,9.105700938743576,imbalance
28114.094526204037,-1.5870042291821511,2.2993611096635465,9.516791375645482,imbalance
28119.04510790068,2.863133604317736,0.6997907942027703,10.488776401269556,imbalance
28124.11978529308,0.6377779302002902,-2.0326475002459965,10.225983838074235,imbalance
28129.08607067581,-1.4299680889158854,-1.7246811513393607,9.19272603467725,imbalance
28134.041891885776,-1.902555101382985,1.9808852007283149,9.249092259442325,imbalance
28138.98067414636,2.622294403581773,1.4800960585856122,9.873484274882458,imbalance
28144.019206473837,1.2892927933584355,-1.7235088339694404,10.402962230679355,imbalance
28148.994729008715,-0.8233768373092445,-1.3932284090367448,9.211027838803972,imbalance
28153.96823833288,-2.7352176519820914,1.0692528763998987,8.861959285607918,imbalance
28159.025509741816,1.81025671295986,2.1138608994119834,10.332066541351358,imbalance
28163.98680186361,1.72917218067624,-2.0616674399827057,10.832099423841887,imbalance
28168.973815630347,-0.7303878998878038,-1.4391716046897112,9.490879180863322,imbalance
28174.07669564373,-2.781953209311529,0.7189273533233067,9.01929626339357,imbalance
28179.09829762487,0.8314556677048471,3.2814007591160848,10.285129426673947,imbalance
28184.06127171074,2.2808302519365395,-1.4868284530599385,10.80325308366713,imbalance
28188.989430333742,-0.1663476729769206,-1.620217078730012,9.624624030580684,imbalance
28193.98478156613,-2.2739036362858225,-0.4246976306838053,9.055371705508184,imbalance
28198.95215682193,0.0105102751044358,3.1140346798346403,9.71459178168603,imbalance
28204.00385980459,2.635079437231137,-0.5111304744334018,10.57176160591423,imbalance
28208.994509932018,0.0417151950147531,-1.5561881526798698,9.953160736481331,imbalance
28213.9763218248,-2.044900301225861,-1.1387841823207414,9.046563980032582,imbalance
28219.02299387572,-0.5318859376295137,3.1464220714809548,9.590353173497425,imbalance
28223.984941852057,2.8138492618442275,0.2750789972920946,10.571060746339908,imbalance
28229.06442603228,0.3545592503739011,-2.0817458968161344,10.123522360849698,imbalance
28233.990303502684,-2.132039840313693,-0.8723415209857841,9.135365240571067,imbalance
28239.005805177032,-1.5318436083950235,2.5269681548638974,9.23388091724246,imbalance
28243.950415693394,2.947367527308514,1.3677982462427305,10.778624595098306,imbalance
28248.97181371573,0.5003520451374384,-2.201468100658722,10.350384814644883,imbalance
28253.974695411795,-1.220772459287197,-1.4949077028345985,9.181380157728954,imbalance
28258.98503053597,-1.9843914386839208,1.9521870092781892,9.492255371558516,imbalance
28264.09452650492,2.5981001638241024,2.0225640623298053,10.389481889857384,imbalance
28269.06915895368,1.211428715201656,-1.9151181973192248,10.427115540519338,imbalance
28274.0340596216,-0.7037067800501037,-2.032678009976175,9.536717272822507,imbalance
28279.02704230047,-2.53940688843344,0.9944444009266616,8.978722997240668,imbalance
28284.07000872417,1.561675524509856,2.3284210565717283,10.857592656300255,imbalance
28289.07625432785,1.669912089858253,-1.936892793705448,10.786281863711393,imbalance
28294.059232092077,-0.4163709018946013,-1.7519698965696566,9.37684086768943,imbalance
28299.07424020865,-2.5216904201123262,0.6202819139218565,9.262111589111372,imbalance
28304.00772982736,1.059506575030046,3.354694157651333,10.39366597381382,imbalance
28308.968257614444,2.4109954370810893,-1.244293047136058,10.389800022106368,imbalance
28313.91201817966,-0.5937061394622017,-1.81595879620065,9.625006121362224,imbalance
28318.918351033928,-2.2001321216467784,-0.7905395967095712,8.704066994019225,imbalance
28323.990051568617,-0.0713046308215355,3.120503704410543,10.023109733051236,imbalance
28329.01760011241,2.847931752522123,-0.7047673927139098,10.900770992401064,imbalance
28334.085369586304,-0.4704294246263347,-1.7988747301773012,9.963586058323012,imbalance
28339.132872157177,-2.064232902097367,-0.772469054066216,8.723011121900184,imbalance
28344.130312918674,-0.8290524471872766,3.251460298240088,9.351170555406467,imbalance
28349.147441231256,2.885841818008048,-0.2768933774530544,10.57899807487718,imbalance
28354.077392399675,0.1938351148240936,-1.6050324684236448,10.092989034390753,imbalance
28359.18695345579,-1.8499916997878263,-1.177495009068842,9.029765449907766,imbalance
28364.22035120145,-1.1524043237909332,2.706460705214648,9.528105837441048,imbalance
28369.248369604906,2.7048960602872567,0.8505206144519586,10.837988086010611,imbalance
28374.23644366924,0.5894187865220721,-2.362343815719804,10.198208168841605,imbalance
28379.22714141803,-1.539975255123759,-1.0042797316318928,9.08171771295194,imbalance
28384.21419378421,-1.7661503045420033,2.3821139825525237,9.482949711524284,imbalance
28389.339186782978,2.7884306793581675,1.5753362198952945,10.792291897825066,imbalance
28394.420692833915,1.138046721089384,-1.781905407641288,10.22574426349058,imbalance
28399.503567024298,-1.2348486008023951,-1.516479619466666,9.553369810975104,imbalance
28404.513781524307,-2.539170521397413,1.5546738598947898,8.926447107538182,imbalance
28409.562096416168,2.332308928217778,2.102067389282426,10.567298692372264,imbalance
28414.59828533558,1.4601301081524531,-2.4543908743468097,10.73489064883944,imbalance
28419.599870464524,-1.0558700498334856,-1.3799296308009996,9.44585893456864,imbalance
28424.59113854942,-2.373717329516894,1.0222548906144913,9.053284732564473,imbalance
28429.63378788595,1.7807710670721015,2.564468455207183,10.41323450913536,imbalance
28434.603562049884,2.0515318729781216,-1.7217058832095953,10.649649724134878,imbalance
28439.648312355013,-0.480683261711758,-1.9771132257781836,9.037867358713536,imbalance
28444.65422643992,-2.636038179911261,0.2432876004175882,8.946777901647296,imbalance
28449.606989564643,0.910925993890326,3.395837822413486,10.18004682753732,imbalance
28454.498046721583,2.8503378694237944,-1.0729608799484072,10.75988613777884,imbalance
28459.543315630035,-0.3796902421897543,-2.079260949053112,9.5319691709692,imbalance
28464.55561783481,-2.1412549285800595,-0.4249249596504813,8.95885087594615,imbalance
28469.614343169083,-0.1747697558167723,3.289028754847124,9.978880178962957,imbalance
28474.592059094142,2.927258884297322,-0.7010421569039362,10.94081669171874,imbalance
28479.5797985968,0.0757262110108279,-2.1150802843078456,10.030194186641394,imbalance
28484.51932496468,-1.859870481575824,-0.8719277638232472,8.667160038796883,imbalance
28489.5948060784,-1.2697440356269682,2.765763260739976,9.589460445617323,imbalance
28494.562090460444,3.216737937866694,0.3057382076560888,10.594203361893944,imbalance
28499.563340297824,0.3435308703122454,-1.882137656012368,9.976568860667202,imbalance
28504.61268370731,-1.2704327590619942,-1.510223083696447,9.113576622367404,imbalance
28509.65580421321,-1.889661424665358,2.7875751826044857,9.705777189284914,imbalance
28514.755409658675,2.6858044039937705,1.104801543210655,10.641223061408445,imbalance
28519.76841514995,0.4636516608413081,-1.3790521637800124,10.218466519679216,imbalance
28524.77009784247,-1.3797756666513634,-1.1101258645680692,8.997777733328,imbalance
28529.675469808917,-2.26735374789293,1.3502308535004466,9.3372488748602,imbalance
28534.691097067247,2.4203708482055646,1.9858212219620144,10.667808587201309,imbalance
28539.70755241137,1.0215077194365414,-2.439801981256204,10.548044356938956,imbalance
28544.760496946437,-1.241493908627347,-1.676318644139889,8.891879936388596,imbalance
28549.77489973605,-2.113189157526973,0.8925214138378051,9.33752410985114,imbalance
28554.720712935952,1.9039917735433776,2.5038241033965223,10.27756422589134,imbalance
28559.709121510503,1.9559184583279257,-2.0498868576103773,10.651053701267946,imbalance
28564.786391320384,-0.6122180215301332,-1.9503905288038677,9.336155941912107,imbalance
28569.87076630853,-2.8027487611157635,0.2703586357411751,8.907831356557537,imbalance
28574.879831287974,0.7952104244608498,2.864574917135475,9.885139514764296,imbalance
28579.969013487,2.135053650985828,-1.4434435545501405,10.365201898579796,imbalance
28585.022664620294,-0.6718837171190091,-1.6925117758028854,9.686643111047378,imbalance
28590.022443547616,-2.827430733797617,0.0290042337710741,8.807196302680206,imbalance
28595.02203566726,0.2661233253305585,3.103081994589421,10.180200028343265,imbalance
28600.15132059883,2.534169192692773,-1.210912199187412,10.540370743454137,imbalance
28605.1393339504,-0.4952461583285498,-1.6930898594792712,9.7459941299391,imbalance
28610.17437336091,-2.038802116820192,-0.6713896171828072,9.354829653883918,imbalance
28615.181670716796,-0.5255606212171775,2.917158010862609,10.06429055191609,imbalance
28620.216328255065,3.266513989097155,-0.4293180504101637,10.732700902188268,imbalance
28625.201982136823,0.0345190306539348,-1.5484987831827903,10.004881201172308,imbalance
28630.151736274875,-2.011911069734742,-1.3588391469172922,8.712644255468287,imbalance
28635.1442192875,-1.6000934688285382,2.8762120948719048,9.722727908101424,imbalance
28640.19770832558,3.0101097788230367,0.9830220008002564,10.786824420493508,imbalance
28645.220742185047,0.1606502974580685,-1.518529977293909,10.074230774166043,imbalance
28650.23652216443,-1.6619834412513448,-1.0761742614214092,9.105341757684675,imbalance
28655.23213053221,-2.067188989388397,2.483673053207432,9.29818969094976,imbalance
28660.17923079108,2.8608044088557456,1.848800106157408,10.441326250957577,imbalance
28665.21516613693,1.0074158792939465,-1.9288573875391528,10.781741347025978,imbalance
28670.24916761533,-1.0600024708378717,-1.551905356282212,9.20586162572228,imbalance
28675.26157663932,-2.5509373149290875,1.2834289150055531,9.310078597185324,imbalance
28680.20797710305,1.9347996978872304,2.3956145287723207,10.884511630890392,imbalance
28685.173961806748,1.3194352983407631,-2.2122669745402974,10.369788914115768,imbalance
28690.17482721864,-0.82436079643984,-1.8187618342727607,9.538674647677563,imbalance
28695.1325653054,-2.765599334917209,0.7024157430926056,9.038130980895112,imbalance
28700.15497100208,1.3888352894372638,2.747318908595331,10.235302177785082,imbalance
28705.19377083165,1.851040210535448,-1.6866152086057893,10.58029975649808,imbalance
28710.301609876264,-0.6510890814693082,-1.5453216702465356,9.759189860606549,imbalance
28715.375003006386,-2.857526824196591,0.2932052971888955,9.169889572869565,imbalance
28720.39651944201,0.6079285928409602,3.1128329558679644,10.002980438668535,imbalance
28725.443527017167,2.4893850263070583,-1.680657790274657,10.808136152549825,imbalance
28730.50123031301,-0.1704935512207124,-1.689827048427145,9.66940490359076,imbalance
28735.447329288723,-2.320732828310559,-0.6688616755320582,9.191068182850852,imbalance
28740.41713759246,-0.2700736493038883,3.345762234844856,9.872088978597208,imbalance
28745.509259606155,2.911585541261777,-0.7625402811533943,10.605211823612365,imbalance
28750.511691604992,-0.2628396007988325,-2.0490327239722776,10.357314881151757,imbalance
28755.580824125984,-2.0203120403741077,-1.2283334521273332,8.843251598195073,imbalance
28760.52554813689,-1.1055433912777093,3.217848318117246,9.278489265118347,imbalance
28765.560692086456,2.9023229671374136,0.1567666085064069,10.748481304482656,imbalance
28770.442256596438,0.3045613446719266,-1.996711552707965,10.440571668778915,imbalance
28775.49233367352,-1.6212081116923185,-1.0431933871583392,8.798027662448876,imbalance
28780.52289995833,-1.784041888115815,2.591840154747896,9.154611485619656,imbalance
28785.51808651404,3.1767501026373246,1.4829275982332863,10.736213865873392,imbalance
28790.555491220253,0.8712832441344344,-1.8762458947356595,10.249554948181183,imbalance
28795.630885726798,-1.7748818122469965,-1.0204627836848736,9.154456528967,imbalance
28800.62247414332,-2.264045994455513,1.525580528569947,9.405313558908048,imbalance
28805.61816587881,2.5722466566973337,1.754640647249556,10.362278939869428,imbalance
28810.51792889461,1.369088696722719,-2.451501182279588,10.5326402774598,imbalance
28815.508569037836,-0.9423242011384384,-1.3931888615381656,9.265340616080294,imbalance
28820.44531446676,-2.3522380044464093,0.7196397483508152,9.068121440657729,imbalance
28825.54440984633,1.8751994515254824,2.837415024772146,10.189732472337427,imbalance
28830.47386489798,1.6978303589128214,-1.6255288432367738,10.678478620612724,imbalance
28835.47735389497,-0.5970264613685858,-1.6049513357559937,9.378918739356523,imbalance
28840.44921278845,-2.292801623814061,-0.16108894470494,8.633341408630674,imbalance
28845.450315848982,0.8339462875135389,3.3418535287066744,10.05558729615108,imbalance
28850.43692886632,1.9557530942747965,-0.832788876146431,10.835445066095438,imbalance
28855.55668251351,-0.4684854338116933,-1.8934405034551165,9.69202688124542,imbalance
28860.636665790524,-2.214199089984716,-0.2491565946515407,8.823856197858293,imbalance
28865.62291409229,0.1661684840662536,3.48690938665516,9.529864364916277,imbalance
28870.58218993215,2.8761015970826125,-0.8161475904454546,10.61594741752734,imbalance
28875.532667729374,-0.4966112867291954,-2.210779218232929,9.644228777010875,imbalance
28880.532622521267,-2.247246832606057,-1.153347174675898,9.236288350222752,imbalance
28885.516700060634,-0.9529101895076156,2.6731597661221294,9.81162840819958,imbalance
28890.609805904383,2.9197259058234604,0.0819920752647948,10.759861407386737,imbalance
28895.638863351363,0.6844221640505502,-2.3197487009304827,10.303283289510528,imbalance
28900.72051938469,-1.7139232942033156,-1.0586518247017656,8.933890126393488,imbalance
28905.732828513497,-1.6813704565450187,2.4661582073905444,9.353728361997902,imbalance
28910.6452016559,2.333394503416551,1.0447547877637773,10.480171113837072,imbalance
28915.627623927805,0.7349178515834393,-2.209611472626833,10.11176726054675,imbalance
28920.54428859874,-1.2710571092498308,-1.477769378940205,9.09976178520408,imbalance
28925.582089782278,-2.4064778636245383,1.6980423532660256,9.383272518612726,imbalance
28930.60250112729,2.407782190347293,1.7489221026302535,10.0573266078695,imbalance
28935.602360570632,1.347132854571074,-1.9610933769888803,10.61473701878094,imbalance
28940.51735493692,-1.0934924795926924,-1.6128481955299536,9.23207262790902,imbalance
28945.50767992065,-2.765332925298912,0.6264168232473143,9.14578968476376,imbalance
28950.43979912785,2.214413087633023,2.401302424760726,10.590475009155789,imbalance
28955.533246999115,1.777763705535063,-1.5801441825291322,10.916625380684604,imbalance
28960.59166786673,-0.8401423777245043,-1.6070010605492484,9.514001031572768,imbalance
28965.687594769814,-2.855083001685008,0.3594965176574065,8.694710562186923,imbalance
28970.70893316882,1.088448617557712,3.0283037277294573,10.031682597069407,imbalance
28975.682524241834,2.698971360829118,-1.0496425290108329,10.731244748827196,imbalance
28980.6519144643,-0.4141754620878495,-1.6871833142719324,9.555164382683316,imbalance
28985.69257543016,-1.8887251087680887,0.0986202613681986,8.869722042110384,imbalance
28990.756451699053,0.3154222902196427,2.94805786535593,9.960965705279635,imbalance
28995.78206268192,2.687397561337481,-0.8366737243357809,10.96703553317983,imbalance
29000.75179936104,-0.1318346811748078,-1.7925538557713268,9.42220814055251,imbalance
29005.74127093073,-1.9805702974511048,-0.9102051468554532,8.94796710196961,imbalance
29010.736183824803,-0.6685248221464372,2.911451010058384,9.868790195028714,imbalance
29015.80583595838,2.6823444103181795,-0.0072812641901927,10.601280428145005,imbalance
29020.82374762316,0.4644606470440519,-1.8713834528239144,10.069479960474126,imbalance
29025.83239865163,-1.7660865909473544,-1.064384508472109,8.94357096379895,imbalance
29030.79787323145,-1.4971156324173684,2.745053208979667,9.442226100911338,imbalance
29035.76882919281,2.869867338303892,0.9867403117307496,10.747618271973137,imbalance
29040.70868839257,0.778737939199052,-2.0351138250096548,10.06508539053479,imbalance
29045.719284840296,-0.9085036124195284,-1.442356856863185,9.171670290759032,imbalance
29050.665795995927,-2.258116388028767,1.4629620811887825,9.428963722963674,imbalance
29055.69970826052,2.673216948143005,1.4950127721279498,10.352633199438094,imbalance
29060.781708810868,1.181364014259575,-2.019527613663215,10.5093687001435,imbalance
29065.76716963983,-1.108979852240073,-1.278971876028026,9.297384062662132,imbalance
29070.7726529658,-2.366640313484058,1.4028007101359474,9.062647085148187,imbalance
29075.73189840581,1.896553816299489,2.799423969297238,10.517721949502008,imbalance
29080.768789209094,1.6047594679636676,-2.052424514194669,10.78796890734803,imbalance
29085.849282344,-0.6063980486865217,-1.326828355250441,9.491461040759642,imbalance
29090.772087724006,-2.667498356109092,0.2535054775064608,9.354950959258474,imbalance
29095.848812250017,1.049595869229369,3.397269914506238,9.886691405202876,imbalance
29100.81440409849,2.524093649962813,-1.3573241089851775,10.807551577740355,imbalance
29105.776296035663,-0.7073717142222826,-1.757387105401414,9.864181826367124,imbalance
29110.73152087945,-2.3239777925095795,-0.6790236511086106,8.639086162233705,imbalance
29115.74140985476,0.2964910514922657,3.473317613426285,9.891890872348526,imbalance
29120.706785917657,2.962801175560408,-0.8938715948400651,10.572283906812242,imbalance
29125.711639365603,-0.4893537069804418,-1.6422459996494756,9.835687761969323,imbalance
29130.745292948628,-2.145707713912444,-0.9891549899260268,8.463918355102585,imbalance
29135.77692591863,-1.1428370270719763,2.6461410064464967,9.713314004248009,imbalance
29140.75260369468,2.8377461130706725,-0.1025141322689343,10.703553440988646,imbalance
29145.82262610475,0.0271156588752946,-1.7958134872081812,10.181594038415636,imbalance
29150.8016803408,-1.7621827967306496,-1.0654067989251574,8.845884180319104,imbalance
29155.73125851438,-1.7003873202659,2.681334725404604,9.683216225524678,imbalance
29160.706843994947,3.002069412707836,1.157933268120514,10.501031377986424,imbalance
29165.652158417462,0.6265826219085661,-1.9614524102080024,10.49991910415453,imbalance
29170.635948718293,-1.47581589817735,-1.4259213989411377,9.03597955665334,imbalance
29175.608986308,-2.345189537339784,1.824127196613672,9.730997520583667,imbalance
29180.537452884568,2.241308278394639,1.9576840073238944,10.540710907672734,imbalance
29185.542567904096,1.1845191020745347,-1.8727692032822003,10.73341032509941,imbalance
29190.59375909507,-0.8270281618247791,-1.5950590838363206,9.34763734532862,imbalance
29195.6219720718,-2.422767852965261,1.0912867470472791,8.998156992268566,imbalance
29200.650442847294,1.9174947360963472,2.7096568271561554,10.401021022603029,imbalance
29205.551981159388,1.6882304501914898,-1.6776291716557492,10.54706869160542,imbalance
29210.581940690565,-1.068756918830552,-1.942948883130866,9.594164932553191,imbalance
29215.58924955177,-2.5312148346069425,0.4772730349197193,9.162456700727626,imbalance
29220.619534254347,1.1207171491576198,3.420185249303688,9.911929084294927,imbalance
29225.6339593992,1.871044024689536,-1.9551344703385396,10.547808271852388,imbalance
29230.657747075056,-0.5035415668627674,-1.9030313420931373,9.599618335024395,imbalance
29235.638917234824,-2.166844235627779,-0.2399366704988074,9.205245586222828,imbalance
29240.55896580453,-0.2414148552359518,3.287108567588067,9.774149636992176,imbalance
29245.67107959439,2.739785814110048,-0.7306755555682415,10.877227228367218,imbalance
29250.805190925195,-0.0473554317441534,-1.740899714251546,9.90257634232577,imbalance
29255.888192511164,-2.4077462851467395,-0.629203716836548,9.179234283124508,imbalance
29260.953916774397,-0.203746852841089,3.289849567693068,9.530882440379465,imbalance
29265.989926208786,3.067724567643648,-0.1312227570837358,11.043920343119051,imbalance
29271.026015197825,0.259188217697789,-1.8453850138953365,10.172775909384884,imbalance
29276.030234607075,-1.951927222215814,-1.0491417861251795,8.796218210470165,imbalance
29280.978781396192,-1.340350797498415,2.9987169980850146,9.443302555883754,imbalance
29285.90800671019,2.858056782949497,0.6224581911059948,10.39883245799382,imbalance
29290.94886307754,0.6580945852153366,-2.160607947476727,9.948119855614433,imbalance
29295.937563953343,-1.6273941068488362,-0.8111411781065886,9.105570313782616,imbalance
29300.972837301277,-2.1744596214890746,2.206992212268522,9.549179802264185,imbalance
29305.95198033347,2.5421890414107438,1.6539070984457642,10.524928696657009,imbalance
29310.930492598352,0.8737018779982019,-2.122331591378185,10.597768908531386,imbalance
29315.88752790763,-1.1363552665481798,-1.3583282404477603,9.360615487328923,imbalance
29320.90701803934,-2.5340823376446195,1.3083393378532635,8.863690603583125,imbalance
29325.90281370308,2.190082075546357,2.263700941170516,10.426545978999794,imbalance
29330.80044933525,1.5623360698658335,-1.9569049975525648,10.587260134465254,imbalance
29335.830377996943,-0.9160003128285364,-1.5896708388318976,9.147956978988626,imbalance
29340.8186787152,-2.3881475218251564,0.714759427525635,9.021806336139148,imbalance
29345.826009516848,1.0444730125689223,2.496222236715906,10.204233789076778,imbalance
29350.81310754062,1.963579116483719,-1.1914167589651656,10.457001913170505,imbalance
29355.81838932351,-0.3703216976809668,-1.461144842187432,9.539772643375445,imbalance
29360.788483961216,-2.5892782429709,-0.3825630275760086,8.7309825629408,imbalance
29365.812713139992,0.3115587984126526,3.1460224398385264,10.252779428679988,imbalance
29370.828014472518,2.883799985060454,-1.0150871553066914,10.776041990280971,imbalance
29375.8690161074,-0.4994492472735977,-2.128194142340385,9.979322964022264,imbalance
29380.88626194037,-2.0502715144240518,-0.7734707601468709,8.599571575731185,imbalance
29385.85894006202,-1.041406858432642,3.164210613010252,9.949391901382638,imbalance
29390.936291099977,2.9077864588734497,0.0272687119221953,10.9552239117413,imbalance
29396.006872997827,-0.2640021146800968,-1.907697107554638,9.64034069945394,imbalance
29400.99415346658,-1.857777087875365,-0.9914376334354846,8.907963214659418,imbalance
29406.01016329796,-1.7527144898997271,2.653961005882067,9.59326850783873,imbalance
29410.968610034477,2.8876643857341917,0.5847909713074854,10.751897454301414,imbalance
29415.98930847571,0.1107747389962377,-2.0910587667174294,10.40685965658792,imbalance
29421.04703293106,-1.7705973642963433,-1.063714291676806,8.900462887697584,imbalance
29426.087218983062,-2.4800657399600783,1.9163145848479337,9.193023643328113,imbalance
29431.1010626896,2.406862896793917,1.563995350181303,10.541410754973866,imbalance
29436.020693396506,1.3370409741866018,-2.1155521165577382,10.610872362044963,imbalance
29440.958261637395,-1.320619786051633,-1.680448196446762,9.26031257125549,imbalance
29446.00512544785,-2.6872356834910827,1.2737150852871952,9.160720849671586,imbalance
29451.012719187955,2.2137034521748697,2.2137899132884464,10.34603549833028,imbalance
29455.985104576725,1.534234586664799,-2.2610961865572783,10.547441454313764,imbalance
29461.0300965035,-0.9261958372617084,-1.577202930848003,9.558863708107516,imbalance
29465.975725711305,-2.503515413178313,0.6902577868538213,8.840927179765943,imbalance
29471.005827462184,1.771140145990645,2.710962232231452,9.706741254076936,imbalance
29475.97408989163,2.0841538986004493,-1.8039143573930596,10.574028152063033,imbalance
29480.9789298325,-0.6179392808638705,-1.8782632402116812,9.417883726080042,imbalance
29485.9547458364,-2.7826220882554624,-0.1933718124243941,8.693531376198369,imbalance
29490.92026636632,0.0002760463615826,3.115666709330064,9.722247900624833,imbalance
29495.94551107409,3.125723863982077,-1.276390946345987,10.89172759886914,imbalance
29501.006648786555,-0.64959407288314,-2.064722959676269,9.722360230756127,imbalance
29505.996717029277,-2.117886576361036,-0.5167373258937544,8.909217154003459,imbalance
29511.03227599987,-0.2320876951281582,3.137329298385675,9.7543353628362,imbalance
29516.03061141028,2.894565191736422,-0.0239037049602797,10.67643286641356,imbalance
29521.057162541525,-0.251441490534976,-1.427748656108094,9.923894056968368,imbalance
29526.064163588708,-1.826391097920793,-0.9713925917073114,9.281803041890637,imbalance
29531.123937419983,-1.4255973373286446,2.8692091643440207,9.662836466747477,imbalance
29536.132657023023,2.9046399083900387,0.1327008506891063,11.202658665082229,imbalance
29541.150708969588,0.2017257997585971,-1.835791249426144,10.472395974533232,imbalance
29546.161869100557,-1.3412896638987888,-1.2128649705392298,8.856931764564488,imbalance
29551.22564172393,-1.9132556242664929,2.335158485051543,9.72442134276088,imbalance
29556.23447722484,2.8731302758708237,1.5174601106507049,10.328740341346796,imbalance
29561.192475356496,0.7287232936579088,-2.188943477949054,10.189252603322474,imbalance
29566.259406974663,-1.2468304172804512,-1.3573413506441443,9.26610548705557,imbalance
29571.236100213988,-2.5596323250451096,1.3121688914370706,8.88795592852196,imbalance
29576.221394415024,2.3391290164213125,1.9859008681665768,10.683882387514869,imbalance
29581.20051444859,1.3005225189805822,-1.765859361822685,10.573406313200651,imbalance
29586.18465384385,-0.6751057767840528,-1.5225752993685409,9.492028225539569,imbalance
29591.122378146723,-2.3233065444802774,0.5110095510567813,9.093239947185388,imbalance
29596.16553266221,1.876592203343526,3.019311976674856,10.24410837303769,imbalance
29601.114584690364,1.7639826215716,-1.425184354617122,10.600222336091395,imbalance
29606.07497155311,-0.6987013437826669,-1.7117986515118253,9.353736124887051,imbalance
29611.09742463389,-2.6360508268789045,0.0821417589424391,9.024256719666246,imbalance
29616.03338213289,0.7887643742939359,3.4499686951749493,9.737883702266108,imbalance
29620.948533205374,2.273477775303612,-1.019188164668315,10.711215267795843,imbalance
29625.898745543494,-0.5490706878218272,-1.681717375326837,9.47821696327802,imbalance
29630.96419042997,-2.359009441032721,-0.6615670659480435,8.918427079191286,imbalance
29636.000905662357,-0.3911716719844349,3.265519165035807,10.008542412797604,imbalance
29641.022536915465,2.735993814323624,-0.2524304331731423,10.603779890150806,imbalance
29646.05011568539,-0.1659521979157237,-1.9847534682519237,9.748927792538064,imbalance
29651.04686027147,-1.8473723303964944,-1.4321411392977752,9.06332138585032,imbalance
29655.942306766283,-1.5080819899508546,2.369114733579678,9.23978687292175,imbalance
29660.93446340332,3.3348393848050804,0.5515835626421374,10.65365921103666,imbalance
29665.911891253705,0.3806593166678468,-2.0857586573112457,9.973356203731742,imbalance
29670.88225106497,-2.009162474229845,-1.289618319918458,9.157241658234932,imbalance
29675.80424658215,-2.2433000251295647,1.7918584716856465,9.706213589817615,imbalance
29680.806577601143,2.682583111693953,1.9725212767214684,10.282007628181027,imbalance
29685.78357846688,1.0686204937844173,-2.2553070621502385,10.378826184114702,imbalance
29690.740859525085,-1.261794734373025,-1.6316873950895456,9.223566204970757,imbalance
29695.65996195893,-2.720228215471427,1.0556613494821985,9.12325685569242,imbalance
29700.69858484636,1.8722568213763129,2.8042197436797296,10.483085560688377,imbalance
29705.73196683364,1.469634597240423,-1.47735450853275,10.564713603573622,imbalance
29710.65560926271,-0.6411743504535463,-1.5710630485511898,9.28582866069564,imbalance
29715.588775034244,-2.500722246482299,0.2857768185998289,8.913009961240556,imbalance
29720.536303910736,0.8988139596157413,3.23043191702838,10.184561181469762,imbalance
29725.45302880496,2.596120866694588,-1.075735871521654,10.463052711143408,imbalance
29730.48052882415,-0.4389991622529839,-1.8317201908800973,10.37111143420118,imbalance
29735.440397684302,-2.03982234740993,-0.5402156282829866,9.173302591678084,imbalance
29740.449179982046,-0.5494687861102523,3.159032524858078,9.925183533807242,imbalance
29745.48722168312,2.690733687598399,-0.6254150892182587,10.558453244842177,imbalance
29750.56796763463,-0.3296690265045594,-1.927291654522248,10.0260577634379,imbalance
29755.50092341381,-2.417245039184432,-0.881820444657665,8.77393668805207,imbalance
29760.461527773008,-1.0896531599216357,2.5378546732723186,9.631675118782974,imbalance
29765.43775072761,3.151513075657494,0.5031224136709587,10.849059113466575,imbalance
29770.469411314964,0.0335260667859242,-1.941379740999272,10.326928308557196,imbalance
29775.48976478291,-1.644033983917694,-1.3017459213532656,9.112831415861816,imbalance
29780.529068881773,-1.948246331286431,2.343258978762434,9.622562894765345,imbalance
29785.483601106127,2.685726961500123,1.0335940508578747,10.720430577589587,imbalance
29790.51919189525,0.4591761184444551,-1.7742472749256706,10.233325279747762,imbalance
29795.56879225551,-1.1424588065826689,-1.7757900869832182,8.818513433111976,imbalance
29800.45974411516,-2.297480290621305,1.3382781970365532,9.324832525319753,imbalance
29805.52077233741,2.465818344455833,1.859268577360687,10.314957380154665,imbalance
29810.54662533668,1.057793258370105,-1.8434531096195763,10.845072736773252,imbalance
29815.58774726328,-1.070879866040064,-1.2954889080503045,9.409866252442315,imbalance
29820.603342209,-2.870687904842317,0.9955749980117824,8.633340194330366,imbalance
29825.51847565329,1.7484270813296878,2.49684660005884,10.54558965628448,imbalance
29830.42571460031,1.4873849288704375,-1.53935899637022,10.831329729594684,imbalance
29835.456952291344,-0.936601425796994,-1.859445363778717,9.317244506958724,imbalance
29840.59302536924,-2.4055144971558624,0.2233067356653504,8.603639080722889,imbalance
29845.63089059037,0.9689722749738484,2.953256447642508,9.962106828481785,imbalance
29850.5693845787,2.5521549849299223,-1.164485414600143,10.689815281148435,imbalance
29855.587008723644,-0.7396719909894083,-1.876794987785124,9.667243330824869,imbalance
29860.51786187319,-2.372535306265447,-0.5144597009701019,8.689033372657287,imbalance
29865.499740394247,-0.3912306565170175,3.1373446228751805,10.09521482980566,imbalance
29870.52324163147,2.544122454240687,-0.7716203265439799,10.746694386781536,imbalance
29875.560847943107,-0.1307659643561592,-2.0789211043129088,9.945798326167898,imbalance
29880.57623519658,-2.251782422751413,-0.8660322256839045,8.961748938911299,imbalance
29885.582377282648,-0.9619517863194909,2.5790489406514148,9.510412205917444,imbalance
29890.614736087973,2.8918788316137034,0.0769771011722566,10.398677445125251,imbalance
29895.614045882845,0.1964652442662383,-1.7673221068211775,10.240525773007558,imbalance
29900.60545832885,-1.7081224577103664,-1.2075942767997156,8.664609299503944,imbalance
29905.67431877956,-1.6466645672699032,2.474182524289817,9.44001894529515,imbalance
29910.68538917622,3.195590187710277,0.8610375594579438,10.823509683691189,imbalance
29915.73974969337,0.7652021876743498,-2.112743775207783,10.282611296251428,imbalance
29920.758908951688,-1.3460846571077023,-1.32079011098774,9.157140364381211,imbalance
29925.754224243374,-2.4061456817186206,1.955502433542196,9.09673699222122,imbalance
29930.67878373533,2.731510355954767,1.7789914651315264,10.65517333254089,imbalance
29935.63578701243,0.8900730801658647,-2.178709669905856,10.727998340396235,imbalance
29940.66582464306,-1.1116585296792176,-1.5702024768261038,9.54624371519989,imbalance
29945.704308038865,-2.3963770014298,1.159779140913631,9.462725600773071,imbalance
29950.757173545884,1.6771106480660136,2.4905629369106195,10.107237651843166,imbalance
29955.698144510443,1.5254257819512758,-2.159345414885073,10.639701234855892,imbalance
29960.714734925463,-0.3549859241686678,-1.7058408136990466,9.252551301150683,imbalance
29965.70680301033,-2.885440592623738,0.7023936824859962,8.771490285063306,imbalance
29970.6854399013,0.7301189054566547,2.9896005229922094,10.05821423889221,imbalance
29975.575144971262,1.913351608223688,-1.2331016025484092,10.881575618624217,imbalance
29980.49104545232,-0.667693843677332,-2.1897842017493487,9.83636521939082,imbalance
29985.452088836984,-2.0769630647716406,-0.2488381867002819,9.190501514131732,imbalance
29990.46747577564,0.0635534805171582,3.497852605099585,9.394749203191006,imbalance
29995.54815591189,2.811476928631561,-0.6624254073838305,10.797152991525364,imbalance
30000.49993710081,-0.275211564019411,-1.5895603334549813,9.999260191120651,imbalance
30005.592382034025,-2.1262048341438446,-0.7873873454503176,9.45755637888728,imbalance
30010.641072626127,-1.1030361931558217,3.2102500920200416,9.898921259306562,imbalance
30015.609835734176,2.987883153927653,0.4890787557049016,10.937726434937028,imbalance
30020.500996248236,0.0477775910951253,-1.6804974925167668,9.93217514864532,imbalance
30025.50057174168,-1.6045072364755877,-1.100844251822817,8.823127532660918,imbalance
30030.434423650997,-1.6569163619790146,2.6630153828441028,9.257853862667009,imbalance
30035.448890163527,2.7103112591353336,0.8860843987447617,10.646602466766865,imbalance
30040.37630446723,0.7758184095318128,-2.18968139765916,10.269124939072832,imbalance
30045.38454087208,-1.1237109372553118,-1.3370839759720652,9.520636098902726,imbalance
30050.49984669581,-2.2247285482203285,1.5780863128941394,9.198590085170547,imbalance
30055.40346197944,2.158082808580673,2.053949557705289,10.263401873346814,imbalance
30060.418063861656,1.1594256904784623,-2.0905218320408245,10.61902618872245,imbalance
30065.4427964864,-0.7460186231256875,-1.4161991734205686,9.065345844179175,imbalance
30070.43769919054,-2.721157675991974,0.9836061268649456,9.27119154226239,imbalance
30075.437070628,1.7853015499294862,2.467301252600231,10.27575356798822,imbalance
30080.50281051592,1.959672520086441,-1.689612083441491,10.437516699277548,imbalance
30085.476545205755,-0.5113376869001258,-1.613423474233903,9.419129300655555,imbalance
30090.449072063653,-2.5453290583991866,0.4647530531962323,9.10680685463828,imbalance
30095.541194590856,0.837585603357472,3.11757245937358,10.059893904302234,imbalance
30100.588878070244,1.961991722536565,-1.2965903631685465,10.507877562883415,imbalance
30105.605955011128,-0.6112640502827463,-1.8364231104183089,9.643122096459985,imbalance
30110.633570922924,-2.553740444816601,-0.6470443948957938,8.938421329025124,imbalance
30115.677472005096,0.2797162156053069,3.281312042365094,9.629142622485894,imbalance
30120.670322591555,2.952756779611248,-0.6686670280086493,10.437857598973627,imbalance
30125.747875751014,-0.3638643904936952,-1.8826000316009948,10.121586769223123,imbalance
30130.735334159526,-2.0439980817365644,-0.9387323948973488,8.791870414680586,imbalance
30135.76807050273,-0.7733422462254373,3.1195708499491257,9.614886628688453,imbalance
30140.782299868428,2.831939862483345,0.2615694416334641,10.816657854584836,imbalance
30145.793268328674,-0.2874697859452079,-1.8423951366452629,10.137950786392448,imbalance
30150.803835309445,-1.4868535997432395,-1.0038014060103335,8.935755865973796,imbalance
30155.81761641424,-1.631874701073397,2.4207638611313613,9.29192402219676,imbalance
30160.783508379747,2.924018196501178,0.9313899306951348,10.884579729460746,imbalance
30165.724023941417,0.4725759508911386,-1.609342735777103,10.374526708176887,imbalance
30170.672664271773,-1.283700731351291,-1.3100000611115263,9.00744168051354,imbalance
30175.595347054157,-2.2468521049819605,1.8844313466100169,9.113722765660883,imbalance
30180.599482623256,2.669402251524316,1.7130205300709205,10.048067517643652,imbalance
30185.559124992407,1.4886879606094168,-2.218972358832247,10.443188632480128,imbalance
30190.62091240805,-1.3970427831297658,-1.6694773892168755,9.235708820901785,imbalance
30195.62205698601,-2.5129081283221124,1.1016541357466607,9.330145014773024,imbalance
