timestamp_ms,accX,accY,accZ,label
0.022857068125031,0.3258613176074191,-0.0162115196346735,9.775555526630866,healthy
5.075050761547584,0.0966745662018216,-0.1429719753784826,9.852230694061191,healthy
10.034868897494388,-0.2754598550649929,-0.0636722319282338,9.636551903241402,healthy
15.032819895655328,-0.0163495549338918,0.2533804227732899,9.818097562257083,healthy
20.045481685768664,0.2676657378085755,-0.0215575578772818,10.03077041678693,healthy
25.007818932585085,0.0640345116837752,-0.2646090007021863,9.793482857381036,healthy
30.109771154514377,-0.1589666355245197,-0.11195831487837,9.789070910105467,healthy
35.20674493194842,-0.0107975462456118,0.3486324250131739,9.846732458783809,healthy
40.309396859401055,0.0354844210560697,-0.1923512308442083,9.73888926492931,healthy
45.34442201828689,-0.0851190229792943,-0.3210025530666051,9.83638685537143,healthy
50.23792086826897,-0.1369727039617591,0.0464220780690046,9.801194216632858,healthy
55.22123010393051,0.2473492852188935,0.1771148079089458,9.84209369048222,healthy
60.26432259731489,0.1422216553160409,-0.204230673428288,9.805121351269232,healthy
65.33461967652575,-0.242158989344591,-0.2410341805939791,9.655924242759683,healthy
70.30189491589789,-0.3095541513069916,0.1192521689983847,9.730468475834243,healthy
75.228632812666,-0.0048144111948825,-0.0047879766380052,9.889583051508405,healthy
80.22164049725956,0.0996870596833244,-0.1824361321098472,9.961636901441594,healthy
85.23374282744567,-0.3128661304182268,-0.1200466819424714,9.63705593598083,healthy
90.215703537014,-0.1231312058616349,0.1339284830649866,9.73540547486996,healthy
95.2093541936121,0.2495053272770209,0.2299847262680193,9.891653400949512,healthy
100.20709220019832,0.1184694801037291,-0.3843572055397488,9.759462199563576,healthy
105.2393192630987,-0.0807263278294927,0.0069542896663932,9.755814842470592,healthy
110.20259864544094,-0.0350913506393216,0.4780363170300176,9.708159830277063,healthy
115.28020952905048,0.3330540318314677,-0.1472386497917769,9.80991671697652,healthy
120.34192771530672,-0.0262125247041171,-0.320167308421054,9.862169933609511,healthy
125.31522525674166,-0.258193917088749,0.0336735632290963,9.708444878430694,healthy
130.34997263550252,-0.0185842588121008,0.2015555332206903,9.916573758547033,healthy
135.33950130641733,0.4638066260086403,0.1233623749203703,9.913848250173272,healthy
140.3288378995612,-0.0869437964677264,-0.2585395678138149,9.86327177942155,healthy
145.30979290297998,-0.2224899033596757,-0.0733513014178795,9.733382395192706,healthy
150.37077655912572,0.0059844953207113,0.2094700220950234,9.829473826406495,healthy
155.3721811295039,0.2714131857517899,0.002442198000035,9.63095585551061,healthy
160.3531826576294,-0.2619681542555689,-0.4100942883210893,9.654111362963958,healthy
165.4296791466033,-0.2403760042460794,0.2150397586598255,9.93195560807181,healthy
170.34426712098622,0.4810741146578684,0.2996337483202987,9.787205846422845,healthy
175.37697472977246,0.3231426592469122,-0.23315592042018,9.916082881881964,healthy
180.38071669795815,0.0022222506653809,-0.3147438350305194,9.716584719794856,healthy
185.3545987521542,-0.2061892682299943,0.1676339063310969,9.917915281684229,healthy
190.4148320899175,0.185482049730498,0.3547287444492231,9.920633358743713,healthy
195.4087543715937,0.0317106177603957,-0.3226576772666721,9.807875561383517,healthy
200.5088449542404,-0.1455905045623471,0.0268512851562849,9.623923117194243,healthy
205.45228975441185,-0.2730900341537234,0.3660083021251975,9.864974151086315,healthy
210.3553192974489,0.0117432316447256,0.2806361025869638,9.937005851230923,healthy
215.33740439554063,0.0439314367947484,-0.3319720519634118,9.87466535126171,healthy
220.369859354058,-0.176096355281301,0.0263384843200358,9.831619374884935,healthy
225.39774806391705,0.0880220892213133,0.114553345609672,9.841131767083468,healthy
230.41803706503444,0.3952977741488125,-0.0130124445434193,9.896553980597565,healthy
235.44378308820296,-0.0729477392004326,-0.341784463836436,9.878411689449733,healthy
240.3873498938028,-0.2068364905348082,-0.0600594297829045,9.714347487084249,healthy
245.36967578654628,-0.0981144614740731,0.2789213883219766,9.894113397783594,healthy
250.33069191828935,0.2576331050762335,-0.0707797356538354,9.80567730535558,healthy
255.2932193676375,-0.146883940697077,-0.2920204591223523,9.861702803101828,healthy
260.3544746529943,-0.2906212738639437,-0.0561005039562601,9.805697830775852,healthy
265.3380332028135,-0.0463870032714673,0.4882676206735525,9.78903582373806,healthy
270.3536960975101,0.2458572692234013,-0.1431314022206083,10.034654384237728,healthy
275.44989786327744,-0.0943456344913599,0.0377721323413244,9.798601491139095,healthy
280.4816019418299,-0.1845248118769335,-0.0330710731976262,9.675101502915624,healthy
285.4585293019925,0.2139522485822366,0.0975176661805719,9.982044396767217,healthy
290.50022252182384,0.2001108073319048,-0.0363101188653068,9.747243991181556,healthy
295.54078235952585,-0.066904455674337,0.0123389139091346,9.736064380566216,healthy
300.6242674707306,-0.1392631070719399,0.1931244789762256,9.68695861498483,healthy
305.60164479497416,0.059857177823124,-0.215267752856106,9.848383562226026,healthy
310.5698657479928,0.3843735095190413,-0.0470664527042925,9.874528773692042,healthy
315.53350298116663,-0.2250916547493383,-0.3095412238795231,9.814835636515806,healthy
320.5127714475098,0.0361402878404681,0.2879792932536642,9.877018272023276,healthy
325.6218528193938,0.1738251221414122,0.1993029218635487,9.761312932512858,healthy
330.6507497768388,0.2065244051179021,0.0193402278575071,9.949636143052592,healthy
335.71371594607984,-0.1619065320375425,-0.2247259324643255,9.63809760912246,healthy
340.6510773232566,-0.0075860991420052,0.1299520993265333,9.8545852691224,healthy
345.67036117170653,0.2120725632820519,0.2912900964099276,9.802586878427324,healthy
350.67698030950595,0.1668844946061242,-0.2642117495396729,9.694457267702456,healthy
355.61576606500904,-0.299075343709489,-0.2084364066523701,9.858417889487871,healthy
360.6108791163202,-0.0296493818673954,0.0885030670389474,9.812652046345642,healthy
365.6667264192156,0.2291224110113245,0.082717337233761,9.95125523366148,healthy
370.657484431647,-0.1377351165382002,-0.3030650150621716,9.86432415827136,healthy
375.6996819866644,-0.1164602124205198,0.3532414082599436,9.817368426162298,healthy
380.6681517513549,0.2382204286878234,0.4471629764863215,9.879595179458835,healthy
385.6745028246505,0.1224215477229753,-0.146912962608763,9.753085661320538,healthy
390.6879276985664,-0.0569863540346078,-0.3667094270974597,9.719040797014118,healthy
395.6100401737152,-0.0816463834108523,0.1717943943992803,9.782126971476394,healthy
400.60798672084286,0.0450577942390262,0.0441567623113813,9.873969724039648,healthy
405.6563838260156,0.1532798167824657,-0.0695516446519706,9.887903196349926,healthy
410.7033093144307,-0.1836356946184073,0.0070262492111467,9.75333944281264,healthy
415.65300624683215,-0.2458848114389489,0.1490291547878247,9.775795394548764,healthy
420.7127209033855,-0.0173699397494641,0.0609791340446039,9.795467996412397,healthy
425.7566641346002,0.1510526449780399,-0.3785840398914003,9.85311717307949,healthy
430.75331901247057,-0.196372561179145,0.0916758989551837,9.783665341267971,healthy
435.719456284336,-0.2026272420749471,-0.0430328882136303,9.66218467991184,healthy
440.6790156266452,0.1290736818864504,0.052682523862022,9.820123411368671,healthy
445.5925591851595,0.2225966754703282,-0.3766341549990201,9.82407170069271,healthy
450.55828037501175,-0.3864821882904725,-0.0596831389349563,9.757514547286164,healthy
455.5833887287474,-0.2922105321512606,0.1367897334968815,9.851801326875144,healthy
460.6354206312698,0.2814987472900552,0.3023276128025426,9.842538351007596,healthy
465.6856763450746,0.040284549829566,-0.3529314033662606,9.864087395812936,healthy
470.57332222887743,-0.1874887110526716,-0.1268800781850612,9.827680575340914,healthy
475.57598624841097,-0.1974534342181109,0.2774224832528156,9.838987497786352,healthy
480.6159476789467,0.1252255561599518,0.006145077517074,10.02711073091772,healthy
485.48960400697104,0.2354806467660232,-0.1823004758725304,9.840403594393209,healthy
490.5486201106032,-0.219501817093515,0.1324129234121389,9.81576676369968,healthy
495.5144172954994,-0.04286121158743,0.1637134540738327,9.689256958419378,healthy
500.4428620846,0.3772884524569855,-0.001303436160133,9.765040871970712,healthy
505.4542256669154,-0.1363667167331005,-0.2598980799104784,9.83360954421962,healthy
510.4113981739735,-0.2115007756295384,-0.0760301721383224,9.732045950340456,healthy
515.4529078376627,0.0776269003606205,0.4585222012661035,9.800265291377144,healthy
520.4732057134407,0.3003464056303132,-0.2672615289141311,9.924438114962433,healthy
525.5385990207051,-0.2313900456977991,-0.303170627885429,9.781734907659429,healthy
530.6289325992628,-0.2264676253641854,0.2201506778551181,9.701249775026412,healthy
535.5099210812723,0.1597809447147588,0.0561224551390823,9.737790449920126,healthy
540.4905296164459,0.3143250421648494,-0.2344662120422099,9.897528714214786,healthy
545.5110850223721,-0.2812748888682483,-0.0564570423609305,9.693482293620626,healthy
550.5759757499097,-0.150876862169165,0.07032106642739,9.782043347969203,healthy
555.5934155820297,-0.0053003391879666,0.2341657080442427,9.92089002383078,healthy
560.6254814575886,0.2180004341890365,-0.166938515818635,9.758292373766826,healthy
565.6535640212151,-0.2821521846940577,-0.2601479405956778,9.78076399748994,healthy
570.7501604164778,-0.0625682855531322,0.0577140184244985,9.813762625156867,healthy
575.851411624135,0.1198102894762265,0.1737754037062607,9.718450422559584,healthy
580.8697361322227,-0.1373042180362367,-0.2914788186133527,9.764882899606135,healthy
585.819421344011,-0.1003525786600768,0.0408447540065637,9.723545164917724,healthy
590.9314589089106,0.0793630718379367,0.3200746249603255,9.773502461055584,healthy
595.9476207728061,0.2638635166348368,0.1484976285065227,9.864555770378589,healthy
600.9959774945856,0.0568805190369648,-0.1323978594818908,9.75222819720997,healthy
606.008638119627,-0.0988182890427218,0.2247490800654668,9.80277870853488,healthy
610.918625391023,-0.1699221784290268,0.3252853079055956,9.8219069930542,healthy
615.8871869302889,0.0634438242714914,0.1360979357539334,9.876310356063389,healthy
620.8217461001866,-0.0537470067988459,-0.4179908941095942,9.80423335476832,healthy
625.8543457679237,-0.1639592520879669,0.0259645440219914,9.829770637696695,healthy
630.8968869850274,-0.1198640540410327,0.2794239855563533,9.851006445137651,healthy
635.9326443685492,0.1181397887183482,0.184369408830321,9.902044370876787,healthy
640.965010473306,0.0303036188261549,-0.2397414164858995,9.86263213042022,healthy
645.9270018832583,-0.124465490606445,0.0640727490820346,9.61610653949665,healthy
651.044487687331,-0.0172149281652964,0.1932678692878397,9.84480226529351,healthy
656.1346586943286,-0.03071224226346,-0.0632784487328719,9.880768079348265,healthy
661.2087968113389,-0.1838360319636086,-0.239961277397204,9.825872350906415,healthy
666.1462967199542,-0.1240123834111354,0.0972792747824411,9.780431388546326,healthy
671.1389292645019,0.2720744767841639,0.3619148067506949,9.795394169182911,healthy
676.0588376935157,0.3294872017000948,-0.2509146739444346,9.659159375036198,healthy
681.037486058811,-0.297126583521651,-0.143657418785122,9.771716815595736,healthy
685.9755876931068,-0.1987478374649485,0.1877038686889225,9.847671593808052,healthy
690.9152361953211,0.2399330628320163,0.113082487609586,9.854610322192382,healthy
695.8584652291019,0.0367745747860679,-0.2450145720878108,9.845632604792934,healthy
700.7956772662972,-0.2098768626317611,-0.1494505720863325,9.8705394049496,healthy
705.7600695090646,-0.1072416813212327,0.1430624806784567,9.872280720940074,healthy
710.8309140094061,0.1338564094480664,0.1485427610810309,9.765660551439256,healthy
715.8680046686158,0.2258388386187434,-0.3096734122056719,9.737700790575945,healthy
720.8796294525928,0.0315572850831143,-0.0459310931759569,9.72787144243476,healthy
725.9473486965895,0.0102622420401918,0.1429229128781677,9.78795783357783,healthy
730.8925628423368,0.2282168518009645,0.2515845029976463,9.81409552691408,healthy
735.8516675284179,-0.135232715325616,-0.3909231766470787,9.785419379965068,healthy
740.9077074405251,-0.2814083259441076,0.1195231601242985,9.750153704077722,healthy
745.8319368489306,0.1611453454973444,0.3813546774268262,9.877894283904949,healthy
750.8082675367064,0.3027970062784316,0.0534154389858727,9.823518534442243,healthy
755.7996648261745,-0.0127679318516423,-0.3245073497421293,9.77210098032254,healthy
760.7961606778287,-0.083522825458853,0.2678922066321224,9.67385929602364,healthy
765.8218810911947,0.0952298626201501,0.2920883619411872,9.789428473765843,healthy
770.8801723298124,0.3527353882091536,0.0312296357471629,9.908656503254472,healthy
775.8210697519079,-0.1482824066154577,-0.1745535290180657,9.72131000287412,healthy
780.7912338990307,-0.2874065177061418,0.0212554131376136,9.88777580787508,healthy
785.7602408678616,0.3952987999166816,0.1899290579142319,9.937601868399884,healthy
790.8492369479526,0.2995394438185346,-0.1878645567906876,9.82110834148843,healthy
795.8619164959765,0.0441202538057233,-0.2226230089299688,9.737607249618453,healthy
800.8457682466952,-0.0796782685878967,0.1359620954390981,9.866327462424602,healthy
805.9151181579452,0.3558937859706894,0.0790983841761241,9.815701621729994,healthy
811.0646441455613,0.0680815828999817,-0.3285354907926384,9.850775991708703,healthy
816.0629931702365,-0.2308090470264411,0.058643582070471,9.875386194202353,healthy
821.0386908194579,-0.054946449538955,0.3165817695012453,9.949763181630072,healthy
826.1117048988696,0.288311596418805,-0.0571795353506111,9.86181038384794,healthy
831.2002627221702,0.1041365763627016,-0.1915846453875579,9.706729699387472,healthy
836.1167986743025,-0.2205986719753426,-0.1072314362817045,9.58254011993706,healthy
841.1970642372324,-0.0491004641432085,0.2023860737127137,9.844587973998443,healthy
846.1596449253718,-0.0255582858961527,-0.0344791381296623,9.756071246297608,healthy
851.0827742566155,-0.1094583578926499,-0.1612810994652116,9.74970373221502,healthy
856.0279423982785,-0.2313514806231982,-0.1659807276969094,9.766241072822892,healthy
861.0207009058839,0.0269759066759247,0.2482842129345884,9.700896061090104,healthy
865.9222682517567,0.3300772942071769,0.1215846622149237,9.763369206660634,healthy
870.8999037643692,0.060531339187915,-0.2738401397777671,10.040396470809524,healthy
875.8643455774138,-0.1843974386090528,0.013486942790317,9.732081551281563,healthy
880.7894119477452,0.3018010336025615,0.2817875470410038,9.771636116421377,healthy
885.8148971349726,0.3194303335216891,-0.1262130208458016,9.932398771849806,healthy
890.7598430012043,-0.0496367319375785,-0.2649526094892752,9.887410129568115,healthy
895.8297688095327,-0.0754759317557448,0.1483504804320638,9.928791789812632,healthy
900.7983527949948,0.0849835504795955,0.2144558760886672,9.705246888410388,healthy
905.7673118173988,0.3416512574343867,-0.0956002523585779,9.853954543284964,healthy
910.76083860557,-0.0905679839710328,-0.1694222146505273,9.842333464105026,healthy
915.7350135259054,0.0377761908709441,0.4551995315211454,9.769204980534676,healthy
920.75149940806,-0.0253955582078942,0.2511578248677225,9.708318929602084,healthy
925.6937934857248,0.3356678644644523,-0.0976085897382367,9.824710824734622,healthy
930.6433079035552,-0.2887871482866783,-0.3037037003548114,9.746162645970248,healthy
935.6302755755096,-0.1529779476547684,0.0371898475638757,9.834823904167616,healthy
940.57817881536,0.1919269352166429,0.2023056262597106,10.048611283650205,healthy
945.625856811662,0.1967922276300175,-0.0931756330027435,9.795648967499348,healthy
950.6676382304768,-0.3696381652345644,-0.0896279882573168,9.871806627366984,healthy
955.68503461415,-0.1453921804265685,0.1501299119360054,9.726947786852165,healthy
960.6939775727436,0.0973652696618417,-0.0249182686757808,9.808172212240937,healthy
965.7052654629666,0.1099427529983846,-0.319968756722457,9.794831044527688,healthy
970.7244345877612,-0.5656612999677686,-0.1574343601968078,9.771602991028647,healthy
975.7650147166688,-0.1566640637615963,0.2051851832757716,9.615241279597244,healthy
980.7230236959988,0.1859628746679212,0.0544526441516608,9.954810088408278,healthy
985.7363036774242,0.0353864932551046,-0.3872487041710405,9.865870610358815,healthy
990.7776963986204,-0.1645168240911771,0.1808434274219658,9.829904880122392,healthy
995.7665355852704,0.0529793832000415,0.2823508843872729,9.864310359028217,healthy
1000.7757629120032,0.0952495740377078,-0.0831948607144184,9.909627822212624,healthy
1005.8806408525172,-0.3420654808039576,-0.2962016799982476,9.823532876327898,healthy
1010.9018569443012,-0.3863747344379281,-0.0065930042312682,9.722421559216349,healthy
1015.860818336764,0.2434492585458924,0.2131719066427202,9.806023351279595,healthy
1020.935608513726,0.3661279159592085,-0.0306695910394838,9.665216662510282,healthy
1025.986402875168,0.1260410157700905,-0.2329775795013508,9.712864534617443,healthy
1031.0864661277053,-0.295417141118088,0.1367940501362538,9.685577121939104,healthy
1036.077492017807,0.0661510786457649,-0.0262096649987114,9.829251999147289,healthy
1041.1189490703007,0.0893505615378611,-0.1506063865603646,9.74903289648115,healthy
1046.1118843021632,-0.1331202011585648,-0.2568951778998524,9.651480345017626,healthy
1051.1133781057863,-0.1994099177987158,0.3328266828428823,9.580716548770264,healthy
1056.076443983773,-0.0074282287353443,0.141975907011594,9.922597203355137,healthy
1061.0091777485031,0.0843072873226717,-0.3901486515047822,9.920495462408832,healthy
1066.0037556291854,-0.3251522409557477,-0.2549179455964411,9.845677950652933,healthy
1070.947319971424,-0.1367787725324101,0.0088479876738405,9.74782476386792,healthy
1075.9112987939998,0.0123014928272911,0.0967928560832175,9.792864525470153,healthy
1080.844437854924,-0.0258167220490623,-0.1764259871203838,10.006987823949634,healthy
1085.9164620031706,-0.2584763654163413,0.0675615261453487,9.7605620365536,healthy
1090.936228535716,-0.174067738051163,0.2790393323364779,9.84879994359827,healthy
1095.9800408214471,0.2828843611164397,0.1728616498556387,9.806634973883922,healthy
1100.9836701701056,0.2476229895328301,-0.3795036896917448,9.810737639252476,healthy
1106.0039726380055,-0.2108313907747058,-0.0848019266434364,9.88086308598542,healthy
1111.063855036289,-0.000229205637054,0.3112192203386504,9.743278615492006,healthy
1115.9912412134595,0.1320930157503043,-0.1025237846836316,9.923240532579412,healthy
1120.9376515465865,0.0494906770723066,-0.253044908743459,9.83238919652752,healthy
1125.9631065822705,-0.1863691723811739,0.0740003808136653,9.83288553729084,healthy
1130.9466116665146,-0.2344066709772803,0.3082389557918947,9.618883295685828,healthy
1136.0111161076609,0.1858516446846244,-0.0316052022091851,9.800113641443827,healthy
1141.0349770838243,-0.007388301597431,-0.2815792573180867,9.84964275347054,healthy
1145.93401864319,-0.3307956406163588,0.2755935590545476,9.835987970918367,healthy
1150.9349847418384,0.1371432491754549,0.2552788653259651,9.885671190315444,healthy
1155.9961703046154,0.1750514656032403,-0.0609191679291431,9.776357468109197,healthy
1161.0290482894554,-0.1784824229794792,-0.3147254493038594,9.807109859743552,healthy
1166.0090983549564,-0.2492711762604117,0.0345026253974092,9.818767638102706,healthy
1171.0045417775823,0.2475486585111961,0.3043823741366527,9.971179511108405,healthy
1175.9731354192788,0.2692131545795825,-0.1824646998501775,9.944696462677404,healthy
1181.0205387353249,-0.0622979226288179,-0.2859656074401233,9.734097709642317,healthy
1186.1258931691066,-0.1927505667039001,0.2961555755458414,9.631742659401723,healthy
1191.2558890011685,0.1639193159409818,-0.1449764787876152,9.946575649439772,healthy
1196.2894340957644,0.1336762514171879,-0.0642169776657117,9.922114657066958,healthy
1201.291404115867,-0.4194159368677621,-0.174853789802228,9.821338384278311,healthy
1206.2737349360616,0.0712231840868446,0.3411778915162503,9.75527192096438,healthy
1211.194684207953,0.1227792467132336,0.128335896629772,9.86630716833657,healthy
1216.159629501476,-0.0596960822971048,-0.2930543125128978,9.756441772786188,healthy
1221.2159210134273,-0.1668112211667325,0.1595170408037532,9.762591868956182,healthy
1226.2446067413289,-0.0588786312602105,0.095679027376611,9.73685180091826,healthy
1231.206714467896,0.4209108894049752,-0.0563223337525177,9.807104144766909,healthy
1236.236017421931,-0.0706302962170455,-0.1996349520018388,9.77129660839467,healthy
1241.2927427058994,-0.3216938683545852,0.0615606304499758,9.750491279586562,healthy
1246.275541138532,0.0458645801679327,0.287464932975941,9.780210102643226,healthy
1251.3042511044364,0.1980313242257151,-0.1075395968728302,9.845312427746975,healthy
1256.215104777173,0.0298977192762524,-0.139008394125271,9.719316556270517,healthy
1261.2404839784726,-0.2863889567544899,-0.0145947772153338,9.791948958546312,healthy
1266.1894256103878,0.129265820227298,0.3102811329249481,9.886549475304776,healthy
1271.2454177606228,0.2277501106631536,-0.1535147904752862,9.7111599081135,healthy
1276.1530373855103,-0.2984724973408829,-0.2158227543997435,9.81534632414885,healthy
1281.157196133304,-0.1166916363921031,0.1611493175091819,9.684747621087922,healthy
1286.0911418508613,0.1423027561538874,0.3042563694378156,9.918892047970129,healthy
1291.1109891737242,0.0593449906522855,-0.2318177550875228,9.84380903187518,healthy
1296.0685701083714,-0.1384420202410055,-0.0365174094585534,9.729697546132376,healthy
1301.0996474684284,0.0778229088119551,0.1015688981507434,9.632618368180951,healthy
1306.0100138539387,0.1537428773503246,0.0725548596277473,9.79704708124794,healthy
1310.943432458797,0.4402466797549836,-0.0570067995211162,9.814789377526337,healthy
1315.968180487618,-0.1787991286055085,-0.083162838377449,9.704664951024933,healthy
1320.9768819206176,-0.0712598299477517,0.2767307516634252,9.7337944144236,healthy
1326.0262599018356,0.2850584303481137,0.1361798903874761,9.857821135891074,healthy
1330.979220463308,0.1846584893852766,-0.1510742118877577,9.92993795244544,healthy
1336.0479494530516,-0.0760315523728222,-0.1349772371342087,9.801731141074212,healthy
1341.093545596951,-0.1724005736237336,0.1755265804130251,9.583009474775691,healthy
1346.1451089250954,0.1631449766960034,-0.0792501112328908,10.06281629068802,healthy
1351.1983774123762,0.0439312590461968,-0.0037693124913948,9.80059567980934,healthy
1356.2725404479866,-0.5814655382841365,-0.1177397319834642,9.605912274378422,healthy
1361.295309432549,0.1337814465649012,0.5458504340948191,9.760712792468874,healthy
1366.3394855578545,0.1616962288959944,-0.1633927338954931,9.940058062155796,healthy
1371.404025089296,-0.1290022936552392,0.0032651245622004,9.75777443267305,healthy
1376.3602071108362,-0.0502757933584777,0.3566213929327603,9.762498254749827,healthy
1381.3000642784343,0.1962568453266123,0.0851029507987714,9.841547859129829,healthy
1386.234347275157,-0.0183686734188613,-0.1856751782740475,9.983111852023052,healthy
1391.1318910818854,-0.1020105718998888,-0.2988857543897749,9.7944911642729,healthy
1396.1641211832643,-0.2810901361908519,0.2445959859949288,9.80486186556557,healthy
1401.157373855075,0.0979001871651165,0.2795833806378697,9.768298152958504,healthy
1406.1252963514487,0.1010136093692707,-0.0853333353951118,9.882551738813737,healthy
1411.1330866300168,0.1058970804732562,-0.2477626346902332,9.718572863564424,healthy
1416.215512199855,-0.2315526344212347,0.2316846692333642,9.634249111296848,healthy
1421.2475585279308,0.0732381062998192,0.3060296052299372,9.985435938127596,healthy
1426.2661906067858,0.102037752724388,-0.3047081823682578,9.939631618517245,healthy
1431.2240719979543,-0.1812183354386815,-0.150813044794934,9.769983348822636,healthy
1436.183015447671,-0.1068492194465488,0.3259969220099615,9.872346942637291,healthy
1441.1982463561844,0.31404416134904,-0.0040505352745843,9.909560708418743,healthy
1446.1663742979777,0.0971671100780352,-0.5306132576529077,9.920514100322226,healthy
1451.1342006515415,-0.1764978962883799,-0.1882604820323822,9.76698944663881,healthy
1456.160893891073,-0.1543348974598143,0.2257048744117561,9.842723687814123,healthy
1461.2179702396156,0.4344483286906954,0.2730858520447117,9.841758701376772,healthy
1466.1910872386843,-0.1085783629207427,-0.2880454425294159,9.709350552664944,healthy
1471.150174075538,-0.0952299057417304,0.1591343320861256,9.724454467433231,healthy
1476.1276880517948,-0.0803732361519218,0.1922910181295356,9.84314690213874,healthy
1481.1227194958994,0.3782179138406695,0.1654476738629065,9.900309106999924,healthy
1486.062868809899,0.1188532473787479,-0.2433665247153962,9.83957183721257,healthy
1491.0917367091747,-0.475346849800283,-0.03261506355823,9.913592942900229,healthy
1496.1435318961933,0.107456813564234,0.2575800445606534,9.844488156238183,healthy
1501.2086765341614,0.2974634317311165,-0.0404503270332035,9.823732780224402,healthy
1506.279998721676,-0.0257591618664515,-0.1999266181984897,9.91858566547074,healthy
1511.183086003907,-0.3043799206117235,-0.0449788172166319,9.693866752928114,healthy
1516.1932370051725,-0.0429924173347749,0.1429465543421796,9.771924020940276,healthy
1521.2289124002373,0.1056448813004476,-0.1269846702868522,9.813908089531104,healthy
1526.267279646504,-0.2226451855426679,-0.06686694379479,9.85341571094856,healthy
1531.306232954997,-0.1721936488718106,-0.0073586616437277,9.827658343083938,healthy
1536.4143933999062,0.1282283165523822,0.238008907337943,9.934145192069218,healthy
1541.401404821324,0.1763315282673067,-0.1450343122511566,9.977048261831342,healthy
1546.4606942778728,-0.2342105920338624,-0.2957808722266,9.73205968643573,healthy
1551.3679473276777,-0.1094014082752307,0.0834263490817642,9.720249625419326,healthy
1556.4408583363297,0.0360308812446421,0.1120056216595166,9.906108409273957,healthy
1561.3573630159244,-0.0207741408736252,-0.2616283427250154,9.94020830055616,healthy
1566.3265046047013,-0.3076768794778351,0.199004008036714,9.7596361891864,healthy
1571.2757172760998,-0.0434461227346023,0.0898680281626209,9.90214196072976,healthy
1576.2950367742542,0.2259692476245558,0.1812028621195986,9.835966169362123,healthy
1581.220602884081,0.1513036279226807,-0.3602352521400469,9.745908346101707,healthy
1586.1915254189469,-0.4553175819155824,-0.0209474128002259,9.697317765140305,healthy
1591.189793457929,-0.0962561123505971,0.2058243193022725,9.974129571915991,healthy
1596.311862542858,0.0423317338436188,-0.0120542428590997,9.88894937639709,healthy
1601.3802456196042,0.0355524212695421,-0.3834224117788485,9.661416245261933,healthy
1606.3016690987156,-0.1468861149901057,-0.0216354232465892,9.65971761755782,healthy
1611.2944086840855,0.1819885271001443,0.1318206768487121,9.885048707215592,healthy
1616.3205759294708,0.3001854188409717,-0.0728166531475194,9.76366092162296,healthy
1621.335920915999,-0.0123785568827929,-0.24795872732641,9.748619691811124,healthy
1626.3548707692091,-0.2485413985415661,0.1010587262646523,9.63774942243462,healthy
1631.287127472949,-0.1931842642288739,0.296141617836314,9.64727482566086,healthy
1636.3152431808858,0.3088464402867339,-0.1570675869660904,9.848954659189175,healthy
1641.326440502528,-0.072140382304498,-0.0752151252486181,9.902364581377508,healthy
1646.3106176035033,-0.1540309352918712,0.228749906985954,9.823080725580873,healthy
1651.371980439456,0.1002913232347859,0.3062763736523182,9.715157832853116,healthy
1656.31840722373,0.2441756540979054,-0.1770140624464141,9.886729514321996,healthy
1661.3018327214409,-0.3495103413245148,0.0008889247209512,9.797024340553318,healthy
1666.3348643623206,-0.234018729994609,0.3262422526474176,9.630169865742609,healthy
1671.3642868241568,0.2350427177874622,0.1243342852337583,9.928781047272055,healthy
1676.3541722664654,0.0087718313628209,-0.0227957626203208,9.877909418389873,healthy
1681.399107985771,-0.3603485979321988,0.0182007258089987,9.588320884924515,healthy
1686.4443890604762,0.0126086367649426,0.1151282973637975,9.75834727168126,healthy
1691.449307144124,0.1726262196433318,0.0645797706306454,9.793815867803795,healthy
1696.497482117534,0.1995019383646424,-0.0887028585786057,9.7441929935988,healthy
1701.4987835949676,-0.0205073772073255,0.0154087132285968,9.769895549635963,healthy
1706.5449227547333,-0.0291647054617066,0.1308904871936918,9.755878642702982,healthy
1711.5651142310537,0.1168071626706064,0.0606352038930205,10.018036367588586,healthy
1716.6078039301958,0.0928463182687862,-0.5057479547955576,9.850407785914117,healthy
1721.4971348143883,-0.2543320185516846,-0.035884313678986,9.787732495904905,healthy
1726.5282943081709,-0.0684798059100298,0.3073840464694264,9.77482220643546,healthy
1731.611661479209,0.3391918873247787,0.1001212062810564,9.994607587535858,healthy
1736.7391349425682,-0.1645480616044779,-0.1407834690487195,9.840948975402528,healthy
1741.6945461251655,-0.2607996274061208,0.1603892111449765,9.718337446744204,healthy
1746.7575608217612,-0.0225292046925591,0.1784028111078022,9.887144011311324,healthy
1751.7894691463473,0.2164812644075896,-0.1778483970984647,9.84258669518028,healthy
1756.847315041365,-0.1341865243191609,-0.2666139837994237,9.764258063111605,healthy
1761.8501802701642,-0.2430822760002336,0.0611354737712938,9.758116110165904,healthy
1766.8492416229783,0.2654029505560098,0.0485764337512797,9.690074125004449,healthy
1771.7851592745913,0.2014652783838734,-0.0602602697913275,9.915244152297998,healthy
1776.734018413398,-0.1638453451144204,-0.1669679851910694,9.847119287144317,healthy
1781.6961005002315,-0.1502215120272132,0.3502881668167282,9.863642792180103,healthy
1786.5954542912514,0.1977398100326398,0.0007697500253554,9.852321314348313,healthy
1791.570031543505,-0.0230829777765444,-0.1300778552137625,9.974539702274932,healthy
1796.5136410899,-0.0883867660004126,-0.2011512426123961,9.82573594446724,healthy
1801.468710788697,-0.0246680923248784,0.0778038188215966,9.699446112073344,healthy
1806.43036643912,0.3558712795290741,0.1921462451977098,9.778405817936845,healthy
1811.4599348749923,0.0250599474282604,-0.0949170720589058,9.861389054553548,healthy
1816.4483894976545,-0.1997642654746433,-0.2862202351295129,9.747219017620402,healthy
1821.523848434124,0.0379921380398978,0.3249485633630103,9.682947906794574,healthy
1826.4899847881777,0.5086063010145734,0.0555910470111542,9.813282294742688,healthy
1831.5173160088748,0.2398722347346485,-0.0675338394632308,9.876585942736977,healthy
1836.490394961325,-0.1017489653726984,-0.0581291705531432,9.783341596215417,healthy
1841.512194220373,0.4131264251345055,0.388580650795226,9.842955182768945,healthy
1846.4778249892152,0.3776678393965754,-0.1511032317541981,9.934122107468635,healthy
1851.493153161688,-0.1836563420600001,-0.2900047329336749,9.908340486294348,healthy
1856.459264792236,-0.3470846786556836,0.116389708563911,9.701875912469534,healthy
1861.5056694763412,0.1761323762895959,0.1571757088810119,9.856406501632453,healthy
1866.481907120818,0.2719120225529088,-0.0604492474512148,9.868442672060832,healthy
1871.50641496572,-0.1085622250523504,-0.0441851580666493,9.806076167026347,healthy
1876.5060518524872,-0.2186651529801888,0.3692893741895028,9.792308947140114,healthy
1881.4934993281115,-0.1321184220207948,0.2921638721852716,9.725523264703217,healthy
1886.4643151208652,0.1635624920933692,-0.0590309647850847,9.99395199700693,healthy
1891.501339146433,0.0861104059341137,-0.1782107208510527,9.937687768656271,healthy
1896.463489889821,-0.1677078226997614,0.185470541283837,9.74605658122012,healthy
1901.4802656534127,0.048421545483425,0.2618394841207051,9.998836113110944,healthy
1906.4243333738052,0.0812922221666455,-0.0998493162314739,9.817575579597287,healthy
1911.4459339700516,-0.316740477834037,0.0188463507326577,9.88445655704428,healthy
1916.4177644634171,-0.2491408392279146,0.1468981787673089,9.80820886147473,healthy
1921.352264698579,0.0945105033658454,0.2234174487615957,9.951748223329142,healthy
1926.3143796147265,0.2722315164908726,-0.2407318103124626,9.90002276662308,healthy
1931.3892892292208,-0.1951516112461558,-0.1221362466544412,9.750831436093668,healthy
1936.360361787076,-0.1328567341474593,0.1580049113210496,9.721667555547794,healthy
1941.383054029176,-0.0999243439101313,-0.0594267202499539,9.684509128632476,healthy
1946.4083521385191,0.1194980629252684,-0.3888303641168251,9.794332495519257,healthy
1951.341393814248,-0.2573408130560863,-0.1106329780109315,9.743981770208476,healthy
1956.3130476829515,-0.0971861889685086,0.2396791959497477,9.864204994581506,healthy
1961.3813577080164,0.014883328857399,-0.1091326587073211,9.735491797457057,healthy
1966.377687634125,0.0192812873449875,-0.2211357309012569,9.829872418611046,healthy
1971.224695636976,-0.3650136272039335,-0.1449945329318825,9.767740704083485,healthy
1976.2386758104635,-0.229344862642523,0.4507823604897748,9.719307209422276,healthy
1981.2324410843328,0.3350572076452583,-0.0556270954441359,9.928729737206131,healthy
1986.2386314832795,0.0699199362781474,-0.127505515455772,9.682283422443875,healthy
1991.32375380868,-0.2385949163510475,0.0248755572088606,9.741555536690138,healthy
1996.330433448444,-0.0669982537677547,0.2233891216240609,9.691005968614354,healthy
2001.3784416639337,0.0918765160353934,-0.0534653803222928,9.981235228105296,healthy
2006.3463439539532,0.0043323661163289,-0.2176795993928524,9.785897197726843,healthy
2011.3381851607207,-0.5520502846303279,-0.0201667794626732,9.67550983351098,healthy
2016.3002552437429,0.1221704053480961,0.3083883527101635,9.848092933331996,healthy
2021.345398288454,0.2392018437903584,-0.1412473434143059,9.908854469151995,healthy
2026.3403438380735,-0.2511304932406732,-0.1102117006977956,9.713201463566556,healthy
2031.3943329635488,-0.1518838410836719,0.2651663893590613,9.808294591492764,healthy
2036.4170344538695,0.3039651805869887,0.1769731350203477,9.71698657129184,healthy
2041.3712243309585,0.2384063801792434,-0.4356010897953766,9.739887618707613,healthy
2046.43216783644,-0.2056130053098608,-0.1767889130319976,9.75279377777149,healthy
2051.426665847038,-0.244972819495697,0.1025193640263846,9.851763019706535,healthy
2056.396751730002,0.2830432534918767,-0.0240029744557317,9.840729339402596,healthy
2061.378185013029,0.1054383542861799,-0.1278689956090102,9.854644553626022,healthy
2066.4041631800037,-0.114014661158567,0.0289855393351787,9.80948280136704,healthy
2071.504251940045,-0.1120208574513203,0.1766889809005938,9.844039571478351,healthy
2076.527222963069,0.3251605164401526,-0.0142185053330285,9.700105658055111,healthy
2081.591241419693,-0.046210215611118,-0.2499898462758383,9.914705032696624,healthy
2086.6371328149867,-0.1923126539044307,0.0269159207822642,9.8522439572713,healthy
2091.687677833849,0.10429150971311,0.3295871208163503,9.93237674092814,healthy
2096.715702447969,0.1057565679278486,0.1067066992479931,9.867909050213273,healthy
2101.68368772862,0.0953970846558852,-0.0204331223192306,9.79831979103744,healthy
2106.783836848764,-0.034208360882952,0.1884340138934131,9.754140782586637,healthy
2111.7594064116256,0.0572385011534576,0.1900549073324923,9.889786653615737,healthy
2116.8008198633643,0.1601423234870363,-0.1005467996141691,9.944188795922138,healthy
2121.8182524896274,-0.1351109386042027,-0.2222441656012422,9.86590123254887,healthy
2126.75846259449,-0.2260078406505755,0.0285726381410644,9.65766814661722,healthy
2131.7446043978566,0.2443280597048228,0.3019431510110024,9.8283166083635,healthy
2136.678387975766,0.2696467690702136,-0.0152136512894221,9.89957325965279,healthy
2141.609054501004,0.0015266482460722,-0.1435048633427438,9.741516415659886,healthy
2146.6382036233667,-0.1640261360116316,0.18923742530547,9.802445415676788,healthy
2151.601096998029,0.0917079961033209,0.502368616830737,9.86444637976754,healthy
2156.5866490214003,0.313128856738509,-0.3489468208528498,9.863013864857066,healthy
2161.6149412579543,-0.2795267212451066,-0.1504862623757297,9.82322210363421,healthy
2166.633402899948,-0.342646345994561,0.2452610260761495,9.804681180513724,healthy
2171.6885608764624,0.0858193945641826,0.0423728632301646,9.857766292849544,healthy
2176.664555824477,0.2678903057680686,-0.0713653655828399,9.856533142332866,healthy
2181.6646759461223,-0.1806770424325948,0.0788994318948718,9.70255342240854,healthy
2186.748962461495,-0.1158546704482608,0.4109704987081454,9.734477074292698,healthy
2191.8314902724346,0.3064030925413601,0.2415387656242913,9.865920628080788,healthy
2196.738434795457,0.0325249286243444,-0.156734792240823,9.988820497544348,healthy
2201.7093888844383,-0.006793927747038,-0.2155657470546573,9.809794426373678,healthy
2206.656974128457,-0.0844855414180645,0.3036595805874073,9.79323683037592,healthy
2211.6819005559923,0.3031497050599595,-0.163744724115644,9.785081870619926,healthy
2216.787085470286,0.0023617206335667,-0.2305412348992107,9.819581562892434,healthy
2221.78324300054,-0.2424640649330607,0.0749489456572823,9.733638958770728,healthy
2226.7233256256272,0.1061441846770072,0.5031513609694088,9.802680479155834,healthy
2231.725087763857,0.4060757972926607,0.0771974698943844,9.861084213938437,healthy
2236.744078517722,0.0860398007941325,-0.2779490595652426,9.833608998330927,healthy
2241.6328100693045,-0.4152932561001802,0.039692533301328,9.87079090134379,healthy
2246.506475338222,0.1466774585148769,0.1986147236971907,9.9278007012177,healthy
2251.555309112436,0.3607643879331715,-0.0779751597587456,9.799278733230842,healthy
2256.5656900606045,-0.0627409168106049,0.0273747322122343,9.767038363927275,healthy
2261.5334278029773,-0.2801791866487499,0.155175616391893,9.76908302482942,healthy
2266.526404066788,0.1697233068009069,0.1957800197485263,9.748504830793753,healthy
2271.5322993224363,0.3616607797806135,-0.3775740960053975,9.84779085068798,healthy
2276.5026692114584,-0.1137678903755492,-0.1519082090144309,9.721597429971863,healthy
2281.458745693797,-0.0587501247112816,0.0356015987094282,9.801715081445902,healthy
2286.5001384161733,0.1925890472765337,0.2053787436867437,9.843086208775304,healthy
2291.455004320088,0.0200794347071165,-0.084592263282329,9.982687736967629,healthy
2296.4664693514515,-0.1575478958275221,-0.2089203756775463,9.759445063666831,healthy
2301.441544167308,-0.3258681575022303,0.3215002404742649,9.688082879604815,healthy
2306.455916398179,0.2169184542934448,0.1288675008039837,9.80138511547334,healthy
2311.380683258664,0.1915911125994475,-0.092155757221571,9.88525679226174,healthy
2316.384589910307,-0.2516010000213381,0.0436478347190553,9.726110853618684,healthy
2321.406798234178,0.0688176941756284,0.10395137647191,9.87661878345976,healthy
2326.4573994700454,0.2360824536790441,0.0797734111289607,9.740094695631416,healthy
2331.415645884489,0.2028706277253587,-0.3551787108551149,10.06433815472021,healthy
2336.373871427363,-0.3212577575672077,0.0293071336900736,9.707714035369577,healthy
2341.346522425164,0.1072385135693147,0.3264230925130224,9.77513821317479,healthy
2346.387877994224,0.2941016480775053,0.1048286391437616,9.87953612720021,healthy
2351.3201672669798,-0.073911241570588,-0.04639939595324,9.946498880386702,healthy
2356.4298925001685,-0.1180695850030652,0.1658000172416738,9.77869545167778,healthy
2361.3899989335164,0.1724898642735566,0.2363334157807332,9.870881720963204,healthy
2366.447459867622,0.3097694018975777,-0.1803685857943952,9.893002360686165,healthy
2371.4708106592084,-0.0051743744264902,-0.0480088269914812,9.669983571878356,healthy
2376.412042366068,-0.3777779873886955,0.0887847827111665,9.681166186168356,healthy
2381.42748476379,0.1573976602231039,0.1669863476876789,9.675873910487262,healthy
2386.399868448573,0.2310539267999705,-0.3087327409210411,9.940278821634122,healthy
2391.420056111076,-0.2593012283203648,-0.3869385989602238,9.604863580002052,healthy
2396.4845820969254,-0.1355755724732889,0.054301938179737,9.769661901805014,healthy
2401.486709577832,0.1645889507840331,0.3482047375443566,9.893561146698966,healthy
2406.4606171236787,0.1313236715303083,-0.2236972350134716,9.767853093835337,healthy
2411.434710563924,-0.1341655452143569,-0.1320758720719754,9.70731442241197,healthy
2416.5008845750053,-0.022883768486808,0.3485134654951335,9.883327110497778,healthy
2421.6008990045257,0.247702607718819,0.0727371415497913,9.945747143420178,healthy
2426.6780018508493,0.307311663095156,-0.2136875786434742,9.828730802833883,healthy
2431.7336285858405,-0.0644320136525158,0.0293983437437626,9.751630880154728,healthy
2436.763219669233,0.0035126211294438,0.3533603302188079,9.816066081081658,healthy
2441.675488548168,0.2249026770359888,0.30316328234138,9.985922343462192,healthy
2446.714464616952,-0.0310382670148836,-0.3837651552716407,9.795584097471332,healthy
2451.8038071102173,-0.3675440454067991,0.208692678137298,9.716435085893938,healthy
2456.821990047611,0.1181442887766323,0.2883089649840115,9.764294194731365,healthy
2461.79565867598,0.4009441741788389,-0.1259748044408428,9.820778157569926,healthy
2466.888860452743,-0.0743918905030388,-0.5026169123839184,9.680228124887575,healthy
2471.810637174397,-0.1687715087409192,0.0279810995710014,9.779596509276818,healthy
2476.7144770377618,0.0550043240057468,0.1032697143234867,9.796267308847934,healthy
2481.6957804709405,0.4240120954683347,-0.144479119491519,9.94536818271866,healthy
2486.68948884948,0.1097326012687042,-0.1649004332808514,9.92408526197012,healthy
2491.6742602505783,-0.4503438034644095,-0.1332014184865916,9.769937392340434,healthy
2496.6441762027416,0.1264914211685772,0.4114052556885856,9.955291044121813,healthy
2501.6798232988067,0.0256715635578752,-0.0649847015361138,9.799487155178191,healthy
2506.709126560365,-0.0628256840811283,-0.4200943203530658,9.825126468220535,healthy
2511.628766150257,-0.4194934234325012,0.0702753152004575,9.82228442639803,healthy
2516.677021753163,-0.0787021637400791,0.1286843913195416,9.849673223510642,healthy
2521.772994605405,0.0994844033084887,-0.1602938038348741,9.824628718144409,healthy
2526.669883477876,-0.2853767967862343,-0.3923515956231584,9.774265422270757,healthy
2531.7495630873486,-0.2176489852651768,0.0838330473887285,9.756831358700552,healthy
2536.7972959156077,0.0820371401059606,-0.0681800750092967,9.875977765159972,healthy
2541.820510906745,0.2824498425945488,-0.1600606826710685,9.921357116560474,healthy
2546.8021164608044,-0.1376737785466778,-0.3035828546523037,9.667379603829676,healthy
2551.78013567177,-0.1896940526610416,0.2276035570690565,9.863372309304884,healthy
2556.8270905463505,0.5023954144121852,0.1450428453552429,9.896886357714198,healthy
2561.774879746385,0.290097264157603,-0.2715360032239158,9.779559647040502,healthy
2566.836888408347,-0.0474776947980788,-0.2533982168306368,9.7515705865895,healthy
2571.8729715583404,0.1007293386169154,0.2917367121914354,9.843647195981587,healthy
2576.86767163249,0.3120732636613997,-0.1725179217280869,9.777605606886588,healthy
2581.9089585323195,0.0488007527853793,-0.1157359455662303,9.812487449559134,healthy
2586.833068362942,-0.2588137991236527,0.0911952215821879,9.718726720263678,healthy
2591.785717819172,0.0488212433410821,0.032930417917,9.574760136336398,healthy
2596.8854029715303,0.3035425146576579,-0.0531004767563067,9.835330898416732,healthy
2601.910356400784,-0.0814343458940745,-0.338443957010367,9.866238823442904,healthy
2606.8738865061296,-0.2981079715592465,-0.0277197314414247,9.79934089095476,healthy
2612.03205953134,0.1518423712129669,0.3422339241748512,9.815212977184288,healthy
2617.1510512019468,0.1608023997827821,-0.158438097949414,9.941298691551106,healthy
2622.0748186887354,-0.1508276559983258,-0.3842323346469798,9.69291542324604,healthy
2627.1290840084816,-0.326614272785993,0.2288945846659833,9.918738964335562,healthy
2632.1600272029177,0.1854302142294448,-0.0030902625657705,9.88674199110208,healthy
2637.1090330472043,0.1039171161874583,0.0117712350821862,9.750431858594194,healthy
2642.1497716691388,-0.3073663870348849,-0.0925692411029792,9.836625771636331,healthy
2647.1533743747955,-0.2731040527929559,0.2361623531560745,9.811978902232555,healthy
2652.132360888719,0.1651285298898233,-0.0051429884666984,9.978553492849011,healthy
2657.1070325260453,0.2085780146113608,-0.3489226562123488,9.874677305100292,healthy
2662.102195443945,0.0529073987869608,-0.117245129230417,9.735864138581888,healthy
2667.0951709859605,0.0531470584222565,0.075386550812833,9.856528833076514,healthy
2672.1003541476634,0.293326159994374,0.2681599372382431,9.956011720718168,healthy
2677.1071481261515,-0.0211903909082008,-0.271126204353449,9.769605276854634,healthy
2682.0178618483133,-0.2627845020355848,-0.1752373865245181,9.81364487765481,healthy
2686.975898736333,0.0309515400114774,0.2454591093490201,9.745225602402366,healthy
2691.9698915043828,0.411731882134732,0.1287963078332058,9.807928887426655,healthy
2696.999517879597,0.1199358926543683,-0.3317192001923869,9.90583504897512,healthy
2702.016877230724,-0.2849789746259491,-0.0567052176043646,9.766904697456091,healthy
2706.9713626768944,0.1570965887939949,0.1644444339937196,9.81964770972244,healthy
2711.9792003275893,0.3810649581113763,0.0947688827954391,9.870857761867406,healthy
2716.939167467312,-0.2005086056685505,-0.2457547510253849,9.83353879817297,healthy
2721.9428014512496,-0.2337444314304495,-0.1196460374907503,9.592777729337616,healthy
2726.8645823322454,0.0207807463888141,0.3975853892663096,9.773625136189882,healthy
2731.894249629502,0.2237960313315354,-0.1985369696739346,9.9416714157016,healthy
2736.9919857501427,-0.1290590011248315,-0.5597766419981077,9.793146015766126,healthy
2742.0129872100765,-0.2053134092766398,0.0782406951913824,9.770905209797183,healthy
2747.05469514736,0.0908413119926772,0.3515187252320924,9.7860863697224,healthy
2752.025471669662,0.3056002107959834,-0.0166349182432788,9.907223548134365,healthy
2757.14276771039,-0.1278829734924115,-0.1895859486636159,9.848352636117683,healthy
2762.142611792729,-0.3373351644586178,0.0971817572663193,9.796879983686038,healthy
2767.090656307682,-0.0410809890003892,0.2693288934157854,9.856008478647093,healthy
2772.1316290498808,0.2263579500777573,-0.2473429823246088,9.91116696553904,healthy
2777.11787845638,-0.1996410197074392,-0.216707381026786,9.827597834995998,healthy
2782.166773256188,0.0500048905025666,0.1507474281078669,9.818376750227667,healthy
2787.2058755907024,0.2959492332412333,0.2967665289998453,9.823734759517416,healthy
2792.245740946812,-0.0063767396289294,-0.2081305784696341,9.920919802701878,healthy
2797.2208955446717,-0.2332059071811969,-0.0584995297155438,9.674093869406622,healthy
2802.235847737166,-0.2686027929691618,0.1818003880379593,9.810972137021354,healthy
2807.277058500853,0.2348210244651121,0.2426447037783901,9.727650629314136,healthy
2812.2915714299024,-0.0625971590477546,-0.2138295589796016,9.760263655528403,healthy
2817.293948198965,-0.3038594367176417,-0.0186212154215883,9.629736915138976,healthy
2822.294155930804,-0.200857203503105,0.3664256824787352,9.74012205525897,healthy
2827.3401735648745,0.2934923116224635,0.0856058787524227,9.752486842342174,healthy
2832.2760256283977,0.0014373586833918,-0.0985362197917326,9.71969837890292,healthy
2837.230015893454,-0.1497810040265156,0.0147515042985213,9.808287211083842,healthy
2842.2281209292337,0.0936774344994909,0.1288278694750065,9.84065721293416,healthy
2847.1609104920635,-0.0209603374213623,-0.0157959253321985,9.7481115102192,healthy
2852.13512466582,-0.0159435006913754,-0.378271176209296,9.862893575300571,healthy
2857.0662760761697,-0.392584732352231,0.0919910455490658,9.703077613741064,healthy
2862.0515296018293,0.0705147317196604,0.1579822006596894,9.888343110237749,healthy
2867.179511766578,0.1133742923203855,-0.1591633277971136,9.839220658267164,healthy
2872.207196390488,-0.322266473396101,-0.1938334129750535,9.899394457772155,healthy
2877.20249650355,-0.1780227816828752,0.0147462158528027,9.715719301121046,healthy
2882.142015861026,0.2924664963841773,0.0987157604204254,9.916274182100128,healthy
2887.1011014646324,0.2124648044765072,-0.2359294665029393,9.916078242540022,healthy
2892.109037975561,-0.0557063754346997,-0.0482779469799667,9.73883173840916,healthy
2897.0941723342166,-0.083908130786023,0.1395059678055542,9.821346797504548,healthy
2902.1683572324287,0.3628955926401405,0.1869304201665216,9.73146280536219,healthy
2907.198556505123,0.3365236661214482,-0.1089621575273882,9.799554077505023,healthy
2912.2579407541275,-0.0352461767220303,-0.3904295968226435,9.700364417102952,healthy
2917.210759751885,0.0898271924290497,0.1268981767375753,9.824546941359229,healthy
2922.27244551001,0.1411047257412587,0.136568502383525,9.86032380507758,healthy
2927.317146096362,0.0795576064479956,-0.2081195442962401,9.708268643312506,healthy
2932.414384903043,-0.3481679944515004,-0.2383402116444216,9.794797356599464,healthy
2937.3774402928684,-0.2208256278969471,0.1147819419784624,10.025394666618896,healthy
2942.376967120597,0.3139737480212539,0.0193613892167703,9.85752426720106,healthy
2947.4681368978195,-0.1901652145323099,-0.1365725143496159,9.934534178459703,healthy
2952.495773286414,-0.266185120408221,0.13543501037904,9.695525477671277,healthy
2957.490219712917,-0.054754665754723,0.140898417088802,9.830752600730955,healthy
2962.596627484823,0.2209724396139855,-0.1291715202347384,9.908379273382732,healthy
2967.649358997812,0.2250308766371454,-0.0627952505821645,9.721149992489698,healthy
2972.7496128260805,-0.3173949302064121,0.1769571551987892,9.818402192530852,healthy
2977.729382616309,0.104685652011741,0.2328359654597384,9.809236866857738,healthy
2982.7680808525924,0.295881980092653,-0.1567003344549683,9.83602988310935,healthy
2987.683502337561,-0.1415564767529884,-0.2136504382832936,9.652441073528408,healthy
2992.690320422142,-0.0225096411481302,-0.0118128007034505,9.77413725681403,healthy
2997.705235060769,0.34034368061824,0.3574159363078925,9.910176469646157,healthy
3002.756312180348,0.0371057920657104,-0.2005561634894381,9.827057268759772,healthy
3007.772127805502,-0.148251668539954,-0.1753913822914689,9.775858106994937,healthy
3012.780896393896,-0.1354182117740638,0.2067698907947603,9.886723479511796,healthy
3017.7764441583163,0.3990599042901054,0.1983981964561545,9.887280404254057,healthy
3022.803368122076,-0.104478276643961,-0.2534298724544546,9.893513499868194,healthy
3027.784732945468,-0.1651287251740278,0.1017828020563171,9.786912984133927,healthy
3032.7298579206517,0.0712886469564306,0.1499373953750689,9.929046857103042,healthy
3037.6471962117307,0.0810296624119344,0.1702381764766853,9.91152991475767,healthy
3042.683055687168,0.1481360458001831,-0.1903562069304468,9.813812104550802,healthy
3047.744846701359,0.0191455158217692,-0.0374686145518618,9.917925204321948,healthy
3052.803056568512,-0.0922876584960223,0.4530216493387281,9.803504827136788,healthy
3057.728334462774,0.1355104801658868,0.1353715904947093,9.883553188351064,healthy
3062.7332579740983,-0.0017658147186925,-0.2620760754299349,9.91412688514632,healthy
3067.684209877801,-0.3197407371426374,-0.0068987491643543,9.81020452249752,healthy
3072.698418463794,-0.0508032211959579,0.1322153995070107,9.74860724011148,healthy
3077.6588247033865,0.2641635970920762,0.0871316937197998,9.83638187380551,healthy
3082.711557573779,-0.0263094363385169,-0.2145954894932927,9.69132662571202,healthy
3087.678782814819,-0.3280861633539131,0.1474195644103846,9.702707886648971,healthy
3092.692852185766,-0.0319879904467652,-4.747671554519717e-05,9.812957736001218,healthy
3097.726366136281,0.2022900551913966,-0.20877223306949,9.77438907847652,healthy
3102.7095850624155,0.1332857552940026,-0.2012575145202652,9.924168514861066,healthy
3107.668058295401,-0.1720130930980777,0.1031931461545395,9.641454258728135,healthy
3112.6572473172755,0.3508996709109202,0.2748268975444567,9.774641831708736,healthy
3117.6930143148847,0.0788769008055857,-0.0022395230704462,9.823487522298418,healthy
3122.7373057278432,-0.344204530543405,-0.2249611693336463,9.79756258954721,healthy
3127.7027136089105,-0.1020578870742563,0.1450558764461655,9.647460808911646,healthy
3132.720423072938,0.2585226112237037,0.1618040118269502,9.794953351307308,healthy
3137.6460452157144,0.3309027231641697,-0.3111112092434761,9.820000930976091,healthy
3142.6360236878377,-0.2019156567901123,-0.1207669727513563,9.735600090293886,healthy
3147.599956206392,-0.1547197835119326,0.2180901873179362,9.776523765905177,healthy
3152.5370032576266,0.0469272044174666,0.0935732400399227,9.75585478192032,healthy
3157.564324871519,0.1446984990921115,-0.2936213952055694,9.844232300269654,healthy
3162.5712461334583,-0.2518773389751524,0.1071050504389235,9.656837565814907,healthy
3167.548280601047,0.1448157733295494,0.1077428808816102,9.72126564955561,healthy
3172.499608214339,0.2661231289595853,-0.0876270913940027,9.777232962250228,healthy
3177.4273806248084,0.1864678996357823,-0.055048471841926,9.844162385368527,healthy
3182.4306361605936,-0.4234904081756709,0.0461786990647916,9.673801929482968,healthy
3187.4250980113493,-0.0871003396420672,0.3797245444135056,9.997716827468418,healthy
3192.4346430406504,0.4141804365356194,-0.0960369300453415,9.84981160707548,healthy
3197.4142584887063,0.0234875787615413,-0.5618314565240005,9.7504867084606,healthy
3202.441214906939,-0.1958446780616983,0.0150349064299843,9.78733115484624,healthy
3207.437191352783,0.11856602311509,0.3610600589139862,9.862574032285828,healthy
3212.334539423602,0.1765787390488832,-0.0962581547928086,9.889870355535267,healthy
3217.2674720525765,-0.0925595129070548,-0.323177515371009,9.725063413300374,healthy
3222.2298580497527,-0.2828644374361129,-0.1232374859931934,9.73228233989376,healthy
3227.300477856326,0.212171134216875,0.3478924527808864,9.733988605656,healthy
3232.3560384877896,0.3183145581078476,0.0298937141031747,9.929083360553545,healthy
3237.302287890228,-0.2503989950460991,-0.084829749183069,9.783513222508784,healthy
3242.322303540781,-0.0631885456365141,0.1851008083003512,9.738054404764029,healthy
3247.2499875073145,0.4394388836612755,0.1543963833588535,9.828909977883171,healthy
3252.2883355443246,0.085757441512646,-0.2220092190950335,9.937548304569852,healthy
3257.33232098086,-0.4070017728346434,-0.265353365405802,9.869711177499468,healthy
3262.339030296968,-0.2127752249086146,0.2235503134361643,9.707582963293923,healthy
3267.3268432827163,0.2188152196150113,0.2011603629552775,9.844213820211545,healthy
3272.3394210226697,0.1969833073087266,-0.0585752315460394,9.79836320124658,healthy
3277.236398308475,-0.188058145421542,-0.3586980495821198,9.753638193114911,healthy
3282.205253989441,0.0980198631456026,0.1319303404929104,9.890353472478894,healthy
3287.180928620132,-0.0553282390638129,0.2235470898281917,9.810120991458996,healthy
3292.1902010655617,0.1174964960934918,-0.3600953910649594,9.655525119055268,healthy
3297.243751220565,-0.2418752407526034,0.0737792653254728,9.713071601251649,healthy
3302.181623809217,-0.0347218164220259,-0.0988505714607589,9.883107784206215,healthy
3307.1962397397456,0.1799498991068802,-0.0190904991924079,9.75097143955774,healthy
3312.1721380018284,-0.0681980350372673,-0.2856350022139976,9.829194730615985,healthy
3317.1393384262856,-0.1710032215667587,0.1922666826091397,9.67458818087507,healthy
3322.093610238576,0.0198443756491347,0.4417646247578116,9.867486135486756,healthy
3327.0447529726403,0.296346124750478,-0.1216068512022495,9.816971389526191,healthy
3332.086819217528,0.1056843219697414,-0.1566656573745337,9.852270983457558,healthy
3337.108398208635,-0.4173096747603984,0.193148568145905,9.644226018089435,healthy
3342.149845877658,0.0401155072625078,0.2529115075060096,9.883615665378366,healthy
3347.1466047006284,0.4211027452697825,0.0156962957128441,9.95328385868435,healthy
3352.111796705649,-0.0221439956863519,-0.3175008198221832,9.69179653956338,healthy
3357.048567710801,-0.4589998131288431,0.0745279327028581,9.791076766219692,healthy
3362.0435290492524,0.0364369579521671,0.2499822113724641,9.847202608990116,healthy
3367.06158294789,0.1765968225440884,-0.3201469800938971,9.812764509798422,healthy
3371.987659290728,-0.1713402095233363,-0.2929068767162088,9.70797934351365,healthy
3376.9548450119146,-0.2656709869592539,0.1900500163859852,9.846052991652757,healthy
3381.9295923520945,0.1945335314166072,0.1809505729153139,9.715363977898186,healthy
3386.983847671788,0.0089063137826989,-0.2270945958347839,9.895957535945728,healthy
3391.920084224037,-0.2187307939818587,-0.1847574966548641,9.796558999454358,healthy
3396.967211235765,-0.2055378830700806,0.0916695277791261,9.707614341910933,healthy
3401.97506898424,0.2235650691910641,0.0786428392177309,9.75774829420514,healthy
3406.9520764920944,0.2351473254164383,0.0552340339567112,9.850411262396342,healthy
3411.910731469673,-0.041408007310963,-0.3042486304118512,9.74045297239254,healthy
3416.8690640976424,-0.1618145959823003,0.0440647216858719,9.71308292302384,healthy
3421.917640737806,0.1388810349067555,-0.1406106983376561,9.846242891173937,healthy
3426.941459233893,0.0106638999061776,-0.1992004530475861,9.764061498759048,healthy
3431.952647123685,-0.13924613115116,-0.2484878413448377,9.80794040908564,healthy
3436.984130208729,-0.0636157507172897,0.2055873011990069,9.778744338756084,healthy
3442.0378300054595,0.1698115434555572,-0.1096792878150912,9.821195294071174,healthy
3447.034181692947,-0.0469443640237347,-0.2987804242740676,9.812073832719786,healthy
3451.9919438266224,-0.1927862086105684,0.113071671970417,9.908306612718764,healthy
3457.02648561387,-0.0553924353799087,0.3024549298842321,9.859360251146803,healthy
3462.0580622437906,0.1323562135031997,0.2251773508986276,9.786103615526022,healthy
3467.0860758568583,0.1070879588494685,-0.4041571309802301,9.892028093541253,healthy
3472.0756049408174,-0.2714975352118674,-0.0881293766217227,9.711937610620742,healthy
3477.0338590425986,0.0808936132869657,0.2992112028865582,9.864779811069056,healthy
3482.0893884050683,0.2124736744144504,0.1633417844681718,9.904019365298248,healthy
3487.0451984556585,-0.0825791615992477,-0.2466025296527923,9.817657116077708,healthy
3492.043292229837,-0.2748276125787692,0.130359419085877,9.64428795546384,healthy
3497.10417557378,0.2518051107576509,0.159561182407134,9.830764114080011,healthy
3502.1312003001644,0.3434020447173586,0.0492272292862603,9.897586053475887,healthy
3507.0591471099824,-0.3257574177382766,-0.0149501314436238,9.72438639732278,healthy
3512.0877380277607,-0.2866577814812708,0.1728510633601346,9.794526866630177,healthy
3516.972755339606,0.2309613630665075,0.087648607764777,9.88597948985895,healthy
3522.030452481831,0.0839487117010671,-0.3345398105969189,9.814980534035184,healthy
3527.067057159435,0.030588758682364,0.050848478897613,9.876232700525533,healthy
3532.1028493084723,-0.1038319403434866,0.396344304008655,9.949093665448675,healthy
3537.1377640168034,0.0759792732072411,0.0408904316705367,9.834392661983255,healthy
3542.166352489675,-0.0260526082791182,-0.3286796378649186,9.828725353121678,healthy
3547.235861896405,-0.3103560011288929,-0.3238561228123419,9.89870465193034,healthy
3552.307353922156,-0.0570750167654696,0.1658343133053724,9.672436596015864,healthy
3557.299330787024,0.2880180165285484,-0.106706625036312,9.787933537321472,healthy
3562.2989892873197,0.1478069546981097,-0.3858346713952713,9.82054129277117,healthy
3567.282321955673,-0.2718437264124495,-0.1576212056241251,10.019765679981868,healthy
3572.3053144100263,0.138040099761657,-0.0919266741992941,9.728665852412355,healthy
3577.2020316170965,0.2120762937971178,0.0601402550722884,9.78973925813308,healthy
3582.207597156641,0.035425118961202,-0.2418921279466502,9.87782353387596,healthy
3587.133074904112,-0.1077710564213618,-0.2062486290858832,9.778288643061495,healthy
3592.0682790216792,0.1372568816604459,0.1283759448963653,9.670638767674449,healthy
3596.9934358480177,0.2836922660241177,-0.4856844717486142,9.82337936426554,healthy
3601.9412434895776,-0.0517441184640286,-0.3320767469648849,9.833238633374416,healthy
3606.955551416782,-0.2990472493607808,0.1441671881722312,9.681079191803352,healthy
3611.9410950061647,0.0891416009521917,0.3808702084265555,9.811567253132983,healthy
3616.934237337354,0.2917612657971363,-0.1318765137393898,9.806528377919395,healthy
3621.971632463724,-0.0816849010024185,-0.0303327610789909,9.87402756973334,healthy
3627.017621756695,-0.4238306866036201,0.2222797193326229,9.86167478720538,healthy
3632.0756636273727,0.3201886807932016,0.3702081260253652,9.887203811706344,healthy
3637.079586281147,0.1072469850984641,-0.0950501044954625,9.883323695721831,healthy
3642.1027034673016,-0.1855536622824792,-0.227937761329764,9.680869537906998,healthy
3647.082314049642,-0.0516608435228335,0.2568872470440543,9.81019573356534,healthy
3652.0581149220793,0.1297765385873316,0.1789253119229862,9.733622794646308,healthy
3657.04422892078,0.3448845397912887,-0.04473370889665,9.86237272262524,healthy
3662.046531780922,-0.3078875322636359,-0.08257686508464,9.74782184580853,healthy
3667.00239719582,-0.1941256747875569,0.3559799608705056,9.768200534965262,healthy
3671.9834502521503,0.0835547811229489,0.1792517969335968,9.865585904724565,healthy
3676.972491792219,0.110115286263385,-0.1840560621224647,9.786385416537044,healthy
3681.942519986167,-0.1526886745486946,0.0119086243076234,9.774503149395256,healthy
3686.928527794181,0.1814125849851558,0.5562839165042611,9.693311059614558,healthy
3691.94776837479,0.422545531206431,-0.2182091232411688,9.73910379586284,healthy
3696.979036119945,0.1577363219851751,-0.1017107640356217,9.739420868556737,healthy
3701.970840080434,-0.4014318488112364,0.0183823100241627,9.758575816301365,healthy
3706.931833007039,-0.0808886556241457,0.199933779399274,9.640710105433092,healthy
3712.008371979647,0.4345175974722881,-0.013187887179817,10.01720530393652,healthy
3716.9475970020953,-0.1191102207953007,-0.3814933985432875,9.842267720521995,healthy
3721.9439085182166,-0.383205098332847,0.1050527518620412,9.855415208425809,healthy
3726.9312865464,-0.00311482398319,0.3022133743052836,9.802812831305337,healthy
3731.946500276584,0.056158101336043,0.0327861530878952,9.943796559674848,healthy
3736.915921595759,-0.1425784418756032,-0.1643418695497779,9.742934406449116,healthy
3741.9517058889114,-0.2968837311917003,0.1745371948694229,9.66403083595041,healthy
3746.9495887693215,0.0851037698719212,0.2956223898926246,9.910250894207486,healthy
3751.985358912302,0.0101311547006019,-0.2347672545469944,9.943901231641927,healthy
3757.025191705772,-0.0844980039296187,-0.0793144125887222,9.692439014983448,healthy
3762.10197096666,-0.144472141529684,0.1756323151774398,9.742752967388212,healthy
3767.1154340682447,0.1585643857963979,0.3321797009987507,9.86558545721517,healthy
3772.1169197123822,0.1802298124094705,-0.2384906183473059,9.824218725846642,healthy
3777.1045627585386,-0.1808701270860749,-0.1459793821937079,9.80569340003055,healthy
3782.1616625534994,-0.0626806187799086,0.2351485797925844,9.697892565498968,healthy
3787.1110865001697,0.0666351924122841,0.1461856102566476,9.64966507484754,healthy
3792.124566682825,0.139615359053235,-0.2772904866256049,9.923439292688109,healthy
3797.193571805751,-0.2197031007628347,-0.2414571117534008,9.73369506919393,healthy
3802.057813968634,0.0689570099054231,0.0866397853410898,9.8907216681083,healthy
3807.127580230705,0.2812433470039525,0.4109986181998522,9.86781750340163,healthy
3812.1073692520818,-0.0183556502471864,-0.2797769216375297,9.734968139444664,healthy
3817.1988011663775,-0.2639111355648041,-0.0693487923870985,9.821457797447566,healthy
3822.171202869542,-0.1117059809218272,0.2674059176778818,9.90049822624992,healthy
3827.3179126358623,-0.0296208754866034,-0.0009234413477933,9.769131610938953,healthy
3832.276298140501,0.0228439383018137,-0.1832267721991779,9.915943297287964,healthy
3837.250940284146,-0.2249623883504115,-0.0787632122538417,9.804091066075536,healthy
3842.2019665450334,0.1835569593728236,0.1740648767369491,9.85183781328072,healthy
3847.263789333462,0.0974806524100629,-0.1205219107059377,9.810397179146252,healthy
3852.2925127520784,-0.0274810949406412,-0.2427964592413893,9.78441894316327,healthy
3857.297071809682,-0.2185906192001245,0.1292805751107054,9.650440537935802,healthy
3862.339670609774,0.3106397978126757,0.2422415317614049,9.914586206037187,healthy
3867.350041670516,0.3195157637161319,-0.2400078900189944,9.789629416592977,healthy
3872.298786380316,-0.1571483172631496,-0.0610732933472478,9.84455156949774,healthy
3877.383263600925,-0.1494200741152859,0.1956431685174034,9.685052510444336,healthy
3882.304800344225,-0.0027454695001787,0.3594348755627259,9.872475045251631,healthy
3887.312086132997,0.1537714120339522,-0.1258573743952313,9.915370392511475,healthy
3892.349535135218,-0.1364778463329353,-0.009540731822437,9.739523382126798,healthy
3897.3817063731153,-0.2953364222891309,0.1664979059260012,9.871561795360709,healthy
3902.3644853782966,0.0055115598702796,0.1539310884114147,9.927994232448716,healthy
3907.428463012537,0.1411062421243543,-0.0805395141763317,9.7317491073436,healthy
3912.434828586713,-0.23898206192786,-0.1863764095322643,9.801476749506817,healthy
3917.4031909471473,-0.1889731268132743,0.3136408059432186,9.66976503656146,healthy
3922.407460403529,0.2364942563131834,0.1324767913967755,9.904459465140087,healthy
3927.358716400217,0.026306412026963,-0.104240391928816,9.69261675134265,healthy
3932.3652934260776,-0.208455404387468,0.1467704537054552,9.80681596099489,healthy
3937.344654368832,0.1309500075875544,0.2254317660478915,9.712112885452392,healthy
3942.379849016662,0.4221361938081899,0.2893270117779445,9.714538176340012,healthy
3947.4481176839554,0.0482304155209694,-0.4878794534195553,9.867901851439283,healthy
3952.383364258407,-0.2021533150858963,0.1541190950436707,9.781541933232988,healthy
3957.399601256346,-0.0438414769238474,0.2136899199108029,9.83347315706741,healthy
3962.32470947037,0.549180621248459,0.2543115860195852,9.942069821492996,healthy
3967.397324447399,-0.084263183900648,-0.4152868185274521,9.856058887717824,healthy
3972.3441452329407,-0.19305687958743,0.1687484746023607,9.6726211894045,healthy
3977.342271666221,0.0042349470939897,0.1010365767666936,9.912537223346126,healthy
3982.36921778025,0.1709911050868067,-0.1131794408026353,9.864245398847908,healthy
3987.373094342903,-0.2049223066270861,-0.1639961627643061,9.80409434217504,healthy
3992.3269009829455,-0.0589464300718131,-0.0298318596237107,9.802315275577548,healthy
3997.4031645928767,0.0071197842497819,0.1326541611901781,9.731942965922944,healthy
4002.407610159107,0.2502462439272197,-0.105461463039299,9.669784154615916,healthy
4007.419812723482,-0.2625581835153517,-0.24302872751124,9.869879258748655,healthy
4012.4787561354074,-0.2521294614944764,0.4235660814534795,9.853640841454547,healthy
4017.442080859581,0.2969621768705418,0.2513435078719037,9.796737408745232,healthy
4022.467672072468,0.0325243759203854,-0.0297533596995304,9.817418345369552,healthy
4027.4822283204894,-0.1670877047130411,-0.0398954392978332,9.861091767857337,healthy
4032.484827769679,-0.1807567943218528,0.1599401859465697,9.75258366493888,healthy
4037.48621369068,0.1915120875411789,0.0705261051086987,9.880341352708752,healthy
4042.448540704719,0.1881131777509243,-0.1529682560634415,9.88922387838737,healthy
4047.339953988031,-0.0726892088473074,-0.1197351452003803,9.755877034452295,healthy
4052.3363302449447,0.0411909918717251,0.3772887346864856,10.068771020774404,healthy
4057.28275709646,0.3313135810308975,-0.1188688362497609,9.878463683875124,healthy
4062.30823259498,-0.1559035897531432,-0.03265126116327,9.894647815619235,healthy
4067.265321757767,0.0047437906515434,0.1407606772191239,9.87798537268448,healthy
4072.12397022251,-0.2842480821174168,0.1765530144114548,9.607942949581664,healthy
4077.131752569288,0.3583550358948181,0.0458879214022904,9.917369629008476,healthy
4082.126143346575,0.1055312157434246,-0.1525551394311313,9.749173451941603,healthy
4087.1599783251104,-0.1918341784951409,-0.1559382483624708,9.822789236351712,healthy
4092.215967767912,0.3446776126424687,0.2128824191353707,9.734243141498292,healthy
4097.143797576622,0.2454675855550321,-0.0702305171843777,9.858733095449988,healthy
4102.168282509973,-0.0166283540120707,-0.3931883736485401,9.766863076097506,healthy
4107.153902094501,-0.0110402417866309,0.1435516496931487,9.728692724847916,healthy
4112.187626510841,0.0550815267864564,0.1456483443330319,9.763404329905532,healthy
4117.2855814634,0.2027740702350922,-0.1447113534090903,9.823230456158926,healthy
4122.316631788232,-0.147931714710598,-0.1783796594271966,9.771652033630676,healthy
4127.265540586513,-0.1417724984086955,0.2822452438190308,9.729872151814012,healthy
4132.277934016961,0.1646399976169284,0.2361724158130077,9.685052265616624,healthy
4137.330342871714,0.0111258482818527,0.0513457962586048,9.697642200423669,healthy
4142.290243330805,-0.2209157194941068,-0.2177380578814483,9.892804739874675,healthy
4147.270163507607,-0.3086919310202396,-0.0387643382619041,9.74251762570578,healthy
4152.21016132514,0.3238946692598238,0.2287121078753112,9.848700127813697,healthy
4157.232966034135,0.1997159260314207,-0.3894019978394386,9.9116724881589,healthy
4162.215381498852,-0.0639774749907474,-0.064422030061351,9.693273283940618,healthy
4167.224352317254,-0.0005797664221802,-0.014729331543261,9.882199243242605,healthy
4172.289666223083,0.2954090562670347,-0.1040991508143349,9.929788799356997,healthy
4177.318071069527,0.066117565144728,-0.4236531394571134,9.891634698457686,healthy
4182.307735158553,-0.0790900093403723,-0.2383531160319938,9.746523095391325,healthy
4187.194274757828,-0.0492179119991702,-0.0179775976720236,9.775494854691331,healthy
4192.154764779159,0.176428447768168,-0.0062335044079144,9.885079902146408,healthy
4197.150843167866,0.2306056404248144,-0.3103416035607463,9.711161983897313,healthy
4202.11498656173,-0.4374354692182731,-0.2440738447949537,9.7754993745007,healthy
4207.162971281049,-0.1359971040734059,0.111975871418105,9.912677004158104,healthy
4212.172400193344,0.358293905372577,0.0438213110999488,9.838174582415425,healthy
4217.207093380116,0.0002541036458581,-0.2928654960178401,9.860371445904278,healthy
4222.138847838959,-0.1507110160805384,-0.1331257973377605,9.872250368900064,healthy
4227.192054190449,0.0590892575373553,0.3557566125684114,9.81162107891794,healthy
4232.304239740446,0.3089194936484233,-0.036939557631207,9.817571870154891,healthy
4237.356935330515,-0.0291157700773307,-0.0619207607688351,9.973742996252422,healthy
4242.389256819433,-0.2801997438547852,0.0361388607418914,9.94650497211618,healthy
4247.365159341414,0.046929859908928,0.1463075853329347,9.741987545329923,healthy
4252.338564774904,0.2252083402268139,0.0321338201358157,9.875553539261585,healthy
4257.399117795643,-0.3337869723263105,-0.3118089302049512,9.708606144242232,healthy
4262.501679387314,-0.0373514116711357,0.1394411038872276,9.87575128636552,healthy
4267.495904853339,0.1263635605614462,0.0235922900595941,9.870341329208536,healthy
4272.505787392697,0.3454916502273409,-0.0531479955973495,9.670157486622456,healthy
4277.59232248798,-0.3184460015869714,-0.1695866731175777,9.8836688971458,healthy
4282.618333343042,-0.2117668526790614,0.1734512760181756,9.643787749267592,healthy
4287.600090560488,0.2168878791531531,0.2098030456888999,9.89301822404253,healthy
4292.619435871007,0.1157894532351725,-0.113318471773436,9.78272306619206,healthy
4297.627347584062,-0.0588022254382521,-0.0336610312295384,9.718146049874534,healthy
4302.711519777769,-0.0182037246441838,0.1910469361295137,9.891084500026638,healthy
4307.673843407471,0.3450315139084909,0.0874186637326769,9.798373679669412,healthy
4312.675044384725,0.0300642209026896,-0.3363807664510167,9.835637274383268,healthy
4317.645543299606,0.064284790415226,0.0690981003188245,9.75315091531304,healthy
4322.621617407497,0.2193452778751697,0.4807115925563429,9.876693563739437,healthy
4327.591396751127,0.1508271015730603,-0.2076049017947288,9.84926042893833,healthy
4332.566972374231,-0.0775268175660153,-0.2319850350198869,9.812297357021478,healthy
4337.602749984409,-0.1487040180520928,0.2127442473402388,9.705962633030502,healthy
4342.698419070521,0.2326102383875628,0.1127385143318246,9.900311365882636,healthy
4347.701983921705,-0.0092859698061086,-0.1399362579970868,9.936183706806258,healthy
4352.64233376887,-0.1674684388009218,-0.1079609982280637,9.674879303723891,healthy
4357.629654753195,0.0479171617733537,0.1567198305163109,9.70182116073106,healthy
4362.653339648547,0.2773047026192238,0.4185238974077646,9.950113407107024,healthy
4367.70155434541,0.3351341412236488,-0.0500063518954401,9.960058303615169,healthy
4372.666444089994,-0.3776465502066483,-0.3495294061875672,9.742982102421331,healthy
4377.695667199278,-0.2900793753204687,0.3543270341314271,9.791843464992754,healthy
4382.778083722901,0.2347153530032288,-0.0527225590799494,9.782534231074887,healthy
4387.806542448734,0.3411566109545734,-0.135801310086794,9.929159399692985,healthy
4392.8093200748735,-0.1199733049885204,-0.1338189226725199,9.71622382853871,healthy
4397.801076048585,-0.0978641670110076,0.0798737000906192,9.9200494605231,healthy
4402.734503766961,0.3898931034124558,0.1025182168565416,9.87084529261139,healthy
4407.764648131217,-0.1116636991907838,-0.2577597259110649,9.900297410652527,healthy
4412.708521601285,-0.2050764822159,-0.0880443514535177,9.80931360206267,healthy
4417.744130873719,-0.0695101764620844,0.1187099342835435,9.879939421790848,healthy
4422.795828048486,0.0279559008870851,0.1529147196407553,9.7872211439858,healthy
4427.777604457878,-0.0111986020662286,-0.2225470943874709,9.810223658081762,healthy
4432.800878226381,0.1241406361567694,-0.0721246857452162,9.829662076631946,healthy
4437.844233275916,0.1532882139948198,0.4419560226428674,9.828970449413264,healthy
4442.8411782564335,0.1834520426181015,-0.016335531392943,9.776835511685409,healthy
4447.854393318849,0.0081373878383058,-0.496919853962447,9.934736621333448,healthy
4452.856311534606,-0.1949096308222363,-0.0889199935559274,9.722838919220267,healthy
4457.886178023615,0.1462491800358424,0.0710764892642484,9.81716283760379,healthy
4462.882427725623,0.2773248035011427,0.0136236691155563,9.722274156865536,healthy
4467.931921100545,-0.0458409039890393,-0.1809060101912049,9.78834236891736,healthy
4472.988906691002,-0.1002598805017967,0.099174136573023,9.864296979755402,healthy
4477.9988533130345,0.0119451796229383,0.263685484978744,9.864410141391248,healthy
4483.105797125785,0.3512103355651825,-0.0163189216605033,9.71314110865902,healthy
4488.055774806857,-0.0747584257960483,-0.0195162189882642,9.875796585059089,healthy
4493.016059522688,-0.244880976716945,-0.0335724993004036,9.775286870799684,healthy
4498.08534586178,0.3484329669249674,0.1677964034588207,9.801169816061051,healthy
4503.154221183285,0.233034414573192,-0.0984377125816911,9.874412112089583,healthy
4508.072488063071,-0.3923205984595991,-0.1630289245589953,9.846254106437897,healthy
4513.018433962881,-0.3368605517404504,0.1396953969831218,9.814003865239558,healthy
4517.99196356408,0.4100638364736677,-0.003989240104435,9.940832562276745,healthy
4523.019312665479,-0.0015704629240338,-0.1637122049015238,9.87308318549563,healthy
4528.005399684337,-0.368774198485202,-0.0319943622728976,9.709908457405286,healthy
4532.99072515003,0.0562336844545909,0.2352490758430963,9.76873955093225,healthy
4537.991221248112,0.1282480105190978,0.0447110204893955,9.767121040239688,healthy
4542.987560264532,0.1059742020385711,-0.1178805100136333,9.815429308529076,healthy
4547.946469459916,0.0275840299128166,-0.0896492248323982,9.74965384842124,healthy
4552.980763329573,0.2136302463317964,0.3040886418514119,9.644443090071263,healthy
4558.001733955507,0.1264224403457969,-0.1608454288169803,9.784443600051528,healthy
4563.036165927141,-0.030230466266541,-0.0805978833864406,9.621740628282268,healthy
4568.047973132192,-0.0552166659543353,0.2010678346217822,9.70592869479372,healthy
4572.998130609677,0.0724377257560829,0.1914535066461609,9.780236359676286,healthy
4577.947693139509,0.1727260235260548,0.0161821124382226,9.919825213902657,healthy
4582.9901443199,0.0827478609388006,-0.2857254320882493,9.75249295000852,healthy
4588.086311465838,-0.2737326044242044,0.2193883717657789,9.65523345522604,healthy
4593.129258489097,0.3057231608405501,0.215771968975428,9.798024297081431,healthy
4598.131164528411,0.2239839628773859,0.0565031086648159,9.859050150080355,healthy
4603.109815017193,-0.2591897437097702,-0.2735772281592231,9.713867871018124,healthy
4608.102915573057,-0.1436850347841349,0.1143620774636755,10.063792207451153,healthy
4613.082826136417,0.1690628806358869,0.3807339684209861,9.858581500089164,healthy
4618.076693695206,0.2085323359161277,-0.0386177213367982,9.738101734224092,healthy
4622.990744458962,-0.111945462291426,0.1155394149814092,9.66091886162254,healthy
4627.9861086984265,-0.2691215548853853,0.1375039520806388,9.7327353866249,healthy
4632.966117819888,0.3690280511148543,0.0453883789070021,9.908725633734276,healthy
4637.9296635852415,0.1016519431311668,-0.20198208866585,9.888363970818684,healthy
4642.919010713329,-0.3605466785408647,-0.3391084403315463,9.712768726439736,healthy
4647.902162879763,-0.2066965717026796,0.3383705685393893,9.962832750537377,healthy
4652.936826167744,0.2644275029613584,0.0640550391764132,9.844409801450327,healthy
4658.015388147709,0.1115055505600076,-0.251130335016887,9.72094492195243,healthy
4663.015971889529,-0.0208675278401563,-0.0428242263086074,9.871717801651515,healthy
4668.088372867402,0.1192639224939241,0.1503408930367746,9.87079395666075,healthy
4673.101642138496,0.2123542925358754,0.3905947177326053,9.933167426246236,healthy
4678.038331351083,0.092168264989748,-0.1992697983475494,9.893404782238983,healthy
4683.125816499949,-0.2331366601266134,-0.1785680665146579,9.782826720763476,healthy
4688.091345280699,0.0637070154262119,0.0498655240598427,9.896707059719091,healthy
4693.115994260098,0.3078432967110296,-0.0367452030140998,9.918127216236808,healthy
4698.128050870254,0.015242592939855,-0.1951419600055082,9.681470499844524,healthy
4703.139054015412,-0.2803848685027805,-0.0500098904661736,9.767908170736394,healthy
4708.152235862635,0.0988587052770506,0.2314074066064222,9.756735141379462,healthy
4713.107232771515,0.2170081609565642,-0.0268066661866887,10.007408095429136,healthy
4718.119313713025,-0.02665904962005,-0.144152988860268,9.898858300721404,healthy
4723.1703810148365,-0.2138870186090573,0.1949147284308663,9.726194946703856,healthy
4728.217748075745,0.3079680640082486,0.287800773450196,9.760358164630054,healthy
4733.152316231888,0.1493304295965393,-0.0569732200938,9.85373652659414,healthy
4738.1278668517525,-0.1898231554896841,-0.2805348036652036,9.70772805044036,healthy
4743.073921973554,-0.3248205898447231,0.2561513438701356,9.897863846152791,healthy
4748.064518508725,0.1356244915730512,0.017596229528502,9.909273236922113,healthy
4753.0269736213895,0.1343994074200938,-0.2527373321449772,9.785316964520772,healthy
4758.018342948342,-0.1212620027467728,-0.0131284223774653,9.786865276932176,healthy
4763.086560771433,-0.1648850600382962,0.205953034356302,9.900399908721589,healthy
4768.082630724235,0.2417506600830335,0.2347154905777626,9.925077797827022,healthy
4773.060159906168,0.1790545747673322,-0.2784778417326682,9.84237271107192,healthy
4778.078047068669,-0.3100703335089896,-0.1984163677058581,9.644280723820897,healthy
4782.974629979023,0.0217421654618224,0.2833312796219739,9.81780940619651,healthy
4787.993955695766,0.0991178284195057,0.0294487728325487,9.91504445215817,healthy
4793.041257478509,0.0637667192582051,-0.3590842472499259,9.801124144178642,healthy
4798.029845633876,-0.3281328547050074,-0.1331202587457094,9.887443114833236,healthy
4803.051974953614,0.0991860694876902,0.1065913439245311,9.889393784097429,healthy
4808.024729720195,0.3349273894485228,0.2184812305437359,9.820529460602987,healthy
4812.9675468623045,0.1031551766024925,-0.2833280554468672,9.648765890716083,healthy
4817.996637162868,-0.2918918404561365,-0.1642015957925023,9.924369781738733,healthy
4822.998809017968,0.0945394066397013,0.1929078392444712,9.899377123445523,healthy
4827.969478758651,0.1822338901678096,-0.0589484612370871,9.89530957323504,healthy
4832.929919198956,-0.0114764055235509,-0.0981697022661522,9.846306623501606,healthy
4837.945727806748,-0.2100427132014403,0.1502739924624103,9.751108056726874,healthy
4843.032682740609,0.0062112919568125,0.2139539978592418,9.765606904779212,healthy
4848.027876653723,0.566692198779838,-0.1084977421445413,9.76207093446668,healthy
4853.0095452457945,0.0087142963088001,-0.2250419899921626,9.725760400153671,healthy
4858.070631436671,-0.2102576336948703,-0.0033363780302454,9.63759165880872,healthy
4863.08171569994,0.1556699273798661,0.3361845593030548,9.954523444009055,healthy
4868.134040082423,0.2259151469395028,-0.1770409272131654,9.693376028837353,healthy
4873.199216693194,-0.2461585352720618,-0.0817824746604895,9.611446149169488,healthy
4878.264000283036,-0.3404289540248116,0.1476834940774767,9.756226301435222,healthy
4883.280099764183,0.1552937134117392,0.1957216607261829,9.844607333150824,healthy
4888.353532878558,0.1798317688296814,-0.1561267270538826,9.776293211381276,healthy
4893.318619728046,-0.2759328647133056,-0.3977847901117362,9.551121882351648,healthy
4898.371397309587,0.0966531773001239,0.0851876244740081,9.73468912249986,healthy
4903.310306594619,0.2082363839852314,0.0010434963379322,9.79038380655488,healthy
4908.309813601351,-0.0805152895616002,-0.0875711690912955,9.955498356904998,healthy
4913.265960134212,-0.1654574094944784,-0.0943797982878321,9.774766757203418,healthy
4918.330010095122,-0.1220471707679631,0.2694160356732238,9.743042383442514,healthy
4923.383985120682,0.3762976815474038,0.1765086110102289,9.756081961252413,healthy
4928.344808362963,-0.1763945089517479,-0.254370884929543,9.809955719771615,healthy
4933.327806675802,-0.2685939415055808,0.1770674355815133,9.59730107106273,healthy
4938.214853389057,0.0915220655309658,0.4037933663838577,9.966261574019436,healthy
4943.097421720766,0.2513594791984362,-0.1177758924715051,9.979448037169544,healthy
4948.080480397177,-0.2228545104332547,-0.3245242835436688,9.82648048305516,healthy
4953.050525289037,-0.3082030718601686,0.0865363172175201,9.751936090535976,healthy
4958.019079478647,-0.0046104051698482,0.1916900066505405,9.822579371884832,healthy
4962.989137797252,0.3039522635214271,-0.1023951746282614,9.738421537503411,healthy
4968.09571571276,-0.2678705387151348,-0.1828889131927065,9.729145041039589,healthy
4973.238035519081,-0.1991842748318351,0.2607574850335548,9.706258338892406,healthy
4978.302927889123,0.0357592014063321,0.1021033115475318,9.85436898916048,healthy
4983.31784969468,0.2215889115490095,-0.328402891441132,9.854123960411682,healthy
4988.367841810626,-0.1159726152261886,-0.2205097345559489,9.669697606333406,healthy
4993.412800155213,-0.2289800525464146,0.3485082526603972,9.761241414264724,healthy
4998.456937227069,0.2441134889494416,0.2422427168539898,9.78182107448791,healthy
5003.460696933036,0.0924975687817736,-0.370434192799202,9.806197370975305,healthy
5008.435829627184,-0.3358341523318387,-0.0670079112793856,9.771731010995689,healthy
5013.448716017157,-0.0747886043704644,0.2215287160001884,9.65956737015146,healthy
5018.479591479049,0.0788850905177541,0.0839461587320567,9.880857267189125,healthy
5023.470157487306,-0.1601953556589635,-0.3728279177413302,9.636274891971382,healthy
5028.50154879887,-0.2012973172091554,-0.2207391476403663,9.841016011183012,healthy
5033.513088011488,-0.0269163181024454,0.2729647464465064,9.830633245167244,healthy
5038.5223111468085,0.0999544026370379,-0.1921223883208133,9.849922033231715,healthy
5043.47477734379,-0.0989264817350367,-0.3295395291837014,9.768073355177314,healthy
5048.380189503458,-0.3769293532968314,-0.0463624739616374,9.73334749476624,healthy
5053.410401308536,0.15651519072322,0.1443853867686401,9.741082307643618,healthy
5058.399367880149,0.0760965556288925,-0.1294143478535345,9.8105050461471,healthy
5063.350337482698,-0.0134910562505515,-0.5266887875868722,9.864689761741303,healthy
5068.47624523506,-0.195234230490618,0.0745197957082901,9.659241832054008,healthy
5073.467403938803,0.0293784160228787,0.119013371552198,9.789176320892672,healthy
5078.413303341999,0.1519004334991223,0.026502564772831,9.944261678438895,healthy
5083.391449169281,-0.1962923026195257,-0.2526061293820045,9.799902868217556,healthy
5088.3644609760295,-0.1628704022977473,0.1529924034256719,9.710363466310085,healthy
5093.361678911125,0.2286855578948443,0.087723916645765,9.724806637102208,healthy
5098.341112436202,0.0035570712430031,0.0214299243369884,9.722341794209797,healthy
5103.289148073804,-0.0236041379313085,-0.1342175473009486,9.788436576976256,healthy
5108.315733573054,-0.2244873428539251,0.1713257514488553,9.798753420417942,healthy
5113.373366352684,0.3166406111301181,0.176541118502426,9.855319159826976,healthy
5118.388765577707,0.1555835811591129,-0.0614745856162364,9.8965969277821,healthy
5123.394600016547,-0.3879773620729217,0.1005720885221153,9.88011763332272,healthy
5128.394881787515,-0.1349992359730182,0.3924844643987522,9.78011464950529,healthy
5133.430180243116,0.3077028812018973,0.1018833281330852,9.726821346061332,healthy
5138.409793302143,-0.1452391407751178,-0.0319022022774615,9.715353965252255,healthy
5143.425367318609,-0.3190382728908897,0.0198156890085764,9.80933757228724,healthy
5148.471508303931,-0.0338866893497129,0.0607361583420631,9.741842615177848,healthy
5153.463324236021,0.3593480752672056,0.2517555842542664,9.949194907657452,healthy
5158.4044348017815,-0.0170976877254882,-0.3067797410588274,9.870822475458718,healthy
5163.397088388324,-0.3344212469846149,-0.0691539816716874,9.813360767124546,healthy
5168.420410506508,-0.0472208352564988,0.0978015446161506,9.787619079258356,healthy
5173.399307699447,0.2523441652480147,0.0448944653730004,10.005745036247736,healthy
5178.420831045876,-0.0807421337230715,-0.2678577260424202,9.821407832679398,healthy
5183.379877744662,-0.251764145156684,-0.0966524536547982,9.796897516297738,healthy
5188.518240312958,0.1712588630932139,0.2940896869309288,9.843020703232137,healthy
5193.525700956641,0.4244174663013801,-0.1145279281753377,9.778892094668509,healthy
5198.515225516578,-0.2994710484915542,-0.3139823472940341,9.770909008211497,healthy
5203.471054823944,-0.24303440879142,-0.0712002070593486,9.774407396301369,healthy
5208.403907890639,-0.0573284217683783,0.1956397462682358,9.861150291991027,healthy
5213.359653342205,0.0671567610903865,-0.0221067348788271,9.888630204661704,healthy
5218.281130623651,0.0810389648208157,-0.297985282196958,9.650258245618115,healthy
5223.3320197552175,-0.2559819701540625,-0.0388805083177718,9.76098822008434,healthy
5228.293949042446,0.0316987516239651,0.1473612195428642,9.90329614634192,healthy
5233.363000747694,0.2297075209179362,-0.1940875931112214,9.77500147705338,healthy
5238.381557744163,-0.2124477013775639,-0.1816182131037815,9.732945902908876,healthy
5243.374450965004,-0.4245850552171459,0.0757073149256417,9.823765088213433,healthy
5248.257070898817,0.2658273846664188,0.2326700834735114,9.89236371415691,healthy
5253.238781273562,0.1586577370428493,-0.0578228464734199,9.973355508969451,healthy
5258.274445110505,-0.1928286091970329,-0.0973123448048594,9.73843375946009,healthy
5263.361388834248,-0.2311472884808835,0.4433379433420805,9.836320742077351,healthy
5268.386471477091,0.2088263410171897,-0.008666903074369,9.994867252009763,healthy
5273.346148638963,0.044343356686679,-0.1963524228785074,9.818356564500649,healthy
5278.316343931497,-0.2297362308098475,-0.1543062873305643,9.706972828049857,healthy
5283.359024366315,-0.0812512483330538,0.2942675399084061,9.855196205766507,healthy
5288.4001631729325,0.0982518502035715,0.0427974991281971,9.912034735230632,healthy
5293.410548862467,0.1768433014591953,-0.4075951449332512,9.600369469273137,healthy
5298.387955102152,-0.1249956069336518,-0.0063696947630214,9.721154798035704,healthy
5303.424916993496,-0.1647629638307551,0.3962354319587746,9.900514689134257,healthy
5308.492424525119,0.1493385386647942,-0.0356232019287349,10.069830990889528,healthy
5313.4492651417695,-0.0901710545136462,-0.2122749907955485,9.780759778133293,healthy
5318.416788155306,-0.4151763275357184,0.0722742040473239,9.733607294764344,healthy
5323.380252323641,-0.0689064780150057,0.3005795790625392,9.784413914363013,healthy
5328.407219339527,0.124525225823893,-0.0711438410411852,9.911495786924602,healthy
5333.443958429745,0.2031722970962827,-0.1951956506058663,9.87764890729907,healthy
5338.473588652922,-0.1385455456649699,0.1987595193667645,9.753023149424848,healthy
5343.485031648881,0.0955518890883642,0.4133051986001786,9.760945965825794,healthy
5348.442425109471,0.3488498912153087,-0.1379646532329504,9.94402445334071,healthy
5353.394441545199,-0.1172489509328504,-0.2705391874810722,9.703784704697078,healthy
5358.51869189011,-0.2196231372162733,0.1806651997378593,9.844441247967808,healthy
5363.53784835309,-0.0166890222926366,0.3004178898067139,9.85250057082992,healthy
5368.382269742428,0.127011603410339,-0.4605871842499154,9.837904801944378,healthy
5373.449430292649,-0.1137010712125508,-0.053658410697136,9.778570470385548,healthy
5378.409784719288,-0.2631604285081402,0.0899613412261657,9.775944522006505,healthy
5383.338137499338,0.1816059435343137,0.1569775359291325,9.82929065115423,healthy
5388.339800390696,0.0818755926213055,-0.203931012503026,9.733122252880776,healthy
5393.330169308135,-0.242199115037208,-0.1573205180760848,9.813377031232193,healthy
5398.322142860259,-0.0458487353754526,0.1440310928015176,9.799619740721822,healthy
5403.398743510064,0.4453725594580148,0.0818731491367073,9.942061323736455,healthy
5408.408593224097,0.261200929610494,-0.4068895980560441,9.737457095143348,healthy
5413.463452306082,-0.1705696029314782,-0.0139480658903871,9.83867127150146,healthy
5418.486461161475,-0.0822835582995763,0.1514879802740868,9.765339357026663,healthy
5423.435281419976,0.169794438047962,-0.0693893214577197,9.819844160479038,healthy
5428.568310687681,-0.0876017950292719,-0.4068789677723418,9.86233041821555,healthy
5433.545922846388,-0.3787417413903096,0.2270952335900079,9.881308748806536,healthy
5438.49600158246,-0.0801590515171716,0.0818321387584572,9.916605574398782,healthy
5443.543897657049,0.1982633747623843,-0.1683168415634516,9.86890040793721,healthy
5448.557389916354,-0.1467372716499749,-0.0095983369935629,9.757741531606747,healthy
5453.571796765463,-0.2674206884254009,0.0309366271176722,9.828607692981668,healthy
5458.530440429498,-0.0406845763871539,0.1290386677523579,9.98356290797713,healthy
5463.568436575062,0.158394924631936,-0.1157846008623382,9.81432165689536,healthy
5468.58322343217,-0.3956259375669211,-0.0689844685511537,9.849229741616336,healthy
5473.650981974415,-0.182938482755192,0.0687401998659595,9.614416474602775,healthy
5478.5872136582775,0.3000784167708336,-0.1240054284582458,9.80068903905303,healthy
5483.504179339718,0.3322773547427751,-0.1533649426115792,9.783790865174614,healthy
5488.575891867347,-0.180504765473855,-0.2274742299948041,9.63907295189911,healthy
5493.521564301597,-0.1242019536963109,0.2070503852941952,9.76558451124095,healthy
5498.514509065722,0.2512244144502926,0.2058998565378252,9.876089596460105,healthy
5503.586514885476,0.134523053621217,-0.1646650484538703,9.883268466951836,healthy
5508.627145897225,-0.003004479568723,-0.0166641739142375,9.774519312153734,healthy
5513.644831177258,-0.2880994241355947,0.2085893204171005,9.757927308079744,healthy
5518.584999669644,0.283443050451539,-0.0231749056479931,9.967237147975345,healthy
5523.568860529033,-0.1263174436242075,-0.0081943464316471,9.645940025217572,healthy
5528.557268637396,-0.3793711001716659,-0.2098389289357563,9.78395459097192,healthy
5533.510583052167,-0.1047403812321222,0.2570730594934345,9.852786241404928,healthy
5538.514664664928,0.1404458755693765,0.0442690789209842,9.799110882309575,healthy
5543.450473769398,-0.0164314350251325,-0.1764648499567283,9.855629905184562,healthy
5548.52252890534,-0.154182343342567,-0.175768663553337,9.769216177719688,healthy
5553.523760755158,0.1554607198603779,0.3019606492834344,9.922576841111296,healthy
5558.4813685929885,0.3052330796881994,-0.0500317626819662,9.85102274735786,healthy
5563.545022973923,-0.0711813850496624,-0.1643792856796269,9.887136442106812,healthy
5568.517291774586,-0.4330073215819751,0.0325017223856462,9.760448265404824,healthy
5573.503526596718,-0.1256114995157269,0.3404316225713833,9.793282482239205,healthy
5578.447154443696,0.1683822489657507,-0.0679271721542133,9.770562646793758,healthy
5583.548601709332,0.0847805237215262,-0.1100760408303839,9.883292769901637,healthy
5588.523848522251,-0.3152661802669517,0.1958380233128965,9.789119564852182,healthy
5593.528529280301,0.3732478232022254,0.1993940635856844,9.770180900717651,healthy
5598.532936547933,0.3722927814406132,-0.1672073626207411,9.850359224963302,healthy
5603.532539729046,-0.0137113477999002,0.0263205055360536,9.729726982405383,healthy
5608.493828740404,-0.0355124033120312,0.0667486536543819,9.730174701845645,healthy
5613.425278079779,0.0327416890775609,0.2411862611422883,9.908162161882402,healthy
5618.476299743897,0.1563487906713559,-0.2717551398611825,9.870688587465564,healthy
5623.531547197543,-0.2962567219355492,-0.1050368557039422,9.823168173795375,healthy
5628.496111150129,-0.0270843442263494,0.3917560496862955,9.86694529932099,healthy
5633.537566003824,0.388312018459491,0.1705506581803274,9.78967917668717,healthy
5638.627691253901,0.1077414594704505,-0.4911704544157134,9.820564743069736,healthy
5643.562221396736,-0.1725874547582572,-0.2495298011458301,9.76585226463844,healthy
5648.616191887129,-0.1071437590264683,0.2527782351744007,9.70479167693405,healthy
5653.5350028857,0.1827283975428856,-0.0397781539516592,9.783712100348652,healthy
5658.487956594273,0.0932489271747367,-0.247195507540017,9.763692745467257,healthy
5663.510820186068,-0.1727735333282079,-0.1047087143900086,9.773774976277169,healthy
5668.493951086065,-0.1132028816086135,0.3364090799108183,9.95679554373971,healthy
5673.521149907182,0.3311619416520489,0.1813903027570708,9.920632187084552,healthy
5678.510502113197,0.0662490525663704,-0.326652405132223,9.849391671787314,healthy
5683.45104529574,-0.5842582877915878,0.1997080843155077,9.704758566236505,healthy
5688.33341857032,0.0692942650691294,0.2083835046725096,9.774391208528494,healthy
5693.23807812545,0.1646426052891867,-0.2156078351357382,9.723459555065103,healthy
5698.152278907764,0.118619068742134,-0.2202942121985519,9.679947465014266,healthy
5703.131200747307,-0.1916608608147293,0.1885229194400475,9.82122980957844,healthy
5708.187217318938,0.029731645672422,0.2118071438958451,9.734231891766266,healthy
5713.120740094791,0.1641681007002637,-0.2535085887276151,9.80255277257013,healthy
5718.17345336861,-0.127519723473445,-0.3466547448232291,9.846267008941956,healthy
5723.19076874877,-0.3003846389474271,0.4762511017038198,9.865758430971493,healthy
5728.284415328582,0.2122616109998675,0.0633416522463029,10.00253672198531,healthy
5733.3257993220695,0.1704583014861962,-0.1805779103592155,9.818342386480907,healthy
5738.340375374001,0.0441155543510739,-0.4426030133533047,9.8293555294753,healthy
5743.329296795142,-0.0488664546344864,0.2068665603030071,9.748924748728433,healthy
5748.333044872447,-0.005468438693623,0.09227492202662,9.811663616386657,healthy
5753.360236664969,0.1969675301469083,-0.304321620258838,9.868910679983978,healthy
5758.347769747519,-0.1390849439627697,-0.0276002266295933,9.739302248441636,healthy
5763.401168471774,-0.4114560461769877,0.2989628445808365,9.710260256129777,healthy
5768.367691159997,0.3330524347855711,0.1141857507130193,9.840399589845235,healthy
5773.369700874067,0.1632985467154701,-0.3843022053689387,9.933728915249196,healthy
5778.294678838087,-0.2737494455800832,-0.1732613102636087,9.66360846882664,healthy
5783.207779422747,-0.0306401979716466,0.3627001961323299,9.78425187795852,healthy
5788.321981891294,-0.0295741281181763,0.0211521851083195,9.79095632995096,healthy
5793.2353412973325,-0.1314867291519094,-0.0824555186480727,9.70165550648887,healthy
5798.323406347747,-0.3475823125635734,0.0516677263540677,9.808138302556928,healthy
5803.420130511775,0.0162697708198226,0.2654676426753291,9.770827355839522,healthy
5808.4564178833725,0.1983259184070311,0.1918813944528244,9.794817425010695,healthy
5813.520696536706,-0.0220446895320957,-0.2094125101597545,9.820325299013168,healthy
5818.490585183927,-0.4804702615827393,0.1220578514571219,9.765004460464391,healthy
5823.493199212449,0.1825443435871255,0.231673301004386,9.781373972833178,healthy
5828.44782757172,0.2069373736190511,-0.0214607795248279,9.849358055279705,healthy
5833.429826400919,-0.1840425123794361,-0.2586256888701863,9.853770479679962,healthy
5838.36998683394,-0.1482136350120478,0.0891169103215131,9.85694805781938,healthy
5843.465195348837,0.1050416765673818,0.3870881694342297,9.828598945231038,healthy
5848.338898972374,0.2732607643678096,-0.133454125337497,9.832999970361248,healthy
5853.326881764177,-0.1597507684714843,-0.1222759146984241,9.824923865045404,healthy
5858.184417534492,-0.19691207267091,0.3065556471720365,9.713546041951746,healthy
5863.122328505734,0.1530194829153349,0.3866847753704669,9.847041079167452,healthy
5868.148549609528,-0.0828082596603133,0.1094315570247921,9.710515471496011,healthy
5873.108917395748,-0.1267136181691875,0.1140532362032334,9.78648427065382,healthy
5878.155859583142,-0.2966961259067734,0.1931154902818113,9.789397166150906,healthy
5883.260182293531,0.401851865823868,0.2008294523729396,9.874889059738138,healthy
5888.225875494854,-0.0999108156612214,-0.365963174020284,9.79415502156146,healthy
5893.215477646146,-0.402497131131497,-0.1245328400294971,9.82045205992211,healthy
5898.222438745876,0.0253238710160506,0.3467285520691106,9.8533401814145,healthy
5903.233483296393,0.1670685824262476,0.0422063530298358,9.977634751112534,healthy
5908.157452050707,0.0625366365234691,-0.0885502957928233,9.641917357871286,healthy
5913.14021231967,-0.1840415008931431,0.003309699707142,9.69027835368157,healthy
5918.15697283623,-0.1265193037066751,-0.0332027716551794,9.75365317479868,healthy
5923.100770959293,0.2844591336857427,0.0444152096884095,9.899925973145155,healthy
5928.174753934041,-0.2467847734505306,-0.0640565074279023,9.773911178406172,healthy
5933.187024117572,-0.0083356662272978,-0.1689428106523108,9.804734721861474,healthy
5938.210107552239,0.3260316410288854,-0.0228000606215031,9.710171561757464,healthy
5943.17692661984,0.0216606802315912,0.0113722941607915,9.83093125298556,healthy
5948.221606938287,-0.129179223584586,-0.4834099353454428,9.78573550425523,healthy
5953.181446330974,-0.2103096799913939,0.2303120192722209,9.904594013798764,healthy
5958.129234931051,-0.0288010322949141,0.2965295648749987,9.738119571374328,healthy
5963.216632845304,0.2066535165296689,0.0012838689772533,9.760341859202184,healthy
5968.160647477063,-0.0936558542115377,-0.1510621108487261,9.714945434450817,healthy
5973.145622063625,-0.2661381743346409,0.3416052350508348,9.75361589781794,healthy
5978.218977754057,0.1273872510050937,0.0621954062876203,9.98078551074988,healthy
5983.242169752637,0.101962359820418,-0.1746491761128625,9.821108174708078,healthy
5988.256078152843,-0.2491255050907685,-0.0851505765260509,9.77031827594341,healthy
5993.35110284935,0.0402003469889806,0.0243308430934692,9.779809127477083,healthy
5998.409329572905,0.3165841351750099,0.3232428022508872,9.92958600748355,healthy
6003.451821521918,0.0653526804633641,-0.2549373112129686,9.79118579108914,healthy
6008.416471546912,0.0407656036848044,-0.0877722879916543,9.905748308618378,healthy
6013.431259399616,-0.1333232700640802,0.2850633243083893,9.666649783683456,healthy
6018.3926708034805,0.3377892933393848,0.0826933876371519,9.919191234370375,healthy
6023.459532760842,0.15305485010285,-0.122204603781689,9.93668646439968,healthy
6028.450469198928,-0.2835478190636183,-0.0413003531025925,9.837989563697723,healthy
6033.357150064783,0.0131238511263185,0.1836414559782523,9.715348058663166,healthy
6038.404613105186,0.238703771896883,-0.2375622016132096,9.833185402758586,healthy
6043.40179566859,0.1811114786831405,-0.4323659090899526,9.730845550602172,healthy
6048.325310967662,-0.3491885284087905,0.1692519314435286,9.770406191878171,healthy
6053.280476199314,0.0225168680415058,0.249551614742586,9.80419464907877,healthy
6058.302980456982,0.2360117351571625,0.0215836389142448,9.839502552288511,healthy
6063.385558718406,-0.2958169278667035,-0.1835369684968406,9.948510751711256,healthy
6068.409035228945,0.0008609286449837,0.3151673919267705,9.60781835458036,healthy
6073.306287291167,0.0709015813729826,0.1685803462341714,9.675007710818916,healthy
6078.230609438949,0.2173657507924237,-0.0359071389095438,9.817036572598608,healthy
6083.2971814165285,0.0789129564101283,-0.2164385844825134,9.844699163160335,healthy
6088.3204210973945,-0.2508685483158386,0.0635108219760079,9.667518725695231,healthy
6093.240336613864,0.0453971509255133,0.3585404378264154,9.97602093908722,healthy
6098.388352631551,0.0705769821823304,-0.3208073554763052,9.756785045199544,healthy
6103.465155783627,-0.3342041870544224,-0.1914775446122686,9.776100853886588,healthy
6108.405667345597,-0.138029800155564,0.0585800714289866,9.741074241776603,healthy
6113.270284317029,0.2097517962696942,0.1512223887577567,9.728979512872774,healthy
6118.288275447193,0.2282214805662457,-0.1806955692877084,9.766433681332629,healthy
6123.297311392527,-0.2049118207714558,-0.2495779275871307,9.735529771585352,healthy
6128.298213008236,0.07000294369576,0.2328284094640088,9.768592306540718,healthy
6133.221230101822,-0.0182220725853068,0.079934757913039,9.80880986243609,healthy
6138.203596909676,0.2113873651182979,-0.3209765509501597,9.833530020639811,healthy
6143.2345382419,-0.2967537596967357,-0.2218929554379162,9.807698935556491,healthy
6148.255773746105,0.0390718880465968,0.1086094145225816,9.83176858266452,healthy
6153.295975771106,0.0834998146539221,0.0053298247234586,9.87791068185457,healthy
6158.424852721655,0.2268427040172198,-0.2578354131848719,9.892775617690296,healthy
6163.427943105424,0.0520462128121079,0.1795621880628968,9.77398350131166,healthy
6168.399704732502,0.0423996028410629,0.1765709843258195,9.655594476756116,healthy
6173.351957313217,0.3460569777194627,0.1508991158023839,9.839272623726623,healthy
6178.320989775703,-0.0020427547221968,-0.2743571156528242,9.74440455515769,healthy
6183.368307801584,-0.2371646530229689,-0.0159812426858402,9.915820810564064,healthy
6188.308941918975,0.0750664325388051,0.3406591061851796,9.756775685248858,healthy
6193.38371412752,0.1898413875721258,-0.0658495349094017,9.922761008877698,healthy
6198.454744125404,-0.0504708214723366,-0.0552950779913871,9.791474054687711,healthy
6203.506729031621,0.0397177548235768,0.062097512095389,9.786535689567026,healthy
6208.392811154788,0.0036189441507397,0.3035134926514956,9.746019096943868,healthy
6213.482091652499,0.138231899927014,-0.1251655954875896,9.932788060711136,healthy
6218.469098757995,-0.2748721410111122,-0.3363950765562935,9.794878411177944,healthy
6223.477897479665,-0.3177294196813693,0.1604055762314606,9.703974450263974,healthy
6228.415117383642,0.1943460756205229,0.2644113900046718,9.838547239946962,healthy
6233.401097780389,0.2315093550130268,-0.1267433387494657,9.804749126238468,healthy
6238.402662147319,-0.2384496233620558,-0.1600750885445879,9.773264798753331,healthy
6243.43057027296,-0.0597487775646697,0.1789570729560254,9.713516554404892,healthy
6248.399939113514,0.2390613218729336,0.1423841443840763,9.755723268466022,healthy
6253.35723979191,-0.0245518306715559,-0.0934508745448101,9.70891475514701,healthy
6258.334511057906,-0.302892665338035,-0.1215473123158333,9.72830716663598,healthy
6263.309951166917,-0.0312048786848176,0.3666943839169943,9.851230897264816,healthy
6268.308941926832,0.4193768740707712,0.0722868561315122,9.858233691937594,healthy
6273.32782075566,0.0304353362984126,-0.4762122925446304,9.833766846737175,healthy
6278.195234209436,-0.0222622117198131,-0.1204892496087807,9.716651846741971,healthy
6283.162922995186,0.1285096055732759,0.1356691510175455,9.765605019562644,healthy
6288.212897041266,0.2961920498783493,-0.1379023242949473,9.874338142018829,healthy
6293.196958953477,-0.1769449672252017,-0.3053962629327439,9.986125946636644,healthy
6298.150135952865,-0.1119832166965088,0.0231995019730118,9.811943956380684,healthy
6303.099315332329,0.0242852752631546,0.3563018632946983,9.890328018334497,healthy
6308.11952887519,0.2122092255714445,-0.0340664974658134,9.93123645091989,healthy
6313.163316656468,-0.1907783070124196,-0.1027596907187083,9.806005761508851,healthy
6318.092315257373,-0.2729172206637242,0.0778634977335832,9.642771019903968,healthy
6323.129809553801,-0.1241716037824481,0.4375859848258393,9.726890620315496,healthy
6328.118964481119,0.1743215078489863,-0.188452719866159,9.825773784193515,healthy
6333.089423378659,-0.1280166348154268,-0.0007120390460202,9.701389333766832,healthy
6338.133071495236,-0.4188077861424404,-0.0359856972154297,9.793360899598415,healthy
6343.164201315048,0.1841233577685504,0.3143664601554662,9.820973848214214,healthy
6348.239695560025,0.2735205118564954,-0.2676484178464109,9.901663640900107,healthy
6353.225800556666,-0.2964381370628878,-0.1105362879985574,9.734054065616457,healthy
6358.281295183726,-0.1867282399913367,0.2918751212254821,9.588632152319525,healthy
6363.2302077416725,0.3285493594286118,-0.0273103698538821,9.858701689388027,healthy
6368.310508978246,0.2098732334122564,-0.0125142330450506,10.031637128807851,healthy
6373.41796387783,-0.1967046208832035,-0.2267082838036782,9.825291224862408,healthy
6378.387581704565,0.0538534402796125,0.2812301924761045,9.724765524726246,healthy
6383.3777689288345,0.5452589470706637,0.1527342703878168,9.807380306975206,healthy
6388.353447512155,0.0964674544900852,-0.1568279810049529,9.869968741584524,healthy
6393.34599687647,-0.0868214825686367,-0.0710021848056933,9.748357839840905,healthy
6398.270030140505,-0.1049726312134631,0.1924632445331321,9.756052934569988,healthy
6403.259972042073,0.3481113089931556,0.3370973549587271,9.960134906392792,healthy
6408.296409717835,-0.0799163675615664,-0.3092651753613339,9.87703141118687,healthy
6413.30282889599,-0.2968201980497833,0.068674001738903,9.699091905632937,healthy
6418.258280214874,-0.2155357267843961,0.2965664965157349,9.90759454994925,healthy
6423.297038496945,0.1256743688294068,0.1422548077610234,10.007197661036686,healthy
6428.288121949405,-0.0267025228384061,-0.1515648583218967,9.836717943883269,healthy
6433.346772342893,-0.2316870620662811,0.019390977028,9.754775957116909,healthy
6438.387220393231,-0.1584521521195759,0.2161163168824685,9.937758939453715,healthy
6443.43815131696,0.2777200381265983,-0.0095853159603599,9.915296451322464,healthy
6448.444891393273,0.0704148611860725,-0.3840784497007504,9.84062031062613,healthy
6453.401330584901,-0.1622976403045439,-0.0064713311240802,9.69667098930805,healthy
6458.367677468728,0.1655067200243523,0.1707979927585171,9.797710469098828,healthy
6463.293218490831,0.1925351234217397,-0.0882569105996064,9.796969898175057,healthy
6468.385961375623,-0.0586815802644082,-0.2186393835142248,9.899962927911576,healthy
6473.379268092886,-0.082771899787458,0.1206624845964956,9.853035252731187,healthy
6478.391986563094,-0.0071618334776691,0.0439675226118768,10.018003879681263,healthy
6483.471483265524,0.3955407257147452,-0.0763432381165324,9.844278441923636,healthy
6488.501069489681,-0.2532426188007307,-0.1005580417781735,9.676667096085236,healthy
6493.509235829664,-0.3184421313545908,0.2538953935232507,9.94591162606448,healthy
6498.571966178042,-0.0067466041553097,0.1660260912331666,9.979014152409745,healthy
6503.582274267736,0.2469320786133155,-0.4723461848792342,9.70427269137828,healthy
6508.650065848344,-0.10531924346165,0.0056094740315341,9.771520530700862,healthy
6513.61406532054,-0.0035675162550055,0.169934541417956,9.65674529225906,healthy
6518.617505847267,0.2944206819668279,-0.0269008383213952,9.81493382013486,healthy
6523.606617742232,0.0705628086396301,-0.2900194617835465,9.75788631786119,healthy
6528.643500061538,-0.2315823304739154,-0.0439862308407288,9.783985071804004,healthy
6533.678032763653,-0.1798722075433571,0.056236677521743,9.834069962454592,healthy
6538.6764137186265,0.2812532767757182,0.0686902848058797,9.962468067221684,healthy
6543.601221509355,-0.1453810129691791,-0.080598384060671,9.783978325427364,healthy
6548.643552460987,-0.1892405660554773,-0.1698698441151402,9.821257827536272,healthy
6553.646221936463,-0.0488009421430089,0.396699865384459,9.710867407426106,healthy
6558.6188475670215,0.2806341314396631,-0.2648835652004165,9.821378283843172,healthy
6563.623512685803,0.0506203094486711,-0.3888959253627553,9.777304312677094,healthy
6568.675420199755,-0.3669315426359587,0.0498352836102416,9.642140588980586,healthy
6573.650567627889,0.0181191450491162,0.3625257003777563,9.842318463215506,healthy
6578.666653117782,0.3260001764843558,-0.1868466058563493,9.921757627812264,healthy
6583.6385392449865,0.0130814609691191,-0.4613785775091636,9.78143489293906,healthy
6588.640586657106,-0.0921070391250542,0.1461154944804943,9.658435450156706,healthy
6593.562623362752,0.1147352864054375,0.0204713752304422,9.726230026825649,healthy
6598.601259136824,-0.0695751770513371,-0.0270722773559076,9.870292887560645,healthy
6603.64210084117,-0.0486147832509948,-0.2783696115719429,9.75519676418931,healthy
6608.648839963708,-0.3754702671147477,0.0711658996809123,9.700282070229092,healthy
6613.587558881911,0.2067051313680269,0.0738927516792686,9.929868616025823,healthy
6618.574679681664,0.1965908991491744,-0.2009945591532921,9.760577631329838,healthy
6623.548628304579,-0.2796397606683405,-0.1692916006978548,9.825051117442651,healthy
6628.518325291967,-0.2064175774547036,0.2430683304190191,9.735703560528409,healthy
6633.553168412379,0.2358393518875572,0.2884471176559123,9.774914204076667,healthy
6638.522560606768,0.038319516956709,-0.3995741557512872,9.938343687636385,healthy
6643.577876895254,-0.2402580838384948,-0.1574658287487704,9.79272418939206,healthy
6648.623316309031,0.186740486678131,0.124094096465725,9.962685550246206,healthy
6653.520007532525,0.2467589414293439,-0.0529833460795527,9.853160317868175,healthy
6658.561741665185,0.2815253969043594,-0.1084634331639123,9.64312043568576,healthy
6663.556976416627,-0.3143105372789749,-0.1220180804757262,9.896024093801476,healthy
6668.546185914345,-0.1139085671739971,0.2605306589000058,9.823488366908188,healthy
6673.607371492113,0.1629986789312561,-0.1070384635698837,9.901720637570133,healthy
6678.601398403077,0.0929290458895105,-0.1888818594267567,9.759452147758664,healthy
6683.620674889261,-0.3652566094075249,0.0691653228646131,9.805504121194282,healthy
6688.507246378336,0.237140395373481,0.3448600283232513,9.926420793378291,healthy
6693.4997801847685,0.1315039713256276,-0.246769068973276,9.831571983943482,healthy
6698.548812851578,-0.1096664784069431,-0.3193210748811848,9.905332586108589,healthy
6703.517734265632,-0.2891156936989695,0.216694868221544,9.788332743568926,healthy
6708.513641948496,0.0636661190437716,0.4560122697693894,9.827649950264826,healthy
6713.479591643157,0.139546723606655,-0.1139034322504729,9.796840074332676,healthy
6718.476455925975,-0.2152177208849459,-0.2922628146383284,9.787063665897737,healthy
6723.524093265554,-0.2444892033315724,0.1878812759417157,9.6836034750909,healthy
6728.537513885452,0.2462083696739267,0.2020163941594574,9.93681856381681,healthy
6733.536933416752,-0.0218571329063005,-0.2119268064996103,9.91834716415315,healthy
6738.569714692056,-0.2528151421990206,-0.2831199643091865,9.856628682705509,healthy
6743.553883592798,-0.3024938341599216,0.1817385364634419,9.747556913423338,healthy
6748.521787896665,0.272727925683726,0.2397502993088237,9.754611645088012,healthy
6753.531742887705,0.1598617148858689,-0.320175941662813,9.856671940486615,healthy
6758.548749021554,-0.2893734206896263,-0.0793309895305249,9.692695556108962,healthy
6763.51366954103,-0.1656057564340919,0.2570339043683628,9.71550698937014,healthy
6768.518560640564,0.0982411113987592,0.2335603331819681,9.811459509672662,healthy
6773.487255369001,-0.0187300347350409,0.0977380892858978,9.878192189586194,healthy
6778.495010622429,-0.3294786358290086,0.1450264132474917,9.764092607396677,healthy
6783.537540031167,0.1070021572321474,0.1249624483742494,9.768009444955116,healthy
6788.499849717075,0.2484178620273363,0.0440620770741147,10.022743716223191,healthy
6793.477740607513,-0.0066552529415498,-0.0762506378496969,9.854434142021496,healthy
6798.500022790427,-0.1796777940910635,-0.1483843989660667,9.900963008676037,healthy
6803.53545433167,0.0225254017164552,0.2526364158973927,9.846760745311974,healthy
6808.518993700833,0.1698551923092506,-0.1090702810881477,9.82239308701283,healthy
6813.559923772586,-0.0948064838821945,-0.2442427380501082,9.642952293033286,healthy
6818.637629715556,-0.3438928204264969,-0.0017621144955097,9.737571615722446,healthy
6823.702437080949,-0.1544048962500759,0.0871369097079416,9.886696650191825,healthy
6828.675199808483,0.1868376131697383,-0.0231609352628671,9.791826647230916,healthy
6833.670620438419,-0.1536725885368972,-0.1081045957007307,9.727829604152085,healthy
6838.609776481793,-0.3271862546653402,0.1552112157221691,9.81976613835377,healthy
6843.673862822761,0.1036616209362147,0.3358338032246099,9.799523074485355,healthy
6848.568631278093,0.3644230708300077,-0.1698065607987767,9.847164147296358,healthy
6853.599868982171,-0.0815010457040951,-0.0620540666966738,9.690948685598864,healthy
6858.583842412208,-0.1598902442039038,0.1988205825340022,9.712734022063389,healthy
6863.606976294645,0.3968033243304082,0.1266422377966847,9.81938238619409,healthy
6868.656176401685,0.366336785992153,-0.0806456744210902,9.888291021415144,healthy
6873.67084407622,0.104421082582064,-0.2424244504796656,9.770535361498723,healthy
6878.745154423049,-0.2010991612225097,0.1340822992801256,9.908557440176065,healthy
6883.763225261567,0.1686396223179143,0.2046427036019911,9.856378386941238,healthy
6888.770005135267,0.1012563132727008,-0.3321598706516877,9.813607119166296,healthy
6893.766738481266,-0.389875187990168,-0.0582261312673279,9.705603917365552,healthy
6898.744530399912,-0.0659585746016757,0.1388167160863104,9.884513967386493,healthy
6903.700934113862,0.3761197075174378,0.022540670707142,9.867684784724794,healthy
6908.784638119564,-0.0138462450553905,-0.4618918935538419,9.822824883051108,healthy
6913.760837938339,-0.0969433489516906,0.0032928823784275,9.75864753477339,healthy
6918.748505854444,0.0001565416460232,0.5007432235061152,9.766996187170422,healthy
6923.774193794256,0.4122935871397116,0.0277885024556811,9.791403879806955,healthy
6928.862493003854,-0.0491038045073305,-0.1437585105573378,9.632974200979977,healthy
6933.969664002916,-0.2056230032983899,0.1973744850871642,9.91992075353894,healthy
6938.992848119023,0.2534971155665154,0.2454906380577232,9.764800417557437,healthy
6943.925094559755,0.2361973842340474,-0.0360899636882016,9.789123651523356,healthy
6948.8902337901045,-0.0831797855273655,-0.3373086180475017,9.742292133480897,healthy
6953.864855007182,-0.3235504977048253,0.2253296503210917,9.769488159044087,healthy
6958.900458617134,0.2273889813143251,0.2636651595845609,9.82992990594039,healthy
6963.867598660397,0.164953769000753,0.0462738573868448,9.89931692747054,healthy
6968.807839578425,-0.1173187369212337,-0.1760841450368772,9.763926112405498,healthy
6973.837279369658,-0.1359841833898264,0.0473786272582848,9.682856852453012,healthy
6978.865406458355,0.1118419006604671,-0.081988174425802,9.857341953766731,healthy
6983.92962380049,0.2159509814789686,-0.1976166705276567,9.905955869863076,healthy
6988.962269339976,-0.1918695095681684,-0.1836757823242112,9.854809861046649,healthy
6993.878829883159,-0.0850999212378098,0.1206613770671933,9.674641970274104,healthy
6998.895393925573,0.1908143708509581,-0.0021465517380329,10.026610614426646,healthy
7003.865131325188,0.088870910167436,-0.1794028146327524,9.930996615853283,healthy
7008.781783256935,-0.2565072273258331,0.050248510375443,9.820916201460223,healthy
7013.861233084646,-0.0634224143347691,0.1573579575723031,9.779169341429055,healthy
7018.914672834179,0.1242185293136056,0.0967708011171347,10.032345548687545,healthy
7023.869016482654,0.0248988946841236,-0.0982805038741725,9.957569675633415,healthy
7028.829537066775,-0.4079648159185158,0.1131403128113839,9.810787211467188,healthy
7033.801105032507,-0.1974445845004125,0.3297862584938583,9.92269552913892,healthy
7038.830890740547,0.0321692403835857,-0.2132299239697667,9.817583600682523,healthy
7043.812002205528,0.0628095062653739,-0.2778403617306295,9.806456478670398,healthy
7048.692799240923,-0.2329826167996098,-0.0170672505998689,9.677227854446206,healthy
7053.631277200417,0.0295413117128831,0.1610455633895283,9.82194555135318,healthy
7058.663777499249,0.2141729924252594,-0.0947325471007334,9.667548283366862,healthy
7063.659718022791,-0.1867138705481122,-0.2956774971577658,9.856541955966804,healthy
7068.650919545921,-0.094445377974191,-0.1304787804014209,9.78675068358704,healthy
7073.689757925944,0.1870485487913486,0.394152726256451,9.788392482375428,healthy
7078.74452134343,0.1138605762662977,-0.1604993892482931,9.97994230791308,healthy
7083.793767928759,-0.1339102336582192,-0.1541776373745361,9.799453881787494,healthy
7088.809818259456,-0.0814893529508895,0.0937680817589073,9.846450896946513,healthy
7093.74803249356,0.1006102308114069,0.2425773210999567,9.795842971695302,healthy
7098.676125757469,0.2377582973865324,-0.3383021200656471,9.74135484682253,healthy
7103.609299561511,-0.3479541456684572,-0.1109430450708014,9.797783355052465,healthy
7108.57991395947,-0.3495478177690806,0.0655157730065649,9.762860148992088,healthy
7113.552303752417,0.016278512592119,0.5327736046461033,9.814056076292635,healthy
7118.559560715739,0.0428523678854339,-0.2243389620963309,9.792343343491527,healthy
7123.513002878715,-0.0397045135896789,-0.313147912206274,9.89027704015282,healthy
7128.563098960089,0.0085450473010603,0.2802412940958945,9.834799773251673,healthy
7133.571330122077,0.2090882965409721,-0.1002764096377995,9.66577295918941,healthy
7138.584894805403,0.0514637161087154,-0.272536272206159,9.884103577881246,healthy
7143.576202840545,-0.3449278227063032,-0.0028606996132665,9.608980688506728,healthy
7148.501275098371,-0.0586529506514111,0.0872439304172696,9.76152629827356,healthy
7153.497769901197,0.2157347867049194,0.1132769733482467,9.779490895475156,healthy
7158.513127277384,0.2187751632274134,-0.2378786090217082,9.7685765283326,healthy
7163.598402512029,-0.1703607155784433,0.1301975925998273,9.993743266752205,healthy
7168.589320801208,0.1315732589518831,0.3503858345923943,9.770248004046222,healthy
7173.54033761391,0.1438607091020025,-0.1454319382287864,10.001357534455046,healthy
7178.545451258528,0.0271094269630134,-0.2210431324990678,9.858478956522138,healthy
7183.572006829465,-0.0940498712043077,0.200970294650716,9.719032831549065,healthy
7188.61631287755,0.0567432465159565,0.2618696628317168,9.759837313997483,healthy
7193.58344533729,-0.0106750915998308,-0.1973322153870752,9.744057585825717,healthy
7198.504004673024,-0.2658019454258671,-0.3372499037911151,9.724989171511927,healthy
7203.554417651082,-0.3124309225105199,0.2831534120371992,9.856792891006634,healthy
7208.606332181222,-0.0203686732544804,0.3183442884015628,9.938172602264254,healthy
7213.62372386592,0.2807713813006894,-0.0735053931561036,9.88984112853723,healthy
7218.634260071046,-0.0473191315433188,-0.3223546474168839,9.804575157521576,healthy
7223.606891484257,-0.3010215013527815,0.1813688925541922,9.751439694036344,healthy
7228.60036891637,-0.0938648252207789,0.1005401204267974,9.818961995303766,healthy
7233.610302805082,0.2659831260783217,-0.4806961323259148,10.041287890618433,healthy
7238.532778783005,-0.3939920723008163,0.1791595839209286,9.746999600239793,healthy
7243.607650170003,-0.1050560889973896,0.1673246987635027,9.903203338822037,healthy
7248.633455079472,0.2314445984128024,0.0997702662193629,9.793667782080965,healthy
7253.647920051289,-0.0997192696981607,-0.3019682191945108,9.862948031730166,healthy
7258.600828795405,-0.305906865611088,-0.175861821278087,9.717554293543817,healthy
7263.617163677897,-0.0950807091093206,0.2000241827117347,9.805084562754946,healthy
7268.586251536005,0.4635566820337484,-0.0017314404169204,9.939326838972418,healthy
7273.526326313626,0.2866007938026585,-0.1705729545322294,9.855564527870689,healthy
7278.523823764212,-0.3327878884143023,-0.0145346165034727,9.697700265369631,healthy
7283.477819249199,0.0349667585489784,0.4718610942061414,9.821685988947731,healthy
7288.494509400157,0.041818218691655,0.0287263098589842,9.874220699563692,healthy
7293.535928537196,0.0496127916460509,-0.1052113946808617,9.854562012464438,healthy
7298.542237641946,-0.3368039667588043,0.072128847617071,9.7530830436745,healthy
7303.643779582939,0.1190964898012023,0.3315249359577781,9.85881884036883,healthy
7308.65609473603,0.1892923300789139,-0.0933709854838638,9.861920981584085,healthy
7313.649393852726,0.1523869992211191,-0.3885841553312984,9.953726191520577,healthy
7318.678838134563,-0.3655406442865112,0.2923279070206541,9.929727719724928,healthy
7323.747977136923,0.0932292237111138,0.1995919624201135,9.812880795614577,healthy
7328.662381779515,0.1799335833687661,0.0728581202014145,9.749306607630276,healthy
7333.645668766318,-0.2185922181030235,-0.2497280006585954,9.916587568157176,healthy
7338.654026586842,-0.3470364309713558,0.293667167226977,9.803352154517288,healthy
7343.674108728637,0.1594487092078152,0.3176658387081117,9.802479112945653,healthy
7348.690649444693,0.1465283904931262,-0.0174347762900103,9.862468327939974,healthy
7353.675783648808,-0.2372569634238312,-0.1724097116363459,9.909969875849164,healthy
7358.730805014094,-0.2016967813634819,0.3668517303803599,9.726317209017328,healthy
7363.781863193863,0.078664331071383,0.1314592987582808,9.840134930506146,healthy
7368.868557144164,0.0972356380649116,-0.0682544625967921,9.926682576755274,healthy
7373.833045336781,-0.2789033772846375,-0.1341488676104839,9.709369289539843,healthy
7378.765098365114,-0.2081386991231587,0.2478667801179614,9.832030456466208,healthy
7383.841107660286,0.129926220630511,-0.0497345535935123,9.743952056175292,healthy
7388.906429349343,0.0770327385169188,-0.1695589046884209,9.79776290585912,healthy
7393.843530147478,-0.0990457165684993,-0.0570653164162154,9.815249604045404,healthy
7398.8925082252335,-0.0944977767591465,0.0696510921946589,9.80633919648099,healthy
7403.926613281287,0.3380471437460931,0.2479385906013284,9.855658106339243,healthy
7408.920441609222,0.0236039571150526,-0.0564049863882298,9.914787932811414,healthy
7413.894924223488,-0.1950426328519393,-0.0046520739381501,9.819432239557536,healthy
7418.9547463381905,-0.0006882534546315,0.4178729024746995,9.798393165409166,healthy
7423.920233401423,0.0318777844939303,0.0566130695342063,9.81959359157614,healthy
7429.000346287092,-0.0923800443502734,-0.217451930933354,9.95750289892972,healthy
7433.900886009682,-0.386960503247748,0.1239184484139062,9.771962206079744,healthy
7438.867556892311,0.0039075417171961,0.4070397611192934,9.869791127319807,healthy
7443.816297052336,0.2460344360733636,-0.1163348322829614,9.813160937951691,healthy
7448.895292400556,0.0403529926693652,-0.2135745498299263,9.865215615114211,healthy
7453.907659634246,-0.220852801583035,0.2638282110604534,9.914955160805508,healthy
7458.908454376411,0.0860918461337848,0.1004742910515936,9.839149320995814,healthy
7463.873579784738,0.1266812775807662,-0.1846548486017377,10.032575439631971,healthy
7468.87708787092,-0.1685464003678272,-0.2466956052347622,9.887569572774373,healthy
7473.923529001992,-0.19263094136183,0.0451889492785803,9.77151516399628,healthy
7478.812730583708,-0.061331244307863,0.1959006955460129,9.755637039547423,healthy
7483.807233374921,0.1461122874225589,-0.176635241604741,9.690820287795146,healthy
7488.914618412622,0.0189152873806096,-0.229730653253509,9.652911261799268,healthy
7493.978579546148,0.094790002194038,0.1225134029531059,9.95861565670245,healthy
7498.993169421916,0.2242955309958586,0.2550809865501343,9.763918211058,healthy
7503.9039074039,0.0977974627759448,-0.213389657687529,9.759877682805476,healthy
7508.939733934078,-0.3267096498295226,-0.0426963158342101,9.855944861434564,healthy
7514.016367448764,-0.126927852560609,0.3864358448402479,9.814117100804523,healthy
7519.023653303503,0.3480092708478651,-0.0312485570788209,9.909546090593684,healthy
7524.0198858650865,0.0672882972896406,-0.3534272572514578,9.797923152628366,healthy
7528.937674979029,-0.2540895943386027,-0.284016808269169,9.81709288037822,healthy
7533.905948225443,-0.0239483006030657,0.0075510539411062,9.706070037031466,healthy
7538.960219130075,0.2494529788003558,0.0544841254124092,9.821134725098842,healthy
7543.950102671039,0.0123869452296579,-0.0842260101277921,9.794020863071909,healthy
7548.948148120761,-0.2255102022114583,0.1351144568129314,9.717190594052646,healthy
7553.925412450654,0.0321237581229183,0.1084140869296392,9.670599768443912,healthy
7558.988511504381,0.3451640646901196,0.2612123413544477,9.92512884407486,healthy
7564.053841818043,0.0873466265359385,-0.1250951723634155,9.763694222206658,healthy
7569.0804037593725,-0.2231689343216651,0.0218995404072762,9.813155932620404,healthy
7574.133846527186,0.2481844704417812,0.2574670815362359,9.810574114530564,healthy
7579.218832133416,0.2443792564470662,-0.2167554995233623,9.877936133639029,healthy
7584.309047738564,-0.2064225656219763,-0.2204227317471342,9.613270551998124,healthy
7589.370061258876,-0.4324637320896126,0.2067576856763082,9.758457153184905,healthy
7594.403782695726,0.3096502736085476,0.0470864697596206,9.76734501124366,healthy
7599.368135451188,0.1403722170198076,-0.2176003320167961,9.939103160650186,healthy
7604.352175543544,-0.2005688468898481,-0.1421090716808954,9.792925260571598,healthy
7609.390548784973,0.1548360745206509,0.3945001739440542,9.821049627086284,healthy
7614.4386689837265,0.3770626507721236,-0.0588571308746187,9.964307391969747,healthy
7619.529516512671,0.2460739644749119,-0.2315256372712952,9.752955415896643,healthy
7624.522724486509,-0.3563191351081067,0.0216822668786665,9.706610921149426,healthy
7629.489356154894,0.026563155889268,0.3458843869569215,9.904264859965371,healthy
7634.396736239438,0.2309942539448609,-0.0052535307882536,9.794312302259302,healthy
7639.431766283132,0.0490106261478809,-0.3882824620825865,9.767831236762504,healthy
7644.335814529266,-0.1337792358279544,-0.2174437113291776,9.869865702092351,healthy
7649.454819928906,-0.2925091593998628,0.1972424601265361,9.805326257354787,healthy
7654.473456072648,0.1346163309575375,0.0292359991870173,9.84943103293928,healthy
7659.491937268219,-0.1054913724415698,-0.4073207001611437,9.790344679628571,healthy
7664.44818397484,-0.3206436923102482,0.0530332211035193,9.882153499112878,healthy
7669.467222382503,-0.2806173334706054,0.2627698739282004,9.977183471764755,healthy
7674.443836938871,0.223240079728362,-0.3058658672151899,9.779927621061432,healthy
7679.42654414469,-0.1071819301839712,-0.1589984842682186,9.793355506896656,healthy
7684.347690308719,-0.2907664597749848,0.0418412120320947,9.77012133976664,healthy
7689.358510638809,0.1295216700067999,0.076487739464474,9.892989023313524,healthy
7694.373728524333,0.182214070765942,-0.1372155938796497,10.00295983320279,healthy
7699.375652651747,0.0452582235051947,-0.4099379401318627,9.817567384814028,healthy
7704.338567714078,-0.2192624780472224,0.0187864608232043,9.70992403530099,healthy
7709.328306460735,0.1810226414661579,0.1988657631926121,9.908379288422829,healthy
7714.318414861351,0.2308850305034286,-0.1814239380807858,9.79626321309455,healthy
7719.432889138392,-0.0842833419734819,-0.2775381904551158,9.643432235547431,healthy
7724.397486752719,-0.1077740848347963,0.1534389998327007,9.85784712792236,healthy
7729.465979185562,0.0870085127105717,0.0844165387562081,9.847712266013335,healthy
7734.417853422866,0.200579544382098,-0.1676887594051763,9.688790205795168,healthy
7739.425473684079,-0.1077675530874889,-0.0162933855204959,9.855417917017457,healthy
7744.478066805939,-0.276885906165547,0.1102619000983779,9.797365264096577,healthy
7749.487387218484,0.1597564709137888,-0.0719739050935965,9.882313162145666,healthy
7754.442559509475,-0.02083008416486,-0.3348404290589137,9.932537779285038,healthy
7759.401377307039,-0.1926974790291047,0.1424017113748649,9.711833273067343,healthy
7764.4301986889,-0.1271567383293858,0.2562975815798919,9.79929551491112,healthy
7769.39810450267,0.2665133017698734,-0.0177971451018425,9.84759100604517,healthy
7774.330813644917,0.0958785041391928,-0.1521864034191928,9.948560359364151,healthy
7779.232144815035,-0.2497452982216251,0.0940065194650003,9.649035525538205,healthy
7784.251868358299,0.1087303939467027,0.2676285543793132,9.836827556122389,healthy
7789.266285844784,0.3128248265275812,-0.0310945242231878,9.913631760791258,healthy
7794.345598965475,-0.1595425234295382,-0.1088558431287236,9.8068338739094,healthy
7799.355664937308,-0.2698524272637044,0.0267402791810333,9.81890649917055,healthy
7804.358151622449,0.0540219203637967,0.3698450737000449,9.78622610444724,healthy
7809.319287470308,0.347824908367662,-0.1115174872704936,9.899798848654372,healthy
7814.267429608988,-0.0882786139636931,-0.2375812370288283,9.799131950976363,healthy
7819.204871487368,-0.2748585833551222,-0.1157161198931364,9.769480456200109,healthy
7824.150928217856,0.1270305787789904,0.3139542731824787,9.804217773680524,healthy
7829.130376210088,0.2337451162206097,-0.2314506255342241,9.82048270853591,healthy
7834.142097198109,-0.2625188754059903,-0.2614627271100752,9.765134915783444,healthy
7839.051488105439,-0.0716233534227815,0.2441187390348504,9.816050241073642,healthy
7844.06189579674,0.3301636848228105,0.1111233827119895,9.86454199703408,healthy
7849.013344323103,0.299539936947247,-0.1920561424883887,9.86388160656304,healthy
7853.931812175174,-0.2535456437560323,-0.0781838810699135,9.784746604092652,healthy
7858.877729870405,-0.2774278398911434,0.2126895185544297,9.74033305442093,healthy
7863.90937342018,0.2362390367042775,0.1247211487863073,9.836864863421397,healthy
7868.814341856402,0.0055884601054755,-0.251626312724305,9.897479934873084,healthy
7873.815968734993,-0.3458124183950667,0.0609692904722163,9.59632455846988,healthy
7878.908163234627,-0.123387493393957,0.0104488425138453,9.77188254565048,healthy
7883.985008071339,0.1733060716580197,0.0627037254429417,9.869604367482472,healthy
7889.017380083047,0.0252157689259829,-0.2237541120716579,9.844382200211488,healthy
7894.035108039595,-0.1590452745385957,-0.0911999596693736,9.75119016503061,healthy
7899.002789283435,-0.0233056848226992,0.1769565054150917,9.717588013451438,healthy
7903.933792662334,0.2310518142203101,-0.0272742315138894,9.868675361945698,healthy
7908.988817443782,-0.0118352660245089,-0.4034063524998453,9.7799173475944,healthy
7914.019968905764,-0.3462282046727115,0.0714172707417451,9.729785768135056,healthy
7918.979978288697,-0.0825562568136901,0.3250733465105047,9.835397721575562,healthy
7923.942804764422,0.3057971415137586,-0.1623738644228936,9.831633217708562,healthy
7928.900843831712,-0.1007450446091369,-0.2364684546219279,9.714501231951251,healthy
7933.915184320068,-0.2910508500876589,0.1125212615921772,9.84161273498243,healthy
7938.848481363919,0.1254682677469893,0.0795323291075815,9.94277802505649,healthy
7943.867573390383,0.1901117621353997,-0.3277460039067907,9.922357336293544,healthy
7948.9106866063,-0.0538958550555729,-0.1362024182226009,9.814023633104885,healthy
7953.893642272005,-0.2988328446991173,0.0139203359903532,9.924806499807628,healthy
7958.854837451357,0.0578312996214863,0.1166393472778001,9.80070349054908,healthy
7963.839297381376,0.306790478813869,-0.2878264908242588,9.888472347252206,healthy
7968.826012808411,-0.3738151158807749,-0.3298004683715265,9.983737630121745,healthy
7973.916227171018,-0.0936959200103318,0.320684022505005,9.83373380520614,healthy
7978.959362429103,0.2082378445650708,-0.050538987990254,9.950884412634156,healthy
7983.970944433551,0.2816744911182272,-0.2045094567889962,9.843060448342325,healthy
7988.957539736663,-0.1469104905261435,-0.3995006532745123,9.729054194522714,healthy
7993.826080855645,-0.1880044590016625,0.0919743912380733,9.706494570410229,healthy
7998.848666738454,0.1153707739027658,0.2795595918218968,9.807952614978747,healthy
8003.767701278583,-0.0157159826572155,-0.2614261529415954,9.870027493667942,healthy
8008.796398409505,-0.1542019297059966,-0.1082372216330529,9.808918325434911,healthy
8013.775061989249,-0.1069300954946484,0.3498699818976584,9.814616476975582,healthy
8018.74085596552,0.0587899551717235,0.060420759874271,9.84614704921659,healthy
8023.76000683105,0.0276999335290745,-0.2119262013831058,9.699340211417226,healthy
8028.792202442698,-0.3175471527783959,-0.1444963483199842,9.685314522755773,healthy
8033.7874288818675,-0.0183962253925757,0.1373052437124513,9.804319088943757,healthy
8038.790622739863,0.0215345811306068,0.1094447828308886,9.792317182241211,healthy
8043.830331426085,0.0973626104988601,-0.5327367402038797,9.902436533522506,healthy
8048.87975335705,-0.4518532469148094,-0.0566460649729409,9.748029261993407,healthy
8053.836407582477,0.0738735125919786,0.2595551844189568,9.950738927842377,healthy
8058.885538885427,0.4482470106708478,-0.169430627676451,9.894478195236152,healthy
8063.904320324905,-0.2475342252567859,-0.2839939616908713,9.745286403867537,healthy
8068.921013969696,-0.3839546482600124,0.1367589482213694,9.741329324519883,healthy
8073.877347519783,0.2336481016523155,0.2545059546420491,9.7369907007754,healthy
8078.850047326036,0.0349749879747203,-0.1236472757709222,9.79228411447844,healthy
8083.879291029581,0.0450117927311507,-0.2751863840761582,9.759445424853697,healthy
8088.92378820398,-0.3371514645437984,0.1291118141611418,9.688610706140851,healthy
8093.821078311698,-0.0264073753535957,0.1087685338604674,9.909024759433525,healthy
8098.811060834464,0.1894707098629042,0.0022328553647475,9.880131559238588,healthy
8103.770907901987,-0.3895731279568064,-0.249734366255002,9.869509660123168,healthy
8108.773641435149,-0.2063540168450882,0.3292459678218239,9.708327610967366,healthy
8113.72197569273,0.1410612551595471,0.2388895351558024,9.905466489301856,healthy
8118.709349647844,0.0309428518567161,-0.363922987447114,9.829222576997308,healthy
8123.674039295752,-0.2336532365328616,-0.2039557866553241,9.804116770032191,healthy
8128.679964307265,-0.2365136046356539,0.3175236713823103,9.650230228470946,healthy
8133.672532451218,0.3473761615916763,0.1681803250761578,9.828630080146388,healthy
8138.684565884087,0.0093120347427589,-0.3288079652102873,9.766961841444449,healthy
8143.64903808544,-0.2281516446301969,-0.0580810248485756,9.901895337729696,healthy
8148.706668280324,-0.0451210782217646,0.4161445228632182,9.71149288606544,healthy
8153.732070099049,0.3188067407044742,0.1110883794455043,9.912884501560416,healthy
8158.758582366096,-0.0524798904129394,-0.3565782082101694,9.72562328973429,healthy
8163.740793540884,-0.1317049319282768,0.1455911306561305,9.84245042775179,healthy
8168.732512207935,0.1717465315604359,0.1088656206357319,9.615803476530376,healthy
8173.685474230194,0.1626375080547704,0.053048138458244,9.847786768530908,healthy
8178.698661689216,-0.0176847135201007,-0.1376165076331059,9.874954261226698,healthy
8183.71833079949,-0.1529995158343246,0.2179754102008345,9.74474895523596,healthy
8188.742357361649,0.1086468393483243,0.465523790522412,9.88620848160108,healthy
8193.735184838752,0.265241596148799,-0.1539683512776251,9.784731168639656,healthy
8198.785869369209,-0.157587436764054,-0.3841217818545726,9.936115737275893,healthy
8203.768309067324,-0.0520704927767826,0.0365475742177521,9.662060858269736,healthy
8208.811920131233,0.2452395228310521,0.1986718057196117,9.917346103557804,healthy
8213.769490131248,0.3512450504590164,-0.32707966205014,9.842010248590006,healthy
8218.829952811102,-0.2157276541108625,-0.2952568302418646,9.753437495109704,healthy
8223.902547395246,-0.2637874432990872,0.1104196083890209,9.744564648190003,healthy
8228.827492494256,0.2434884144567649,0.2802817654513817,9.702212283799192,healthy
8233.747385884702,0.0605386937534554,-0.3436093737124083,9.869949280380393,healthy
8238.7612860527,-0.2495153123335637,-0.1066955924034319,9.79924847192146,healthy
8243.726160460748,-0.0697015715847983,0.3378858099621187,9.782046600437,healthy
8248.73187636492,0.215489570377366,-0.0345907764156627,9.742440350280328,healthy
8253.774796493002,0.0463779027364667,-0.1247198623158772,9.79035271039815,healthy
8258.760416401876,-0.1384449907351845,-0.0532910793926116,9.94970303124968,healthy
8263.807688431272,0.0014226334067846,0.4463017096578457,9.66734323256671,healthy
8268.77694151462,0.2366676412584992,-0.0359413775788753,9.740008500952367,healthy
8273.791349484907,-0.0720190297103659,-0.1691744051943701,9.86707147221476,healthy
8278.806590204606,-0.1395206002092153,-0.2094904483175764,9.681356338306188,healthy
8283.741725930198,0.0927074848352515,0.4259285308005482,9.84029483173158,healthy
8288.756109222242,0.1412551543232568,0.1618225840860509,9.8516890540848,healthy
8293.762650723107,-0.0900126020977536,-0.2298826775862625,9.868165629223109,healthy
8298.805814833964,-0.448638070237022,-0.065849246272658,9.658946693046664,healthy
8303.850571957635,0.0913309909989979,0.0796715541757805,9.920491459149234,healthy
8308.945194162396,0.1687948914499303,-0.0164642953734628,9.852480471062533,healthy
8313.927656673492,-0.1814248283480554,-0.158939288387779,9.69778665435,healthy
8318.850152690691,-0.2883157085401091,-0.0366952404863552,9.744612600902975,healthy
8323.830233626015,0.0653544170558392,0.2079211152122053,9.961392676329009,healthy
8328.72998012905,0.174724442872525,-0.0032862045254042,9.89059062270155,healthy
8333.7078346381,-0.139755797810596,-0.4167594867827255,9.852856101392945,healthy
8338.73818219649,-0.2813358657236303,0.1527678874919492,9.833147019687498,healthy
8343.740853368965,0.2375561446610468,0.3199854149021086,9.792731843659483,healthy
8348.79751956903,0.293576403335447,-0.147604818794604,9.856835353031038,healthy
8353.75099734252,-0.1657401663153169,-0.0998203902160594,9.720621083437957,healthy
8358.751825111849,-0.1709699461571799,0.0465925358546996,9.865907192201938,healthy
8363.767370929707,0.2974218533774102,0.0937352813747963,9.943227598954053,healthy
8368.796251679429,0.3695424113015096,-0.2583102685210178,9.773286563973008,healthy
8373.78212693518,-0.2678709602924983,-0.0392462169422671,9.60895959783398,healthy
8378.790051017559,-0.253368094764836,0.1710887532660112,9.816344274789136,healthy
8383.8167340247,0.2629608231996161,-0.0078740502801537,9.859526576377304,healthy
8388.804256870486,0.2386429729952954,-0.2734711821755079,9.848554574352434,healthy
8393.76745663459,-0.271433909391943,-0.0683996024676094,9.7962740080552,healthy
8398.67966824687,-0.1823868531848889,0.1681594575454547,9.641470474143238,healthy
8403.611458287522,0.1637951620956699,0.011223485407428,9.801321088933584,healthy
8408.66939257504,-0.0902080779773884,-0.3340774984351102,9.7033968826249,healthy
8413.778511955144,-0.2475293594599854,-0.0062204128291753,9.775511902386462,healthy
8418.68578547679,0.145103790554739,0.1231247260776661,9.874787028727347,healthy
8423.685049430089,0.4015795829780944,-0.12947718235797,9.79710818660812,healthy
8428.634173904857,0.0740217762322507,-0.3844549180895913,9.785167714712191,healthy
8433.612895185124,-0.2366510042776407,-0.0889984679182698,9.73718339083941,healthy
8438.619552809798,-0.0370155170888395,0.1622747871303491,9.73783081831074,healthy
8443.661238768722,0.1351403193399193,-0.1988393966610478,9.982516042575888,healthy
8448.619689320725,-0.1507366370307824,-0.2492671232389005,9.637018794090787,healthy
8453.644899218089,-0.2523677868950741,0.154534484943295,9.800958917389412,healthy
8458.705206130016,0.1693435014362826,0.02809217004607,9.784681580372478,healthy
8463.580823309409,0.1958471813927438,-0.3782520331730979,9.91141609597835,healthy
8468.573951722457,-0.2555777565733861,-0.2564225066490772,9.8464940930518,healthy
8473.586941354703,-0.2315208722142477,0.2220695457297677,9.787761045762082,healthy
8478.66656873066,0.1448851952891456,0.1409307886339855,9.801857594104057,healthy
8483.641215834647,-0.124322236586982,-0.344315090953133,9.980754589061029,healthy
8488.68722532105,-0.3808592763844756,-0.1263449771739265,9.739588357953613,healthy
8493.652639923888,-0.1771237049557892,0.2957681465308202,9.600571239728003,healthy
8498.617198609614,0.3672309789329587,0.1867440965989436,9.94923426793009,healthy
8503.624847536319,0.2161010131032736,-0.078923805393758,9.904789109080006,healthy
8508.609690528068,-0.2611567901635356,-0.2223018381002856,9.84707620332074,healthy
8513.560220137295,0.0720357355559509,0.1494323687782222,9.760236578010897,healthy
8518.478849036137,0.108515159583486,0.0985800616413914,9.885350601234798,healthy
8523.477081676352,0.0129813094435752,-0.506327271611954,9.876749733864822,healthy
8528.444388572478,-0.3285646127827143,-0.0113861455415726,9.708909491944056,healthy
8533.42960392233,-0.1840837654014332,0.3458821127694519,9.876530784526132,healthy
8538.336010453104,0.2578606250658564,0.1804299237912734,9.92950413098272,healthy
8543.307200329233,-0.0208401197239559,-0.2919795350753132,9.955594094281915,healthy
8548.249869173527,-0.1052308148965528,-0.0310669650123493,9.769284291366484,healthy
8553.287516598319,-0.0420990427138833,0.2739977170889828,9.832411918369273,healthy
8558.260299819762,0.3430537161261158,-0.088007672406262,9.949027699721029,healthy
8563.280026723614,-0.0531866879411181,-0.2439565144742431,9.820548968005582,healthy
8568.31760234093,-0.078532807568369,0.022887931881526,9.812953372827778,healthy
8573.332586951998,-0.053092235524782,0.1586583726812313,9.801042763190829,healthy
8578.350999667924,0.4910290457560368,0.0620981042043578,9.858635258582288,healthy
8583.414187461223,-0.1880035508931489,-0.0053443499817132,9.682384522871022,healthy
8588.495693045805,-0.1469622489060409,0.2206555277722154,9.855690897611488,healthy
8593.42105310508,0.2267488415459601,0.3181685400461277,9.931279056440438,healthy
8598.381110949826,0.1185126869138189,-0.0839742324799705,9.859996839385415,healthy
8603.369646461771,-0.2220950514083622,-0.3219558614399855,9.828352082812378,healthy
8608.356610968729,-0.1883787853600499,0.1834049687773018,9.797771177621492,healthy
8613.364622072402,0.2100610061049492,-0.0075008263221219,9.783259508563996,healthy
8618.408056713912,0.3891661392403966,-0.2127927046846455,9.776825890340216,healthy
8623.436129723088,-0.2876703639397735,-0.2137619705944859,9.834686155005286,healthy
8628.370491085841,-0.0166573916876334,0.3504677624180037,9.76890533305759,healthy
8633.375482993035,0.0921076975994147,0.1423336108722775,9.740277667445564,healthy
8638.448729403368,0.0458969427968629,-0.4877573743154797,9.82626867619565,healthy
8643.41499100603,-0.3213737976675255,-0.1309438551988365,9.790428470167267,healthy
8648.417384022816,-0.1241275267452604,0.2094249017117958,9.91467512691806,healthy
8653.338944919518,0.417237599559176,0.091373639174156,9.829167880250656,healthy
8658.293320258888,0.1119438183337174,-0.3944568700811809,9.85872051334024,healthy
8663.350497238527,-0.2730698211998747,-0.009737508901358,9.819922795088972,healthy
8668.389267150504,0.3558723903888927,0.3390625095766724,9.747541733761464,healthy
8673.375161527178,0.1757181598297361,0.0392528947361511,9.884178285621886,healthy
8678.39063268582,-0.161475849556749,-0.2439130097363177,9.831433543618465,healthy
8683.438553155902,-0.3352213533702953,0.1048432242990717,9.72200363291126,healthy
8688.423242715313,0.0550164126648441,0.1338395018646027,9.620619594368124,healthy
8693.439212105695,0.2709033516866688,-0.1541251013564209,9.812928292684695,healthy
8698.482694807284,-0.1749979361615315,-0.2541769490939232,9.915941185706204,healthy
8703.478964680207,-0.203295529532561,0.0587746385822111,9.619961703956331,healthy
8708.395050481397,0.0745724017425661,0.277867286329793,9.741422626820077,healthy
8713.344670212628,0.2478876329721958,-0.0309594632551218,9.773815508993376,healthy
8718.351666083863,-0.2477107291967956,-0.1595603416294144,9.577931040289362,healthy
8723.337207360295,-0.178437445051325,0.1513455032221649,9.751773443419372,healthy
8728.263237786845,0.1024651195287521,0.0740250541389393,9.850628661712538,healthy
8733.271726782705,0.0031382534128278,-0.0831328543547278,9.860490804791176,healthy
8738.242991613426,-0.2727789962567883,-0.2846016000418576,9.730948798058236,healthy
8743.232303216959,-0.2042027620814541,0.3497927166513985,9.81163710693908,healthy
8748.237726484806,0.1921635287206278,0.1027024868870889,9.90219936318874,healthy
8753.173084768003,0.1611755144375486,-0.297305837023546,9.9035955886287,healthy
8758.151761445875,-0.2168952606224554,0.0062526001582766,9.82151363215222,healthy
8763.1524696551,0.0319963093907714,0.2113259579165466,9.731826938686885,healthy
8768.089269778999,0.3516480279062685,0.0923351261752301,9.912710990771505,healthy
8773.108783583903,-0.0258850943516595,-0.3585229454870565,9.832533389682864,healthy
8778.166499284265,-0.290383999618449,-0.2779961441882547,9.790095136833347,healthy
8783.111846604876,-0.0945409192898801,0.2895822718614353,9.712184907934006,healthy
8788.057068978915,0.1457179537190119,0.2989523451136416,9.924283160162569,healthy
8792.97400778024,0.2754597817805859,-0.2176250115699514,9.671617944400072,healthy
8798.01688130553,-0.2277685895504698,-0.2280580589658129,9.674935442625465,healthy
8803.050468103145,-0.0942233031108276,0.2070053622126786,9.810118620763896,healthy
8808.053646498083,0.3810220264268982,0.051358813966816,9.895586320499522,healthy
8813.057228767137,-0.0181995899769653,-0.1748875867639397,9.823283235520393,healthy
8818.108340629682,-0.2037218118584353,0.1596854962038139,9.860599209217408,healthy
8823.04460729855,-0.193511658652783,0.1262544713717525,9.997904816491998,healthy
8828.005640159136,0.4094889829136811,0.1604353309495386,9.84592590059449,healthy
8832.986309281465,-0.0713229954367584,-0.3562788946644063,9.71662647784458,healthy
8837.959448949072,-0.3203015986611471,-0.040137638095612,9.740764541886668,healthy
8842.951192916684,0.1623517867727993,0.1953143105492783,9.787476716414744,healthy
8847.998086764095,0.0369768686267029,-0.0651444903760921,9.795326627804124,healthy
8853.027689746075,-0.0001254651457144,-0.1805714463263951,9.854586812693176,healthy
8857.932631979651,-0.3246395977127496,0.0236288227970247,9.78450222430862,healthy
8863.03546174996,0.2734690122430684,0.1169342540771418,9.86027914644198,healthy
8867.980711608909,0.2188586811516844,-0.1443190526055714,9.892922885173403,healthy
8873.03340578325,-0.2244326721029227,-0.1279668699576488,9.686542421942011,healthy
8878.100172410912,-0.1393687391923869,0.2751506199318887,9.667120866469444,healthy
8883.093878414902,0.2901181721287607,0.2885806957098625,9.745511335675843,healthy
8888.141264596921,0.1962846116276314,-0.0696671144307801,9.795503349134126,healthy
8893.16862146805,-0.0961173207995665,-0.0635249319849743,9.803585314766227,healthy
8898.146795751481,-0.0553267630426668,0.1971445783474197,9.63328235952265,healthy
8903.166133814353,0.3652831183969342,0.0712566743699557,9.886561348323037,healthy
8908.152460682191,0.0686062511545432,0.0599034940663458,9.87832280934695,healthy
8913.14030994923,-0.0587757849101061,-0.0621737742264815,9.76339636630729,healthy
8918.097345412942,-0.1787552875077605,0.3353186357549174,9.971247861311165,healthy
8923.033541165407,0.1857489712555873,0.1852941358703949,9.823715643765563,healthy
8927.994861938107,0.0081385929233407,-0.2403724967302872,9.859722256382474,healthy
8933.006794398641,-0.2666951898166224,-0.1225785494170751,9.674600365389496,healthy
8938.06447908975,0.0759898213632309,0.1327693170449705,9.776117860963828,healthy
8943.046430673328,0.0754217866914037,-0.1320166303684747,9.94844573600394,healthy
8948.052168927234,-0.1205829975584796,-0.0718940555309071,9.89099989902609,healthy
8953.122430277897,-0.4279194753365003,-0.0449569391801902,9.858713751769706,healthy
8958.116920592682,0.096605145143135,0.2451094806344906,9.830950543419885,healthy
8963.146926865735,0.1217697374640879,-0.1601273144224196,9.953922455441305,healthy
8968.144724072512,-0.1392051031531332,-0.0350792900431845,9.777093825001344,healthy
8973.171535778907,-0.0429615159110168,0.1857786343014697,9.873252915432609,healthy
8978.187762586816,0.2283138907456469,0.209743065257293,9.812771635866175,healthy
8983.190877492878,0.082064134196113,-0.0515019399081345,9.91427446929579,healthy
8988.163424473545,-0.227790868015087,-0.2921845884130615,9.81691654071746,healthy
8993.149534889662,-0.0282788519542787,0.1691086843820157,9.796249045586928,healthy
8998.159863621373,0.2511008238650483,0.0524817333790793,9.95139756478295,healthy
9003.193130019768,0.0250706128444999,-0.3379859217712238,9.87913815973767,healthy
9008.206369652626,-0.1395147963435973,-0.236873305087378,9.764974711134135,healthy
9013.150982687534,-0.2470417269345122,0.1437008737133376,9.522347952289907,healthy
9018.17503050371,0.2943134204698869,0.2183128894383502,9.827800749969333,healthy
9023.257004237532,0.1325446187427206,-0.028995588525101,9.850496812494123,healthy
9028.190139806811,-0.2512081866632786,-0.0465863558974503,9.733488768879308,healthy
9033.20037929258,-0.1288794098781527,0.3793473265358379,9.90611712864574,healthy
9038.2397528887,0.1504519126475637,0.197229180365304,9.8566630399782,healthy
9043.149006348664,-0.0444886036707039,-0.2311903377930536,9.763311034453556,healthy
9048.137783621652,-0.2669133177889696,-0.1791108568528502,9.708242168439716,healthy
9053.171522513792,0.0745555787123894,0.1926474394735942,9.886505129594688,healthy
9058.148192657707,0.2549719887667747,-0.0645070728885431,9.837607419818523,healthy
9063.031757969818,-0.2164306796942739,-0.4368857077229657,9.742609132634136,healthy
9067.967539582643,-0.2037957624585255,0.1070450172624274,9.737093225376354,healthy
9073.028764776498,0.1747811954034395,0.3394477271756299,9.905726594751137,healthy
9078.018572129477,0.1351118107928808,0.009129817394444,9.73015322759382,healthy
9083.034325732751,-0.26729353693663,-0.4229182737466698,9.84407889456126,healthy
9087.9550281101,-0.2456496968772961,0.1683316368874217,9.723404479120385,healthy
9092.944074738092,0.015674953218223,0.0187619264626367,9.872845492270216,healthy
9097.963020326477,0.1970289562203355,-0.1319811889011568,9.95193663771308,healthy
9102.962493225228,-0.2362373794672509,-0.2158760459241899,9.611750040072382,healthy
9107.991493319048,0.0610580887092629,0.2812735164872266,9.79197692990388,healthy
9112.908323375126,0.242550933852776,0.2274874182444044,9.819504876780922,healthy
9117.945590105192,0.1903254137042092,0.017410544842347,9.893496221864986,healthy
9122.95020920254,-0.1416716800774703,-0.1810435021084203,9.789617660093931,healthy
9127.967780732391,0.1659601479257758,0.2381564412614574,9.89120351389046,healthy
9132.972300071611,0.1654535809161442,-0.0484614324961177,9.823986616731547,healthy
9137.99131544576,0.2818040495692916,-0.0472810419210414,9.841643312183622,healthy
9142.985495084517,-0.4928114856023686,-0.1477524955985647,9.717524327570931,healthy
9147.975851628744,-0.0568689900883205,0.211998327722507,9.928391245958805,healthy
9152.984985916984,0.3580448029045789,-0.0394343913746172,9.9164423526984,healthy
9157.98098852552,-0.0343863006955824,0.036133314652571,9.813941957352398,healthy
9162.920242800246,-0.209597514525609,-0.1164364098845326,9.870405167034532,healthy
9167.881687011326,0.2374061251974126,0.1839115196946107,9.693791120281997,healthy
9172.838457058726,0.5362026528741817,0.0175171355151702,9.796327924121078,healthy
9177.857198237378,0.025772621240844,-0.267755443989947,9.644429753551766,healthy
9182.83168619289,-0.1535399856076671,-0.0767830810340149,9.884300182921365,healthy
9187.81871490133,0.0010853345823487,0.3479008043140612,9.807169447027146,healthy
9192.860392398605,0.1718256535085543,0.0017169751628747,9.697496659579029,healthy
9197.8302998606,-0.1034946755582691,-0.3746950213777901,9.70168888224329,healthy
9202.81698189137,-0.1741188052274914,0.0815250907492875,9.767605002010676,healthy
9207.857175599464,-0.1562058643324157,0.0686795118744427,9.77366413681263,healthy
9212.792098931825,0.2630236645151563,-0.0589159575014045,9.86400441571782,healthy
9217.744988704608,0.1159351475349266,-0.3502992662162092,9.810572528048713,healthy
9222.739223379622,-0.3440758244760336,0.2313630614062707,9.74921080110514,healthy
9227.649221750658,0.2329741928222906,0.1535884336149325,9.812229187473912,healthy
9232.64421706619,0.2128337586259059,-0.1694948076899501,9.977269847502896,healthy
9237.732809120023,-0.315708051428787,-0.3613502829963705,9.919111663964944,healthy
9242.697946958444,-0.2266799454553086,0.2557953574674055,9.840729729108944,healthy
9247.658980670716,0.2072834090781304,0.146949506457083,9.832427966109751,healthy
9252.746791144613,0.1349496357405701,-0.3990146820290652,9.878335072593666,healthy
9257.642373570725,-0.4029522028655466,-0.3681736717116504,9.655770620477451,healthy
9262.696369979356,-0.1983025296503213,0.186990775034354,9.798088809517845,healthy
9267.724553219894,0.0462799387336575,0.2601355924988846,9.814798456989983,healthy
9272.729040357062,0.1049994638304796,-0.1868015648989375,9.763577561186018,healthy
9277.737660360872,-0.5839290846185329,-0.2543052120818105,9.689124615900791,healthy
9282.807655883198,-0.149263354435177,0.0680755911065173,9.845824077638204,healthy
9287.87197247074,0.3797942472921691,0.0702749298051394,9.747332881406146,healthy
9292.879960737782,-0.0892545105133732,-0.2188012016938985,9.75785150521816,healthy
9297.89372602274,-0.2489867548764745,0.0493475564695616,9.76176697786404,healthy
9302.95690792283,0.1453791526830439,0.231581973880536,9.819088197049322,healthy
9307.9749383616,0.1974149452755897,-0.0923619759084277,9.814535679077858,healthy
9312.942989934418,-0.0218282824115108,-0.3391219242210244,9.84633852320686,healthy
9317.969372103214,-0.1954901097608659,0.0490976505902096,9.770738407204368,healthy
9323.009962726355,-0.0116242399552776,0.3924707652795752,9.942218185727851,healthy
9328.091297491696,0.1759072622858596,-0.2771289725424456,9.916635929913497,healthy
9333.113424176976,-0.019644121523535,-0.2232381980340067,9.907783371316109,healthy
9338.198795337194,0.0276568135735336,0.1636018385724496,9.703196290887044,healthy
9343.224327987977,0.2350189834186631,-0.0771958117983832,9.84076488113603,healthy
9348.146161919596,0.240378944456657,-0.0712681252222932,9.8236890923095,healthy
9353.159743387116,-0.1763252425615391,-0.2393727330576048,9.785390850070751,healthy
9358.245613860105,-0.2515114142056287,-0.1116330200408063,9.811948090347816,healthy
9363.175582802478,0.1247731387953721,0.1939245781167717,9.80718286788928,healthy
9368.097686275014,0.2073508214624258,0.0631173699880681,9.827257612511223,healthy
9373.065264766235,0.031537360518237,-0.2788890677524915,9.811937851701687,healthy
9378.104476198996,0.0239312336082171,0.0270343905637628,9.790898043307196,healthy
9383.1272629307,0.1851892332091117,0.1825453714590157,9.856829455471289,healthy
9388.097346068853,0.1299897091172867,-0.1785255704572567,9.903621222045098,healthy
9393.094783501716,0.0660977414160643,-0.0093531703819072,9.71795208961261,healthy
9398.123864546467,-0.1413905637335765,0.1689130219932181,9.705754785283451,healthy
9403.007772455663,0.2383590254708966,0.0516558947426268,9.824642145515924,healthy
9408.07718199542,-0.2452717949563946,-0.0476736790771546,9.760493933256766,healthy
9413.120483928116,-0.3748615912704601,0.117915835158,9.703444624845153,healthy
9418.089228129516,-0.1693124979103091,0.234405276051982,9.795167921888336,healthy
9423.06921368382,0.3232508164019612,-0.0729125016360121,9.836414658482887,healthy
9428.085401212003,0.1650003348335597,-0.012370330744904,9.834481693699,healthy
9433.083230102056,-0.2127441915118343,0.2185285000799443,9.815933069872536,healthy
9437.995363834569,0.048570267938405,0.2103252002613778,9.753046088028134,healthy
9442.977988043742,0.2496770006395628,-0.1399433130943259,9.88732135579756,healthy
9447.913841713522,-0.0617526963472274,-0.4400238268622321,9.720361602866962,healthy
9452.844173304677,-0.1497655491069986,0.0339052829833636,9.823147520708604,healthy
9457.935895328035,0.1641713426751556,0.2175691032461098,9.704893523757436,healthy
9462.909818924756,0.1299435549200631,0.036494357897497,9.770834464327706,healthy
9468.006531444707,-0.1654092441733481,-0.2849659017164052,9.956307145998236,healthy
9473.056505383876,-0.1968389602433535,0.0153982474796754,9.547424859328231,healthy
9478.07042378301,0.2048613910947408,0.2357162464387394,9.881060432402576,healthy
9483.077774468638,0.1474228185402815,-0.3246859020945423,9.796117991277448,healthy
9487.977864320434,-0.1922456570652144,-0.0816535041075415,9.822423942595805,healthy
9493.044388954935,-0.1849622152267982,0.1532129274439545,9.855598797267364,healthy
9498.043428440322,0.0200754335652679,0.3020837004621678,9.77636011339922,healthy
9503.031184976586,0.2540326628057293,-0.0673039387043134,9.724240182904612,healthy
9508.049537915793,-0.1644081450633685,-0.1979298885327499,9.761931906711418,healthy
9513.013069087412,0.0562445408330937,0.1687578520442774,9.696176132104576,healthy
9518.067067245043,0.325720924521354,0.3726384918177363,9.927568731321957,healthy
9523.034479620266,0.0840219814273162,-0.0118104540942199,9.885099602024829,healthy
9528.088647760263,-0.1158831757494401,-0.3552333173719048,9.753721114723678,healthy
9533.00312876314,-0.0075137526175517,0.3311864429341802,9.96545291266635,healthy
9538.00358759936,0.2092914206555572,0.0889844043915548,9.805306261384583,healthy
9543.00985768728,0.0495824101611887,-0.2571625308947137,9.848261538434343,healthy
9547.977242882307,-0.4993801902055698,-0.0210688632468654,9.62374595385401,healthy
9552.957810863112,0.2170904421939763,0.549934173647901,9.944214343267111,healthy
9558.000771054329,0.2540348727632162,0.0435458106486823,9.651870681079998,healthy
9562.99081629319,-0.1043148194317166,-0.4165018761579163,9.755092315235457,healthy
9568.024049615617,-0.3358171781277299,-0.0769293057280471,9.752782785497011,healthy
9572.93080794096,-0.1543644869573637,0.1354000501112919,9.822995828242563,healthy
9577.920018353225,0.0702646661181299,0.0536141874915895,9.747463535511471,healthy
9582.95901996898,-0.2420628756986817,-0.1498895337482113,9.814125503447835,healthy
9587.96307262746,-0.2276597875666395,-0.0058188713550423,9.83966762160922,healthy
9593.009393629569,-0.0560700911952758,0.3503265256360198,9.586660170847187,healthy
9597.98750638532,0.2252333727857403,-0.0961827177660743,9.795028935743996,healthy
9602.963914514416,0.0625300581728258,-0.3777700386932232,9.737033172144365,healthy
9607.978443587905,-0.2276506470366922,0.1634835700541871,9.824572059326862,healthy
9612.848114237288,0.1946164815758924,0.0414144944144981,9.914677016113329,healthy
9617.819591315643,0.1078319856910408,-0.1169081299363602,9.709956659584169,healthy
9622.82377192697,-0.3359269052529245,-0.0693029173272887,9.780103441515838,healthy
9627.780066970596,0.1901452835747177,0.0561009545611,9.70561851797594,healthy
9632.831902108506,0.1969428158729949,0.0004488341335679,9.783617390438025,healthy
9637.79784202027,0.2626670648196421,-0.2478652645447125,9.933202747860598,healthy
9642.792356854648,-0.202451104899366,-0.139874586298824,9.716526748266856,healthy
9647.792273870042,-0.0048321586664395,0.1487789961161,9.923408842888234,healthy
9652.748438114806,0.2532823578954115,0.1724146230857351,9.936082383488747,healthy
9657.839953068767,-0.0777896648745725,-0.1601647180999163,9.783415495638456,healthy
9662.878424967645,-0.4700241879878858,-0.088562405432041,9.698527178932428,healthy
9667.838052116844,0.0566008270731583,0.2793183328829104,9.908640656250732,healthy
9672.77957834157,0.2200549936013347,-0.0060315040042468,9.987452670471828,healthy
9677.810595115425,0.0109339439653295,-0.2479616793846449,9.816150057163432,healthy
9682.912124955756,-0.3726892791321775,0.067810284401395,9.731074094307774,healthy
9687.833577420692,-0.072148977551318,0.176757827718074,9.75908989496466,healthy
9692.80361655214,0.1326827238929496,0.0144354641848115,9.820584728533063,healthy
9697.826133444218,0.2626619976193601,-0.2553995673601008,9.790228035122649,healthy
9702.823191608608,-0.1560916295435716,0.1651581070015653,9.728136185448689,healthy
9707.83134575251,-0.1393435320390161,0.2694979055211768,9.885621040784816,healthy
9712.832378779738,0.0102877360102998,-0.2356289592030213,9.84672495880052,healthy
9717.718789937328,-0.0742709629916826,-0.3644380609680342,9.861537430123985,healthy
9722.65820621492,-0.3905368726254776,0.1470172256944074,9.63143330638036,healthy
9727.679199281134,0.1993816555508578,0.1173313926395562,9.85243021065217,healthy
9732.681391253704,0.3792570300694662,-0.1066147883166385,9.812669446101198,healthy
9737.712681934952,-0.1231718891142704,-0.1328766166128382,9.766957504714398,healthy
9742.74279831313,-0.3880997099126364,0.3504347529366012,9.75364245306761,healthy
9747.750348653824,0.2343548181634238,0.2600235272368265,9.848086257376211,healthy
9752.78978356438,-0.0818465775337244,-0.3061057773222433,9.933737620642017,healthy
9757.7462101995,-0.1518983237830769,-0.058187562419871,9.68617692487852,healthy
9762.812071916302,-0.3403732186100473,0.0580177629717671,9.841225549628032,healthy
9767.79444143665,0.2976596670996047,0.2554679674329941,9.926811590605135,healthy
9772.794269655536,0.1890819055138156,-0.2462696260398066,9.832036943231945,healthy
9777.81173962756,-0.2668308135955029,-0.0732350965028247,9.710385851271685,healthy
9782.79532740225,-0.0421332580034516,-0.037850426255386,9.694797549070712,healthy
9787.809682710393,0.0927025529841287,-0.2326410448823673,9.800344001066616,healthy
9792.837006280934,-0.0905557506273152,-0.1333439645028962,9.65306330812536,healthy
9797.756952791977,-0.2808396175028048,-0.1470329597078763,9.712474385103652,healthy
9802.758798982935,-0.1088296268416369,0.2455607042280886,9.720576545327631,healthy
9807.698571263323,0.3585108839874777,0.1574303854680611,9.925194585687546,healthy
9812.67857319174,0.072929143493691,-0.2155361175715544,9.936914555729324,healthy
9817.759823716697,-0.1125358715976021,0.0013092647439517,9.6687079796975,healthy
9822.77995610024,-0.0056109409300651,0.3492001674748436,9.886957559829204,healthy
9827.798583541637,0.1981194864054899,0.0065354556828758,9.842539050085742,healthy
9832.853100275825,-0.2727791192275913,-0.1935671300311535,9.953105147979214,healthy
9837.80113360401,-0.2366537224404323,0.2248234481693384,9.835663755021134,healthy
9842.80584968499,0.0283544873163942,0.0330922855472844,9.893081552464531,healthy
9847.777027590657,0.0949834835778814,0.0434136111293504,9.868421537362394,healthy
9852.797638179376,-0.1211930565011321,-0.1512672185124303,9.775053036510048,healthy
9857.772556307456,-0.2461936793364591,0.3184212740983219,9.94585799511393,healthy
9862.78670990465,0.0129358003244441,0.4349977636549751,9.776753582951011,healthy
9867.816213371623,-0.160223369021197,-0.0432051989214912,9.788663001535086,healthy
9872.857012174853,-0.1248329938289556,-0.1770082783343747,9.611881075749166,healthy
9877.812256282245,-0.2501759875228128,0.3428432103858591,9.659686433368512,healthy
9882.835420272162,0.2993846841905761,0.2099221378690967,9.825250987173222,healthy
9887.838889881,0.3527350453151515,-0.2154048706280131,9.793960948833757,healthy
9892.81707777998,-0.3835249877411307,-0.3290494887342007,9.766263289614264,healthy
9897.79701940367,-0.1963462454393382,0.2494261689146602,9.829145233775789,healthy
9902.686114111755,0.1044150893708143,0.0124781592386537,9.911820122313046,healthy
9907.691539240068,0.1064042551081884,-0.2625281827982727,9.871396816977406,healthy
9912.689888973611,-0.1351826010650599,-0.0801693775584352,9.822311311746745,healthy
9917.73592926921,-0.1419398046118344,0.2919778956911162,9.857384868535789,healthy
9922.690330378844,0.0274232881995577,0.2497038830245301,9.878954214487653,healthy
9927.667181738168,0.1356830258275318,-0.2520430326838426,9.808374496863715,healthy
9932.60108710112,-0.4254458980455438,-0.0803729857257432,9.694283492372657,healthy
9937.587329562706,-0.002584866385662,0.1127838672507511,9.79187142104212,healthy
9942.697121120857,0.3424941196118067,0.1538195367285518,9.898206748048691,healthy
9947.67785253468,0.1662140538936017,-0.1708586246506178,9.839455969341904,healthy
9952.722187348578,0.0045452797710819,0.0539449997284095,9.761405109580904,healthy
9957.75093295635,0.1155044074028825,0.2277577844199408,9.806419229459731,healthy
9962.835496936596,0.1297140895456102,0.0431008246000129,9.961794794480824,healthy
9967.86460933208,-0.181738004877215,-0.1844315577887726,10.034360602598513,healthy
9972.818182939269,-0.2421529843040687,-0.164615282075061,9.736538393259591,healthy
9977.764171253064,0.1774832988049938,0.1862722933882808,9.81010561229059,healthy
9982.795168128494,0.2432386809792422,-0.0008501991755181,9.902487967953943,healthy
9987.849156074995,-0.1501637986842221,-0.0565244872140709,9.802687690085182,healthy
9992.851203927668,-0.2441702416851605,0.0271476066807643,9.757142258906956,healthy
9997.826406896174,0.0334953888332805,0.2425446542738505,9.844317215297677,healthy
10002.862418123064,0.0156364766067225,-0.1146077327162253,9.843257942986446,healthy
10007.7991116444,-0.1833372397526516,-0.2086827711426319,9.834245546478082,healthy
10012.799595997369,-0.1659480251625055,-0.0872888256678594,9.64160226515726,healthy
10017.77351083926,0.1320462706083629,0.0272161491850571,9.818988783442734,healthy
10022.84553436356,-0.0298288737528226,-0.0623902911422286,9.79711985145733,healthy
10027.80734676756,-0.4625213580725271,-0.2579389002149437,9.815881282835663,healthy
10032.795481717394,0.0690591606439384,0.3974109055345816,9.781571135996714,healthy
10037.788043148776,0.0766858349396406,0.0008196083740414,9.97786361877099,healthy
10042.817065349964,0.0589636756170536,-0.4304088899061508,9.833369673644574,healthy
10047.803906396595,-0.3640124946771813,-0.0272180469821828,9.801519758642284,healthy
10052.813866545892,-0.0507814112736734,0.1255606368510434,9.849331837195695,healthy
10057.71277311385,0.13292448252464,0.2351146347133344,9.775968324655238,healthy
10062.767745136269,0.0486231737478946,-0.1686254316344866,9.87221335677919,healthy
10067.843585366309,-0.4220240113891647,-0.0719494878587191,9.796801373568588,healthy
10072.842599358826,0.1188343544619183,0.4389911677387011,9.748983755828563,healthy
10077.883562630494,0.1077285107432695,-0.1920170658380425,9.931360071438242,healthy
10082.995823411908,-0.2766616171123375,-0.396637771866779,9.770420411328558,healthy
10088.006474853566,-0.2852113631918256,0.0847188607694628,9.6360083815692,healthy
10092.948333652665,0.3327813240654179,0.4243404355247674,9.70863109031123,healthy
10097.99335163894,0.3346329975349799,-0.1614607437853609,9.77090816126163,healthy
10103.01178464027,-0.0572037879679535,-0.2930698687006025,9.753372872845992,healthy
10107.97072816811,-0.2614313616805044,0.1980485918075236,9.717188560437002,healthy
10112.98211017781,-0.0074478167385134,0.2404690080275261,9.802896291750807,healthy
10117.989910028513,0.1163485588538988,0.0241414252827912,9.882641752096925,healthy
10122.945895744371,-0.2364415291982293,-0.3669769785845085,9.784165925500153,healthy
10127.9041492806,-0.0571837135924714,0.0719306512026746,9.733258920526245,healthy
10132.8886717977,0.1497257000574951,0.1908168835574636,9.73231231056768,healthy
10138.028572709658,0.1513890031640864,-0.3241312489779052,9.695696089021205,healthy
10143.029815295207,-0.3447811363222611,-0.1536916036679462,9.679093262390843,healthy
10148.014895424278,0.0244681664179871,0.089761413654803,9.867072089050817,healthy
10152.95651725802,0.3587299319642693,-0.0136474950718699,9.880028518654315,healthy
10157.977608006116,0.2892132673038567,-0.0596706609601241,9.812659337631375,healthy
10163.04577450203,-0.3051308402331699,-0.1012692514044665,9.65943841821512,healthy
10168.06275008246,-0.2265941349474348,0.2135339379937219,9.841805274685925,healthy
10173.110537624716,0.3464856901913792,0.0047179171967669,9.922513085213224,healthy
10178.09746977877,0.0911341196860087,-0.2764577887364084,9.935731267039552,healthy
10183.0274366967,-0.1725229915649287,-0.1829761874594913,9.760018163215967,healthy
10188.022160574204,-0.1405995158323822,0.1513752548775444,9.902046646100468,healthy
10192.97193496849,0.3136473674477321,0.1126062081902714,9.736380411622417,healthy
10197.924325056616,-0.0812313915101272,-0.2183598524850469,9.843395104160944,healthy
10203.026996415589,-0.0352275897169465,0.0214287062520937,9.749909474326897,healthy
10208.054951997596,0.030137717693369,0.1130887611296134,9.915578618211455,healthy
10213.038985307769,0.4322180135707137,0.115237708944192,9.889737175240636,healthy
10218.047794264296,-0.2752998225921841,-0.3153023297084552,9.844343504990867,healthy
10223.011935681172,-0.3357636324155039,0.2162229403069666,9.763406264023557,healthy
10227.97811344047,-0.1678190694981689,0.3455313603645361,9.877186115035771,healthy
10232.97284201369,0.0640929989232982,0.0520433432556128,9.815092048659112,healthy
10237.989238521272,-0.1695405704869399,-0.2905563690970657,9.762552296607543,healthy
10243.032349967065,-0.1229247048372595,0.4125482976332673,9.856143079816922,healthy
10248.145581196331,0.1759416804251409,0.2369855362238526,9.904993191550815,healthy
10253.077455974984,0.0719705144988464,-0.1746080611118145,9.954997517548833,healthy
10258.035206069388,-0.4622157628838778,-0.3295851729975734,9.763937522625916,healthy
10263.073374223875,-0.2055756045115048,0.2042960323311838,9.806050946716496,healthy
10268.098107032269,0.1132202771575188,0.2376592484867284,9.925828449738756,healthy
10273.156021946692,0.1610595586224897,-0.356373299467324,9.87904407512706,healthy
10278.162276916642,-0.3216093053608652,-0.1741165938229242,9.83743701473658,healthy
10283.087599010589,-0.1063404610064505,0.2843897488613645,9.81022284754301,healthy
10287.974061829766,0.171166356786374,-0.0180508257232967,9.846825478089904,healthy
10292.998934311428,-0.1096698549039012,-0.2737261126834278,9.95365913667974,healthy
10297.843548642157,-0.2896747427601446,0.027791306957646,9.87385129569357,healthy
10302.723947587254,-0.0384881547203009,0.0663832002289509,9.785060733615348,healthy
10307.83858988567,0.4398036910473855,0.1616387723083463,9.949242473555575,healthy
10312.800522242183,-0.1102115360009701,-0.404677656334743,9.805080128798398,healthy
10317.735232645404,-0.345068896206617,0.1056638712422982,9.74732263691762,healthy
10322.839332258774,0.2355385055227626,0.242341116644997,9.711829962327952,healthy
10327.894425092583,0.3645460188657518,-0.1651130694020007,9.854973739001554,healthy
10332.944580790236,-0.0055402650295569,-0.2746710811326795,9.871252743364092,healthy
10337.94178792423,-0.243400189283875,0.1107119817999712,9.810024407759736,healthy
10342.98344515482,-0.0538735405974839,0.153193596950472,9.903156943629712,healthy
10348.038594323212,0.2196506729977602,-0.2040491589118567,9.873216929242998,healthy
10353.075731055038,0.0458891930458877,-0.1570849941689777,9.86693109255638,healthy
10358.15232168465,-0.33933717333015,0.0732781610144153,9.706259701472732,healthy
10363.161219332507,0.2232765848808178,0.2093938762614815,9.788810894689403,healthy
10368.175304171147,0.1297095002080029,-0.1938984343183736,9.802183967597694,healthy
10373.15755825446,-0.1912161840114997,-0.182127718919308,9.684552031915532,healthy
10378.129603043077,-0.1707816834450773,0.0809396301570965,9.740392045054744,healthy
10383.1718259143,0.3555906091608191,0.1531370580433385,9.864546309950269,healthy
10388.182441988918,-8.12933179830666e-06,-0.0495052647667056,9.911751886683264,healthy
10393.141560251506,-0.3805800362806726,-0.0062220448597546,9.722240590393616,healthy
10398.143644253958,0.1096931697089742,0.0347020798732189,9.684286863824006,healthy
10403.130165021308,0.3732489402253648,0.1168644484549451,9.903764416056893,healthy
10408.1822337563,0.1193165368445989,-0.1522978593308231,9.787369987056938,healthy
10413.18902083597,-0.0911936725651325,-0.1161464733561794,9.708176024097222,healthy
10418.26716386044,-0.0921684034708425,0.4265994873610558,9.964895775268308,healthy
10423.27003840146,0.2468569528361025,0.1966216212261783,9.816851057510528,healthy
10428.235148239188,-0.0924755744383552,-0.4551403181447734,9.930882424634891,healthy
10433.304830594278,-0.1488915852483863,0.1021977512086257,9.770693523939457,healthy
10438.327971316628,0.0140131587813242,0.1590235479044016,9.865662816442024,healthy
10443.455975652038,0.3724773794920995,-0.2266807333147477,9.67490351846882,healthy
10448.47842903398,-0.2018502684942259,-0.4139525801319285,9.783714299446055,healthy
10453.422322434451,-0.1528618701928648,0.0056513408735071,9.766851540549167,healthy
10458.357362352892,-0.0456459507503935,0.3673838083307837,9.87698966437833,healthy
10463.407094210435,0.2219120148339974,-0.25798740112792,9.84609711257806,healthy
10468.422510182443,-0.2163218232667577,-0.1523224158753793,9.799479881869212,healthy
10473.395175099477,-0.2303963468839507,0.1003685023441896,9.788404065550392,healthy
10478.361464853137,0.1440032702231736,0.1169316889263365,9.932245527818624,healthy
10483.422583866692,0.0978097920463148,-0.2401341666696889,9.816749528618404,healthy
10488.434347200462,-0.2862223439482437,-0.351870212634213,9.820686379187496,healthy
10493.39820328772,-0.3081964604912148,0.2770346685243692,9.669668942431136,healthy
10498.471053590289,-0.0981891773117281,0.0038391279730365,10.040240885698184,healthy
10503.544036608982,0.17731112918894,-0.2898253168094033,10.07899668157667,healthy
10508.571651298782,-0.3029851085580505,-0.1381393124284041,9.71766549889808,healthy
10513.563691291289,-0.0657578504031159,0.1445877398531379,9.861204010881083,healthy
10518.560622332814,0.0169666503212278,0.1242124027603977,9.754816744654011,healthy
10523.55159303072,0.0416479956337013,-0.4491174342700504,9.807368653548412,healthy
10528.636201981102,-0.3255160687940224,-0.0664019259417656,9.914050061441516,healthy
10533.655469596266,-0.0133030705699115,0.2239109302240992,9.822372059945897,healthy
10538.590641619006,0.1679682519448238,0.1681838336506544,10.069082387786382,healthy
10543.602462590896,-0.0991231662434981,-0.2339997486078864,9.719025178371751,healthy
10548.561018515757,-0.3400602697479635,0.0065913213949052,9.803128646088378,healthy
10553.627435036342,0.0888356603444217,0.1114617954356854,9.773473449203747,healthy
10558.57731546704,0.1856585582125123,0.0051519179533199,9.795462040000958,healthy
10563.548671694258,-0.0557682601620715,-0.3359023912700135,9.90150559291508,healthy
10568.560536955414,-0.140841104252322,0.1919157746564113,9.74610533172354,healthy
10573.539010788792,0.0118121249424716,0.1659326027025969,9.84877273678851,healthy
10578.520604154612,0.0627571917579314,-0.1348856940606352,9.775520507208704,healthy
10583.525818465092,-0.0980381566573497,-0.2017899118047096,9.735791361186042,healthy
10588.514374500584,-0.1712758148543408,-0.043599226627783,9.722426863499104,healthy
10593.501233584217,0.1648453299581288,0.2562662976036307,9.813923921255036,healthy
10598.476179001236,0.1206850981209579,-0.2866358114177273,10.060680805904722,healthy
10603.555719468448,-0.0632429207347595,-0.4601371601863969,9.83947892753174,healthy
10608.63272017407,-0.4011889682632313,0.1366071191181488,9.798435270756338,healthy
10613.684741823954,0.2772461398604527,0.180085747216814,9.829886840707609,healthy
10618.709257515738,0.0881235363307911,-0.0028849209933139,9.68752587815631,healthy
10623.703418373889,-0.2274370374534763,-0.267796891829021,9.79463923280966,healthy
10628.669815697956,-0.0904070106071684,0.2539564479121038,9.917921035425035,healthy
10633.57488583686,0.3930392465005532,0.2018513521314086,9.867221028580875,healthy
10638.514082639114,0.1701109316488493,-0.0891172772026589,9.798179704135164,healthy
10643.569319408987,-0.3234949411719721,-0.0538211425886505,9.773243695462243,healthy
10648.600939982138,0.0107802807476791,0.3658355124081501,9.659370435365725,healthy
10653.550468752686,0.1752857643836778,0.2273618178406869,9.783415160756752,healthy
10658.57572033539,-0.1294929938186766,-0.0412916969764403,9.942312796245515,healthy
10663.63331980265,-0.1940861490666325,-0.0635714425824593,9.62872766449569,healthy
10668.617101226891,0.1726983345469765,0.2519943797407233,9.754233692450994,healthy
10673.62456681318,0.2440328942157431,-0.0582382470666268,9.921936101961473,healthy
10678.656620503236,0.0586444304602687,-0.1694931787299177,9.82330918274787,healthy
10683.717599557564,-0.2035924334847524,-0.0411030780916081,9.863530441462846,healthy
10688.72254714428,0.0886174526523874,0.3181964883698929,9.78462535405156,healthy
10693.71144940952,-0.0641070182711976,-0.108712970256269,9.912962533972882,healthy
10698.712260621243,-0.1806536960068923,-0.0910583615892604,9.720457834442726,healthy
10703.811856069293,-0.2329754580448479,0.2763801079117922,9.862085101442036,healthy
10708.766175822671,0.2829138107855513,0.2363156274802379,9.784260252441758,healthy
10713.67778104866,0.2781750284905426,-0.1042226046233202,9.835887757057703,healthy
10718.698489275375,-0.0793502847666138,-0.1158128882437737,9.750533874396943,healthy
10723.646180385082,-0.1945894587320452,0.1584419077473528,9.70184216576423,healthy
10728.659084933475,-0.1712898480224153,0.2666098999105159,9.77846264248519,healthy
10733.663289344217,0.1377146496668065,-0.1900721440143981,9.885280381735823,healthy
10738.635806592836,-0.3147197837288745,-0.1534176969458932,9.908357099949852,healthy
10743.662191692512,-0.1881696649007424,0.0870457560816235,9.788940736492906,healthy
10748.61804766482,0.1408754727789329,0.1176103296082486,9.939646749803696,healthy
10753.596450395247,0.0843291062278171,-0.2976356531381819,9.875242095989526,healthy
10758.551426427994,-0.0570994774205618,0.0089186984591531,9.712475003088324,healthy
10763.60399995158,-0.1614934446774243,-0.0071559953293687,10.008177399319562,healthy
10768.664670136515,0.2720925516554603,-0.153850968980839,9.765276436160528,healthy
10773.732563454236,0.166532128097148,-0.2514125291435231,9.695149576391584,healthy
10778.683727113665,-0.4039188005408048,-0.1533219919133659,9.679101149331045,healthy
10783.663350105193,-0.1199262260726963,0.376885576093476,9.698204952333034,healthy
10788.678966091044,0.3200184349375177,0.1082478462965611,9.831021814078516,healthy
10793.702472041692,0.0521967050246831,-0.2039856291378305,9.807585678824235,healthy
10798.578844395195,-0.2942001239345451,0.1002194962265781,9.708670579234017,healthy
10803.610517780024,-0.0813982451740314,0.2034538278295172,9.702757617528858,healthy
10808.58878991781,0.3988882359700501,-0.1373260136396294,9.912826421288912,healthy
10813.580596799851,-0.1770631621384675,-0.1714077370053681,9.843255312153213,healthy
10818.596566119975,-0.0996272595972525,-0.1528197309555762,9.69802954001664,healthy
10823.529506196472,-0.0971828106096693,0.2689538196801361,9.7344508113181,healthy
10828.486592068655,0.1104193904459329,-0.115662192543125,9.746531305690413,healthy
10833.40076853081,-0.1007776103373218,-0.2688115329847798,9.645088392744553,healthy
10838.36779488685,-0.2959455561657637,0.1029126216454122,9.774394225163368,healthy
10843.37369824201,0.3856433752516612,0.1544193545605623,9.816320541198852,healthy
10848.385181172724,0.3691407695206912,-0.0738131181423996,9.86447813148652,healthy
10853.411001861858,-0.3183128359733349,-0.0519706070565205,9.749653493137064,healthy
10858.461248634709,0.1151999861671031,0.1449299842405592,9.738799640963109,healthy
10863.464943133786,0.128769493416425,0.2263783548322043,9.930926245379036,healthy
10868.420068031424,0.066410731125452,-0.1978068843483038,9.795037054619776,healthy
10873.464917391795,-0.2185975542230406,0.0109115086102557,9.79428836377154,healthy
10878.496177015411,0.0012617617672784,0.042971993864615,9.809606835690891,healthy
10883.576860465935,0.3216659970030096,0.2119258515962101,9.739297619388218,healthy
10888.608905936551,0.1539843911716457,-0.1655739165352774,9.769928380987066,healthy
10893.577953086064,-0.0949811608207997,-0.3153047881234421,9.854317003981825,healthy
10898.600434278833,0.0177069394665752,0.1515946414343156,9.704191311236166,healthy
10903.616593596396,0.3793179174788414,0.2496259463694776,9.72937485506702,healthy
10908.57557273716,0.0625523385033337,-0.177485037220038,9.786684298591677,healthy
10913.516106372395,-0.2709803665658069,-0.0824002118597047,9.718180825023923,healthy
10918.49277362311,0.1624434611174482,0.2657825426378966,9.841500110036549,healthy
10923.47773112102,0.4139545181820407,0.0396009394455091,9.77913062531906,healthy
10928.482511010598,0.0035173327521867,-0.1258671645155711,9.815633912971522,healthy
10933.51121761821,-0.1017084982601022,-0.1854683943330367,9.828058691957017,healthy
10938.425498946965,0.1463962984261758,0.2794056734852779,9.973999073687644,healthy
10943.36199873584,0.2189872928450641,-0.1323110181574165,9.887957199526168,healthy
10948.408801751992,-0.1579439373494719,-0.0876284701575941,9.726444663477578,healthy
10953.39453200327,-0.4585498056447019,-0.0249963484257495,9.81896658414595,healthy
10958.433363295588,0.0349565595135657,0.373309994856186,9.817094487911485,healthy
10963.512397474731,0.2003758090833994,-0.1356747552652116,9.904179107580193,healthy
10968.501914134167,-0.1291792559495919,-0.3364867907259203,9.776323384310528,healthy
10973.546218739715,-0.2583815885995043,0.1226299422993095,9.7023019388729,healthy
10978.445076578337,0.1058072793879171,0.2431216186170257,9.890249283617754,healthy
10983.47149274913,0.2128694326739431,-0.1937322917929877,9.924036073718757,healthy
10988.47030656869,-0.1950119889419281,0.0154068463771122,9.84960560451427,healthy
10993.451249098816,0.0257185960469261,0.2995563951713041,9.76394642604354,healthy
10998.392793514891,0.0467831847555476,0.2458788145732807,9.797185872096057,healthy
11003.44692046214,0.0816150942376744,-0.3886129481992021,9.817687569583434,healthy
11008.499231358355,-0.0370613805275817,-0.2261558025188423,9.753847381256309,healthy
11013.491222020206,-0.1783670532700454,0.5005909607858074,9.69130310380556,healthy
11018.544371681002,0.2917777773183712,-0.0805982424577349,9.766147831892816,healthy
11023.58359690536,0.1607919799860103,-0.4167276210187705,9.774356701273144,healthy
11028.606642123315,-0.2536881610317439,-0.0270936311810194,9.801512647237011,healthy
11033.60978159358,-0.0608630598466507,0.1606531175005495,9.824007532480138,healthy
11038.559886258425,0.2773280833676446,0.1392840760642779,9.905229244108952,healthy
11043.609131939877,0.0089445909803054,-0.2180044283586118,9.890779004981272,healthy
11048.6810996644,-0.3813993491424736,-0.0255900933569268,9.75038571591226,healthy
11053.711088921802,0.1279615839980951,0.3214320432664949,9.843865096064835,healthy
11058.72784117842,0.2687495864069006,-0.085693331582144,9.740684985019104,healthy
11063.64630290728,0.0353678883535607,-0.3065778714155268,9.690766976462504,healthy
11068.58414704406,-0.2534596067411467,0.2707817930187526,9.668549244848618,healthy
11073.532506834255,0.24420602303463,0.1381270566332731,9.817514510835586,healthy
11078.525514536206,0.4097299732508715,-0.0980143463582248,9.78577669268199,healthy
11083.405352973406,-0.1769241664832188,0.0333375551458854,9.818098805127388,healthy
11088.42969929457,-0.2305957533773427,0.1286746834726677,9.810405911026198,healthy
11093.448883502271,-0.083823154860776,0.3130274874592293,9.933853131853736,healthy
11098.430663832123,0.4619877918129789,0.1534785292181193,9.750606001887716,healthy
11103.385540862746,-0.1400245194668601,-0.3048685144482658,9.82934406679972,healthy
11108.446688690374,-0.1616591204489635,0.2076338243340125,9.678573107144876,healthy
11113.3777788904,0.1292841187353634,0.0745669629892459,9.90271359578638,healthy
11118.36451773494,0.0400437714832841,-0.1773852359700219,9.789475202004745,healthy
11123.329499553854,-0.1514036854689729,0.0225578456853202,9.884622810569612,healthy
11128.36451502524,0.0118606302996078,0.3040503152761678,9.910555732680532,healthy
11133.358998701638,0.2696346691671783,0.0500591774627639,9.95758437179814,healthy
11138.411797521858,0.1736105236580603,-0.1721877676482817,9.873254060643651,healthy
11143.38357590124,-0.1983621982434423,-0.2245458646203459,9.723931827245488,healthy
11148.390412257031,-0.1715777129294753,0.0972993819518111,9.657552695249295,healthy
11153.382537726391,0.298350442901424,-0.013715435595188,9.65852245365119,healthy
11158.358836280502,0.2000947632813625,-0.3782983709376141,9.975951771606487,healthy
11163.364859995898,-0.0861427929950625,0.0806661546225441,9.74936933282248,healthy
11168.396462596069,0.178117464321146,0.4083875515113356,9.907437289389724,healthy
11173.436568436868,0.1626700413832977,0.2199701540157639,9.952849571917035,healthy
11178.411154375615,-0.1580224570098317,-0.1531650365070903,9.878436655216372,healthy
11183.379893454618,-0.0938381460074202,0.0487305761911462,9.847820645180516,healthy
11188.37480647746,0.1553194600680606,0.2863202513076357,9.876296013045303,healthy
11193.481628579071,0.1938713859764778,0.0003333454518171,9.924144120423016,healthy
11198.454444306815,-0.1319324828779123,-0.3056641133122547,9.829439353740849,healthy
11203.490968457996,-0.3946127160184217,-0.0093265235029995,9.789571313560868,healthy
11208.56715395373,0.2169273419671895,0.085560627252112,9.912957271857264,healthy
11213.565248209836,0.1914475769490528,-0.1540632279445744,9.882529388640474,healthy
11218.608548762122,-0.0545377453763752,-0.3421400508359302,9.682211525526498,healthy
11223.651985181028,-0.239772258805087,0.1300847130458136,9.806435472452796,healthy
11228.628918521355,0.1381059825817386,0.0542148149726121,9.862253131113189,healthy
11233.623645274343,-0.0168587316134282,-0.2577668280406755,9.812041755818464,healthy
11238.604160487645,-0.311601812660437,-0.2059808723264186,9.790164480440737,healthy
11243.645856907136,-0.1894532656232161,0.2621306993950121,9.627254510336758,healthy
11248.605727118034,0.2608820701362665,0.1831295719493894,9.973526245355693,healthy
11253.57324296344,-0.076667710895609,-0.3592398615824789,9.721572999567732,healthy
11258.51618240462,-0.3790155885315425,-0.1641109934641308,9.798591782227204,healthy
11263.568077961012,-0.3062801773733508,0.2480892336671987,9.92744396419972,healthy
11268.588523006863,0.3346784871075787,0.0929791177072523,9.886559784478338,healthy
11273.523149961718,-0.084837674050849,-0.3525263901106193,9.980801107260064,healthy
11278.50667393096,-0.2369514881151475,0.0163355650419008,9.874949601233848,healthy
11283.477560857387,0.0347795408817374,0.0839613469418545,9.769542088357907,healthy
11288.51663701556,0.1592998357682644,0.034190279277993,9.822849956357697,healthy
11293.580123467797,0.0226803155175916,-0.2512550583419105,9.875496115314071,healthy
11298.560345050742,-0.4280375411563816,-0.0497484776922346,9.717524804980169,healthy
11303.597165082923,0.0557825153432005,0.0671868214992634,9.849637291579306,healthy
11308.54607725236,0.1148390717920818,0.0313682077119741,9.624513693792457,healthy
11313.661374455398,-0.2235306503435079,-0.3084231301962337,9.899060335435584,healthy
11318.629712724687,-0.3100784888427825,0.022764339293402,9.905100968905328,healthy
11323.573704916567,0.1043240842972345,0.0392094902058673,9.698369166123102,healthy
11328.569619441076,0.4453264407280239,-0.0656333151620911,9.840930959646627,healthy
11333.50819289237,-0.1383084499730289,-0.1758505765421757,9.801669227156491,healthy
11338.525964026096,-0.3540871791604867,0.0988996734055349,9.819509207542396,healthy
11343.499977586414,0.2290576935061269,0.3019221001452118,10.02943351235308,healthy
11348.56913530603,-0.0329249692611754,-0.1449262251700461,9.732005877966548,healthy
11353.58670471146,-0.1064484518374395,-0.1200778542006804,9.628952259463867,healthy
11358.61980403002,-0.1193919231207144,0.1883568460921445,9.828574879710503,healthy
11363.572594410034,0.1912366772343303,0.0702250362819232,9.819622981499116,healthy
11368.567443155836,0.132542069787315,-0.1464977321633739,9.939186325246776,healthy
11373.530227018397,-0.2444758680941439,-0.1287749743968242,9.615232998640064,healthy
11378.559444159262,-0.0830313133982559,0.2868773572457018,9.859308787329478,healthy
11383.546425918885,0.1054312086982847,0.0916381076199702,9.880783322059026,healthy
11388.64919303351,0.1260099513190342,-0.2645392112630426,9.821371786143096,healthy
11393.707553231248,-0.1565968408629434,-0.0782185407694029,9.835949176588697,healthy
11398.737159388324,-0.109701292095939,0.1393932851714288,9.788784164909924,healthy
11403.810056342349,0.3096164908903462,-0.2481460412299637,9.88038490436954,healthy
11408.892333163056,0.1734687609920486,-0.1083747095093869,9.7714643353637,healthy
11413.880378036827,-0.2837783000445729,-0.1473593270016494,9.660136811171837,healthy
11418.798523941834,0.0710722845122213,0.2176082566583999,9.951760347853057,healthy
11423.741710746735,0.1231013856850795,-0.0977111104753923,9.80226473179234,healthy
11428.78599783078,-0.0078950728099013,-0.1343213653867677,9.797490906660316,healthy
11433.82766363318,-0.103668380652046,0.0021275955180571,9.617579815959427,healthy
11438.884163610415,0.3401404557323736,0.3311386833267943,9.705088600045926,healthy
11443.86639908477,0.2967712351674013,-0.1139425509858273,9.990724445746215,healthy
11448.892252490194,-0.053033991147541,-0.2725912321748869,9.840854619053056,healthy
11453.942402276927,-0.3889816459402012,0.1186295191830095,9.787579683518215,healthy
11458.887692598157,0.3231694325248475,0.2069894574660073,9.79698910019412,healthy
11463.882862789458,0.0891633671579753,-0.1293847018490485,9.784043294064322,healthy
11468.781989038423,-0.2883752013509948,-0.3737029007991924,9.685462685503063,healthy
11473.76086463513,-0.2035367593354714,0.131552055443997,9.732568467962722,healthy
11478.711554611982,0.4376258635444824,0.1955728760555914,9.814399364174175,healthy
11483.647760336144,0.4306228285642295,0.0219971256211589,9.944940514192387,healthy
11488.619501894058,-0.3166505590655409,-0.1864150753876077,9.70709093131947,healthy
11493.505130952395,-0.1076024524459273,0.417484060271182,9.89489393246286,healthy
11498.491503015102,0.3683297854161858,0.1940053110858003,9.872009126140473,healthy
11503.57443789278,0.2495741754402687,-0.2657332544436597,9.85026089135144,healthy
11508.519963178363,-0.239020691102726,-0.0802145619852137,9.82313515355318,healthy
11513.56825237732,-0.1154981615018994,0.1962722522404281,9.723259539318748,healthy
11518.575197653325,0.1895311530291872,0.1976822125276412,9.972615097702215,healthy
11523.556152797451,-0.0222923159226711,-0.3058879815400114,9.803259944252709,healthy
11528.532960504876,-0.1306728491655821,-0.0789701140194059,9.583060477473706,healthy
11533.454123365284,0.0776796404723928,0.3679139414500975,9.734098625960243,healthy
11538.522826153603,0.3215738095114546,0.0697407865878805,9.772447244609085,healthy
11543.50681212073,0.1074698154637619,-0.2106712016065107,9.796710299805206,healthy
11548.481528892098,-0.1586123660400945,-0.0846254541043838,9.940720027681705,healthy
11553.39941431994,0.2144811488976891,0.4345322608878326,9.6914421237527,healthy
11558.445616989897,0.1914815761329418,-0.0217719690474586,9.789502545144936,healthy
11563.33270838832,-0.2894486687795874,-0.2896152625409696,9.788839562604345,healthy
11568.32364894244,-0.1367183633439578,-0.0559384487421436,9.87919274141785,healthy
11573.287935019884,-0.0247532478412164,-0.008860801323656,9.767570027896424,healthy
11578.394313156565,0.3026247703164889,0.1208604847892616,9.822162673539758,healthy
11583.51967258486,-0.169959241514546,-0.0939991592059228,9.825597874150755,healthy
11588.48306908052,-0.0856942924598317,0.4032305746796076,9.66999121073665,healthy
11593.478035541428,0.3412662527330005,0.0313568668279332,9.780877169252763,healthy
11598.423779661867,0.2672293794921478,-0.2131482882151116,9.80537995516705,healthy
11603.471079982408,-0.1747552979061631,-0.0592553934814264,9.748911135607392,healthy
11608.467346781395,-0.2503692179748615,-0.024372822848865,9.790057892916316,healthy
11613.487420218176,0.1510027648878939,0.402827643910306,9.878015791571364,healthy
11618.54354593913,0.1129278700761076,-0.1435340621526127,9.793872866786238,healthy
11623.558773140065,-0.0957659043919202,-0.1436950059008533,9.736570293106654,healthy
11628.540176475644,-0.3389279438832583,0.2754483783314438,9.831606094570226,healthy
11633.518264124974,0.374472653136615,-0.0175280955905879,9.828213678438887,healthy
11638.46790969606,0.0637673214571249,-0.1330641080375259,9.964987227440131,healthy
11643.498666326856,-0.4657325568198883,-0.3307129953493244,9.920241403526758,healthy
11648.522469933056,-0.3776420290018926,0.5210076011197975,9.801031938048816,healthy
11653.417490773516,0.3665403677538984,0.1211329578212779,9.865488352069598,healthy
11658.364222397888,0.033820544877161,-0.2399352037302858,9.736068170001476,healthy
11663.26832808145,-0.2469375368775704,0.0264425935611152,9.735707984946725,healthy
11668.140499293266,-0.0661386442441339,0.176271974449572,9.851802292931083,healthy
11673.218599951297,0.3920691482903761,0.1531534620936967,10.045592327977149,healthy
11678.184509734849,0.1653409905198517,-0.3378864080270504,9.898656800171752,healthy
11683.203451517276,0.011832807595901,0.0982624572427986,9.877293197833737,healthy
11688.16695042188,0.4010561952632547,0.270559247212308,9.807215215207709,healthy
11693.235888502662,0.3887788861384779,-0.1082648019300291,9.891298999885558,healthy
11698.259693385418,0.0329956074012154,-0.2306780714381705,9.87244147204551,healthy
11703.265392162954,-0.2859154493463499,0.1952916218366589,9.77372711360674,healthy
11708.255650898878,0.0622721457251538,0.1401339162684614,9.759145246572649,healthy
11713.281344414703,0.1693571664098601,0.0359977218507814,9.889914884164668,healthy
11718.28086562604,-0.3936219778341919,-0.4054869849324437,9.901532116474966,healthy
11723.195649714527,-0.3460199569193445,0.1991147014463981,9.708274303401057,healthy
11728.171880556803,0.1959546549977256,0.2099084281605177,9.790261930688468,healthy
11733.188340691191,0.3168350251737585,-0.1925061380293268,9.942077543812026,healthy
11738.193909868858,-0.203872011978973,-0.2651288995863224,9.700913219876906,healthy
11743.24447362141,-0.1031611455579918,0.3005721076685511,9.59648607417873,healthy
11748.322427153827,0.2323616436724473,0.1960678040058895,9.986416073254649,healthy
11753.314771671156,-0.1224101713319824,-0.2400230313637724,9.746389634037833,healthy
11758.333035718444,-0.3839396739227235,-0.0040642884979511,9.68550709976517,healthy
11763.353233975922,-0.244181973436787,0.3411614413545393,9.702906721439875,healthy
11768.358280572873,0.2686210312393305,0.1555885169969847,9.907284943499478,healthy
11773.313340287656,0.0580339205911024,-0.354418093849493,9.792830565882086,healthy
11778.248357052516,-0.3511047893133704,0.0158312909029961,9.83739961793941,healthy
11783.273659724831,-0.3033265455637871,0.3509181515645106,9.911186107285276,healthy
11788.308297382022,0.4494974717282417,0.0437810387861409,9.878823254047562,healthy
11793.34775587362,0.2627172133271603,-0.1815794928353456,9.74664213741248,healthy
11798.320739493389,-0.4234279481282149,0.0483088243742996,9.751706801110029,healthy
11803.290343160174,-0.1110293095251527,0.0583575297837727,9.813463471613629,healthy
11808.329240525432,0.2955321988689049,-0.0671444441484774,10.051590344604625,healthy
11813.296386755925,-0.1658005711095517,-0.2246079499291165,9.80523996967336,healthy
11818.279691109494,-0.171484337782738,0.156087683351824,9.76407658973456,healthy
11823.312664222063,0.038334183266579,0.0282928169673461,9.766666341997697,healthy
11828.221484218331,0.1402665708360063,0.0662839344372325,9.6911083254433,healthy
11833.223349321595,-0.0631810469710471,-0.0632852374979248,9.69753111620766,healthy
11838.246938114758,-0.2908265943832328,0.2746305759830469,9.726721582528011,healthy
11843.190649036374,0.3041491630936457,0.2449188443907539,9.802863193657132,healthy
11848.199528425775,-0.0105548556156465,-0.2234909311001393,9.807510557433986,healthy
11853.290466427186,-0.0336424221436861,-0.137399791252098,9.729235538577475,healthy
11858.348187622749,-0.235518981342233,0.2503959784302274,9.748277989145205,healthy
11863.315306092276,0.2629463318910355,0.198715918622079,9.66440716683982,healthy
11868.42127780507,0.0254039137479437,-0.2461712562666611,9.790555627811829,healthy
11873.463773710848,-0.1206640524121193,-0.2374319687189132,9.767497066206497,healthy
11878.478997508948,0.0571159985563738,0.3034469229490885,9.76815550050724,healthy
11883.487811391047,0.2136191016739915,0.0799171480059007,9.863088430232551,healthy
11888.539059433107,-0.0089943329520437,-0.1479779104403594,9.737818856480011,healthy
11893.537567010151,-0.1115966184518055,-0.065235104752702,9.831557790083693,healthy
11898.620746155946,-0.056697777806748,0.0851386908790037,9.841900516294237,healthy
11903.672613120125,0.2142349316852167,0.0149142295686379,9.816186603284669,healthy
11908.751613180208,0.0041156788978001,-0.3750657532988789,9.82479557789358,healthy
11913.779038252507,-0.1665471710264031,-0.1966782424409551,9.7821216202883,healthy
11918.780382673716,-0.1782851009082564,0.3200214870992245,9.593770662233812,healthy
11923.789409880224,0.2412009911786028,-0.0306174305742799,9.76750662639876,healthy
11928.847184841989,-0.096443450780381,-0.2877095057490362,9.660406059834305,healthy
11933.847509005913,-0.2257492021310765,0.1848421697382273,9.857254431137363,healthy
11938.880632156774,0.0899508785524875,0.1919859928339309,9.833088424677626,healthy
11943.904700752704,0.2314351219965859,-0.1700404839471467,9.891930837910827,healthy
11948.8186613913,-0.0779900579610384,-0.514784948590677,9.731341682977988,healthy
11953.883955897987,-0.166944458085948,0.1607798995814798,9.70412205441429,healthy
11958.912591965138,0.1168381056051043,0.2174194354240775,9.917228380193087,healthy
11963.875142335295,-0.0389297722951468,-0.2189157807740175,9.885105677519874,healthy
11968.857021641164,-0.155537273324472,-0.0190612694906388,9.83856551800302,healthy
11973.826128783265,-0.1078783039430793,0.3038238411243826,9.871152582407282,healthy
11978.760893429788,0.0429787876021502,0.1171726658278119,9.90607428060414,healthy
11983.771277585503,0.1233864570350435,-0.2399450744519536,9.77372670719183,healthy
11988.744473227798,-0.3930443452371021,-0.3080699628003864,9.82831393756898,healthy
11993.68678549382,-0.160851034099722,0.3356476840998277,9.771877909739882,healthy
11998.74054490544,0.0872482317228875,0.0231198417499322,9.828312507379678,healthy
12003.71345810301,0.1500420372663471,-0.2972336664986914,9.884247210067889,healthy
12008.683676652803,0.0300282100529921,-0.0927490797920054,9.765166032880511,healthy
12013.68011519499,-0.0915321376416658,0.2967350992430697,9.879607878759742,healthy
12018.712789316394,0.0906519000757342,-0.0457929322565059,9.790113180956372,healthy
12023.715937718796,0.036976556223476,-0.3737555199625373,9.815026468138743,healthy
12028.762348534194,-0.3837382391077902,0.0285869629317615,9.756746796985322,healthy
12033.664444129869,-0.1082414916507801,0.6253008842427653,9.684927650191485,healthy
12038.6671174672,0.4848604063292051,0.1537491929365718,9.922334778082355,healthy
12043.631584531391,-0.1163086814550881,-0.20610098907501,9.85825337170069,healthy
12048.631138786708,-0.2194520917995481,0.0380274610149976,9.72326787958128,healthy
12053.551858686536,0.1877462703897706,0.3597468300888239,9.76390844176588,healthy
12058.382564611376,0.0096382280735436,-0.1293303005049411,9.79655725570615,healthy
12063.40412952836,-0.1736739597150366,-0.1815969967708083,9.67177207294132,healthy
12068.392018123575,-0.2350550066667389,0.1076918176292723,9.91135765934698,healthy
12073.446797857116,0.1956866410727675,0.5864828103873743,9.740182441129908,healthy
12078.455406852469,0.3028441318926401,-0.1614158339031227,9.802135760967316,healthy
12083.414548847522,-0.0599924445494051,-0.2165069617487912,9.753982934245494,healthy
12088.418761742683,-0.2482382993562523,0.1261308723244697,9.850213282762647,healthy
12093.47733867132,0.2828893514734808,0.2249151098460139,9.965125063096885,healthy
12098.439839545445,0.233993968989026,-0.1745772895657589,9.888639084951873,healthy
12103.421221507677,-0.0149207612178852,-0.2186020889498574,9.86192262121316,healthy
12108.524471024097,-0.1892691044097969,0.2700719837249932,9.741443245941962,healthy
12113.573414177465,0.2204922890671579,0.2143896934871533,9.937853185598094,healthy
12118.584110943671,0.398642629885488,-0.4926989875108556,9.924939485723876,healthy
12123.630179230886,-0.1362564286328341,0.0611733846884688,9.755588043633225,healthy
12128.66465253041,-0.1945668508413594,0.1066389572854005,9.79836532929762,healthy
12133.620473643798,0.091100345056242,0.1000446849336293,9.91622578100309,healthy
12138.635705283856,0.1869491666267642,-0.3585199128976074,9.91653830370731,healthy
12143.628456219476,-0.2095809876981774,-0.2956996781852788,9.698471017389686,healthy
12148.613975326934,0.0838719278289326,0.1149309047623858,9.859450840818823,healthy
12153.57523805008,0.2119295703396235,0.2386645580652086,9.899003211692852,healthy
12158.580023989887,0.1575277563243974,-0.45149898191741,9.866695087813437,healthy
12163.592790409337,-0.08671724142786,-0.0185638936311781,9.841466240189693,healthy
12168.531475537857,-0.0634258113023982,0.1049131760892335,9.744464321616192,healthy
12173.471545232353,0.0358727077671681,-0.0094382022427202,9.908713881393506,healthy
12178.43918349968,-0.1642976336471427,-0.1398185725301658,9.736067976175992,healthy
12183.45504514958,-0.1670239730612432,-0.0434874135761499,9.864927785225335,healthy
12188.53157689584,0.3187726562585179,0.2475062702788688,9.821219677676554,healthy
12193.50599993648,0.2268308914069478,-0.0318878260376903,9.91803607171834,healthy
12198.506903041092,-0.1371104991312012,-0.248158316756762,9.718181128509762,healthy
12203.572236969458,-0.1094342251068552,0.2199323680501251,9.749284855968105,healthy
12208.51003881288,0.1473182803064037,0.2162131120676946,9.82003845675142,healthy
12213.581862456014,0.1564216028849972,-0.0904705967323594,9.83984716144258,healthy
12218.612312231273,-0.1081397848914823,-0.0377419645416211,9.788092358226567,healthy
12223.65202211303,-0.192137734963241,0.2184567670186222,9.679890599329749,healthy
12228.65205330081,-0.0215329171755166,0.0339449092175317,9.90693114467534,healthy
12233.581604540306,0.344274770001442,-0.247656236607892,9.935729959676896,healthy
12238.590468721992,-0.0029049236008403,-0.3225155218996417,9.70820916751761,healthy
12243.600566958654,0.0310905596643792,0.2703365076116251,9.797116450391236,healthy
12248.67745837543,0.277727687026192,0.0310791449593561,9.77147387453032,healthy
12253.721489165153,0.0781782982767167,-0.113946583099283,9.791815103382502,healthy
12258.75057445558,-0.0346246619666936,-0.2586586578290861,9.784395699270988,healthy
12263.776190020484,-0.2305713393216306,0.2285736349328259,9.899356079397329,healthy
12268.73086945204,0.2415502123527363,0.0531927465463362,9.804721648610917,healthy
12273.7455017827,-0.0077029228925839,-0.1408100720819963,9.911787760588824,healthy
12278.793558631298,-0.3468716831808331,0.1329077201171646,9.806013211069086,healthy
12283.901089178582,-0.1115557530571747,0.1461200117253479,9.794216253543125,healthy
12288.841768926744,0.0769591388633813,0.0854486512449304,9.75615426272056,healthy
12293.80530596409,0.0064590358039188,-0.2791590700876476,9.786798727556118,healthy
12298.757669508688,-0.3921959040840162,-0.0003826939971627,9.756112142419465,healthy
12303.700746936824,0.0913936378033516,0.2524522794272055,9.808440303843575,healthy
12308.657920192692,0.0630133305057709,0.1202382862828614,9.946951164296228,healthy
12313.60725847547,0.0888613016895407,-0.189407967304034,9.652220316289691,healthy
12318.56900056832,-0.1231663396408054,0.0888225807346314,9.81174606050541,healthy
12323.593270393245,0.0394471677769706,0.0826263625032886,9.901444379436388,healthy
12328.491239920368,0.3461190813855239,-0.1641017092022672,9.808939358749647,healthy
12333.55617406169,0.0738177578894466,-0.2376106231696838,9.800170547926134,healthy
12338.611472951485,-0.0584791491125621,0.2032834472780472,9.716516022280446,healthy
12343.640622534696,0.241019625760917,0.388933350470491,9.80636312277679,healthy
12348.646560101644,0.2018401311147651,-0.1740239567996013,9.863542082469792,healthy
12353.703482232344,-0.2719465506149855,-0.0593312707403247,9.711576242555276,healthy
12358.658134857442,-0.5036914198288528,0.215403184455713,9.724600606832976,healthy
12363.655150151952,0.1095725375057949,0.3009674161038882,9.75821467708846,healthy
12368.64192991533,0.1047842427023011,-0.3714973939474605,9.844371012959352,healthy
12373.703386924126,-0.3195105455381261,-0.2345898648434386,9.806382378658506,healthy
12378.800795016998,-0.2572094366346613,0.2729260830114595,9.790717735461564,healthy
12383.79522568919,0.1558697358829075,0.0410304553328327,9.813823339654164,healthy
12388.783589668215,0.1413501528797646,-0.1872560229786817,9.958469754847853,healthy
12393.757123187006,-0.336446197821133,0.0405139676605361,9.688249408464443,healthy
12398.78363258642,-0.1690408757764542,0.2173657344079383,9.871244001809517,healthy
12403.844418737575,0.1113984774829266,0.157632771494859,9.750176886362134,healthy
12408.764989006357,0.0290737531424506,-0.4405741491038227,9.751855929754564,healthy
12413.779017194616,-0.1258153157096337,-0.2034684849122596,9.770944229821634,healthy
12418.74367112421,-0.0164687689671103,0.2755774714497967,9.874527585740635,healthy
12423.71729939832,0.2686675296430144,-0.2319329129758243,9.967173722387068,healthy
12428.759048251217,-0.1249346373173383,-0.1381026047670653,9.766670428006092,healthy
12433.918765776816,-0.3321305787076924,0.146892253226207,9.964693070324357,healthy
12438.873051035873,-0.1678638848961779,-0.0305728611710023,9.915699143998795,healthy
12443.787873876272,0.1830894180880722,-0.1680641118831267,9.855818119514003,healthy
12448.848690588417,0.0856801379162389,-0.281631152166416,9.880646717317646,healthy
12453.908598107902,-0.1366365073679216,-0.0275831832427159,9.847059070608712,healthy
12458.936577788772,0.1119250165070529,0.3298250747429671,9.796740357572745,healthy
12463.924467429668,0.3366885028767558,-0.3367193966369733,9.877154004617644,healthy
12468.924663796392,-0.1434653458351488,-0.3461998777979306,9.81145336229687,healthy
12473.914851647116,-0.2900704034471643,0.107839335496299,9.798289130386284,healthy
12478.92847996017,0.0836022666551407,0.065972663428729,9.839260028428836,healthy
12483.99775188364,0.1960247701357123,-0.3433103764414904,9.969954775735127,healthy
12488.960537957048,-0.2950688231900415,0.0375777626677479,9.852501335258214,healthy
12493.942078487116,-0.1247794265259838,0.0929862858464845,9.86320485039074,healthy
12498.92926016602,-0.0891114173617657,-0.1100627779955603,9.75523362414787,healthy
12503.943528289035,0.27406170564707,-0.3263995763363538,9.942458040454442,healthy
12509.00973960952,-0.0500451878603223,-0.1696134714453274,9.66335808314129,healthy
12514.154186628344,0.0353331264749077,0.3216205616648506,9.860435967696285,healthy
12519.18818047436,0.3235607102663817,0.025030690053528,9.908625196475416,healthy
12524.25880250826,-0.0257942462401238,-0.1528080001154485,9.79272262192978,healthy
12529.272406632936,-0.2708330243063034,0.043791917132076,9.725798673734642,healthy
12534.2669517238,0.0376661769857762,0.2534504386184342,9.748559584697224,healthy
12539.238816206584,0.3834187516768282,-0.0896239657635292,9.78464528166884,healthy
12544.31508155781,0.0729509841856123,-0.3923335241212934,9.861534604318065,healthy
12549.424875740491,-0.2360472291084424,0.0773702448638776,9.85915270067914,healthy
12554.394796278948,0.2194932174833566,0.2591332516653906,9.837297643061945,healthy
12559.419001878829,0.0911891653352983,-0.16981929810816,9.773784174681484,healthy
12564.378619640753,-0.0320821520753579,-0.2462041210475735,9.74021464313913,healthy
12569.397017320887,-0.1183694570990747,0.1648467590446164,9.64629929316577,healthy
12574.37055170477,0.1321296496091313,0.1861216340623969,9.8217220939443,healthy
12579.28019662674,0.3201049697065259,-0.0556851109597893,9.882820585563344,healthy
12584.257975759949,-0.208433123363717,-0.1114579236711843,9.738493210782874,healthy
12589.266588996166,-0.4779439049721837,0.1081080830785279,9.760432243134767,healthy
12594.168237632884,0.0070136819560875,0.0857169215294956,9.896293705430184,healthy
12599.170842473466,0.1460211327642157,-0.1858322115058147,9.896586910659234,healthy
12604.196486887186,-0.1606027717830525,-0.044554520167525,9.749009239425018,healthy
12609.252993802467,-0.1939186523163251,0.2639064785261842,9.78540357480904,healthy
12614.247475146358,0.1734981235579731,0.0513961263201213,9.918249044015964,healthy
12619.1690848711,0.2326855373672937,-0.0482258549418064,9.858935534628554,healthy
12624.098791880871,-0.218512419411157,-0.0723791240273179,9.763931866971806,healthy
12629.15098514747,-0.0368470963475793,0.1278175073297714,9.843522902909791,healthy
12634.152126004165,0.2604598974220832,-0.0010584974452836,9.836017319173324,healthy
12639.087708099692,0.0456681645956713,-0.2518454589515186,9.733925087279353,healthy
12644.035781902474,-0.0464817331999989,0.0524037179772896,9.89514364845462,healthy
12649.08420119581,-0.0297728417840558,0.1116080446319228,9.810962026456943,healthy
12654.118097930164,0.4272203212159925,-0.0062791889420433,9.760687067317122,healthy
12659.079602758273,0.0647748301462055,-0.3741678549466935,9.937935399690964,healthy
12664.08322246015,-0.2788830796865864,0.1699203380177105,9.65718626746938,healthy
12669.157799865794,0.2717987953343843,0.0737212338252982,9.789573804121472,healthy
12674.10980567561,0.2922011139907936,0.0303392354149739,9.859863278518771,healthy
12679.006166002477,-0.2266069644154268,-0.2095177392788854,9.7997502977847,healthy
12684.057863177435,-0.1412619623324387,0.0942600970481732,9.702475023560805,healthy
12689.057280529942,0.3777974600219921,0.0147626013558442,9.87358873382025,healthy
12693.96085077774,0.1052980015282624,-0.0780208992448841,9.814893738522937,healthy
12698.93558484366,-0.0286037216242996,-0.2293520576842401,9.744402059321947,healthy
12703.89017212805,-0.1217635070614036,0.1241415956473862,9.80954457274458,healthy
12708.932782378766,0.1138363724970205,0.0952463374795045,9.85839861238687,healthy
12714.005817161264,0.2519045468727219,-0.0579389102246235,9.791444153890094,healthy
12718.995156727851,-0.2156591377580736,0.0514845654654929,9.881616588934657,healthy
12723.951205807112,-0.2113432174801652,0.1155101147647052,9.735802498750132,healthy
12728.991701553705,0.155910563822961,0.0498480206453962,9.859262720261215,healthy
12734.011471431008,0.2548919067907025,-0.2175289404841277,9.6666204778016,healthy
12739.093605132575,-0.1589604295834011,-0.3425396662633951,9.70814106319527,healthy
12744.15257026351,0.0510674142285515,0.0980608764763479,9.83973869976627,healthy
12749.07890118966,0.1970125224453532,-0.0083613360661871,9.940565567849198,healthy
12754.026403587575,0.3523124872098399,-0.2139600151823057,9.993517068337068,healthy
12758.97452928036,-0.0001779372725791,-0.2041869447367869,9.782664788382592,healthy
12764.07773749804,-0.1141989425483805,0.2459887162309679,9.855844151746222,healthy
12769.191713363492,0.1837192732497611,-0.0029098868025878,9.907165255145197,healthy
12774.18760584819,0.0078674827988942,-0.2382985332624699,9.780299847370324,healthy
12779.179451942273,-0.5570070146864043,-0.2702985096742319,9.718131488882348,healthy
12784.170706811865,-0.1188872352592364,-0.0303912551678245,9.763430403937122,healthy
12789.129624290414,0.2989332680190796,0.0398005714759701,9.95612069802202,healthy
12794.172493007774,-0.0099642572914341,-0.303762807412869,9.847339334385858,healthy
12799.25581546611,-0.2082641971011564,-0.2783200807993267,9.71777345625675,healthy
12804.253682017184,-0.0236959992102522,0.0280541259046839,9.908995027992304,healthy
12809.321463586171,0.2528498769394418,-0.3038790405223118,9.840652596215168,healthy
12814.201889895536,-0.1223099609607972,-0.316190071469274,9.773849336165698,healthy
12819.225643010492,-0.1805780611920596,0.0588489133061929,9.895000372341489,healthy
12824.258147193215,0.2370579404805399,0.0768962500040633,9.681111611642637,healthy
12829.39010487612,0.0899208968361169,-0.0840908976250787,9.740288099464184,healthy
12834.407538565938,-0.2550822669615543,-0.1819397833506174,9.857653231177697,healthy
12839.408849539352,-0.090746003608623,0.0103063495604485,9.661000577805822,healthy
12844.438183144235,0.230997723463713,-0.0266785188806567,9.978496761868437,healthy
12849.441733349398,0.1893786256085379,-0.3044687941112928,9.740167438325418,healthy
12854.391532793668,-0.2601156151967567,-0.1605647856528666,9.80054007239281,healthy
12859.486088454178,-0.0243856448914433,0.12890315216714,9.831833537321772,healthy
12864.418078682358,0.1363268046008524,0.3211890363666243,9.884800262900416,healthy
12869.370251520328,0.1971479519702762,-0.2156209853835752,9.853815105608604,healthy
12874.37550996962,-0.309047834822862,-0.1603218258715681,9.867504769343087,healthy
12879.421326231291,0.0037418369362491,0.1005265913467785,9.70945927510028,healthy
12884.42436184871,0.5119706604567928,0.0912500466824503,9.84804580931039,healthy
12889.37124529516,-0.0431381185133759,-0.1391993103453112,9.86802519632131,healthy
12894.332157833069,-0.3658217083026833,-0.0431302662188589,9.78988289418098,healthy
12899.296942021409,-0.1568264017567187,0.1787059621280206,9.801199854837993,healthy
12904.315137330072,0.381065082465755,0.2069708098687767,9.664796889836238,healthy
12909.321758915414,-0.1434702464966678,-0.2110736222263912,9.985973270763738,healthy
12914.325225267436,-0.2516365831189962,0.037623492721012,9.706307599645156,healthy
12919.28530055981,0.1507287008229641,-0.0094412184000524,9.677418678214089,healthy
12924.277497922394,0.0774301966169467,-0.1761737519815612,9.959951893142788,healthy
12929.335034077243,-0.1239954886594709,-0.2087476753484056,9.935874547782934,healthy
12934.260063434507,-0.3753134594890315,0.1526983035992739,9.788472315331388,healthy
12939.32983214778,-0.0160289555403762,0.429895224868789,9.780110392974745,healthy
12944.2604262143,0.215830011165225,-0.1091499175718337,9.785568058272494,healthy
12949.23610194217,-0.0333281594562658,-0.0782098413163353,9.809256984519696,healthy
12954.280736558198,-0.3092059800174467,0.1287983916224598,9.940686860925863,healthy
12959.344936963413,0.0069582485829811,0.3457558113322127,9.714671835612227,healthy
12964.39951497008,-0.0065530859963288,-0.2320500572589693,9.94059411050093,healthy
12969.402208701504,-0.3112781130516898,-0.1618859330992134,9.827343580056954,healthy
12974.430732263792,-0.0859391481616427,0.084699819035037,9.73025153060824,healthy
12979.460968225188,0.2027490934245187,0.0136081844927274,9.734883340154132,healthy
12984.52063102752,0.2546909751940812,-0.1889832140149003,9.893830380149256,healthy
12989.486458368492,-0.3673209406521913,-0.025239939020028,9.623193049436562,healthy
12994.424456506396,-0.1745222120987939,0.094336557181646,9.891798201712003,healthy
12999.517426673265,0.4045873411346752,0.1785664440456222,9.791784847795958,healthy
13004.48839399788,0.0777000815322125,-0.1125931814628061,9.907935365376147,healthy
13009.546019966723,-0.3943455754119658,-0.2529400888939197,9.788124966126697,healthy
13014.516944736071,0.1176093040841479,0.1923440926790153,9.782792643308175,healthy
13019.42489973024,0.1336305266118596,0.1601741826622668,9.685354449875287,healthy
13024.3127844736,0.2025111809851168,-0.1537584709786308,9.760028521683896,healthy
13029.278197903031,-0.2225493782683565,0.1252473314832555,9.708882293498338,healthy
13034.254617813564,0.027542766455797,0.225210461790494,9.848368016177838,healthy
13039.312544247614,0.1671123359610745,0.0333923057297655,9.932836139348142,healthy
13044.192190549362,-0.0079257406297982,-0.1378435623737042,9.83769847707622,healthy
13049.24952365787,-0.1774806301345852,-0.1625680174560532,9.767922870810592,healthy
13054.293584482077,0.1120203591434219,0.2509971819438908,9.912920179872106,healthy
13059.349544875226,0.1236804456854958,-0.102288226093767,9.896062140419644,healthy
13064.464734133731,-0.3310970507423227,-0.354345021812543,9.8053671791801,healthy
13069.390417480196,-0.1855024649268097,0.2069731092181573,9.807380198653105,healthy
13074.451471834203,0.1155551180869523,0.2934627876737635,9.768465461614529,healthy
13079.38116832534,0.193658782922729,-0.062535758251686,9.870520591530449,healthy
13084.339689884957,-0.1766403497906607,-0.1064568870420265,9.638234762422066,healthy
13089.311963106116,-0.022599012770933,-0.0363356734116488,9.90741836748983,healthy
13094.277417556614,0.2440942886386728,-0.1413761779223019,9.772009178810022,healthy
13099.259831184325,0.1716232036391851,-0.1869395039998188,9.88230055489539,healthy
13104.174441031491,-0.3438007317337657,-0.0361116454603159,9.841336894976587,healthy
13109.114777860526,-0.1556523726644837,0.1645158954442213,9.778458991939765,healthy
13114.090438751551,0.2826561750628308,0.1680377454399446,9.95065209982603,healthy
13119.109312336956,0.2960339452011933,-0.5936940351701404,9.718908145991428,healthy
13124.081908221217,-0.1186431320728146,-0.0640509018121294,9.818189739647767,healthy
13129.096762026713,0.1935382520165294,0.1447555040659687,9.805836407858465,healthy
13134.134580765767,0.1899367115847186,-0.0538975538873481,9.778956551041682,healthy
13139.140892105508,-0.0392245830593329,-0.239829875152371,9.763954412895904,healthy
13144.12769533511,-0.5706065209116481,0.0851281927442439,9.773041852109923,healthy
13149.103888052889,0.132430810316742,0.1779694104691157,9.79119918924092,healthy
13154.14310575003,0.2745926228602544,-0.1710219535414986,9.948136016443264,healthy
13159.098420611612,-0.2619309535931989,-0.457369853763862,9.83307541089406,healthy
13164.013162723046,-0.1189535191100497,0.0919509611751421,9.702659267964352,healthy
13168.965347955696,-0.0718951984819598,-0.0369799194341882,9.824072133916316,healthy
13173.93857647702,0.2780203661715983,-0.0412095373987857,9.865943421760972,healthy
13179.002001700224,0.007501245229989,-0.0909067709427222,9.699789563932892,healthy
13183.981765260382,-0.3607861420662745,0.2928860935850661,9.701191318881827,healthy
13188.964596581003,0.1796851039658955,-0.0620199347098585,9.759781414993482,healthy
13194.044538720012,0.141329520980838,-0.0855667650953782,9.812270302456811,healthy
13199.08657022808,-0.0488286550417704,-0.3496393798642711,9.82641344519943,healthy
13204.13479915362,-0.3736715896466607,0.2498507889289872,9.772718280087863,healthy
13209.145451606164,0.30476876275559,0.1224161051697992,9.965375959309402,healthy
13214.05362823256,0.2327656801941032,-0.2041331158479375,9.828262694768748,healthy
13219.040736447088,-0.2517732383145229,-0.3521895467550483,9.758528861808632,healthy
13224.009688997705,-0.1157885646850151,0.1521926352994232,9.859232312106377,healthy
13229.0480815666,0.0725435273778622,0.2359907318727492,9.82897350046334,healthy
13234.020015260918,0.162853122620745,-0.1994990873671053,9.85918737574851,healthy
13239.059610874796,-0.2787726777329006,-0.3136560999436466,9.60968608369994,healthy
13244.065319832976,-0.1294578060843532,0.3621323196281416,9.802427757058512,healthy
13249.101516723147,0.2208840933717079,0.1255618435534474,9.932073772114617,healthy
13254.055624590375,0.124212592321785,-0.2519095662682112,9.949079563036276,healthy
13259.08274507114,-0.1734109767127485,-0.0510172565764088,9.860284728602451,healthy
13264.073243924342,-0.069604898375717,0.257438651719643,9.792154653571666,healthy
13268.99178077549,0.1131250954085702,0.1399386007246463,9.838397707534892,healthy
13274.01180745,0.0158260683048961,-0.3015180459405023,9.74127165684248,healthy
13279.042036194414,-0.2086588608799318,0.0591066693916882,9.575705124468271,healthy
13284.00092959839,-0.0057451376777558,0.4962613081827367,9.799031240082307,healthy
13288.98606217047,0.3212100032942527,-0.1831888539248107,9.917572646137955,healthy
13293.992450708847,-0.2488203799134308,-0.1939120352600716,9.815057921242918,healthy
13299.065795207114,-0.2168655014947674,0.0104552569800664,9.923342869886046,healthy
13304.090116604166,-0.0348298721437544,0.1587353845366746,9.780179152008362,healthy
13309.053263548683,0.2164576805187132,-0.2865913779677371,9.897721074821384,healthy
13314.112793625673,-0.3732315967644838,-0.0552128882292361,9.818199544840668,healthy
13319.197874957998,-0.3986229515425012,0.1188174304485921,9.837179660671929,healthy
13324.143470831848,0.1982761875755117,0.1681251000120415,9.702593927578572,healthy
13329.104374797167,-0.0532993665408246,0.1149463671309971,9.993303757934315,healthy
13334.098404711378,-0.3307528149125335,-0.1026488963390568,9.749477718444284,healthy
13339.174961184624,0.0412212174160046,0.1100209547713964,9.75539278252805,healthy
13344.186026369152,0.0342037679127037,0.238236836943188,9.823455759385368,healthy
13349.191789803936,0.2873099496519002,-0.2399274917796524,9.917955252705468,healthy
13354.17090302766,-0.2275667824982753,-0.255616679282905,9.6850748529427,healthy
13359.261392160202,0.0216960526559995,0.1411896842341561,9.690097911610025,healthy
13364.364824135617,0.2841051936677892,0.0751223306733378,9.815986603848906,healthy
13369.342332855593,-0.0349626123741097,-0.2717929652154243,9.740629143299902,healthy
13374.36992595226,-0.2620512089755738,-0.0967781239610824,9.978883184189725,healthy
13379.333824491605,-0.0863997808971709,0.2173733299334941,9.806297431726758,healthy
13384.35318278758,0.3378566319246565,0.340364035453992,9.971702876445743,healthy
13389.327550348886,0.230169816047044,-0.0915218477472898,9.781191546489934,healthy
13394.30929158353,-0.3241999327748269,-0.0771184816171386,9.846805456564146,healthy
13399.224389429548,-0.0223018407294612,0.2435185183031154,9.731993555077084,healthy
13404.27714856948,0.1163897565261525,0.0023047728291548,9.89266748816742,healthy
13409.23917439924,-0.1156129548168647,-0.1092252595879285,9.744354297339555,healthy
13414.30831732139,-0.4466469418443497,-0.0001430860024045,9.78102956927742,healthy
13419.3078990257,0.0593110176910529,0.183300170227285,9.728192275807244,healthy
13424.269713633625,0.1029856471340686,-0.1635671761305397,9.775105551425677,healthy
13429.312354728425,-0.1719180354251454,-0.171109524330368,9.785603370600294,healthy
13434.3559697613,-0.2827862204532117,0.106093819760005,9.799823383378198,healthy
13439.368068241756,0.0427664120034621,0.3125069584657466,9.798508052108106,healthy
13444.411586635531,0.2438469292145418,0.026062972331986,9.805903355971862,healthy
13449.441424692017,-0.0210845418374089,-0.1347015356416689,9.991034883168938,healthy
13454.45957765337,0.0797015999351392,0.2092748652113593,9.792100797677437,healthy
13459.458521696564,0.0561476112848763,0.1819633541464722,9.936058479977229,healthy
13464.392916569032,0.2433261355775609,-0.0524832567372299,9.753113561598406,healthy
13469.421007556846,-0.1291031318620568,-0.237524911539264,9.887307122036711,healthy
13474.393725999042,-0.0493552314259496,0.071631270499272,9.865871698783025,healthy
13479.407638630377,0.2375776480906056,0.0830443232389268,9.749771525110551,healthy
13484.312676420024,-0.0521115972700661,-0.0821450767722323,9.804539602222802,healthy
13489.275621105016,-0.2896298455948233,-0.1765326494691975,9.690436815317485,healthy
13494.376255002482,0.0378415913656705,-0.0235159883614614,9.789230845060883,healthy
13499.406686580362,0.1952062534052059,0.0694283404504718,9.880442037200735,healthy
13504.3634408725,0.1035325135959978,-0.1416107134400996,9.854082978372142,healthy
13509.381601707431,-0.3076812721034492,0.1170142633854907,9.79625134618932,healthy
13514.406564193674,0.1540908243966145,0.1520401238722144,9.917460957574676,healthy
13519.335961403242,0.494129566071784,-0.2127850319847094,9.947081241875654,healthy
13524.430141377065,0.1222346320888358,-0.4046641634937089,9.76936341268927,healthy
13529.443996261498,-0.14935076561478,-0.0024780701696083,9.671817463580132,healthy
13534.508240137238,0.1346478855830745,0.2649803116902185,9.867537452692249,healthy
13539.514085029952,0.2932352369559216,0.1261066922228787,9.801655143781874,healthy
13544.421748995464,0.0698976614460908,-0.4784325616100654,9.678599138964543,healthy
13549.429176202,-0.153422669357089,0.0621124917214077,9.603370059474871,healthy
13554.381666237863,0.161842180152129,0.1564393298993587,9.773614189919469,healthy
13559.35631319786,0.19485314110574,-0.228991916581165,9.823739329455233,healthy
13564.494259135536,-0.1387354045167926,-0.0728939043430892,9.875532089843665,healthy
13569.498044519894,-0.3035243224150524,0.027704855356899,9.74497215534546,healthy
13574.465737716608,0.0901767052983555,0.3395306311772162,9.824953236230243,healthy
13579.487338029188,0.1819526866915392,-0.0371367683984139,9.892001858506012,healthy
13584.460167292951,-0.4222593470722036,-0.0084417884330659,9.669600835255224,healthy
13589.50168776054,-0.2418306614336701,0.1708271701783319,9.771420139752443,healthy
13594.493278877202,0.2103785782258228,0.2415332908447684,9.66328594650694,healthy
13599.45421192524,0.0770950223294381,-0.1790405689793529,9.852827253307536,healthy
13604.47564029378,-0.3290223342976087,-0.0951135260412018,9.752166283235546,healthy
13609.534211685354,-0.1115446907292697,0.1811405598357771,9.93627961034654,healthy
13614.543660405918,0.2975158883232704,0.210471562968242,9.856542946111372,healthy
13619.5600902263,0.0252196723592249,-0.2286362755298892,9.85517131802088,healthy
13624.564065024484,-0.2214718401200268,-0.0362098390069485,9.898400673487942,healthy
13629.508032346175,0.0550078458757165,0.192272031579452,9.866005653064413,healthy
13634.52561832934,0.2744995607133969,-0.1452436944542763,9.955351731522594,healthy
13639.562974712728,0.0298632606418656,-0.0744606175988047,9.792265351401728,healthy
13644.62154893544,-0.3553300281717901,-0.1455657571285029,9.632420741802267,healthy
13649.636840445191,0.0084742198856538,0.4437500807103359,9.837872695635063,healthy
13654.549546343556,0.0996530612250552,0.0930441330271651,9.815013359430592,healthy
13659.513173583247,-0.0400746809529958,-0.1744208778211114,9.83695280524989,healthy
13664.486367463487,-0.3640870421619129,-0.1123445735650274,9.65846783279958,healthy
13669.484117408743,0.0831128880687682,0.1634862593957718,9.845025901245208,healthy
13674.51350193306,0.1477059289455901,-0.0418429007302068,9.898391303186916,healthy
13679.579567278011,-0.2166683942917793,-0.2533312796593382,9.683980603134296,healthy
13684.595417832536,-0.2533641848941007,-0.0401275318729431,9.778657585386924,healthy
13689.611982811595,0.031137147477817,0.1687251827046033,9.95956642348502,healthy
13694.59102542619,0.2441175898702505,-0.1127334248734992,9.857214665982225,healthy
13699.649929412244,-0.1325154146250761,-0.0337563349500211,9.943789507737614,healthy
13704.724445708507,-0.3086797785367211,0.146649925195954,9.71175663460032,healthy
13709.738152332517,0.1998841975594291,0.1044793671079689,9.71737856211552,healthy
13714.788338774426,0.1107068887164511,-0.1716329210703618,9.907764308651592,healthy
13719.720534176196,-0.1694526282687078,-0.1421107133326852,9.922736150795334,healthy
13724.6975171528,-0.2623801489634347,0.1574482203984864,9.764421883921145,healthy
13729.694860661848,0.1776953343069451,0.1667978006693093,9.731837606510334,healthy
13734.69910377394,0.1923850250329123,-0.0964350003650313,9.806269202269633,healthy
13739.771023220886,-0.385543390249946,-0.0688825934408174,9.847218961233462,healthy
13744.858134567145,-0.280692207272628,0.0188844215305125,9.859944491767296,healthy
13749.90906261237,0.247922087819564,0.0631383831194131,9.812623924636211,healthy
13754.94846812663,0.2343957624227381,-0.0707328278501873,9.773196431845223,healthy
13760.053468162345,-0.2197445503032055,-0.025448425994902,9.934133730219903,healthy
13765.062393457782,0.3083510404635198,0.2738414085025431,9.766042687623449,healthy
13770.031649298882,0.1992129906782688,-0.0902100600271769,9.840451198896885,healthy
13775.014384755075,-0.1793862888415337,-0.2739014583671881,9.838366743536795,healthy
13780.018851567658,-0.4081851648454311,0.1161090802450471,9.729675365735297,healthy
13785.007276796056,0.1123502346866128,0.1668246273911154,9.814153297765724,healthy
13789.946961549384,0.187125206857001,-0.0530117083931651,9.969711528554788,healthy
13794.8969285743,-0.2208706905175238,-0.1338519937167208,9.777794166660096,healthy
13799.92935781984,-0.2712062595155363,0.1854843727578197,9.712938031301476,healthy
13804.9910626454,0.1723306128704998,0.3464078226232552,9.876480141813914,healthy
13810.014452567722,0.1470339328219665,-0.3694419007647616,9.746973263975171,healthy
13815.079134244175,-0.1788107660364367,-0.1162213234107744,9.727368054146774,healthy
13820.036707716772,-0.0786736248583284,0.2802325475920004,9.726258793534276,healthy
13824.964125697325,0.2253639278616088,0.0945391693569716,9.883924799682674,healthy
13829.97216250658,0.0454614756005657,-0.216908658271777,9.924069432039571,healthy
13834.985082024552,-0.435840194226934,-0.3566662137537641,9.6005822599582,healthy
13839.97672623491,-0.1614197954153321,0.2315497916000921,9.610224537382436,healthy
13844.982219519028,0.1899610146455733,0.0702184056602756,9.759933031184223,healthy
13850.045767840318,0.066578156605272,-0.1002967691017046,9.79239901264917,healthy
13855.00483227069,-0.1220572830367033,0.0018369028356863,9.931847834051576,healthy
13860.071824387793,-0.0606181729280637,0.0235767710207842,9.907650848183769,healthy
13865.123192800173,0.2391012768996597,-0.0397604711812403,9.750896058975547,healthy
13870.095493476589,-0.0342781537913649,-0.4150737253592432,9.778877817402886,healthy
13875.079359196878,-0.28655774830804,-0.1666505556482321,9.691071990851569,healthy
13880.163778135406,0.1048567165295791,0.1141756207301431,9.966763773343953,healthy
13885.118069401744,0.3887877576403294,-0.0630456983792483,9.917895390298453,healthy
13890.089308236093,-0.0449493880208625,-0.2284077329380376,9.857502469261131,healthy
13895.03991373681,-0.1090702783242809,0.0804429338339892,9.792853669551343,healthy
13900.004479328152,0.0065679966929361,0.3778943737902874,9.949166983152512,healthy
13905.036386030964,0.2013377464556621,0.135891370571302,9.891972904898704,healthy
13910.070430448308,-0.0686919234934737,-0.1584784921857702,9.87598432248632,healthy
13915.047863599848,-0.1202463451026946,0.0103731530679946,9.85711462365711,healthy
13920.036379874906,0.0532036378717885,0.3388701400818979,9.771655161704766,healthy
13924.981630531103,0.3889031304511352,-0.3253608977786551,9.817053478057028,healthy
13929.937908087875,-0.1905214117921063,-0.3255190139472472,9.788462656495293,healthy
13934.928539319431,-0.3343484114996495,0.2207650432934792,9.804300886843905,healthy
13939.927512048367,0.259152669023048,0.177879963680526,9.972662600902868,healthy
13944.934613170852,0.1007328642885213,-0.1444524259484705,9.749900252180815,healthy
13950.013846481295,-0.2021684927313232,-0.1872591343537662,9.73684871111725,healthy
13955.062676512563,-0.1133540422502582,0.3198005693843952,9.690125347382606,healthy
13960.106917710218,0.2600592003611429,0.1132509751706784,9.795609429998532,healthy
13965.182714602017,0.0615739777780955,-0.1875240878357404,9.824224708168844,healthy
13970.175296935604,-0.3072980624798868,-0.1613572263903417,9.880478319982016,healthy
13975.200784921297,-0.1771637657981929,0.293286288333327,9.735658550943493,healthy
13980.124717811088,0.2947365026031749,0.243361127816997,9.822969300084068,healthy
13985.063929908678,0.0350776939742052,-0.2833759219625593,9.849540322595091,healthy
13990.07562492977,-0.268651310358262,-0.0928818022563473,9.808344562063024,healthy
13995.048680987638,-0.0352201170077873,0.286813638288965,9.776275999779823,healthy
14000.064841008949,0.1834180137895023,0.0566280928022007,9.779783595724236,healthy
14005.106716617032,0.0823829859062297,-0.2721557459990016,9.764997165928628,healthy
14010.175900209211,-0.101139005019599,0.0255327713983931,9.726904898607868,healthy
14015.189989472254,0.1845304298937829,0.4888931402384054,9.977719053999918,healthy
14020.169643996844,0.1081139540908496,-0.1754348978203465,9.853436558733849,healthy
14025.090870236534,-0.1068129887924067,-0.1495730090256541,9.797815905310896,healthy
14030.058083938076,-0.2449984055700484,0.1288628681797057,9.698216173402145,healthy
14035.058515977653,0.3634057657418151,0.2794162247027059,9.924447591853816,healthy
14040.062781106824,-0.0207751015313774,-0.3548541114388776,9.726503773622904,healthy
14044.915326063485,0.1069520318319674,-0.0956555442926691,9.767746947275826,healthy
14049.908109415,-0.2527755624956018,0.093794479213424,9.767483287085698,healthy
14054.923108895664,0.1204235345955833,0.4562351598288268,9.77543241153606,healthy
14059.963355115557,0.1700829464375176,-0.0664692720983275,9.77315167388773,healthy
14065.066012157147,-0.2212729911880307,-0.0490494531165089,9.556089028856542,healthy
14070.099738855351,-0.079516052250814,0.1719142905257928,9.89234989189803,healthy
14075.147697658633,0.194133626370355,0.1994526878431367,9.964672236950047,healthy
14080.060858522984,0.1276878809673008,-0.1716964080996929,9.765831299593938,healthy
14085.039297031291,-0.0455269577584836,0.0410695147720311,9.809902270801368,healthy
14089.994629739687,-0.3632145202514674,0.2089858114701535,9.754177575814769,healthy
14094.947611090349,0.1314205132088932,-0.1075233979109512,9.706284721808288,healthy
14099.946721827188,0.2726538426339565,-0.090996842518828,9.916569930556363,healthy
14104.997680805727,-0.2637010993715505,-0.2542669717739693,9.758437246737286,healthy
14109.907150255576,-0.0512111684689463,0.1605416292925041,9.79546966154582,healthy
14114.915331810658,0.2412272958043087,-0.2261413737852572,9.882030681876351,healthy
14119.88485516817,-0.0660651249745852,-0.1810715988779853,9.84000990601331,healthy
14124.88004567054,-0.2076442580601059,-0.0362684768293777,9.802420676033272,healthy
14129.883019311905,-0.1518898408355812,0.4090547853700446,9.79357426096025,healthy
14134.929221370658,0.2012156598573497,0.0074073991347895,9.832857725994984,healthy
14139.872868829692,0.1048625626600797,-0.3538129485482039,9.736515965646923,healthy
14144.867655053213,-0.4601767830257933,0.098335245430786,9.82467772282697,healthy
14149.850572692269,-0.011619189909123,0.4324722181685249,9.905113466702764,healthy
14154.874116267303,0.2324958181479445,0.0363483814912458,9.878574489689235,healthy
14159.92359656801,-0.0175439751433666,-0.077873074435658,9.738305763662254,healthy
14165.001374331578,-0.3428124229072589,0.0746237800454063,9.657888372270651,healthy
14169.973834487795,0.1796880051455684,0.1117005457872104,9.974466173900517,healthy
14174.896367735872,0.4057084183821354,-0.1445941180963247,9.73920691197053,healthy
14179.90971851356,-0.0866443436764865,-0.1351433294798025,9.76969303902131,healthy
14184.871868318143,-0.0752171929102942,0.2870448237926567,9.669856231421305,healthy
14189.900319373215,0.0550196789333388,0.0635886697022188,9.898574062437298,healthy
14194.849206118666,0.1448202061159548,-0.1333049465719151,9.8747038604653,healthy
14199.89453503508,-0.2495201803202158,-0.1977386167109827,9.727672233935351,healthy
14204.984035874986,-0.2867524397252771,0.2304048706683101,9.798386344955116,healthy
14210.077122443668,0.2214852592746218,0.3008761370591193,9.794438091427038,healthy
14215.069181438212,0.1685542589464814,-0.3005974898693307,9.86800675887062,healthy
14220.112498626322,-0.28085441146441,-0.1852351164200037,9.859263998284067,healthy
14225.095841446257,-0.1452260361727166,0.2457878219250688,9.808213681387253,healthy
14230.1213298306,0.3292300881911199,0.09826786795321,9.763564847410594,healthy
14235.101975385429,0.1929193173702531,-0.149341275610741,9.723070666644375,healthy
14240.047740706626,-0.219506250084943,-0.0487977038960341,9.764242794210372,healthy
14245.020135520765,-0.0475238460005586,-0.0392208501326548,9.765886854043876,healthy
14249.984127552676,0.1374985149872147,0.0223567941770389,9.764328774787112,healthy
14254.98401962434,0.2718394451468064,-0.4838809618107439,9.740504073409404,healthy
14260.015260401036,-0.2086551641521168,-0.0654984142607976,9.77820834582156,healthy
14265.005352642143,-0.0069403085970639,-0.0080269805744304,9.775424597674974,healthy
14269.93971912854,0.2498195856293059,0.0652672380961451,9.867569217781591,healthy
14274.960786437996,-0.0518102476074392,-0.5493609880888702,9.722527676122755,healthy
14279.917993137677,-0.2199555086490382,0.1025209001339947,9.763080117567265,healthy
14284.88401619389,-0.0585819579914934,0.3147090531072137,9.805743868218231,healthy
14289.971673658603,0.2052364208014711,0.0330419897665385,9.960752820263018,healthy
14294.900982039935,-0.2213441683278175,-0.1422754297468985,9.949286271757217,healthy
14299.934556144002,-0.0426211308619919,-0.0689981553882833,9.733609143136754,healthy
14304.984458371086,0.2206052369505616,0.2222986909430314,9.835381976911853,healthy
14310.031659638677,0.1363359732542824,-0.1019048084515262,9.88465775055262,healthy
14315.091754705978,-0.2402872091830693,-0.2066112875349481,9.838427524093122,healthy
14320.092405110763,-0.115067694136159,-0.0754343407080395,9.83903969200038,healthy
14325.124782879904,0.1402961874297794,0.2119002434152318,9.817812020716415,healthy
14330.07348195332,0.4567368346623201,-0.0820458672035934,9.92340118309785,healthy
14335.023989953796,0.055596811508968,-0.2257944432559103,9.801997480094215,healthy
14339.863489429245,-0.0910898359389613,0.1686582837957799,9.881016978744643,healthy
14344.854049491498,0.3345874226678925,0.2752300209273545,9.984599985305842,healthy
14349.840142542294,0.1496734358749099,-0.1059924140547276,9.847481075863548,healthy
14354.823349613182,-0.3349861468083108,-0.4030539060898844,9.715322281891146,healthy
14359.845093750111,-0.146290158140986,0.1833558270125668,9.730637865257735,healthy
14364.843229225506,0.211225548193129,0.2332455761312294,9.850175069035693,healthy
14369.791971831346,-0.065465148819135,-0.1311121272940149,9.776079327794372,healthy
14374.76025273914,-0.2607309915634229,-0.2000436485796796,9.679033927436963,healthy
14379.75933856139,-0.2006026488721082,0.2313323961171646,9.88632721988332,healthy
14384.688877817329,0.1966421150590511,0.1189633820153488,9.838396320105655,healthy
14389.69827814959,-0.1182299510340922,-0.4212226277673062,9.644779871888662,healthy
14394.637290441857,-0.1128763225239845,-0.2432825947742889,9.688506403855005,healthy
14399.66468100583,0.0317358690325418,-0.0035052227964317,9.723942788000878,healthy
14404.682877469477,0.2564154293445624,0.0160287109604417,9.961796055668222,healthy
14409.628457885876,-0.2150013231823478,-0.3195837554941207,9.820857877256934,healthy
14414.714935366404,-0.3505778573419516,0.049081978738284,9.92924216293842,healthy
14419.708624960876,0.0824208167271875,0.1414328931364773,9.868749955916732,healthy
14424.715172300948,0.3772423366787651,0.0582198090450871,9.695150821153597,healthy
14429.70325656078,-0.1512221581376303,-0.24481211178617,9.690157586580357,healthy
14434.7572967845,-0.1890427610489115,0.340121203080894,9.859152174709626,healthy
14439.77120536901,0.1361997005260583,0.1359636457557241,9.97119828029721,healthy
14444.7310483205,0.2705005949353178,-0.1441707757348654,9.7014174510414,healthy
14449.675668297985,-0.1878368458589727,-0.2433815088976252,9.881979663513686,healthy
14454.659978318188,-0.2256367147583342,-0.0565201846327522,9.909794504797254,healthy
14459.578926778133,0.3608333187023769,0.2150730391300194,9.743924115676096,healthy
14464.578120334689,0.2477862053129228,-0.3569895085605474,9.750163226263554,healthy
14469.538050829566,-0.1603740707597757,0.0818671023090093,9.838039780181536,healthy
14474.480592528744,-0.4126988108014638,0.2283538358392458,9.96587234675684,healthy
14479.39868169305,0.2227591665644312,0.4420615341178057,9.764355322693428,healthy
14484.309249870645,0.1601144092183473,-0.0419823147003037,9.890944740734405,healthy
14489.268313616934,-0.2754731031029378,-0.177728854944742,9.747962142366347,healthy
14494.210281965525,-0.1140951330986868,0.2839644737481533,9.74571173487856,healthy
14499.15790833848,0.3607287538150908,-0.0189151729490901,9.78596765638432,healthy
14504.191800943445,0.2311492919300915,-0.0981085028824414,9.898323043972317,healthy
14509.110927082898,-0.2988549344406817,-0.2524451640657995,9.752835631606091,healthy
14514.116525758396,-0.2253474372884061,0.4488862092122192,9.771844192325712,healthy
14519.043116561648,0.417405760451895,0.2056532489493765,9.859472204063728,healthy
14523.942078286902,0.0180652924104706,-0.4208350232795106,9.82286416844038,healthy
14528.993629219787,-0.1341192083920729,0.0121127255021973,9.811586603553492,healthy
14534.01103036334,-0.0598221612752818,0.4486429840220696,9.847261468142287,healthy
14539.029309065245,0.0884094760321465,0.101929472190135,9.907402576869536,healthy
14544.057689312973,0.1143135856781859,-0.3670669688419266,9.87487326515198,healthy
14548.995042760544,-0.2112926645321597,-0.1130335515856137,9.692549747516036,healthy
14553.92245077295,0.000202365039733,0.3507212909166827,9.809325681360184,healthy
14558.992854702778,0.2686135299131958,-0.0698785356004801,9.90241848669849,healthy
14563.98927088947,-0.3544207214756845,-0.2861648216174952,9.71541841552131,healthy
14568.942846233058,-0.3501782238776281,0.2921959116241553,9.843938495427617,healthy
14573.950265268368,0.0844424620630487,0.1059489233891177,9.849649920065463,healthy
14578.814996367246,0.1539700744754848,0.0797366517628284,9.882458446217116,healthy
14583.75056122308,-0.0968466622256569,-0.046787037144526,9.821186528654072,healthy
14588.742178032522,-0.1140397923211666,0.254197606868667,9.819529064470878,healthy
14593.702356273789,0.1793826765847654,0.1302270331288282,9.81139827000542,healthy
14598.696588481618,0.3741615178909125,-0.377615776690127,9.78087834420967,healthy
14603.81402808953,-0.0098663251986396,-0.0887446683649398,9.734651412405244,healthy
14608.8960512042,0.0655070042242121,0.1736169303794311,9.599475062402195,healthy
14613.929709146068,0.1284101390051368,0.3331210068104371,9.863077166003553,healthy
14618.932794398565,0.203461985882391,-0.2583469839911301,9.813916102671849,healthy
14623.923200556035,-0.2578349697932035,-0.225531278479342,9.79503182115231,healthy
14628.918208762576,-0.1108490951632353,0.1360750129590156,9.702129058131913,healthy
14633.915030139166,0.2613156440181345,0.0941067064845303,9.96433091865322,healthy
14638.8609040169,0.1336982120777243,-0.1038422895722691,9.863658420160592,healthy
14643.858046308354,-0.3748249075122115,-0.0774832254487573,9.717686021923926,healthy
14648.844833787583,-0.028373337981202,0.4170636567727701,9.703480110211286,healthy
14653.885560794248,0.2976054275540001,-0.093951620982537,9.813878826527976,healthy
14658.862599608568,0.1787746048658278,-0.401766814529071,9.795046358007486,healthy
14663.845780609096,-0.2837491410489494,-0.0071815800927175,9.742316197377273,healthy
14668.857581874354,-0.0859708553876806,0.2079404793446055,9.892537873814907,healthy
14673.740017291891,0.3480354102074966,-0.0342564803026277,9.673700475764605,healthy
14678.825548719273,0.0614419040341053,-0.1265244896806399,9.713197359880098,healthy
14683.80341674596,0.0647590573918602,0.1185808794234506,9.78461821016456,healthy
14688.795044687184,-0.0531920832100628,0.3633311339668212,9.749837459458655,healthy
14693.844682718844,0.1984378095951529,-0.1461927717024215,9.890300892721694,healthy
14698.753849874916,-0.1775499935188196,-0.2328622235540572,9.798273456395789,healthy
14703.762948931428,-0.223830020653353,0.3296615675733549,9.778383169906476,healthy
14708.851298939426,0.1566803241467659,0.085454197842124,9.800941823128674,healthy
14713.76473885929,-0.0008968756461367,0.0395303769691068,9.835492926727117,healthy
14718.85162904214,-0.2664101094980627,-0.1563881470534325,9.63617441520761,healthy
14723.963162409613,-0.2654438763200822,0.2823999070085469,9.659266053157715,healthy
14728.948296468656,0.3722142741882562,0.0824753176472573,9.883457464819395,healthy
14733.951104897911,-0.0010569652336767,-0.068629033251735,9.861102203671823,healthy
14738.979241522024,-0.0146628535439222,-0.0892768761539154,9.823939724695691,healthy
14743.976061882646,-0.2326108638270467,0.1009342897342977,9.656891234113846,healthy
14748.956612815353,0.252133860850271,0.0094414334059172,9.785788839615192,healthy
14753.951195763728,0.1509294870198456,-0.2178959804085575,9.895938406254984,healthy
14758.973642872455,-0.1082138918114425,-0.1598120163981546,9.72974165146333,healthy
14763.927122566189,0.0325421774696092,0.1202819423354329,9.761830658201552,healthy
14768.966940122484,0.3441952116033855,0.1511220755599215,9.873648875223063,healthy
14773.937935369828,0.0386432384227229,-0.2938677418156303,9.807131058056706,healthy
14778.90381997122,-0.1765342428510091,0.0154921818519626,9.89730217657421,healthy
14783.925769113946,0.0289448699119765,0.3249546166537366,9.79421686164972,healthy
14788.933731081255,0.2967890482094591,0.1325633642049815,9.919901511464252,healthy
14793.895316381951,0.0983455227575406,-0.4429680804348762,9.888350383972714,healthy
14798.890287437198,-0.3815146506992486,-0.028910731227434,9.877499258142324,healthy
14803.942559189449,0.0150213173707849,0.2859739933534506,9.907036198707408,healthy
14808.99609066888,0.2970086812420669,0.1648215643819039,9.906219537176767,healthy
14813.969456894249,0.0286211714344383,-0.0998761195977678,9.946319582347622,healthy
14819.099170731415,-0.1813402812691262,-0.2361558985760303,9.880023173997095,healthy
14824.08778073155,0.2373250774038856,0.3314434446949085,9.887116333746636,healthy
14829.112218234945,0.3099410241040989,-0.150801470906305,9.823664603467256,healthy
14834.113953324118,-0.2418652499131798,-0.131208433743796,9.824198785520856,healthy
14839.157632289773,-0.2185750580240174,0.0143071778956964,9.727243956412792,healthy
14844.08637510798,0.0787664744996626,0.2009787591111147,9.746186838679124,healthy
14849.055766557736,0.2675047491911351,-0.1543797779303122,9.8785119775627,healthy
14854.011520003296,-0.1095311751930702,-0.2365553061528413,9.960151935840944,healthy
14859.00381302497,-0.1040165980468932,0.2432720631389362,9.901612842616332,healthy
14863.976587265595,0.3876101153042227,0.0362947001822754,9.788713173894358,healthy
14869.02468640258,0.1544849261626494,-0.2948110286684501,9.836925825326311,healthy
14873.96453544934,-0.1358931434799993,-0.0228426594023048,9.79460242482377,healthy
14879.002878972597,-0.0213766115097802,0.0751483578294027,9.658756862464854,healthy
14883.985636743584,0.1780185471225084,-0.251829109181744,9.74071389678575,healthy
14888.943904869244,0.0734536865434605,-0.2626067497930299,9.804927249401445,healthy
14893.9662771904,-0.2086277069532941,-0.0969668969005569,9.728258395121744,healthy
14898.981134063764,0.0205829225607764,0.1697706351327078,9.82938430700769,healthy
14903.9661793045,0.1762344641513611,-0.0657820361590401,9.884279503864104,healthy
14908.991227460883,0.0403185451226947,-0.333164667097151,9.782964114051898,healthy
14914.004167946492,-0.3135491014192995,-0.0520021878061334,9.864464224679246,healthy
14918.948016234714,0.1541156982713031,0.33044746387173,9.826688164323295,healthy
14923.884939187306,0.3220917582701578,-0.0849731492606188,9.800120800625349,healthy
14928.900387459636,-0.061608809599466,-0.2012225255217849,9.935968357932692,healthy
14933.905075526687,-0.2937346149965299,0.1038834545896009,9.75917906229604,healthy
14938.939755040405,0.0975052492767115,0.1161025359468945,9.81518802170218,healthy
14943.954403777434,0.5134732563374367,-0.2860915764725519,9.859072406113352,healthy
14948.906551638054,-0.0084029609966456,-0.2203874054348429,9.681861663256957,healthy
14953.9593149765,-0.0751967951318742,-0.0356427050689751,9.783099337200117,healthy
14959.01426151948,0.2036995415872156,0.3514591812602098,9.931122424165531,healthy
14964.0305986248,0.306100864770125,-0.1497295733924072,9.90540125453324,healthy
14968.937316114292,-0.093316443606899,-0.113720881898379,9.728602542530831,healthy
14973.926361706264,-0.423856967250112,0.27179490724786,9.818079785164889,healthy
14978.974234436231,0.4528974891353561,0.1401236541207326,9.837817956719013,healthy
14983.886037134283,0.3015178607532119,-0.240235820007223,9.748484119018944,healthy
14988.925054698158,-0.2335311423055954,-0.0389063700270781,9.742561862097256,healthy
14993.912664782878,-0.1645823213602014,0.2763711164550123,9.7628778521956,healthy
14998.919086380509,0.1961666919672383,0.1307561159181573,9.8711848988229,healthy
15003.930837591895,0.3254663068215198,-0.2087349523542317,9.767730943853184,healthy
15008.876134648748,-0.2457779611166042,-0.1048478072150799,9.720549295389008,healthy
15013.890477881314,-0.2293509153420501,0.4068905657239405,9.722717520952274,healthy
15018.90349976834,0.3105545527411608,0.1204317917407648,9.871755326523983,healthy
15023.858197292522,0.0707220131306185,-0.3340351931942583,9.660319369930477,healthy
15028.844473532592,-0.2171954198619502,-0.0526890156880272,9.7101024366583,healthy
15033.907299084576,0.0379797552788481,0.321213120386021,9.714405215215187,healthy
15038.90143172438,0.1796117095039933,-0.0769789139062008,9.789995425511837,healthy
15043.959734338388,-0.0053302340518131,-0.2012392151838029,9.744086469507842,healthy
15049.007621637917,-0.0752121854994905,0.1679327490567022,9.78276000065654,healthy
15054.038238886364,-0.0157074272727169,0.2408680000543701,9.649723351563985,healthy
15059.11512894611,0.10981551375464,-0.2750108699900089,9.829333726965276,healthy
15064.173223220629,0.0237817271080719,-0.0690300856751594,9.936271389291628,healthy
15069.13435493692,-0.0720575600577127,0.229190672755403,9.766449364593434,healthy
15074.03571889498,0.2330817732937056,0.1727699030554099,9.791129680269316,healthy
15079.111135032254,0.2887767407065348,0.0182360672094438,9.850633474459588,healthy
15084.130837175147,-0.3080436000221848,-0.1264740875227793,9.751550029938748,healthy
15089.11671063993,0.0466232203952101,0.0756374361095761,9.615521591916597,healthy
15094.132198419056,0.1249997805876816,0.2124417942341831,10.017513068144533,healthy
15099.066737443787,0.2528624586823808,0.0371160416262905,9.995998317833264,healthy
15104.048522430665,-0.2357439249734172,-0.1003120187908596,9.895956675367964,healthy
15109.0652884664,-0.0745298193131918,0.1533812066192949,9.800544654754098,healthy
15114.122311681283,0.2946735017270065,0.1447817866844507,9.89695031899842,healthy
15119.158313404208,0.0962355593814456,-0.3688088365023267,9.907782980537563,healthy
15124.114374348095,-0.3072830225538838,-0.2494089241548426,9.644824471685338,healthy
15129.131443024136,-0.0334296769974012,0.2610284604750825,9.819863072610543,healthy
15134.05394218595,0.3206365484229033,0.1326957822213433,9.865911783378918,healthy
15139.024334526275,-0.20216424527686,-0.2316888670091189,9.668819723220608,healthy
15144.086146868458,-0.0673135277759499,-0.1454804460069514,9.784274687754753,healthy
15149.033758041302,-0.0192749283328557,0.3293549284737635,9.816204193000214,healthy
15154.096977092167,0.3205139196769794,-0.132946780655971,9.817245971394156,healthy
15159.191760992377,-0.1275039366898457,-0.2284919531483801,9.898509521227131,healthy
15164.11838111024,-0.1236680952572788,0.0405790367575204,9.801663976528584,healthy
15169.2226728961,0.0940936390435091,0.3435447787518836,9.823060081162163,healthy
15174.244010757133,0.2907321615765978,0.3502631193710719,9.950464070380017,healthy
15179.305936081782,-0.2565732513693096,-0.1743738502625813,9.810483105254464,healthy
15184.263296819749,-0.2277539611506876,-0.0061794362993892,9.739210290565468,healthy
15189.216428208543,0.107248800102657,0.2598425868507673,9.906477713305826,healthy
15194.297206855292,0.3234232690011396,-0.0571243254068717,9.967991157070625,healthy
15199.247112438856,-0.2484094370961968,-0.1174244701660336,9.787307056895646,healthy
15204.3233307071,-0.1686620529115616,0.0198923597433181,9.555785224070556,healthy
15209.310507077362,0.2315063924017439,0.0840784722239895,9.7934236947503,healthy
15214.283580591651,0.2913741096002204,-0.1559351229474646,9.803829013462568,healthy
15219.314165565493,-0.2727988954383766,-0.0911013819093387,9.74972693361125,healthy
15224.347867351798,-0.1801262717645193,0.2013272861354641,9.871008207279653,healthy
15229.3672839378,0.1671825772482118,0.1083917759736305,9.768800846858444,healthy
15234.38225720906,0.0773645490068036,-0.4246511866947826,9.799471750550724,healthy
15239.369294792788,-0.1062658913572013,-0.309356558693059,9.82232594910327,healthy
15244.332784427475,-0.236570283764926,0.193292033501303,9.70084942022974,healthy
15249.340337182784,0.1592452835315407,0.0571640586035515,9.841009972001135,healthy
15254.336066477068,0.029489003253217,0.0006735002172286,9.90750930498461,healthy
15259.346963138029,-0.3021124823573112,-0.1639960659775357,9.640138964624986,healthy
15264.308984274086,-0.1108234752946569,0.3676105652469534,9.73251573826068,healthy
15269.38252848217,0.1819167740665366,-0.1889785000083949,9.940763644125944,healthy
15274.414881679277,-0.0338477504225999,-0.0846366697788041,9.779144035152363,healthy
15279.467140290251,-0.2640562933183357,0.0458607052865528,9.830297003504214,healthy
15284.475624669209,0.0688255285441145,0.1564714902309408,9.813211584620252,healthy
15289.494830291522,-0.1064263115431545,-0.1470434356956119,9.724170380036911,healthy
15294.439509746837,-0.2269284224182473,-0.3647751698057445,9.77234303875752,healthy
15299.41242992364,-0.1972680867276012,0.2765390968116666,9.795298761891994,healthy
15304.45746159702,0.2340254609321244,0.3242091182696334,9.933727631138762,healthy
15309.548589475517,0.1590160495578627,-0.0293639531150927,9.850783413608108,healthy
15314.507432745895,-0.0540700700040098,-0.3308852608248502,9.867225011048523,healthy
15319.587154397756,-0.2901149204961996,0.2240961018181649,9.860893532057997,healthy
15324.583074429109,0.0095540167715489,0.3068484629321814,9.826417912775897,healthy
15329.560639938576,0.0789471181690023,-0.1688714199225262,9.785741085868588,healthy
15334.560006254706,-0.3562117980744906,-0.0249634019004776,9.831260671769478,healthy
15339.60160007522,0.0409387759720368,0.4723122888867012,9.783996784346762,healthy
15344.79176432243,0.1720746390188264,-0.0813664087011455,9.950932888134698,healthy
15349.729033506528,0.1913924262566997,-0.3273160794158069,9.881143167957378,healthy
15354.730677182606,-0.2732151172133383,-0.0054390479700544,9.54935739896986,healthy
15359.642638417288,-0.0828638590394057,0.1314517514662415,9.819856775896396,healthy
15364.648300447678,0.1263707481244631,0.141068807772679,9.970410089198769,healthy
15369.592379475269,-0.0657583540228577,-0.1932266959032531,9.996376185592116,healthy
15374.71832803846,-0.1626482403493557,-0.1453564435652575,9.741307549197083,healthy
15379.659325418255,-0.1234843780585257,0.2139844679525731,9.952380879879284,healthy
15384.616633145186,0.2987624953191565,0.016837068245163,10.028412798973342,healthy
15389.63245002612,-0.0111725558652121,-0.2485141078312981,9.774439495181158,healthy
15394.698732811648,-0.3807421540457722,-0.0996941331862287,9.718635765164787,healthy
15399.729804002078,-0.0837651867891619,0.1528966750456092,9.598399838895435,healthy
15404.701154332748,0.3987982304253902,-0.225904817349348,9.85317343020324,healthy
15409.697724827847,0.0325707949101075,-0.2359931598145476,9.85546951644338,healthy
15414.765444250495,-0.1360835393100229,0.0776832825119984,9.802862782117227,healthy
15419.795096340764,-0.0508767609629116,0.3533112776093,9.923756090945243,healthy
15424.800036435248,0.1007004910318498,-0.2874668902796111,9.87937313349431,healthy
15429.78955120108,-0.1881407461699014,-0.2547934604435078,9.695558845995777,healthy
15434.788305023343,-0.2904611950878696,0.2110579845012971,9.803100368378091,healthy
15439.860002528349,0.2711148298757698,0.2034501834235429,9.89874773482076,healthy
15444.954038818329,0.0070745577530864,-0.2979472784945772,9.921965910829844,healthy
15449.963974428832,-0.2602742472652988,-0.2411187971011819,9.639054319254535,healthy
15454.927631876964,-0.5448965137996078,0.4374435293767218,9.850911137807774,healthy
15459.9690709785,0.2129495608590247,0.1101328131862615,9.901711654814465,healthy
15464.907034065143,0.2617812927137165,-0.1994592817210917,9.870388221249025,healthy
15469.939662554318,-0.1896363879889172,-0.3435609433889854,9.671560846589802,healthy
15474.928369454296,-0.2420901875046464,0.0399103114437213,9.67683668333164,healthy
15479.9301409172,-0.1467952622302155,0.2280439200943556,9.768728176504908,healthy
15484.871013648091,-0.0138321075758537,-0.1537542653485127,9.76372356511855,healthy
15489.908407387817,-0.2284926212104534,-0.2678050758199827,9.69171290324808,healthy
15494.857532798223,-0.0627638415520062,0.3097433214419984,9.811444185481598,healthy
15499.839401594198,0.1082200937398114,0.0066193787294589,9.72371986473398,healthy
15504.885770332,0.0634321403123539,-0.1403612702187165,9.843693321270647,healthy
15509.864701305843,-0.2245866424980351,0.1425503580183425,9.7241739968142,healthy
15514.928497513563,0.235894521606543,0.1246115695022533,9.773890560963176,healthy
15519.863225545269,0.3833233364522541,-0.1191674956561058,9.981405819730108,healthy
15524.806877188395,0.1183398763377056,-0.3537727332577874,9.79419335191654,healthy
15529.78477331904,-0.5581618154985181,0.0826444383569394,9.94351826329087,healthy
15534.799127264796,0.2192712738438861,0.0325567720393883,9.832303051713362,healthy
15539.70659321221,-0.0049433064545992,-0.2177093823398465,9.72323179450013,healthy
15544.712115764294,-0.1720740843487403,0.0186536820018796,9.814620509612904,healthy
15549.696037359588,-0.2480932581225182,0.2093213140745447,9.715856280123043,healthy
15554.691079669015,0.0993549495070127,0.4005877548950534,9.850324075850136,healthy
15559.7559402222,0.3463243177454762,-0.069145351954216,9.997030350341504,healthy
15564.771754353444,-0.1235047661993763,-0.054587109106992,9.801072972932928,healthy
15569.737002620172,-0.1581398742187881,0.4686176746244558,9.67856145802798,healthy
15574.726041767344,-0.0908764364306515,0.2907031081578559,9.912178039342834,healthy
15579.688938089112,0.2041359345987332,-0.3667696423977502,9.893816042166794,healthy
15584.64144463951,-0.279818727261954,-0.2983026444303129,9.831464299666957,healthy
15589.62542686608,-0.2263513806112499,0.2413941283108001,9.861843039234772,healthy
15594.656356479223,0.2086104779919932,0.1987679189255278,9.960396789761202,healthy
15599.624729719968,0.0599006119155488,-0.1587729469416525,9.73516229850046,healthy
15604.608936715613,-0.1287582598469668,-0.2951668153541341,9.754489274053473,healthy
15609.601596685045,-0.1047862995870548,0.1580773514076024,9.672339885130787,healthy
15614.693369005852,0.1467448056057519,0.1113737009211711,9.738033677774428,healthy
15619.67401277432,0.1269623316508742,-0.2640984830254081,9.865522165082512,healthy
15624.729682667812,-0.2461652735605458,-0.1817905530937036,9.639302287433924,healthy
15629.616774437698,0.0675411526963841,0.3188084427558574,9.87582471648758,healthy
15634.637875940263,0.2948730979491036,0.0226232192139968,9.98410601318218,healthy
15639.562263156957,0.2029528018390865,-0.2129348245099921,9.849262325423052,healthy
15644.618815236874,-0.2403140619116067,0.1018287211957058,9.806841245103556,healthy
15649.5785307224,0.1234254118504075,0.1024077717985072,9.67699172924961,healthy
15654.631113035695,0.2185571320819188,0.2988158521514352,9.815818338737156,healthy
15659.630276320418,-0.0981481642342051,-0.2012903029926806,9.884229122652531,healthy
15664.629105533028,-0.066065862559089,0.2282315732345122,9.88747062235702,healthy
15669.682401614878,0.0808160592564918,0.2143561620301008,9.754750869294451,healthy
15674.68339301532,0.3961211209673723,-0.0754221555744645,9.850772152735829,healthy
15679.65321114453,-0.1748740650165418,-0.3338464432988653,9.708528571888785,healthy
15684.643164186227,-0.2578734421032936,0.1482995753263621,9.7396239991298,healthy
15689.65374438472,0.2265919870827669,0.121862729369801,9.643649330755272,healthy
15694.66598371053,0.2598160103671315,-0.3023950842004775,9.77569710429276,healthy
15699.67615612534,-0.2884066774635295,-0.2379573887245017,9.832553766376344,healthy
15704.593906378535,-0.4775975422657957,0.211495895822565,9.79120428651282,healthy
15709.615217945186,0.0901970219885562,0.1778163059903048,9.82189914415903,healthy
15714.64543609087,0.3486935570848768,-0.0323211714856101,9.768933897232367,healthy
15719.547247094108,-0.1870562644347138,-0.0666572485673664,9.611382621370607,healthy
15724.543001890006,-0.3975300399540091,0.3098333330130942,9.840809174549886,healthy
15729.60812834089,0.1275190893138043,0.1127306023518824,9.848351919212709,healthy
15734.638769750349,0.0436379920320903,-0.2846504493251967,9.793501552386353,healthy
15739.653303586398,-0.3857499681104337,-0.1310763719329752,9.650656972302157,healthy
15744.545269303597,-0.1217255526783993,0.3761961241296448,9.832161682713952,healthy
15749.504575205625,0.2431086296723863,-0.0843353461218998,9.86797482698929,healthy
15754.532721417145,0.1161561780189706,-0.153645300545072,9.908942425822586,healthy
15759.50255366124,0.0030597543650517,0.0490893414880713,9.704604161233496,healthy
15764.46128687899,-0.0229101312588679,0.3483615377121332,9.75490043063378,healthy
15769.3952265303,0.4293947241479136,-0.0716952554526487,9.88652007709006,healthy
15774.361255903046,-0.1577543801143531,-0.2176962735219577,9.741991590890189,healthy
15779.352423448983,-0.2528717224374417,0.0036772705545709,9.704690631756122,healthy
15784.385472633085,0.0150824212456516,0.5440634957836666,9.738837362920018,healthy
15789.375288144984,0.2362392157850357,-0.0118329879657616,9.882863819388104,healthy
15794.372736577983,0.0087121632242361,-0.1541950728104794,9.903981413897274,healthy
15799.359125123436,-0.2006475898263355,-0.0377634219420466,9.785861139175177,healthy
15804.373844632217,0.0664705653288852,0.3043421073705852,9.77619401930169,healthy
15809.361338699078,0.0640547426273135,-0.2235428268730941,9.89103204303738,healthy
15814.405598152674,-0.0940297620656061,-0.3865744862148309,9.829097885791526,healthy
15819.497306129855,-0.0346555809641932,-0.0086132746620161,9.878600203068618,healthy
15824.549496529038,0.1765556990418512,0.1011927867654379,9.83351689045085,healthy
15829.632887099431,0.1550346868834598,-0.2866915117645563,9.873239184617328,healthy
15834.59820658711,-0.4390256186996157,-0.0613712636724611,9.908659867014403,healthy
15839.65147228674,-0.4567190523695331,0.2764092791430574,9.75456950943964,healthy
15844.684639704685,0.2827934641720881,0.1669750247743937,9.95327201186762,healthy
15849.687557398318,0.0172495503930699,-0.4250033259433594,9.876090202340002,healthy
15854.668620718048,-0.272123080922788,0.0119769930739559,9.869801725318355,healthy
15859.677703184405,-0.0290099556168679,0.3350329772188176,9.784420849476902,healthy
15864.644966700136,0.3168125933674832,0.1457421063241309,9.902027764642895,healthy
15869.664602110772,0.128160617275251,-0.1093022013042607,9.693872713014851,healthy
15874.719175651337,-0.4070435360169377,-0.0310055515772925,9.798335962082522,healthy
15879.701775398811,-0.0425345527833088,0.2514877862815374,9.844790403398743,healthy
15884.673036939066,0.3195982525822263,-0.2405725430244158,9.727679656001676,healthy
15889.683118436928,-0.227540703253039,-0.1977328701441661,9.844890713510292,healthy
15894.612286439782,-0.2439372897458552,0.031488547927333,9.671081318443017,healthy
15899.60305541293,0.0377567404168529,0.1785063245816057,9.88463396367824,healthy
15904.5662486231,0.1366665113099772,0.1470665656683634,9.926187356486013,healthy
15909.651042408192,-0.136748785918253,-0.1300035374913074,9.983209550126992,healthy
15914.63102283878,0.010663246613928,0.118021187859047,9.831382403633905,healthy
15919.556544139476,-0.0091259140989674,0.312023931567031,9.905465345585078,healthy
15924.582880652077,0.429223511715843,0.103935310114721,9.80744419826284,healthy
15929.607053031365,-0.1727858364729876,-0.3589263327432902,9.894647170424406,healthy
15934.621667777124,-0.2691741727759469,0.1193828505785555,9.785871313401156,healthy
15939.71022543398,0.1677730417388578,0.0982331019768311,9.701083533829364,healthy
15944.77118636314,0.1308071834534428,0.0135995064487701,9.920539096146497,healthy
15949.729892608995,-0.1166606949856795,-0.1811508709363404,9.929566292498684,healthy
15954.73929683486,-0.0098508065219041,0.2016543765567132,9.776367988068852,healthy
15959.827710936925,0.1728669689667353,-0.0513266931648444,9.84654836729805,healthy
15964.77448862414,0.1765580768754779,-0.2802376342340752,9.989171031522527,healthy
15969.650962481612,-0.064797048843725,-0.098896147609686,9.751052819992765,healthy
15974.721565502194,0.0118496002245077,0.4465779379756434,9.892719036824728,healthy
15979.679754591378,0.2477388141083134,0.0243361381323828,9.98696711681147,healthy
15984.62995316744,0.0781700156107827,-0.0921451246563286,9.957539812437842,healthy
15989.514666632362,-0.4419025822100491,-0.0859434198188319,9.934767731481251,healthy
15994.513312763313,0.0359953258598334,0.1497453531661603,9.837341187426208,healthy
15999.515800024932,0.2384372563593878,0.2890183908854223,9.803219730731602,healthy
16004.5548969066,0.1440496526259694,-0.2666025921001765,9.746036287820615,healthy
16009.563671131857,-0.0787140222947932,0.1453274427826547,9.697616254124512,healthy
16014.601783564463,0.0208004782479303,0.3715120068308696,9.778293028892014,healthy
16019.640569634796,0.1374617479543065,-0.0858509716776737,9.793469002724535,healthy
16024.57724578844,0.0765870901858583,-0.3533737399743198,9.84848896311074,healthy
16029.558366386596,-0.1625991461450632,0.0330581948492299,9.927060906325746,healthy
16034.603291159954,0.1024530275508621,0.347331278548409,9.797573960572242,healthy
16039.56856775179,0.3516115178678607,-0.0948345203964901,9.88119992237117,healthy
16044.578839750611,0.0755978181031154,-0.5737902030865265,9.822901102189377,healthy
16049.553923107029,-0.3197387883248217,-0.1293598747425721,9.715181114281258,healthy
16054.531918593397,0.0562766333221168,0.2214154502386665,9.784466213953344,healthy
16059.612036463344,0.2558976422396251,-0.4687406675727089,9.781253854503165,healthy
16064.579946190972,-0.1852900565101071,-0.2170256850941485,9.823685372032422,healthy
16069.648967037554,-0.0924016027570948,0.1465814660020515,9.948086955362829,healthy
16074.69350204572,0.1797136739187613,0.1453882482278354,9.902881483712358,healthy
16079.661192678315,0.0596180382076659,-0.1522420330959532,9.743019289772288,healthy
16084.689820078826,-0.1275344562285388,-0.077625652207156,9.826109822671851,healthy
16089.62390876577,-0.043219571750471,0.1553394902292899,9.727456770637408,healthy
16094.511080866623,0.2831309742287048,0.2737041809159283,9.932989959567204,healthy
16099.491067826171,0.1025091225004928,-0.3033959719225745,9.834070511564391,healthy
16104.529567769674,-0.3523708519010387,0.1433478278634855,9.786041475337848,healthy
16109.527126408737,-0.0206499163477465,0.1272272204186981,9.907556757470315,healthy
16114.51542593193,0.0650792099998463,-0.0520798951212559,9.802562129374994,healthy
16119.439872473222,0.0497128643626907,-0.230441332526317,9.819577309451802,healthy
16124.460849557494,-0.2348304850547956,-0.1613082522102136,9.658742922577094,healthy
16129.455740553129,-0.0261884585312011,0.2996362043837973,9.731040390672804,healthy
16134.470370202383,0.376725147236107,0.0609369528909663,9.749295251902826,healthy
16139.4546218845,0.0017816314273457,-0.3494300285339636,9.899354894556325,healthy
16144.529914006149,-0.3551477222151133,0.043673947381331,9.646830084631404,healthy
16149.463598942632,0.0315254182617376,0.195878394434124,9.730012613554525,healthy
16154.41743566453,0.0291246935989078,0.0418482069473387,9.861688994383616,healthy
16159.442506183346,-0.0053148345523782,-0.4623218764476494,9.753696842487455,healthy
16164.357688862625,-0.3082299335513934,0.0378102897426799,9.719544615388742,healthy
16169.467426778276,0.0021104556988337,0.0437105027364735,9.963766936658525,healthy
16174.52742412772,0.4700211288042417,0.0580032643059798,9.779548954174428,healthy
16179.502550677287,-0.2188659235187508,-0.2503357695690165,9.883876105808906,healthy
16184.566939827411,-0.2909462756888872,0.1217163109441265,9.810220706122664,healthy
16189.474497055087,0.2069375043123735,0.4122035979040609,9.975743055878988,healthy
16194.479053212684,0.1814297949877346,-0.0278674605947659,9.945833345750607,healthy
16199.54965099528,-0.0452802633173833,-0.4420989948184606,9.805301949679532,healthy
16204.610141014757,-0.0229391674006291,0.244490577584772,9.653200266388165,healthy
16209.621727122216,0.2773694193040156,0.1588119503172221,9.775279052055792,healthy
16214.548474533089,0.0261764149838052,-0.1038375305479912,9.951975037191096,healthy
16219.555205723937,-0.2444034585838796,0.0055139153263759,9.672906858303662,healthy
16224.57616777325,-0.0249545564741425,0.2310446146730525,9.842910221560205,healthy
16229.515080215506,0.1097726182101809,0.1067216967678582,9.9819289587234,healthy
16234.504761523698,0.1058536605954464,-0.1870945260936477,9.948528966631438,healthy
16239.605690734305,-0.3580753358895565,-0.2609981959558854,9.709643281043512,healthy
16244.642335921448,-0.1160657726178062,0.3645395088559213,9.823586961260771,healthy
16249.570935432595,0.258100049154662,0.1556472454311386,9.901295708985492,healthy
16254.575276976417,0.0518127119286952,-0.271592595070459,9.942896381737167,healthy
16259.531940229628,-0.2702085440892689,-0.0021834895373428,9.721125381499878,healthy
16264.534063082509,0.0790902858160897,0.3726757934295959,9.704086970003484,healthy
16269.491192217523,0.0761354320529048,-0.2061170013627639,9.868232089649313,healthy
16274.501242925606,0.03042333731622,-0.2191521994149243,9.721691008737444,healthy
16279.473039744344,-0.1225521026949196,0.004929334454939,9.769031071967037,healthy
16284.487607390396,0.0624757302181953,0.4268132859132258,10.061997668260217,healthy
16289.407548880788,0.2723622152067244,-0.108592244797273,9.931153096272352,healthy
16294.38249616612,-0.1154526203832309,-0.1282006677609757,9.863255269267103,healthy
16299.462166644304,-0.3090066415913185,0.2188818342269509,9.570654979421912,healthy
16304.479704511312,0.2275654250497819,0.1882260894015996,9.827048581229793,healthy
16309.485474492987,0.0805682481772034,-0.0457006231218489,10.016748816739703,healthy
16314.478552531344,-0.2889530976301023,-0.4656019714592666,9.783156926498547,healthy
16319.565565892515,-0.0569314125267942,0.1092104566775876,9.708307909596346,healthy
16324.568875982157,-0.0989836596315596,0.0614247722019369,9.707183011739604,healthy
16329.523259027706,0.4323671536294626,0.0753825254724979,9.74074324961087,healthy
16334.569577506034,-0.2751769014198491,0.0495230799849431,9.777820297149354,healthy
16339.547381050594,-0.1377436824303325,0.3749598039392759,9.802994087281542,healthy
16344.546832667707,0.1071668419373376,0.1332927988375511,9.927992050124692,healthy
16349.500131984996,0.1032469456101663,-0.2343371993039039,10.003284286704147,healthy
16354.50443070442,-0.3215294856766464,-0.1509526446914767,9.74616173598364,healthy
16359.502852353651,-0.1179419637004663,0.2146323720638981,9.877232430881604,healthy
16364.436367949183,0.1691462460616448,0.1262477066963935,9.676732395971468,healthy
16369.370729621814,0.0810345837803503,-0.1298743388904005,9.81573478458322,healthy
16374.408773497844,-0.1698948623871681,-0.0113766080784288,9.78022203469615,healthy
16379.39403634013,0.0907037582540499,0.1189520679549881,9.685163276973997,healthy
16384.43119365931,0.2352283809553143,-0.0310055314737222,9.905888015935377,healthy
16389.35269502034,0.1105416674443653,-0.2314447221455946,9.897120206478895,healthy
16394.334589909347,-0.1818424935974654,0.0693769769066515,9.590685076239588,healthy
16399.29733170238,-0.0335370555038543,0.4176890390937257,9.901989435787646,healthy
16404.203978600148,0.1888978696555195,-0.0314115726176516,9.753557111326003,healthy
16409.269361586015,-0.1951863274268774,-0.3408607345719141,9.82875056157625,healthy
16414.378824528,-0.0246506933113917,0.1478992355607375,9.95869330072238,healthy
16419.379709291774,0.0228207787480967,0.0397652479437995,9.84900149929475,healthy
16424.37375867065,0.2848522263246439,-0.0156185073731723,9.89744975883098,healthy
16429.31846090053,-0.0057868538420119,-0.3768470859531388,9.726647055998196,healthy
16434.325892359895,-0.1140014099869365,0.1901849891594134,9.646834826933857,healthy
16439.350097082217,-0.0462115390503728,0.1562517417516866,9.89038814230656,healthy
16444.375726702896,0.2161554711071998,-0.1917785289698838,9.860814898093016,healthy
16449.391452447537,-0.1832435956337869,0.0014562842087766,9.690924155138111,healthy
16454.293099197377,-0.283822488148889,0.3020946922255901,9.80294316617017,healthy
16459.25622264816,0.1433912532013398,0.2945802170094232,9.872082620699482,healthy
16464.31362582706,0.0981406469663942,-0.1072291857647992,9.815359807555309,healthy
16469.288814220134,-0.2095180230477138,-0.1543784828581374,9.612654997559853,healthy
16474.23346441937,-0.3254398200531354,0.1893985649235607,9.75620871306649,healthy
16479.226050744364,0.4125137163783524,0.0612939379903919,9.737234603022756,healthy
16484.202094650987,0.1875459950525928,-0.1957193200838677,9.759249138213264,healthy
16489.187999179223,0.0614359407185588,-0.0019761864959025,9.781062800677336,healthy
16494.20902100563,-0.0897860358956979,0.1392200892050429,9.931213058498605,healthy
16499.264077281627,-0.0137411851835024,0.0013040250079384,9.911774281407034,healthy
16504.317236773575,0.0805971447834217,-0.2139113378895724,9.636257848207237,healthy
16509.323192460084,-0.1358348798508897,-0.0886757381683469,9.649261169902005,healthy
16514.269367619734,-0.1185837518564084,0.2388909955704181,9.838692230864842,healthy
16519.27933238188,0.0247763818219445,-0.044214425537122,9.814585135486434,healthy
16524.225178761208,-0.0342703206247605,-0.2628196538330816,9.855974783058254,healthy
16529.146779729712,-0.2477773752396963,-0.0180126420796685,9.859188374788102,healthy
16534.182002493468,0.0350828946065507,0.2284029435352365,9.735063671758354,healthy
16539.242783843143,0.3700440147145749,0.099572665105896,9.803886074247677,healthy
16544.200013255715,-0.0879512154515916,-0.2219085642235252,9.707599208471644,healthy
16549.237838199493,-0.3331133474728733,-0.1314155147199705,9.732552098361666,healthy
16554.207352553138,0.0785813408112727,0.3071935072433318,9.960753991820273,healthy
16559.15181091739,0.0142064360288333,-0.2451124141258999,9.92210940264956,healthy
16564.10665705509,0.074927010936111,-0.0183711134965319,9.836021077182728,healthy
16569.04139661485,-0.1576725647444367,0.2617020076419351,9.789462555435374,healthy
16574.072936540048,-0.0442137194816226,0.2603014311403573,9.757595374296718,healthy
16579.069763020554,0.4567683857617924,-0.3162609992010783,9.689076295307473,healthy
16584.070514190247,-0.00105614439543,-0.4655608870125891,9.873908992789495,healthy
16589.092991080288,-0.1223419868478057,0.2100886288566257,9.80924846910537,healthy
16594.06594210946,-0.001353104967444,0.2643500641065536,9.643388425685416,healthy
16599.02794038357,0.0309195155233354,0.0035625680918002,9.891103823505174,healthy
16604.029860570183,-0.2082906735873337,-0.0123444888185506,9.788801236980351,healthy
16609.089410750996,-0.2380407828407322,0.1086610291568086,9.849155760783134,healthy
16614.03765875157,0.1323137711383021,0.1434939988630129,9.895561963890362,healthy
16619.056835155094,-0.0714465926213639,-0.1426193212614883,9.884613869584191,healthy
16624.12893314831,-0.2450178073711086,-0.0599637157850923,9.954016421379684,healthy
16629.13250137975,-0.0814536423284798,0.3301061076926937,9.792086572118157,healthy
16634.15803141983,0.2317375754968656,0.0628512473587371,9.72632602365974,healthy
16639.241955534977,-0.0921247391818603,-0.2810198230784705,9.79891018969313,healthy
16644.248446037887,-0.2553912568161692,0.0767806605798613,9.63767041461887,healthy
16649.265596867273,-0.0406599891568425,0.1939719886178119,9.83510619312876,healthy
16654.23353076729,0.2557112945015302,-0.07714519945807,9.812514768008803,healthy
16659.151827105637,-0.1110049001236224,-0.007265884400436,9.693802034167676,healthy
16664.192074460032,-0.4745822376961953,0.0467394912032961,9.763144971926671,healthy
16669.223494144284,0.1171033767901863,0.4591525236098728,9.903137617897835,healthy
16674.210442303884,0.2858038457108132,0.1524757128312041,9.78316883532697,healthy
16679.23541974121,-0.0524601534312046,-0.4286003269333036,9.77871387369751,healthy
16684.225547987484,-0.1662400763309335,-0.00624334850211,9.7059836673449,healthy
16689.219933705543,-0.0233622929505069,0.1856045834507008,9.777448539417986,healthy
16694.21734000782,0.2632260847356047,-0.2375026307453372,9.923372678604377,healthy
16699.18526429005,-0.0856260607667931,-0.205350527805659,9.707126076630171,healthy
16704.130265832686,-0.2110976184310499,0.2775096366209549,9.730508916697566,healthy
16709.09344670279,0.2020475669025999,0.3132872837595268,9.776024026588502,healthy
16714.12181527296,0.2516261519480782,-0.2688643004951209,9.950789398272594,healthy
16719.114378649465,-0.1704540652549867,-0.3373387341315172,9.668331871799731,healthy
16724.10919586497,-0.1076454836574132,0.1144610979701391,9.898798876461337,healthy
16729.12993015042,0.2474434869729517,0.0074741715498947,9.717786773342596,healthy
16734.27262761357,-0.0730468322182553,-0.4587327832061909,9.682516530000449,healthy
16739.255155243845,-0.2667187251556481,-0.1105177343480193,9.643891049071742,healthy
16744.26030745756,-0.0607162260965448,0.2730205955107845,9.78518653247077,healthy
16749.35825365103,0.1950954936001049,0.0317233345750544,9.88708896285454,healthy
16754.35479664293,-0.044041941517259,-0.3276219069005855,9.671047819263634,healthy
16759.399112365092,-0.2536221028567139,0.1044570816018979,9.680813034917536,healthy
16764.40693025934,-0.0377832571672633,0.205423095794549,9.79024761895862,healthy
16769.526565229484,0.2241077195382648,0.0229118851575128,9.973569454328182,healthy
16774.55877697207,0.0949424059124648,-0.5680516439548599,9.912846879074264,healthy
16779.54025133526,-0.1707839946077665,0.0116748601955441,9.739317961013038,healthy
16784.53816312408,-0.1049863191805401,0.4750337616687535,9.870029327620978,healthy
16789.580581653354,0.0504515345115914,-0.0423378275142111,9.889169196047488,healthy
16794.49322010291,0.0676691679304298,-0.0652223713548305,9.810484064327111,healthy
16799.5105300826,-0.4200415227246326,0.0495701350037351,9.77691809725153,healthy
16804.509243185486,0.3252973785670892,0.0391722231511318,9.761124338986043,healthy
16809.59620020987,0.1771522944959505,-0.1484392333879813,9.869356875953406,healthy
16814.527744345713,-0.0691211109589784,-0.3258321176104727,9.675131216708236,healthy
16819.54883030683,-0.1203851878960727,0.0496568781243156,9.84607467375469,healthy
16824.542906393795,0.2540493970625531,0.4030339031166374,9.770170572835704,healthy
16829.44806935518,0.153121722148564,-0.1490867148237925,9.849182129822562,healthy
16834.56346885279,-0.2506934228313326,-0.1565002299385231,9.826604482351444,healthy
16839.484889564585,-0.1771851276799988,0.3809432441649802,9.85678955449842,healthy
16844.535432222383,0.2188533830348536,-0.0089681754364193,9.950674456694824,healthy
16849.51144191631,0.0170471025783714,-0.0784631256077125,9.85214276805241,healthy
16854.51085674666,0.0629065888354171,-0.0877735946778421,9.695343093608152,healthy
16859.49356703992,0.1738205600078533,0.2287766153850429,9.878010357816535,healthy
16864.526893595394,0.0725980955301001,0.1480582675517351,9.811592039952757,healthy
16869.631072850556,0.1140959302536911,-0.4916509708549553,9.839294566278303,healthy
16874.631096482713,-0.3492346993490872,-0.3719529774817324,9.725539994578543,healthy
16879.554805658874,-0.0516928975854722,0.3661616857070087,9.678848851730766,healthy
16884.559500654286,0.2568718429266207,-0.0442899074949348,9.861702208273172,healthy
16889.52127151553,0.0516199714320727,-0.4321710098026462,9.785978891046245,healthy
16894.5096372195,-0.2900508285105546,0.0980926115996646,9.809247273790636,healthy
16899.41832866456,-0.1299633354995603,0.4498022221530359,9.830598046200818,healthy
16904.45656303664,0.2836889061982698,-0.0461229020957772,9.856491115373473,healthy
16909.448318038594,0.1739533758458236,-0.4521343466561367,9.7538201934183,healthy
16914.34803772339,-0.2895750893915133,-0.0300622303434135,9.794392034702192,healthy
16919.450938366732,0.1622137962423268,0.4532888406524803,9.793323314755094,healthy
16924.384509048254,0.2015793837982593,-0.2069604423002201,9.857764685132803,healthy
16929.360133804144,-0.1535090816052839,-0.1690368416997598,9.723711041018538,healthy
16934.42292030659,-0.0386550058789542,-0.1167594016043755,9.7464138634495,healthy
16939.340634445278,0.0886993145130239,0.3919521142966892,9.8423863041547,healthy
16944.26757635344,0.1429009511788705,0.0528292198940468,9.876349599747574,healthy
16949.24126837766,-0.1727024943366822,-0.2837899640870236,9.781367999428168,healthy
16954.26227143521,-0.082207603276429,0.1274730144228558,9.822131119194436,healthy
16959.223234646743,0.1820809970911889,0.2682974539509123,9.905110750136108,healthy
16964.269154202433,0.0491434112745922,-0.2936194205705035,9.869206245343396,healthy
16969.31138787199,-0.28328347806224,-0.0202576706789548,9.798272239955566,healthy
16974.346842641353,-0.1818012790388231,0.3990838445969193,9.862181636157136,healthy
16979.33016726578,0.2398147881712322,-0.0173345817525106,9.87007495027478,healthy
16984.387311267976,0.2632556385052543,-0.2114910275951791,9.84016684181032,healthy
16989.4098002665,-0.0778042054100702,-0.0317691809548654,9.823120979215451,healthy
16994.390574071804,0.0079010487491099,-0.0242411925676153,9.607142549150046,healthy
16999.35434934273,0.1534778011180356,0.3177390331210343,9.785954723554177,healthy
17004.340346027067,0.0257373586110341,-0.4561427508221513,9.740595688861504,healthy
17009.36336413585,-0.3684525621027331,-0.038706009789719,9.690345520831947,healthy
17014.297530258107,0.0303090849805844,0.2402450783703724,9.88278987744448,healthy
17019.332725738568,0.4086143353231609,0.0644515106498988,9.84693462830838,healthy
17024.38870618311,-0.0913141970396634,-0.3222689289334892,9.815443000747004,healthy
17029.397167454164,-0.275534479214857,0.2779949787350023,9.69181881309808,healthy
17034.406192517883,0.0100109699769307,0.261002589674485,9.795839209762672,healthy
17039.334528304167,0.3769610233191387,0.0705018183548256,9.65973655940796,healthy
17044.254844591993,0.0130710005675318,-0.1676137613654632,9.865327979421982,healthy
17049.290616313876,-0.1540633355023463,0.0693310113680891,9.608266835071523,healthy
17054.29351626747,0.2651113182678466,0.1263241286996864,9.801937495820622,healthy
17059.349828024824,0.2147261305771696,0.0526799579039665,9.758843892195523,healthy
17064.31046733049,-0.461466672419379,-0.1838978608647519,9.715737264526403,healthy
17069.417239811846,-0.116405140512152,-0.027824961388074,9.829778593883518,healthy
17074.482997947583,0.1114917930299964,0.0019518668242364,10.011133983083528,healthy
17079.494479853307,0.207148887219034,-0.2618453978301746,9.898844528666553,healthy
17084.584747569013,-0.1791786269306946,-0.1375329238981877,9.882553966954452,healthy
17089.58703030437,-0.127170681869492,0.1520061184042375,9.902029282120072,healthy
17094.617747126766,0.2325856733677443,0.0840233035716063,9.847752120266453,healthy
17099.708295650238,0.1455797329010965,-0.2277827089776103,9.844081111240737,healthy
17104.684274661937,-0.1298180535570112,-0.0022177584228363,9.78060409533125,healthy
17109.766969645127,0.0097442655618629,0.1270942552050717,9.730445049804953,healthy
17114.675566853402,0.1627164163538479,-0.1024321638268968,9.85114877667552,healthy
17119.615467433385,0.1205042858040671,-0.0351951187709043,9.926362299436454,healthy
17124.57690391377,-0.229213725518857,-0.0777215927812791,9.81560050914102,healthy
17129.65190281857,0.0537569719842593,0.2346935459169405,9.861143398982856,healthy
17134.685220406187,0.401751675288915,0.2055995814843711,9.80661489833105,healthy
17139.74605498219,0.137496659263095,-0.1459324142282158,9.605015043080936,healthy
17144.658641486694,-0.0837584008696215,0.0803888652326994,9.819448220314312,healthy
17149.69860985984,-0.0519169034602152,0.2523459388569162,9.86996204072322,healthy
17154.679347258785,0.242801439223125,-0.0075441755446807,9.78725927110004,healthy
17159.654695818295,0.0507629510904656,-0.1458799804866049,9.91229644788192,healthy
17164.649951760046,-0.4325062770360106,0.0420387663825987,9.769316197459684,healthy
17169.57573495426,0.0049698430903663,0.2060348322277166,9.718010975086305,healthy
17174.560927029197,0.4564597964834155,0.1816636166454086,9.984189409984618,healthy
17179.574637912432,-0.1164837717442302,-0.3447586371654866,9.698532281595009,healthy
17184.65662478795,-0.1836988741957515,0.1041776235072218,9.805963757207564,healthy
17189.65188890215,0.1238948777905185,0.1578410259635831,9.884793080703275,healthy
17194.713040351187,0.1022629497190874,-0.2120074649145827,9.953409210609053,healthy
17199.641789038702,-0.0092676592992357,-0.059336363246869,9.866912235311968,healthy
17204.629136860367,-0.1687124172233997,0.2965914327331775,9.821983976035424,healthy
17209.600582544255,0.5829102260800542,0.2876961515513266,9.667119008119334,healthy
17214.566193108047,-0.079859096844808,-0.3748979573846618,9.767647873835998,healthy
17219.537453572357,-0.375843286301632,-0.0807870260885311,9.711582788770157,healthy
17224.473314182946,-0.3512607833039782,0.1240738287645762,9.619910212819898,healthy
17229.440101376676,0.1345427314912436,0.1309197560851099,10.038886969193545,healthy
17234.388672166948,0.2297452747082426,-0.228889297138114,9.715008954838376,healthy
17239.36950118126,-0.1511795489542789,-0.1971771089863171,9.654059032256276,healthy
17244.38260098985,0.1412705515095288,0.1282371466673668,9.857655308877671,healthy
17249.417088203372,0.0925862147476695,-0.0226173870317957,9.718344451105317,healthy
17254.404166633143,0.1053563760348524,-0.2838232698570809,9.824040366323404,healthy
17259.41896287724,-0.0199211805107544,-0.0490757368166658,9.86331507383438,healthy
17264.506147856817,-0.1109755426562498,0.3457463117157922,9.82957194200728,healthy
17269.46598807592,0.1387796585799122,-0.0490519121353352,9.863022025746254,healthy
17274.52990846437,-0.1219300145206481,-0.3173446321862473,9.89188596993461,healthy
17279.512166694953,-0.3839781306850151,-0.1240867420223645,9.782156308960625,healthy
17284.54126229518,0.1600646688168203,0.4527680888053521,9.71673315291166,healthy
17289.570879719773,0.0968162361908096,0.0375343110312219,9.8669705273276,healthy
17294.53368060354,0.0184559905141746,-0.3040688896629077,9.677086401754954,healthy
17299.45571198954,-0.2748469973223097,0.2618133390152178,9.775075086566227,healthy
17304.393039268136,0.074214473057202,0.2849349249999901,9.755154118050616,healthy
17309.406751376893,0.3574461768473309,-0.0813499168354961,9.872025401822787,healthy
17314.39775773565,-0.0340134321864735,-0.302008126821357,9.65197029482747,healthy
17319.39855540389,-0.1312950529002118,0.1557462329768747,9.830308032560264,healthy
17324.477763113777,0.2477341594494118,0.2491823774846495,9.822401878426277,healthy
17329.468266705644,0.002771714312412,-0.1722347190160441,9.727580176084896,healthy
17334.454857290293,-0.1684605422501304,-0.024414719620379,9.60041606306716,healthy
17339.372995127702,-0.223345059906907,0.1550782798382215,9.73102375120851,healthy
17344.415274863386,-0.0017835174843702,0.1402515226471312,9.755735046929306,healthy
17349.545647119314,0.2049385882233326,-0.345164138530747,9.873318852564678,healthy
17354.5948050675,-0.0532640230895423,-0.2918359042908549,9.809056072305006,healthy
17359.64308447876,-0.235921634245264,0.2342905580334395,9.738586175575684,healthy
17364.634452931896,0.0364974391205911,0.3878908823657909,9.9237872689011,healthy
17369.625678991943,0.0984943972411977,-0.2858464148538561,9.79209710029288,healthy
17374.64665847063,-0.2558060686376739,-0.1631422036710643,9.73540040922561,healthy
17379.63453916451,-0.1226155797809857,0.4544240220689758,9.713914419415218,healthy
17384.588465420256,0.1631778371306123,-0.0932143350815155,10.00799017069458,healthy
17389.54351828828,-0.1506331080378721,-0.3655646115493931,9.853245855300347,healthy
17394.595189248274,-0.2344934415388427,-0.0146602791608272,9.742539219531128,healthy
17399.583547772036,-0.0483595266938571,0.4484314904119496,9.712477610764688,healthy
17404.645015022095,0.2009616439285171,0.0438563870089351,9.79147796854645,healthy
17409.60749900115,-0.0941009492907104,-0.4646287427720493,9.80021558553041,healthy
17414.628224163316,-0.172618758582412,0.0176362749799713,9.848248862985097,healthy
17419.6675358215,0.3076524086508234,0.1164742404152178,9.844552791137843,healthy
17424.736801350013,0.437196140398769,-0.0087707737775632,9.9798231372316,healthy
17429.753507824542,0.0072973476762557,-0.3821958926007632,9.824028513850145,healthy
17434.71798495905,-0.2036439380723194,0.1322654785221149,9.807121219059349,healthy
17439.711082222544,0.3652781022444857,0.2927106063637165,9.870470814985012,healthy
17444.760718635967,0.2456607834578553,-0.3406350633233735,9.87082874623138,healthy
17449.850015707303,0.040542095339652,-0.3980344800604082,9.774684997598316,healthy
17454.957576858124,-0.3532964617974012,0.1692322149353662,9.798778007169329,healthy
17460.001407645803,0.3360487250385645,-0.0292315426099835,9.960738512926415,healthy
17464.969319978503,0.3045050161941325,-0.2483180667635126,9.740083703122703,healthy
17470.003916245463,-0.1011750895994982,-0.0462483410883169,9.761149859152392,healthy
17475.040220360996,-0.0073206476106028,0.1580352450752853,9.792028606189486,healthy
17480.052729818184,0.2765599622724868,0.0114687482002269,9.853216709389754,healthy
17484.989628607873,0.2641133740319654,-0.3641876543873903,9.923438957731458,healthy
17489.927527658783,-0.3013456345546491,0.0118145985375527,9.699114707142272,healthy
17494.999826447925,0.0679784623037688,0.3434358655039865,9.858164763433852,healthy
17499.969676684857,0.4510512814672791,-0.0302249148071761,9.71156930591096,healthy
17504.944807349617,-0.0084130876224679,-0.1869992855429315,9.819718761962765,healthy
17509.971488481413,-0.2641978642398291,-0.0743575499393386,9.687590229290636,healthy
17514.97591253167,0.0711240734526851,0.2350513321242995,9.772522262144616,healthy
17519.938281093255,0.0478752374060993,-0.0683296288501839,9.878664041761466,healthy
17524.899976369325,-0.006886096245686,-0.0128818892964347,9.791396635057804,healthy
17529.88378666084,-0.1699269037493716,0.1599145129921563,9.828652654361695,healthy
17534.91132685234,-0.0391681450700073,0.0677956230978422,9.951541833179414,healthy
17539.970285524643,0.3982310241027916,-0.1103925441494267,9.852300181368168,healthy
17545.016804368363,-0.3860677121141917,-0.3421314181866142,9.824877042988849,healthy
17550.00414091747,-0.3557492082897208,-0.0186670855518405,10.000433626230746,healthy
17554.94732396274,0.2228975292399639,0.1493949544498679,9.73633834222875,healthy
17559.924898277666,0.1238476473924147,0.0753978710101561,9.922969580208957,healthy
17564.938551269966,-0.0272423686326008,-0.1177893653089349,9.797180683130374,healthy
17569.93786631944,-0.1468516582969795,0.0011125439733045,9.766189670247556,healthy
17574.91749561494,0.113494632061012,0.0873946685778913,9.765503060408074,healthy
17579.928333917855,0.3960692347504182,-0.3092627600675274,9.8639340232148,healthy
17584.9086121686,-0.2761466942325008,-0.2631865832133248,9.650127893114432,healthy
17589.966438270454,-0.0156949217903959,0.0830599487320983,9.67656028367905,healthy
17595.010304295472,0.3739026209667453,0.1474684115658684,9.96042489284326,healthy
17600.07352151677,0.0624084157451697,-0.0994521392880262,9.858300895153578,healthy
17605.065305509226,-0.22050113262001,-0.0688269022904358,9.61945056657692,healthy
17609.97931678934,-0.0241888479382938,0.3259235301794426,9.923866778685944,healthy
17615.002128791828,0.4377675100816033,0.1923806687994782,10.021659678406603,healthy
17620.0324247176,0.1907780836142306,-0.1988211781231373,9.94210422048088,healthy
17625.03700794571,-0.3138070187080773,-0.0687984367872928,10.037975844150834,healthy
17629.994237952098,0.0872641199864474,0.3011829786272674,9.711213903536796,healthy
17634.992728736517,0.3306546516634447,-0.1155432309303478,9.847413199215463,healthy
17640.023613549267,-0.1088412643885321,-0.3507415505129785,9.835231489164904,healthy
17644.95144586672,-0.1901843858265371,-0.0151762494454945,9.748959955954271,healthy
17650.055189906703,0.0106394653445683,0.2072659286000949,9.889410052128156,healthy
17655.089102147384,0.4733922835840175,-0.1288266822470335,9.79501595680008,healthy
17660.051826969255,-0.1522862590107596,-0.3647693883596793,9.805200190937036,healthy
17665.043073391193,-0.1558782308985837,0.1263140465212128,9.799803284794535,healthy
17670.088680351968,0.1152744902863485,0.2601635865572359,9.839076786693896,healthy
17675.053158300827,0.2350934689181884,-0.1040245243624478,9.840108892285729,healthy
17680.045058372543,-0.0006147074183561,-0.3319670421646154,9.804279848889676,healthy
17684.989287933433,-0.2177050072906194,0.2021167820052211,9.831391275344393,healthy
17689.93200072084,0.3945118566643456,0.2237638700790471,9.898526634680987,healthy
17694.948891088676,0.0677479298905931,-0.1404039112453567,9.765939502372555,healthy
17699.963261815225,-0.191953436030851,-0.2540778961171126,9.76323700756993,healthy
17704.90395640953,-0.4007828252035853,0.3334602379814528,9.783423825742014,healthy
17709.93198246046,0.1308314565278929,-0.0413269051174415,9.78345787476136,healthy
17715.002517510336,0.2073320462400338,-0.3058671850166424,9.93957965355633,healthy
17720.0183988495,-0.2264310472078911,-0.3606748240491894,9.791877151618694,healthy
17725.07492549197,-0.0411003898999219,0.1338468104314693,9.819109921834306,healthy
17730.07434673128,0.4577683146727324,0.0471520146132384,9.829309689360304,healthy
17735.06428249915,0.0835150191607206,-0.0746126360136618,9.918699372660164,healthy
17740.05706569354,-0.4734935550948099,-0.1171138343147754,9.719341490726777,healthy
17745.02864644766,-0.1729326767799716,0.4059371965422586,9.819429125161948,healthy
17750.03513516435,0.3206186452014962,0.0842713050261739,9.9191241019587,healthy
17755.074689590565,0.0008090033565761,-0.4197696989529684,9.933992022237817,healthy
17759.973264845354,-0.3100741381550306,-0.3106599017061069,9.77268591617614,healthy
17764.968807686044,-0.1813701348828008,0.4007950033463832,9.751643897793995,healthy
17769.93673577087,0.385519355665961,-0.2453432473296506,9.846703141942506,healthy
17774.947798169804,-0.0724008529034108,-0.3455933891039943,9.74227676625146,healthy
17780.010696894908,-0.250336944042114,0.1437499694132686,9.705624162812487,healthy
17785.042692718554,0.3063147217246299,0.3550222279093594,9.65464745924373,healthy
17790.00759501928,0.0973080710555604,0.0331138281500635,9.946054996873611,healthy
17795.062641030618,0.0790710066916646,0.0547217297397738,9.851884143539358,healthy
17800.05818540997,-0.4010546210396385,0.1700103189146404,9.796977953302692,healthy
17805.030963212568,0.3113376082422419,0.2106511012109312,9.918040211568016,healthy
17809.854996323564,0.2149562249235541,0.1717411957311574,9.91010415054909,healthy
17814.83101393855,0.0036757703808729,0.028723857595661,9.872410237543594,healthy
17819.91679253797,-0.0578113126475848,0.1748522656400658,9.79728760252474,healthy
17824.88640227529,0.0469882080630051,0.1752133890675905,9.877987970857257,healthy
17829.902365802147,0.0444328826620185,-0.2975131795486803,9.876061282255057,healthy
17834.96860949819,-0.4149195947068094,-0.017744217459732,9.72062027438518,healthy
17839.95473580306,-0.0584888814341615,0.0811475708475926,9.75942313778542,healthy
17844.91866240694,0.2080816796714898,0.1688186869223307,9.832513946973714,healthy
17849.942085301256,0.2778992584448787,-0.1878247465444727,9.820129044317222,healthy
17854.97319362247,-0.355143461225716,-0.1609431468419651,9.831114045277571,healthy
17859.89088587228,-0.1966493856103223,0.3370539645895221,9.722447533301736,healthy
17864.829873579158,0.2496946067206621,0.0080478223103888,9.882176893162605,healthy
17869.777360764583,0.0967584481316694,-0.2219060778565592,9.818266948933523,healthy
17874.836938651333,-0.2750941187508187,0.0390306014187297,9.823154807937597,healthy
17879.874712998295,0.1464753432475814,0.2389548222455487,9.986691724472124,healthy
17884.90206905552,0.2408461335784955,-0.0204635298307004,9.9137108651092,healthy
17889.877787766207,0.0017094096929734,-0.285534815229966,9.94837862529115,healthy
17894.85363137187,-0.1491195572981701,-0.1274085698208211,9.620647976312952,healthy
17899.946777120127,0.0219718734982478,0.1797344617088341,9.839811336509753,healthy
17904.92650888391,0.1578529149133902,0.0608841334364896,9.838176641685662,healthy
17909.814965525267,-0.0642434686397158,-0.2600041371486585,9.728685693411366,healthy
17914.767374696094,-0.1549865625033615,0.1857063161267709,9.73312733275974,healthy
17919.812232818036,-0.0134718264176591,0.1496185024071779,9.923924099517034,healthy
17924.7958344966,0.206322735868288,-0.0701973055325201,9.81516729037325,healthy
17929.782762261413,0.0006794110200767,-0.1091076407605553,9.655408254387998,healthy
17934.800091946963,-0.2584700327969437,0.0388685556672585,9.672459122220888,healthy
17939.789247043816,0.1263984247242709,0.1225532358513232,9.802095628736163,healthy
17944.780378423446,0.1632734308335962,-0.3265063769186341,9.697343709861034,healthy
17949.779772724036,-0.3005198266848684,-0.2854703854030563,9.818946617010509,healthy
17954.82543661671,-0.0691005523075966,0.2138338657031146,9.73463861108586,healthy
17959.800129417014,0.1408495325318252,-0.0601130683870018,9.853477139200924,healthy
17964.75484428047,0.1812431008574252,-0.1946034056608772,9.942743929847744,healthy
17969.79496184304,-0.3239547410044836,-0.0900236433237085,9.899611206905597,healthy
17974.756941027925,-0.0847999120359641,0.1552548263076395,9.870046255791134,healthy
17979.70536713566,0.3904462097449384,0.0839563353331959,9.854035391601196,healthy
17984.6216724823,0.1538572460234044,-0.084354670398263,9.93987849301139,healthy
17989.655847428276,-0.3019606806206204,-0.0100326406363244,9.848641800606789,healthy
17994.60997379435,0.3082337826485046,0.086597190888596,9.89822771265047,healthy
17999.597239478968,0.2412557390479066,0.1638372664684935,9.879517138422113,healthy
18004.69158336164,-0.047583889028691,-0.2702230455035714,9.794221756614377,healthy
18009.72584871308,-0.310321226748702,0.0648120246965447,9.654999145288066,healthy
18014.7359180894,0.067374400293857,0.2362754081077384,9.816011988662062,healthy
18019.747911941333,0.1803491569953977,-0.1031695615280681,9.849653385073209,healthy
18024.727548304487,-0.0363929967443747,-0.332125126466896,9.718247209074091,healthy
18029.70246786386,-0.2538367327554625,-0.0226425695776277,9.850773760011906,healthy
18034.70414630824,-0.1085264992118609,0.2164265038391225,9.82571446120677,healthy
18039.769253730126,0.0373424996798923,-0.0382265936633865,9.823943161175857,healthy
18044.73960330358,-0.3509985090923113,-0.227324230654415,9.687623962716197,healthy
18049.682309876265,-0.2434504784871524,0.1599682274718804,9.8370737380095,healthy
18054.63297772128,0.0824084479396689,0.1621130959550957,9.745319669956018,healthy
18059.61550352189,0.2653318458107318,0.049806089556621,9.93507689828077,healthy
18064.570897099627,0.0399560048902078,-0.5033719118862763,9.914313707108109,healthy
18069.544639658838,-0.2995772896782745,0.2445521622576568,9.645376424040032,healthy
18074.566091669032,-0.0163330578670157,0.1510295214305103,9.7486567622095,healthy
18079.54022838801,0.0015970653807165,-0.0495909343254581,9.877000992315772,healthy
18084.51767619569,-0.1794124085311528,-0.2670438853336521,9.810864116055422,healthy
18089.480533656548,-0.0614367500993423,0.2515825448989146,9.789638941596523,healthy
18094.537888322546,0.1832513329928729,0.219917994189758,9.735343459941848,healthy
18099.59722974895,-0.0369545788580149,-0.2132808785862299,9.788341400692683,healthy
18104.59932481981,-0.2046454485201364,-0.2498225473975145,9.705059799401226,healthy
18109.536392502767,-0.1863383009718733,0.1315402060247346,9.938418019697082,healthy
18114.527048936103,0.3085773669604268,-0.0178489308293108,9.893436106587489,healthy
18119.476408448954,-0.1798005397261818,-0.121830217690864,9.967691264799086,healthy
18124.46479567493,-0.1697515703789778,-0.1880875013083373,9.70438094106194,healthy
18129.49979062765,-0.1631170317485076,0.1224656075799564,9.919934707862048,healthy
18134.5603741344,0.3966001237073999,0.269834524098418,9.78438195158198,healthy
18139.594403396557,0.1756732067001151,-0.2666072682611481,9.7300827669516,healthy
18144.528822780623,-0.4026452761349384,-0.1166594887684659,9.67802160144788,healthy
18149.511772653037,0.0256748658486374,0.2700227099587269,9.820144420574804,healthy
18154.527111384905,0.336429140551011,-0.3182502418550729,9.64437438346696,healthy
18159.519733530917,0.0499230022940468,-0.0060042882992506,9.995016941410984,healthy
18164.501354806504,-0.3857366541220793,0.1341301821139787,9.83092341831158,healthy
18169.488578108478,0.0456377417499024,0.3361092158184454,10.073633926988126,healthy
18174.544009020035,0.399353361957113,0.0313593989595254,9.710640431986622,healthy
18179.567032186736,0.0141236194800636,-0.1102549327614318,9.822945578203392,healthy
18184.56099399929,-0.4552992485052395,0.0504488255991396,9.609317110479603,healthy
18189.498816557974,-0.1068285458972633,-0.091541737290394,9.916730326842854,healthy
18194.459746629196,0.2473962781863808,-0.2541698697438082,9.924730688640311,healthy
18199.582296094213,-0.3938268301699112,-0.2391671131987152,9.756449269737278,healthy
18204.540919713712,-0.1115790143042712,-0.0118740703421981,9.843448612634385,healthy
18209.580692747324,0.2177834333453659,0.1652437404853192,9.830007968835234,healthy
18214.595781940065,0.1733456761861101,-0.1770688128886565,9.858869936621732,healthy
18219.601334186435,-0.1422473481350603,-0.1651628840781795,9.78800318378757,healthy
18224.490165591786,-0.0832305523580232,0.3504251290763083,9.820138963352344,healthy
18229.469059412,0.3927392587914597,0.0211780210223042,9.872104720208522,healthy
18234.511749841127,0.2049263910102626,-0.3163965035538982,9.823491402626626,healthy
18239.51799689433,-0.053996619394325,-0.0535460210466785,9.68601149652234,healthy
18244.4250959937,0.091262613154377,0.2878401843945747,9.862464675271449,healthy
18249.389196276163,0.1835912473643483,0.0245637551704839,9.858351473189344,healthy
18254.35585846917,-0.1341645464352717,-0.1777708175442232,9.682664419378195,healthy
18259.315988275805,-0.1571694333986588,-0.0539754107232746,9.798468473211525,healthy
18264.352800581262,-0.2614527717802709,0.3297406800464044,9.746536072723686,healthy
18269.339942831903,0.324810188645185,-0.0159565295606818,10.00157103365739,healthy
18274.449032522065,-0.0527002249292732,-0.4300249056097988,9.82459536500529,healthy
18279.435565029653,-0.1731212358237502,0.2740991733297716,9.778155651675442,healthy
18284.407711258584,-0.1247713569381813,0.3438562302165451,9.842872173061265,healthy
18289.494185653228,0.2440434889456627,-0.0732228013394143,9.867147611151946,healthy
18294.50252194184,0.0248908145867942,-0.14309194929876,9.812292658731598,healthy
18299.560631113123,-0.3443881501910884,0.1846831551687945,9.730559116786369,healthy
18304.61206285921,0.1386174459669567,0.225188241942661,9.684124938399144,healthy
18309.598186102012,0.0626862410193043,-0.0400691050589462,9.71475693229686,healthy
18314.617899354675,-0.2306671409119152,0.0468124546004638,9.87221886992995,healthy
18319.62795633617,-0.1152416945903177,0.258622162239125,9.715278820759076,healthy
18324.627741189583,0.0641340905733938,0.1969490124224919,9.85185225743014,healthy
18329.68021683655,0.1712098801899432,-0.1100506687271457,9.853791380831842,healthy
18334.704856988174,-0.3691756880224573,-0.3157732281386318,9.65525869684985,healthy
18339.746726504178,-0.265704628569034,0.250594861367616,9.840916294559308,healthy
18344.65865045696,0.3039915162170081,-0.0154742409409961,9.682124355950046,healthy
18349.665955406475,0.2672986375045923,-0.2016593173891785,9.873899458026267,healthy
18354.74724609287,-0.3295130394350907,-0.0844059168355894,9.775074504619294,healthy
18359.79263428352,-0.1068710878806621,0.2001792286839671,9.84342349430992,healthy
18364.746302907875,0.2347851407722983,0.044377878547207,9.727475276026752,healthy
18369.80776164393,0.056999731665619,0.0729239565287248,9.75612902484029,healthy
18374.76022220657,-0.415647565948341,-0.0966228671441129,9.76776242237382,healthy
18379.777263010885,0.0303000375359691,0.411415798309126,9.693519841743996,healthy
18384.791186073013,0.3258150930371427,-0.0080230638544568,9.840398730496435,healthy
18389.74635662552,-0.0260731651498173,-0.2459122841355169,9.82432981744344,healthy
18394.735067853788,-0.2095958077449898,-0.0420239377222041,9.669472405903406,healthy
18399.69698966938,0.1818198524487149,0.3991031516602156,9.872799165899016,healthy
18404.67487446641,0.1507040915236575,-0.0746689342530682,9.762751424475285,healthy
18409.639723494864,-0.084224696894576,-0.2119328709010367,9.832168656988705,healthy
18414.564282748823,-0.4391517635539438,0.0900031125832132,9.754955348589515,healthy
18419.5213511706,0.0681765915493024,0.4283303590562595,9.812432687023351,healthy
18424.545772500667,0.233823863267619,0.0175382784522329,9.880106350020528,healthy
18429.59027949572,-0.3036131360175519,-0.2898041918847553,9.777676663070585,healthy
18434.611598956584,-0.1408795833354116,0.219138342018639,9.7004222148908,healthy
18439.59595779043,0.0528200594907668,0.2139902737189832,9.8838130769624,healthy
18444.632557740497,0.27648677336901,-0.0181731897273607,9.833235768715245,healthy
18449.618278502323,-0.0799634766658758,-0.1656712464708716,9.77959069489619,healthy
18454.58207683453,-0.1717015325259762,0.2075855019516272,9.602090649807607,healthy
18459.66144432038,0.2519829589356388,0.2414354810350399,9.78299060849531,healthy
18464.638211784644,0.1884265181622482,0.0075415614068146,9.973359322431468,healthy
18469.69200257028,-0.2017767149389132,-0.0697034256865803,9.676441675816546,healthy
18474.68868750121,-0.0516795007130901,0.3633915484619728,9.906455266439105,healthy
18479.70743085992,0.17232636692531,0.0891286537832223,9.835152922219349,healthy
18484.7729506898,-0.05684335540323,-0.0035847792670067,9.968861375180838,healthy
18489.734749675423,-0.091329800860677,-0.2315164834005393,9.808703179792987,healthy
18494.716588990264,0.0259089853830535,0.2052445294232316,9.693675762312797,healthy
18499.718387006546,-0.0032618789302144,0.0636742833683561,9.9079453426012,healthy
18504.67340503118,0.0599716893143667,0.0369247779782807,9.92564447330121,healthy
18509.64463697592,-0.3468313313092725,0.1217920122980566,9.743583383845849,healthy
18514.710890434515,0.0461592442024855,0.3419775701545827,9.821270510265173,healthy
18519.73249647008,0.2311635872746309,0.0166226265727052,9.902616857591088,healthy
18524.812820073264,-0.2084481605027516,0.0411821078424365,9.712947891402122,healthy
18529.76264642994,-0.1245025456019146,0.1006115415517324,9.804095273513086,healthy
18534.82577343273,-0.1552956460676652,0.2615217356494668,9.848544382089912,healthy
18539.7685060697,0.2597167144193186,-0.0914568991418271,9.84787884411676,healthy
18544.757990007245,-0.1609681752816544,-0.0824323552327602,9.707985406431463,healthy
18549.722604246843,-0.2462466493969608,0.146274085823156,9.885827903145158,healthy
18554.75159754871,-0.066001897936855,0.3424654491468474,9.779935318599922,healthy
18559.72435185642,0.0789838461921336,-0.2121149544852943,9.936306963613294,healthy
18564.7839559238,-0.0869640686707246,-0.3929407494381963,9.837685833283343,healthy
18569.75266019469,-0.2232408530049008,0.193546224288808,9.810298773344202,healthy
18574.804125793064,0.1072911434734345,-0.0549474116850148,9.79419807097696,healthy
18579.84361621884,0.0081150897154896,-0.2426488148209775,9.91675126644503,healthy
18584.85305724607,-0.0709488178474062,-0.1608831367755913,9.703045682416962,healthy
18589.87317872264,-0.3330550618037668,0.2456050047364696,9.76834997091914,healthy
18594.825534206037,0.3172716965306715,0.2080446021192813,9.863349786773124,healthy
18599.76759928383,0.1749877575205226,-0.2258039785579668,9.85288852960674,healthy
18604.63050195781,-0.3470383039408736,-0.2033610606287435,9.7065072166485,healthy
18609.681926982088,0.0004902434705953,0.2469418513621398,9.770828487170183,healthy
18614.579524799195,0.4026136069584631,0.0620826027210164,9.788266826326945,healthy
18619.567851978765,-0.1247835913541192,-0.0836980341253457,9.883340631275118,healthy
18624.60960570053,-0.2643644275807125,0.1526172190827345,9.897146294100688,healthy
18629.64849352868,-0.0761404397574464,0.294274780053038,9.811655132437789,healthy
18634.630459544955,0.4917067888039482,-0.0093293843559765,9.962026842605969,healthy
18639.65569845476,-0.1669824555870796,-0.0207379988353258,9.89080767468942,healthy
18644.687579590347,-0.2021320330076562,0.2019639327915356,9.665702610425807,healthy
18649.653487274376,0.350332360214391,0.0645399886603907,9.807818176622307,healthy
18654.65617568971,0.2812453876703203,0.1289831862540429,9.708194907035404,healthy
18659.64999410543,0.0845744087577932,-0.0696948475244463,9.759303998833309,healthy
18664.63143098388,-0.1122362736700485,0.1492566597796286,9.746872130004071,healthy
18669.59815521038,-0.0697808980777048,0.5870397190741603,9.963984289399326,healthy
18674.569128394185,0.1735191088786737,-0.0514292199400711,9.797217928570966,healthy
18679.59961100265,-0.2511461320450909,0.020777611000693,9.74881261856609,healthy
18684.589796483044,-0.4025656014877518,0.1040133071055124,9.765964902990724,healthy
18689.58833941689,0.0739893920123766,0.3553506015739235,9.922551829221431,healthy
18694.64318479939,0.1938649689863901,-0.1000595001368558,9.709379384131433,healthy
18699.674712175387,-0.1269282115171521,0.009117514559668,9.548591031603294,healthy
18704.68294401468,-0.2403418903315637,0.2919942722430915,9.80138689844132,healthy
18709.679679855846,0.1655681149923798,0.0987349436699392,9.822264133994242,healthy
18714.71423267834,0.1707301989526479,-0.1628623651513498,9.909223685995135,healthy
18719.73524956305,-0.2451989782360064,-0.154087875878745,9.873066664258811,healthy
18724.72029234788,0.0590734930362183,0.1577705016954087,9.778595301114908,healthy
18729.68147027845,0.3762814293018446,0.1682199282865621,9.912686013921087,healthy
18734.70161115331,0.0520960669734407,-0.3338996220430195,9.906535148974177,healthy
18739.653141090483,-0.1853563496128722,0.0302890859328583,9.858859286504089,healthy
18744.68946625413,0.036154537875701,0.2022234454698089,9.769730534322958,healthy
18749.65348446385,0.277043420365253,-0.1034586860017827,9.842954114239522,healthy
18754.63671430004,0.1038513139183687,-0.4278152482265945,9.920789954302302,healthy
18759.623335909044,-0.2720467256765735,0.022149448501259,9.769406810675754,healthy
18764.644940325223,0.0448814432508765,0.3171230773357014,9.794119572291766,healthy
18769.57997189402,0.2096868712588704,0.1368948869938351,9.929431401451604,healthy
18774.55666817796,-0.0151331260676845,-0.256374894487556,9.874719237210446,healthy
18779.54481787395,-0.2463823147849846,0.0678386923650319,9.745515809057338,healthy
18784.467989911835,0.087855214458625,0.495037274929176,9.93726358821171,healthy
18789.438492836533,0.4816511323628918,-0.1186201930563936,9.865257491281438,healthy
18794.45145235244,-0.0914226368352053,-0.2662610625202666,9.8798572544036,healthy
18799.49920811548,-0.0299380342518062,-0.072067746659424,9.806628844579112,healthy
18804.554570543783,0.0406645542760562,0.2200095437169073,9.905993216758205,healthy
18809.54518366156,0.0281412154471817,-0.0992294343644314,9.932492430380416,healthy
18814.538531082177,-0.248229223586134,0.0759486247479965,9.812815475428827,healthy
18819.55709862588,-0.2851893085317043,-0.0365347023386363,9.717238268826096,healthy
18824.510494528156,0.00953493226832,0.2876379195128727,9.7499453183616,healthy
18829.55508629859,-0.0049703798132143,-0.049690964150138,9.842081613604904,healthy
18834.48919067825,-0.0847075340883455,-0.2563577847422275,9.809946812448668,healthy
18839.459878823884,-0.2091460853859136,0.4160216129746433,9.781754852852393,healthy
18844.433053519064,0.2186196192124597,0.0324759219309633,9.766909642701048,healthy
18849.413212438278,0.2885846669609909,-0.3294448123529699,9.788340962712445,healthy
18854.40009533724,-0.3488680209847373,-0.1592594995240595,9.75078270415579,healthy
18859.434691037903,-0.2038948158537337,0.1657898872526037,9.749175461748736,healthy
18864.39203273664,0.0944598884521337,-0.0936945636627884,10.019494450840533,healthy
18869.41521600904,0.0398291402539098,-0.4947292669365811,9.737166256671804,healthy
18874.47846255089,-0.1709270024474154,0.034209971019209,9.806629650508803,healthy
18879.60170205245,-0.0383885277587427,0.1096338160557362,9.8274595141762,healthy
18884.674018862137,0.2458039832401813,-0.0468068655870321,9.837139520025003,healthy
18889.71293591681,0.0181161185189493,-0.1615955161496184,9.922290071238306,healthy
18894.767706248324,-0.3951617572046735,0.0849486092206808,9.842765785371729,healthy
18899.710756484063,-0.0285653660766687,0.1132385464704606,9.852992108032645,healthy
18904.659715363847,0.1718876710138253,-0.031511588667544,9.917871950830545,healthy
18909.701064372588,-0.032491224734585,-0.1476205098226719,9.760386356843698,healthy
18914.7215625013,-0.1559751335298247,0.1025593830217199,9.916931287039825,healthy
18919.71536465711,0.124442825493091,0.3835827959271559,9.800947521863948,healthy
18924.64223395482,0.3697052674831752,0.0401144955747876,9.861657729224708,healthy
18929.61490784702,0.1128928681150091,-0.2142524514222166,9.800973381427498,healthy
18934.608441594974,-0.1902566241865401,0.2270528836319919,9.77502228170434,healthy
18939.605256949337,0.2945752681877235,0.2455720870111352,9.856374869273347,healthy
18944.557209605537,0.2191925032974224,-0.1511633005034813,9.699174109062294,healthy
18949.631378640344,-0.1286017011420894,-0.1683027710112454,9.835860185570816,healthy
18954.609783709027,-0.3658714935401277,0.4142948601662363,9.831441005167592,healthy
18959.574824593525,-0.023196649066526,0.0768229735237997,9.932113128114317,healthy
18964.68151103803,0.154554904624601,-0.2990522307931747,9.832998406220124,healthy
18969.689050153054,-0.1965989015168521,-0.3382236039888452,9.848838053838032,healthy
18974.732738294755,-0.101621178851476,0.2651219512015949,9.787347722307045,healthy
18979.757890613197,0.1813313595703745,0.1114294582545741,9.89934883073883,healthy
18984.754537816065,-0.1390068498954501,-0.1539555394746622,9.830588811331287,healthy
18989.772050407093,-0.2906289000434344,0.1499169501181043,9.785759848172464,healthy
18994.753114554384,-0.0132119856096974,0.0741026960183913,9.834027651212391,healthy
18999.678197279125,0.2960255915502894,0.070998041833671,9.833807501387795,healthy
19004.64849806826,-0.0639948543797788,-0.2717355018006068,9.747782278296054,healthy
19009.64418988017,0.0247346458528792,-0.1040930396487111,9.811695838424372,healthy
19014.64970112495,-0.107303573606461,0.1983636355847239,9.850933237440495,healthy
19019.69986651697,0.0867966698249713,0.1463372656391472,9.778446892601858,healthy
19024.68728746497,0.0354856137141833,-0.4161701181461359,9.812605813308773,healthy
19029.656325186606,-0.249004266471894,0.1149347721597678,9.811414528481112,healthy
19034.732898664293,0.1722960994170213,0.1785218498004136,9.801467472989495,healthy
19039.78320575737,0.1747689731760595,-0.049449112572627,9.810369556369425,healthy
19044.78221590989,-0.0705654272983009,-0.1922800786474982,9.793501103545298,healthy
19049.65131762864,-0.1190793628900015,0.0785803720367959,9.630910472205736,healthy
19054.719051314285,0.1154470959248165,-0.008313224457329,9.817390686935724,healthy
19059.70871456316,0.3585699384755766,-0.2417297714849294,9.804708556680849,healthy
19064.71213008133,-0.1425191321826076,-0.2683363735630167,9.752869595093374,healthy
19069.76591686261,-0.1528557362692056,0.1055034118107011,9.773439032037633,healthy
19074.64721956481,0.3346063289876377,0.3485021235232537,9.847927727255373,healthy
19079.62616093392,0.15628862736974,-0.1225069879338066,9.896332957736472,healthy
19084.63892154456,-0.0485700843213051,-0.1735360325607501,9.742839902646375,healthy
19089.540854197185,-0.1696999957208318,0.1540323458218813,9.695355026013385,healthy
19094.492406625137,0.0050522027471668,0.1814041579355055,9.742360846978302,healthy
19099.49041151967,0.0740488829267196,-0.1793028826872222,9.85810559845465,healthy
19104.54519490753,-0.1665274096039779,-0.2475163685305897,9.849215909201746,healthy
19109.53679610154,-0.1130049801604813,0.4552490989045905,9.743389128020633,healthy
19114.56225727242,0.3169024267065535,0.0680970078651936,9.893200733125925,healthy
19119.6201465554,-0.1206514846416739,-0.1385791047433761,9.828933317127388,healthy
19124.65567905233,-0.1639879677801254,0.0067855970321777,9.88706442505524,healthy
19129.636618740176,-0.2651645765844025,0.3090691728786139,9.71297859372877,healthy
19134.57429737227,0.2867136056951406,-0.0561289765255616,9.977184367547292,healthy
19139.582588340178,0.1535176218321528,-0.3974242252330833,9.765109203885748,healthy
19144.585843975656,-0.2265353923140651,-0.0566522145185682,9.818064225829364,healthy
19149.53051316341,0.0647872557374941,0.0211823756840223,9.839884020434384,healthy
19154.50468195528,0.265839283213781,-0.0808247532183753,9.959483845947474,healthy
19159.43228410604,-0.0120281608698089,-0.4386203173993257,9.755390239056434,healthy
19164.38261423584,-0.3827252176114994,0.0597454282970344,9.84153991779398,healthy
19169.39167072084,0.122045295771134,0.1622127165683714,9.955140694919786,healthy
19174.445613247062,0.3528896722021001,-0.119662432678773,9.932172287699558,healthy
19179.487012846097,-0.0280896789617791,0.0054511832926653,9.731247247261042,healthy
19184.49999611933,-0.2384477233654068,0.0839489703354037,9.830666567193544,healthy
19189.536196549023,0.107696248418506,0.1283925280703379,9.806977925506905,healthy
19194.545179951936,0.1435138472842664,-0.1777665881928291,9.881010705560774,healthy
19199.52344751772,0.0065275125149487,-0.2287778775572848,9.81752362543753,healthy
19204.550598483554,-0.0351178336227697,0.0331867006638818,9.93246297848565,healthy
19209.496739214967,0.2958829062829973,0.1453676033159059,9.83949487687278,healthy
19214.5507715152,0.33621767124921,-0.1373266950085589,9.7886594593637,healthy
19219.6115617885,-0.0206229341024569,-0.0876698308553152,9.693423996574408,healthy
19224.52161231391,-0.2013263197524286,0.2918030602478136,9.822249893930692,healthy
19229.542423741128,0.2152315658865466,0.1620455730425744,9.691399177834038,healthy
19234.54413834691,0.0118887054728789,-0.3084617016820037,9.775530178428538,healthy
19239.503784777546,-0.3622080096030793,-0.1710628041301581,9.66270696219058,healthy
19244.45524157618,-0.1712467061362486,0.219332052332465,9.768350729204506,healthy
19249.41419638294,0.341952378797058,-0.0576134079645227,9.68911350757779,healthy
19254.46252607587,0.0190593912166951,-0.3170602249648577,9.79045038648211,healthy
19259.43293933253,-0.138341385431412,-0.0279129661562456,9.732726386327489,healthy
19264.39848396365,-0.0378138814871113,0.2778218715701984,9.8913599274588,healthy
19269.388088527783,0.4608218796180491,-0.0650312897883416,9.890631247704931,healthy
19274.49798699565,0.1116539262455794,-0.4055975446406562,9.774289323984902,healthy
19279.530428102287,-0.2400406787218295,0.0286914647974241,9.866002077566822,healthy
19284.46246993035,0.2918826403108707,0.044588294657766,9.782047471867951,healthy
19289.47676223665,0.0964093383777993,-0.1023460988813034,9.985306131570182,healthy
19294.53030462356,-0.0503688790161932,-0.1082776713212999,9.759066157248142,healthy
19299.50485079727,-0.045790489817283,0.2914163403955402,9.761782283914902,healthy
19304.53124547255,-0.1569311448627553,0.1984874322567166,9.84994358484412,healthy
19309.513114214235,0.2300470739164326,-0.0268426284452349,9.826254721193152,healthy
19314.53616091167,-0.1377603603288542,-0.1310895169626722,9.753051207676432,healthy
19319.508601474758,0.0282575317929964,-0.1300664875532233,9.7305422187766,healthy
19324.600797000625,0.3933245015055371,0.2109758424091053,9.859024556631006,healthy
19329.598770814984,0.0811626995437581,-0.1991793531454967,9.794823124366372,healthy
19334.59661497917,-0.2453353653644726,-0.2365960451260788,9.72856167924843,healthy
19339.61515066442,-0.3666728538909265,0.4810945064781762,9.729567363602598,healthy
19344.68352144896,0.0690892409207261,0.0771696059387905,9.683753628990074,healthy
19349.64214146133,0.0922769237628899,-0.1803914041552846,9.878212807138992,healthy
19354.71710809182,-0.0490340284087514,-0.0256240082156482,9.834161234042677,healthy
19359.769391467835,0.0120763839457953,0.4643794028036696,9.853223317972493,healthy
19364.747257323936,0.2002227900838906,-0.1858734860229318,9.871289927874924,healthy
19369.82999573744,0.05071420175228,-0.1837308956054456,9.83059976532436,healthy
19374.82475868543,-0.2522905476515615,0.0196534620872108,9.713287602280202,healthy
19379.81626615904,-0.1242707265503339,0.3804891021332641,9.782663667661296,healthy
19384.81234631286,0.0839178756871917,0.1003255425197296,10.037791696907124,healthy
19389.811228963357,0.0359133855142594,-0.2633519641509399,9.837430262962858,healthy
19394.726877886435,-0.1868588796853153,0.0456923008639814,9.744700867223616,healthy
19399.724572483385,-0.1224723012167205,0.3492467707241633,9.781564590613478,healthy
19404.767583960944,0.1615586048810112,-0.039509051705862,9.877221764717987,healthy
19409.75306723924,0.034485564201783,-0.5036413556158449,9.959502921905257,healthy
19414.705728721445,-0.2766240448215241,0.1155706737089047,9.686657445739868,healthy
19419.64733728011,0.2894435784723054,0.3652856204440555,10.00357358437889,healthy
19424.65938766521,0.1756435380796623,-0.0369798417534548,9.899166784383684,healthy
19429.66086925609,-0.0271208474845797,0.0116608873851307,9.696013585798251,healthy
19434.71220811496,-0.1472781165753429,0.1510562654352172,9.753629732151133,healthy
19439.780326923526,0.2657583358901957,0.0070229585919011,9.85117804156639,healthy
19444.70885657444,0.0646949256550558,-0.2832024984616025,9.854819833836892,healthy
19449.78362374328,-0.1942986525384231,-0.1757476208430439,9.765529083073124,healthy
19454.71106151278,-0.2537085258407585,0.1756507972253546,9.869691982190366,healthy
19459.62634264656,0.2348867385306035,0.2338938586028457,9.821546658835596,healthy
19464.589483709235,0.2845166839940629,-0.3500024263745543,9.762095673849158,healthy
19469.622034356074,-0.0887695557761379,-0.3164213755224914,9.708767318219753,healthy
19474.556969749927,-0.1383206544982563,0.1941869595720756,9.807939942672714,healthy
19479.626301818436,0.1617091768613384,0.1495048356919689,9.833104140968906,healthy
19484.63126661053,0.1058089643551158,-0.2396250666661051,9.867218328686588,healthy
19489.50700719214,-0.3292341289629134,-0.0455391205304645,9.885894594205984,healthy
19494.45910327164,-0.0702119024153506,0.2997426586888815,9.76749395415126,healthy
19499.425177198733,0.0934835508819555,0.2420138462965494,9.887799998630255,healthy
19504.424487963573,0.1006941226973171,-0.2372220433954597,9.75570781435536,healthy
19509.41813338566,-0.3546104369839903,-0.2306298828264504,9.66922219460167,healthy
19514.55915358627,-0.1536542022671674,0.2498436468920294,9.777144092692147,healthy
19519.616261234463,0.245415928473776,0.0350773915887992,9.893388471682758,healthy
19524.5951815753,0.171555359867593,-0.2552836831647982,9.763819748746826,healthy
19529.51830424656,-0.1668559152640387,0.0572382527850704,9.96070875768334,healthy
19534.50189554789,0.2578650364943801,0.4052296922621328,9.731194092506074,healthy
19539.438046063024,0.2715623577082304,-0.0435205948572304,9.76976655294924,healthy
19544.419320695823,0.1116974965668974,-0.0923812207434402,9.807723018390034,healthy
19549.357357770707,-0.2339940931421026,0.1001706304957403,9.783610613801091,healthy
19554.305409418856,0.0396539200731566,0.3253261742499574,9.75112178255976,healthy
19559.313417887468,0.4013862443535733,-0.1039981479587256,9.964166434899427,healthy
19564.34725081094,-0.156050065032942,-0.1398957175393042,9.867947556689796,healthy
19569.20769406888,-0.0944156552439077,0.1165035954521353,9.67415645086879,healthy
19574.11960589199,0.1432089906611921,0.4455072799227483,9.818384468518463,healthy
19579.084349409397,0.289108115130988,-0.1980706464672857,9.79106491093533,healthy
19584.10943705906,-0.2219536602823626,-0.0600318005552769,9.805066832918548,healthy
19589.080809465053,-0.1541352007934844,0.1597190243501863,9.663672704292086,healthy
19594.12697851435,0.088952760336547,0.1237051853325001,9.788442320867246,healthy
19599.19637361337,0.2313605305433927,-0.2707748615055135,9.780397915112232,healthy
19604.10431707352,-0.4615336935155493,-0.1014407384921843,9.639128053662844,healthy
19609.075069379967,-0.0727513268429611,0.2632005584667707,9.813060055667057,healthy
19613.99214968933,0.2030848722119408,0.1694645088315578,9.873818274566402,healthy
19619.01840115845,0.1752141908039174,-0.3956268412299595,9.852896541964387,healthy
19624.027693274154,-0.235943062993703,0.1111628436257173,9.781798910741555,healthy
19629.02207044765,-0.0170687088211382,0.0501394920444121,9.75603945241486,healthy
19633.98878552495,0.2455743815273835,0.1512420967406732,9.764179136627236,healthy
19638.953822639945,0.212363957979835,-0.1348816486967793,9.787516482503056,healthy
19644.028791105146,-0.3135206782298992,0.069143879976943,9.691706003291266,healthy
19648.96416825922,0.1081658926355199,0.1757621563247726,9.883342051683371,healthy
19653.996940191108,0.1517486039618877,0.0318954089251117,9.89931319422998,healthy
19658.999530440597,0.0748358550627122,-0.2835369831955691,9.88619750894494,healthy
19664.072113495044,-0.2665972108229785,-0.0122750489151265,9.744657062365809,healthy
19669.04895534197,-0.0025955951713718,0.1997728453066078,9.73999379523474,healthy
19674.006258262816,0.2143165259951494,-0.1169512099426023,9.890245469924286,healthy
19678.943249679203,-0.1150425392208847,0.0694362230750119,9.846184439920547,healthy
19683.987011692607,-0.3427537544862285,0.0928468857735915,9.727072182233526,healthy
19688.96039352923,0.1689222093944762,0.3249833976965141,9.855049031689848,healthy
19693.880834341777,0.0634842759858314,-0.0407500569287633,9.91505761485799,healthy
19698.914852568283,-0.1982164156055636,-0.2319820624035246,9.785506341913202,healthy
19703.91693553245,-0.1802781669772746,-0.0130404628335758,9.868726714649869,healthy
19708.97800836665,0.1227015079992148,-0.1368036809211821,10.01627364896887,healthy
19713.92233588136,0.1398524631704838,-0.1578866438536534,9.763471617930628,healthy
19718.99630809074,-0.2838023688888121,-0.0757859831530292,9.82557126238289,healthy
19723.932001036483,-0.3576107878679521,0.2257816846572886,9.81084731056389,healthy
19728.94789155053,0.2074886843456794,0.3283596474065321,9.942209341404247,healthy
19733.94161720133,0.0061532175690248,-0.2126163899754205,9.894690887019353,healthy
19738.87762640621,-0.2798184253351404,-0.1874592458213161,9.667462230822755,healthy
19743.912488600665,-0.2606863648915571,0.19167491628819,9.892939477387102,healthy
19749.03418359549,0.3125335151714684,0.2227150416607084,9.846319508293575,healthy
19754.03895118668,0.1214621795549759,-0.2177479401895074,9.93915215137024,healthy
19758.99146857501,-0.3164298129221204,0.0407897899029352,9.78758717257636,healthy
19764.019000490654,-0.0548969026227887,0.3812896033215027,9.816881329536155,healthy
19769.02815916129,0.1066200266565168,-0.0249515693448058,9.962789406502118,healthy
19774.065288947942,0.1786089591245657,-0.1857541075506117,9.848095201340458,healthy
19779.02621299586,-0.1472932038012244,0.0170240688317393,9.819937751592123,healthy
19784.00993663728,0.0661413873624034,0.3090861994886042,9.896898021103317,healthy
19789.00565720914,0.2891109215134935,0.1666973614375443,9.732852587436463,healthy
19793.9936966486,-0.1179380097443651,-0.0709565596545749,9.913361994944772,healthy
19799.01803857697,-0.0928139188312618,0.2473204699054605,9.771101258130566,healthy
19804.03862775432,0.0824598729731771,0.1665467248531277,9.8553769282975,healthy
19809.079949909417,0.1993719817593818,0.0127278705650963,9.957931791668754,healthy
19814.027285844408,-0.0015236853268031,-0.3036856356464988,9.76838054383252,healthy
19818.999828758104,-0.2294103486068445,0.1411723036597968,9.674380308443205,healthy
19823.972475122824,0.0235293336936553,0.2118947098872853,9.9779752802063,healthy
19828.99081182751,0.187999268192598,0.0738364621314749,9.994222478942072,healthy
19833.94631401024,0.0419520119342134,-0.2399838106929077,9.748233358839355,healthy
19838.920842981814,-0.1590684482708174,-0.0874243241649088,9.704183652027083,healthy
19843.891372866958,0.1388309032909665,0.3394038923993983,9.775543653557284,healthy
19848.922326186224,0.211307519209054,-0.1818756413958903,9.8160363331776,healthy
19853.89682759472,-0.2476151319568427,-0.3154821173363935,9.826493877180864,healthy
19858.868658584823,-0.0124823213423687,0.1859165677907476,9.69263935188116,healthy
19863.858782106425,0.2888957990011276,0.0758111064907523,9.941675410041729,healthy
19868.93977410145,0.2772536888219204,-0.2448531880273692,9.863924730942358,healthy
19873.885836878817,-0.0855832155565534,-0.3031083033459386,9.7217664525943,healthy
19878.921113255103,-0.0168091201792179,0.18118807244911,9.83709070673396,healthy
19883.8523832436,0.1129506548046845,0.0763067979286357,9.768523422723858,healthy
19888.8134963589,-0.0546282128427164,-0.1908455464810868,9.998450394403344,healthy
19893.76613809864,-0.2676205984771181,-0.0689604567915772,9.831571733810252,healthy
19898.80340576064,-0.0611490072423222,0.2753978433812246,9.813496071276022,healthy
19903.739813238604,0.2452549245195961,0.1239896349228004,9.977084343254964,healthy
19908.870673435573,-0.0609817230005411,-0.1981738521368317,9.864861138730069,healthy
19913.84627675407,-0.2517878565723461,0.0421881287715996,9.585225467550613,healthy
19918.83160678622,0.0765812315536577,0.152392868790797,9.759194936919627,healthy
19923.80729980663,0.3559916010933003,-0.0208320986711575,9.818326357246834,healthy
19928.84020167827,0.2030572448694903,-0.1958812633379481,9.8003245386716,healthy
19933.8069854703,-0.2721378850109608,-0.0110889086450214,9.697430677029638,healthy
19938.67096606996,0.0253601733566544,0.2953276597021043,9.878032475007558,healthy
19943.58298460338,0.0594954349108722,-0.1925807743999155,9.75148275194423,healthy
19948.60707018937,-0.1969011216793189,-0.2441406784297664,9.81336517005868,healthy
19953.633169595825,-0.2166729465408414,0.2794022234900448,9.76964618655342,healthy
19958.675794308238,0.2007490968977482,0.1297268907800146,9.789985881357795,healthy
19963.640018179434,0.19394545857839,-0.1451427703248354,9.92532945566755,healthy
19968.555533794064,0.0562072756883966,-0.0734363927002235,9.801262914592533,healthy
19973.611888128293,-0.3401493296270516,0.0244212922502797,9.955685638479787,healthy
19978.57998956001,0.2501416551259616,0.1567680599247605,9.880714362622536,healthy
19983.535628408463,0.1387292978632057,-0.2552815305507291,9.82886843463186,healthy
19988.524401671435,-0.0064436244575427,-0.171682581446923,9.843597510453575,healthy
19993.51290334268,-0.1927590780452493,0.1718183379288829,9.95893928086468,healthy
19998.52804545229,0.3992883118227039,-0.0791571045825333,9.817098027991582,healthy
20003.50705082253,0.2202671017092861,-0.2612423274018284,9.884988449227908,healthy
20008.639119494943,-0.448232968651547,-0.2918179874721733,9.838208182324736,healthy
20013.661659261656,-0.0429353870511043,0.314410540756153,9.696978561438325,healthy
20018.687926212257,0.3136722843967061,0.1004695441694299,9.807251188831655,healthy
20023.656964984817,-0.0466218554564122,-0.259708987011308,9.807898199609104,healthy
20028.63546412989,-0.1063662635936344,0.1632626556190201,9.933877691926677,healthy
20033.703451309862,0.1024577424010268,0.3489696283910082,9.79430953320859,healthy
20038.742300051865,0.13151634475711,-0.0104983257961219,9.837865780839053,healthy
20043.74253796712,-0.1390168854681135,-0.1066960679521128,9.673812132187578,healthy
20048.70762445313,-0.4856085587808905,0.0093615858950736,9.921903088121132,healthy
20053.72949346851,-0.0022957930516834,0.1902757583855404,9.578223803447226,healthy
20058.63042588664,0.3844478196165835,-0.0350919370060849,9.83204426645689,healthy
20063.594120412432,-0.0472387664221467,-0.2928518345523438,9.775415091878653,healthy
20068.445869892395,-0.4940734911599751,0.0403094492217747,9.46012885105511,healthy
20073.472343602065,-0.0262790841240077,0.2283098753039091,9.801520687878693,healthy
20078.464988255997,0.2591748412103237,-0.1203771524783045,9.818153127050971,healthy
20083.52391984468,-0.186640934361872,-0.1753205523217551,9.80124383934508,healthy
20088.480203471965,-0.203755111461858,0.1832300579895922,9.749708450667264,healthy
20093.493015503554,0.1702227380495701,0.0868826877038781,9.807838842810852,healthy
20098.598688573344,0.4012962181841302,-0.2498504895975774,9.853702471302258,healthy
20103.578049818618,-0.3012704577071904,0.0348336300461239,9.845127335364664,healthy
20108.48666684592,-0.3202259626200445,0.2551659897208684,9.625490187875336,healthy
20113.48049688654,0.245032767112886,0.0631682846635458,9.865020708022444,healthy
20118.39540556768,0.3406627292559264,-0.170313857082384,9.70533652749268,healthy
20123.38675563885,-0.2106530161219786,-0.0117109576514582,9.855024175790136,healthy
20128.414251725582,-0.268466247818424,0.0740877936637671,9.766166426189436,healthy
20133.414189589737,0.3330757682609585,0.1150919278628173,9.742838391776855,healthy
20138.394799068887,0.2477862489270865,-0.1279475059667337,9.819212798127994,healthy
20143.412250778834,-0.1665670111638865,-0.0072171774518208,9.728003651317508,healthy
20148.404878474907,0.0097796467820799,0.1770106688196345,9.857439088976223,healthy
20153.41723882696,0.3977504027126869,0.3085205183094254,9.930428834293595,healthy
20158.424292718068,0.1350535590175155,-0.3884873033765902,9.71892016896924,healthy
20163.38784827455,-0.172986411875993,0.1914423902222956,9.669307254326132,healthy
20168.40159826168,-0.0441772754126615,0.0156633744869563,9.73992060623911,healthy
20173.440148751743,0.1548939150634698,-0.0442155833286524,9.955455649700458,healthy
20178.46680831152,-0.2781912851857086,-0.3253085130356951,9.724946905616845,healthy
20183.447306846727,-0.3592234115719153,-0.0353528028718071,10.070096570608715,healthy
20188.460878935377,0.1179369064068255,0.1832429454319466,9.788501455788053,healthy
20193.49633224546,0.1891141208911902,-0.0709699056896051,9.747454685231778,healthy
20198.51332407856,-0.1642827250453797,-0.3642664846602598,9.904041511239,healthy
20203.54510444134,-0.272754208593735,0.1065768767363076,9.736579948218983,healthy
20208.54453644216,-0.0507090534219963,0.3495591948049248,9.896252372812857,healthy
20213.5540533483,0.0894530569052191,-0.2692318477051619,9.796352058202816,healthy
20218.632796020054,-0.3907929381492737,-0.2449015638361012,9.834401032177892,healthy
20223.612535938788,-0.3094459853035105,0.2019550875245813,9.74309693312911,healthy
20228.649490414155,0.1607226511377727,-0.0063285335049541,9.779272829280885,healthy
20233.605449403625,0.0738031239072551,-0.2895624158013424,9.849202941535934,healthy
20238.57102502135,-0.2368109755022077,-0.1129354843422907,9.79920008087955,healthy
20243.569692262,-0.3883100386115751,0.1841098760393403,9.9287237926424,healthy
20248.57883141546,0.3176915086044267,0.3137405902424884,9.792819798458789,healthy
20253.53760303991,0.1706182518435242,-0.0230686101129534,9.976078122655434,healthy
20258.597113586464,-0.2781887786109271,-0.2907117961106407,9.683639158585672,healthy
20263.58212874906,-0.000340620355482,0.1586150993887908,9.669806705151355,healthy
20268.58799672961,0.1624435525325957,0.1917008165160731,9.78933195261385,healthy
20273.557730457607,0.0159658809727925,-0.2485605032216107,9.920364872441642,healthy
20278.484872654943,-0.2009546327745534,-0.0449991698197704,9.65508218672536,healthy
20283.52261122988,-0.2373461094184675,0.3542990260201997,9.778743460792777,healthy
20288.511683550347,0.3321055219089884,-0.0195309479378139,9.905743861535104,healthy
20293.539221632986,-0.011092970796575,-0.049525998374394,9.736097227252468,healthy
20298.658271601274,-0.246579454209795,0.2373494456445017,9.797523952755052,healthy
20303.65685974052,-0.040008572598775,0.3741110869164206,9.77040125304353,healthy
20308.64173540024,-0.0157468629555458,-0.0671720952071104,9.826943008823502,healthy
20313.61609853155,-0.1585590994561027,-0.0280965346094599,9.647308720641655,healthy
20318.59197342198,-0.2568362111265575,-0.0174250671001995,9.781813538264348,healthy
20323.661190071354,0.1490582636948034,0.1750458462650843,9.74050309325839,healthy
20328.695816596974,0.4680567337162727,-0.2025294623182248,9.930846017666545,healthy
20333.703651820742,-0.0214381615535081,-0.0924713395199165,9.743972381926325,healthy
20338.63826786547,0.1135052741068251,0.2503667091186131,9.76415690612379,healthy
20343.603012078096,0.0702441099555239,0.0431051834826185,9.772214862383583,healthy
20348.677813229704,0.2879196279094573,-0.1672956191136033,9.85750426465706,healthy
20353.608596091053,-0.2478620996813311,-0.1654558659178127,9.782545578854956,healthy
20358.66646136232,-0.1814686086614269,0.2045779737053154,9.741212422791028,healthy
20363.583708248218,0.255096429751325,0.4386142860118406,9.70743669845019,healthy
20368.47764750312,0.1338201999796291,-0.184881200682963,9.870603184759714,healthy
20373.475125411725,-0.1067904977187687,-0.0019767901406702,9.873980482146282,healthy
20378.47748190522,-0.0298791888712195,0.0965744221464256,9.676478872014629,healthy
20383.488020298333,0.3484580381246959,0.0354715896986308,9.927620883987302,healthy
20388.58999702708,0.0754906258446383,-0.1690586644804254,9.855205979137224,healthy
20393.52616219919,-0.2387682634007168,-0.1602678361163991,9.769298457607276,healthy
20398.48759376269,-0.0027460849666824,0.2735617173455484,9.788457885217358,healthy
20403.44775546652,0.2590386835469214,-0.0064666130910272,9.920531831174127,healthy
20408.34049121961,0.0405981947037857,-0.1748255276668454,9.852115844613133,healthy
20413.320889798983,-0.0835314787475866,-0.1369857641099506,9.77041282301619,healthy
20418.368730487982,-0.2639931619913765,0.1006227923137253,9.810505835677828,healthy
20423.388671594395,0.1248210207180968,-0.1632161128605986,9.824738428971528,healthy
20428.40112473387,-0.0915445170377292,-0.2125734132078575,9.961783635333637,healthy
20433.425324224063,-0.3163198890962985,0.0542640855619046,9.72060168307046,healthy
20438.34277961607,-0.0734670448727945,0.4012466346866826,9.86434893038034,healthy
20443.37427884052,0.0862606783260858,-0.1809203572493561,10.055138960918711,healthy
20448.26646511778,-0.0062387420235611,-0.3371533717382295,9.857176979862434,healthy
20453.194034484142,-0.6350104604161843,0.0778042771576395,9.941209874140544,healthy
20458.147698738736,0.0271366534350246,0.2517299914262988,9.84023603945388,healthy
20463.170891055448,0.249471299331883,-0.2271896246627513,9.874061382142484,healthy
20468.19124937277,-0.1616248460374473,-0.4190102041018971,9.934207043020558,healthy
20473.135256208865,-0.4445341096816362,0.1053510893207427,9.658149860269244,healthy
20478.13378649963,0.3273360546780485,0.3485105849775249,9.896004662758273,healthy
20483.21015246885,0.0248645241997844,-0.1996613516536236,9.831739841172592,healthy
20488.189274102133,-0.2085616891667374,-0.1656175698836482,9.780193943199173,healthy
20493.100253694087,-0.0800887442715361,0.1909518180706217,9.72851287017067,healthy
20498.222110465773,0.2003434499802674,0.1311289368019237,9.958134926840016,healthy
20503.271290656296,0.0197505038661917,-0.2315939152411859,9.84903130743964,healthy
20508.294045598443,-0.3340967393816419,0.1784739518215828,9.743569998621725,healthy
20513.2981556207,-0.1104825782744567,0.3361887494125397,9.817456336470464,healthy
20518.252502622337,0.1068712454100774,0.1668958036114911,9.976818906933955,healthy
20523.287043351425,-0.0907928108384982,-0.3330627438873152,9.85024700556351,healthy
20528.241634737828,-0.332399497272735,0.145386356671243,9.683779596754825,healthy
20533.27936050278,-0.0575020373595323,0.0325735125229454,9.748337470761069,healthy
20538.303544365885,0.1835321692748225,0.0240603631297623,9.913064107106532,healthy
20543.46545015165,0.1321355987268156,-0.1261069333752357,9.946020973574004,healthy
20548.467035502792,-0.2275064899723985,0.0902842338040802,9.786238103240654,healthy
20553.40716902193,0.1449480164763045,0.1955317302615924,9.982345792326637,healthy
20558.394592692235,0.3322624848252887,0.0192314608743081,9.95266102741536,healthy
20563.379050342653,0.080903300767242,-0.0025235441673777,9.764135272569826,healthy
20568.35829651291,-0.4136208102821181,0.1814737660162916,9.789560864778435,healthy
20573.403393825392,-0.1055421846307756,0.2357030970462609,9.698678620832093,healthy
20578.356276528688,0.1585720117365092,-0.1645931647136796,9.64936060887113,healthy
20583.381978632155,-0.217336921955774,-0.216767534571861,9.756344075449492,healthy
20588.34463799658,-0.1225372730773495,0.0759036687226696,9.784868108647965,healthy
20593.29548916848,0.3271975649819342,0.2895847433752616,9.730457308814826,healthy
20598.331984873254,0.2126287823163406,-0.4308607923257899,9.9675610201916,healthy
20603.362162868263,-0.060089943976413,0.0525863624910168,9.736174419453668,healthy
20608.30099942941,-0.0844878011548987,0.1587738550339003,9.720573489778856,healthy
20613.252447908937,0.2264061839595641,0.1207628402972611,9.759245875668189,healthy
20618.257384403118,-0.1417071645051804,-0.1077370120705351,9.943732963215032,healthy
20623.200715315987,-0.2276983877239493,-0.3522716038831609,9.696101288761431,healthy
20628.234360684062,0.0238023722903778,0.1837345405646465,9.723687182829028,healthy
20633.249374414387,0.4149777306424443,-0.1479559773492678,9.898864093819247,healthy
20638.208096175687,-0.0789991610982221,-0.0569131566914523,9.80470103798702,healthy
20643.15881726505,-0.1628731338128303,-0.0456548553522796,9.775727183415988,healthy
20648.09962995018,-0.2541739240066723,0.1409001989590151,9.89911317742636,healthy
20653.119434962013,0.0753722054398821,0.0861729305794396,9.859893553048408,healthy
20658.12778448304,0.0042646105283338,-0.0985498993383417,9.795353117507531,healthy
20663.119533848407,-0.3948893219133811,-0.0529321597928803,9.664982206171969,healthy
20668.14450555161,-0.1013845009672895,0.2013719717337694,9.831403024709632,healthy
20673.152582447587,0.2460519093399167,-0.0012849588137218,9.932741044520151,healthy
20678.20201550114,-0.1373064424011384,-0.4607132213355914,9.68046619268141,healthy
20683.111736161525,-0.1558046754150396,0.097531241662733,9.723540253684352,healthy
20688.081490495504,0.085550451760926,0.3403836817962985,9.72106314928191,healthy
20693.07160247714,0.1610562243237034,0.1107346801613272,9.869297989532848,healthy
20698.126708970434,-0.0374709795721138,-0.359258030027295,9.816036411217958,healthy
20703.09755438643,-0.2262306727041913,-0.0826434777256179,9.60642178159461,healthy
20708.095340861,0.1029735647518325,0.2826797604953414,9.746996023484693,healthy
20713.08435736128,0.4071634781739747,-0.0393606622010524,9.82989499778004,healthy
20718.1373221622,-0.1652131140811751,-0.3116494508042277,9.789870593090276,healthy
20723.145738734653,0.0185079620871124,-0.0196455125463384,9.69845338294484,healthy
20728.147053689583,0.0386357435512973,0.199079413897923,9.77421984140269,healthy
20733.190884573312,0.1871029751629139,-0.0863305418000982,9.8853132635765,healthy
20738.164697763717,-0.1143288769743641,-0.2408711998412427,9.669831697729183,healthy
20743.090918979917,0.0570434408851771,0.2735494207524057,9.813600713687,healthy
20748.11350202852,0.1528872666573167,0.2708615950727344,9.78710569998332,healthy
20753.060217691727,0.2870547342173061,-0.2075986436986784,9.842512116678472,healthy
20757.983133866877,-0.3215980182155976,-0.121210106545754,9.860715407805417,healthy
20762.90665007188,0.0152301946476371,0.0767226179743212,9.835690881835436,healthy
20767.96313272717,0.1645270375460969,0.1071305203951579,9.900220682259263,healthy
20772.93766500567,0.0615884410560285,-0.2060274172277059,9.843811964403873,healthy
20777.967920219333,-0.3933036588846308,-0.1577849720785904,9.623797257344629,healthy
20783.022663363176,-0.0359654619468132,0.0874535137728444,9.754254753705087,healthy
20788.005383236938,0.4082234506151884,-0.0041098351072764,9.86871120175785,healthy
20792.95658726498,0.1647052939800596,-0.3208873527281529,9.803336181225724,healthy
20798.00792036073,-0.126370476656388,-0.087036002348132,9.862206458397363,healthy
20802.929565784307,0.110710159500343,0.3023638868360341,9.841565727705756,healthy
20807.99273427438,0.1922779648614068,-0.0763307724904892,9.91933196107103,healthy
20813.066082358444,0.1523915524104784,-0.400232105661711,9.80917114076463,healthy
20818.01611584653,-0.1915499430738144,0.0318394069275569,9.746830096099472,healthy
20822.96173821215,0.1741567883060932,0.2310754183835288,9.829074416461784,healthy
20827.99516588533,0.1880767205993149,0.1458045319334102,9.891773888529537,healthy
20832.99144152805,-0.2451018182338054,-0.5056599577760716,9.825890338237276,healthy
20837.95890598352,-0.1692008727676751,0.247386389121302,9.777772591679732,healthy
20842.943786504176,0.1105138264283945,0.3681626418840472,9.87874054980692,healthy
20847.91716222092,0.4134044970115819,-0.0779603514447611,9.89889801897978,healthy
20852.932085821896,-0.1891007658099217,-0.5214534552841141,9.697091830026356,healthy
20857.99487788028,-0.3611545004765831,0.2363026271108766,9.63425754237266,healthy
20863.006624581343,0.1947510743533502,0.2636693602206163,9.886730980954177,healthy
20867.986900196945,0.2517836192552732,-0.2692492885247136,9.759470041711214,healthy
20872.92019259524,-0.2338374367963812,-0.1711570334020612,9.98330905215191,healthy
20877.9291316874,-0.1326777670564618,0.2566119778755312,9.683106538557134,healthy
20882.870561079944,0.1400624562395715,0.1669099218445948,9.816132740777476,healthy
20887.90906559451,0.0760656420657847,-0.2599321388626285,9.957444541673109,healthy
20892.89883533724,-0.3486319012851624,-0.0466886620424015,9.731083063061078,healthy
20897.88449719744,-0.1868372949269248,0.1284258014172842,9.684169749595448,healthy
20902.85560774261,0.2451267966387125,0.1101002803177466,9.590949752667632,healthy
20907.833706383877,0.1125636754555231,-0.238870672913173,9.786311863848228,healthy
20912.824834283037,-0.1924231406103759,-0.2119758326362206,9.630761718316675,healthy
20917.842730654527,-0.0852234978597294,0.1887344404247804,9.772718636432938,healthy
20922.84906075774,0.6153781353806418,-0.0902964260871836,9.789284286905628,healthy
20927.876672406885,0.0933474248068089,-0.0893725235865693,9.873681804419824,healthy
20932.792846979388,-0.3799045387961597,-0.0750197393020233,9.76866969536465,healthy
20937.76853472033,-0.0429416031212251,0.3039294720668156,9.937746251944898,healthy
20942.702873441714,0.3073894969730876,-0.2106705416247311,9.864920945701042,healthy
20947.65336898714,-0.0297422904300772,-0.1784060916858468,9.980537657417486,healthy
20952.647485183905,-0.1760411348178113,-0.0740926269240907,9.612655475284711,healthy
20957.65627894292,0.0165971336438541,0.4107312307734315,9.74358596298416,healthy
20962.64817972245,0.3029623723418201,0.0067625376049182,9.87618082789333,healthy
20967.64421225923,0.0313827827634513,-0.1774877778299751,9.733319916014011,healthy
20972.626288014784,-0.0978513500882034,0.137689376873579,9.855454480728245,healthy
20977.700987584216,-0.0347927525525746,0.5087567994204472,9.835353881066371,healthy
20982.80316202874,0.0606617243053551,-0.0634311751466977,9.860345416249196,healthy
20987.73370500156,-0.0942144345986825,-0.1413100522783048,9.658735405942284,healthy
20992.703993110485,-0.1626667733336607,0.0799721901560424,9.7976870965277,healthy
20997.60389313544,0.2077246189888003,0.1681242931310885,9.925732885757215,healthy
21002.651025001232,0.1927733716550962,-0.1953346606384908,9.91350410744785,healthy
21007.689878114663,-0.2126468110506958,-0.1203468178552296,9.830277484891896,healthy
21012.7378974638,-0.1775681539723544,0.2335457846063006,9.82327219680463,healthy
21017.701093617023,0.1034357291081796,0.2350241650146893,9.874474878097658,healthy
21022.683827202087,0.1641344426383075,-0.1737107834612642,9.78520608236429,healthy
21027.697490328428,-0.214917722309492,0.2029770310438697,9.883752682586302,healthy
21032.661834858143,0.217375011723515,0.1615081327595008,9.945367450383468,healthy
21037.64866616481,0.0902310391833881,-0.0557283480056966,9.787485849246446,healthy
21042.62765161664,0.3567046911147724,-0.6345079631391544,9.898218422136406,healthy
21047.68437357265,-0.1545776099591314,-0.1934260072626049,9.850189036063275,healthy
21052.631582120837,-0.0984546384112556,0.1957455755776232,9.789488472066314,healthy
21057.61549979003,0.2606654447249071,-0.0936711832139057,9.870630017030114,healthy
21062.537113505867,0.1782138707027142,-0.2984326614137741,9.7569585929904,healthy
21067.57310612504,-0.1490334729767553,0.0240675691556555,9.644952247651563,healthy
21072.62358669126,-0.0369483244988231,0.0360288555697764,9.85469239080556,healthy
21077.61125577593,0.1570910297808024,-0.0669598122388118,9.808076556437568,healthy
21082.673336216423,-0.1804297949709792,-0.3107198818142955,9.83236141552642,healthy
21087.69793821914,-0.1999698097679411,0.0317391562534657,9.756521857029382,healthy
21092.69705336565,0.1257484440724952,0.2188282708056272,9.86581898817424,healthy
21097.65617011274,0.1548916634539562,0.0221518614402639,9.988759403450356,healthy
21102.7325370306,-0.2166381710937268,-0.2321690693671768,9.850259996046054,healthy
21107.821984630013,-0.2869787135463604,-0.0712743536246975,9.693537962141905,healthy
21112.87423942112,0.2519805204787038,0.0885039056084323,9.929045396412404,healthy
21117.818552684705,0.2658500012580114,-0.1028847074373701,9.834797636772366,healthy
21122.745584329325,-0.481884406673567,-0.0504549549265346,9.771342752950371,healthy
21127.69399426664,-0.3065809570038733,0.1537609135155163,9.744078364438408,healthy
21132.715761922856,0.1049760219770091,0.2917458696696465,9.938615160342414,healthy
21137.591161666005,0.0463681201253373,-0.126458262752372,9.942499920903147,healthy
21142.599780105025,-0.032921586936293,-0.0917889051700334,9.747559934350424,healthy
21147.548064967374,-0.0920767778778764,0.2450120029602288,9.758654520569548,healthy
21152.58813438591,0.0968057883740599,-0.1010682595298147,9.93763345446443,healthy
21157.630644258054,0.3349870251181701,-0.3138229828032826,9.8927176255702,healthy
21162.65514333076,-0.1441867741723335,-0.1201141058157803,9.612561145841635,healthy
21167.665042134,-0.0269137547099061,0.2967624296648768,9.723145188583468,healthy
21172.623048335616,0.2872967150406613,-0.0591905913857128,9.725917235425012,healthy
21177.66769863115,0.0744173799023038,-0.2486580666531729,9.750976924475458,healthy
21182.585891227933,-0.1350353585354541,-0.2541425049746695,9.757038034410778,healthy
21187.53766123647,-0.1427141907262985,0.1709853305382179,9.795156766994417,healthy
21192.67316745745,0.2229130667647574,-0.0587610442069247,9.855914752249408,healthy
21197.72952869374,-0.0057202880145418,-0.1416358223152826,9.84123586855108,healthy
21202.73804136722,-0.0863738212242286,0.1117486483580305,9.790614296361236,healthy
21207.768294431982,-0.0249625587262439,0.1402099427235866,9.832065071365513,healthy
21212.780034233037,0.3521356816951884,-0.1435741944713391,9.809133090063137,healthy
21217.740244778484,-0.1350115470185439,-0.1653066331486795,9.872925003185747,healthy
21222.77429918186,0.0903170111585902,0.0713817467474374,9.829924887541653,healthy
21227.728193827566,0.4078538218325876,0.2525646505274566,9.775641392666255,healthy
21232.795979890067,0.1798426143068487,-0.1217687303550559,9.896454369082145,healthy
21237.869901433536,-0.2906212294190325,-0.1472305900944535,9.784563280011586,healthy
21242.8556308061,-0.1931432545728395,0.1548429435834509,9.754591439604432,healthy
21247.9363068142,0.0608197347335897,0.0764239788965809,9.917189475176922,healthy
21252.973774643626,0.1202386952696492,-0.0786284000737452,9.956296652316746,healthy
21257.93989295747,-0.1745530116464271,0.0800932969456402,9.436654190142027,healthy
21263.02814011896,-0.1582780118666809,0.1219283232997447,9.761534568419483,healthy
21268.07195444772,0.2717210838025168,0.0773867023600187,9.748970018499802,healthy
21273.019045446505,-0.0233568136826553,-0.3382212202978041,9.758798514140429,healthy
21278.00610299473,-0.2119353328743689,-0.0374710181369478,9.85675075488175,healthy
21283.02221618384,-0.0973814580011934,0.1928106573804923,9.72296208549222,healthy
21288.125683832408,0.3054188736892932,0.2464714022069739,9.78160864356473,healthy
21293.08240324445,0.0586502953033172,-0.3462017076201275,9.826742249733323,healthy
21298.10680559943,-0.291131496107584,-0.0270049867320483,9.706522031731431,healthy
21303.134953251127,0.1347771223600642,0.1524236253324408,9.862853791345964,healthy
21308.100065445105,0.0318213362805177,-0.0733905380694465,9.868975965878349,healthy
21313.1959006357,0.0614692318574259,-0.1682519147488962,9.853441770387692,healthy
21318.199891723223,-0.3293917839788073,0.1101177262504433,9.772123418033074,healthy
21323.159771870574,0.0100289652268305,0.3842037467655094,9.773178382339363,healthy
21328.126240550475,-0.0331997729590426,-0.0647700918390062,9.872849835782924,healthy
21333.16946169658,-0.0669677375372491,-0.2163818629322309,9.835173577921516,healthy
21338.137776374577,-0.2047213244868415,0.3005617057914408,9.71997908535846,healthy
21343.08141331786,0.292044103589571,0.5641686456418694,9.68347479305313,healthy
21348.16250883336,0.1292654964778933,-0.076933226046127,9.8934955423391,healthy
21353.20447677332,0.0855294757602645,-0.2343785220819416,9.73781082620544,healthy
21358.180030932184,-0.1302127538940873,0.2835154480648366,9.832352077037696,healthy
21363.14603590208,0.1949098256934482,0.0707553612961455,9.828392989993606,healthy
21368.0885054923,0.2203595113606168,-0.1827435234159559,9.842968995470242,healthy
21373.06473824518,-0.0777681456926707,-0.0293757621652697,9.821519421290004,healthy
21378.05953311712,-0.1788551704304485,0.1378047409443361,9.676021503011892,healthy
21383.084475224387,0.2065020774848758,0.3130099869993188,9.819537252778437,healthy
21388.112972434432,0.2026390526830107,-0.243802114012981,9.775651801103322,healthy
21393.128805878936,0.0257360986704562,-0.2301392191685101,9.77342846337893,healthy
21398.17449387914,-0.20216483534674,0.3829346436884498,9.82791799923947,healthy
21403.161813182203,0.3184166889215077,0.1420822484281673,10.117202800866895,healthy
21408.07635833342,-0.188089366841196,-0.3788346481637668,9.740375805663763,healthy
21413.084274618035,-0.3498698578248675,0.001421293770242,9.680956226573803,healthy
21418.1509635176,-0.2680679124602645,0.2340999345944856,9.760686560767706,healthy
21423.06500941926,0.2349906164270498,0.0157650375079651,9.847291034327425,healthy
21428.05602409145,-0.0823952851502201,-0.1620591590512801,9.677799246861865,healthy
21433.113549597176,-0.1493683432148248,0.1988020946655507,9.67853854373054,healthy
21438.124819388795,-0.0437776188839181,0.411926895252241,9.872439938511196,healthy
21443.079800039628,0.2777559444408723,0.0276929258361352,9.97139741384578,healthy
21448.110477287824,-0.1225817299998544,-0.3072392166479926,9.80190750982289,healthy
21453.110414883136,-0.2887903604291442,-0.0192074750972136,9.79425722132586,healthy
21458.080764771938,0.083106334751691,0.171810464114712,9.78351814418358,healthy
21463.093401414928,0.0217848846596778,-0.0912724840185403,9.865187148585356,healthy
21468.167236197776,0.0703217212404481,-0.4630278897075969,9.857956449253916,healthy
21473.13642580452,-0.3789924187660043,0.122543827818338,9.7160010372456,healthy
21478.192126542617,-0.0678672466080375,0.0948054851664891,9.903341553537343,healthy
21483.175950125165,0.2360514199002831,-0.008295613389562,9.882672837257092,healthy
21488.233310145064,-0.1094435995716431,-0.2932751059445622,9.817001673516977,healthy
21493.23444327177,-0.4975393866657914,0.1163408106090626,9.771032755034597,healthy
21498.329781716177,0.2333610865705153,0.1988527127002984,9.828216994264595,healthy
21503.29862315743,0.113689911191404,-0.0407609298555155,9.858101468516685,healthy
21508.33247931489,-0.136752346847007,0.062644974679167,9.742572950611436,healthy
21513.26435123059,-0.0466276867731207,0.2624866703265207,9.871059642801788,healthy
21518.27735637043,0.3420832334091515,0.0674225282950006,9.951585352664727,healthy
21523.23627488361,-0.002231583323775,-0.1444557372173881,9.919123178109274,healthy
21528.18964194809,-0.3152002951663135,-0.2152794648663869,9.705835504056404,healthy
21533.19270760613,-0.0861745933289263,0.0670850995319475,9.653932739807352,healthy
21538.300906998407,0.098644491390749,0.0658811409531757,9.784410230021864,healthy
21543.29531222906,-0.0660088459374554,-0.3149569281833534,9.812128302842272,healthy
21548.270403786708,-0.3852347852260487,-0.1361445383671249,9.842061601929473,healthy
21553.234951279832,0.0684656911886199,0.2234986850310829,9.778995366073357,healthy
21558.282340717917,0.197828168183178,0.0586114083282125,9.936376870330047,healthy
21563.351560682146,-0.1501403478361539,-0.2549336731398464,9.657067923866505,healthy
21568.4126152396,-0.210061472285492,0.1458698788010147,9.745854370813538,healthy
21573.42258765688,-0.0019871767395284,0.1389190418745661,9.79756874242026,healthy
21578.407836967184,0.166881596137343,-0.0006736364903774,9.91699573438026,healthy
21583.307502128693,-0.1435571623842112,-0.1423271320667596,9.8194522131931,healthy
21588.38022012048,-0.0802758078051772,0.1194124058821734,9.783628142954472,healthy
21593.35668016382,0.0532303559245784,0.2284225174046395,9.90762341629374,healthy
21598.385376967577,0.1866561059514932,-0.0090828828057339,9.962899879861986,healthy
21603.31292826021,0.0032790467068292,-0.1926806725048954,9.682744643520731,healthy
21608.313846348618,-0.1374005428008423,0.1803330573593612,9.805198305390244,healthy
21613.180577083996,0.1024638249382639,0.1597255854960498,9.783457989407788,healthy
21618.086985201106,0.4493101839311937,-0.0828027123679234,9.975294283903288,healthy
21623.066593217125,-0.1013488728652622,-0.0437919894327413,9.744299477971651,healthy
21628.088815726394,-0.3160903190718701,0.2628644003162919,9.825763991410138,healthy
21633.08459868949,0.406822129447313,0.1488232391294179,9.93983977013547,healthy
21638.04844685415,0.3516752411566622,-0.0033855575027411,9.92167078195246,healthy
21643.026134686024,-0.0393767542995378,-0.1978259530915518,9.701546487459671,healthy
21648.12421321972,-0.1290392132862213,0.191252398819357,9.872585350675086,healthy
21653.117152104885,0.1902424860956301,0.2058785372712616,9.816341066043622,healthy
21658.16883838314,-0.0665739303314408,-0.3060279847861651,9.787948339349594,healthy
21663.100654256243,-0.2361202560922604,-0.1517354225136604,9.66127198555901,healthy
21668.045305210628,-0.207820792117873,0.4076412089375024,9.977803466790249,healthy
21673.064030104408,0.2760203336022528,-0.074340520732879,9.97102674767576,healthy
21678.060437596538,-0.2101497905771834,-0.2970228787511278,9.816006756044647,healthy
21683.045908623026,-0.2758830884809367,-0.0865408815089602,9.833234641404095,healthy
21688.06661309919,0.0366637479057355,0.2012203473774297,9.746605842750228,healthy
21693.048530290824,0.0870885623349189,-0.2055104478359899,9.864022872435234,healthy
21698.05748432473,-0.009734475706319,-0.4595907128984495,9.802656302631398,healthy
21703.01023062263,-0.2785633272207694,0.2147227244671465,9.753384742883124,healthy
21708.0481970391,-0.038591615506081,0.346973238695752,9.862859738173006,healthy
21713.06252411651,0.2142855925647677,-0.1451505946202036,9.951865072586772,healthy
21718.0826960516,-0.1886328372932419,-0.0383856429613087,9.79845610859777,healthy
21723.13397267749,-0.0519690630918831,0.2643613773408821,9.824105648537987,healthy
21728.19392385207,-0.157295652370672,0.1682231505462597,9.699338997225787,healthy
21733.284994539124,0.2728339801287577,-0.1792976682533578,9.968374481101993,healthy
21738.307335345184,-0.0052416113971532,-0.0467009088738397,9.746130234561456,healthy
21743.292795567715,-0.1162440553653162,0.2490995518393064,9.802045069869244,healthy
21748.323745032743,0.2847145340146565,0.3151920913932795,9.79562067990352,healthy
21753.24703223484,0.2623533049742796,-0.1982209373543483,9.806634830715875,healthy
21758.27412876347,-0.3032908150604054,-0.2418192033950607,9.815667648651736,healthy
21763.219800263603,-0.1057842705241534,0.1767487477359313,9.636673440562546,healthy
21768.162229978003,0.2432011192442486,0.2836010021365717,9.882527572074585,healthy
21773.16133587536,-0.0157128132217056,-0.1359967192516795,9.76555102636108,healthy
21778.163685717554,-0.3013990898093777,-0.1288209710251894,9.747951495992895,healthy
21783.126938655823,0.072615959502099,0.4303532706332809,9.86209335852459,healthy
21788.0909734522,0.1752040033495245,0.0932127435385452,9.755594192349854,healthy
21793.156620021346,-0.1049193724268922,-0.1247543345447847,9.866479703422296,healthy
21798.20559055569,-0.2199696689083246,0.1051349170968329,9.733424625935996,healthy
21803.149260946084,-0.1120139584836807,0.3427020290333689,9.704892681681327,healthy
21808.25992608382,0.2390884599866217,-0.0271293140720053,9.7414992132631,healthy
21813.265000931628,0.1535286918836802,-0.1220731654343095,9.833202781135643,healthy
21818.25695803598,-0.151941497607476,0.014872917613825,9.68931240021398,healthy
21823.196776141493,-0.146054814247983,0.516664711819945,9.880767443621972,healthy
21828.167870528563,0.3643949147040375,-0.2554605996514444,9.95695697962928,healthy
21833.18617494977,-0.1823761429093826,-0.2826033975450011,9.86106931747463,healthy
21838.18748217805,-0.192691770803674,0.1702181089790509,9.805517841956728,healthy
21843.293790510223,0.0001032621999586,0.1449421889154509,9.799069831454718,healthy
21848.34682735553,0.2259701734938899,-0.065688643521502,9.80302244703257,healthy
21853.34785310188,-0.4194587690349544,-0.1940605018700407,9.927695035259257,healthy
21858.415835280488,-0.2256417220785199,-0.0359510891658391,9.807261587339,healthy
21863.49945113201,0.1755748007156317,0.0624587012213949,9.798875810007964,healthy
21868.49683303086,0.3469471047269038,-0.2710075412395551,9.751337330657597,healthy
21873.51398508667,-0.2672378202435369,-0.1571167728729737,9.867543736808509,healthy
21878.45406453108,-0.0537130320639528,0.4104591487021642,9.74878400158419,healthy
21883.431007917097,0.2306100226074464,-0.0267127210032305,9.908858152770904,healthy
21888.382076300237,0.1555879545974788,-0.0710493070556757,9.89548417495419,healthy
21893.37720763312,-0.4345080050885215,-0.0721701823153793,9.793316972267954,healthy
21898.40939851949,-0.1755718129010745,0.0332480164490771,9.71476415210095,healthy
21903.37723088861,0.1210406918275479,0.1375884488999003,9.74489069886261,healthy
21908.38561864727,0.1346159029854163,-0.3516880495450237,9.890148611363706,healthy
21913.399180084063,-0.3780970403181406,-0.0050070223379131,9.7948839325081,healthy
21918.41355102579,-0.0069259694215103,0.2375767103219636,9.763666936455111,healthy
21923.378652619536,0.0825741919296672,-0.1762312371015273,9.723257896915037,healthy
21928.400357823528,-0.1363690094658814,-0.1240895374713371,9.844054075485596,healthy
21933.442187672998,-0.4552919000523768,0.0272560788594072,9.74817765681678,healthy
21938.47437133717,0.1124591537430621,0.4828372534659451,10.00061081102914,healthy
21943.483626419507,0.1284366558805623,-0.0305448838278789,9.871796742491656,healthy
21948.47598540967,-0.1618468011244531,-0.1776417188955228,9.66170602145609,healthy
21953.43195556912,-0.4062182682713418,0.2247669033884235,9.807180571027487,healthy
21958.425674905426,-0.0847103729981542,-0.0099809463916306,9.659522602267783,healthy
21963.461390897806,0.1831843073066716,-0.2520848455307987,9.911970860293591,healthy
21968.457912429916,-0.081649783435168,-0.3574962634388584,9.820737038453794,healthy
21973.4473459024,-0.1426551856940944,0.0874408296261343,9.787180729238688,healthy
21978.424805264,0.0929214721116639,0.1457043270889236,9.80374477718343,healthy
21983.44682615437,0.2857987898704897,-0.0399370967953129,9.770135321428748,healthy
21988.365375498804,-0.1666950022696253,-0.3684969098979154,9.715259985579577,healthy
21993.39036520468,-0.291259720936765,0.2041031636648563,9.867193605063402,healthy
21998.44358680861,0.1148696879587067,0.1168847159721317,9.776291943255153,healthy
22003.349854383338,0.0774394212510113,-0.2203265558412236,9.923129065344837,healthy
22008.33350597408,-0.314197836666997,-0.1342315475870896,9.89066755706333,healthy
22013.449501112987,0.0246789012606061,0.3108512491243267,9.825261222101288,healthy
22018.461966425963,0.1470306091581464,-0.0325310214441511,9.786038161709676,healthy
22023.49198760479,0.1387742213425525,-0.0633088653704634,9.823855161489789,healthy
22028.524776197974,-0.3096435738928381,-0.0282352971836249,9.816048852290242,healthy
22033.52370293682,-0.0497901694917165,0.2872738558775621,9.820314792948636,healthy
22038.586638011468,0.1249662736810234,0.0835930985310843,9.860001096209514,healthy
22043.588689564443,-0.0381655098747285,-0.3908777464249392,9.64372895115214,healthy
22048.65699446698,-0.3361832510931003,-0.0602204213128107,9.726183690582138,healthy
22053.61920297631,0.100883286675865,0.4089929665474328,9.737415365552415,healthy
22058.69435417402,0.6141941618216036,-0.0248604476705921,9.897633502081286,healthy
22063.74651992024,-0.0088644519257671,-0.2323809328450725,9.709148589685263,healthy
22068.80561506644,-0.1708631071033515,0.0079324661161528,9.794038112287234,healthy
22073.80729897621,0.0812809727543206,0.3702342548464974,9.944827676320276,healthy
22078.775118211317,0.1453940049043631,-0.2270953574961638,9.83259896075914,healthy
22083.76629039397,0.0469180067617703,-0.1411486983248259,9.638415630142909,healthy
22088.778816230013,-0.05390465210568,0.1061077456589912,9.785359878463083,healthy
22093.790119212877,0.2685001418270489,0.2835781133450549,9.88294942263344,healthy
22098.853822991743,0.1844759853625226,-0.2879604979029581,9.829985148906356,healthy
22103.776338954427,-0.0585503670925355,-0.2559519412295389,9.831653155993545,healthy
22108.756989829584,-0.2520822223525504,0.2887846609357674,9.735723629181091,healthy
22113.876256907508,0.1791196857543759,0.0495302854033208,9.840925967998224,healthy
22118.91421207012,0.0610042009415001,-0.1457901680449578,9.671128874233442,healthy
22123.934284294373,-0.2799905252887712,-0.0580503018014332,9.7776024113015,healthy
22128.93575384009,-0.1088418843091033,0.3199066603515395,9.739230530031833,healthy
22133.92168562109,0.2930485939685329,0.0990277349199173,9.870965013977232,healthy
22138.86528866731,0.6163919266959229,-0.2702110212175213,9.719914646307846,healthy
22143.807707134903,-0.4474352430154613,-0.1291024245960564,9.690051264503287,healthy
22148.80182179962,0.0598041605610055,0.1798380719878517,9.821612969748957,healthy
22153.792005839365,0.3629781636612314,0.1944423435374866,9.85293358508263,healthy
22158.68139944315,-0.0909239221906351,-0.1865668884811255,9.77787925920448,healthy
22163.69305434083,-0.3209890253030933,-0.0359736997536267,9.727375073304216,healthy
22168.67529595999,-0.0814248740791292,0.3710667109650782,9.61588697402014,healthy
22173.746829809515,0.276429934320134,-0.1210947189600223,9.866206501345443,healthy
22178.81864074312,-0.1883141102189613,-0.3505769271296732,9.802208271753406,healthy
22183.836039214115,-0.3102971885768897,-0.1003668987636232,9.749584835876233,healthy
22188.775292178387,0.0258967959145913,0.1974413761324719,9.868717856325826,healthy
22193.691654185564,0.2881315233396713,-0.1105398324536181,9.755047124304504,healthy
22198.709461815288,-0.1293682882311669,-0.2558101914352426,9.840521943573224,healthy
22203.62954257088,-0.1878099185725697,0.1485279669354453,9.720135260021673,healthy
22208.63511361844,-0.1867007502952265,0.1464212185760342,9.770650238858297,healthy
22213.716518808505,0.2441594588289776,-0.3156447575034016,9.862444854849745,healthy
22218.72837273789,-0.1853624956075511,-0.0784897420302469,9.84372469155235,healthy
22223.71003262842,-0.1910852158792878,0.3546528370528126,9.765134291826689,healthy
22228.61223916893,-0.1399958122018993,0.0614497606795595,10.006131050525296,healthy
22233.59597055728,-0.0582517196105751,-0.1028792963958714,9.935913892749376,healthy
22238.67790065231,-0.2869036495476235,-0.2050412971034113,9.756265639171176,healthy
22243.660976691757,0.0749098242976378,0.4109826783017508,9.920213819880358,healthy
22248.61823608217,0.3532447565470965,0.2114203294749063,9.86114277064487,healthy
22253.68825995868,0.2110287975710931,-0.1009655393935907,9.828049390617444,healthy
22258.70115957526,-0.4487988171649961,-0.064683185378719,9.734976605962023,healthy
22263.718989522586,-0.0565452683453997,0.317651669465011,9.886053466025423,healthy
22268.65559631,0.2919780966799384,0.1586640850798109,9.823713754609855,healthy
22273.63663408737,-0.0403396065565085,-0.1906826893246475,9.84593080883338,healthy
22278.72369803413,-0.3087352896742767,0.0624403337733581,9.810507753617618,healthy
22283.806960502658,-0.0133814847024095,0.0304730327419832,9.709692773049712,healthy
22288.78592988217,0.2704813496989731,-0.0566584769960392,9.86548605756804,healthy
22293.80165656979,0.0270237364997559,-0.1958973031256804,9.955219433639808,healthy
22298.785125104525,-0.2940948249138731,-0.0833327166623995,9.7923258124276,healthy
22303.78042288146,0.0342441670737584,0.2554609292813837,9.818735189964691,healthy
22308.86859496177,0.4405989328442963,-0.397380514364985,9.870537488259686,healthy
22313.77361239584,-0.1154610810209253,-0.0537187058620381,9.709370983857708,healthy
22318.75015591661,-0.1985214131545433,0.221328647662215,9.84222386677084,healthy
22323.78364434525,0.1933439340369823,0.2564145190217132,9.794062752793026,healthy
22328.79256525363,0.2016965506461643,-0.0571179276934802,9.886336629242994,healthy
22333.81535548449,-0.1716440153970636,-0.320589472930799,9.663086761069769,healthy
22338.742517714072,-0.2455007200503975,0.2606327669269968,9.787995461433484,healthy
22343.767380253877,0.1679657458445241,0.3065053176192963,9.825598209293242,healthy
22348.748778495275,0.1301036818871605,-0.2617671407824404,9.717781508623643,healthy
22353.739843567724,-0.2075597179570533,-0.3539463719092371,9.635148894616908,healthy
22358.772167851574,-0.0852717541831415,0.0798758154926704,9.664393999873454,healthy
22363.79094920816,0.1421063897883954,0.1377573986340985,9.902390670355672,healthy
22368.774536696223,-0.0127375710375894,-0.3505314588125741,9.766371557044122,healthy
22373.729128070583,0.0239535982378128,-0.1585796167123121,9.810859040010929,healthy
22378.668096698948,-0.0882031893250633,0.0813131919927031,9.782307185328284,healthy
22383.598040707813,0.0554144325293713,0.1198081224545892,9.970971015600936,healthy
22388.599906475905,0.167999236893739,-0.1322616696278796,9.952860185713812,healthy
22393.563676237827,-0.3120590564990311,-0.0812572974045938,9.795407704815858,healthy
22398.51631876535,-0.0808519591804804,0.2411225590499573,9.853265342625484,healthy
22403.530038139383,0.0918304833151559,-0.0311421223164263,9.825941502992483,healthy
22408.600769814875,0.1176146556149178,-0.1435900838387067,9.759859461012772,healthy
22413.548863164848,-0.2132408936376931,-0.0702856203596573,9.80783526872193,healthy
22418.547671356897,-0.1197081864374169,0.1998313522760872,9.807495987530832,healthy
22423.611970722173,0.1868132459592734,-0.0847884125268862,9.94345481109512,healthy
22428.667438158875,0.0589232650570332,-0.2292288036626211,9.690057973640023,healthy
22433.763119466345,-0.4134076884544317,0.01459372053275,9.797931469517064,healthy
22438.790293242026,0.1471346558888234,0.1156696563919861,9.817952749062457,healthy
22443.83891819664,0.1157653420588952,-0.1042267280121102,9.875473650921167,healthy
22448.78362811761,-0.0289470624895659,-0.218588608177546,9.73785631936019,healthy
22453.764811499048,-0.2272855159635479,-0.0659068280470995,9.701971214216584,healthy
22458.779049047796,0.2680875931999739,0.087234615078047,9.854522190101342,healthy
22463.776669891176,-0.0382140093192649,-0.2312867786716532,9.701925485444129,healthy
22468.790555604523,-0.1075154876209685,-0.2302784100000785,9.72229981329298,healthy
22473.69488362541,-0.0518199694156219,0.397521460308412,9.676855013026175,healthy
22478.677505140902,0.1432726553454064,0.1340547785058215,9.99557802998604,healthy
22483.71835619886,0.2927336245882756,-0.1618037706596653,9.82697497670551,healthy
22488.69194854914,-0.1508246662815491,-0.3351910495831669,9.78685601922404,healthy
22493.662240900056,-0.1460339133218222,0.1317133810711295,9.91261208204038,healthy
22498.687738671422,0.2703164291227566,-0.1816706684757927,9.868423910649708,healthy
22503.775826547422,0.2088448046999102,-0.3814113079459111,9.85656695894344,healthy
22508.84502574062,-0.1516520528820928,-0.0376927006380924,9.664617064253564,healthy
22513.89911264908,0.0378683584735404,0.4202849001674873,9.86302327840519,healthy
22518.94893589396,0.1580318704031648,0.3373879899397355,9.832886923316009,healthy
22523.94678596513,-0.0132104234208178,-0.451233232126618,9.945409592244552,healthy
22528.874006714224,-0.0869305585357912,-0.0208140404008997,9.770570784324969,healthy
22533.815771498485,-0.0072048426535412,0.2321575133722378,9.88384806802316,healthy
22538.77197828879,0.114484151688899,0.0484547564953931,9.729281128032454,healthy
22543.75238169389,-0.114987485362056,-0.2209874277342221,9.835477238619754,healthy
22548.76373967305,-0.3480399384339215,-0.079740050906684,9.807734814943116,healthy
22553.755198711344,-0.1096664682297444,0.1751679050677019,9.8829963040902,healthy
22558.76181920273,0.2489674289881459,-0.2599218778461201,9.91783955510591,healthy
22563.767096871637,-0.2544811839699616,-0.2548582834608486,9.790358361191448,healthy
22568.955465921917,-0.1891855729879529,-0.0602967132374348,9.722687809998764,healthy
22573.96284157445,-0.1267294610509777,-0.123404941300038,9.89759687127952,healthy
22578.97333100595,0.1556155147896142,0.0020201322367694,9.91960793255122,healthy
22584.035776798588,-0.2294666081736685,-0.3048202052516906,9.777274200503618,healthy
22588.982447770904,-0.2794416662178232,-0.0167151838084909,9.763353758524875,healthy
22593.94737283685,-0.0270232124526404,-0.07412225060874,9.84523768620834,healthy
22598.89274413918,0.1039228262189964,-0.0728889581190178,9.8073422529742,healthy
22603.856530937555,0.0760538386267717,-0.1930919032744156,9.700491862245766,healthy
22608.83223452158,-0.2864799576863354,0.2607511776028193,9.827427960193091,healthy
22613.80043646303,0.1914225477177019,0.0415602295174719,9.88110390450758,healthy
22618.939722471998,0.2774662806093393,-0.1202304771211843,9.822037812603028,healthy
22623.81470621273,-0.2486974823011171,-0.057604867614638,9.700274279714368,healthy
22628.79716876133,0.0370950201227454,0.2929202277704246,9.73118725006462,healthy
22633.867924708626,0.1987789962546035,0.2572343144481795,9.84494279018196,healthy
22638.805492388157,0.0040233247437386,-0.2104292135866232,9.798117766302582,healthy
22643.8901336932,-0.2702003912697072,-0.0371446430235124,9.764866178862132,healthy
22648.847754146576,0.2553504148593944,0.1910892915443509,9.866277243762616,healthy
22653.90720637543,0.2996459434744176,0.1681151753023714,9.911233513340711,healthy
22658.98895426815,0.2522717043260056,-0.1827812248437689,9.75678391498352,healthy
22664.072146046678,-0.3381857252219932,0.0263303381562959,9.691376100355964,healthy
22669.034961089783,-0.1244631735860694,0.2859388332815796,9.945267523680132,healthy
22673.9956230483,0.1276343116641795,0.0498617838574818,9.869402661765038,healthy
22679.05975177481,-0.0654165155858258,-0.125523789999912,9.703434531670482,healthy
22684.10392688336,-0.0813993388730479,0.3128189376871435,9.58196222961463,healthy
22689.13298619781,0.1927406784791372,0.3675355730237634,9.921656037915133,healthy
22694.0991943504,0.2314156788784753,0.0010707468961505,9.850109741676375,healthy
22699.18368870912,-0.2727750739232887,-0.2438727902853187,9.875879690324544,healthy
22704.19307162024,-0.1950973960858305,0.1112194703205895,9.826864991038894,healthy
22709.208291936982,0.1009233118520215,0.1878750328045526,9.8055158548513,healthy
22714.25888668275,0.237637361331805,-0.0442261155516197,9.924710124761804,healthy
22719.264298475704,-0.1667338636906448,-0.1388323729406701,9.80616854853974,healthy
22724.253760329568,-0.1524156126398562,0.3131762143214374,9.702423931159958,healthy
22729.30789595581,0.3338028350224979,0.016429361707815,9.734255878138567,healthy
22734.344065140096,0.1710199092928364,-0.1175761335499964,9.904850584074406,healthy
22739.40060201987,-0.1513748447511447,-0.2220294270189661,9.832233454907804,healthy
22744.462003354733,-0.170764667923687,0.0947121623806932,9.92211471784868,healthy
22749.453489683063,0.2955156612310285,0.1799415174893497,9.84714684631375,healthy
22754.43649404977,0.0084490681418563,-0.0673428965757263,9.833622622333706,healthy
22759.432611152653,-0.1527231346283665,-0.0453644405957233,9.859713528026791,healthy
22764.45147236936,-0.1271213081852599,0.1979227543907763,9.801961162184083,healthy
22769.39672547958,0.1487490659857665,-0.055842688271996,9.74910457435875,healthy
22774.439691077543,-0.075157357371624,-0.1773902088009141,9.72139909465598,healthy
22779.37045413241,-0.4184077938431511,-0.0328759563241912,9.693884301310474,healthy
22784.34632752359,-0.0994619228921165,0.4621457993573329,9.801013335814748,healthy
22789.397612505352,0.4429464427869436,-0.0966401151329434,9.792544509256569,healthy
22794.35200023338,-0.1548732100446644,-0.2330858698192014,9.745132228199676,healthy
22799.301730955893,-0.1117561438610576,0.0244605371985471,9.80385543158944,healthy
22804.278036893906,0.1558345762916222,-0.0167520671399453,9.81945649170963,healthy
22809.25948861005,0.1942212751725005,-0.2498453530243576,9.863382916289554,healthy
22814.30138751768,-0.165046769451464,-0.2939126810534449,9.827188061154658,healthy
22819.27834203284,-0.5442235702496836,0.0724894176111713,9.806887560364483,healthy
22824.22679434158,0.1964280731243687,0.1108748358903669,9.912601549700993,healthy
22829.208399946983,0.0678156605022498,-0.1514578262249696,9.865033946485532,healthy
22834.188625273426,-0.0621315236084421,-0.0436733760324999,9.801432389633552,healthy
22839.176139015806,0.0352788526297505,0.2366341692413782,9.698157676688894,healthy
22844.202916945247,0.2481261374457846,0.3029495522365925,9.683674381383565,healthy
22849.23691778889,0.3095480519365036,-0.0327414049383622,9.843434792706216,healthy
22854.26908882117,-0.2044619505005457,-0.1660313897967757,9.94694045969065,healthy
22859.364121372604,0.0028419713724023,0.2766293339304854,9.805025328814688,healthy
22864.45233249841,0.3568162336525297,0.0438938948993984,9.80268108017025,healthy
22869.435157705346,0.09936253975722,-0.186218634529982,9.847977681133663,healthy
22874.41423381522,-0.1218093518363784,-0.1397753546840703,9.665145685807287,healthy
22879.40992403842,-0.0623932803201566,0.2640466818112518,9.683161551752583,healthy
22884.41645894618,0.1236915788655503,-0.0101291148439751,9.730928188209782,healthy
22889.364638729425,0.0902305337264321,-0.2629410923171043,9.753832010486423,healthy
22894.45477059336,-0.305426068072361,-0.0413717910231605,9.899997486955254,healthy
22899.413761764208,-0.0006816231759237,0.3751705772562189,10.00597916928058,healthy
22904.433252745803,0.2629009343642397,-0.0025946623923288,9.842131463986926,healthy
22909.419168641063,-0.0214814021755417,-0.34546432341526,9.80649065486048,healthy
22914.38854948162,-0.2570523466439491,-0.1044059801534132,9.94552933489022,healthy
22919.4002865422,0.0512592246658017,0.4081234331208644,9.961097972992134,healthy
22924.4583533022,0.2878770936296727,-0.1919362721698305,9.944618112965763,healthy
22929.41395805496,-0.319949901221827,-0.3267757055288486,9.831257697160668,healthy
22934.44799543013,-0.3386659777811114,0.0221374170118941,9.850659961783222,healthy
22939.414139060897,0.0966711086042684,0.1714845660834122,9.886539875080668,healthy
22944.474222260906,0.1046619731216674,-0.2706716502572004,9.941768942652793,healthy
22949.501151547916,-0.31452248554241,-0.2572730595648784,9.838085429718088,healthy
22954.461563307097,-0.3504555964692279,0.3113580509955675,9.825148097776868,healthy
22959.440337057385,0.3302763963432142,0.344161098350133,9.80935878004611,healthy
22964.437684356413,0.4301128667393269,-0.1530853614733765,9.857348128112864,healthy
22969.48770885112,-0.2710476490757637,-0.25078023597224,9.796643866838586,healthy
22974.482278721756,-0.2607760102368439,0.1247719050818117,9.909573044886375,healthy
22979.47348692888,0.4837727241002445,0.0606257013694743,9.989774925906543,healthy
22984.470234397388,0.1194008452714767,-0.1918733653101592,9.823397386817843,healthy
22989.472081188203,-0.3013950449243433,0.0061214931117384,9.708367796343609,healthy
22994.4518327008,-0.2506176665336716,0.156484383627291,9.863588035729531,healthy
22999.45969952535,0.0952507330889859,0.1864852766007942,9.929481342175944,healthy
23004.37192226737,-0.0154320759206295,-0.0929763981124679,9.862732109632054,healthy
23009.36702080473,-0.1868202468542895,0.264731697608928,9.71291149650346,healthy
23014.29361591436,-0.1960430955145874,0.1093741496292943,9.95297583218233,healthy
23019.257659670835,0.3273617941671866,-0.004594756431733,9.798625535687211,healthy
23024.27620870796,0.0804387572470172,-0.2687079610162365,9.876272869515374,healthy
23029.301158653147,-0.3255880414830862,-0.0335549503971807,9.804995343487436,healthy
23034.24464102485,-0.1299253649506933,0.2235558302390675,9.714542312229783,healthy
23039.24286715108,0.2886778596270931,-0.0239589649747275,9.834883895859589,healthy
23044.227448908943,-0.0420481843103064,-0.0776059233284172,9.87269339405934,healthy
23049.1888185197,-0.3258781844664299,0.2908947303963038,9.776158535863402,healthy
23054.21622409358,-0.0928310505917444,0.3785783809987173,9.834256994868346,healthy
23059.219882533453,0.1948456078971721,0.1349452069585268,9.984059875574632,healthy
23064.25900714629,-0.1073227593173136,-0.3922036054373735,9.79161099770231,healthy
23069.28341618676,-0.0844519614148472,0.2317157318213898,9.781084702664836,healthy
23074.230730610157,0.3281078383118169,0.2289272946661352,9.908635211606676,healthy
23079.21621668412,0.3938438413407442,0.1073305018216262,9.734046855553771,healthy
23084.256123536376,-0.2830813645869407,-0.072865888921097,9.792525518476344,healthy
23089.259221660013,0.0174459966250852,0.2703664985960843,9.538195686676469,healthy
23094.178118914733,0.0731676038636803,-0.0744239975235636,9.860564343413216,healthy
23099.134359681106,0.2315778320405456,-0.0822615210051878,9.946749728999226,healthy
23104.11222133969,-0.1158511107006353,-0.2526479146755888,9.8067576451661,healthy
23109.138854048026,-0.1664616223816606,0.2666653442989886,9.797032686126656,healthy
23114.16940236352,0.1802530262907852,0.2856336133039766,9.846241315961658,healthy
23119.163515517863,0.1199662449367099,-0.3511593919046499,9.761303101982133,healthy
23124.14371505239,-0.124236804882467,-0.2963100608633246,9.69822028277936,healthy
23129.209693425008,-0.0782838156946565,0.2078366617307578,9.834325001654502,healthy
23134.133210052376,0.1166316263062052,0.0294862039567594,9.806555798098383,healthy
23139.077992179708,-0.0613551160603309,-0.3490149499784915,9.794019246091176,healthy
23144.04265182387,-0.3032472447346403,0.0477045431334509,9.745306179164729,healthy
23149.090966900178,-0.0944495676453779,0.2012319269597988,9.797050078585997,healthy
23154.09802921105,0.2302379132291521,-0.2140097042793941,9.88607283197006,healthy
23159.091897886887,0.0288435362564276,-0.358501592497424,9.79105119988411,healthy
23164.10088909445,-0.2431482957710458,0.1666326064704056,9.771393602076028,healthy
23169.07697010678,0.2539737305547411,0.2071283604662092,9.703725770281308,healthy
23174.10023863336,0.1372876905430878,-0.1197576101186359,9.873708858387843,healthy
23179.051154211327,-0.1388678258330551,-0.5313845235677095,9.68755971914005,healthy
23184.057749836746,-0.2672389966393762,-0.0245147879237833,9.84803440163219,healthy
23189.040413829312,0.0750497317839754,-0.0080662302961394,9.905850644292732,healthy
23194.08401563145,0.294101954519425,-0.2989074427973962,9.855100660506412,healthy
23199.11504469801,-0.2000051071354212,-0.0865819844347688,9.788305340758471,healthy
23204.1110554464,0.1010805790329965,-0.0230624329042812,9.88659743647243,healthy
23209.08017766062,0.186571934649363,0.1431662265170203,9.834301744130489,healthy
23214.01687971921,0.1815984438385263,0.0068856065924849,9.872005215593584,healthy
23219.072359621987,-0.0715658806421395,-0.1426507056377957,9.76506959071113,healthy
23224.133762186488,-0.3299003566018395,0.2537566229831327,9.801508147522645,healthy
23229.16291347143,0.1999644030017931,0.1784935802451558,9.893410101448175,healthy
23234.18656637257,0.1334683603839117,0.0091416455752003,9.95669816825236,healthy
23239.19620813974,-0.1677413645475741,-0.1776052704778128,9.661398472305963,healthy
23244.185282106344,0.1958365690275867,0.2503735609119993,9.78562887094979,healthy
23249.14062220867,0.1858536896184199,0.1678443415318741,9.881266156016368,healthy
23254.12235070928,0.2601559818659105,-0.3997344710701259,9.924465733785894,healthy
23259.1106219185,-0.211608538274611,0.1053048980945607,9.727443326236356,healthy
23264.162598901697,0.3936214798085926,0.1575552597343612,9.800415008349251,healthy
23269.16860539609,0.2283649018165887,0.0597104476335043,9.836136414478728,healthy
23274.20373108898,-0.095536069367594,-0.0917384932571097,9.847411540035488,healthy
23279.220107415906,0.0891444419015498,-0.1489035906678146,9.766338141664065,healthy
23284.25637760226,0.2566657923696993,0.0938904760568154,9.663382760331215,healthy
23289.288167084786,0.1824740297456486,0.0150342974094916,9.754397386383404,healthy
23294.29455447004,-0.0349217992219666,-0.1895189643404541,9.79048019018458,healthy
23299.232479898103,-0.1908806603556174,-0.0791450298416462,9.769897463765266,healthy
23304.18299110457,-0.0851014593831966,0.3464183780518924,9.769414092951346,healthy
23309.26298316883,0.2656987283475504,-0.035982062969109,9.866722019138887,healthy
23314.223505411894,0.0141963480467595,-0.1947304883104441,9.560291295211002,healthy
23319.184876250107,-0.4386740542536365,0.2242294616529814,9.68696212467458,healthy
23324.146079851616,0.0734942842665958,0.0707875784442425,9.840535278514611,healthy
23329.103670493063,0.0486849918285838,-0.1327992628797373,9.947406388043529,healthy
23334.10706961029,-0.176534781407616,-0.2135274241838771,9.912470677713946,healthy
23339.142753044933,-0.0243842086036015,0.4120555728924415,9.667835406583452,healthy
23344.122263680587,0.1450412384727332,0.1858357178558544,9.805065205614309,healthy
23349.08639399259,0.12330281830356,-0.1310814480337039,9.83670967812861,healthy
23354.056794520253,-0.2690946019848475,-0.0259858871896259,9.750358535498464,healthy
23359.01922781464,-0.1563415231759069,0.1247970887811136,9.824460189241687,healthy
23364.05174378894,0.2050349802269985,-0.1004886702989712,9.94025980319577,healthy
23369.0255138942,0.1620203832211855,-0.3050576652301488,9.806159045313311,healthy
23373.9322046003,-0.2857331329450426,0.0517948787667293,9.958861972794484,healthy
23378.951897432333,-0.1070054997532823,0.3203375073449107,9.6627831835162,healthy
23383.938085494752,0.1042288776121282,0.0485911140868096,9.81910169600932,healthy
23388.833835816917,0.252576613868027,-0.3508770866709594,9.752129106135026,healthy
23393.880562112667,-0.1610022626847888,-0.0926419064981161,9.833574435253963,healthy
23398.8757888132,-0.098802964481133,0.3439267346266755,9.75220864213758,healthy
23403.8854995819,-0.0893911850431366,0.0523871207650118,9.80108061423276,healthy
23408.889463519783,-0.1574541496077097,-0.0768079363251163,9.714746594643673,healthy
23413.948613789194,-0.1558572632785356,-0.0021101659408648,9.677516629702533,healthy
23419.007513542794,0.0710872635248794,0.2063643844773381,9.81248294416531,healthy
23424.004088251502,0.380449534928807,0.0247883539243254,9.854854778844247,healthy
23429.021863993952,0.0388443864007562,-0.1839094407493601,9.856133221709136,healthy
23433.928075931923,-0.5254228644742935,0.1496122284303302,9.675027237634156,healthy
23438.895720386023,0.1448829203932145,0.3456148607211419,9.822454786363378,healthy
23443.901327678515,0.3232893337464478,-0.1049404687100912,9.773199691104567,healthy
23448.85112611411,-0.1814515484662167,-0.4301445015194005,9.808009644262285,healthy
23453.93158548285,-0.3067301606659122,-0.109893892788319,9.577857497007022,healthy
23458.923449140537,0.016663216180808,0.1581605967322845,9.902278350974798,healthy
23463.87552032368,0.1989469248527621,-0.1970281783679486,9.891206033328467,healthy
23468.809744731563,-0.0581922782295248,0.09887450325554,9.641199723387118,healthy
23473.72628002211,-0.1010681146742167,0.1296222151165555,9.919669375769663,healthy
23478.698843165846,0.157419100627467,0.2567095778773682,9.884129271824554,healthy
23483.696578469982,-0.0490230202690939,-0.2225252939953574,9.72923443155102,healthy
23488.74078049821,-0.117006197880518,-0.2758803494859757,9.892616979997966,healthy
23493.69480294683,-0.2114765547330338,0.3614233781290266,9.70064623922127,healthy
23498.721259788475,0.0508507984256843,0.2637773007782968,9.95186741335793,healthy
23503.659470474857,0.1888406909943029,-0.1273765975599196,9.92081890841362,healthy
23508.636445490643,-0.2599308041328176,-0.1937732097362091,9.732432449672412,healthy
23513.62304523989,0.2182354343280322,-0.0691925841178347,9.69894283241842,healthy
23518.566131763146,0.230409248815677,0.0788223098744458,9.9925450462687,healthy
23523.540966043554,0.1266664512336071,-0.2395315870647558,9.66937561947864,healthy
23528.55470284287,0.0236423001892858,-0.0806993174744054,10.00439146358762,healthy
23533.61237651877,-0.1064522607997932,0.1472522276578057,9.804787394203736,healthy
23538.617564467877,0.4478071872372843,-0.16766743728383,9.82046788474829,healthy
23543.68003647614,0.08827079108054,-0.0484179326158813,9.807559564017218,healthy
23548.750462225515,-0.2654751545793354,0.1425928187153325,9.74761816662039,healthy
23553.80517853908,-0.0938896308482756,0.098781948326545,9.794387140079213,healthy
23558.76148936241,0.2966568742591809,-0.0904414015690276,9.788596849787927,healthy
23563.701066785336,-0.0492239887964161,-0.285421968392411,9.812342972859364,healthy
23568.65478251796,-0.3238892741384448,0.0355073682598246,9.69524299413323,healthy
23573.66206989609,0.1395773151648607,0.2048241400100101,9.903956006492972,healthy
23578.635780452907,0.1618588989428099,0.0409690212817775,9.83178880773104,healthy
23583.69967811785,0.1134292497375532,-0.3630467333088575,9.886986384700643,healthy
23588.733400078178,-0.3145156559251439,0.3008903403190291,9.79647316018052,healthy
23593.712809831533,0.2118932540726009,0.2675621074346146,9.754183898427248,healthy
23598.72295752521,0.0898726302357151,-0.1301609130307327,9.801395208822722,healthy
23603.682094554864,-0.2964679135010481,-0.1445441286220327,9.824794996441554,healthy
23608.65329730266,-0.2722997023448181,0.2795377773420925,9.840063866240335,healthy
23613.647264796546,0.2047200385520338,0.0631126602206917,9.636936451182134,healthy
23618.626777016914,0.2996774636063127,-0.0117201493898426,9.968191800303554,healthy
23623.60414093674,-0.1456355774361835,-0.2261484052181226,9.676496019173834,healthy
23628.62211990285,-0.1016399416104482,0.1535814765029065,9.601399148899269,healthy
23633.67751447209,0.1991286361823121,0.1009194219712608,9.837358181453553,healthy
23638.673824408983,0.1224421451342168,-0.0962610033596439,9.848421979797475,healthy
23643.64477769549,-0.4155176036036389,-0.0543601361350681,9.801841342143828,healthy
23648.62014284389,-0.0089448465070523,0.3348615861021418,9.718829503662535,healthy
23653.430983841423,0.2214292624206619,0.0682158116440692,9.974918182021344,healthy
23658.443300062387,-0.3528313579172982,-0.2284057873494005,9.805828862897672,healthy
23663.37686025918,-0.1673203747117813,0.1774060106144128,9.672266638903675,healthy
23668.316127790717,0.1548914308987046,0.2639037294330439,9.697990688474816,healthy
23673.33806528658,0.3295066287613704,-0.0205036704516838,9.92999999622373,healthy
23678.288116326534,0.0168756859362559,-0.1386294808044555,9.73914856544931,healthy
23683.30935642097,-0.4226383079090094,0.0897173964281067,9.915803821411384,healthy
23688.34668812389,-0.0638157386388491,0.1153767473916739,9.80992774571306,healthy
23693.380109886977,0.0970606118596785,0.0949094622101261,9.88068577947767,healthy
23698.31164443216,-0.2002554928735533,0.0019372447309626,9.77109860984725,healthy
23703.28765366304,-0.1000208332378897,0.0399023865656288,9.80958573434832,healthy
23708.36899290316,0.1229844311656314,0.3415625384690683,9.82434392843613,healthy
23713.350778357424,0.4116656518293905,-0.1756080548538919,9.744517444028356,healthy
23718.291481747707,0.0113226182613492,-0.4579289440559728,9.821747188292536,healthy
23723.30564789215,-0.3246932954182029,0.2546961621688373,9.835034381603478,healthy
23728.243999408336,0.1317928995508913,0.309234867556909,9.777904892821793,healthy
23733.31654511656,0.4417239690258695,-0.4613062536998044,9.806409583984374,healthy
23738.41862585165,-0.2018109673939672,-0.1948657739863946,9.759833717198047,healthy
23743.4319250068,-0.1223026197472678,0.4069742744719755,9.642742237998991,healthy
23748.328067446637,0.095531319992869,-0.0459672691103045,9.80806179924355,healthy
23753.314448112546,0.1922435462436137,-0.0350249220030395,9.815451030749694,healthy
23758.351134941597,-0.2272161736454754,-0.1324702555877707,9.857111813455733,healthy
23763.41717648761,-0.0567648018399011,0.370158928148319,9.782281858742564,healthy
23768.446283789155,0.1907749315673647,0.1104233393922509,9.872727819837452,healthy
23773.45190194658,0.178497180849579,-0.2963732422129637,9.851083219116616,healthy
23778.42217714552,-0.2747035544278507,0.0033233986195354,9.673265681667065,healthy
23783.4000711397,-0.0687134418297105,0.2291732071937776,9.927477151152663,healthy
23788.33381217509,0.3601629787037088,0.0731618956508848,9.81373616507205,healthy
23793.29268542181,-0.0985626197015691,-0.1602667515733732,9.911094663036495,healthy
23798.34618058758,-0.2413114627714245,-0.12070872390698,9.740103547836757,healthy
23803.42626459187,-0.0769316729274149,0.2181335794008845,9.891714371846614,healthy
23808.451041051427,0.2465253318377766,-0.1833468360431558,9.905814629744118,healthy
23813.46549256497,-0.1122698411425195,-0.350287973329779,9.819149353641263,healthy
23818.47516833719,-0.2033587113012051,0.1852442626175839,9.746054510969971,healthy
23823.42586984684,0.1872267962948428,0.3444156067796366,9.86397600957844,healthy
23828.449558325334,0.2639653517128569,-0.307400849581355,9.850060707892792,healthy
23833.46031783433,-0.0107743998168226,-0.2265842201902999,9.656181241050284,healthy
23838.396643063963,-0.1796511348323508,0.2733978846443478,9.73571358036452,healthy
23843.37925454088,0.115614712949436,0.2288216866959299,9.978447575855734,healthy
23848.344529258116,0.2685140402866486,-0.1503211836524919,9.984867513086751,healthy
23853.44149117895,-0.2401240076706059,-0.058616274704369,9.844434582315202,healthy
23858.51368439646,-0.0370809081091562,0.0516822123969627,9.939904386764535,healthy
23863.486503975677,-0.0194150712537144,0.2677059264086528,9.776079638108266,healthy
23868.458598167283,0.0587476869770317,-0.1946921169508705,9.914964282075632,healthy
23873.539417236385,-0.3583325849127097,-0.1838433525283274,9.768708057176395,healthy
23878.490156296702,-0.0916197469720247,0.1692260732675027,9.759093417706554,healthy
23883.53879747929,0.3161290969140237,-0.0136411990734365,9.881165230959397,healthy
23888.513700468207,0.2613210467195908,-0.2298184963269906,9.91670074477131,healthy
23893.509868779507,-0.2956142447333713,-0.0308167798488274,9.72547737256096,healthy
23898.534744679557,-0.0734683125230325,0.1326469912074459,9.749338470914903,healthy
23903.58633417827,0.113044413051729,0.3192387554360978,9.898714818803942,healthy
23908.645309049774,-0.0962306327911531,-0.3101589259382973,9.842237468115885,healthy
23913.67909498064,-0.3206450432384617,-0.1434854347413297,9.665910491788798,healthy
23918.603294713223,-0.0802292972183027,0.2775429466118027,9.828825913779609,healthy
23923.517996073013,0.1327615443983938,-0.1314686746359076,9.740309245586268,healthy
23928.425028208785,-0.2027841579199451,-0.27071043243821,9.840833733395034,healthy
23933.398833995776,-0.3143641201973265,-0.1604364657736595,9.802597110525998,healthy
23938.35292010665,0.1225765539256003,0.3894748522571772,9.961825023883842,healthy
23943.384446627835,0.2589811846490816,-0.0043029852807421,9.865900899804656,healthy
23948.347159721023,-0.1088542739715724,-0.329399571286554,9.828336471908669,healthy
23953.26595522601,-0.2704399077801268,0.028535620777816,9.642406290434824,healthy
23958.34122662501,-0.0567843837058601,0.2432387547063551,9.81845462426035,healthy
23963.416214079247,0.2659270626445845,0.0381102157624426,9.879394305502991,healthy
23968.396191513995,-0.2624676660533959,-0.4219014253124949,9.656126755496173,healthy
23973.4275587346,-0.2032533999915612,0.3860679408387912,9.97697508927633,healthy
23978.4618524058,0.1331221677254411,0.3342963424870513,10.012786676358951,healthy
23983.47018965853,0.0684575280978402,-0.1944745020264842,9.917441785845895,healthy
23988.478101451117,-0.1308887351372726,-0.1208071540080328,9.833597551789858,healthy
23993.459552050008,-0.1777403239029085,0.1460467475743343,9.67925208248132,healthy
23998.435456216783,0.2780570159902144,0.2450347349669578,9.904731438466762,healthy
24003.44509630581,0.3108316458909604,-0.4012176925371787,9.959427356371094,healthy
24008.482257213494,-0.3394962025753202,-0.161532783249291,9.926284646454455,healthy
24013.488651793177,-0.1544949978046424,0.3408423392176997,9.702648102154557,healthy
24018.420147278324,0.0280998909136878,0.1825288816290386,9.954510843680564,healthy
24023.427538201984,-0.013329461149008,-0.3092103679921739,9.927107742519189,healthy
24028.384361690754,-0.3952446034375353,-0.1684729928140002,9.700303646616424,healthy
24033.40043617595,-0.2632545220788205,0.3763981479760986,9.8098465773104,healthy
24038.387997177048,0.1834592019203809,-0.013332307284995,9.847037251496676,healthy
24043.37307608201,0.0887915190541445,-0.1196302040315439,9.819596691427762,healthy
24048.44530896136,-0.1931788992112546,0.0805472173850694,9.779296195769623,healthy
24053.39455522546,-0.2466190793430489,0.1678387606741161,9.907144452319375,healthy
24058.499271995777,0.2406494555364086,-0.2376110050946083,9.83932409590182,healthy
24063.529009491333,-0.1591515062081336,0.0233091599158827,9.745018215088889,healthy
24068.522835897027,-0.1467599844932365,0.0501149261524498,9.68353899810954,healthy
24073.493782427584,0.0390438011824853,0.037901140659407,9.780938830502864,healthy
24078.458964829715,0.3123020449369819,-0.130550939531331,9.835463438996918,healthy
24083.5366076769,-0.1427989363585427,-0.1017139970427555,9.787134594059337,healthy
24088.650211467688,-0.3841809593201199,0.0939972112300676,9.856559518819411,healthy
24093.64067874058,0.3622341239320571,0.2289232709364944,9.805566948739436,healthy
24098.65080572485,0.2328990437735546,-0.1133093100215423,9.850728658055557,healthy
24103.580898121483,-0.141035746348099,-0.2502098085310987,9.79278137440824,healthy
24108.53668356613,-0.1165737172919931,0.1991743983283608,9.854327148314132,healthy
24113.528670709165,0.1575766967037794,0.1220685412638523,9.972725350089718,healthy
24118.579884300325,0.1372339279328435,-0.2659024363501254,9.965680939127568,healthy
24123.617737392306,-0.0927380933149261,-0.1241887953362578,9.666622370221573,healthy
24128.6230971686,-0.130101860173086,0.2490764922520626,9.746964820601994,healthy
24133.6011851406,0.1774167696571456,0.139400828050154,9.817612729717002,healthy
24138.620943679605,0.0110576321884174,-0.236180107646432,9.74524583669072,healthy
24143.561623134185,-0.045242013981071,-0.0683747202490643,9.799254941555509,healthy
24148.556937810277,-0.1151763006224482,0.384686307564856,9.700102331096335,healthy
24153.57375635981,0.2884783537630479,0.0496367458866267,9.880688868323924,healthy
24158.61604586588,0.0570062813397738,-0.2981497212925363,9.817166154717215,healthy
24163.58699060927,-0.3802748501884787,0.0221347292629251,9.71736792134412,healthy
24168.62225441128,0.2502617947315648,0.2352030674788372,9.875701545708536,healthy
24173.581554978304,0.0953911911797356,0.0629862387786418,9.880144688701671,healthy
24178.68661743996,-0.0700725233472594,-0.2733159126706764,9.77987616750578,healthy
24183.698788433696,-0.0474881543252372,-0.0024913320337601,9.696920278629218,healthy
24188.75980524547,0.2198271046925923,0.2780656247546703,9.858571534870816,healthy
24193.799546971062,0.1783714073398045,0.0794797966475111,9.943323900717504,healthy
24198.762634121587,-0.2416117541951455,-0.2242225693132802,9.758322212859133,healthy
24203.740381712945,-0.2545029242604362,0.0513394395747315,9.760594985368568,healthy
24208.751208149755,0.0504124707106389,0.1622171269530175,9.932464276365458,healthy
24213.708577215715,0.3430728809537248,-0.3181089343333867,9.82260855991694,healthy
24218.812498613384,-0.4019549166670323,-0.50572562363644,9.87239563171209,healthy
24223.85039455529,-0.2431020174586479,0.1722186649436144,9.74895779404689,healthy
24228.921746616405,0.1934393806839208,0.1443540385599319,9.757973348986948,healthy
24233.902063262904,0.1309893712565755,-0.1895841643026878,9.989970615131664,healthy
24238.919589033405,-0.2351934434881796,-0.1402477101038408,9.711354008277056,healthy
24243.829137262277,0.0259661611087971,0.2552293890093911,9.68300242576746,healthy
24248.83798850112,0.2531500802947537,0.07330170235503,9.872481531681862,healthy
24253.92490248555,-0.2110440551732947,-0.3873972925941301,9.788909222822014,healthy
24258.95015798653,-0.0592762841023323,-0.212310936670909,9.720695618162296,healthy
24263.978953221744,-0.0517605648762814,0.4399848289493469,9.644461048460714,healthy
24268.945670109137,0.2667145378387648,0.1437666123634243,9.80038298911245,healthy
24273.96404999192,-0.0152044685244077,-0.3377823175022587,9.737839760652456,healthy
24278.86257208228,-0.1377434315414565,0.1402405673541073,9.77446741877256,healthy
24283.892784300948,-0.0971693731758126,0.4115193358001225,9.694976709934387,healthy
24288.8745068914,0.3181669510763644,0.0789215123240694,9.747654646945485,healthy
24293.830753187864,0.0104182183831726,-0.3815022413064186,9.716751020683482,healthy
24298.742260502582,-0.4933766337982997,0.0044589005788137,9.79163232056377,healthy
24303.8105709747,0.214745575591411,0.0937163479647086,9.81933445373528,healthy
24308.80581168321,0.195702931818557,0.0186547284525136,9.80151608535464,healthy
24313.881939140025,-0.0397374308399254,-0.4306373787909124,9.718500852721712,healthy
24318.85401678952,-0.3724424888362447,0.0728857667699871,9.83184201847273,healthy
24323.888729366787,0.2097806980558381,0.248115325840199,9.784841373399184,healthy
24328.90689641117,0.0717705829325591,-0.1792925472464784,9.991021069836131,healthy
24333.89654413777,-0.2139946278753918,-0.236525067347531,9.66930129638898,healthy
24338.850680538453,-0.1224440622376515,0.0934368864476211,9.800610317297114,healthy
24343.83370985523,0.3260012404797107,0.3902396572050257,9.834981599577873,healthy
24348.9094190242,0.1076357762272356,-0.1948388566103021,9.823591564397022,healthy
24353.863279876557,-0.127670351167338,-0.0580154074412491,9.764430889715696,healthy
24358.876929821985,-0.2068238849377487,0.1187626118906417,9.736755540345769,healthy
24363.86872990773,0.1874620496932793,-0.0589399994503181,9.77521336738904,healthy
24368.905055712643,0.03173214025242,-0.0893062113939876,9.910564441406205,healthy
24373.901160482565,-0.1705367817582042,-0.3022814169185364,9.633263085588943,healthy
24378.907398472715,-0.2191455007051032,0.4378618260149333,9.698545691777282,healthy
24383.888773991992,0.1334574892441566,0.1196008209076881,9.768067536196629,healthy
24388.859183649725,0.0971745100789819,-0.0796075922742415,9.974779502583935,healthy
24393.8052019288,-0.35400566961106,-0.1313593615127992,9.67328634673654,healthy
24398.867047576518,0.0898709920792479,0.3013887590190364,9.854570107644925,healthy
24403.941229137417,0.2561848417910554,0.1458351135010001,9.838602203694732,healthy
24409.056933376956,-0.0367238208014891,-0.2862100493826548,9.795374732723136,healthy
24414.077360243475,-0.1297991367568288,-0.1250865066175407,9.785270059567823,healthy
24419.12882658016,0.1202093329146763,0.1327831657234856,9.711426011260366,healthy
24424.07686216248,0.2407395188525933,-0.2035046429037965,9.90377451655999,healthy
24429.11234934884,-0.0960750530325573,-0.093690854401839,9.920207874919424,healthy
24434.1753448319,-0.0037860339933242,-0.0214495725980258,9.790749585523448,healthy
24439.21851894194,0.0425892854364246,0.1135184876798327,9.685597275662376,healthy
24444.23096774323,0.2029475652891713,-0.0498068460229255,9.909307090745305,healthy
24449.179761808333,-0.1783046106519574,-0.209056185964768,9.853103749272622,healthy
24454.221867299093,-0.2228434896911141,0.1866821886648268,9.815242122501026,healthy
24459.24467169472,0.176728857491988,0.1459096733374056,9.912609360006869,healthy
24464.23438738824,0.0537407178925809,-0.3517043563316511,9.815444973851234,healthy
24469.17272138604,-0.2211574452386048,0.078782096741142,9.75024288270248,healthy
24474.111120756388,-0.1158908883392496,0.2851917860786799,9.776320565623976,healthy
24479.152293815303,0.1976657840030979,-0.0262823190995642,9.790396640005447,healthy
24484.206057343512,0.3954542753049522,0.023720750590052,9.77626264053144,healthy
24489.21330141498,-0.1653507672945693,-0.3048080733949428,9.770161972847356,healthy
24494.21414032262,-0.1240131539617356,0.3278233361704964,9.718130074805597,healthy
24499.194043996875,0.4221402671375263,0.1223151880528121,9.83156199859256,healthy
24504.20232764547,-0.0052005959095336,-0.353782348838293,9.86507933235119,healthy
24509.24644669604,-0.2592725243171664,-0.2171659649315413,9.47698255441284,healthy
24514.236385441665,0.1086939254651505,0.1607215363291341,9.831349809348913,healthy
24519.14000788717,0.2006677591211628,-0.0260044610498027,10.04161349746329,healthy
24524.17007123669,-0.1517008978362738,-0.1975265553749945,9.719809357316436,healthy
24529.14269820167,-0.2987467005546891,-0.0234452482433561,9.690696053680549,healthy
24534.10679980997,0.0156113352391681,0.2561555847630253,9.635528732321028,healthy
24539.10123119171,0.3073514756937227,0.0765678463947479,9.768287147260642,healthy
24544.11028806134,-0.1459202689247097,-0.1998231791243674,9.764244647452898,healthy
24549.08954216903,-0.2202163089613681,-0.2152770850696763,9.76659834420156,healthy
24554.120741158826,0.0949928846697722,0.0248106582868433,9.904687866797772,healthy
24559.150814539866,0.4350701871789685,-0.0947552777063046,9.789176148839651,healthy
24564.127297097268,0.1763404551900262,-0.2177411924506263,9.743125234917011,healthy
24569.221163635124,-0.1759841599643405,-0.0518868137027428,9.68673355933124,healthy
24574.23061735617,0.1402697019667335,0.1062478289694361,9.937107761663713,healthy
24579.18929397636,0.4521703755023841,-0.2484821262571795,9.87238418314704,healthy
24584.21873255203,-0.1406253458787185,-0.193687546485815,9.737474363704882,healthy
24589.203491091044,-0.2060431390572666,0.0313414649747013,9.738688002770589,healthy
24594.248249260647,0.2860556340198141,0.1952999226429869,9.887124712242972,healthy
24599.283080751306,-0.0012881675595515,-0.3560382172611733,9.852478172930368,healthy
24604.258703595435,-0.2141068429127673,-0.1743499457745757,9.805105155060494,healthy
24609.200422304108,0.0408028035777276,0.2094574526183509,9.89342874864795,healthy
24614.16030438927,0.3322896203066585,0.2234220249694699,9.891885586294542,healthy
24619.24078994613,0.10737594046103,-0.3588422181989643,9.790669520091654,healthy
24624.343231195395,-0.4067755183009849,-0.0307972683627268,9.791864197434426,healthy
24629.23607341633,0.2004385801046291,0.2292896906648915,9.761192871022333,healthy
24634.22979477176,0.2379603234979102,0.2600726776209615,9.731931784596034,healthy
24639.24444893969,-0.0989571930697833,-0.2916773273264592,9.801839721923194,healthy
24644.234458598803,-0.3687146995229859,-0.0564174185865049,9.638445211444555,healthy
24649.237153605485,-0.0030363696483534,0.1084958805760511,9.921685518559528,healthy
24654.232756568923,0.3439353922516573,-0.0483458755574387,9.788841365106087,healthy
24659.19490088869,0.0668134429273252,-0.3120542099981939,9.812557247391414,healthy
24664.2150243495,-0.0193360098789194,-0.0519277234375729,9.925409597551845,healthy
24669.166504346085,0.0787645967668312,0.2333226505778686,9.727648701089365,healthy
24674.063426656947,0.1967253384987318,0.043462500036374,9.90251520686052,healthy
24678.95104443629,-0.0121567467211464,-0.2379861691711704,9.808018061067704,healthy
24683.884962563672,-0.4768986516554613,0.0816569771792128,9.771908059476871,healthy
24688.876185209177,0.0471102583358524,0.3697810694845879,9.813395111346871,healthy
24693.81994039195,0.1719870577460369,-0.047661086833392,9.715222537332052,healthy
24698.85182256378,0.0520005864545421,-0.223604700063109,9.744362523067885,healthy
24703.86497424511,-0.1299464009526982,-0.0577590215132506,9.728412430795675,healthy
24708.86137747201,0.0526942037966717,0.1580932657527133,9.780768494337712,healthy
24713.754917807502,0.3865387109869386,-0.0844683724080325,9.831829226002249,healthy
24718.75316194361,-0.1962423252499167,-0.2065158762159443,9.648613855078509,healthy
24723.790974888685,-0.0043955363576274,0.1325769310589845,9.727152601775453,healthy
24728.792810824867,0.0910593301946485,0.091587300370046,9.78028820807841,healthy
24733.79808222613,0.057859418722756,-0.2522487222425754,9.76585972654561,healthy
24738.792191043176,-0.182441266318181,-0.0987408018925009,9.77817343746496,healthy
24743.715716593582,-0.1758946889680856,0.1693269219826351,9.65859787546215,healthy
24748.700220493283,0.1343392277132801,-0.0448370157118341,9.911127462781142,healthy
24753.71593364764,-0.0440504687474933,-0.1821466565181355,9.851737927233772,healthy
24758.67969835812,0.0293455758888763,0.0099359428080417,9.637955572223785,healthy
24763.58815410965,-0.192350533878627,0.3269338810927722,9.667953477506732,healthy
24768.560162837017,0.2475398936891548,0.249830724107359,9.754466615560316,healthy
24773.59224812932,-0.0856625852321973,-0.2941543658736388,9.891386273522723,healthy
24778.532662572838,-0.3098876445114745,-0.1409692406090442,9.816767168597307,healthy
24783.420378294908,-0.1587641489921457,0.3348458619429136,9.746393884105313,healthy
24788.44783755696,0.0454941264569277,0.1674891129313138,9.73322292112935,healthy
24793.39087688712,-0.1424921531569901,-0.1460604397250977,9.703544534440606,healthy
24798.38108959453,-0.340848863901961,0.1335634737724593,9.826338782905166,healthy
24803.385990499948,-0.1463735523685206,0.3982927312497298,9.988063549398982,healthy
24808.38985328573,0.3175258206123538,-0.0637727925043888,9.887682952921296,healthy
24813.379334801677,-0.0309883843208692,-0.0545722379277564,9.702183302761917,healthy
24818.32501565608,-0.0380974654395528,0.0123506598394674,9.734929555830336,healthy
24823.27587801593,0.0960967895465892,0.1372468877388408,9.866858155044216,healthy
24828.324325654816,0.1058737314687748,0.018557322964026,9.821667358073338,healthy
24833.331814738733,-0.0243354041570119,-0.262522767484282,9.765154764064633,healthy
24838.38090624155,-0.1225899827776962,0.231742277288971,9.757567720829105,healthy
24843.36441424144,0.0963901209242724,0.0695168965472186,9.87360372281444,healthy
24848.3879891084,0.3529095509947292,0.0515576382796899,10.026014120546224,healthy
24853.396937523183,-0.0627961555578105,-0.2654688456934309,9.784626890151342,healthy
24858.470679984865,-0.0719389897456131,0.425467316271496,9.803565348447188,healthy
24863.5062069786,0.3027328409128832,0.1945133597023386,9.773387269785266,healthy
24868.436607513027,0.0230911705123106,-0.0844117392422014,9.740242279491175,healthy
24873.450110330592,-0.3253200549150119,-0.3880889583947272,9.702577275666323,healthy
24878.591443901656,-0.3675816582209953,0.2970479907405765,9.868413485344544,healthy
24883.613339482123,-0.0731835969979242,0.0908911992046721,9.781315078418434,healthy
24888.52122122204,0.3285667942868072,-0.3721097278101294,9.905711213791443,healthy
24893.533911207625,-0.4326807010181099,-0.0394101200785045,9.858852554642835,healthy
24898.621671774446,-0.1196908488991287,0.1281360919491568,9.726260523383951,healthy
24903.581357754523,0.1280146646697056,0.0203170782173121,9.806240313370589,healthy
24908.48518442153,-0.1247830339317782,-0.2484677277675304,9.8435706032026,healthy
24913.490603229824,-0.2639658712196334,0.0224419184639142,9.78724024734762,healthy
24918.471898400687,0.1371559698870715,0.2261186279690697,9.7182061131426,healthy
24923.435371432253,0.5522631016629433,0.1972810264111591,9.772020767773393,healthy
24928.42869360304,-0.0204372393879097,-0.2265636969558557,9.865868462837197,healthy
24933.45568348356,-0.1858775646467532,0.1355516109091751,9.780159671546254,healthy
24938.41003060934,0.1806129897330949,0.3342675639544873,9.816322021381705,healthy
24943.484563029306,0.2497316116578326,-0.1191286534934081,9.838330712789336,healthy
24948.46660422077,-0.1053743823388827,-0.0109252909332986,9.77497313903492,healthy
24953.45922241612,-0.2358910994070384,0.0054710761882158,9.885427690628116,healthy
24958.43156188359,-0.0006284177758458,0.4428426445846862,9.886470904965638,healthy
24963.40694567412,0.3920831900398476,-0.2080035805037063,9.832199749284516,healthy
24968.38609902575,0.0639929232692783,-0.2930829751280179,9.750919998882946,healthy
24973.32647662339,-0.1022953058559063,0.0934210921961108,9.848158602584045,healthy
24978.35448072507,0.2459889802275456,0.1297899007083003,9.903429242508594,healthy
24983.418381578547,0.0724890861674594,-0.1394451319988505,9.832119517853846,healthy
24988.48245598541,-0.1544511962560422,-0.0999445228574645,9.835354996371224,healthy
24993.49500252075,-0.2330751682046113,0.2569987852659252,9.761902484024745,healthy
24998.477663870355,-0.0810471634159555,0.3320369434749681,9.773564477256674,healthy
25003.47425224289,0.1493437239629401,-0.2643049993377501,9.83575279494984,healthy
25008.468168851658,-0.3795964296274284,-0.1059825059916925,9.811631081097136,healthy
25013.5216212046,-0.1672088721281921,0.1549087248220197,9.693739858290115,healthy
25018.52775021952,0.4676444361100486,0.1007600297274964,9.82956664924079,healthy
25023.55095852085,-0.0594929161863895,-0.326878798426581,9.72089101882262,healthy
25028.463364423424,-0.3140519019552443,0.0310143798345639,9.770472498150673,healthy
25033.475171342565,3.359639280287041e-05,0.3588949816868604,9.734291522178143,healthy
25038.50201635742,0.24639701106116,-0.022930494750099,9.919495303050576,healthy
25043.596021086083,-0.0196238779486812,-0.1432613898502562,9.845604109808274,healthy
25048.64709811181,-0.1213939838955507,-0.0568794364253455,9.805196439365156,healthy
25053.6264028559,0.0361321756237682,0.3945546394751529,9.86059982261573,healthy
25058.64079213122,-0.0018104456092099,-0.0489879458960095,9.827913234250088,healthy
25063.60532363665,0.0936917436642545,-0.4315357470042661,9.798516007855108,healthy
25068.69708238791,-0.071951467403695,-0.208298052514975,9.804706548802956,healthy
25073.7269850244,0.0100511423017847,0.396966444554774,9.761694313718086,healthy
25078.56944697601,-0.0341513688334332,-0.1570613408762179,9.820647623688853,healthy
25083.618543190416,-0.0812195587119296,-0.260376976484296,9.841575891997127,healthy
25088.588147276037,-0.1132859806213835,0.1782962628964204,9.788163555635602,healthy
25093.64190238897,0.1274956372188453,0.2043916665079095,9.721690179819833,healthy
25098.65869317916,0.0627814752175623,-0.2203733152154428,9.921923731740598,healthy
25103.638845838723,-0.0016970723566967,-0.4265871182596392,9.713210931456748,healthy
25108.669993171665,-0.4207035040582852,0.1801473903183095,9.684630673069124,healthy
25113.63817667148,0.2603971076765307,0.3553798107770226,9.93207377143639,healthy
25118.65114982736,0.1290887646475414,-0.0785503348566621,9.961609633979087,healthy
25123.676782953706,-0.3768028943084062,-0.2041227717730238,9.886179116964694,healthy
25128.67084226847,-0.0374679246794562,0.3071187380345636,9.71172496815834,healthy
25133.64807054072,0.2579834478145451,0.1261152239039875,9.981228494981735,healthy
25138.58573885868,0.1239873838959174,-0.3275450529583004,9.904144750181784,healthy
25143.682377505032,-0.3000815669339636,0.0488273698077872,9.759905981541342,healthy
25148.658044988817,-0.1258034603079105,0.2674498992612155,9.838120437459684,healthy
25153.709032767438,0.1705977991453788,0.0560638982886767,9.898367097831295,healthy
25158.653263380365,-0.0303145017710283,-0.2220071902717217,9.810461333469522,healthy
25163.60690183376,-0.1589165264746765,0.0450075885388199,9.87325633022868,healthy
25168.644538817724,-0.086731746359941,0.1954415803427822,9.83668281024762,healthy
25173.67367024531,0.2286188050953235,0.1447526867076692,9.75725215321372,healthy
25178.60373767909,0.0044613124413546,-0.1232395331171186,9.835479559638836,healthy
25183.65890346313,-0.1610046272458044,-0.0386587129367596,9.743911242441207,healthy
25188.641657035616,-0.2129516474461794,0.3001491667573885,9.874484984888298,healthy
25193.680561947705,0.281542553712967,-0.3164423176387702,9.83103477780424,healthy
25198.67578403941,-0.0659200736852184,-0.2461752415508482,9.698982962165417,healthy
25203.77122437244,-0.4068939272072824,-0.0008826626239708,9.64883402844287,healthy
25208.754111805407,0.0004536364972231,0.2457950494042296,9.849522216189062,healthy
25213.662100960733,0.2569323248842102,-0.4376700355303171,9.818279460626062,healthy
25218.654179673016,-0.2135738083180318,-0.2075735085198536,9.69709977533495,healthy
25223.71458700771,-0.1656329556678643,0.3561319913704001,9.787348445398552,healthy
25228.72049408073,0.1279768485760002,0.3448908206947638,9.738024300929125,healthy
25233.67969342108,0.1998939909895956,-0.305331255241226,9.97728517905377,healthy
25238.62750489682,-0.1216443108494163,-0.1327887190892337,9.655157699715575,healthy
25243.656956298044,-0.1537017976802175,0.0850871393538122,9.73157475885074,healthy
25248.735516280387,0.1719276099746873,0.3571126761953336,9.874599336430176,healthy
25253.71767022091,-0.0211323473175414,-0.0971652355975166,9.941924559991705,healthy
25258.70119609905,-0.2050975270423662,-0.1023825816087199,9.846583014874309,healthy
25263.622339234244,-0.1094138028010336,0.2273954507022915,9.75394861723812,healthy
25268.676658227178,0.2475731085358631,0.1803322961056343,9.7764885495056,healthy
25273.68341149833,-0.0167488417070578,-0.3088825059690715,9.859031289206312,healthy
25278.62755834258,-0.1119166380289699,0.0507983277889478,9.7477161515937,healthy
25283.71544327437,-0.0367052074505965,0.233070317745776,9.761841940109807,healthy
25288.728079034605,0.1234267349205857,0.1775907803825222,9.991641655061716,healthy
25293.659810520418,-0.1674927958994114,-0.5123823752287802,9.87996840326736,healthy
25298.638485785203,-0.4427203637889155,0.0898606248927295,9.852064731184692,healthy
25303.573172618893,0.1120419280493432,0.4360988980929479,9.815765720518636,healthy
25308.57537266707,0.1794296101411711,-0.2048293619362307,9.8918027538546,healthy
25313.492963797275,-0.2493307417125587,-0.2727767032945749,9.749002099759638,healthy
25318.52982563994,-0.3173638424783453,0.0210213660790436,9.639282413160316,healthy
25323.632025595627,0.2130424115108208,0.3375447872048716,9.78688920377279,healthy
25328.62152418415,0.0398520359426628,-0.0167514573376845,9.947745736033609,healthy
25333.59191301659,-0.0027990832469171,-0.2433408108000272,9.65307363924355,healthy
25338.67471726553,-0.197858423531257,0.1150329896029859,9.887994939091136,healthy
25343.68138219468,0.3546342320088161,0.3177244137235668,9.8038826369904,healthy
25348.68876902042,0.2497642336529313,-0.1171455968478636,9.850010384915208,healthy
25353.673673806865,-0.3471223392081541,-0.0460891468494129,9.885351696989368,healthy
25358.693572918328,-0.2519201280428093,0.130339926493796,9.774544423772982,healthy
25363.71441507196,-0.0017221523161917,0.1290360472798279,9.843325257965224,healthy
25368.708479715453,0.054388852285468,-0.2160849144959662,9.82743968918777,healthy
25373.722679249742,-0.283235496297225,-0.0535708390969098,9.746060589782868,healthy
25378.66755238936,-0.3049171779190232,0.3545542564449025,9.663855078881069,healthy
25383.659227025182,0.1248349097344622,0.1405451610074704,9.856456763037333,healthy
25388.608229354635,-0.0592733982832652,-0.2569057846088038,9.79699278546895,healthy
25393.597670072355,-0.1254241073646086,-0.0938570031990137,9.807068575810892,healthy
25398.63094352556,-0.1037804900008229,0.2830574936965849,9.88903091694775,healthy
25403.61969069568,0.2429262569712768,0.2387786625955088,9.918402547001488,healthy
25408.66130222487,-0.0916737106555733,-0.2253173776057496,9.815730941970198,healthy
25413.654125666704,-0.4181528801914264,-0.1173791517338192,9.877790201893283,healthy
25418.676460340776,-0.1162689597543921,0.3865876697364538,9.963773382874068,healthy
25423.770060628787,0.0316974925567185,-0.0658911922849894,9.85597759233193,healthy
25428.70936557912,0.0288199689229093,-0.300287436425566,9.758424288125104,healthy
25433.689386389025,-0.0792552787882284,0.0923775105261087,9.69189034137962,healthy
25438.713559516396,0.1344988926354338,0.0908731804607,9.827004030487071,healthy
25443.76222733649,0.1564226283640858,-0.1287438199538197,9.836880108746564,healthy
25448.72695151133,0.1498347042140673,-0.3790894582248439,9.860735547274569,healthy
25453.67128965101,-0.2114961385853609,-0.0158727046766118,9.727780821179476,healthy
25458.62859897523,0.2849775000677541,0.1744788580092379,9.910028174433474,healthy
25463.687499178373,0.4544177747587798,-0.1639275516959734,9.829534205584874,healthy
25468.673404971585,-0.2693830569498066,0.0558617098895322,9.743542563212346,healthy
25473.72888020405,-0.2604758556238768,0.1472567183945363,9.741539321245243,healthy
25478.70876035765,0.0344901417430457,0.1411770007094589,9.983294809587562,healthy
25483.85789396912,0.3961755226338221,-0.1456489318020811,9.759786208360945,healthy
25488.830598623532,-0.2020138727312223,-0.1386214233073225,9.80034266763608,healthy
25493.8626768648,-0.1923395989459937,-0.0551639378533215,9.880259691853778,healthy
25498.86852023845,0.1689099987048176,-0.1262577107423042,9.93544309807927,healthy
25503.782839561165,0.2170392121225268,-0.0062333092477119,9.850648555098775,healthy
25508.710397251296,-0.3442879874186,-0.2637425266384428,9.758424267254894,healthy
25513.70871417928,-0.1503105013018756,0.1616096172573768,9.836127051016373,healthy
25518.77022417338,0.0047848096273466,0.0748412820583012,9.93847164710012,healthy
25523.755545278727,0.0809540924387558,-0.2765436804132594,9.802528307296235,healthy
25528.66471352768,-0.1108292446879399,-0.0772379629120555,9.767114887513362,healthy
25533.63521955892,-0.092998421049796,0.2521757347462823,9.836245179495576,healthy
25538.60286101805,0.5384828947894875,0.0108184935559504,9.826422513038011,healthy
25543.646285694434,0.0479278059795637,-0.1028425457427499,9.868623005086407,healthy
25548.579086867736,-0.1440750808580568,0.068048470635065,9.706905993572532,healthy
25553.543683282343,0.1985774539981137,0.3592491432601553,9.86836806129048,healthy
25558.58181846029,0.1057403547002493,0.0718734539497692,9.956089923540404,healthy
25563.60563369884,0.1556350818453625,-0.3695628251912382,9.746820049824322,healthy
25568.59017702616,-0.2329798520766154,0.2643299558431473,9.814129863390164,healthy
25573.50965985323,-0.0694376242187227,0.4130675870613732,9.76936415598617,healthy
25578.50138024289,0.3603159102508368,0.0089697738222537,9.823648294610171,healthy
25583.55008244486,-0.302913816901103,-0.3869415529546209,9.798675826134131,healthy
25588.59925750948,-0.2296521349509967,-0.0710966907962877,9.803780433583592,healthy
25593.59007285932,-0.0140024752826901,0.3843379672838231,9.9587849894597,healthy
25598.653984928736,0.1317849603107723,-0.1767521304606786,9.90399529022783,healthy
25603.739256956676,-0.0879114462185291,-0.2159583848229661,9.796430362786875,healthy
25608.74982617838,-0.3036977263892585,0.1410294884676095,9.672092131889224,healthy
25613.762588359037,0.2773074380557938,0.011137522509091,9.733851163356354,healthy
25618.71435917361,0.0551930655104044,-0.1931820025210067,9.86323054334585,healthy
25623.7189092904,-0.2041819520698857,-0.2420655766612956,9.555262995353074,healthy
25628.649121859136,0.0068741185613277,0.1605993672176356,9.728652784283105,healthy
25633.57798750301,0.1653056708381098,0.0973811697308429,10.01950875020767,healthy
25638.526190466186,0.0742490477483474,-0.0382781254421739,9.822265300014507,healthy
25643.596411054856,-0.2623127038410598,0.0044203083791155,9.78550944664988,healthy
25648.59443280164,0.0884260400280298,0.3057549827786949,9.78074853799844,healthy
25653.69904635558,0.2323763991329934,0.072047682322501,9.89172489626228,healthy
25658.743355673247,0.0794593401937698,-0.1971402024242307,9.783437518806842,healthy
25663.764811953963,-0.2444136753561762,-0.0190112938539018,9.828893674252974,healthy
25668.76596767407,-0.2211127765911468,0.0564676132790672,9.631119127782178,healthy
25673.715788335925,0.1990625887476474,-0.1321972552889244,9.83335168079666,healthy
25678.7097089613,-0.0924310055584147,-0.0860425086435822,9.722491048444375,healthy
25683.62314512402,-0.3152479877113376,0.0913378859400691,9.799490551882206,healthy
25688.58241330647,-0.1928533409509463,0.3693412544939614,9.670500421140868,healthy
25693.665904976497,0.2865086369579275,-0.0239332020204958,9.76743989682385,healthy
25698.66297095969,-0.0098589340135179,-0.41815681409331,9.843748930063269,healthy
25703.636676676044,-0.1433091123557385,-0.0603881611982342,9.667259508581592,healthy
25708.57430965568,0.3052562011622058,0.2194269525146052,9.757606946899832,healthy
25713.62906783025,0.2813919164073933,-0.244537654419735,9.888106454886508,healthy
25718.61859563441,-0.2843013753421843,-0.1466834948567731,9.717300458546616,healthy
25723.65450591858,-0.1251859549972564,0.1916735043620335,9.894719336417694,healthy
25728.694171475545,0.2268275592319752,0.3296540409240479,9.919070760843477,healthy
25733.7240821014,0.1682625072538307,-0.2818532885106038,9.896229527272617,healthy
25738.76134778044,-0.2075019972498827,-0.3820791286286563,9.824005611655148,healthy
25743.846263087977,-0.2526196017781139,0.1561669821487666,9.91812878437442,healthy
25748.774919512456,0.3085677202151994,0.3732645146085867,9.690838207016364,healthy
25753.73346079509,0.1051784501663763,-0.5290835993065388,9.811739742418233,healthy
25758.79641603972,-0.1705926099609645,-0.1347921429375855,9.859728543862463,healthy
25763.779144213186,0.0407764836724564,0.3802498565731135,9.727927378141985,healthy
25768.793856721662,0.207699402530648,0.0007090597858129,9.84090224008946,healthy
25773.823851732675,0.1818360126439867,-0.4410319591315996,9.88982944741169,healthy
25778.782413462635,-0.2086949096598155,0.0967969103042285,9.70253876095854,healthy
25783.81700372051,0.0925452799523783,0.137384391354228,9.876189167376989,healthy
25788.90645059721,0.3515360683209255,-0.0787401429238227,9.905552853525576,healthy
25793.848761141708,-0.0002474452341664,-0.260907955672072,9.817395434493092,healthy
25798.769122559414,-0.3156902530237235,0.0301020081284619,9.69047060244184,healthy
25803.79365319503,0.0989657997457415,0.4050406949921076,9.88123147753546,healthy
25808.7882820262,0.0521406668493816,-0.0316013911404847,9.776852670388145,healthy
25813.804071379724,-0.0844265015829856,-0.2762498840150308,9.818047591557049,healthy
25818.75836389929,-0.0735133929213845,0.0777269074304976,9.80442139039417,healthy
25823.768583234345,0.2696097994604585,0.0406797393740379,9.741712972063947,healthy
25828.71888438778,0.2155735888561494,-0.1035732469115093,9.960032444530777,healthy
25833.705930072814,-0.302760732615143,-0.3675093094759969,9.766871511235664,healthy
25838.75448561326,-0.2876248754107373,0.1393127551220121,9.726577624391874,healthy
25843.769553286544,0.2854294981718428,0.3396288997169978,9.812202144925656,healthy
25848.785203049883,0.1524605750631582,-0.0529300101958412,9.802316474624194,healthy
25853.71710882662,-0.0063750088698553,-0.0887065398059212,9.918778434771582,healthy
25858.69045989922,-0.2725526605097811,-0.0736576692771338,9.6941298531323,healthy
25863.75225966072,0.0790156716153279,0.1940200568315016,9.920996019686433,healthy
25868.70515442202,0.1648132969933755,-0.139983482074406,9.903554279388036,healthy
25873.656556885217,-0.303984517901711,-0.0031185242917248,9.799829065036825,healthy
25878.575075276505,-0.1147104615155089,0.0377315845227262,9.744653144447382,healthy
25883.531484611747,0.1437623958972179,0.1033914340844119,9.86663864801364,healthy
25888.40190147332,0.0898621485497479,-0.193851238085435,9.78215479194254,healthy
25893.34939993847,-0.3492193528823309,-0.1439839788646061,9.795308927023918,healthy
25898.324543955907,-0.1864965569357904,0.0952288930401136,9.687239179981397,healthy
25903.351383156823,0.1181094815157699,-0.0519700797420762,9.89784607646916,healthy
25908.315858437232,0.0542450819981831,-0.2126065909939338,9.870628841620324,healthy
25913.24817063183,-0.2306423041993177,0.0399629749812425,9.757750648299092,healthy
25918.17896381152,-0.0290640949923216,0.1973253941352769,9.789913838535725,healthy
25923.198691012207,0.2410823487545369,0.1274071942704752,9.87616697273408,healthy
25928.155661700537,0.0781490368716112,-0.4519387705009097,9.899214424806084,healthy
25933.17223817377,-0.2288298362904266,-0.3003617847561,9.86809940105232,healthy
25938.163153519374,-0.0049478718717106,0.4536752436757814,9.874828471826817,healthy
25943.147947277103,0.1456429730787284,-0.0726384293598141,10.020683772334744,healthy
25948.12740454707,0.1098257057186614,-0.2399448645534974,9.685913262131775,healthy
25953.173590435228,-0.3302002958884839,0.1157712335924084,9.707677137974512,healthy
25958.230901484952,0.2040373331057062,0.0776062375327631,9.775830744317584,healthy
25963.20855466022,0.2320889287502217,-0.1211202343344752,9.809554396386812,healthy
25968.266607790207,0.0843250103140969,-0.3204063561640344,9.790896576817344,healthy
25973.304992076297,-0.253127611049301,0.1008892599627976,9.829309716666083,healthy
25978.342840215155,0.3381054953603414,0.318264696978891,9.849731139040156,healthy
25983.39690323111,0.2047184091758476,-0.2586144874905614,9.886024838493302,healthy
25988.44871464948,-0.2148137450934217,-0.1797858186857066,9.867430670267968,healthy
25993.34708361586,-0.1895058643167566,0.089093323424355,9.913083915647787,healthy
25998.387463374154,0.2382572470081698,0.1685941133409058,9.917647406584589,healthy
26003.418926953276,0.1165860630502972,-0.1882073022050565,9.768780830591822,healthy
26008.41907558444,-0.1312147470156064,-0.1003433119740946,9.789783655024843,healthy
26013.38951887501,0.0377239978007415,0.2008525050162913,9.828879124127724,healthy
26018.39436155968,0.3386094355862575,0.0247748935126872,9.834702792921773,healthy
26023.461698919004,0.0702665902988276,-0.148507275606287,9.816157948512627,healthy
26028.5390986612,-0.0803492935440785,0.2514734776907306,9.771257182772077,healthy
26033.571473458465,-0.0136654800492313,0.3677187965258298,9.755744187187348,healthy
26038.62187000732,0.2032674189743837,-0.0547211869583295,9.935873201486473,healthy
26043.65816194021,0.0383849710001706,-0.4351321337382506,9.653254973612508,healthy
26048.694810657853,-0.4562675799993528,0.0891053757215714,9.683486895129374,healthy
26053.73329559966,0.0009076509273532,0.2066658293332052,9.75738129155401,healthy
26058.718209979004,0.2840364627776517,0.1484737481003668,9.915086123816415,healthy
26063.70848749219,0.0354515485427797,-0.4645091197472472,9.81041093682514,healthy
26068.655981291064,-0.0891749570937176,0.2191521386246374,9.792290729258124,healthy
26073.705833256736,0.0467697922542548,0.2647197544134833,9.798193995546022,healthy
26078.65513082326,0.1180248046091789,-0.1105404963321808,9.885986943258132,healthy
26083.57179109605,-0.1503857921254827,-0.136414593988444,9.6537640433986,healthy
26088.53860764487,-0.2814093997888006,-0.0147226456189692,9.553487860335824,healthy
26093.482361797614,0.1524116039855469,0.3692978518795289,9.885948846856571,healthy
26098.442677474515,0.1274410073609757,-0.2938797097936191,9.834967899694426,healthy
26103.48319106633,-0.0342453120490704,-0.1225919799083714,9.81310945437468,healthy
26108.521854553383,-0.2653088132346906,0.1793677280686591,9.698028870381783,healthy
26113.529337871085,-0.0651112119109033,0.0878999620293739,9.887236236443982,healthy
26118.528893448973,0.0651373080135371,-0.138997703799402,9.86800037100937,healthy
26123.547405138343,-0.3147223229583287,0.0634632829901032,9.715712717502733,healthy
26128.522765246544,-0.1941174484425131,-0.1550246500798389,9.812737176713696,healthy
26133.515947944925,0.2829500356931589,0.0234574048944793,9.866207405483468,healthy
26138.583941796907,0.059964342940496,-0.2701616815724001,9.846734088375962,healthy
26143.541684438387,-0.2018595943136775,-0.102420867060709,9.627149354116758,healthy
26148.49785072116,-0.0100918737927358,0.3344877545959713,9.864663500926364,healthy
26153.48213792932,0.2417739569949621,0.1869866553219084,9.754230760541809,healthy
26158.581982811407,0.1409639885032507,-0.2971323861735058,9.9299103052826,healthy
26163.565659167965,-0.3086072985859251,0.1920775300036514,9.647568347824084,healthy
26168.58386360925,-0.1682245362027019,0.155067878079487,9.91435498660507,healthy
26173.64903060896,0.2614553145860186,-0.138673165316588,9.826722931249217,healthy
26178.591935134133,-0.2827060537967245,-0.3481550329133956,9.741922045114366,healthy
26183.503076929897,-0.2596478388899971,-0.1908309497217525,9.723408488892316,healthy
26188.46269138438,0.1553212509789325,0.3496601652744257,9.76673659561512,healthy
26193.491725246982,0.0666734585994833,-0.1798593915379744,9.832159940105788,healthy
26198.4575153456,-0.1043933018196943,-0.2244960148196451,9.895352226243284,healthy
26203.554297214,-0.0503449454193649,0.0136492744074011,9.774565805334197,healthy
26208.476728984013,0.0926588599377676,0.3932589305389741,9.878899055494935,healthy
26213.46002329916,0.1716900446270058,-0.2089030399627499,9.854634851589182,healthy
26218.48316633369,-0.2203723934525198,-0.0096704234796834,9.703569327049388,healthy
26223.56716848992,-0.2538186211997881,0.0708286197110738,9.835514801106568,healthy
26228.607320271247,0.1650451018006149,0.149084917544927,9.821895367786418,healthy
26233.597595900283,0.0465726297702117,-0.1707143260248785,9.908741971646172,healthy
26238.56866368131,-0.0625836742096307,-0.2954543334577401,9.75583901765461,healthy
26243.511093774512,-0.1990009637863706,0.1853767076115356,9.970285399859396,healthy
26248.50385846074,0.3398153212225426,0.1331941819491897,9.79603491208136,healthy
26253.434427260607,0.1342876889052045,-0.2135577703978361,9.714384333047306,healthy
26258.46327963061,-0.2044360171909693,-0.3283417064940855,9.769383868054636,healthy
26263.48666377989,-0.2653582464447196,0.309083529780738,9.716872091498692,healthy
26268.471680523515,0.0594778700854392,0.0742587342510504,9.81712352047235,healthy
26273.52958679136,0.1546230079087706,-0.0920304109193286,9.840367592974914,healthy
26278.5138578783,-0.3342352373566769,-0.1545127394773279,9.663475428947637,healthy
26283.5955040294,0.0379195458549983,0.3302869527264841,9.833272908210944,healthy
26288.5735776688,0.3494549366353855,0.2368672316616584,9.765922617223632,healthy
26293.574558099925,-0.0050650017975681,-0.2910243387698791,9.769376269783622,healthy
26298.643847477662,-0.1545252992077438,-0.0511322814013254,9.62863513431692,healthy
26303.60708837901,0.1159034502423924,0.2317688108150619,9.824776203116867,healthy
26308.615739589524,0.0531173947397989,-0.0979761617499246,9.829103631174696,healthy
26313.72042647816,-0.2018794176156996,-0.3456337579646665,9.7245777522736,healthy
26318.64562309824,-0.2391913129694709,0.0398927083362029,9.91614931400138,healthy
26323.57738483678,0.1267289151846271,0.4579004877594173,9.763965085904202,healthy
26328.63350393628,0.1888320985447254,-0.2863502765814932,9.82036298336786,healthy
26333.60226491248,-0.2666569426644881,-0.1895487350575243,9.75626437785503,healthy
26338.544664166613,-0.0253033836964308,0.1660865992631675,9.860911422363056,healthy
26343.546522009136,0.1231573169348101,0.2067145872248438,9.896330732089062,healthy
26348.596574093663,0.2695742967340807,-0.0223765739213745,9.888272586906952,healthy
26353.58199606871,-0.1974563417295881,-0.1446727440706346,9.6529882991307,healthy
26358.58496239563,-0.261932379579332,0.4637584454625837,9.732572595533163,healthy
26363.62866865367,0.1142626782022539,0.1218850612774746,9.762850150775469,healthy
26368.6725363046,0.2483534403826807,-0.1679243882562386,9.947792835438117,healthy
26373.729291216736,-0.3083674610851376,-0.0805770236594978,9.753146190657404,healthy
26378.732508824432,-0.0183592279581397,0.3787548126602921,9.771835037861198,healthy
26383.82359442188,0.183888761453116,0.1329425234554408,9.798857345941132,healthy
26388.80987338325,0.0561204540038997,-0.3003837392661327,9.97400055777031,healthy
26393.79498006889,-0.2199206213044328,0.0922498504087696,9.812312284146682,healthy
26398.75098372865,0.1521791059153763,0.0444205834513179,9.669922771927716,healthy
26403.67623074567,0.0925135217451787,-0.0699457092442098,9.82666106678689,healthy
26408.606233963397,0.0578873452349547,-0.3106545394499894,9.906095890496722,healthy
26413.53715897275,-0.2154324596230043,-0.1212617195130205,9.75251591515581,healthy
26418.48914056728,-0.053373614827812,0.2916614110808085,9.83678339977369,healthy
26423.557909702784,0.1245526769936918,0.0659145604564729,9.893801476225567,healthy
26428.621703068868,-0.0261183791485889,-0.2014359147729187,9.844859968556348,healthy
26433.558493389293,-0.1981304957359494,0.0188430938194741,9.595046625100204,healthy
26438.581281839637,-0.0776910963078644,0.3104008884149728,9.7880133354088,healthy
26443.586881159936,0.3283415071209908,-0.0804279764085648,9.815596100725852,healthy
26448.59188442159,0.0731778591684652,-0.131666093479089,9.877891424338438,healthy
26453.60288620685,-0.2443746296356777,0.2031974633134968,9.842282695701162,healthy
26458.73763584045,0.1802124637819014,-0.1301012648958128,9.874237585524684,healthy
26463.75301831241,0.4115688635911336,-0.2019204901403212,9.750118020274895,healthy
26468.904004167187,-0.2006898026579764,-0.3739258654210331,9.633502531484352,healthy
26473.921733350737,-0.0411789792832565,0.1286878753180831,9.790108662552669,healthy
26478.88963577609,0.1662104663645811,-0.0112218491374299,9.703384947330669,healthy
26483.888165057124,0.083483157985151,-0.180715990266188,9.828812371564656,healthy
26488.87553116408,-0.0004607270600325,-0.2673891522797599,9.869900859460133,healthy
26493.88040027961,0.0274954530736108,0.1325232789126702,9.719111479199205,healthy
26498.90992141443,0.1372919294923109,0.1705061665283075,9.71891316866764,healthy
26503.80896946192,0.196733519347679,-0.256135009386153,9.903335599346727,healthy
26508.851352590656,-0.2882732641494816,-0.0030603217579853,9.772470829871454,healthy
26513.903938882817,0.0899562132450074,0.4485776886008488,9.781474145575414,healthy
26518.96337865443,0.1754995237158166,-0.09831159824823,9.819231392675878,healthy
26523.911721335797,-0.078846303480327,-0.2696556627203852,9.815244706317117,healthy
26528.95887470357,-0.1587899744637688,0.0051109599669422,9.682651323815076,healthy
26534.019354787062,0.1296508867538965,0.3220291941982124,9.84998820257461,healthy
26539.007124238546,0.1044399322478771,-0.1035935821106108,9.97374257406286,healthy
26544.005702780498,-0.0358626119484405,-0.3258494112847,9.888021017928908,healthy
26548.96338226548,-0.0431711101677671,0.2005053001828746,9.69429775264596,healthy
26553.970964084678,-0.0268569168065566,0.4287023445905468,9.817983843641809,healthy
26559.002515123797,0.3658472104744539,-0.1047002323811441,9.943733387635284,healthy
26564.059657156213,-0.1418047105174303,0.0645669931714804,9.790468698899325,healthy
26569.057132086044,-0.2469152178903223,0.0148580907299195,9.81940188481348,healthy
26574.06501383056,0.2536721990056086,-0.0517346915280008,9.798729929716616,healthy
26579.043668233,0.3988697384328594,-0.179907309641145,9.838451584131452,healthy
26584.082537321014,-0.1966440066351377,-0.277853909511029,9.817846172820447,healthy
26589.053729351224,-0.293919015857427,0.1606697966115979,9.770974770854275,healthy
26594.03327134652,0.2759415027896333,0.3681964726608987,9.89716058581284,healthy
26599.05405586972,0.3839857915471759,-0.0172261345890805,9.932109348994846,healthy
26604.20933905791,-0.2072852759223448,-0.2347226301721382,9.829818455380124,healthy
26609.19989345971,-0.2298064846796674,0.0136945040240931,9.75471507818388,healthy
26614.24224214502,0.1575226900923632,0.162127170415401,9.910817615852633,healthy
26619.198054570177,-0.097444560978589,-0.2878535824642284,9.840730561774915,healthy
26624.091353564185,-0.2750604613293688,-0.1326194922951218,9.671018482013748,healthy
26629.13196027483,-0.1354296009738818,0.415283719787601,9.967872811515573,healthy
26634.173673162237,0.275802691667382,0.0002581208536178,9.962169357413911,healthy
26639.112388516285,0.3453341123851068,-0.2680492602921111,9.878123760572883,healthy
26644.053348201807,-0.1991249451466927,-0.0810792029030952,9.865853441376574,healthy
26649.10032278977,0.0044649125246717,0.1273334801992806,9.836826426844446,healthy
26654.081789782787,0.2150538986728263,-0.1041109304350746,9.873462478671764,healthy
26659.05435256656,0.0885918286640601,-0.2650927555467267,9.66069173590908,healthy
26664.123109678603,-0.3803180895634995,0.1521317497500572,9.623318646308013,healthy
26669.196504538933,0.0087454417823958,0.173706798500861,9.831118318409429,healthy
26674.205528476978,0.0974127444976486,-0.0662249053791221,9.654424806026976,healthy
26679.17332032393,0.0875814559768779,-0.2336153008982726,9.928396410780923,healthy
26684.13071599809,-0.1745767935103565,-0.0294441744084694,9.708944750468936,healthy
26689.07131196041,0.0169787413641374,0.203933850679916,10.07223507677553,healthy
26694.03469818955,0.1688147220339346,-0.079982976724019,9.828266917543376,healthy
26699.00987377997,-0.1341931475171974,-0.2333203171655765,9.575744109174856,healthy
26703.98589665341,-0.3413886876055226,-0.1656555162806882,9.74715442950593,healthy
26708.92192549816,0.2537845279102631,0.3459190122536483,9.886850774449435,healthy
26713.903828980157,0.2482109270765253,-0.2607084983837573,9.90000681200422,healthy
26718.932023089885,-0.1525085557626022,-0.226877785768625,9.909392226602392,healthy
26723.91856999502,-0.3283321710832338,0.1626370008669228,9.72726618670873,healthy
26728.90021969508,0.1793039363200011,0.2965472682779485,9.954172969541805,healthy
26733.900267225334,0.1054593119060659,-0.2188878805664004,9.952363928405116,healthy
26738.888795198345,-0.1124031844583341,0.0594732313889371,9.811130372674558,healthy
26743.920318525896,0.0676421631882624,0.1509735809776249,9.698865612186236,healthy
26748.934878296044,0.3337016719835072,0.0005383476781221,9.838009652391722,healthy
26753.98352321068,0.3268956905339419,-0.2942054389744163,9.82951642124783,healthy
26758.915113531933,-0.3870228895198527,0.0012100651882938,9.792945125969949,healthy
26763.99313674532,0.0637532946039466,0.2854695973460915,9.770814289834432,healthy
26768.942920778827,0.3276186548953447,0.1523962808177493,9.971194797761596,healthy
26773.997751924388,0.2215094412844538,-0.171207066779551,9.771228623719908,healthy
26779.02356468285,-0.1161824268404073,-0.0809147240999512,9.856828181940664,healthy
26783.975462803824,-0.0170714177789966,0.3631767068521968,9.824034963422228,healthy
26789.032971799385,0.1979586357874797,0.0079893904681398,9.82866473367774,healthy
26794.090619325987,0.142209288313506,-0.3922840670789471,9.940374851208198,healthy
26799.12377271302,-0.317434631614769,0.1099539709587447,9.852092074752797,healthy
26804.09781684611,0.2499569265484739,0.2904662597168448,9.846262213703072,healthy
26809.1576899863,0.3736339142561261,-0.0015732125674622,9.88049080949162,healthy
26814.075526057062,-0.0136008078745791,-0.2967244159691837,9.706391566165872,healthy
26819.03946444059,-0.2974409804637052,0.2713369868157971,9.896287942345126,healthy
26824.06396711544,0.0469106102259522,0.272159248805928,9.809954445411435,healthy
26828.996098762986,0.375581360108874,-0.2449072289347539,9.837195580425876,healthy
26833.97593239487,-0.1238368063413289,-0.2028449992667767,9.748315165535445,healthy
26839.016735524456,-0.2114055251461393,0.1055095447569096,9.585844733176746,healthy
26843.984374962445,0.2159972362897499,0.1390575475789685,9.810446427282914,healthy
26849.012189948084,0.0301969376388322,-0.337535256160489,9.828040975987754,healthy
26854.10804850469,0.0101612548951821,-0.2100072894827828,9.774416761503256,healthy
26859.11364004846,-0.446123057836736,0.2923811079760849,9.809575451700058,healthy
26864.11049632782,0.3375101326625319,0.0757801187765588,9.834252965813263,healthy
26869.147640492967,-0.0550822549833752,-0.2532844517773688,9.91631432049846,healthy
26874.27079649557,-0.3158053338496524,-0.0766226607351314,9.63224400083464,healthy
26879.19291725399,-0.0232614446861575,0.2015602126629059,9.872371911489658,healthy
26884.2454765502,0.32661766109271,0.152779458979423,9.703932970347015,healthy
26889.198380659614,-0.0474598945326084,-0.2613273656765117,9.803297207608612,healthy
26894.16579218144,-0.1981412803843299,-0.1405309345360313,9.989066232393206,healthy
26899.18029543169,-0.0267979621489334,0.271996502559676,9.869461632199748,healthy
26904.254696445307,0.1913407687309812,0.2655108577525523,9.825109073276453,healthy
26909.28906336182,-0.0528857317310944,-0.1616337378703389,9.776078270132215,healthy
26914.342237324112,-0.3169323539743239,0.0559749265306344,9.966830603175854,healthy
26919.28415639344,-0.0326803636841843,0.0506296104182493,9.81206625119188,healthy
26924.35782134352,0.4606784571839677,-0.1463375200752152,10.003056964635208,healthy
26929.38893089255,-0.2002968124304779,-0.3234826496929748,9.792934890678245,healthy
26934.309743623013,-0.1823567342598603,0.0425908018356557,9.806877539561617,healthy
26939.236703736675,0.0446255851247874,0.2079294015548231,9.80356674334632,healthy
26944.274308820837,0.3043454508284564,-0.0651452516946556,9.868770426682664,healthy
26949.20328849414,-0.1115507093493844,-0.4317367772288731,9.87804015368457,healthy
26954.23542009054,-0.1584619337162465,-0.1292053635260478,9.829143877555778,healthy
26959.19538759803,0.1903170805145797,0.2438192903227138,9.89619605983392,healthy
26964.176268420237,0.3051336367447942,0.1860676854609928,9.836407175788995,healthy
26969.187256022386,-0.3065084559789702,-0.1951913368168539,9.836877823224508,healthy
26974.100921990685,-0.2168830153914051,0.3020433118103023,9.75913657499266,healthy
26979.148714652085,0.0486843677848087,0.2802021433271265,9.925596073153953,healthy
26984.167538173435,-0.1433332909382607,-0.0306058785923461,9.82805116228664,healthy
26989.12903171516,-0.2050705904898366,-0.0498153683947145,9.78663388263035,healthy
26994.171182499,-0.3441823959420508,0.2905117747412467,9.86306122406874,healthy
26999.18595023131,0.19280342661788,0.0051231960728115,9.831791389388137,healthy
27004.13023157815,0.0596549646116449,-0.1483322688740423,9.698057191126871,healthy
27009.13418334988,-0.1974017867546496,-0.2596086215505189,9.892194836485077,healthy
27014.09915370053,-0.1275194755703401,0.2281184509217833,9.667691816011082,healthy
27019.116475771007,0.3700583631733054,-0.0203436546768422,9.906465012074287,healthy
27024.0914258334,-0.183634506928139,-0.0936214262632061,9.760382616695562,healthy
27029.02072693352,-0.322795105423188,-0.2089000667196898,9.773463176024524,healthy
27034.07567453666,-0.065455136655445,0.2511063229377785,9.708788284397952,healthy
27039.100466446045,0.212458133482579,0.1589491615623302,9.854244028454458,healthy
27044.08670135945,-0.2440849984207365,-0.2636423757593271,9.929419028216843,healthy
27049.04712515296,-0.2897189020981848,0.1127696847826634,9.670387494096476,healthy
27054.039502089,0.0366308821927426,0.3034308216897277,9.82023012170597,healthy
27058.994471387094,0.3857337857845869,0.0884278982792702,9.903332115998513,healthy
27063.95087386649,-0.1603643436782831,-0.4120246145390946,9.817825879924834,healthy
27068.910881765725,-0.3053567467626686,0.2431875075777818,9.813561081044702,healthy
27073.96200293169,-0.0117595208126912,0.3770439478303758,9.708443588206034,healthy
27078.963969867007,0.1447413433866054,-0.1289931771029363,9.856362725218093,healthy
27083.83382968046,0.0056780105086809,-0.4413639869415829,9.857761466864243,healthy
27088.8684988554,-0.2356922718194741,0.2135949698049708,9.77196729004851,healthy
27093.919112529817,0.0583014866627685,0.2185602212726772,9.892125360432871,healthy
27098.93629230735,0.3757395124553823,-0.4183875634317713,9.812121253484277,healthy
27103.990152398652,-0.4347621792554849,-0.0416769884026885,9.919375497357445,healthy
27109.00912087283,-0.214940130116906,0.0613364134275818,9.85427961503213,healthy
27113.98658163968,0.3274905709818301,0.1425033721186385,9.784416313664783,healthy
27118.9609408999,0.1459973784870172,-0.1483159994420041,9.858434105330025,healthy
27123.97014354441,-0.1462476368764059,-0.2324079685556707,9.759687829417986,healthy
27128.937172515183,-0.1121104188289944,0.2778564524039082,9.6249290258951,healthy
27134.024040724413,0.3434600955094708,0.1355929305159154,9.878307015063724,healthy
27139.020237042914,0.1330563816649456,-0.272227779661264,9.802274582303273,healthy
27143.956811841283,-0.3004790721309556,-0.1731931819108662,9.890805767856104,healthy
27148.89054882517,0.1250642350297612,0.1820822918665028,9.7516715838045,healthy
27153.845622339148,0.1745856510988772,0.0681141328354523,9.792464483559728,healthy
27158.84946576873,-0.0297750601461827,-0.4470632212925059,9.79819788227733,healthy
27163.89289898004,-0.3361690055064222,-0.0516536909147411,9.718440543957843,healthy
27168.89506530101,0.1564276664289858,0.2233930524308181,9.844620174725668,healthy
27173.84308184704,0.3912499722310983,-0.2794419620236853,9.823924964070743,healthy
27178.81969185094,0.0558023678343477,-0.3946505953411582,9.601287791985296,healthy
27183.89827570023,-0.1825595346805174,0.2667356537802283,9.87886880972913,healthy
27188.875663323983,0.0756364208473599,0.2336102893187572,9.73539021881929,healthy
27193.88061957808,0.2131991200472157,-0.1143977184074751,9.976140992437688,healthy
27198.95511525575,0.0616784185834882,-0.2195210824600038,9.921023249746453,healthy
27203.933949933788,-0.4473405436735527,0.2560871001625073,9.873419007869362,healthy
27208.945336729623,-0.0449606808328681,0.1234505714153588,9.80762797146596,healthy
27213.92206056104,0.3117822278138061,-0.1901724000039378,9.856931772366435,healthy
27218.80925854285,-0.1338860424276389,-0.2343799159014062,9.778931368617242,healthy
27223.7544061284,-0.2720176537164381,-0.0202717214283464,9.719752553246993,healthy
27228.756854442065,0.1029203512966448,0.2032407142747471,9.921247448907057,healthy
27233.8224765761,0.0611877104179919,-0.2772666897895571,9.844352553196748,healthy
27238.864968718048,-0.2394301336534034,-0.2389373570939118,9.711452583668148,healthy
27243.86496349957,0.0113882464079951,0.3362556502351008,9.808820937694705,healthy
27248.815335960797,0.3766147591124918,0.3891488020995562,9.862967934449788,healthy
27253.85653596281,0.0480395945215915,-0.1488260024045515,9.656202395130942,healthy
27258.92647732606,-0.3903322230448905,-0.0048130826894829,9.8176003499148,healthy
27263.948875601836,-0.0416594972159618,0.352142234347426,9.897542600708986,healthy
27268.957538222825,0.3304536169864206,-0.0570114132669304,9.89397367755195,healthy
27273.95154600197,-0.1426287014356539,-0.2550229606458373,9.83114971839374,healthy
27279.05291834841,-0.3871920644962056,-0.0893486595687055,9.773127262078384,healthy
27284.001664752825,-0.0696029215776861,0.120218073225558,9.591154544647804,healthy
27288.951739939577,0.1928469050004905,0.2244232011915702,9.940382476277504,healthy
27294.0258112176,-0.0032518488261757,-0.3139490363579802,9.72716850586661,healthy
27299.061435344436,-0.3315530369879077,0.0006695534116402,9.805433868895422,healthy
27303.97763257792,0.1338347169817235,0.0761311996380198,9.75232080238453,healthy
27308.99846180811,0.1999120960419516,-0.1463084168289755,9.801835823263213,healthy
27314.00729749797,-0.123876128749686,-0.326399787897998,9.844021394349143,healthy
27318.991984905868,-0.1086790397594264,0.0361803263927361,9.802310297135245,healthy
27323.989223228826,0.2689050549150024,0.2060092704740294,9.901788500346974,healthy
27328.921788430744,0.2257152241596876,-0.1737704285250106,9.960629381980477,healthy
27333.9391123568,-0.2792745860417861,-0.0765731973897184,9.727994101828402,healthy
27338.95911037068,-0.3071011343192801,0.3926236524400356,9.763509857253922,healthy
27343.95221698437,0.3996410676431794,0.1470324770825057,9.993551249590896,healthy
27349.019946082422,0.1680044885486304,-0.2729698601401959,9.834022981421908,healthy
27354.10092215809,-0.2792098119246882,-0.3396139484832664,9.733688087981015,healthy
27359.07951835369,-0.1152551121833578,0.1106489893001967,9.814158021819738,healthy
27364.07945421482,0.1487586860818947,-0.2356110543930079,9.98770607694976,healthy
27369.1960262296,0.185796482009636,-0.0068508978342678,9.855401704159272,healthy
27374.119962951747,-0.3069875245483761,-0.0690346666358076,9.770408678989394,healthy
27379.133986778183,-0.1043142549729075,0.0431847710829252,9.90565107950814,healthy
27384.127840802263,0.0158917025645946,0.0003624017545735,9.896575153892764,healthy
27389.174576105903,-0.2098703485506355,-0.2901668474451567,9.801662121123188,healthy
27394.227807653628,-0.2689866075727354,-0.2273057473976401,9.73768729976443,healthy
27399.31041267485,0.0822590175355516,0.128455115562352,9.749263024187746,healthy
27404.35468906223,0.2660756313305588,-0.1391098994417275,9.919578526895211,healthy
27409.39499223118,0.1721352492768629,-0.1483790411697913,9.88049810138664,healthy
27414.42142552353,-0.3549421264134788,0.2922936283675921,9.818197379813377,healthy
27419.384554135773,0.0946495927090474,0.2231876706071321,9.702760474684569,healthy
27424.410901844145,0.2093664840471203,-0.0119558120001991,9.810886455707442,healthy
27429.401372892564,-0.103809475653653,-0.3601288223405667,9.693872254483754,healthy
27434.431554038907,-0.2144178672010473,0.2540842852904016,9.8778375359572,healthy
27439.389131235577,0.1192270641066716,0.24927321640281,9.870922785383168,healthy
27444.39387118851,0.2012406125201209,0.0306114592676573,9.79140156443922,healthy
27449.44674200292,-0.0240757031795998,-0.096783399884363,9.753722971661494,healthy
27454.48626701336,-0.0682136875950849,0.039026479644994,9.72523302650526,healthy
27459.538569993176,0.1084102044185122,0.2127737096049277,9.840742932410812,healthy
27464.56900573562,0.2689926404522248,-0.1507940839895623,9.7932245627956,healthy
27469.58188926342,-0.3297218259806428,-0.0337506560412483,9.783988993333532,healthy
27474.53488533304,-0.3152454555461752,0.0599787890155401,9.891313382389203,healthy
27479.52009188,0.0625858788929157,0.2831984531226028,9.977670057332489,healthy
27484.50321667916,0.148326523821215,-0.3672416040071257,9.866483857985283,healthy
27489.445103279595,-0.5502686578032985,-0.1444553252706354,9.831969186552351,healthy
27494.41678580334,-0.0085992429543998,0.3948585035390938,9.849101984357404,healthy
27499.4306262984,-0.0677940435793693,0.1411025306875152,9.835182864945583,healthy
27504.505128487155,-0.1333746816103279,-0.1690375452421916,9.731207517054678,healthy
27509.537914542347,-0.1382364012123502,0.0620693141494578,9.692538602023513,healthy
27514.493517237523,0.0603777104584575,0.4269213705539575,9.924581125668006,healthy
27519.457384105037,0.4126512307448133,0.0450300955607904,9.953510140662573,healthy
27524.381554518368,-0.192822579092264,-0.1701794395940335,9.7895840169935,healthy
27529.442720421343,-0.0968327166567067,0.1398858755356056,9.724032075859222,healthy
27534.396344149187,0.1883144184407958,0.2416729819868004,9.943088074324338,healthy
27539.414554443152,0.4080295293127984,0.1535647824370545,9.89273851009703,healthy
27544.393929293747,-0.063734375974511,-0.2600508926519473,9.82114758737169,healthy
27549.362367053134,-0.0882443708886432,0.128432447475158,9.859440171878845,healthy
27554.380610995337,0.1896465988096763,-0.0019599104267889,9.813747507073469,healthy
27559.487073816435,0.2280768598892351,-0.2881926762590849,9.740268680991324,healthy
27564.474040393983,-0.1017955515709194,-0.1070541419153157,9.779873371875112,healthy
27569.477562286484,-0.2945074502801834,-0.0539092167996757,9.73951280335197,healthy
27574.50968389292,0.2235451591902309,0.0946621679823847,9.770272208546146,healthy
27579.44756496926,0.2432169897011887,-0.0326579297434503,9.945560459825863,healthy
27584.418081502237,-0.1591787845478305,-0.0181392479399875,9.83536294495547,healthy
27589.464024833054,-0.0887468581537101,0.4348179374010759,9.841640158734492,healthy
27594.491533720397,0.0174704863672638,0.1792941524770669,10.15795310971668,healthy
27599.547874529755,0.1056175478295768,-0.132991857154818,9.93927314753929,healthy
27604.55158166396,-0.2451577893744334,-0.1844269109132688,9.762039628589076,healthy
27609.54383087612,-0.0775049403091543,0.0903809392263374,9.79650060581766,healthy
27614.49187597427,0.1431027710638573,-0.1200646393249156,9.878719422011608,healthy
27619.507835015906,0.0930344620583695,-0.100307272901736,9.97815613333783,healthy
27624.563192502286,-0.143626475902674,-0.0854800105968683,9.72157546654278,healthy
27629.53758833036,-0.0325461422666115,0.2442401616864521,9.694055539627596,healthy
27634.58642892215,0.2175572569661065,-0.0733605355210345,9.838267679295834,healthy
27639.54492342292,0.1043032461581779,-0.3654852384237097,9.851301138550305,healthy
27644.594674420245,-0.043379278317544,-0.0757401280821362,9.594047968353294,healthy
27649.577849399,0.1612775832106963,0.3094966569080725,9.822161697618188,healthy
27654.57599033974,0.1320378770441462,-0.1103599422092256,9.823990850799262,healthy
27659.44382270893,-0.1295598880038941,-0.0965752653281097,9.843413515855431,healthy
27664.37017801013,-0.2512245965673491,-0.0518146806788706,9.572609853910835,healthy
27669.38364359024,0.013880026377469,0.2687589255524536,9.897497167180934,healthy
27674.423096038547,0.4299918682082975,-0.1070311728862052,9.835939499724557,healthy
27679.388886185214,-0.2183188034756675,-0.1797112101105282,9.775624658430496,healthy
27684.391874302244,-0.2414758266220785,0.2108156933093111,9.5845906459609,healthy
27689.377678146902,0.178766128787927,0.3266718857335887,9.927883445679855,healthy
27694.377779953724,0.135555728366024,-0.0843050527488825,9.89703553927032,healthy
27699.318427998463,-0.2442290327750968,-0.288080069341703,9.829106827842184,healthy
27704.3377100144,-0.1987664956824691,0.2265265905754801,9.515295025967143,healthy
27709.403310788137,0.1573572651251921,0.2047298595561264,9.86219648229902,healthy
27714.447126156563,0.2656908809129669,-0.3471962481599937,9.889936929276642,healthy
27719.43036529569,-0.1200774501823972,-0.3959654487074006,9.799749789670072,healthy
27724.49645236765,-0.0301252392054233,0.2424933669636168,9.835623549747764,healthy
27729.54424556545,0.3605454698217313,0.0902252883470105,9.826108978062992,healthy
27734.667476742063,0.1982962531349287,-0.0775629345550759,9.817616727149495,healthy
27739.660060437523,-0.3555046389422371,0.0729499662062725,9.801512741285672,healthy
27744.6653588996,-0.2627927830423413,0.1662845373649814,9.872051762353127,healthy
27749.68734034338,0.2219493185755897,0.107826540091062,9.830484351283475,healthy
27754.66582151008,0.1303569919359384,-0.1938283458809072,9.970068385404316,healthy
27759.5958757838,-0.2676895787142727,0.2402912655565418,9.746128841986604,healthy
27764.616516111077,-0.1710720005933918,0.3483731135502821,9.9083174600448,healthy
27769.556918729184,0.0666547897426925,-0.0235746243990816,9.879138355481226,healthy
27774.53387666172,-0.0495310228447617,-0.2842292492175733,9.7859035494833,healthy
27779.509749015164,-0.2820926206278071,0.0050109637642006,9.674732474818136,healthy
27784.493650744946,0.2419065789263689,0.2297782910370083,9.85513734762207,healthy
27789.528448125217,0.3565587153822449,0.0221057792273708,9.78638008977769,healthy
27794.5526903776,-0.2807011270161459,-0.0774686970440312,9.82461337501648,healthy
27799.56160024021,-0.2321041275504578,0.1277922645192665,9.653729141895075,healthy
27804.58134493023,0.1761899277071238,0.2993653014745692,9.754569617587537,healthy
27809.63463455337,0.3942290601598504,-0.319003956844937,9.783429007637102,healthy
27814.713933492192,-0.0373267923818887,-0.324668939598674,9.740544352658668,healthy
27819.73062657879,0.020577256711365,0.3094506987751558,9.657319682961091,healthy
27824.87158784766,0.2840451496026638,0.2919909867311098,9.955120844811509,healthy
27829.90245957467,-0.171365618088715,-0.3629593471294594,9.93536170455335,healthy
27834.985005582184,-0.3616399456274994,-0.2335164657700714,9.78361349005743,healthy
27839.948075397544,-0.0918999135740824,-0.0666565336679491,9.729746563895924,healthy
27844.99808927301,0.2758136198784899,-0.0918697742534862,9.845880174268457,healthy
27850.071612615408,-0.1095997497449219,-0.3337225134398054,9.762699498404432,healthy
27855.105827670235,-0.114621565639037,-0.0792730588807065,9.722293301409822,healthy
27860.062860441,-0.1138503628615802,0.058035423104463,9.663326029879482,healthy
27865.08335825644,0.0259096122418746,-0.0427484690905183,9.854253807969036,healthy
27870.05980502748,0.1767667626910867,-0.1726170029147158,9.850923953841516,healthy
27874.992777567364,-0.2003499521434338,0.1726998604315773,9.704632363895266,healthy
27880.029370701886,-0.0952357173402219,0.194331596698572,9.792455043412197,healthy
27885.004006687253,0.3192178876840784,0.2960395043342236,9.76685680219166,healthy
27889.939772226626,-0.064341102892068,0.0087848508095047,9.82412089454984,healthy
27894.96213288866,-0.2369477717419421,-0.0522079813836217,9.74899386657635,healthy
27899.962268033047,0.148814711111619,0.1642561348317462,9.951898926303471,healthy
27905.011189975576,0.214411425226765,-0.117835919171582,9.868675886321292,healthy
27909.953792890643,-0.1276366156315133,-0.4656256114076287,9.884213764191044,healthy
27914.99840023734,-0.1917742131476005,-0.0460970815039938,9.662388760312735,healthy
27920.08656196437,0.1047894125692573,0.1981479927142878,9.8325098872274,healthy
27925.072911259173,0.1936346383063392,-0.2556095968040167,9.707080246493796,healthy
27930.15146214848,-0.0958339913994978,-0.2943406062800358,9.870159757647665,healthy
27935.180375202905,0.1127731689420757,0.2721498073758183,9.918219902723605,healthy
27940.17051552211,0.3992919301843183,0.0992291555723833,9.68737270675686,healthy
27945.091407494947,0.2171545236000838,-0.0709610686572667,9.933277448328049,healthy
27950.11298484176,-0.2422498616034775,-0.1306150822217364,9.782831283277666,healthy
27955.048983989636,-0.2639523417824555,0.2277013460794619,9.775483312681962,healthy
27960.07806132086,0.2979942400138547,0.092246908825436,9.89737032176283,healthy
27965.158801716272,0.2175931012910345,-0.0111381249475119,9.856061097648295,healthy
27970.174846000944,-0.3472213485193202,-0.233416260582881,9.76843507086112,healthy
27975.17608059676,-0.1608326745235069,0.4819278576477938,9.732936175130863,healthy
27980.1985210221,0.1986110011502212,0.321093093921994,9.850693702252457,healthy
27985.22479226868,0.1321389553815137,-0.0668437835527834,9.777130763205385,healthy
27990.18921415852,-0.1341166249823031,-0.1757783531011946,9.67319579278067,healthy
27995.191358847696,-0.1265554407693827,0.2706763669820775,9.785112097245843,healthy
28000.06826438287,0.2632247713424821,0.0100198646287586,9.908810074391852,healthy
28004.99613997434,0.0870237043442671,0.1080930692538203,9.769336862457042,healthy
28010.02845037421,-0.2962654292019382,-0.0935708215501857,9.960543025463076,healthy
28014.949963535822,0.2331140445032192,0.1835107308647545,9.854297426125347,healthy
28019.92148867519,0.0030244348221302,0.0903472688704837,9.74223124990886,healthy
28024.904533040102,-0.0294095831460323,-0.2371728799890334,9.839216180582827,healthy
28029.865259751223,-0.2904119704184887,-0.2562939748008084,9.678447292000191,healthy
28034.90640591949,0.0532347448328389,0.2152152227639913,9.912258922192413,healthy
28039.935349242078,0.0194289695239525,-0.0848805010134901,9.7854472174228,healthy
28044.98057988783,0.1135862159172594,-0.1030916614166495,9.815370823767015,healthy
28049.917753776543,-0.1173768716624422,0.1409039222914731,9.655614553192816,healthy
28054.96413576056,0.1624123960122673,0.0375597555623694,9.793566395830275,healthy
28060.03734489988,0.1196880449623787,-0.4778430985628228,9.83182592719726,healthy
28064.929212755324,-0.2810392055941353,-0.2306571540593326,9.808328801203112,healthy
28069.935162084446,-0.1606961728164317,0.3498498558160914,9.749236052233828,healthy
28074.92773736406,0.2034376258890286,0.3794872877541206,9.88792967818652,healthy
28079.99163565395,0.1865722910687762,-0.2613741748511701,9.91111878317292,healthy
28084.93638248532,-0.2293187826801135,-0.1067654609109556,9.739660790892769,healthy
28089.945234575163,-0.2591522026042134,0.3434262278951877,9.762661307742526,healthy
28094.98793312764,0.1226749860556513,0.269239225184698,9.757123322120837,healthy
28100.0216887587,0.0080398273172145,-0.0899941283653537,9.879331148458151,healthy
28105.040606285565,-0.3621107922359594,-0.015016294981505,9.683874793714311,healthy
28110.074329959563,-0.2058474302931265,0.1416984166459481,9.923381285124378,healthy
28115.037023699577,0.3478956532507504,0.0726123622051334,9.855112352060743,healthy
28120.03282151769,0.0520393730890352,-0.2005708697439443,9.69351947879468,healthy
28124.99611700355,-0.1767287203884205,-0.2640390492018615,9.88367294670832,healthy
28129.88002432482,-0.2548859896942766,0.2033307831321537,9.837642114371112,healthy
28134.953589126257,0.2825176800799166,-0.1652774264804178,9.800834477104983,healthy
28139.924635187093,-0.1618418598285024,-0.3835845229136504,9.725718980636504,healthy
28144.986250352125,-0.3091485026787401,0.016094876531278,9.641741689699964,healthy
28149.86257345359,-0.0613622415467095,0.1489631087903878,9.93887876290462,healthy
28154.83237171184,0.2356768070566911,0.047344038903362,9.881402747365843,healthy
28159.75848514542,0.2084190431468121,-0.0137860955732113,9.792045076797674,healthy
28164.847524471814,-0.3309116736676503,-0.0402757285819819,9.73608579689154,healthy
28169.839935354397,-0.1016310204770385,0.274942463448566,9.876522511633512,healthy
28174.87709890077,0.2497361190405876,-0.0422321669257417,9.780248503806687,healthy
28179.95420582769,-0.3565646759532699,-0.3492131137364452,9.675520715898053,healthy
28185.000057445683,-0.1873683700199449,0.2276464216674014,9.871367184104818,healthy
28190.06451180117,0.0750928330423844,-0.0378367172012708,9.858752264122874,healthy
28195.04626518577,-0.0808409186508777,-0.2783658452991061,9.919143961265764,healthy
28200.01007672823,-0.4141833637806429,-0.2462072202160208,9.78430394823319,healthy
28205.04404352688,-0.1837920374061273,0.1700535803772651,9.826119176030144,healthy
28210.09199322483,0.1516691918361364,-0.053297607507923,10.03608028391688,healthy
28215.102874091936,0.010536048940256,-0.4447768641055598,9.879043867516732,healthy
28220.11424458248,-0.2658724093766644,-0.0707282470773553,9.829756511089023,healthy
28224.990820088224,-0.1460578063050567,0.216567196507693,9.822810646133227,healthy
28230.01655988088,0.2558897259324787,-0.0697126821174084,9.950385788877664,healthy
28234.972406561068,0.1395220686968974,-0.1593094571659261,9.752970154303108,healthy
28239.919373578912,-0.2851665230587146,-0.1990566715095053,9.775285518946545,healthy
28244.90597974899,-0.0066089304885782,0.2810829674435655,9.745436375971542,healthy
28249.87759122001,0.2655327877410016,0.0573071575786593,9.998823912825644,healthy
28254.777685506306,0.0647545769737981,-0.3847316347219417,9.831904926960306,healthy
28259.83836936672,-0.4428513940882578,-0.0899822179868791,9.803143750193408,healthy
28264.88838619596,-0.0892790782905722,0.1028127783124472,9.800183502809825,healthy
28269.821658855923,0.1986627450187278,-0.1758077636779056,9.85177410541543,healthy
28274.73494324804,0.0893166317145074,-0.3434008231663727,9.724307251838818,healthy
28279.72699653867,-0.2589186738426419,-0.2701965509747447,9.78282969585769,healthy
28284.58541381879,0.298541835517908,0.0690529767638104,9.772267399577252,healthy
28289.61296328672,0.421603572710147,-0.1264011602708618,9.930307481733855,healthy
28294.53944212444,-0.0495838269632305,-0.2520271198428014,9.660274917512057,healthy
28299.596971197887,-0.2761309459382584,0.178632861260418,9.662869791803724,healthy
28304.63728962621,0.0724579616279056,0.2621031995144902,9.84400283382105,healthy
28309.605950042136,0.2236166373320706,-0.0564719237708397,9.760538911477871,healthy
28314.54272366881,-0.1080571269488969,-0.4274279606132058,9.705520384750823,healthy
28319.53853992244,-0.1708565014460078,0.1155150265138255,9.862636295082115,healthy
28324.51158640558,0.1997118326667103,0.1765754007753151,9.778013125020095,healthy
28329.46599252057,0.1937773055989947,-0.0462535895906605,9.65475287591683,healthy
28334.41940917252,-0.1946476661299785,-0.3615671476012506,9.764454373996138,healthy
28339.403314528798,-0.0861850459699307,0.223912762729373,9.760300762339869,healthy
28344.433129165587,0.2066788516317315,0.1231926632487383,9.669858840889152,healthy
28349.417085604044,0.1283879980815744,-0.3020583095858228,9.79903571333398,healthy
28354.503049518447,-0.0839829570122045,-0.2301265684083631,9.812462741189751,healthy
28359.50054455737,-0.1078741608798051,0.288611475821518,9.806845038487426,healthy
28364.539001629157,0.3561559307358946,-0.0097495117356171,9.779544705259635,healthy
28369.50526732711,0.1662779161249847,-0.2688821047806418,9.863466560478765,healthy
28374.54289638566,-0.2933526487013354,-0.1815299455498137,9.63351894525056,healthy
28379.47991572457,-0.1424073183286288,0.236235513694125,9.814403021478116,healthy
28384.487452231464,0.1960676595852314,-0.3553071845685474,9.935203565436836,healthy
28389.51999843447,0.0707328750251289,-0.5836678756239319,9.677772007882083,healthy
28394.465812517865,-0.0238992818081986,-0.0973478496236308,9.7848485386267,healthy
28399.523265056807,-0.0457700654300917,0.2715580616027145,9.876373417777184,healthy
28404.570582531134,0.3124473134170491,0.1347449906190048,9.87893562907096,healthy
28409.607281993347,-0.0335737912156756,-0.22839094169987,9.803536857374478,healthy
28414.553406606145,-0.5039388138340561,0.2333921932041067,9.686174455778175,healthy
28419.55723596453,0.2810996053516799,0.3493843384328822,9.867179126918389,healthy
28424.504440492485,0.4465082950344474,-0.2515765850467725,9.722438893729391,healthy
28429.61328669912,-0.0447827159179184,-0.3289769836819859,9.800109566573418,healthy
28434.526934334,-0.2128899901334003,0.2860457023748276,9.609727949000051,healthy
28439.512417748865,-0.002766303981659,0.1034698088512109,9.903398716577495,healthy
28444.55828371033,0.0680481677660943,-0.2785246726895531,9.930139033723448,healthy
28449.57330942078,-0.0168485661808259,0.0306960015351071,9.749626008977348,healthy
28454.633091266816,-0.3952823063922515,0.2946022337732338,9.88007991282763,healthy
28459.60343880271,0.3812130122799989,0.1527929212231884,9.892440449019569,healthy
28464.62395908756,0.1444756561868078,-0.4735786131470826,9.742036306709505,healthy
28469.61017443902,-0.2671149083593573,-0.4088812710047097,9.750569318354136,healthy
28474.59150973016,-0.1944652596377287,-0.0230491681177866,9.747280877544714,healthy
28479.51137294396,0.3848131224990239,0.1655365721408644,9.862457894523258,healthy
28484.55596258784,-0.1053428304195323,-0.0830322644998768,9.66300343774966,healthy
28489.553515767453,-0.37622491763607,-0.0159983723970618,9.757246237507788,healthy
28494.493552090004,-0.0113656349850702,0.3441278059854203,9.879169093091592,healthy
28499.484420709334,0.2485420338633004,0.1256068094681939,9.882508977502336,healthy
28504.49218803513,-0.1813664911002755,-0.3389042361734271,9.968267599611222,healthy
28509.43796574057,-0.2771884556283396,-0.0639841584085147,9.83522909090411,healthy
28514.435868356795,0.1815667349747118,0.1943634392855924,9.700674097697938,healthy
28519.47639101475,0.2574945839238272,0.3320107786856346,9.876939897038266,healthy
28524.47870682322,0.2670817888086256,-0.0507476097240808,9.940408809031648,healthy
28529.479162281223,-0.1213142849449643,-0.0171186894076105,9.749321119946892,healthy
28534.506040365988,0.048113435547379,0.3089395885188051,9.888243238213592,healthy
28539.577246957186,0.0675581714419807,-0.0145567781618464,9.787006850109409,healthy
28544.593089952006,-0.0674942189074837,-0.2418377238268862,9.744734999181112,healthy
28549.59653853643,-0.2199977440555488,0.1166877424223143,9.730868199119667,healthy
28554.624515329848,0.1383797744142924,0.5136888122915235,9.761688679185012,healthy
28559.617322707007,0.316325227216178,-0.2578718869714657,9.853707101414315,healthy
28564.626405258576,-0.1874317861441899,0.0034878837818727,9.669199171711623,healthy
28569.576566246986,-0.031582494658054,0.1309378757905826,9.810532234726946,healthy
28574.570300505435,0.4118075225265733,0.2241568291550217,9.784089137587276,healthy
28579.6148292342,0.2183393916060581,0.0154916554571433,9.69952805106197,healthy
28584.644300383385,-0.2673182871680755,-0.2007303110658944,9.757121447433068,healthy
28589.656742645297,-0.2728421787481057,0.1060441765085461,9.687241534446809,healthy
28594.59022845109,0.1284436238846707,0.1707616486817509,9.883873413103906,healthy
28599.59635147724,0.1077990246547453,-0.1572289113135471,9.887623915415045,healthy
28604.601973908702,-0.2562551827536664,-0.0295352311958423,9.769900123752429,healthy
28609.599201946217,-0.1250589692851782,0.2510698332617589,9.793357605270188,healthy
28614.580963226264,0.6434216873659999,0.1239277685072584,9.735048531748614,healthy
28619.57213524923,-0.0241659890501631,-0.5303480214992837,9.80512883942274,healthy
28624.51331803561,-0.1745701102113572,0.0395290809372843,9.859589481565807,healthy
28629.494105289305,-0.2129578501356324,0.1651255649943501,9.878872495000415,healthy
28634.49836314765,0.2596093285890474,0.0158938712046707,9.953891439996964,healthy
28639.502670256352,0.1571358508052668,-0.1668356000099649,9.814333556452713,healthy
28644.47986494668,-0.165640581676568,-0.077218516380969,9.747637341886012,healthy
28649.410603035823,-0.0135921193182707,0.4142545371487773,9.842447459219342,healthy
28654.46351477372,0.0041215647196131,0.1070380252632105,9.841242338469344,healthy
28659.385926535186,0.067228937126103,-0.4008512749050078,9.807212140951348,healthy
28664.38643722851,-0.1183127672137759,0.140745616705281,9.77270185660412,healthy
28669.439086498067,0.1429942607106025,0.3022639826784061,9.88300031600015,healthy
28674.41104615884,0.2100849175644605,-0.1729991220557667,9.735668255428225,healthy
28679.376771115072,0.0473722888674725,-0.442211411566448,9.656259597821366,healthy
28684.42451892069,-0.2560082806654484,0.2354578904507449,9.900450769896796,healthy
28689.411420439064,-0.0122824605678387,0.1907697728964253,9.780478567748805,healthy
28694.424403920733,0.130112252358378,-0.165796320877502,9.883220434491008,healthy
28699.452650256124,-0.0107339000307724,-0.2731762420198054,9.771686472487836,healthy
28704.47311797876,-0.1146625366022464,0.3397304883211855,9.71426597074354,healthy
28709.51258367953,0.2416078863740629,0.3175550392161808,9.890691556753664,healthy
28714.52072558926,0.0767682166871435,-0.1730452778685886,9.85383616257325,healthy
28719.55066111708,-0.2188002502960018,-0.0822595028789801,9.733659999789726,healthy
28724.6305294779,-0.1654943344673493,0.2880600405596336,9.83995834324418,healthy
28729.563449352645,0.4939750868462155,-0.0467673250551305,9.833865527999464,healthy
28734.615132422627,0.076078205603921,-0.3174253968359102,9.941625995242616,healthy
28739.624181613588,-0.330286761552737,-0.0243796279963521,9.73360778136877,healthy
28744.63183731844,-0.0553224654057377,0.0211237360907063,9.905109897369584,healthy
28749.73026712587,0.0293136951451888,-0.0591291974886767,9.759962026222356,healthy
28754.67276225436,0.0247178994501134,-0.3531184427337165,9.779275978184211,healthy
28759.742790109456,-0.2469391913721923,0.2251313593209979,9.797361449375089,healthy
28764.85694921931,0.0671153516354721,0.0879744389485472,9.882926230733776,healthy
28769.940102453624,0.3108228224896537,-0.0275509034060992,9.962958445926008,healthy
28775.043498781364,0.1166769472876343,-0.2132379157984176,9.754516789085962,healthy
28779.997898656296,-0.2035933720825432,0.1617386967615472,9.751878899083753,healthy
28784.990339668875,-0.107320652136975,0.3124921305221903,9.850176741505075,healthy
28790.0028877167,0.1726966987367757,-0.0706887582161394,9.87485948489304,healthy
28795.049069304805,0.0687271567203946,-0.2301495356053399,9.697235635202464,healthy
28800.022480570147,-0.1722034465535814,0.2751098462222596,9.726491927202495,healthy
28805.022911598902,-0.1147814874284257,0.2296434365654268,9.849700700182304,healthy
28809.979480551083,0.3505518523030664,-0.0340671356326556,9.822221642508469,healthy
28815.01092841944,-0.4716243540332017,-0.2696949189829534,9.788610868258742,healthy
28820.026886310057,-0.285481967316194,0.2471961634832073,9.768580913026302,healthy
28825.03644133632,0.0797163238471275,0.2045518071099639,9.865314155878297,healthy
28830.07012726701,0.2301663734536391,0.0159489460372318,9.75305573288652,healthy
28835.03001133597,-0.1497269289776228,-0.058377847435246,9.603870984457842,healthy
28840.013713576627,-0.0238183448872391,0.1859469924346314,9.660104928673706,healthy
28845.00345712084,0.1917096306833949,0.1703516246875043,9.786218089042473,healthy
28849.97616371593,0.1229242283678653,-0.2076533124970255,9.849744349440996,healthy
28854.937949170453,-0.0986967549245126,-0.1120980833416528,9.659532523871707,healthy
28859.984265541298,-0.081170856136508,0.2885610492548291,9.860927215593538,healthy
28864.966518331243,0.2231228387649217,0.1755567373403101,9.79815001111243,healthy
28869.95180742448,0.1847967908334633,-0.2659635617156922,9.883286086422554,healthy
28874.922561150004,-0.2353549168840399,-0.318479483144881,9.590038851916033,healthy
28879.94279105665,0.1252574023011141,0.3012305353043257,9.829110791296408,healthy
28884.893546171243,0.1604741449598165,-0.0579048082640301,9.943795203071277,healthy
28889.916418281813,0.0194615303942719,-0.1822798727109053,9.7448860269755,healthy
28894.8545471034,-0.080882165116365,0.1253265839587864,9.705818390147456,healthy
28899.92478729908,0.1982623562356094,0.2254722044428589,9.840751844498508,healthy
28904.833722937045,0.4472969095948087,-0.0652659993495647,9.780549177992851,healthy
28909.93078706638,-0.1600955961920664,-0.4536516338767852,9.97991024216878,healthy
28914.914789586357,-0.2184913220042083,0.0325548901162553,9.887980075808422,healthy
28919.89782392559,0.1587439987187049,0.3885805266042602,9.88215099234976,healthy
28924.868967833787,0.1172610434470466,-0.2609049445377236,9.863750066237715,healthy
28929.857406752795,-0.1915741262280985,-0.2603827732394767,9.846797309369643,healthy
28934.860263963397,-0.1427862332569502,0.1130108606382685,9.825372805832432,healthy
28939.918667875463,0.196245469378048,0.2096662615651089,9.704434056700656,healthy
28944.957643746347,0.0058139952492742,-0.1147896059466063,9.686366319831173,healthy
28949.83926236936,-0.2095845799197339,-0.2266451561281842,9.643878891618224,healthy
28954.73357427077,-0.1788108449817119,0.1862848735307974,9.71654721244566,healthy
28959.719454841445,0.4108131330276321,0.2607884789053763,9.665132126181463,healthy
28964.651541646646,-0.0060222209991919,-0.2126120964340521,9.89558406509085,healthy
28969.669501851786,-0.1624699880145612,-0.2976740193558298,9.947538819853827,healthy
28974.68547167883,-0.172060444262211,0.2906560037525525,9.75821303960244,healthy
28979.70516772309,0.1337709355189998,0.2252748147357162,9.821498546827904,healthy
28984.710947515272,0.1495679472026772,-0.3615775986590335,9.698130330985649,healthy
28989.637644869486,-0.1863583817276528,-0.1854509283638298,9.700202251173469,healthy
28994.65502575252,0.0087871532102144,0.3270238966139941,9.714665006313975,healthy
28999.654372550274,0.3554685135772471,0.0893848883713072,9.905539170063031,healthy
29004.66289707386,0.0774517346350507,-0.4435138072795018,9.8532516019324,healthy
29009.64785701884,-0.343794489975343,-0.1060484458052118,9.75562621323155,healthy
29014.69101977562,0.0868393084012878,0.2448920519672758,9.798171871054691,healthy
29019.62533386844,0.0536813312777866,-0.0797663884058645,9.884403611984157,healthy
29024.648156504933,-0.0636292684403886,-0.2776722222514137,10.03140966520866,healthy
29029.682729818174,-0.326855273535284,0.009506222179429,9.83949562016331,healthy
29034.70538686853,0.0530368604183269,0.1859854038721193,9.866372943707296,healthy
29039.854015176923,-0.0349133504572679,-0.0254184146268055,9.793066617185946,healthy
29044.865753211903,-0.0263206559011104,-0.1362693162736916,9.835660185774008,healthy
29049.899361891657,-0.149414545593561,-0.0775266611738193,9.762106293073703,healthy
29054.82210417344,-0.1172709948908516,0.1081759129686603,9.676343096454088,healthy
29059.85678775825,0.3312151059395214,-0.1703770553014018,9.868778632148311,healthy
29064.8485299771,-0.0933920657934946,-0.1448190585862052,9.779452115364862,healthy
29069.816192652117,-0.0425346631948729,0.2304242967250552,9.75606048745044,healthy
29074.83494230316,0.1151488133728689,0.1193007009962578,9.874962440407067,healthy
29079.81151741373,-0.0549196706504654,-0.2506301113258349,9.801765174518142,healthy
29084.917184346414,-0.3148637546343608,0.0276919563382692,9.734560269013992,healthy
29089.88692408275,-0.1524725319594007,0.5007441290616342,9.686213833202862,healthy
29094.871399077085,0.3275597786905156,0.0094265384616679,9.886678029691083,healthy
29099.86429167521,0.1083583838203595,-0.3788236902974711,9.784042067355063,healthy
29104.900683539017,-0.1993568618427396,0.028463623159397,9.736930095969797,healthy
29109.79943377721,-0.0207728867039232,0.1115484456330664,9.634657806638677,healthy
29114.83841668751,0.2192391927158212,0.075270866904344,9.93431087623075,healthy
29119.86338030669,0.0872167172110334,-0.1726397650751683,9.895634963588948,healthy
29124.884030690777,-0.4237327845329605,-0.0028927653107289,9.7760592213942,healthy
29129.83168672274,-0.0162883027400662,0.2791414492323525,9.752244852607356,healthy
29134.862091253977,0.3541452741554662,-0.04778729871385,9.717804828041167,healthy
29139.77051966829,0.100779277682865,-0.4638091461422629,9.835142422148529,healthy
29144.795947595165,-0.3807185081514723,0.0415456871119791,9.804440343394711,healthy
29149.7810439927,0.2040507962993877,0.2497957272048008,9.647289775824206,healthy
29154.81030424004,0.1035178080749102,0.0165230963038609,9.962914032467271,healthy
29159.862650232342,-0.04016767504087,-0.3767186771396605,9.943828756118853,healthy
29164.840052686035,-0.3655628817791141,0.1754069130020064,9.80852449657973,healthy
29169.910129042164,0.103987753280922,0.0177091665874594,9.912524108030322,healthy
29174.8840110179,0.0783466961081857,-0.2204373233183579,9.720636661020244,healthy
29179.9011662498,-0.1462044297734588,-0.2836843321255217,9.909942480156875,healthy
29184.89936370636,-0.2454895006647688,0.4145968665408905,9.805688387801762,healthy
29189.815850956984,0.0912840056385868,0.3107796544634544,9.894089973203563,healthy
29194.835710067928,0.2129985889003285,-0.2023279122651028,9.723928300917896,healthy
29199.834046564592,-0.2533526601764581,-0.1117805136116169,9.692126769100517,healthy
29204.82191083634,-0.1613046266136011,0.1915381994949852,9.78127391348674,healthy
29209.858301197397,-0.0157242420374826,0.1234106735758209,9.74516532189207,healthy
29214.892389338307,0.0701310241618193,-0.3149579170207963,9.86274121540231,healthy
29219.894601259795,-0.2254093817621402,-0.0838470405625794,9.798609276888063,healthy
29224.796892203176,-0.256886754448086,0.2248733231404938,9.89722375757995,healthy
29229.747324836942,0.0239585953294006,0.0979300015958708,9.929612837027962,healthy
29234.767563059067,-0.0361573166202229,-0.1727623349891113,9.753749294008887,healthy
29239.772368078196,-0.098002792464019,-0.0783943729145993,9.81727519421471,healthy
29244.770127699805,-0.1277158998036206,0.3015137531885281,9.61919704338866,healthy
29249.744456635883,0.2289085262338696,0.0300106875861105,9.850240575974787,healthy
29254.70804109626,0.0412568467869028,-0.1924434576860668,9.819293956105977,healthy
29259.72093220753,-0.090919981049901,-0.0801743528872865,9.719627191645417,healthy
29264.70645736204,-0.1383755527578611,0.2149612927733151,9.73459667921732,healthy
29269.73634830729,0.3423555609969456,0.0953170242500232,9.846254766578603,healthy
29274.692945465948,0.0315169606874541,-0.1852564155660666,9.929549127575369,healthy
29279.711117757743,-0.1939529971937033,0.0142248395453855,9.79617280363076,healthy
29284.748785044318,0.0542948647472266,0.4091400029546373,9.887061810893472,healthy
29289.68847381426,0.3073237912048749,0.2729908946987233,9.85846685530367,healthy
29294.696869559528,0.0317585617767547,-0.33014416860829,9.880051045338565,healthy
29299.66884952912,-0.3234226397979648,0.2179864175397619,9.885806744545546,healthy
29304.60429480808,0.0190661533519451,0.1642577365960258,9.904816701794475,healthy
29309.530789023425,0.3841125880566182,-0.108828637674681,9.879315561798023,healthy
29314.46116426156,-0.1429875947229736,-0.3312433408699366,9.72388917259263,healthy
29319.4774033028,-0.3444950869265565,0.4095117148248394,9.777713639935325,healthy
29324.47248225507,0.1083104747840147,0.347420538187273,9.818048084496208,healthy
29329.47175683832,0.2618761608559477,-0.1181894853923039,9.792809358183552,healthy
29334.50896786884,-0.2524531177626853,-0.1253390417820638,9.726631392501046,healthy
29339.54325546738,-0.1352328837398359,0.050990205334428,9.789973064429027,healthy
29344.53705047075,0.100653370176172,0.1952874687723922,9.987865546537066,healthy
29349.54184827185,0.1678555085690989,-0.0754333083009506,9.898595719223469,healthy
29354.601154672582,-0.40829653729177,0.0273089363580558,9.823431613977768,healthy
29359.54083202249,-0.1934628155477042,0.3018349787315764,9.72951290547341,healthy
29364.56446116389,0.3801750612889171,-0.2634918143823714,9.862885311756315,healthy
29369.530041384216,0.0409037203618611,-0.3462998594882657,9.950711959852631,healthy
29374.560126101176,-0.1647411817306691,-0.0760134427702091,9.774932714563088,healthy
29379.521128472377,-0.2015729513498126,0.1376625154604745,9.804262648881824,healthy
29384.559958707203,0.1395801158603268,0.0476011034304579,9.78440140794737,healthy
29389.610969766916,-0.1553499898617145,-0.1443597344598303,9.822408889742396,healthy
29394.66125089219,-0.1846119829917,0.0534598557987469,9.775039470562376,healthy
29399.690421285854,0.0497166525060432,0.2811745607599059,9.848681483837208,healthy
29404.72461773771,0.2483585092745328,-0.2160200721203131,9.86134916905768,healthy
29409.68767889813,0.0002801256550454,-0.1443469026077365,9.734301604125024,healthy
29414.69243428257,-0.1599903813935345,0.2179988738545832,9.733785608669438,healthy
29419.6307413109,0.0251565605074107,0.249991893932037,10.02144250392448,healthy
29424.581907894302,0.2377242691791827,-0.1659556511058763,9.849280688427944,healthy
29429.62787466985,-0.1262295349695858,-0.2404339473673901,9.71556740715361,healthy
29434.653321240192,-0.307577923531376,0.2056572744157013,9.943823614300292,healthy
29439.63756438985,0.2084395322340697,0.3815216346869545,9.741492369158266,healthy
29444.702962162395,0.0133854850034187,-0.1029540774590173,9.879018979500858,healthy
29449.760649669755,-0.3218996841011465,-0.1841385922447174,9.67712584541996,healthy
29454.84760648472,-0.3731572229545611,0.3408252194443486,9.683352174813066,healthy
29459.86809313596,0.0526005500372754,0.1574621599360239,9.822117034356532,healthy
29464.79516246832,0.0492278957682725,-0.2097356338084169,9.964857564693691,healthy
29469.789414582723,-0.1832697781499844,-0.2723226709413863,9.906840964656608,healthy
29474.71505471118,0.0559048805557403,0.4300282164183799,9.673171178735805,healthy
29479.729210508744,0.2241081120192204,0.341300988479028,9.797637750128745,healthy
29484.64549705894,0.0379546401160662,-0.2516359921768624,9.93642431346614,healthy
29489.65738286404,-0.3832976489312047,-0.0518864381070321,9.78275844983595,healthy
29494.663656308807,-0.1336050149567135,0.3226454430662145,9.871022627212426,healthy
29499.64870731692,0.2825986381216085,0.2162668273712066,9.9427260105739,healthy
29504.664725372742,0.280619050654321,-0.1195052022412879,9.769006361264848,healthy
29509.71425159386,-0.2542651995953177,-0.056554077009234,9.832783750579368,healthy
29514.68471366807,0.0567063350928097,0.240828877901278,9.739814933143236,healthy
29519.68960708421,0.3293142286345406,-0.2155686439775826,9.91372563551555,healthy
29524.77682820415,0.1129968256986534,-0.248385328540401,9.769348652991678,healthy
29529.72937421158,-0.1651530485978538,0.0178601883323069,9.59283366277552,healthy
29534.71809862833,0.1005411475887149,0.1375249161811187,9.7642501905186,healthy
29539.723356691917,0.2130372277808709,-0.0414732203866809,9.85278667275298,healthy
29544.780829596195,-0.2257125213120602,-0.3392165161567054,9.784106001853615,healthy
29549.777461080637,-0.2036553323480293,0.0292766312225757,9.75872720078456,healthy
29554.753904300615,0.2038790466898037,0.2286006008172497,9.915525398791928,healthy
29559.82342265058,0.2800161535726149,-0.1866781994007184,9.94762769856636,healthy
29564.80050708008,-0.2702236780365337,-0.4305405782495862,9.765041105800476,healthy
29569.831525377067,-0.0831400347593915,-0.1108448143451403,9.746004144716135,healthy
29574.851357974545,-0.0840728608985,0.122010957195733,9.754526882143953,healthy
29579.898192575907,0.0731795259918877,-0.1292676903496895,9.837107886363988,healthy
29584.950091081133,-0.1472974990439666,-0.0712397575355427,9.721017516317504,healthy
29589.85551158769,-0.0794535040726804,0.1854171905040246,9.846032739348368,healthy
29594.892009902145,0.1516359530176464,0.2398752768110267,9.883812172493808,healthy
29599.918571368027,0.0814211178779922,-0.0067034217663564,9.755993526657162,healthy
29604.96581783723,0.082391479437364,-0.1172077251530089,9.68340063455003,healthy
29609.973994516837,-0.133199493992368,0.340098341109665,9.82619988953712,healthy
29614.86657444191,0.235081456226873,0.024038734775358,9.836749889417607,healthy
29619.85716730087,0.0733798214780698,-0.0956306807797187,9.65685987642755,healthy
29624.8976697076,-0.2409109962036519,-0.1205272913341468,9.735954434644553,healthy
29629.898686382723,0.074028588261945,0.1096737432044994,9.827648942398984,healthy
29634.91643983549,0.4784243493926801,-0.0257675516686063,9.778803772792212,healthy
29639.976145043554,-0.0436475448749724,-0.2205397573114426,9.781354819507635,healthy
29645.02631244749,-0.1099738662970273,0.1763148891207656,9.820705968731302,healthy
29650.048614024337,0.118892420874091,0.1546019725639326,9.777751299715488,healthy
29655.02805242867,0.2137356911744085,-0.2376740373496626,9.880242058352144,healthy
29660.044254947778,-0.1746126048791154,-0.341242380543544,9.698739281015154,healthy
29664.93218864113,-0.4362530030493929,0.0714324284460256,9.796962924055435,healthy
29669.901944270023,-0.0017347918005245,0.143075908150822,9.81541056414664,healthy
29674.881910767777,0.0180529764964851,-0.1580679342136428,9.723084675960536,healthy
29679.84614441784,0.0093664508216569,-0.2035038733242853,9.879352582290272,healthy
29684.873919498248,-0.302414885945179,0.1185449508167906,9.807406777660187,healthy
29689.8630062205,0.1677176073576003,-0.0185954748845618,9.620255182625115,healthy
29694.8421441489,0.3544513930893183,0.0222410790880672,9.656620181091215,healthy
29699.82736759787,-0.1610943792787027,-0.1832834190325536,9.876770704425288,healthy
29704.78858224189,-0.2255212574285556,0.304447897178209,9.84284337272924,healthy
29709.741350647982,-0.0003365223793698,0.1268840259257419,10.05596505970233,healthy
29714.78552170953,0.1853196664749872,-0.2572169590880891,9.8566224717678,healthy
29719.76745837237,-0.1540005425398826,-0.1061148764968038,9.749252478857816,healthy
29724.78972050132,-0.1445598110657248,0.1482240812414,9.872807187164852,healthy
29729.765638119225,0.2456157226052888,-0.0116387442921206,9.876580147640055,healthy
29734.78775462556,0.0135948388641104,-0.3102118387733798,9.785406775308248,healthy
29739.840369297923,-0.2972355138576714,-0.2591347421568334,9.68290754599692,healthy
29744.80384511406,-0.1588746018308697,0.2937197299019472,9.89536340633138,healthy
29749.71578668041,0.283098487138572,-0.1446787828602421,9.86592066246472,healthy
29754.739621719124,-0.0391816534583465,-0.1346076574668638,9.770344697776515,healthy
29759.642597828133,-0.415395828181014,-0.1444767147880933,9.647276042866944,healthy
29764.62547616462,-0.0800464471443572,-0.1008246525083005,9.81653885360887,healthy
29769.565589410184,0.3458493376246838,-0.0882497881930922,9.84757852475984,healthy
29774.661363016632,-0.2134904858426059,-0.2237873973222066,9.864524792090029,healthy
29779.65952597332,-0.1020619200128882,0.1630022016015743,9.632147583270138,healthy
29784.69194928033,-0.144584151177431,0.4255836958590251,9.882115113628048,healthy
29789.653136878904,0.1065290888510201,-0.0440249419594535,9.83003484576855,healthy
29794.660394726357,0.1282394061797521,-0.1626115005677184,9.673407877217702,healthy
29799.51489446304,-0.3023255602806742,0.1109595022922866,9.6555997404029,healthy
29804.500702818004,0.0044092662183239,0.1649628675776605,9.771585474990998,healthy
29809.529105788475,0.1361459463019241,-0.0725803812548502,9.93827497270818,healthy
29814.55239016414,-0.1732272997307606,-0.2815783133896651,9.760137401539485,healthy
29819.53474062662,-0.2904719001124681,0.0685461576753224,9.845798170877176,healthy
29824.58026037266,0.0783684927762851,0.2780263954991919,9.801861787713776,healthy
29829.472719273064,0.2722230416546151,-0.2107813963720327,9.82387789032196,healthy
29834.4405419738,-0.0603885900732829,-0.2690709495155933,9.720791880118975,healthy
29839.53298620951,-0.1451372429115115,0.3727583540633966,9.67338487729528,healthy
29844.56143650368,0.1614271826550783,0.0352338057798354,9.794670693361256,healthy
29849.548085042763,0.1395385852113201,-0.2234316947994238,9.818163004162589,healthy
29854.487194728103,-0.2826272883748862,0.0084280103307784,9.802112870396426,healthy
29859.56849694227,-0.2740624409794437,-0.0365658123993343,9.58747824073822,healthy
29864.50064855959,0.3572951621228446,0.0891932461966719,9.938660050538097,healthy
29869.44811602928,-0.1627693693503649,-0.2131128376825417,9.76591047680227,healthy
29874.5194253662,-0.1768287068117007,-0.0354250234447225,9.943738660869254,healthy
29879.41474956834,-0.1364342337271869,0.3009079042418043,9.68608778514434,healthy
29884.48056171741,0.025982986967374,-0.0675089382053611,9.873492643639825,healthy
29889.419979355567,0.0511993015286625,-0.0255986665708921,9.802459171879814,healthy
29894.4814800844,-0.4909610479259055,0.0411482599764056,9.752437019010634,healthy
29899.51818849567,-0.1772872750715878,0.0494404375722183,9.796600416734284,healthy
29904.56269204085,0.1507633619830966,0.1047122451428691,9.831503671679204,healthy
29909.67598923325,-0.1898660098131851,-0.4127664311307841,9.77606286738132,healthy
29914.61182606076,-0.2269234615154978,0.0457386166134793,9.877958852179122,healthy
29919.594288130236,0.1767004985374999,-0.0058982941458883,9.760337760945802,healthy
29924.59366375992,0.159700634640699,-0.050761265135108,9.75360601122527,healthy
29929.71543784748,-0.2075801556700892,-0.1988956578059374,9.82265335667694,healthy
29934.70804542771,-0.3319598806314137,0.3246726339626639,9.693143584370011,healthy
29939.692739912567,-0.1153856899389544,0.2533486815744327,9.8208419791745,healthy
29944.78746436125,0.2339989308297537,-0.178430281299375,9.837521744101515,healthy
29949.816360098284,-0.236200310185745,-0.0301201845034521,9.68312789629467,healthy
29954.84551777921,-0.2187301521460505,-0.0383972609651123,9.693272781972446,healthy
29959.8247985669,0.0494974706968194,0.0120892287376943,9.927168075897365,healthy
29964.81399032596,0.2896409681582004,-0.3028609694457395,9.850365603906644,healthy
29969.834222015,-0.3009539007384555,-0.0796768116637412,9.72916182162222,healthy
29974.85508238812,-0.2568013161336744,0.2378447071105248,9.733027419597736,healthy
29979.7375293917,0.1639048480160071,0.0359579474527316,9.718049984424033,healthy
29984.68890322889,0.0006244198113085,-0.2583211529489101,9.878675866150155,healthy
29989.715846664225,-0.373530479081779,0.040961909788927,9.70567131691688,healthy
29994.790091874544,0.1391878011883625,0.3903584125976375,9.714685083532745,healthy
29999.797112861845,0.4599751823424006,-0.3159043978075614,9.891708211063476,healthy
