timestamp_ms,accX,accY,accZ,label
0.0518845889951978,-1.9827744355576973,-2.2070840329188544,9.080299943788203,imbalance
5.030905211126668,-2.029547262767106,2.2577033433386937,9.090752622906582,imbalance
10.06950858862085,1.2598568186261314,1.819364354310921,10.10146039296358,imbalance
15.102766374253406,2.1864318572908354,-0.1078762389959749,10.564430932286175,imbalance
20.12736857013237,-1.5183430224901973,-2.8664188354268667,9.141080316601904,imbalance
25.113916618513542,-2.0328580090097423,1.9715111503516776,8.948205745756846,imbalance
30.050898088366225,0.5949648461027602,1.3840565942896532,9.87844334770886,imbalance
35.0086933448858,2.1588612817082997,0.1300593332664016,10.349061484984736,imbalance
40.04737646279379,-0.1601574408737939,-2.916430351136031,9.747627695080316,imbalance
45.15031847166067,-2.299614581831324,0.768994504287327,8.946811541941324,imbalance
50.14623948888959,0.765674477807849,1.9142782441762063,10.133332959331232,imbalance
55.18413607899413,2.42688055345284,0.2829945290832824,10.725149448028796,imbalance
60.16377691679087,0.5327214553909044,-3.0506023093959955,9.434330751892274,imbalance
65.2309190276093,-3.2866306185954897,0.3983730090414068,8.85748375529411,imbalance
70.21849437938361,0.1219603266430564,1.6598091927426035,9.898002863557394,imbalance
75.27313920666973,1.6527528702197196,0.5606287104605221,10.654908020893942,imbalance
80.28660879371718,1.2745642423349215,-2.6139856264128185,10.046735923428416,imbalance
85.21399837437954,-3.4519286268586957,-0.7780384135107358,8.903895654139216,imbalance
90.15328358670536,-0.1882233010415192,2.4749607940840246,9.584140689829248,imbalance
95.10690011010762,1.2000841344811264,0.9857713151553068,10.566161397940096,imbalance
100.05453698065516,2.0400407061122774,-2.094243186836663,10.619682817449982,imbalance
105.0417791660066,-2.718064766162959,-1.5002009874549027,8.862933278351864,imbalance
110.03308524835948,-0.8674078047620252,2.248396627685162,9.13561851047598,imbalance
115.00743966933288,0.7930291150639757,1.4727030404257764,10.85180320214188,imbalance
120.00954062255198,2.5323230398745378,-1.6315107878714208,10.505615791442551,imbalance
124.96035090125618,-2.1487743132603403,-2.6018693165998967,9.007385349519604,imbalance
129.87022350414355,-1.4759775892539386,1.7018718465309963,9.060982904251802,imbalance
134.8959865575411,1.0092766256173464,1.8389014709250515,10.191152602360484,imbalance
139.78595966073226,2.4217085955393363,-0.5960101842908088,10.364051872328885,imbalance
144.73629162191926,-0.6932114236483236,-3.17452795796408,9.169810280596954,imbalance
149.61677017064076,-2.6006229947915203,1.520008398237721,8.934703426167877,imbalance
154.5463712181576,0.7258214635659215,1.855476928932081,9.87128520949712,imbalance
159.65085457152347,1.6810111536212613,0.649134488376691,10.865627335580998,imbalance
164.60029768769493,0.1402531903237868,-3.137074839158517,10.054163894069678,imbalance
169.6461458547007,-2.674404240845811,0.4041476431254144,8.736881866506977,imbalance
174.66148126422226,0.4348983567593403,2.185797432654547,9.790425958358616,imbalance
179.59818297291707,1.910982468240984,0.919545716863614,10.439884259904757,imbalance
184.56427832121173,1.194463019653865,-2.541088946632009,9.942982679586722,imbalance
189.51299584115884,-3.299527414991083,-0.1594249782736071,8.675345958754153,imbalance
194.47211932331723,-0.178825812241577,2.212664951678117,9.695796355745172,imbalance
199.4488016551048,1.642363407923815,0.98589320267952,10.490716774529536,imbalance
204.4228079086698,1.750185422844329,-2.1354800559098543,10.26624366131107,imbalance
209.46568148568605,-2.8365445549736554,-1.607170101750218,9.107537516505946,imbalance
214.47861129526905,-0.4189198489667798,2.410486993857281,9.421864138480998,imbalance
219.45386055675272,1.5844125104346545,1.342726694814829,10.744427086658176,imbalance
224.4308519892392,2.254701966807702,-1.6410977484178,10.302133458792945,imbalance
229.45841261863467,-2.664459039692677,-1.980313018324742,9.366913609468249,imbalance
234.459392946845,-1.693759357616852,2.6565609900211964,8.861572081988433,imbalance
239.52922471646224,1.21412562650792,1.2426493141332466,10.057612279224646,imbalance
244.5410617040069,2.1062712935645846,-0.8287026414318021,10.606662759001512,imbalance
249.5337970812989,-1.6283491235495038,-2.3486931579544663,9.64419869405238,imbalance
254.57059242236437,-1.7766974048689463,1.9435498743199124,8.9181876216761,imbalance
259.53083299333366,0.5916345378480261,1.433381408835789,10.233239135623766,imbalance
264.5432835821102,2.529621921006025,-0.4445695635883599,10.45155809100294,imbalance
269.5801340186662,-0.7094329387394251,-3.0585756158601702,9.535542972881377,imbalance
274.4990436855793,-2.3925464742361187,1.2679627302909822,8.595586134534587,imbalance
279.484677574406,0.4244438101792155,1.9675272363429328,9.654318044382606,imbalance
284.54240893088945,2.1620890620600086,0.5047377233897773,10.531440132946193,imbalance
289.5599681080978,0.459708114931552,-3.018175327438222,10.218339654545495,imbalance
294.52053528370897,-2.8681237290864945,0.5477578475296316,8.817073047401312,imbalance
299.497959617459,0.505520702293514,1.7876364329551222,9.85286377541342,imbalance
304.485155721242,2.080736429799783,1.090801013034705,10.45960391870868,imbalance
309.41816951733483,1.1008273158535775,-2.8898910973992606,10.239932446001704,imbalance
314.38128624664785,-3.1878412154282656,-0.9594050036179324,8.998840912349788,imbalance
319.35709949677823,-0.4825921605725087,2.374474525067316,9.543107596813837,imbalance
324.3777292885374,1.5482688990663398,0.8275815907072128,10.606385302766292,imbalance
329.4333145918457,1.9146680816711747,-2.3336626368135165,10.05549486668714,imbalance
334.4261624358624,-2.489480689084136,-1.6346063169302212,8.871991520785041,imbalance
339.38535505992127,-0.5764035070859795,2.1530266354594487,9.44772269364141,imbalance
344.37393139008657,1.5627651853359066,1.2255651429705487,10.435613543097714,imbalance
349.38393351142776,2.387381054355557,-1.4742715973729463,10.315788518710397,imbalance
354.375508051426,-2.258732795932286,-2.63785963742344,9.290168330400636,imbalance
359.3819979112685,-1.6634428177900045,1.6251808498869835,9.310461489389557,imbalance
364.4343219371527,1.3721954442180988,1.6994011260504822,10.562550303003638,imbalance
369.3636213703298,2.4626472368907324,-0.4159142390834905,10.593466447249355,imbalance
374.50323675491,-1.55866764068081,-2.9907173485538863,9.327425508420196,imbalance
379.5341088385854,-1.9530046696882344,1.2842012941936156,8.906904169596936,imbalance
384.5258888266243,0.7586725557311633,1.488074966179689,10.125940665251084,imbalance
389.4738245113261,2.602875201531757,0.2564740404699636,10.748785273414455,imbalance
394.4511275568196,-0.5347046924002977,-3.0888890420585544,9.6441173125732,imbalance
399.47797804445474,-2.744354217326214,1.3880951855449477,8.84684329247738,imbalance
404.5624848019304,0.8538073959390112,1.7864561870149611,9.454577048031933,imbalance
409.5495686768819,2.006591987623741,0.4393201440228106,10.814727420330533,imbalance
414.5431124731365,0.2931265737068608,-3.104257257142822,10.091255982280067,imbalance
419.5130222239593,-3.116852487379821,0.4428004890360263,8.806886323289303,imbalance
424.4773510278982,0.1473794121566107,2.1163938754398344,9.8417742323016,imbalance
429.4418172420304,2.007909008423724,0.7831086725644569,10.680130888297686,imbalance
434.3242742198058,1.0781905734202295,-2.940107914344873,9.98067654657467,imbalance
439.3506808450302,-3.1611474151269188,-0.5807010428729662,8.747020478549118,imbalance
444.3154825420414,-0.1898799670397721,2.147348836346686,9.594557101280854,imbalance
449.3519639835882,1.5645914509110876,1.3522435350738735,10.78806758065996,imbalance
454.2598495349226,1.7196820876328394,-2.2764182653902565,10.324821058203392,imbalance
459.2089752221821,-3.219302892358124,-1.690531002215708,8.933086991966583,imbalance
464.1503548146976,-0.7167094621671954,2.507366121858495,9.362205046357031,imbalance
469.1997642738781,1.0407400865281358,1.528646630027957,10.368380455548364,imbalance
474.202342894209,2.1746891368940497,-1.0951585489726428,10.795851206962515,imbalance
479.2660011563202,-2.1870170419140047,-2.429365225142314,9.115852771022322,imbalance
484.2007570588908,-1.735118124961434,1.8319286459424768,9.058699796278386,imbalance
489.1982874232364,0.7872400557160368,1.037689015558183,10.518705543645426,imbalance
494.208567159664,2.5784556313104776,-0.6196203937998122,10.4889066968213,imbalance
499.20612843369145,-1.269588770901441,-2.877510107194192,9.379868334879497,imbalance
504.1600941602963,-2.7494834830476607,1.6526365671002083,8.80778468691356,imbalance
509.0955582545622,0.4779029483078086,1.741742918097649,9.777583195216408,imbalance
514.0860759027561,2.1918233754183096,-0.0287410993873611,10.721982630553894,imbalance
519.035364258039,-0.2102517508113253,-2.936442217234701,9.559329205346009,imbalance
523.9899866464053,-2.974682471224068,0.7259075537738605,8.9849617071457,imbalance
529.0095115806096,0.6551083044104975,2.3724707438522685,9.785043692298402,imbalance
533.9846504865479,2.0212360227817165,0.6442315628508243,9.937984118535788,imbalance
538.8424953113811,1.0017849859025376,-2.31101333453906,9.619255283560728,imbalance
543.9066856827718,-3.2791935428693786,-0.253689321162879,9.045499964296685,imbalance
548.9873176435184,-0.2183646132200367,2.402287189851433,9.379486325955186,imbalance
553.9264396186637,1.8532372477376324,0.7666003235389911,11.076276598420195,imbalance
558.9038395320936,1.5533198235208026,-2.47423614184646,10.025415130143491,imbalance
563.9639619111292,-2.793027215178256,-1.1828418294830496,9.175490263171426,imbalance
568.9675530397096,-0.2337055306792628,2.0123660218820723,9.087033681717,imbalance
573.9777598117757,1.6203684523998751,1.3699361404979948,11.021038554416878,imbalance
578.9849093176383,2.157308486872547,-1.956972501667374,10.75075778442511,imbalance
583.937958840145,-2.760405062171052,-2.070440512540077,9.100465619482042,imbalance
588.9344312422782,-1.3859990668061082,2.340221754996417,9.174075734380477,imbalance
593.8667377375427,1.282285901220674,1.0228240937880575,10.680402418352394,imbalance
598.9834104239428,2.170623972526501,-1.2869901881724792,10.461360165388736,imbalance
604.0360141315932,-1.7258530936143166,-2.645682019272076,9.636052736671417,imbalance
608.9944137422016,-2.0410820798165035,2.1727877978081347,9.025485850884923,imbalance
614.0335632124854,1.3907412975259803,1.6747353341178968,10.037140181188567,imbalance
619.1186253747995,2.8710480144645603,-0.6114233202684373,10.270794608209997,imbalance
624.15316004759,-1.2268153983086347,-3.0774259446663,9.217733497844176,imbalance
629.0990240779659,-2.5640065304837942,1.8621979971049116,9.090686318392091,imbalance
634.11635099927,0.6225724556540209,1.3580329202433674,9.992831936045295,imbalance
639.205825043787,2.286471755066426,0.2565320031358609,10.615381387291857,imbalance
644.1884258112933,0.1559496041906707,-2.948324209438162,9.626716143124716,imbalance
649.1565536092961,-2.6152341747442582,0.9550754870755378,9.064127440287658,imbalance
654.1609025859027,0.6412929427175638,2.2057440459258384,9.959470352595432,imbalance
659.064387983337,1.7875788912949095,0.6647391052294358,10.584789785293683,imbalance
663.982433366406,0.7139715822069617,-3.2712842868607157,9.861469164627623,imbalance
669.0122370581431,-3.057061025911889,-0.0258087193284977,8.700828761040379,imbalance
673.9438918724242,-0.3940401003954197,2.287439773347643,9.676633706382557,imbalance
678.9712094021992,1.574831660849351,0.8386825656148036,10.651247397645529,imbalance
683.9731413250702,1.6058179630891958,-2.3008117046097163,10.160404276250452,imbalance
688.9444146217653,-3.007854174746698,-0.8451966549681675,8.820359125272192,imbalance
693.9280899228087,-0.6375037109043789,2.1559466785404173,9.23213624887146,imbalance
698.973547125136,1.4369504079183617,1.221620546733992,10.565928965865776,imbalance
704.0369709549964,2.1608992592420644,-1.8284909021372355,10.347175833429368,imbalance
709.110550342279,-2.5646917860058718,-1.2307014709081256,9.060441290416364,imbalance
714.1474930497411,-1.5570043734742738,2.1872053147925925,9.288784453513122,imbalance
719.2130953063956,1.1691412464387865,1.4640927318287655,10.657578991937616,imbalance
724.1492840613522,2.496569620369656,-0.9720010394283743,10.532910652283071,imbalance
729.135654818611,-1.8604237536041484,-2.339786980778646,9.127177072299522,imbalance
734.138530442884,-1.793510450378058,1.8497756604612163,8.87990662685583,imbalance
739.1632051009312,1.085676577184423,1.2809664935699268,10.31160720995882,imbalance
744.1857030688443,2.7069082027428206,-0.3294890995237,10.81497584204094,imbalance
749.2857930604031,-1.28270809169502,-3.11458584637086,9.457677335316188,imbalance
754.2286481522729,-2.102608150822585,1.8156975738738168,9.184200111301088,imbalance
759.1754226086416,0.6179930521356811,1.8553635864840936,9.705901560660552,imbalance
764.1686881496323,2.1475849206653725,0.2801441487680203,10.62723900361205,imbalance
769.1453639676308,-0.3015292868367828,-3.178441000179894,9.526536133765015,imbalance
774.2069916360502,-3.280103998138047,0.7327371703945516,8.788300365011855,imbalance
779.1929747489582,0.6069557815409229,1.5115476853169427,9.97827652330448,imbalance
784.2475863435902,1.7202124623418436,0.0311734310947381,10.77494433394142,imbalance
789.2290775146361,0.4841451751864548,-3.035497274078079,9.960722005941324,imbalance
794.2488850664682,-2.9930814222712683,0.118710025892808,8.803558263537662,imbalance
799.1835105092457,0.2128569576102444,2.238766995161817,9.688313832295444,imbalance
804.1224265276057,1.85219185241521,1.0264400841018364,10.272237469699856,imbalance
809.1841683787397,1.5844513287267503,-2.604208801298225,10.18178722890306,imbalance
814.210000865619,-2.8956230927004585,-0.8237907724569726,9.330594349852552,imbalance
819.2194777059739,-0.2719555548914415,2.41060577352573,9.493906322235416,imbalance
824.1746330666522,1.4184478827495164,1.264938115029507,10.821853745747005,imbalance
829.1645230270742,2.2582595657887192,-1.7494535347076503,10.090670064092148,imbalance
834.1972825462702,-2.246590222142709,-1.803152277431323,8.843954419344726,imbalance
839.3214914535099,-1.0016880329802054,2.204699173516904,9.52396912808224,imbalance
844.3249271260279,1.260930389381959,0.9657959919748134,10.229648549761707,imbalance
849.2941711218515,2.169924699134002,-1.427228263531889,10.293914360786063,imbalance
854.2143268517196,-2.04836288725108,-2.457475509691686,9.295635099267756,imbalance
859.1707654525758,-1.720357466811404,1.866601098909284,9.127232120733876,imbalance
864.1303338307722,1.0875499456962268,1.6091871047130957,10.17819499596914,imbalance
869.1239221052002,2.108384489394396,-0.5222848381082854,10.94878461800634,imbalance
874.0951054041692,-1.2358204002080753,-3.028313647740663,9.067082043361674,imbalance
879.0808042714127,-2.2614007382278603,1.71073039685741,8.868483134213655,imbalance
884.1039137110664,0.8496073315434095,1.5046541339803574,10.17034955963515,imbalance
889.0965132702223,2.335689639527022,0.0489299790283725,10.387772175975355,imbalance
894.1237641743242,-0.3200810671799011,-2.996413368727203,9.852110637743856,imbalance
899.1747690437061,-2.9917249938763533,0.7519973018150908,9.122806932413347,imbalance
904.2027838860364,0.709012225827717,1.979926020133764,9.954301836686986,imbalance
909.2363847953544,2.334438770089223,0.7257577545194586,10.68739051412041,imbalance
914.2094601678958,0.5832076169662402,-2.940901041056485,9.320770875182168,imbalance
919.13933434603,-2.954566089282168,-0.0208888831855152,8.984764116097923,imbalance
924.1032698029452,0.1272627290504905,1.8756549302602616,9.621081343676885,imbalance
929.0924405257736,1.7723858410167623,0.9712558808917844,10.334610749368418,imbalance
934.1473730020036,1.81940925911074,-2.278486797870341,9.777575656696854,imbalance
939.1191838556344,-3.108988987391317,-0.8978244524862753,9.169233800142573,imbalance
944.0595630514003,-0.5045854766459044,2.16682676041522,9.644402415190028,imbalance
949.1191760873136,1.2870551149507257,1.3892015638761812,10.74569461046861,imbalance
954.1018845216694,1.7451987345183977,-1.996752842249888,10.01758284963975,imbalance
959.0813254913368,-2.300997072305365,-1.9280058709939976,9.042657871693416,imbalance
964.120265933296,-1.188445462384049,2.395339960329579,9.295228191801195,imbalance
969.074331729803,1.182956554994219,1.5549990233779454,10.447893148722006,imbalance
974.0326222098654,2.0517669384193096,-1.3500889072459354,10.480462913880563,imbalance
979.0521214866144,-1.93863740671888,-2.2508466941755363,9.251383041983797,imbalance
984.0299948999588,-1.5778083389104045,1.9011733320224071,9.18970270201129,imbalance
988.9918579757676,0.8941559446871021,1.1691666354232613,9.686837200458228,imbalance
994.0013274751173,2.3091332877660893,-0.2760963903569825,10.56295705917817,imbalance
998.967368565626,-0.7571738618167052,-2.899751412458321,9.399266746323685,imbalance
1003.9279035950811,-2.117724685250558,1.2224506363723284,9.110842505005447,imbalance
1008.9290906872571,0.8766664190158374,1.73300485044123,9.489522916440984,imbalance
1013.8928218135766,2.3547980137260613,0.224467654712399,10.741542167895693,imbalance
1018.914092493272,0.0411886180303507,-3.1825251118762887,9.87913396104178,imbalance
1023.9019423938158,-2.8917951339628623,0.7475899678931063,8.678088294342691,imbalance
1028.9632547494496,0.3853017848450294,1.8371360909452812,9.916971652303864,imbalance
1033.9626313608323,2.2164609991365376,0.6115120780621242,10.673094623636809,imbalance
1038.9646714273138,0.9063872837185648,-2.9192500220413304,10.114043416997571,imbalance
1043.9571316041315,-3.0954996969630044,-0.321689223390034,9.096083930674428,imbalance
1049.0043755062393,0.1882094033643789,1.8006467619151505,9.287926359408551,imbalance
1053.9599831171513,1.8761542101042457,0.9118560714752952,10.516848738102324,imbalance
1058.9134807524078,1.3333384393003729,-2.016730398390405,10.25171183589755,imbalance
1063.9746362566948,-2.6969244790350992,-1.0492293231086964,8.889955416161568,imbalance
1068.9321811265231,-0.8304047665389285,2.392868868805156,9.716947104294617,imbalance
1073.87379514367,1.5880590052843226,1.3420070635008747,10.554762414573895,imbalance
1078.7854368577175,2.36232115815628,-1.721780153758134,10.205036294969643,imbalance
1083.774237594184,-2.409819762586105,-2.1463858249229912,9.025631221053487,imbalance
1088.732347136807,-1.2944717062751403,2.2707282073750497,9.057327957975984,imbalance
1093.7918377940305,1.2423755070815012,1.1761758132257412,10.503670203980182,imbalance
1098.830589311845,2.786038772791425,-0.8242862947308939,10.605662792395693,imbalance
1103.859073284069,-1.914633416753709,-2.387209869742131,8.88241296670384,imbalance
1108.860266514741,-1.8365710792825092,1.744034110933803,9.009033332036866,imbalance
1113.8382313493787,1.2131941437586722,1.541220179227722,10.410662711698828,imbalance
1118.8849145847184,2.19088860619129,-0.1200773101000291,10.723503862253642,imbalance
1123.839950079773,-0.922891857470276,-3.400912069913976,9.544933786159564,imbalance
1128.7846015451075,-2.2910647804157884,1.2745713176807216,9.115335569099855,imbalance
1133.7867165511432,0.8388640552622328,1.8717838522337609,9.55651970017519,imbalance
1138.816685350562,1.917984198640868,0.0937085222289977,10.79715138607912,imbalance
1143.8069983424973,-0.0370127972226092,-3.067636157405512,9.994921197501114,imbalance
1148.7909405003688,-2.832635891392834,0.4458983298079476,8.950309011411703,imbalance
1153.7954331486628,0.3778828275745563,2.14494442314759,9.808443340334508,imbalance
1158.831682763638,1.8158406516425891,0.8622559723555141,10.8331446606303,imbalance
1163.8066691332965,1.0007190100150842,-2.8157473519630942,10.19011485464776,imbalance
1168.7396768630751,-3.3520724139346103,-0.4253360315488242,8.886000511395078,imbalance
1173.7635854581574,-0.2771262513910896,2.517528964095235,9.479795169184978,imbalance
1178.7488249657554,1.369385034771864,1.178990777887596,10.564438893635977,imbalance
1183.7262530333755,1.7293837504506284,-2.3024976992144754,9.865388980024216,imbalance
1188.6347230376637,-2.6691105125507137,-1.4680553518327522,9.233966907469489,imbalance
1193.575128156775,-1.0122152812376828,2.1834777643173098,9.337648504067548,imbalance
1198.556376741578,1.2811730762305438,1.1382424101674338,10.647721327965298,imbalance
1203.555591293024,2.474300739705108,-1.506339347834301,10.524833062489844,imbalance
1208.633892018465,-2.2618862419120407,-2.121833912883469,9.523526369077532,imbalance
1213.6765398381424,-1.538561535444075,1.9440506497480283,9.030668329517288,imbalance
1218.6590407820893,1.232374830482719,1.5256044555455286,10.332093221022078,imbalance
1223.7352557382144,2.616144329246778,-0.9121267075458857,10.3498549830716,imbalance
1228.7367225961,-1.6187636537231276,-3.110348961103922,9.287799961086526,imbalance
1233.7395163572016,-2.00009618457698,1.7779934155132924,9.04817989161227,imbalance
1238.6554872317513,1.197397831633528,1.7148389683812673,10.120292827606349,imbalance
1243.6434548423672,2.43809945818594,-0.0828865881940932,10.617355289452703,imbalance
1248.6147142661655,-0.4369831234668321,-3.1327469678730564,9.346538431925454,imbalance
1253.586472173552,-2.7848197336612976,1.373658151154496,9.062518653390818,imbalance
1258.6454348982418,0.6961305487869894,1.8371176342178208,9.49289744142219,imbalance
1263.6575644268985,2.0014791886521555,0.2582733313073583,10.82543860815604,imbalance
1268.6487385009198,0.4325506683760445,-3.112922660624565,9.72220070836256,imbalance
1273.6768905991523,-3.215409114684978,0.7885212259994654,9.141213231209637,imbalance
1278.660161150406,0.254048487214448,1.6671786043099093,9.516879208677226,imbalance
1283.5977435437496,2.0079938564135,0.3930319147086951,10.946872282856877,imbalance
1288.565786244517,1.1374968373698828,-2.7978534334733345,10.268015558178288,imbalance
1293.526729461605,-2.9072745876651185,-0.5999335712701181,8.743291044117248,imbalance
1298.5471969827647,0.0166747840524243,1.960987319872633,9.940577429946384,imbalance
1303.55629451782,2.123697027602184,1.1697818623842011,10.935107648346072,imbalance
1308.595540878908,1.864317387069882,-2.3695614171149275,10.143852726599786,imbalance
1313.5685933123357,-2.3994007314603176,-1.501118515229109,9.140482899716352,imbalance
1318.5333364709056,-0.783209267512212,2.035480457990952,9.347177080560227,imbalance
1323.4925149905507,1.3220270146171684,1.5282067677788382,10.57107205571694,imbalance
1328.48157081155,2.2716539739855777,-1.1251513438539416,10.520082887858123,imbalance
1333.5081425632186,-2.0067438837850973,-2.13092613759697,9.444708260883704,imbalance
1338.4835748959906,-1.4652006950519816,2.178495930103644,9.317255264985572,imbalance
1343.5048206224676,1.179931162888885,1.1252144454927315,10.492493465286518,imbalance
1348.5403555515902,2.3110332488123144,-0.6364776710593474,10.649720624623628,imbalance
1353.4506923801396,-1.383803383925534,-3.1967443548035503,9.555869962023651,imbalance
1358.4919392000188,-2.001940122980097,1.8490991140769293,8.967623191614937,imbalance
1363.4892975532905,0.9608350886183324,1.40785405477494,10.256093063994443,imbalance
1368.4732949396534,2.3240863388682733,-0.0592065630589263,10.683688449521604,imbalance
1373.4492542624632,-0.1761406402647897,-3.142937113701898,9.45302795504498,imbalance
1378.434791051125,-2.9130569465919027,0.8686104499838389,8.915964943109259,imbalance
1383.4168183535137,0.4200019419868412,1.8782950565996823,9.979095436040607,imbalance
1388.4676784777157,2.0980294038518643,0.4299409375216914,10.806376348910726,imbalance
1393.4617754850617,0.8013122792086915,-2.778512761149659,9.824548460510863,imbalance
1398.4640070975724,-2.882294066543569,0.1989394699089897,9.004101447455655,imbalance
1403.4731391833718,0.1136919315487791,2.126611707218241,9.436711335352223,imbalance
1408.4522354859153,1.7401641828465817,0.892077456571573,10.505122009944756,imbalance
1413.4780385119348,1.3681824772733495,-2.749532807639468,9.990834950359478,imbalance
1418.4959584152728,-3.2583212450767585,-1.070483226354949,9.082999595176773,imbalance
1423.5210919305357,-0.2548720120100008,2.3774627417191456,9.672375008580495,imbalance
1428.5155997150994,1.0851705870751904,1.277026097780754,10.373286437432212,imbalance
1433.620513822921,2.159083339335458,-2.300723234309404,10.130177196028612,imbalance
1438.6928331507968,-2.7409759836919583,-1.7447448788338749,8.866346335470675,imbalance
1443.6894239825986,-0.4357241342672242,2.017701497722012,9.456173268705165,imbalance
1448.6569969624693,1.1521177591022318,1.4623439463164454,10.551870337551112,imbalance
1453.6804278315255,2.202510179961702,-1.5612477905725006,10.393810765317674,imbalance
1458.6436964562824,-1.902821985840677,-2.1276585448089693,9.363758256305594,imbalance
1463.6101454449838,-1.1623655185391326,2.305704659463,9.236672222960378,imbalance
1468.6297574223452,0.9745852477138603,1.2384955777622193,10.683156684930053,imbalance
1473.636850469927,2.59432005577068,-1.0612438079608029,10.61884458874764,imbalance
1478.575581803217,-1.327800465783433,-2.7067734384595146,9.290658313836028,imbalance
1483.5691225968012,-2.198555367962919,1.6640208614545864,8.81253192715043,imbalance
1488.6642306084434,1.098706285225529,1.7634664834783973,10.10613594840992,imbalance
1493.680704237566,2.3330395476443284,-0.0186386566463985,10.588543614801347,imbalance
1498.779112579986,-0.991432367852588,-3.114568376710073,9.68158882754236,imbalance
1503.8004445219206,-3.05300847170806,1.2881417703448317,8.989911701375187,imbalance
1508.8042829295437,0.6155369608719582,1.925122301600669,10.135721832218817,imbalance
1513.7548930756122,1.994517567327608,0.2604270597014791,10.520468186662264,imbalance
1518.7511556159131,0.4612053302449689,-3.5906235426292854,9.730768096025296,imbalance
1523.764004594014,-2.9796303767193053,0.5620364693651547,8.70397408320736,imbalance
1528.791899094415,0.4353832481780982,1.943660327379428,9.41574859128995,imbalance
1533.7290205388142,2.0931766101523945,0.8176200947760259,10.625941623156448,imbalance
1538.6731710873987,1.4367550925820392,-2.615375904884849,10.128340110822888,imbalance
1543.6899836413431,-2.93602818698084,-0.465406526187483,9.1888292186623,imbalance
1548.6818340197797,0.0156814775790432,1.9342251236384067,9.670717310964822,imbalance
1553.6094368200188,1.6368975589651586,1.0934262981632696,10.53033288194634,imbalance
1558.6026912775733,1.5235603387258845,-2.2082354641566635,10.066437797349929,imbalance
1563.6303939652312,-2.822617407798853,-1.450629087698558,9.227092919900857,imbalance
1568.632172221761,-0.4045222011813141,2.3537004241820307,9.45473820766894,imbalance
1573.6237000108558,1.387755821125058,1.674404245267869,10.451473397587035,imbalance
1578.707945569977,1.9925447767346909,-1.5821595361440586,9.916805287930408,imbalance
1583.6646083661956,-2.71329834409994,-1.8945834004921989,9.14214363534738,imbalance
1588.6219419641236,-1.3997890675927582,2.268183569419014,9.083676944661528,imbalance
1593.5719788559209,1.1444904436988963,1.732999509230861,10.304733580393812,imbalance
1598.542266997486,2.4378712793693498,-0.3467346182107039,10.93713879535708,imbalance
1603.4717587993157,-1.4719761233895532,-2.9254981211111644,9.515012562684118,imbalance
1608.464010577731,-2.036421794389236,1.626688656893931,8.852125627361401,imbalance
1613.4815292798282,0.7806514128884005,1.8989172517583237,9.809113662601192,imbalance
1618.459115296382,2.6191548431329195,-0.3669845275121852,10.696852093046424,imbalance
1623.3643347139605,-0.5343717811500046,-3.156682934960441,9.642997210713997,imbalance
1628.3284276565444,-2.826263050719965,0.7699758279847381,9.10368140972628,imbalance
1633.334232469438,0.6655633632274599,1.921208703411503,9.754616070374118,imbalance
1638.2660218174271,2.046538109571196,0.4073112664590557,10.541783374857632,imbalance
1643.298169951366,0.5907812116378921,-2.842731191786952,9.850526627694244,imbalance
1648.238603512911,-2.8322241775052968,0.0141602303532573,8.823383315370263,imbalance
1653.247685841824,0.231756667275163,1.90227451166754,9.422009615799402,imbalance
1658.2047493218845,1.756538091907444,0.9848660894178696,10.375354031819962,imbalance
1663.3050362224433,1.433064676952178,-2.221894111623908,10.386049685899245,imbalance
1668.3168803273877,-3.157384563085279,-0.8875220895053066,9.18929099521364,imbalance
1673.277801374477,-0.135672435772126,2.5514649179614386,9.14804425482136,imbalance
1678.233427451292,1.3428353642552031,1.1725648693080193,10.710808768840876,imbalance
1683.2238180716713,2.1893007094571124,-1.6911322768793695,10.16971260296858,imbalance
1688.1984820298069,-2.5930518816246706,-1.714007599256795,9.001914813147193,imbalance
1693.1469295489962,-1.170511134356124,2.0915449035055675,9.09417275258332,imbalance
1698.158341970273,1.3584454247545188,0.7561539501145856,10.298456294509432,imbalance
1703.2047712693052,2.3945516654184327,-1.2558871884631515,10.648687199302856,imbalance
1708.1908723603926,-2.131219154483643,-2.537875528769552,8.766219513627544,imbalance
1713.2617545344003,-2.1383480772052543,1.8810743649001969,8.942741823386616,imbalance
1718.231984493907,1.2200184862688586,1.4824893130272043,9.851237512718804,imbalance
1723.202962479278,2.2836264976249727,0.1218150115020482,10.896669062436658,imbalance
1728.2034524617525,-1.2738668572851468,-2.993452473034901,9.440204075686134,imbalance
1733.170473285455,-2.490912325531807,1.6714869453395234,9.15826438803044,imbalance
1738.13203106556,0.820047209668775,2.023493644390206,9.757651787200304,imbalance
1743.2169963814335,2.6640189732089943,0.0946483627830891,10.117857470268689,imbalance
1748.130571684066,-0.3825680078142361,-3.4065166394957798,9.895394671014266,imbalance
1753.1369828800791,-2.602306190943269,0.6922836746047887,8.74280618614353,imbalance
1758.0926518934148,0.1912465654524095,2.106518323917215,9.449676715341292,imbalance
1763.0976879427524,1.937118814715844,0.3617519837263341,10.673095221057254,imbalance
1768.0485996445057,0.734960703971193,-2.920736283432956,9.906649721977072,imbalance
1773.0341463959255,-3.054952555941923,-0.3056281303192765,8.662309626848776,imbalance
1778.0087469336945,-0.059753290271468,2.190171305712425,9.625224387072407,imbalance
1783.0548274148518,1.812244520010583,1.0885583657781284,10.513949996488492,imbalance
1788.083412046873,1.5036856857431995,-2.3380254108948924,9.991068619787804,imbalance
1793.053176484987,-3.097895206398846,-1.3958166406102357,8.832285314532491,imbalance
1798.0136467008258,-0.8703856553071726,1.9638433125377,9.011101636015882,imbalance
1803.051995639355,1.5005481187665428,0.9438210158536376,10.40098215813741,imbalance
1808.0043084420247,2.151121960714532,-1.689594062928842,10.469500969294062,imbalance
1812.9938691204973,-2.304017034345592,-2.0750021122895803,9.196127742465473,imbalance
1818.0918099789617,-1.6953251300019967,2.393228132611333,9.068945779477849,imbalance
1823.1783042925576,1.0733701495156514,1.2244253247689834,10.45985491075798,imbalance
1828.1357452926663,2.283721772031983,-1.4126247033058423,10.10151318069889,imbalance
1833.120637239888,-1.781218070504876,-2.420973306119468,9.181056347727454,imbalance
1838.1001207027232,-1.844241203816741,2.001056003355321,9.261843056351347,imbalance
1843.1808181402437,1.0972359226818975,1.474757356980954,10.147602433456807,imbalance
1848.180373721773,2.406228922679436,-0.1117092730040934,10.40101039385636,imbalance
1853.205698395967,-0.8965456615271563,-3.209570204455855,9.309460375935885,imbalance
1858.108871158822,-2.605219090836744,1.4952329060570375,8.944393258734934,imbalance
1863.0766766477927,0.2412606921089716,1.6514908317564296,10.194165972341978,imbalance
1868.0589109156745,1.782190652822046,0.1169839371770656,10.857486834621197,imbalance
1873.014903257736,0.4333494246104014,-2.95950549867454,9.378179856714183,imbalance
1878.0039339838447,-2.837221901478879,0.3426784283093272,8.647414552279942,imbalance
1883.0940382560996,0.1434872690295838,2.1828332704650992,9.75160178722946,imbalance
1888.1460219768028,1.817782430433173,0.5954713476178867,10.641848890888962,imbalance
1893.1122255406185,0.8366760919282374,-3.0206339064359065,9.662057919866028,imbalance
1898.083252708692,-2.9775453532840688,0.0957698268888836,9.015623746431327,imbalance
1903.0189013425208,-0.0963098115290246,2.095502809719481,9.373082256796692,imbalance
1908.038522716305,1.459477507836077,1.0253226061744891,10.133208480170962,imbalance
1913.0485977585852,2.118993780255692,-2.239806902392476,9.993294509348177,imbalance
1918.0385194825956,-2.851601950959681,-1.084255181171625,8.804136231650057,imbalance
1923.0497018590995,-0.4073105082031154,2.2670412718486315,9.019157280543851,imbalance
1928.1203438261164,1.6222885524392794,0.9436441538094128,10.602204075314376,imbalance
1933.1032693772445,2.3870310098616976,-1.8618566658760052,10.501766112327909,imbalance
1938.0683010161183,-2.2960023854886296,-2.2776299342052706,9.245109329833063,imbalance
1943.012948071588,-1.067097515414733,2.243675966436386,9.480373543242782,imbalance
1947.9282773987577,1.4304501440314503,1.4121221966829665,10.198445752261817,imbalance
1952.9742941749448,2.355102729234245,-1.2506845821801842,10.272847602309628,imbalance
1957.9447311369315,-2.196862719653552,-2.5550444714187823,9.042702740396098,imbalance
1962.952278843996,-2.076212754998037,2.1305231181764404,9.082690270410664,imbalance
1967.965801200156,1.186835554372542,1.703694552898408,10.013026018695804,imbalance
1972.9903994424772,2.398467823344664,-0.3664096982323122,10.00978620503208,imbalance
1978.001018339667,-0.3117262279071409,-3.201493263475192,9.357236915006794,imbalance
1983.0409817203451,-2.1414254540678206,1.4941153899318165,8.813459022459782,imbalance
1988.1189456789075,0.7835803777815197,1.8894045356395808,9.954633592277014,imbalance
1993.1341869907087,2.197106648959431,0.2873883304433373,10.564891073510694,imbalance
1998.099557810788,0.1692465260530112,-3.1013557085745287,9.774136237255696,imbalance
2003.079754026899,-2.934775348033225,0.3599174217096215,9.238189408166631,imbalance
2008.195421258033,0.4121593277287138,1.8731871634584527,9.622870964511383,imbalance
2013.2562653674788,2.030055895226391,0.3959968106065967,10.776742907900738,imbalance
2018.2755542730015,0.7059126568837037,-3.303118313329497,9.704178383383054,imbalance
2023.3222277119328,-3.01622356949762,0.1594446883198248,8.900216277194577,imbalance
2028.21409854384,0.3302096548731839,1.915929331520228,9.245532275941017,imbalance
2033.1797236902717,1.9176854792917533,0.7410343146537024,10.54134451514838,imbalance
2038.185782562793,1.684041693230209,-2.5298823323898967,10.235143885358452,imbalance
2043.246446855231,-3.2348887816627205,-1.252737982593082,8.814260311784563,imbalance
2048.2248655048697,-0.2073350960314105,2.5513151071773423,9.49739950785957,imbalance
2053.217486543414,1.6983966608924426,1.313878942954525,10.489826483844793,imbalance
2058.244323619102,2.0546774304521715,-1.7893460201380622,10.566323406689182,imbalance
2063.251605049824,-2.5008501491764723,-1.6316116861240646,9.136530825144584,imbalance
2068.268253715543,-0.6993774494210059,2.3556038338460867,9.120085666155331,imbalance
2073.299038646948,1.406305660297225,1.1770369318315836,10.536822963899592,imbalance
2078.319447405214,2.734896617836486,-1.3149550247858892,10.429245780756954,imbalance
2083.319820904644,-2.3468043959811147,-2.2385078917293635,9.173969481042038,imbalance
2088.3618021547104,-1.8652721769378349,1.952916719204908,9.424302073418817,imbalance
2093.3895789141625,0.9594363929601422,1.7042275617902742,9.876931139266787,imbalance
2098.401701085296,2.0843135184228165,-0.3803062062384341,10.894909500220294,imbalance
2103.4058311978006,-1.073313844511012,-2.7752787432807557,9.644056452354375,imbalance
2108.4418730843317,-1.989225753149737,1.7726251348538766,9.045846432077262,imbalance
2113.5211021737896,0.7202625371818896,1.738321349607964,10.210137433671015,imbalance
2118.5278329862954,1.869842219440105,0.0309609478551853,10.700106768283234,imbalance
2123.562085724453,-0.6988741587721048,-3.160859207489427,10.156712992626009,imbalance
2128.5637632908206,-2.986858814921696,1.1206612591913598,8.86277469914281,imbalance
2133.4725916403704,0.7055547399562401,1.994832997173559,9.640174807774224,imbalance
2138.50587141287,2.213243961476544,0.3110028497655355,10.527720787607633,imbalance
2143.5703975714277,0.6802401200131292,-3.2170049192433594,9.74877131554707,imbalance
2148.598438865808,-2.8270452381293603,1.1180478083675498,8.824085506494622,imbalance
2153.5806071004013,0.1055863851787514,2.168398709495276,9.98183708000808,imbalance
2158.4956495050646,1.979937876755227,0.6117684381751,10.878203752343708,imbalance
2163.4794974031192,1.4726265553022395,-2.6825474298466374,9.813566321078929,imbalance
2168.431384070217,-2.9699550491725577,-0.94408760818107,8.683145101464003,imbalance
2173.502175590974,-0.2379554627381683,1.927848206545076,9.488243023145255,imbalance
2178.5122496522467,1.6307033954013024,1.4157640080847609,10.699181251181573,imbalance
2183.528153492266,1.594868592831495,-2.052850623716573,10.005826671044826,imbalance
2188.595077104891,-2.80898820474666,-1.4320679666661087,8.891373488949,imbalance
2193.5849590311536,-0.7665989815475756,2.249765298458406,9.355358827962837,imbalance
2198.6013184304597,0.995308585575005,1.0077845137290746,10.371720710184084,imbalance
2203.5771414046494,2.240710221660616,-1.3894302457535028,10.40902106563962,imbalance
2208.575816368433,-2.1820145403068056,-2.439016812202353,9.019252620897356,imbalance
2213.5868136693066,-1.227584417760951,2.219624289866793,8.900954499805435,imbalance
2218.6229104230824,1.3935330958656509,1.4421253966860677,10.852145527944463,imbalance
2223.6418030179543,2.254343968231472,-0.6230155578758991,10.464299913969,imbalance
2228.643277053215,-1.8056069112182944,-2.782204796859137,8.806919910919836,imbalance
2233.711393681988,-2.161133292534312,1.6153279973385886,8.901224349875427,imbalance
2238.714878775425,0.6922821141260609,1.8688462842095777,10.289848658377672,imbalance
2243.661370938325,2.3195920242187054,-0.3306776721825047,10.722677698390626,imbalance
2248.654139793943,-0.2753974738849679,-3.1653222716988587,9.478119132649452,imbalance
2253.720788423005,-2.324606608148607,1.1233035284934347,8.749877308953948,imbalance
2258.73861539093,0.4160548111392888,1.361573113495646,9.889225651508369,imbalance
2263.6544521074115,2.531664375103817,0.3997512242852406,10.77205218589428,imbalance
2268.7670974860034,0.2916397382056848,-3.1290488899932467,9.540787373849229,imbalance
2273.745624061183,-2.9537595549443805,0.2208093849817035,9.116866237044242,imbalance
2278.678178867154,0.1718824442263908,2.116268314821684,9.43108144732734,imbalance
2283.733156421876,2.03009272640886,0.9551428362338754,10.353436938784096,imbalance
2288.809487443524,1.1409915189159563,-2.671930830962148,10.00433513109576,imbalance
2293.9102926302726,-3.2727539679757034,-0.6537442059523855,9.007473491161122,imbalance
2299.014105598265,-0.0054807128383214,2.2729034141008118,9.36641704112384,imbalance
2304.0016985101943,2.0654566776961403,0.7158820193830675,10.281549849406154,imbalance
2309.046482522322,1.538036801266239,-2.175384958278048,10.082741704528283,imbalance
2314.09975234444,-3.0086077090713963,-0.3222869465646262,9.06843843512115,imbalance
2319.084851561713,-0.1342924084375463,2.379581363963351,9.532659036308884,imbalance
2324.0379698121283,1.2552307104547693,0.9749122948505828,10.98208279880864,imbalance
2329.0554760126474,2.3269945658141027,-1.865500674331148,10.326309174160738,imbalance
2334.0262716824823,-2.581005450107755,-1.8153393273354348,9.015832935141669,imbalance
2339.0105807909554,-1.179719545539176,2.4772323841027277,9.189292554365052,imbalance
2344.079421858772,1.1347578840112258,0.9836820326992336,10.01430572076046,imbalance
2349.140902478353,2.226951833766346,-1.2893536614010002,10.51916167629355,imbalance
2354.1059628315843,-2.03216086227872,-2.5904614088475597,9.557572202805655,imbalance
2359.069204683478,-1.7421388729303162,1.8965707104175509,8.96462075630348,imbalance
2364.013827754381,0.994544130597148,1.4058567312233785,10.014741918389063,imbalance
2369.0320112920986,2.6080012852575285,-0.4836505942341074,10.643522676115236,imbalance
2374.023756989565,-0.7922280800559609,-2.954176706927664,9.29569642622018,imbalance
2379.061574438296,-2.495139406340086,1.702536434739478,8.716994539198149,imbalance
2384.052847692551,0.7358714319226012,1.5708324211704274,10.186417614694374,imbalance
2389.0537920202173,2.0987721297365227,-0.0150338598489837,10.652077150003736,imbalance
2394.077891324522,-0.0996211529041661,-3.442028411619779,9.286610997557643,imbalance
2399.1206839452657,-2.85455941076468,1.0460646678733214,8.926118336699572,imbalance
2404.155671460107,0.1993464834141315,1.8445216759966083,9.617125068659256,imbalance
2409.1464092155,1.871200266783701,0.4181725940242349,10.402012374543624,imbalance
2414.2118001685108,0.9255737355329452,-3.1257548360108163,9.920904219144337,imbalance
2419.2435347752075,-2.767649094698238,0.6046285097951081,8.90050916542921,imbalance
2424.1432901958333,0.3301931080027376,2.117318088969212,9.859076652559324,imbalance
2429.1649857098646,1.7436018218031863,1.183084351246468,10.649012575617457,imbalance
2434.229038094922,1.186875532015163,-2.7814856288200813,10.278404429806573,imbalance
2439.228450738505,-2.8463158916915705,-1.01166876409975,9.087189300114357,imbalance
2444.2050928896674,-0.4928385467178262,1.9346038365169644,9.59047868497045,imbalance
2449.2407639153794,2.072249735130176,1.2252553389179923,10.713549221600172,imbalance
2454.279978344299,1.702851635742166,-1.9533050262594165,9.740141246265823,imbalance
2459.234365392745,-2.595736397113611,-1.7543184262204,8.71060570036255,imbalance
2464.2108134184296,-1.1189441719305235,2.3536050150279597,9.601647756044851,imbalance
2469.1548826276166,1.337834096470213,1.4692474988426143,10.412147986053398,imbalance
2474.1646291215,2.3065833260571744,-1.4225321502829391,10.348472587190802,imbalance
2479.212294850124,-1.9211692424985105,-1.914378868315202,9.643276896917955,imbalance
2484.23754216689,-1.8584407465621051,2.117178767312977,9.115699999482722,imbalance
2489.2441362835025,1.0844907114090103,1.3074295366296147,10.357009185477494,imbalance
2494.2075215823534,2.3631009538909065,-0.5606832126288789,10.5878502902515,imbalance
2499.1621513150594,-1.6141317110569051,-3.07449775780351,9.490414996666605,imbalance
2504.1288741689627,-2.103874551135251,1.4599113870522558,8.959547484459625,imbalance
2509.048532579705,0.8233904971467995,1.5443719839690957,10.159875949873218,imbalance
2513.9829574860246,2.402471699399777,0.5119433512725855,10.805609207733282,imbalance
2519.012149021703,0.2778001543313664,-2.9735737912253413,9.659727176384598,imbalance
2524.048477474965,-2.77263397120651,0.9438663633465668,8.998555054761553,imbalance
2529.013947280114,0.3411571087014723,1.605930516336962,9.867088811093952,imbalance
2533.9905876669354,1.8072886623079767,0.6786322090428493,10.668458379327884,imbalance
2539.016115369685,0.9594840066378572,-2.6587240756301016,9.793517297024492,imbalance
2544.029416601852,-3.011860697364097,-0.1484654029234244,9.521023305421648,imbalance
2549.0557934025846,-0.1476777538235231,2.104861110941894,9.395157608992712,imbalance
2554.039814265805,1.858422515969922,0.9087126676974018,10.996290000072806,imbalance
2559.109147918899,1.2809694960407123,-2.4812258760063863,9.999748046937908,imbalance
2564.1748512159147,-2.6491695283672585,-1.0123510422591762,9.04834589794745,imbalance
2569.265103626342,-0.4402558805638773,2.10300107490927,9.328743793826115,imbalance
2574.2706003052467,1.7479821209216049,1.0852249615294012,10.695559023059817,imbalance
2579.331023744061,1.6260538868631895,-1.878312785047716,10.125926917519282,imbalance
2584.323535229268,-2.79794815234003,-1.726338337695383,8.795912307623485,imbalance
2589.210785097385,-0.9302281669174396,2.1985963989977955,9.40328280804224,imbalance
2594.227726156743,1.039653539681293,1.3345365468201962,10.718288271221637,imbalance
2599.254756459894,2.6345387233587294,-1.513281864179996,10.49824694461003,imbalance
2604.1549961961086,-2.101700325790238,-2.0106643445864982,9.48694820067796,imbalance
2609.1619958406686,-1.2967686525231104,2.131013318949089,8.85882785971263,imbalance
2614.256730332604,1.131244587843221,1.6603454694235504,10.395025071943412,imbalance
2619.293300960705,2.1627635059909904,-0.8690127070106847,10.615792491654032,imbalance
2624.270442544751,-1.2414277555070794,-3.083962781453913,9.337438185741425,imbalance
2629.262805173501,-1.9192950089855545,1.7239808733204742,9.1144469664026,imbalance
2634.246976297596,1.2666110842551623,1.9308590339961744,10.109172299775423,imbalance
2639.28064775149,2.2465737772429915,-0.0518711013848973,10.403861903414256,imbalance
2644.1931810224696,-0.0304270133913801,-3.0742400669898906,9.645197023368825,imbalance
2649.140989071643,-2.735522033121513,1.0343560381055816,9.035235513991026,imbalance
2654.03513610568,0.0386416615472233,2.0764953898909506,9.83504585162144,imbalance
2659.0395806827078,2.136715102094714,0.6914291586487313,10.791784448040362,imbalance
2664.1144667556723,0.604796029333068,-2.883577493751438,9.980584021550728,imbalance
2669.152205293001,-2.8965752282985733,0.2980189855132823,9.235623438696711,imbalance
2674.187127876763,0.3788490682686423,2.2670976616528224,9.869066386059597,imbalance
2679.2126251778977,1.603583104950235,1.2632169418419967,10.73613225699818,imbalance
2684.155690754897,1.5060017741695448,-2.673679684800536,10.108532802102202,imbalance
2689.127658782989,-3.2224221248245213,-1.0821012803018752,9.014608787974437,imbalance
2694.1057277515783,-0.5932701467363064,2.0521123473795173,9.245576787077097,imbalance
2699.192110123432,1.5103634056387611,1.0641487284456002,10.500918123499789,imbalance
2704.232583098525,1.8317595468623875,-1.7776064987642777,10.120670634973433,imbalance
2709.2816097133937,-2.2809961922274136,-1.8954633016141544,9.0085776917148,imbalance
2714.3050552913787,-0.6726760283395476,2.225600231876648,9.48412712579905,imbalance
2719.306106699442,1.128419041999634,1.3503813259410142,10.59148291649774,imbalance
2724.30735476045,2.504151100950959,-1.2722285927832062,10.48414245776614,imbalance
2729.2377047888745,-2.312308938650224,-2.563785519048668,9.09160107747888,imbalance
2734.183002194847,-1.392901277233337,1.9409391435000831,9.287452710752389,imbalance
2739.211176995539,0.7441624364521571,1.615934824169318,10.428712811935554,imbalance
2744.3153957139407,2.46835698992121,-0.4573581478726134,10.328943943638096,imbalance
2749.3130461365427,-1.2545266261505483,-2.9440155925504854,9.354556701396811,imbalance
2754.301006127989,-2.081659493134308,1.9052645485306536,8.529386204726274,imbalance
2759.342258876872,0.6066417453696549,1.7146263662309027,10.221195100426725,imbalance
2764.398797949897,2.045182406039072,-0.0018542473189821,10.73484617232865,imbalance
2769.377877333989,-0.4084015119351708,-3.4415560337494626,9.671656012311324,imbalance
2774.39823481643,-2.584629090298356,1.3726727847326492,9.18159584058412,imbalance
2779.304525675857,0.4792303916020418,1.9470362364451184,9.912632845463929,imbalance
2784.356097361924,2.224426491885307,0.7230493349161615,10.821840659585074,imbalance
2789.389782587052,0.2338789609705217,-3.358707018431464,9.650125574880038,imbalance
2794.3922316143694,-3.2272178918931904,0.2448415009320382,8.911745287049769,imbalance
2799.326232155403,0.0606030970485815,2.200153806519354,9.807013391241089,imbalance
2804.3182806877467,1.890394866408348,1.02955344798806,10.624364192761776,imbalance
2809.301005973112,1.285110816679049,-2.763765508130587,10.086250926582036,imbalance
2814.2730212876427,-2.998205159636994,-0.99035788552195,9.089386737944915,imbalance
2819.2775693323097,-0.5647307846737843,2.380692717946112,9.253687777605329,imbalance
2824.256773873484,1.341159817039852,1.0382187546891974,10.713792666555763,imbalance
2829.2333455663024,2.186760719870993,-2.1142805967185527,10.42260116125503,imbalance
2834.2965007986186,-2.903368037583198,-1.7080377103941375,8.94938911907531,imbalance
2839.2285111678434,-0.9209221108177096,2.0456244600238813,9.212402194538376,imbalance
2844.238963856948,1.5385527638861765,1.5910802510384034,10.514324561200596,imbalance
2849.2002456318583,2.219452915487933,-1.622860517303895,10.796917502473889,imbalance
2854.1737862815926,-2.202682231699725,-2.590130912758691,8.998365937216365,imbalance
2859.232142709135,-1.7525469168149792,1.927188334849874,9.066646976135727,imbalance
2864.22687624157,1.0596067047835196,1.5816633429125893,10.6680381595863,imbalance
2869.2360122268974,2.316718566007096,-0.3906789682143529,10.65115396369924,imbalance
2874.275960761476,-1.309361910929925,-2.6856838438791137,9.406966754710217,imbalance
2879.320333309688,-1.925857336409076,2.043987638825165,8.768955683371306,imbalance
2884.333926149,0.8357297951247034,1.9354089799825205,10.109982295076165,imbalance
2889.3158799350376,2.450530167981384,0.1646358976087387,10.639109086639005,imbalance
2894.3272557463347,-0.6731707364289472,-3.243254178833911,9.4111509707018,imbalance
2899.355096471792,-2.838233260050661,1.0296706277006318,8.813782381595155,imbalance
2904.40280178258,0.5894795988788052,1.992121837628115,10.047427529996394,imbalance
2909.375359612891,2.619554726060477,0.3850354626630848,10.529703092645594,imbalance
2914.3597975071234,0.6628057519418584,-3.181907165542313,9.61656914371747,imbalance
2919.306472813324,-2.7704926425746432,0.5822172363977305,9.102387073287783,imbalance
2924.286521399253,0.3411164881749464,1.9075423959287887,9.79076216556667,imbalance
2929.2484912904506,1.7888433057833426,1.1079030238135754,10.471175706278112,imbalance
2934.270084048422,1.296101772250969,-2.5205257907183087,9.835475168105972,imbalance
2939.287086634984,-2.8392959270015736,-0.886140102715244,8.801023221212226,imbalance
2944.2780786994567,-0.2122711559235758,2.415509054929793,9.409608233952882,imbalance
2949.26537479809,1.8693936432799028,0.6767030343370757,10.649273871101958,imbalance
2954.2632921821646,2.1499422731922477,-1.9414432857635693,9.923862103192064,imbalance
2959.3483472352414,-2.5389827060972583,-1.767054038314369,9.20363351775051,imbalance
2964.239669329774,-1.3446968244403283,2.172657452152986,9.45390548154238,imbalance
2969.232114405414,1.4651965352136656,1.2109113003886134,10.290240547304682,imbalance
2974.239687353788,2.2535032839467948,-1.2401311771387866,10.52994150315309,imbalance
2979.182683473268,-2.0857788462847924,-2.733661563809318,9.267452953333075,imbalance
2984.1508777172407,-1.558798858021575,2.214162804533133,8.979111504977482,imbalance
2989.172370159739,1.0780844627675157,1.5077428671605586,10.581454633017188,imbalance
2994.1787288243377,2.372572965712452,-0.64878910599356,10.400358341800594,imbalance
2999.2006950855216,-1.5671481210592626,-3.0873599713853124,9.599599234280856,imbalance
3004.2013312947843,-2.56206176607526,1.7399016460168355,8.759020942961794,imbalance
3009.177619796088,1.0910377291111053,1.8244182097012265,9.91581786715653,imbalance
3014.148573194127,2.1241767498152178,-0.0953043450437324,10.623242421152533,imbalance
3019.096599187397,-0.0907682888484276,-3.366530092333325,9.71386827975593,imbalance
3024.1879155373285,-2.7315807875718314,0.928169108672066,8.876147223929873,imbalance
3029.226806895937,0.573203258376486,1.8876770622423529,9.889017151959662,imbalance
3034.248832297876,2.0364379137462323,0.681219715616083,10.836529428155934,imbalance
3039.176768045623,0.685888633258302,-2.9297796599281263,10.016611624969428,imbalance
3044.128507892284,-2.90648901375413,-0.1624336994583181,8.716843733838742,imbalance
3049.1715072292614,-0.0579703159043794,2.2164474198052844,9.65575626009764,imbalance
3054.2372513951555,1.5978948190989957,1.2889708883206243,10.82144478901085,imbalance
3059.260075355653,1.6151114801429207,-2.730956623968732,10.255592121099118,imbalance
3064.256304867933,-3.3091931760401514,-0.5335746737445991,8.754741734088944,imbalance
3069.15469654946,-0.1640667251107507,2.2355042580859084,9.670184077547828,imbalance
3074.1155863867266,1.3351486644026704,1.1046045123911976,10.779489354178782,imbalance
3079.1400805284898,2.054366366585957,-1.96875413410331,10.25170974233243,imbalance
3084.150802248259,-2.841069985339054,-1.88584345176622,9.14436840275894,imbalance
3089.083837404856,-1.1889834173479,2.0955838715249357,9.21010640714946,imbalance
3093.9949017009644,1.007985421286662,0.9407375916150884,10.314556730025462,imbalance
3098.988680079652,2.6389940721906293,-1.2641409812707778,10.292527537201805,imbalance
3104.019570029885,-1.9832574894937736,-2.578320779130081,9.037269553126537,imbalance
3109.067402258222,-1.6964839425381333,1.9344250420787128,8.929762991573668,imbalance
3114.093816294971,1.005736690792718,1.4556440882703714,10.469327421437416,imbalance
3119.1226214563603,2.4526301695377093,-0.1488474177147826,10.79853996357077,imbalance
3124.1302759924256,-1.1413017284378366,-3.29019973200308,9.409570541218892,imbalance
3129.0458346612763,-2.2464564138382004,1.677547523845626,8.949242084887654,imbalance
3134.0585140643025,0.821654625521068,1.6685264572931224,10.347372406971122,imbalance
3139.0709069249538,2.3098541719114745,0.1237074107102448,10.768250183924982,imbalance
3144.086709658293,-0.2356583942105439,-2.9599306565529457,9.552117172054524,imbalance
3149.0891909521747,-2.9412786946780507,0.7353111925039397,8.98864071043606,imbalance
3154.0932555975724,0.4612487291060601,1.6873792850495564,9.96205976507352,imbalance
3159.042250262284,2.2120596684671345,0.6480791824990324,10.832536551677668,imbalance
3164.0257402270563,0.9950978860569676,-3.144351374528556,10.121577356418868,imbalance
3168.9939019022418,-2.489148199338352,-0.2612053307431276,8.769377783090922,imbalance
3173.968128996834,-0.1930004501810847,2.296424730971193,9.713324806021516,imbalance
3178.966277290564,2.0076331978433424,1.0828198430766878,10.44803169171314,imbalance
3184.0058609893863,1.311401895854436,-2.613464722368435,9.930472425217893,imbalance
3188.9483599130226,-3.2951153727843208,-1.203805480579276,8.976666982934619,imbalance
3193.927313331696,-0.5626653603262496,2.0156215493801914,9.343765209718466,imbalance
3198.892426630876,1.2612229611954746,0.8991157242864138,10.155794743913724,imbalance
3203.934709296981,2.0729448108529382,-1.507349308327669,10.36223783251172,imbalance
3208.9757586058795,-2.589901207913196,-1.717588760839887,8.696725266885373,imbalance
3213.953498026729,-1.287732427388619,2.103209761143839,9.10458240745535,imbalance
3218.921440112252,1.050381215146979,1.7236167044593338,10.769262490423442,imbalance
3223.9648137888703,2.6473796708277417,-0.9000057163466614,10.48672943080637,imbalance
3229.001531428562,-1.8352356158646772,-2.5964720603599014,9.318487612293366,imbalance
3234.0195260772152,-1.5527044013788385,2.250002664664183,9.020757342359236,imbalance
3239.105041805023,1.245772344099834,0.9105433372305252,10.270505959972716,imbalance
3244.088269058233,2.4036899437691117,-0.4233964144203702,10.730009292947363,imbalance
3249.090398063616,-0.9575853287394476,-2.8025100349038308,9.386102654259112,imbalance
3254.0793047897646,-2.337565994932868,1.7081412636448228,9.33205946965558,imbalance
3259.088918953673,0.9127167855159788,1.5259219955631689,9.83369649271897,imbalance
3264.07249086497,2.193896083899081,0.2510841058938238,10.890386899061898,imbalance
3269.072672266799,0.014588953958845,-3.504466230325879,9.449047930226634,imbalance
3274.032388428433,-2.835102718799232,0.9164993889780602,8.666363800753714,imbalance
3279.068149282131,0.4124428287476424,1.997118353213573,9.974088694739615,imbalance
3284.056499151145,1.7585009847911994,0.5268559165481431,10.296705963278429,imbalance
3289.058359079832,0.879726384830275,-2.8884970021444336,9.693765161351086,imbalance
3294.053856464556,-3.239311679477856,-0.1358543158774703,9.107455433028733,imbalance
3299.0743880690766,0.0880733414400379,2.204659469793681,9.893043330223266,imbalance
3304.084282774067,1.7568454792076065,1.05994517803256,10.728802198189024,imbalance
3309.0342272712533,1.5313365633577305,-2.459492092791764,9.87687308503066,imbalance
3314.0189975905205,-3.072487733823519,-1.4207818134603378,8.512463418063247,imbalance
3319.025397188805,-0.2561076333095717,2.043096349634161,9.503118444038106,imbalance
3324.082398701522,1.3064910326192656,0.9614300531924326,10.5519894298834,imbalance
3329.126008551288,2.072996656998896,-1.732905037638669,10.265963150294118,imbalance
3334.056521007177,-2.6976927663520667,-1.6835270706816263,8.784546865993164,imbalance
3339.048743990188,-0.9316271472616128,2.107798016698262,9.231112586221045,imbalance
3344.025234003949,1.5217420522615397,1.093252442839414,10.479270786465197,imbalance
3349.0334404700216,2.5854588239231835,-1.2638260440724762,10.389370910268772,imbalance
3354.0407061086707,-1.860795312503091,-2.621108398561521,9.510714911543108,imbalance
3358.997060763228,-1.6369813180863986,2.17058971252295,9.0585455385014,imbalance
3364.075647626052,0.9614326634288302,1.545221472384624,10.313548592782212,imbalance
3369.066485674264,2.395839259986563,-0.2653602402804492,10.5046399421,imbalance
3374.0148765530143,-1.1031717440413569,-3.206808605480886,9.47269050688664,imbalance
3379.003651065425,-2.641226277774889,1.4506600505831837,8.939055443343769,imbalance
3384.0107124821084,0.4211772889712641,1.5571489585512832,9.74062731294623,imbalance
3389.0140845715573,2.223757066646897,0.0800591882614181,10.704986331065747,imbalance
3394.0055682018588,0.243272786024593,-3.083379667707223,9.402178373835334,imbalance
3399.024649939307,-2.973620494332053,0.7631995646606149,8.975251775889351,imbalance
3403.9867634310085,0.4579635592941,1.8586978311777933,9.66192008917892,imbalance
3408.995427505174,2.2492677549619176,0.7053434951633455,10.347546631858116,imbalance
3414.0098611691583,0.6139503340960146,-3.144426561039563,9.924667222860174,imbalance
3419.034499451608,-2.8068742965048266,-0.2330020758196594,8.945735047127542,imbalance
3424.006739044222,0.0168783892553933,2.374654527865782,9.456697806109602,imbalance
3428.960982894311,1.877720398193485,0.7722851445801098,10.495185572402807,imbalance
3433.970239918266,1.6605932925674445,-2.3982146643581825,10.274830697724711,imbalance
3438.956612416709,-3.0439320461454886,-0.7858433763263668,9.02211109401128,imbalance
3443.9541995643585,-0.8854304531199813,2.1978023477875426,9.679179420724909,imbalance
3448.87490478993,1.4485370505584927,1.3218148416157076,10.266178323323018,imbalance
3453.877149515009,2.4444361633465563,-1.6445599534037785,10.283455610108549,imbalance
3458.969881675957,-2.259250949932494,-1.874776630423196,9.089675032421804,imbalance
3464.0617919955585,-0.9035516460968904,2.287324382012985,9.153257487954404,imbalance
3469.078605391591,1.3972509398303845,1.4402339973987994,10.245227001326262,imbalance
3474.080004783099,2.18940107200072,-1.21574313726462,10.378257853717864,imbalance
3479.1500414984566,-2.0843189716874457,-2.8396840142275743,9.06616382723378,imbalance
3484.177726970326,-1.7765167391577756,2.118316814307899,8.958638170635245,imbalance
3489.1117679139456,1.6424188372922288,1.574396821277311,10.174788432774555,imbalance
3494.093130961502,2.601368455899733,-0.4834185893235741,10.718454745655642,imbalance
3499.0279738806425,-0.7344629816903305,-2.860631723123501,9.589414321544258,imbalance
3504.114788845421,-2.4529119727098503,1.524749766911221,8.795550381697323,imbalance
3509.137319478033,0.6509356038250593,1.3581809536941032,10.147716558058356,imbalance
3514.144329038644,2.039032707555257,0.1720097216506583,10.526127810349836,imbalance
3519.102122527531,-0.1795191352805254,-2.6658260224711805,9.667019305653747,imbalance
3524.075836316459,-3.055974666796997,0.6186910169702744,9.01699099685434,imbalance
3529.0318504386696,0.5752546224871502,1.9139716981010677,10.023623132237638,imbalance
3533.9365576246387,2.042750371506418,0.4203664923724116,10.563177202956378,imbalance
3538.932412712209,1.0774587137824914,-2.970783145883851,9.916353516681864,imbalance
3543.92364092512,-3.254140605649307,-0.1620300073977684,8.714396911813468,imbalance
3548.926363561809,-0.1240370094158174,2.391892519563889,9.738562224207062,imbalance
3553.991186609122,2.151681230011053,0.8734598026238989,10.801211821647584,imbalance
3559.039072222741,1.618334624583479,-2.3018657791225943,9.964461730586892,imbalance
3564.112646844611,-3.306343059454126,-0.9644369580660812,8.58749636973642,imbalance
3569.109645921364,-0.4044630044829803,2.373662147062379,9.23791526034164,imbalance
3574.121152155237,1.6635737230119432,1.62133638441409,10.35356343711144,imbalance
3579.200319908959,2.251461186555987,-2.107678094097362,10.229629868878478,imbalance
3584.1236201125425,-2.796158689006542,-1.9025515007712968,9.49847793719889,imbalance
3589.1318280436985,-0.9061142401635632,2.2170167002707104,8.914687906357528,imbalance
3594.132855914744,0.9908833519582496,1.4711634850810738,10.349093104326876,imbalance
3599.05802952373,2.5545265307016103,-1.1890628475946694,10.641580023762495,imbalance
3604.046327660206,-1.7343737749008885,-2.612206385821257,9.416393793908655,imbalance
3609.04782990692,-1.8023998417223643,1.8251746606574948,9.13319060392627,imbalance
3614.0922642077385,0.9061466857423032,1.31447730599322,10.097964985552496,imbalance
3619.1414643912512,2.491973608609642,-0.3590688040420591,10.585434155680842,imbalance
3624.147339716821,-1.0210696096967755,-2.810803568887576,9.48147147611614,imbalance
3629.233906336256,-2.4761325209459213,1.6844881040030002,9.01781550042951,imbalance
3634.2083885376,0.9373974368038172,1.4544008723665136,10.066561508145965,imbalance
3639.263506740765,2.356201693032516,0.2982852987965492,10.637815540233708,imbalance
3644.189645373424,0.0641017066849864,-3.143170620086531,9.795262616962168,imbalance
3649.1403162814095,-2.8191363151911,0.7703779366502544,8.789562910533492,imbalance
3654.138836968189,0.3602745642561693,2.141482858695395,9.913872528321075,imbalance
3659.140207476108,1.942891586924119,1.0411200398522809,10.56209734927011,imbalance
3664.1865961178673,0.5030367317223708,-2.83599504759721,10.326026326547838,imbalance
3669.1755979548698,-3.1394692313927317,0.2242901090875786,9.021754333179416,imbalance
3674.169193948427,-0.2369818072209429,1.8607471261111,9.624653164608509,imbalance
3679.1826284683234,2.0008917785821003,1.2287851382145691,10.902982398743903,imbalance
3684.192848408634,1.521303783660643,-2.623835312934873,10.319223663579114,imbalance
3689.242892087244,-3.165042398054533,-0.9945045807038052,9.448135056230958,imbalance
3694.286346478472,-0.1271840827623713,1.865715717357031,9.862435838275234,imbalance
3699.219746691184,1.6512920054288425,0.8135852792546487,10.621603545312432,imbalance
3704.222936176216,2.0811041540902053,-1.9261252034085412,9.99682223920137,imbalance
3709.221605744016,-2.3631007759529297,-1.8888970242965728,9.123350112986495,imbalance
3714.153375979739,-0.8043938827730752,2.0055453778352232,9.201048355532144,imbalance
3719.169394981816,1.1961256009474297,1.2867592705297726,10.818357214640564,imbalance
3724.0975389452815,2.273014083942313,-0.9914060119168684,10.796660318734244,imbalance
3729.16730524641,-1.97450065188749,-1.7609802351685655,9.396516431714655,imbalance
3734.084523364816,-2.151405626352947,2.1022458872718586,9.091117527993395,imbalance
3739.099208906605,0.7124792580415273,1.2550139404747922,10.276446122542817,imbalance
3744.135061694582,2.5287629518489445,-0.2855889221383438,10.640938088569154,imbalance
3749.143860736807,-1.1180921585481296,-3.357589895864136,9.660961652153418,imbalance
3754.141705320515,-2.1330635210446123,1.7859648758801772,8.705233368051188,imbalance
3759.173341015256,1.0894205332013636,1.7165324585908244,9.94521577401635,imbalance
3764.2247758184494,2.479274414983436,0.2632798509447979,10.845023664278,imbalance
3769.2824419491776,-0.2399654622863199,-3.30318013071736,9.312868036613056,imbalance
3774.3123905617344,-2.7691416745340978,1.3484777562292625,8.698175716885643,imbalance
3779.298663225168,1.0647432157345764,2.05126924875725,10.009699498265627,imbalance
3784.29798015736,1.9351790784062213,0.7269189559999742,10.83232829584846,imbalance
3789.3081210653554,0.6212473904418133,-2.9489074080644144,9.794589362507049,imbalance
3794.356710170315,-3.012072328784964,0.3954748571691359,9.220889723519273,imbalance
3799.280132330333,-0.052658783483902,1.6732196321911172,9.632168429782938,imbalance
3804.2848404776328,1.5868226605154598,0.4143494457396345,10.412783857307495,imbalance
3809.2738181076975,1.5491412859874258,-2.3212677887880253,10.281780826344187,imbalance
3814.3038540736097,-2.788664555940783,-0.7376483622878127,8.946818662789196,imbalance
3819.2588101739984,-0.1965130002485442,2.464035945219966,9.455963647998722,imbalance
3824.216853336015,1.357913269283038,1.266279925922625,10.421801109979324,imbalance
3829.18791345368,2.0316251137144445,-1.905321629518564,10.081988027623092,imbalance
3834.176465563169,-2.522769410742232,-1.6105885922373382,9.097229128679352,imbalance
3839.133022521018,-1.1118660303995238,2.337670567050991,9.425638452057015,imbalance
3844.201505390567,0.9054998631210728,1.3635642538148889,10.3719364606545,imbalance
3849.192869953629,2.53801682358057,-1.106169407775575,10.60945588691312,imbalance
3854.209046669338,-1.860419710816931,-2.1292639417151555,9.429120598768195,imbalance
3859.1880103626377,-1.820869925504,2.532952813385756,9.172048367678762,imbalance
3864.213998091068,1.1677892880256555,1.6121306719134405,10.33597936453565,imbalance
3869.092788861426,2.396850337691082,-0.3621161112946055,10.69399413478003,imbalance
3874.067666886821,-1.0475317902782817,-2.7289390891120253,9.673051509142136,imbalance
3879.0185269689614,-2.4269726580218385,1.4220977672322372,9.23868460492559,imbalance
3884.1328916501934,0.8858777004090168,1.6978614655859998,10.069435691661695,imbalance
3889.120746676358,2.3054818742312837,0.4167489377029739,10.603919041932484,imbalance
3894.175059231589,-0.4822894198169937,-3.3885604081294347,9.72286140587137,imbalance
3899.272516402972,-2.4242771539053454,1.2080537688821242,8.823889275343316,imbalance
3904.313314779397,0.4500343370766809,1.6703742753559334,9.434707679294084,imbalance
3909.410940421597,2.219979179718047,0.4341884956635253,10.529911901122397,imbalance
3914.3952533907377,0.6288826815440682,-2.7148480418445478,9.904095889092368,imbalance
3919.262678137672,-2.669764587884285,0.3952080056036268,8.964442663763887,imbalance
3924.320773295477,0.2833244017306707,1.8310386149925095,10.144476802533708,imbalance
3929.255935251236,1.655004356323616,0.9992883968112573,10.672566036578983,imbalance
3934.2639895807943,1.2852076248972075,-2.9204035655941336,10.50443933874413,imbalance
3939.271749023035,-3.518030370598772,-0.8574916804830692,8.6710262556586,imbalance
3944.342044363013,-0.2008129423019581,2.4483045879171814,9.553457088416891,imbalance
3949.2989869351486,2.098876009653683,0.4242917781650531,10.454253119614714,imbalance
3954.250235073272,1.9189147212944293,-1.9718772618476768,10.377537762591157,imbalance
3959.237735571823,-2.4325308583732204,-1.8353907171928496,9.162834577083274,imbalance
3964.186377603824,-1.021495428859691,2.449033544744395,8.985804322656847,imbalance
3969.173994476281,0.9857051315592766,1.291451824893653,10.43594182984082,imbalance
3974.192851002338,2.2303494927554635,-1.3054584140820165,10.447559741753176,imbalance
3979.229009174617,-2.228827955637614,-2.177699418315371,8.922365530773641,imbalance
3984.2549952888166,-1.5534017569257408,2.223849956530718,9.248172049884944,imbalance
3989.2967167602615,0.7951889944451367,1.4099869715702944,10.27744867006678,imbalance
3994.253441960143,2.935228744913783,-0.4786882062471406,10.770206708300467,imbalance
3999.252100950741,-1.134666934160646,-3.1019746470917444,9.585706330485898,imbalance
4004.275483656517,-2.234112533210754,1.5468858448519074,9.323680614624044,imbalance
4009.281625444844,0.5902363325184969,1.596985839241328,10.065879369251192,imbalance
4014.286841626428,2.401166879683313,0.2296554380137139,10.846222676737892,imbalance
4019.372332779757,-0.4060843150270184,-3.042290413583613,9.357819953015996,imbalance
4024.294208864056,-2.6297787718583368,0.5816689471603587,8.687035559006596,imbalance
4029.229180562616,0.5078800676430696,1.7763444965185513,10.34961723065292,imbalance
4034.204581264152,2.099521406639974,0.4433704816168067,10.481860966115349,imbalance
4039.2203884237833,0.0777926508179671,-3.207680356905803,9.931726035744571,imbalance
4044.204088618092,-3.4488887786724884,-0.2843983718957654,9.033345509840425,imbalance
4049.227200797005,0.3190351103846937,2.130131554965491,9.689403602948405,imbalance
4054.308664958761,1.632348025152279,1.0091674515781155,10.39749637254625,imbalance
4059.276202194634,1.1651759920020328,-2.660701623826732,9.924618367972109,imbalance
4064.286851576086,-3.3100812109030304,-0.9282847430619684,8.912097741481544,imbalance
4069.31452030762,-0.6709540803973364,1.5989118126175954,9.0659781663755,imbalance
4074.332064527368,1.7098627348941666,0.9770104333231596,10.675592907007708,imbalance
4079.265693636692,2.014703985299884,-2.0187028173337613,10.405621616697156,imbalance
4084.255379102586,-2.650266459136584,-1.4759604829500668,8.899523479139269,imbalance
4089.2901531272023,-0.9746942032659398,2.2600994014181586,9.091947489494432,imbalance
4094.334730721632,1.1916455680778448,0.932318772600873,10.103047707097048,imbalance
4099.274254207501,2.242774152113308,-1.468125660058781,10.501530178815925,imbalance
4104.272938500055,-2.193944133228574,-2.347358928620255,9.257774532109297,imbalance
4109.255343373559,-1.6801261320939571,2.257112077462068,9.076649424618164,imbalance
4114.305724338699,1.1686395047700304,1.2796043204689072,10.153654624101993,imbalance
4119.323368741945,2.3126977592467,-0.8172762972817842,10.503829271664744,imbalance
4124.302928774055,-1.7049251159310077,-3.0550671884951224,8.710298213650601,imbalance
4129.2753676722095,-2.437871932867055,1.7645900222001936,8.843095202293233,imbalance
4134.263095158737,0.8320175085802293,1.6847743622356388,10.051243025353443,imbalance
4139.255969668067,2.7605574152186163,0.0255872833496578,10.700302891945418,imbalance
4144.243103746505,-0.5644058013101201,-3.318487070075565,9.726048694081284,imbalance
4149.264450938796,-2.7207481909008644,0.9704673704057328,9.041844604623826,imbalance
4154.200567513289,0.281679843958373,1.9046512278514367,10.085714103429918,imbalance
4159.2359045161575,2.19898534935518,0.6611922211056915,11.002420930328382,imbalance
4164.224646300074,0.7757630246784215,-2.8243088351880865,9.836672537436916,imbalance
4169.239752600435,-2.8419616728815478,0.5511517548329841,8.628874776160506,imbalance
4174.288177372301,0.1833026337706773,1.957580080809009,9.69523468435625,imbalance
4179.27272231989,1.5222118405169909,0.628349234240612,10.881788040825883,imbalance
4184.317346356436,1.599274139294741,-2.450358588533579,9.697693968201415,imbalance
4189.27624186221,-2.7139973926145995,-0.6542451113747294,8.70975037003609,imbalance
4194.26115046316,-0.5012738901839346,2.5221344226446694,9.478117105467774,imbalance
4199.311462725166,1.5905856171067614,1.3501723215583723,10.803282619047856,imbalance
4204.35376651272,2.1316606899858863,-2.392099416621281,10.042231784583468,imbalance
4209.408482965744,-2.7772763689182787,-1.094009605799044,9.08091996578701,imbalance
4214.342319772109,-0.6719523325511784,2.327608452355358,9.101127568408206,imbalance
4219.3159431395625,0.98401725891924,1.1352932318397315,10.32180250765508,imbalance
4224.295178425751,2.3194716300536964,-1.3936492650950492,10.53398031914856,imbalance
4229.216846221987,-1.6451158924439464,-2.322827438913753,9.341527109680737,imbalance
4234.205588158648,-1.5352223470108313,2.094221108375966,9.15122936418982,imbalance
4239.267532767412,1.355704766671599,1.556189028284256,10.324819807886229,imbalance
4244.274161201,2.256219370313808,-0.7879162022643326,10.77071266168957,imbalance
4249.251884745943,-1.2667492956616924,-2.9583294382267207,9.41484324219218,imbalance
4254.211356245252,-2.4865210765562,1.5576171609400244,9.139006028148874,imbalance
4259.110755677165,0.832194977176835,1.9328857493533365,10.31579513133962,imbalance
4264.135049849055,2.5790626376517083,0.3045080062018971,10.797601601407996,imbalance
4269.166958773694,-0.2032565797278136,-3.137839440363571,9.699008274353288,imbalance
4274.130842149306,-2.849359274268975,0.7462932132865701,8.53200854523264,imbalance
4279.169291717446,0.4614017186851058,1.9421459349558,9.717770982580834,imbalance
4284.220410053695,2.0833160078945165,1.0093714286119235,10.824061506853646,imbalance
4289.213893763007,0.4038721353259955,-2.7543379149109537,9.860610748485248,imbalance
4294.211166645333,-3.021758896678149,-0.1934064037586429,9.060140325026987,imbalance
4299.143193310985,0.7230091618746005,2.3962579923236498,9.655999271232703,imbalance
4304.145012331221,1.4836116195900868,1.22054331491073,10.851343919952969,imbalance
4309.223531853699,1.5624549684131994,-2.642268239749188,10.127506573557683,imbalance
4314.278192177238,-3.1008727892737906,-0.6365997706072767,9.28910161866704,imbalance
4319.165060912242,-0.4121932340134652,2.3160043948499194,9.447677555076186,imbalance
4324.19903040832,1.747474415375648,1.2503189298519313,10.405613122356923,imbalance
4329.205690568803,1.903012506182874,-2.0408375652939283,10.096439063123611,imbalance
4334.287837813696,-2.637434853035315,-2.0253556557975294,9.209294905373191,imbalance
4339.259365035091,-1.025252337954681,2.18457185588132,9.010571421439655,imbalance
4344.309967329327,1.2582820139421496,1.391605870556767,10.306367383471375,imbalance
4349.301806500672,2.33949333622331,-1.2055256322086103,10.246056437383787,imbalance
4354.326682756609,-2.041442188157629,-2.646707654770349,9.403753553471129,imbalance
4359.331313281656,-1.570984403762092,2.068968513786088,8.761330200872862,imbalance
4364.355883031859,1.3735988896754452,1.1778605782957243,10.150279615313194,imbalance
4369.388354007177,2.4773487598054693,-0.5181394848520497,10.378894797188169,imbalance
4374.34726619477,-0.7900111266350368,-3.052161760278705,9.4697246809314,imbalance
4379.409064820758,-1.9406270391022744,1.7614950658513475,8.950317596739303,imbalance
4384.414550974148,1.0310995516054633,1.764601299430627,10.300037765665849,imbalance
4389.380545490851,2.535939590520901,0.2983184880634155,10.67591763275802,imbalance
4394.4043856324015,-0.4237392946753642,-3.032500219959477,9.678004729649905,imbalance
4399.389171285471,-2.8532233273598018,1.132262702961354,9.05554466181581,imbalance
4404.300423794362,0.7734132632134114,1.8765550009935583,10.007858154943616,imbalance
4409.252002910876,2.183016733003021,0.608061178797708,10.728532882821506,imbalance
4414.1893521035545,0.5601038645166283,-2.512763120879021,10.230578985200978,imbalance
4419.197958083291,-3.0281742631333515,0.2393915317064274,8.741754256196261,imbalance
4424.204112666147,-0.0666303570174129,2.1221908541209973,9.93830216996554,imbalance
4429.224778678645,2.121172424065404,1.1166866460966431,10.712816820404624,imbalance
4434.167838626025,1.8748757764125743,-2.9037472379513485,9.980700611487263,imbalance
4439.209871875741,-3.364854136042773,-0.8196277455189367,9.048786376332515,imbalance
4444.194064575597,-0.4956472528065815,2.096840467547572,9.521725974710874,imbalance
4449.128549660709,1.438759690560685,1.339451307075003,10.44478048375309,imbalance
4454.137298488211,2.094662358510438,-1.67604360783765,10.158805816653176,imbalance
4459.116850082414,-2.586882738685695,-1.914270332640234,8.936965401764265,imbalance
4464.092186716444,-1.1544120966308955,2.2484698229874254,9.373371316189976,imbalance
4469.0652702059,1.4180167684244136,1.4154206384925634,10.46226032434407,imbalance
4474.071343337846,2.0205801142213597,-1.0800171138476782,10.801374588207482,imbalance
4479.093131641602,-1.8666967783596664,-2.625526857828284,9.440630992225651,imbalance
4484.085813968239,-1.7555477018785333,2.13013892974191,8.9810142123914,imbalance
4489.153378364898,0.9749913121553012,1.9511801814716685,10.52689755972666,imbalance
4494.222960119644,2.4399999658454177,-0.4940337828430398,10.756694489629368,imbalance
4499.244947070095,-1.435835915426901,-3.1907516038655865,9.679338859016614,imbalance
4504.219728049258,-2.603642516776986,2.18713854931624,8.997133385516372,imbalance
4509.223954370832,1.092074085933413,1.5534922021287565,10.45062703371764,imbalance
4514.217980953401,2.347131950951408,0.1246840940647522,11.05971250406482,imbalance
4519.202043770445,-0.2813400212324815,-2.7828825256733984,9.422549813718028,imbalance
4524.188909726111,-3.066424216788173,1.0275071632627233,9.240315311618538,imbalance
4529.153601614079,0.5016466963673151,2.1132824359943267,9.945849314037726,imbalance
4534.144939944568,2.0313465385136773,0.7165752637274735,10.950446017639832,imbalance
4539.214958625055,0.4062376120034757,-3.054847243267765,10.137073430842731,imbalance
4544.292548077212,-2.930374167092372,0.1158289143697918,8.667338232005259,imbalance
4549.390137302588,0.0964051642443329,2.1926272138223224,9.3268441405992,imbalance
4554.444069316581,1.859308334124361,1.187002243532529,10.9446195277044,imbalance
4559.46673505375,1.2403023342243955,-2.774628619334414,10.02031059935258,imbalance
4564.449927608487,-3.1318818141983344,-0.7187356644049606,8.993738563937159,imbalance
4569.348972473408,0.3838436934774012,2.603196991397078,9.551521180743586,imbalance
4574.367959799126,1.4553192873049523,1.476090208829416,10.812689251545589,imbalance
4579.38253482122,1.7333159118069508,-2.126436314830566,10.384718415685834,imbalance
4584.3284946200265,-2.877915170653037,-1.4717802767699593,9.024341710954792,imbalance
4589.315701322564,-1.1184880456931732,2.070385023086416,9.302953091556368,imbalance
4594.363348331411,1.0047138231614423,1.5603043781556958,10.480361274889615,imbalance
4599.375632108011,2.36573468588938,-1.2162642522573437,10.521193714088197,imbalance
4604.392469245497,-2.499181940390022,-2.383296458238665,9.327056441933417,imbalance
4609.407485473202,-1.19288750423836,2.1731016689915936,9.223409906816295,imbalance
4614.452637224342,0.8913628061783097,1.3643567738647986,10.370127023182215,imbalance
4619.416412264737,2.441625472961926,-0.687683600247642,10.759013683969242,imbalance
4624.412968140443,-1.5350349952001183,-2.619125709000969,9.185792724231526,imbalance
4629.481290454368,-1.6723346502682883,1.512731813698738,8.795723407686129,imbalance
4634.468418659906,1.0649960354614736,1.4533878578078427,10.124121687008332,imbalance
4639.461226132213,2.352615758054664,-0.2417082443976011,10.618934326740874,imbalance
4644.358755764328,-0.7465610568764974,-2.916146032348596,9.827846209456157,imbalance
4649.332044111286,-2.617467320077137,1.4095342201506442,9.176927376103126,imbalance
4654.38538160096,0.5728666488217284,1.995741593852999,9.794007314164316,imbalance
4659.384983831211,2.0833245215587146,0.4543322972075714,10.96369000528217,imbalance
4664.368292954214,0.5778185219616584,-3.005616029602986,9.66116168971585,imbalance
4669.34160263305,-3.151142357589217,0.4461743775702474,8.871217110435396,imbalance
4674.355209675973,0.2964825461317009,2.2264666454411848,9.655107461360778,imbalance
4679.369835289392,1.972605457474288,1.151914946978751,10.777140296566222,imbalance
4684.461166379006,1.317273496670617,-2.709975235513707,10.125808605381517,imbalance
4689.457300612317,-2.8894841048653377,-0.6233849166430442,8.970545580077864,imbalance
4694.540769549145,0.0268620484859458,2.322542095386138,9.484355399860112,imbalance
4699.52557883762,1.775976883569029,0.8435524195167794,10.430238288727692,imbalance
4704.602368901406,2.0131259324892143,-2.1640811937761533,10.299377980404852,imbalance
4709.6033859553845,-2.5998021119566297,-1.3152845794539365,8.845310024482302,imbalance
4714.580540145975,-0.7332791096247359,2.3099927750329576,9.366627451588707,imbalance
4719.6284341832325,1.3479001812181468,1.3828599891705122,10.283213510297136,imbalance
4724.716401375413,2.159819471235583,-1.640378779611079,10.226122088446136,imbalance
4729.710836730785,-2.555601772765815,-1.8387844450940865,9.10693283797304,imbalance
4734.783214454452,-1.2260786600961848,1.9959670581516853,8.750491720226998,imbalance
4739.712879224397,1.4238174686895075,1.360395429605007,10.13382256337639,imbalance
4744.627782984781,2.6163922630506584,-1.1055332778461315,10.550055426126242,imbalance
4749.628927687487,-1.734707095613608,-2.812141727806021,9.464536979425883,imbalance
4754.639312504685,-2.0620871103015923,1.4333057300778165,9.145345587507569,imbalance
4759.6993973778335,0.8425838820966096,1.8362645949695329,9.915554838728452,imbalance
4764.671845996792,2.1591287942321613,-0.6077276095211165,10.5804924490396,imbalance
4769.6495684012,-0.6341137823381692,-3.0947608953884727,9.87488572461419,imbalance
4774.663059222164,-2.3415037268034053,1.2861445391071675,9.008662677333628,imbalance
4779.708357675638,0.4307193649782523,1.92307309726212,10.036743218301526,imbalance
4784.731648133815,2.5496114082985377,0.1593778784741061,10.829622276540254,imbalance
4789.696208233497,-0.1203160866974667,-3.009186787789634,9.786395549520371,imbalance
4794.691541435892,-2.8590772101742497,0.5795240576737107,8.611268873852888,imbalance
4799.7285492801375,0.8029357286049041,1.9253895236949947,9.662077733316533,imbalance
4804.695421989272,1.8846124301848937,0.0438983327981823,10.772730988218033,imbalance
4809.752890164327,0.687592104974762,-2.7464789184903275,9.714852516833746,imbalance
4814.8016296800815,-2.8616551967728547,-0.1387230211653806,8.843725530975878,imbalance
4819.739168480652,-0.4338750218315428,2.043605724870565,9.417819574618294,imbalance
4824.753025897514,1.588645596126031,0.9571205437036712,10.737154781332684,imbalance
4829.729892758894,1.8404298640201215,-2.0955018349804297,10.329266408643797,imbalance
4834.750874582527,-3.249980523532975,-1.1660276692547349,8.962586573600293,imbalance
4839.721511295162,-0.7314699465803257,2.0718062828799084,9.46168182141239,imbalance
4844.737282591821,1.225699487752321,1.4901307136176558,10.6422860518905,imbalance
4849.724919741977,2.330780726070716,-1.3750482736087273,10.243691948986683,imbalance
4854.78587823925,-2.3730398848477616,-1.8812270148386625,9.173823507351972,imbalance
4859.857228526919,-1.423292580450433,2.4450799565210235,9.30356104756659,imbalance
4864.8008182472895,1.254173244450249,1.1897125902581274,10.460122223786298,imbalance
4869.730709125051,2.1904514487708733,-0.9988186204769112,10.810974815576596,imbalance
4874.760934792123,-1.9448073035439375,-2.390951820034472,9.285280483701772,imbalance
4879.703594726308,-1.8834954594307824,1.6571375271579538,9.133979670167102,imbalance
4884.687546029197,0.735446508397289,1.9833127302425708,10.079251168065944,imbalance
4889.686924681153,2.239955811891789,-0.4418121100464566,10.548365072453954,imbalance
4894.65718866891,-0.7167004578393907,-3.380371600555586,9.576831596604244,imbalance
4899.66820503065,-2.4935380758163976,0.9885536420859056,8.565387962620303,imbalance
4904.623101793263,1.2173981159826042,1.7410971457133244,9.856908168650191,imbalance
4909.558324981633,2.35454383578411,0.2370550564400197,10.588646414638191,imbalance
4914.543135406267,0.3931010577872594,-3.232823203462994,9.505579808874227,imbalance
4919.582314308679,-2.9903962835972164,0.528215346963985,8.986910588072409,imbalance
4924.624056134443,0.3484036177378439,2.268595636700022,9.889652385641538,imbalance
4929.600387549319,1.7345565016819644,1.0670604215486614,10.5911389037182,imbalance
4934.603303831237,1.0252192626667944,-2.840179922073597,10.536056384179703,imbalance
4939.6328036513705,-3.0942525701207515,-0.3555578669274157,8.972382840965922,imbalance
4944.642890820297,-0.1109251100290519,2.2025636515031675,9.794297423267194,imbalance
4949.704787023778,1.5998929257163013,0.8758801992860398,11.132499875821688,imbalance
4954.772385956056,1.7860507307238132,-2.5465146021014657,9.940018311331167,imbalance
4959.761639073497,-2.767631698898579,-0.9274498376294212,8.912887216408109,imbalance
4964.781357011891,-0.9099020608961444,2.225599905490618,9.377859216266105,imbalance
4969.822325798651,1.7089442599888924,1.2206307212817882,10.698007066042695,imbalance
4974.751973882114,2.407969710958672,-1.494054408881605,10.373011357389585,imbalance
4979.805850148442,-2.7543289721576656,-2.0061939831680418,8.912484395326358,imbalance
4984.730165378022,-0.9450474769757728,2.693256474338557,9.212052916617331,imbalance
4989.716800006205,1.5190997748759472,1.3809296843872116,10.305013565622684,imbalance
4994.629348148608,2.106427925789851,-0.8038287701988847,10.438842993251283,imbalance
4999.661052025248,-1.9227480461280648,-2.657341605434305,9.419645547644423,imbalance
5004.640451555383,-1.8987127490076643,1.8826652844613128,8.99992172434794,imbalance
5009.739658321135,1.2611347371111132,1.7013535751205535,10.429413074987783,imbalance
5014.744843206165,1.896788576251976,-0.4203869396542563,10.536110985835208,imbalance
5019.724594476561,-0.9260992488729703,-3.528466202977426,9.505418777705088,imbalance
5024.74515638977,-2.3301211948776435,1.4298581173847202,8.839396573453099,imbalance
5029.727393331028,0.6885630571035339,2.028293920624402,10.326835343971666,imbalance
5034.719118309135,2.301940445789707,0.1187765647010613,10.817552533588408,imbalance
5039.701090749942,0.3661485067690969,-3.132586301708465,9.45368376234518,imbalance
5044.659530028047,-2.786452095287792,0.7445817163572735,8.689471806724988,imbalance
5049.605188985218,0.1360645356934884,2.349339871597389,9.513862315207907,imbalance
5054.669246153261,2.0008690825951487,0.4152909488379354,11.001531787010071,imbalance
5059.732681969364,1.097250021345804,-2.8128361774551465,9.806486011698958,imbalance
5064.653641238703,-2.827751191882999,-0.4007761636972862,8.968509873271081,imbalance
5069.624228400492,-0.0448083657059575,2.416679966095077,9.600094706338918,imbalance
5074.57061033055,1.444176259748304,0.8252368361049573,10.625473394210449,imbalance
5079.5435133623705,1.7931249384695085,-2.3274331606364824,10.300569748252917,imbalance
5084.547921324879,-2.847248324528844,-1.359343403302447,8.967392405535726,imbalance
5089.508530882823,-0.7262576805831951,2.330702171917045,9.270243761482494,imbalance
5094.622465421808,1.0428896678075397,1.223672408487798,10.787340417429125,imbalance
5099.558943625736,2.1738908410406523,-1.3946953581817825,10.067549577169611,imbalance
5104.556009271449,-2.704177555605331,-2.3942480129766697,9.353371236980086,imbalance
5109.692798203053,-0.9597952142575816,2.4135365471862427,9.025377080938425,imbalance
5114.621040277068,1.04333094248279,1.5902324395204743,10.761672150517144,imbalance
5119.601679521811,2.0215485950868333,-0.7941330076591269,10.539228874960124,imbalance
5124.641342891283,-1.6358302625427057,-2.6491067385160667,9.177739141079376,imbalance
5129.636226653641,-1.7269539134603602,2.034113072639354,8.85453407567303,imbalance
5134.630304437614,0.7858544370796715,1.4543510642288302,10.27815873630932,imbalance
5139.633414572845,2.488959926232481,-0.4395727013785853,10.36752437960568,imbalance
5144.649165216437,-0.944204618731237,-3.3020206283835525,9.63917272460774,imbalance
5149.539137930795,-2.44107979433489,1.7985078247593105,8.644999617478682,imbalance
5154.564026936282,0.5947198257876994,1.969226881224784,9.805204500989309,imbalance
5159.549185226373,2.0510302966354264,0.0804627414577217,10.704724535848223,imbalance
5164.481262483751,0.2983067726763854,-3.217236887556909,9.823366795794756,imbalance
5169.5552902316695,-2.7055773852138727,0.5711088837248246,8.54982485925231,imbalance
5174.53592141824,0.4804642166647302,1.586503257052251,9.903886022371308,imbalance
5179.556470469483,1.7907010185129555,0.3356486345330171,10.74057575579714,imbalance
5184.439883056987,1.253850413270187,-2.8000785851230794,9.874241345432138,imbalance
5189.446271864994,-3.335043165214205,-0.5068437757294122,8.840312387400997,imbalance
5194.405280548136,-0.4449626826546378,2.030996038337697,9.855780758133454,imbalance
5199.463343369692,1.764644356692234,1.1150194244519136,10.465223232381923,imbalance
5204.423344796184,2.456349406810403,-2.35803282654226,10.65437619374334,imbalance
5209.393575119366,-2.906140763897592,-1.7889305837638676,8.815557542494242,imbalance
5214.401345970872,-0.8149828811428765,2.2379704870161823,9.378626568328803,imbalance
5219.458637765273,1.330537607528932,1.081158368575709,10.810386628954042,imbalance
5224.415598589444,2.3518189962899263,-1.2717244897183984,10.20264216739119,imbalance
5229.357509254349,-2.165626749681599,-2.10678494543356,9.03341136471361,imbalance
5234.276615091775,-1.6316674974357788,2.277585312778209,9.155149936912752,imbalance
5239.251299848496,0.997399371912884,1.4053392084157346,9.79882792200493,imbalance
5244.271435417274,2.7381519799761884,-0.5799262471677299,10.35896461767926,imbalance
5249.262289794383,-0.9574359418793922,-3.06374900360306,9.468819803131725,imbalance
5254.244677459198,-2.768354173190676,2.03083231432414,9.0856767148171,imbalance
5259.2271615714135,0.6954874738673097,1.3315003507407532,10.166979367082554,imbalance
5264.265457066112,2.2951949052522407,-0.160212744852873,10.410706326956436,imbalance
5269.248148027627,-0.2899874978966206,-3.1802073558711985,9.349097029487648,imbalance
5274.218081633362,-2.9777013117885898,0.9529082902490192,8.818002399371087,imbalance
5279.25605118575,0.5650805706546904,1.8858831357186217,9.861273166146193,imbalance
5284.260127277685,2.1590586703658343,0.5140354326328546,10.77399267802816,imbalance
5289.206554132558,0.6798230405630548,-2.996886912378675,10.017440580626149,imbalance
5294.27853379352,-3.3342196930823214,0.3163906318668053,8.849282299993233,imbalance
5299.284041717461,0.1176739514208342,2.377654731516445,9.715930888870396,imbalance
5304.342948729066,2.0359874771537454,0.7974047369247048,10.88865168060418,imbalance
5309.405106598749,1.3324570501648705,-2.7177248516344554,9.975084911858875,imbalance
5314.375154405795,-3.078950816083994,-0.759818748278873,8.730790036808886,imbalance
5319.356037802442,-0.9322542769235728,2.3284274141536265,9.51332927311561,imbalance
5324.271594388639,1.593293593408838,0.9498344589284996,10.701279511380122,imbalance
5329.213750650794,2.107357696991547,-1.7358562119308647,10.174833390274856,imbalance
5334.162773335595,-2.7243783985365564,-1.7798754902357308,8.978482257330043,imbalance
5339.117877572833,-1.119326746029082,2.262575873582809,9.253527357468975,imbalance
5344.026314842248,1.0694208547251811,1.0653060741774183,10.56615187052168,imbalance
5349.035452376299,2.621886948584513,-1.127583328085192,10.63914272116823,imbalance
5353.937504106935,-2.0251247545448288,-2.718244250437713,9.369035678064847,imbalance
5358.898604689023,-2.096311982127064,1.9070051058812525,9.166147659881322,imbalance
5363.879919208199,0.818118420525467,1.6524259527845393,10.234946052560938,imbalance
5368.9011039326,2.512465394447273,-0.3650939723202189,10.64614843580686,imbalance
5373.94012119308,-0.5985943055404159,-2.927131564569282,9.53173537769328,imbalance
5378.923250735438,-2.431926585171585,1.4935043020867362,8.812163946064597,imbalance
5383.924976392576,0.4952377610433476,1.614190527699518,10.06416787607668,imbalance
5388.8190218265,2.022092291744521,0.6160965345476026,11.195992703912076,imbalance
5393.800047225879,-0.0245035886354547,-3.136264440663497,10.138812764403582,imbalance
5398.785305125181,-3.108835462354331,0.6165921793512811,8.863731262628974,imbalance
5403.7869954848,0.3427962209947147,2.010392695916216,9.84198406186292,imbalance
5408.781270996599,2.096896174231047,0.9588686565417116,10.716392971610617,imbalance
5413.80255266951,0.8726015167571258,-2.5519261916478877,10.14776365721985,imbalance
5418.687196425826,-3.234787669917454,-0.7506662977534563,9.007311644917976,imbalance
5423.775209367192,-0.2277722219129447,2.044344836089138,10.143389804319156,imbalance
5428.809966071291,1.7016225972943977,1.0428554786612447,10.603228478427711,imbalance
5433.830708451367,2.030317521742389,-2.28069547841458,10.185691559479876,imbalance
5438.883045025836,-2.9031575966786693,-1.4906363607917947,9.08166593265341,imbalance
5443.831058577775,-0.966511591014648,2.145468066182976,8.973129600216629,imbalance
5448.837272032762,1.270213975295422,1.6165239135485705,10.789222075918609,imbalance
5453.9164801247525,1.8175723768913512,-1.8613895058523149,10.55372780149802,imbalance
5458.96284224356,-2.1767086588277444,-1.865646255556352,9.301322167107866,imbalance
5463.911283149239,-1.2856574816352169,2.151314688458567,9.061699760310772,imbalance
5468.881500146843,1.5634500307032486,1.6409425563032158,10.531309173314972,imbalance
5473.846462180692,2.5505508257505967,-0.91318394735609,10.688404418261015,imbalance
5478.863601438789,-1.395903474302195,-2.8953494274174125,9.28915680272173,imbalance
5483.816877262361,-1.826590310735948,2.202560515576108,8.922245202746046,imbalance
5488.7837143063325,0.9474138557047752,1.5128667819573691,10.114669838475054,imbalance
5493.757539603415,2.3474750582527197,-0.2379891575617075,10.438008539790856,imbalance
5498.78857918008,-0.528408161019969,-3.053860515454472,9.552271642836327,imbalance
5503.758583559762,-2.8815308397142845,1.5459020813347175,9.19445126814794,imbalance
5508.72698167666,0.7623211709254267,2.1225881776252336,9.968373449757484,imbalance
5513.73825841845,2.232989610427604,-0.0391533994780809,10.777291283256815,imbalance
5518.728017879651,0.4041896267377128,-3.172175507253721,9.573823708732444,imbalance
5523.8034445209805,-2.9472338352038085,0.6399675414721862,9.127410061705415,imbalance
5528.758285806486,0.02042126138614,1.8187344682401192,9.761473139749194,imbalance
5533.77603023801,1.8529261484924893,0.9174337630554292,10.826104592435152,imbalance
5538.814061999616,0.9061237466033116,-3.099850337072803,10.333962584403704,imbalance
5543.768074591356,-3.329287260718894,-0.5515556123687094,8.989147357621343,imbalance
5548.799450156884,-0.505247035699782,2.33412004118288,9.326496927461692,imbalance
5553.883779271478,1.435573682809166,0.7769669820525804,10.877389345479482,imbalance
5558.889446965574,1.940060854813329,-2.3827752031266884,10.41993172921808,imbalance
5563.846437548919,-3.0096297875767912,-1.1349405841521598,9.360484133651797,imbalance
5568.8513919639245,-0.8215258748721606,1.8509020030035428,9.19341333088955,imbalance
5573.883293021237,1.4653097930618362,0.7519851165336633,10.412856829091956,imbalance
5578.83484577595,2.067475598046025,-1.72592735947204,10.406196406430086,imbalance
5583.835609478338,-2.192770046231054,-2.2312915637145787,9.43869740766224,imbalance
5588.893108961318,-1.3112517656837983,2.0288912580295446,9.246270974690672,imbalance
5593.944506298316,1.2689418694365568,1.39802646810809,10.21600226848623,imbalance
5598.962915018587,2.383577519920235,-1.2637886934130833,10.689320561468762,imbalance
5603.954272181582,-1.6396505908265848,-2.4510217384757844,9.357874712570432,imbalance
5609.020911815282,-1.5610489529309473,2.383077740628467,9.10314873784986,imbalance
5614.00960383648,1.0893974427474975,1.1277323567496835,10.281903447168345,imbalance
5619.032657729747,1.9954833662747973,-0.6784915312372211,10.760160859836562,imbalance
5623.99854164868,-1.3138243782207115,-2.956512470909148,9.692169569757128,imbalance
5628.981586654622,-2.652158925549493,1.535014663776352,8.934705659847276,imbalance
5633.989889766512,0.6823570201569495,1.572862157511799,10.19016438782522,imbalance
5638.8626838291975,2.35638965388579,0.1375207284394929,10.990540570614968,imbalance
5643.8327446303765,0.4083269666150102,-3.115775193695052,9.8003421381951,imbalance
5648.854529649904,-2.9768818726202846,0.6246275648422595,8.907877282176022,imbalance
5653.860016457945,0.1392166999708102,1.9210292166448828,9.680876715494607,imbalance
5658.843316223919,1.8619831317382916,0.3172275763202057,10.460655890206,imbalance
5663.8154764253095,0.8876226803359508,-2.918614520520304,9.882033759498034,imbalance
5668.918167019272,-3.0020801176125778,-0.2950514239662017,9.019307914057311,imbalance
5673.906033235979,-0.0618879925904274,1.9579623358558045,9.625941727446342,imbalance
5678.88374462554,1.824515239091003,0.90857860862657,10.80777462284549,imbalance
5683.803740683932,2.167601447638733,-2.1135728574398915,10.224186542871076,imbalance
5688.793055738799,-2.9220764130150503,-1.2179182427480308,8.865838064988381,imbalance
5693.827986812731,-0.5492252808933572,2.241046679228877,9.244842186106284,imbalance
5698.900338353504,1.4200949551906703,1.075410817501603,10.890588222873138,imbalance
5703.950961245247,2.371661370777413,-1.7130398050822744,10.37914546385174,imbalance
5708.898946950117,-2.8458204585148974,-2.242743917102134,9.180423065654232,imbalance
5713.878016256519,-1.165134118817037,2.100052447791821,9.081444531699676,imbalance
5718.852448955504,1.1577798162312332,1.8484206593183896,10.371382298100318,imbalance
5723.794683768934,2.5051514463116664,-0.9127651384648438,10.788718557657884,imbalance
5728.882830866876,-1.8668997555580653,-3.060253142739885,9.5264616337093,imbalance
5733.900706238227,-2.039999989160681,1.9270049163166376,9.11057933421996,imbalance
5738.921935004917,1.133951644118919,1.4469269076328808,10.338691033063553,imbalance
5743.931931737965,2.596649855177883,-0.3716548572067113,10.638744918387449,imbalance
5749.000115363913,-1.2259901573916785,-2.83302861101308,9.412998683651908,imbalance
5754.0270374015,-2.082602096077222,1.568571884008743,8.718887240425135,imbalance
5759.053738575276,0.7726714645483715,1.7783692879803696,10.09835111968894,imbalance
5764.060564441636,2.3654990289819358,0.0625051706671689,10.6045742210866,imbalance
5768.933522121048,0.1111820951747433,-2.936918141309381,9.63809667844103,imbalance
5773.864289580814,-2.523863910770924,0.3072553391564672,8.730987664213135,imbalance
5778.866303719893,0.3486744235598651,2.0413787818381675,10.010455453420446,imbalance
5783.814506841916,2.210607005617662,0.6194353263473972,10.744881427525684,imbalance
5788.756991237887,1.3307847441853395,-2.543850399935013,9.769467886731125,imbalance
5793.779931555164,-3.0331986003388423,-0.5658640113242276,9.129602651140129,imbalance
5798.795725205425,-0.0193365567337123,2.1769964357224323,9.485061369513518,imbalance
5803.814914927443,1.508534533500667,1.0354087263917875,10.687600236310413,imbalance
5808.789744401366,1.7886905872693266,-2.1010225964838893,10.157189506848365,imbalance
5813.863240715615,-2.9649326647779235,-0.9930934990563484,8.936830524820378,imbalance
5818.773386635296,-0.5174914911124296,2.2901613040073823,9.047533238240764,imbalance
5823.764632699606,1.5235247801749985,0.8345803466967763,10.64243500301802,imbalance
5828.769188918661,1.8051770004488448,-1.70843981717933,9.899218635481075,imbalance
5833.787073545234,-2.2418831879468955,-2.230679419128068,9.17055693629715,imbalance
5838.858418192647,-1.0210655622411513,2.4002208733461967,9.316415932159533,imbalance
5843.793036514951,1.167149966670152,1.2116239342826174,10.600160305034391,imbalance
5848.891603361996,2.452520455188944,-1.0450859209374337,10.325294321201293,imbalance
5853.885936799106,-2.037640780380777,-2.4853249593150317,9.277911814189885,imbalance
5858.922203729116,-1.8370665111403608,2.0423639744682323,8.650527341735197,imbalance
5863.834284769458,0.8528989379602102,1.929565821037665,10.452267394960929,imbalance
5868.8915828533845,2.4886929591316918,0.3515330340145004,10.743494414275345,imbalance
5873.796331610814,-0.9796473209915542,-3.2368522901345185,9.5558378712214,imbalance
5878.799132335653,-2.5239132110400915,1.1850713525704817,9.016655001013408,imbalance
5883.789819933343,0.4108450698426298,1.5809127463987234,10.265657866744212,imbalance
5888.763147051554,1.9708413739101207,0.5227034928021478,10.830169603401522,imbalance
5893.774083691682,0.1649882319753723,-3.09552804304336,9.798248141220588,imbalance
5898.781461185623,-3.2040415281555097,0.3439327511093917,8.986152242080667,imbalance
5903.733589629519,0.5077540117350962,2.350019868466914,9.610064380863834,imbalance
5908.836343505045,1.890117790398771,0.4584428104721539,10.884440052233156,imbalance
5913.801169416963,0.6497383165311231,-2.6928429690667293,10.165090160407985,imbalance
5918.805783375251,-3.0929356172513414,-0.4347722333978728,8.90823118555361,imbalance
5923.848090588447,-0.1369572473979377,2.520769025408568,10.065577877374627,imbalance
5928.847211496731,1.5184384104873645,1.1514474083911863,10.518119629829288,imbalance
5933.888580248745,1.960411821275151,-2.208673230351116,10.21205004021172,imbalance
5938.864635223407,-3.251483853365633,-1.179538814116207,9.339853656090794,imbalance
5943.784472377806,-0.3842925333517102,2.297636238677805,9.395951525857903,imbalance
5948.801693818629,1.4363671233341748,1.3068668820079796,10.640546276998826,imbalance
5953.781548119157,2.4527841621966604,-1.8344966322133565,10.002512571485571,imbalance
5958.810562939791,-2.443324362772854,-2.161751831008049,8.920169969531113,imbalance
5963.7336787231925,-1.5761431988373071,2.004696086316919,9.37833971648216,imbalance
5968.71212977865,0.7948091737101981,1.804415606645528,10.37594386561642,imbalance
5973.686962239896,2.7472335242735646,-0.7357904311157459,10.49303400820053,imbalance
5978.718610167986,-1.3395872709887473,-2.671817689774153,9.417546745142776,imbalance
5983.752265964312,-2.1315673369652828,1.9384175770962109,9.10179176854025,imbalance
5988.840442274193,0.6540174094840504,1.6212937383048356,10.058077309719549,imbalance
5993.8119136514015,2.555454757910824,-0.4877260604709781,10.866314936637703,imbalance
5998.809420879647,-1.0367513331183087,-2.658259482751209,9.44275639280398,imbalance
6003.786289672,-2.243230666143556,1.4745993594237503,9.380304098971523,imbalance
6008.759192961788,0.5623603191815033,2.0882896938693523,9.911714274895992,imbalance
6013.774908713604,2.1308853581440683,0.3368342560850046,10.666614953344364,imbalance
6018.765975421821,0.4758159426356476,-2.91922459002373,9.690314636244342,imbalance
6023.685668529589,-3.082110165039363,0.3960007924070046,9.028998693003068,imbalance
6028.649823715587,0.0559000371499758,2.3489303601926648,9.704989941316468,imbalance
6033.668942299455,1.7889855357475342,0.3648143446062479,10.600428707501576,imbalance
6038.670467017764,1.2529550469226565,-2.912966716965196,10.107143940092913,imbalance
6043.598903650435,-3.112551146849988,-0.6476175431462519,9.016290766363484,imbalance
6048.59892975277,-0.2042354622207526,2.205634339277309,9.460838911010429,imbalance
6053.693446984481,1.691187760220694,0.9141840531820352,10.60723983481269,imbalance
6058.685918759512,1.9751396968273347,-1.957043867128512,10.280963358983836,imbalance
6063.71971693009,-3.072119497164213,-1.4939662454348126,9.146774376770296,imbalance
6068.695899689715,-1.1727413022203268,2.3506435255501,8.93607219248967,imbalance
6073.661921287804,1.2928158660672306,1.1153442412603858,10.662693478232232,imbalance
6078.744302633437,2.2990380650825384,-1.361722676447579,10.392650846832856,imbalance
6083.717294174992,-2.367318896917818,-2.3447923641258965,9.081482501049493,imbalance
6088.776364228856,-1.431583991608509,1.90884841767626,8.979745058691837,imbalance
6093.74361171351,0.927140981033504,1.3083781046697796,10.220505454331356,imbalance
6098.6938618216445,2.122097593752927,-0.805688625130032,10.316253703854022,imbalance
6103.687132261734,-1.4244475076197145,-2.7324770544154675,9.394371044551283,imbalance
6108.716580117136,-1.9847171467011309,1.6327697398339285,9.267096473027577,imbalance
6113.733161470165,0.9061530354613022,1.7979765679314488,10.1856499694649,imbalance
6118.773188804634,2.25747499499544,-0.2856914196071222,11.045331692079568,imbalance
6123.754568132248,-0.4820432472613356,-3.0621229137125257,9.575529800719448,imbalance
6128.836010391249,-2.585782858847104,1.3270079744435106,8.658920099459298,imbalance
6133.797078434643,0.5013235129609593,1.485869426666144,9.926284838655285,imbalance
6138.83584719068,2.270926916756331,0.3212451006725498,10.992960096687233,imbalance
6143.804811291987,0.2031359829773903,-3.0821728769769865,9.360929448779014,imbalance
6148.782567682311,-2.7222133029283357,0.7089467863031649,8.94373992807263,imbalance
6153.841877003182,0.2788357470874819,1.6591162701226811,9.80699546279704,imbalance
6158.783443485271,2.07068979797904,0.5989924186795804,10.376410025987328,imbalance
6163.8206902437405,1.442372895808729,-2.876373191873698,9.673313790892571,imbalance
6168.832255243616,-2.7799105205280377,-0.3040176678684558,8.678025601191782,imbalance
6173.829442431904,-0.0600877301237167,2.191933302642526,9.731814750978366,imbalance
6178.872067410168,1.545649731382887,1.4777885917296627,10.46433352851914,imbalance
6183.9064110230265,1.8410454238294736,-2.534029785903403,9.9357840911247,imbalance
6188.875255738744,-3.042971093188472,-1.2228395320973442,8.856276607336863,imbalance
6193.769439739553,-0.8725635199432469,2.7437775659653423,9.386035534704977,imbalance
6198.833816258111,1.3264762530326406,1.5003846544744528,10.148598958150515,imbalance
6203.83041436135,2.271445656978027,-1.6102903714829635,10.468614809751925,imbalance
6208.821600227716,-2.2644480824844746,-1.964736752802221,9.582450506140386,imbalance
6213.761731812289,-1.3825903211218369,2.228108350682435,9.156579478003996,imbalance
6218.773838762232,1.1734524211208186,1.2330677867553317,10.465372199563271,imbalance
6223.831867609811,2.348808636480749,-0.9904427349094916,10.645920450887331,imbalance
6228.750213667922,-1.5600305617484056,-2.758992193589426,9.241164999740398,imbalance
6233.67624566817,-2.242372036236759,1.80650806067724,9.411470424468645,imbalance
6238.678680108307,1.117168724476578,1.6033423510019325,10.170267524254475,imbalance
6243.668583710487,2.1992275816343336,0.0082097755795722,10.238154787138807,imbalance
6248.710794391006,-0.6931002869656943,-3.193347796227231,9.543752983888346,imbalance
6253.609107543625,-2.716721603367938,1.4543028164701015,8.72021794868406,imbalance
6258.640276723962,0.7030302124851723,1.7137271577242643,10.3014014141918,imbalance
6263.56652867976,2.248053798090234,0.3120364128756164,10.47194067224368,imbalance
6268.565534606142,0.4152433575876929,-3.4648870109557404,9.72229825768251,imbalance
6273.491793954308,-3.2524460603917857,0.0661084701854562,8.536922018029687,imbalance
6278.474258924889,-0.3876820094941103,1.9330223373184352,9.645446240416597,imbalance
6283.511296554841,1.8020765847767135,0.847860522111316,10.685525356397076,imbalance
6288.5064925902525,1.6320972595887937,-2.391704470858432,10.063128151470124,imbalance
6293.546438496119,-3.149836184156229,-0.8405365722554412,8.836363560791154,imbalance
6298.598635504739,0.0281493163555175,2.005221142966742,9.654211429762746,imbalance
6303.538968856868,1.3445847907124424,0.9243263471481168,10.594553825328434,imbalance
6308.447640794207,1.561854973801259,-2.342202955441629,10.068471692154436,imbalance
6313.541761539457,-3.0140067602154907,-1.3261260791429388,9.251127322118334,imbalance
6318.554926609715,-0.7248525006723735,2.582478731483204,9.313258105248018,imbalance
6323.491964433227,1.088225961264205,1.5338345706989374,10.383511373237871,imbalance
6328.394093260741,2.5064237703628423,-1.5449567046017516,10.382372514806075,imbalance
6333.430698828406,-1.879957133022641,-2.500026683584644,9.34890282644546,imbalance
6338.331679184418,-1.4660416185476062,2.167440682027349,9.222156794658186,imbalance
6343.312317547543,0.9209296313848288,1.901418046528056,9.654826187753546,imbalance
6348.326124494062,2.5700370485816166,-0.7546635783896832,11.074683301553051,imbalance
6353.328910152184,-1.1030939344925106,-3.524352704284654,9.568621195397174,imbalance
6358.334562316675,-1.9996382670570625,1.5505901878195076,9.18803179776844,imbalance
6363.35318013253,0.8591629711020274,2.056767998319276,10.007379299399116,imbalance
6368.346611619281,2.397193277390608,0.0041973975659605,10.699479171859478,imbalance
6373.327972035876,-0.1636748897665316,-3.0596304653532176,9.373886374618245,imbalance
6378.313137780257,-2.8455256255664367,0.8043773386208237,8.915565227761691,imbalance
6383.349173770302,0.4951332976496006,1.6459477293026188,9.907824656191252,imbalance
6388.442848221806,1.855399089502921,0.5010826910208639,11.088845438463384,imbalance
6393.549052916492,0.2825599644309905,-3.1599773229686945,9.878279361396674,imbalance
6398.50000167364,-3.036477162199806,0.0714194649440093,8.991145194373551,imbalance
6403.489390642413,-0.0293470433976066,2.465221131691945,9.908966952516256,imbalance
6408.447424915394,1.652522116479125,0.8371424002944383,10.529571134874544,imbalance
6413.371762774742,1.588153308754591,-2.609469418599069,10.31421210912326,imbalance
6418.432645431475,-3.0084616027115008,-0.8468099867997457,8.93239642564928,imbalance
6423.445107784744,-0.37651276336898,2.5064836849859127,9.256648165666515,imbalance
6428.439040284901,1.1905450247615723,0.8563935543610361,10.355013785841564,imbalance
6433.47160071072,2.1390193262106365,-1.7675462427057702,10.286218113998306,imbalance
6438.469045286828,-2.937193736126709,-2.010052218569215,8.986967094838606,imbalance
6443.484473698197,-0.9938334701061616,2.3932186705944605,9.131763756716673,imbalance
6448.512128074481,0.9036382354048156,1.2013218119742477,10.360878801950218,imbalance
6453.527071024673,2.053944267519748,-0.8901038419793477,10.36148739381801,imbalance
6458.562586729941,-2.088924063240868,-2.3900865042312627,9.432802107118148,imbalance
6463.546972986972,-1.225751493939235,2.057577932120517,8.727881981551644,imbalance
6468.554579843646,0.9899541743814028,1.8073796538108453,10.3188764774262,imbalance
6473.604404084764,2.4102332544439244,-0.8184427874688659,10.747648236675298,imbalance
6478.607911883407,-1.44010221973781,-2.809401846661397,9.627113061288526,imbalance
6483.641911942351,-2.091074179624881,1.6920849761934205,8.792285209141069,imbalance
6488.619979502928,1.0560656335220635,1.3995345862619386,10.278077467167304,imbalance
6493.625520027535,2.2682361749498474,-0.1534983561646264,10.988908747324365,imbalance
6498.683775711963,-0.6632655732834638,-3.1908444737151744,9.512258616222416,imbalance
6503.718649130199,-2.5671143400606544,1.7233864977124178,8.970225350275772,imbalance
6508.731195092341,0.5329373105644339,1.8042267718349512,9.961492992663826,imbalance
6513.765425170159,2.2838713050244244,0.0194686188084196,10.742844303179131,imbalance
6518.772306145442,0.3186183140718128,-2.980915769741177,9.439586630615237,imbalance
6523.902990861114,-3.091345527774408,0.5398067926496312,8.778372182100576,imbalance
6528.859279661932,0.2908470446716321,1.7325163949575164,9.708956009617916,imbalance
6533.905344611101,1.7927398636656622,0.5167610087943451,10.823936597096043,imbalance
6538.909028171975,0.723931514057772,-2.8663539228986843,9.949323855597854,imbalance
6543.895910997269,-2.855107886752187,-0.504065186524356,8.899164296530984,imbalance
6548.942003086458,-0.0529688122410228,2.230550292962794,9.356234501460378,imbalance
6553.990559562033,1.979357590335029,0.7022551309142447,10.410638150506742,imbalance
6558.952018396037,1.3986111653203648,-2.398509973122752,10.146849382964342,imbalance
6564.021097361519,-2.951921645871008,-0.8611191494452385,8.737440080746207,imbalance
6569.090608947912,-0.5220234889566494,2.2610725729006367,9.323133625652018,imbalance
6574.115470202062,1.6239116416448705,1.260760402068509,10.609676651653052,imbalance
6579.125190645509,2.2558726185983025,-1.9931829855968115,9.948311960098115,imbalance
6584.209521147281,-2.435631859305384,-1.677220639857538,8.997061065713437,imbalance
6589.1679306592005,-1.1042055079339046,2.053573664013773,9.36158497559333,imbalance
6594.222266767951,1.4224510943019617,1.315941545672657,10.256935698595193,imbalance
6599.247200880154,2.133911254685168,-1.3759016168296765,10.423748477255629,imbalance
6604.212215535535,-2.062744365180536,-2.5547321873259565,9.332065835080025,imbalance
6609.309947609971,-1.7431045791990418,2.3026265526434337,8.838487737810453,imbalance
6614.272733390632,0.8284000608752824,1.494703503322637,10.19673152984025,imbalance
6619.309751118394,2.4363507424021256,-0.4486512803388298,10.50141353571474,imbalance
6624.316722270712,-1.147451543103132,-3.0568724363607025,9.516570651607736,imbalance
6629.299452676023,-1.969799606870534,1.823722279512486,9.094028289611977,imbalance
6634.257677760917,0.9920060235363244,1.5246705677728882,9.933044447606548,imbalance
6639.252558348738,2.296594214218805,0.3285916940691462,10.805204596512716,imbalance
6644.253073001863,-0.4715656300436073,-3.2352772024203893,9.564998185427864,imbalance
6649.261056758426,-3.347275764653249,1.0294093529395192,8.868846881181549,imbalance
6654.15966187797,0.2492943374492974,2.176977589280058,9.47107126560396,imbalance
6659.138934513254,2.012729033842167,0.4942266324818701,10.83382607117352,imbalance
6664.101942227225,0.9779851738766816,-3.206591335337619,9.78904617370298,imbalance
6669.0941815588685,-3.0845094427028257,0.2068603998982931,9.27638121775365,imbalance
6674.118762192496,-0.0636383221831016,1.7886647008626586,9.235983485712705,imbalance
6679.12239384275,1.7251293538716108,0.9892206811435932,10.619806605557898,imbalance
6684.02883836809,1.5918192138131595,-2.405578046522764,10.237541083949152,imbalance
6689.052214768569,-2.934001832045109,-0.8806964545750618,8.858106507636329,imbalance
6694.0944701869,-0.2936998686066033,2.245035889960217,9.301229040768868,imbalance
6699.201541672092,1.3850926400520551,1.2006308941408772,10.255218637408824,imbalance
6704.178015757099,1.93279498553379,-1.8295129150596372,10.45031603454585,imbalance
6709.204107199989,-2.45537987105012,-1.7620542701073854,9.150204712162491,imbalance
6714.181628658354,-1.0534143859090588,2.46151590686368,9.433719583928566,imbalance
6719.203382390168,1.3207578189210147,1.057475584450709,10.790794159107778,imbalance
6724.165599093966,2.6360820697675407,-1.111540256083711,10.330502830114018,imbalance
6729.110239284614,-1.8232461863343887,-2.6275213466086127,9.309463870476204,imbalance
6734.104768658807,-1.8669802116039416,2.1362994293841044,9.008685571391652,imbalance
6739.127068409646,0.9259494903197768,1.3653633103553957,10.278222866611111,imbalance
6744.1349547203845,2.1655097540577426,-0.7427099058455606,10.682131882334543,imbalance
6749.188542042087,-1.234546038103938,-3.143614320183073,9.440827123312715,imbalance
6754.172336778497,-2.404355114955765,1.662016808911519,9.061092777774515,imbalance
6759.191260127707,1.2799197625951029,1.5965432204196033,9.816699159826186,imbalance
6764.090509313774,2.2872588206099684,0.3271916540933957,10.461853763261486,imbalance
6769.091499834133,-0.1219465791463133,-3.146053881907044,9.942280079124806,imbalance
6774.109892590158,-2.649258304284239,0.7357535552947165,9.049967414673972,imbalance
6779.089721459003,0.5444250957420133,1.7752412019749917,9.850398755616627,imbalance
6784.081835762545,1.3636128640196783,0.6722769294914074,10.931145540896845,imbalance
6789.036520327961,0.294344427489284,-2.9200059341423144,10.281176562106982,imbalance
6794.024364045932,-3.031439206359819,0.032464224467908,8.98037997810556,imbalance
6798.974584832797,0.2025291942457665,2.0084717597911936,9.43584442813889,imbalance
6803.934601848235,1.844362521924088,0.9058541533312764,10.71084959190356,imbalance
6808.852127284893,1.3961672129750955,-2.2144549847764567,10.44042750146862,imbalance
6813.885998236461,-2.685418205229114,-1.2181346644776248,8.834655799665608,imbalance
6818.845606830599,-0.1247695436384725,2.0149310014980077,9.31228872022749,imbalance
6823.841215487652,1.2548576983805395,0.8037726588215763,10.455445314999018,imbalance
6828.843912990842,2.0799469816192584,-1.9125888370738544,10.340634798175511,imbalance
6833.886864965723,-2.342855950292352,-1.9287137077507075,9.13217481712138,imbalance
6838.939154777139,-1.034164748032518,2.6914607314031054,9.483049302134097,imbalance
6843.989854773744,1.0339767947321166,1.556028094175391,10.30979397740667,imbalance
6848.963823514233,2.3654927653792552,-1.101621413809217,10.60782592409474,imbalance
6853.949791298247,-1.9159732872823252,-2.848902461271066,9.331624372306466,imbalance
6858.921588246807,-1.9089446290555696,2.029044181387344,9.07892639458333,imbalance
6864.0193959208245,0.7786011784386202,1.4654069316706966,10.27402580962622,imbalance
6868.998448172396,1.920402513505637,-0.1318218466019223,10.55140748374358,imbalance
6873.966685003452,-0.8657395658308595,-2.907178837759115,9.656323816977928,imbalance
6878.966336664388,-2.690049690068021,1.7428341846976556,8.913321399103518,imbalance
6883.943670965873,0.8255311917141872,1.567089147337565,10.269786585189902,imbalance
6888.919565778247,2.5663508891866478,0.4452777660847563,10.81323313699525,imbalance
6893.956945959237,-0.0501019206853671,-3.0176605086106774,9.51280588743123,imbalance
6899.000173094878,-2.9291790799534607,0.7886347761064907,8.975048928729139,imbalance
6903.981271296924,0.3110228636234542,1.8595565945217276,10.185454163871068,imbalance
6909.102649711567,2.103914119430749,0.4616635294779525,10.664812293310789,imbalance
6914.069819347369,1.0987962030730123,-2.996032460939465,9.83825154205726,imbalance
6919.047670201488,-2.9477339258925017,-0.0707006440517064,8.62112926356398,imbalance
6924.087351018676,0.0387232926855778,1.9445969835753416,9.653357138291332,imbalance
6929.180357635415,1.5747449679417138,0.4980853161281819,10.420155811630089,imbalance
6934.261941838858,1.5377968847235153,-2.5703656154408145,10.001724423939224,imbalance
6939.277979066352,-2.776560913618385,-0.208231002955076,8.811318943309955,imbalance
6944.329341105602,0.0709500689666902,2.1691722836660587,9.709005272473275,imbalance
6949.353016371152,1.568534690247959,1.1560215944808,10.639668579403388,imbalance
6954.470274794874,1.522398731562269,-2.4903461775715394,10.423353309029377,imbalance
6959.508237029899,-3.218079099444725,-1.7678464139073973,8.932662986100645,imbalance
6964.550262103468,-0.7047999983530762,2.6252593999184546,9.34750274317026,imbalance
6969.495209156201,1.2769274227607212,1.0834252795301176,10.78838376662472,imbalance
6974.501939216764,2.3846844806036147,-1.4309961796367845,10.52745548547798,imbalance
6979.393982390831,-2.3374049828295203,-2.4074805781006203,9.04621618140096,imbalance
6984.472756062151,-1.3971441162241234,2.0422129857603344,9.262482868819353,imbalance
6989.360236099283,0.8263316529191068,1.564777218707446,10.25408007388772,imbalance
6994.389607906812,2.320654308892555,-0.716765048211193,10.469639570621087,imbalance
6999.377357430813,-1.3001246702922389,-2.797977913729618,9.252581020752151,imbalance
7004.325607093407,-2.0386668758576207,1.5588602425938698,9.303227596035946,imbalance
7009.227475344921,1.155353064094681,2.0570902802774182,9.766878919497096,imbalance
7014.3093876578105,2.468706016994151,-0.1517382299357403,10.538776437473585,imbalance
7019.251725249252,-0.0097702373471484,-2.9724373794704806,9.89791969290562,imbalance
7024.332410893354,-2.732239512668625,0.7469875147838919,9.251526469819984,imbalance
7029.360953696002,0.5152874838185376,2.028115876216046,9.818615999932003,imbalance
7034.380554733821,2.43876313859635,0.5369841397217925,10.761660415945762,imbalance
7039.358905729052,0.2665316872421081,-3.2890923175146405,9.70120553049466,imbalance
7044.395483000934,-2.7279973684127574,0.1701617309346016,8.916012078260398,imbalance
7049.351624469401,0.2985680524394086,2.2382474345561576,9.43341004111209,imbalance
7054.414030398049,1.8359096989049637,0.7492484806281442,10.69499951945811,imbalance
7059.398405716469,1.458348218793197,-2.57885324766063,10.285470500383251,imbalance
7064.484859211298,-2.7509849397161705,-0.3585985204683195,8.819195798206469,imbalance
7069.443957440267,-0.3312009886944261,2.4197562175611784,9.36385196218818,imbalance
7074.466645244731,1.901625794295129,0.704300431398851,10.74322655191658,imbalance
7079.512169230899,1.976001980281446,-2.2766693292463613,10.219009521967594,imbalance
7084.518927069355,-2.7034064139398626,-1.2992819228347094,8.974128501662884,imbalance
7089.539475016338,-0.9619792447370372,2.398608083438605,9.16642482256284,imbalance
7094.579508150165,1.4102171709787807,1.1867913159805794,10.672219149836156,imbalance
7099.535691031046,2.0837712427556103,-1.6016537075084325,10.40298113353662,imbalance
7104.527244393713,-2.2681617941363377,-2.2466611638021234,9.26450400760505,imbalance
7109.618386453031,-1.539346620382951,2.096479717706514,9.183402514969924,imbalance
7114.669322646682,1.407978006556074,1.3844870400613654,10.70332511510857,imbalance
7119.787206401362,2.534251082835503,-0.8103462887657454,10.474887576616192,imbalance
7124.847391440404,-1.8337476737382012,-2.700114295656259,9.081775946307513,imbalance
7129.848326247281,-1.6193386223361297,2.153774560048859,9.221977916228688,imbalance
7134.881886422307,1.0370174033217685,2.113267987013068,10.333129198221414,imbalance
7139.828810534943,1.8350353109260804,-0.3684312080355346,10.92796184570321,imbalance
7144.87636133321,-1.0932644532109288,-2.9854717863839797,9.637952445010043,imbalance
7149.921461731616,-2.293184494985682,1.6346887503531815,8.892621400649187,imbalance
7154.927300308447,0.8730384666646506,1.6624223676785534,10.22007268635837,imbalance
7159.951480818228,2.2281567778945237,-0.0735768968452944,10.980790114953468,imbalance
7164.886741315911,0.2632058273656639,-3.2783426313115998,9.53697913832517,imbalance
7169.897513780713,-2.896218986277157,0.8236784216422869,8.795277017059039,imbalance
7174.854488117871,0.2640335032776243,1.7209655990332398,9.648394138976233,imbalance
7179.966044752196,2.5337521553722167,0.6150527055574493,10.56801718687302,imbalance
7184.936325754346,0.7802981736679747,-2.927000204794895,9.561866597408743,imbalance
7189.95539728194,-2.6383137879550373,-0.0831023834208477,9.007340705286015,imbalance
7194.924539382136,0.0458156976438607,2.2735110549422517,9.765169068326406,imbalance
7199.956862131433,1.7542068583630597,0.8584158624219591,10.253363234589532,imbalance
7204.901760233548,1.857337278968877,-2.101459883121336,10.263812674893185,imbalance
7209.956380840709,-3.4839852280054826,-1.0802148125018585,9.494517972685095,imbalance
7214.926342497729,-0.3588805764681259,2.2803088611687548,9.27419386022709,imbalance
7219.877494829166,1.2732963022936676,1.3149048322396395,10.4268733494401,imbalance
7224.803734659255,1.9299705988287537,-1.7621361140620222,10.312453287719604,imbalance
7229.818277530608,-2.253394843250188,-1.87579770567195,8.92126554019248,imbalance
7234.83228402414,-1.055654793120299,2.1919172415464305,9.1744693811879,imbalance
7239.807950709747,1.2040940270328535,1.7145505313754237,10.502199967617656,imbalance
7244.840280950149,2.3427350988135194,-0.8404134532416079,10.898867128969394,imbalance
7249.749376804791,-2.181920620183357,-2.8323542258078764,9.371597717944812,imbalance
7254.737168456618,-2.1722811896051937,2.37811271501884,9.004569303144967,imbalance
7259.742590410772,0.9571098266431012,1.2463582754122962,10.243614394031017,imbalance
7264.7744379775295,2.317295667582618,-0.4975499182587061,10.444544608886304,imbalance
7269.795741533286,-0.9632165488256408,-2.7790849469235823,9.693313711581544,imbalance
7274.771835736081,-2.210365990350581,1.454051297592596,8.837582049819472,imbalance
7279.752883036651,0.1957873385908181,1.5136646065413943,9.82013275283142,imbalance
7284.767500705874,2.378313187896661,0.0440919635019496,10.746749676248848,imbalance
7289.85191194829,0.1337819366161533,-2.9865684123297207,9.531753354674157,imbalance
7294.892610927681,-2.694401080139385,1.0302102322002673,9.019581954271306,imbalance
7299.9376399835965,0.391552924338632,2.0857174735467874,9.52790760213898,imbalance
7304.892363982704,1.859389191731753,0.762439881222713,10.519359049765866,imbalance
7309.855333243767,0.983831678448497,-2.759773258512043,9.90729626067162,imbalance
7314.893690039491,-2.8969840212055886,-0.3470727462209627,8.79843417843567,imbalance
7319.872999722827,0.1592363026269261,1.7862126304925638,9.628466154690614,imbalance
7324.819362814735,1.4675581850432562,0.9798665346836068,10.881559160128097,imbalance
7329.829616075907,1.578308531134465,-2.312290054969541,10.06403052641345,imbalance
7334.844834393035,-2.926169461855578,-1.1000983354590828,8.976091556419567,imbalance
7339.794521493388,-0.6676532820547189,1.9882469801771083,9.112805147318404,imbalance
7344.835276487219,1.0680997277138968,1.3738910603826522,10.297772636293065,imbalance
7349.888339679302,1.9119689921294087,-2.196877999929465,10.316721348216149,imbalance
7354.8508517692,-2.724232779860886,-1.6430073933286196,9.30958788384261,imbalance
7359.825670261815,-1.109294636134295,2.1991636987835403,9.35221832741798,imbalance
7364.799226394579,1.290729497085525,1.412214418782164,10.51673181965787,imbalance
7369.67443411911,2.222144867444714,-0.8718854318365318,10.269041919267965,imbalance
7374.705605919806,-1.4157590207948432,-2.8870861291024124,9.130441324924488,imbalance
7379.659735774525,-1.562979460988868,2.1919186287392085,9.150792165932607,imbalance
7384.678240687621,0.6997464548764551,1.2983338425084168,10.20717930632163,imbalance
7389.777392842467,2.353921296516674,-0.2069025192747629,10.106319736730171,imbalance
7394.793399845988,-0.7461864029538589,-3.0440208652338283,9.393907395614375,imbalance
7399.857268574288,-2.077767068740263,1.479828377620316,8.737321816594529,imbalance
7404.902775099979,0.936012388957968,1.460325340157338,10.219817205125064,imbalance
7409.96244746309,2.441666905244426,0.0316667283999646,10.660774691219226,imbalance
7414.87711475946,-0.0192221524148091,-2.8746141421318985,9.734340384472922,imbalance
7419.904064294371,-2.6323216116794144,0.6865373579119899,9.045412591534694,imbalance
7425.028557054224,0.6352058751103644,1.8451232946705245,9.97228334714078,imbalance
7429.997912906743,1.8109385770086128,0.4236920737834714,10.498573577244215,imbalance
7434.918410637694,0.8516591003363798,-2.94217191847897,10.004066615416695,imbalance
7439.960710992695,-3.105897876348806,-0.0071799147442656,9.108962604957537,imbalance
7444.969429368854,0.0870097870593132,2.097114761993044,9.568848535288218,imbalance
7450.024166734785,1.8012358507274688,0.6904883771847454,10.88344571537948,imbalance
7455.057672128863,1.7294260145527,-2.45558621825933,9.839773615020771,imbalance
7459.993630793418,-2.711975607969185,-1.1411528662142392,9.01328864210348,imbalance
7465.012344218792,-0.0773710536974098,2.353085491132445,9.595656007754368,imbalance
7470.063647011239,1.246273814849768,0.7732378023537392,10.725854792844505,imbalance
7475.09071214599,2.232488919452737,-2.109170635400156,10.320255743408508,imbalance
7479.972413135542,-2.496178840934635,-1.3835973600788445,9.07866943998881,imbalance
7484.949848210394,-1.0092768467337807,2.480108379096012,9.326145406453948,imbalance
7489.946269874234,1.6185400367770928,0.9256355895103368,10.410215627216951,imbalance
7494.908523046519,2.093350149670888,-1.7606263647457463,10.411205347887984,imbalance
7499.990378215637,-1.92575696092193,-2.477488767865577,8.907265345956592,imbalance
7504.928265943449,-1.3137552001469963,2.16678981619336,9.06823296612376,imbalance
7509.866341205044,1.071732442178597,1.3313019608972831,10.207068716839869,imbalance
7514.882075934877,2.4930327842822004,-0.0724446587510344,10.89995094943871,imbalance
7519.835978170383,-1.3164159759952423,-2.96154814948066,9.449803260257324,imbalance
7524.825788413418,-2.5111391847452618,1.533283464537473,8.92846125300373,imbalance
7529.837482300855,0.7346571601917742,1.6373649658428393,9.917907743447,imbalance
7534.841277788658,2.629290068598619,0.0366125787276096,10.52698436446327,imbalance
7539.826884282542,-0.0362402573003804,-2.8061293646080943,9.243142946992846,imbalance
7544.802383931765,-2.6332267396623634,0.7699611897897481,9.065258433292616,imbalance
7549.815387629255,0.2251173009392932,1.9949321569683227,9.649050817444106,imbalance
7554.771366510022,1.923257830922068,0.6212945892628922,10.728962141356504,imbalance
7559.825634797417,0.7537158468560514,-2.815476941655155,9.883780320531542,imbalance
7564.796145946493,-3.066127484084088,0.0567719065321118,8.884625698572194,imbalance
7569.867218466373,-0.1624901456643248,2.431522926110615,9.958050477128404,imbalance
7574.889582162792,1.7891699663622225,0.8180161605487466,10.311739325449484,imbalance
7579.856951156352,1.6111511040169757,-2.693655578759861,10.392245576301226,imbalance
7584.944176269412,-2.8835139248521413,-0.9041100647705672,8.824451498307955,imbalance
7589.968194307875,-0.3089234425328077,2.1390035101275595,9.03329637612218,imbalance
7594.903941467553,1.273362373522046,1.37292201735621,10.408009969867065,imbalance
7599.832916962247,2.041961034047056,-1.6902822142420215,10.34697269959024,imbalance
7604.8128368748785,-2.5889793534852483,-1.916989193517357,9.02615741858169,imbalance
7609.741581769558,-1.2007140909795142,2.322155666503512,9.354196562802173,imbalance
7614.7664820004275,1.0950022042754397,1.412806674679664,10.281314081588636,imbalance
7619.816733150843,2.285360359195008,-1.0363312520833323,10.6350379551409,imbalance
7624.849577994252,-2.062896695571434,-3.104416536019919,9.524313437410502,imbalance
7629.732146164798,-2.011619531054272,1.8527215722519168,9.063408487765145,imbalance
7634.717968311389,1.2547478887328103,1.5093661372018574,10.115958489135108,imbalance
7639.76136423165,2.424252510720552,-0.4683050006535326,10.70961823466198,imbalance
7644.767203294466,-0.908018463550056,-3.245319665303129,9.621369481241334,imbalance
7649.806623182684,-1.9295526257371265,1.6000920131181064,8.992470748544896,imbalance
7654.738653621162,1.0398829616352512,1.7029134201150975,10.15511800570048,imbalance
7659.679355237678,2.640868006488897,0.3041870807595969,10.340586540277556,imbalance
7664.683855775714,0.027897322300114,-3.429173195085645,9.51556904930954,imbalance
7669.72544073458,-3.130362668520175,0.4593636314694196,8.837973012218718,imbalance
7674.785133830493,0.3703149921774569,1.9269880663707488,9.330505335108242,imbalance
7679.784561866735,2.172324105541682,0.5143117193969705,10.452881755730422,imbalance
7684.795396107511,0.7772730773007384,-2.8629763530979844,9.631091419488175,imbalance
7689.781971419074,-3.3948497107980438,-0.0678585997488051,8.98087979183061,imbalance
7694.786591941402,0.0869189052509943,2.175578463777148,9.462035316006512,imbalance
7699.74049122304,1.9462676178902345,1.2138223853590877,10.336311844329575,imbalance
7704.701173152584,1.990001324861295,-2.5046115924369623,10.387787142575178,imbalance
7709.6282143625795,-2.705339786678998,-1.4816256764062286,8.691298704593258,imbalance
7714.617020224698,-0.6441905171317636,2.41988223443955,9.343221630231575,imbalance
7719.605229137734,1.4668771292242786,1.0335030760955974,10.318944912212272,imbalance
7724.613702147105,2.153633442302493,-1.8256752409483097,10.594867568515474,imbalance
7729.608562180253,-2.4994092563930232,-1.8152561532081424,9.494706879302814,imbalance
7734.648270026827,-1.2547591656631674,2.0929257269822954,8.824075870716332,imbalance
7739.614846857113,1.0110667306117185,1.3995994814271937,10.567445998869026,imbalance
7744.623976866052,1.923809857246677,-1.085228894071415,10.690453489669672,imbalance
7749.615187283689,-1.8172533623312144,-2.473568182366708,8.932336305796646,imbalance
7754.623283180097,-2.3430073664580924,2.2429407708729823,8.586099881787502,imbalance
7759.702039253817,0.7856150447440783,1.380310702111856,10.282378432280272,imbalance
7764.752522221297,2.627293567586199,-0.1502820901774742,11.098992957256597,imbalance
7769.726084671592,-0.8883231768474317,-2.8587816086621856,9.86679910541797,imbalance
7774.627140367912,-2.3890884666751555,1.482444059732487,8.906922765249362,imbalance
7779.572517690967,0.8413217590912871,1.7282578008139844,9.831931877587316,imbalance
7784.532135449221,2.4510037303592984,0.7019878558230576,10.849378729837582,imbalance
7789.585297186332,0.1922550548165712,-3.212157480087944,10.03964510379071,imbalance
7794.631775608953,-2.6988389612435806,0.442176328322614,9.23253804261806,imbalance
7799.619438952975,0.3463162654376107,1.896252966649035,9.706532926059086,imbalance
7804.566696333472,1.6898267921101355,1.0114628889014186,10.723005522808933,imbalance
7809.459398763682,1.179034044727488,-2.972794081614955,9.583020605110006,imbalance
7814.5122024371485,-2.986326002715072,-0.3862338797025386,8.703759794123563,imbalance
7819.5982791326915,-0.3193788256220061,2.190590608319963,9.28082680206428,imbalance
7824.672980603682,1.4072498324415978,0.9091006842463162,10.832541230347298,imbalance
7829.67552066741,1.8265684923772243,-2.583992476660071,10.374698646086529,imbalance
7834.700025362948,-2.8430765278728662,-1.2824456078249231,8.99530804451736,imbalance
7839.745495914731,-0.5766116247106454,2.6363199149182077,9.333708033041978,imbalance
7844.7888469747,1.418589816288487,1.4598533726898637,11.079341508902102,imbalance
7849.85388445793,1.845881485335824,-1.8592475288730912,10.254469294482972,imbalance
7854.8838651156275,-2.463213784267164,-1.9350466414138363,8.881038685541077,imbalance
7859.827434697066,-1.0963143559364723,2.072926401548552,9.125257906499789,imbalance
7864.841999221834,1.214786268169102,1.5332750831344737,10.577817831805502,imbalance
7869.815516218465,2.410934630308365,-1.0968436038637488,10.564204336911446,imbalance
7874.785216407554,-1.6717208750599988,-2.758515938509948,9.751447108411664,imbalance
7879.90243516286,-1.758376896574789,1.9305677560646703,8.592793800705678,imbalance
7884.922371959235,0.9754242443972364,1.7229050272442097,10.06537733175441,imbalance
7889.890975386155,1.9723261306644249,-0.467688147528837,10.4447158596418,imbalance
7894.774975385965,-0.7380393769396912,-2.9225644679340097,9.630144947753356,imbalance
7899.86553637733,-2.3584613435302204,1.7093673316872036,8.69537216163,imbalance
7904.872492018952,0.9599970728872198,1.656406050860815,9.939788654692675,imbalance
7909.888965351022,2.599837122072604,0.282222366259903,10.577745909237075,imbalance
7914.872347243128,-0.2215951522924975,-3.156272850446752,9.504717796850208,imbalance
7919.91296161542,-2.8359393504490003,1.12990323205881,9.030422601473058,imbalance
7925.009675983298,0.0974209424756482,2.052260809378809,9.990845587062884,imbalance
7930.064127452651,1.942701582519624,0.7937187948324744,10.439985906189722,imbalance
7935.179195726066,0.5200751880158578,-2.8645281485175205,9.75307725774212,imbalance
7940.1719925092,-2.556499795522304,0.3430607501618781,8.893514144940582,imbalance
7945.07006683046,0.2730756461050463,2.399662653181702,9.738331504677843,imbalance
7950.11438439676,2.020576896010556,0.9134289462933368,10.852074742779246,imbalance
7955.093878739824,1.6672391397111368,-2.942059612171722,10.14581701849184,imbalance
7960.030092482301,-3.1082166268752496,-0.7163171959383774,9.426195233707016,imbalance
7965.062696099313,-0.02847430829061,2.549400291468997,9.43124473821798,imbalance
7970.092234435208,1.3473695015563223,0.8368665785179376,10.723441065358369,imbalance
7975.00947277457,1.6287231107915088,-1.7133254067531,9.963132465049624,imbalance
7979.947897279848,-2.760579257577791,-1.9916447841071607,8.960511782318084,imbalance
7984.939220755126,-1.0551106231941456,2.065304419987628,9.412059985463944,imbalance
7989.939967126693,1.1085552580956783,1.2787079356620883,10.65479790489065,imbalance
7994.987501666172,2.5420750098744875,-1.2150667237345567,10.757356360904968,imbalance
8000.054474883677,-2.093789851110836,-2.7427086688388536,9.448367734518111,imbalance
8005.043731435857,-1.7676072706615122,1.994191210116295,9.23803826387945,imbalance
8010.062372083418,0.9579241687942802,1.721779028053352,10.838679607373958,imbalance
8014.964320294847,2.575492480803388,-0.9049664836559028,10.910381940999567,imbalance
8019.990212329436,-1.241391566881505,-2.830108279833443,9.397041789498733,imbalance
8024.922796816865,-2.3747514042667466,1.3472405747943896,9.005921652059335,imbalance
8029.951411864904,0.6342166873540033,1.5911524595572268,10.212500277714527,imbalance
8034.965748457795,2.354394350625736,0.1591431532296431,10.801057494707266,imbalance
8039.917717141217,-0.1177387786910768,-3.1526299609014967,9.807932155236598,imbalance
8044.935576379881,-2.678070612023768,0.7180557807038519,9.170061677096763,imbalance
8049.894856362469,0.4851203643335637,2.1858439506403804,9.93134021557028,imbalance
8054.917222903728,2.032319495998056,0.5385849954772255,10.867328571183585,imbalance
8059.902246447674,0.6073979795222149,-3.1529335048731184,9.802123702336788,imbalance
8064.868134892304,-3.143414733676832,-0.1768906134501784,9.125021769223489,imbalance
8069.834889976185,-0.0015957188085488,1.8755518801965,9.477649907449946,imbalance
8074.815879248609,1.8647262162817584,0.8864640364731357,10.613268476692172,imbalance
8079.760791102435,1.5937045771050615,-2.3503400055351125,10.366973193373983,imbalance
8084.895307895694,-3.0673449327674995,-1.1067884126647478,8.8232261350338,imbalance
8089.929880170191,-0.0971253372799284,2.835897113100596,9.68274790485976,imbalance
8094.945467008663,1.7762120430816737,1.0330927179866134,10.619511611813843,imbalance
8099.939328695042,2.2634937860802204,-1.8242319964894391,10.22126921822673,imbalance
8104.89024050292,-2.949546275498425,-1.712846994666317,9.39843601549534,imbalance
8109.900686828149,-1.0016555451940778,2.2309723397056467,9.33312530109199,imbalance
8114.989426706805,1.7300107480143927,1.3876957472556208,10.592557233108302,imbalance
8119.980177843225,2.544462588503035,-1.3739778952233306,10.23077418302714,imbalance
8125.037822623614,-1.9629223688239692,-2.235179823062558,9.6047754043499,imbalance
8130.077500898788,-1.6461989845759577,2.324745000539466,9.415539874771326,imbalance
8135.083798716172,0.9820771735162702,1.6775418719989177,10.103878440731888,imbalance
8140.043662951831,2.256946076549103,-0.3949857358171109,10.811321305756191,imbalance
8145.038370000796,-1.3598998486524492,-2.8847749876053905,9.64097140193087,imbalance
8150.093761912713,-2.377213160289364,1.4654330700350495,9.387446565834772,imbalance
8155.15775733552,0.6645840400102077,1.8607800864371176,10.046392423768816,imbalance
8160.130103360048,2.2580964219739728,0.0027547061772692,10.707639860449683,imbalance
8165.179432258143,-0.56048296340011,-3.118665176487145,9.612468703960872,imbalance
8170.19291515102,-2.809245089014549,1.3334259107107702,8.605669644237313,imbalance
8175.139597308348,1.0565109807841675,2.0681086777463142,10.33407935709192,imbalance
8180.103844366137,1.939908427472985,0.2544332405376192,10.824937005624946,imbalance
8185.0879261073715,0.582242392854039,-3.040085686828305,9.97680472389782,imbalance
8190.000653896803,-3.3302826263459937,0.0509643184392348,9.206522506333751,imbalance
8194.967203194026,-0.0368390548100124,2.615056806661312,9.81740898671987,imbalance
8199.91277792871,1.657570126989404,0.779054211912487,10.268818536327837,imbalance
8204.830724304335,2.009948264149134,-2.6049173020864376,9.724356599563766,imbalance
8209.86775731301,-3.1047972690262435,-0.7366603158741019,8.763011262014407,imbalance
8214.88964298387,-0.4325563913429104,2.0373270939263346,9.63163908097064,imbalance
8219.914499801791,1.110796212326594,1.1458631744954186,10.489752850168449,imbalance
8224.899489602332,2.009738838821458,-1.8176237543665317,10.24129655159527,imbalance
8229.889859718087,-2.303214989743263,-2.148731822728952,9.308394832637775,imbalance
8234.833167013017,-1.063857122973309,1.9184148684839828,9.303139367101052,imbalance
8239.866881271448,1.4692016955900933,1.4443432193365506,11.00678143902128,imbalance
8244.838416318498,2.604657879078689,-0.8777827648973082,10.900120315113089,imbalance
8249.809313871956,-2.03779819063191,-2.625904400495748,9.19941224376675,imbalance
8254.88784630466,-1.9965109709346949,2.1518229322114006,9.56870172980749,imbalance
8259.831686403131,1.1323556895563145,1.1717033992680974,10.622306956146078,imbalance
8264.950964420534,2.909885339027362,-0.7615619796464805,10.525452522556137,imbalance
8270.022292258733,-1.231457077550781,-2.758151342287584,9.630262652018564,imbalance
8274.950883929274,-2.179557984040062,1.5854227884606051,8.729040406354182,imbalance
8279.932820430646,0.9990261215873416,2.1303292496605244,10.413382280702098,imbalance
8284.927442205442,2.2140890392795787,0.1004867657344246,10.899242161673955,imbalance
8289.970955345194,-0.2388312069036437,-3.107656514078122,9.647482774545082,imbalance
8294.999684293029,-2.640279683891848,1.0605894432264018,8.794202211130953,imbalance
8299.978632144115,0.6268123540806728,2.12361114972543,9.689616513400097,imbalance
8304.969896896087,2.264027898681171,0.5616144678103251,10.463600470063689,imbalance
8310.014710280715,0.2980845361907623,-2.8605957632518835,9.84171644317102,imbalance
8315.038666965322,-3.0588820755351143,0.136561858007397,8.69323586014192,imbalance
8320.050668945783,0.0713755529437505,2.3107180640706586,9.448556688641316,imbalance
8325.009620201583,1.8828792740442408,1.2828722229591567,10.54884137769726,imbalance
8330.078525771522,1.7222642821735217,-2.4988917604452183,10.38665174170913,imbalance
8335.010094680913,-2.791929260999609,-0.3795729888079501,8.983736864312736,imbalance
8340.068451084388,-0.2600335895080567,2.304613250991943,9.903014686714496,imbalance
8345.110733565416,1.239921840901345,1.1610840586685036,10.658341854305288,imbalance
8350.139981556591,2.1815150349967007,-1.8220887952829496,10.288176684181604,imbalance
8355.154643517722,-2.7694192309935155,-1.790086501528565,9.061569200840577,imbalance
8360.06734372538,-0.934893472832478,2.0219326311537418,9.200264574526049,imbalance
8365.089581645188,1.838770250265216,1.095701090558723,10.579693612321387,imbalance
8370.052286111159,2.202452715667757,-1.7622265985683363,10.075588527689252,imbalance
8375.081371061948,-2.345161562675426,-2.224821485262064,9.011674805256424,imbalance
8380.071743110595,-1.360184808571121,1.6467844247413397,9.309567503439528,imbalance
8385.0687708631,0.6947972936034408,1.3608588933498116,10.48163507976693,imbalance
8390.05317524338,2.5246947218744524,-0.5156054031834241,10.460831727291067,imbalance
8394.992041824846,-1.2605275873164423,-3.207208678264124,9.27221789281169,imbalance
8399.934035963894,-2.0153941074545094,1.4655412902560678,8.717145955123044,imbalance
8404.92361283454,0.958588330683754,1.677962959942681,9.719974282663742,imbalance
8409.901788813211,2.1778146921661574,0.1886456703931505,10.784219081827583,imbalance
8414.906868222457,-0.3541123102896427,-2.735859206751817,9.426281074920723,imbalance
8419.889771321254,-2.7174076721621385,0.4432298329318076,8.99031783427375,imbalance
8424.830193439764,0.6415332246147247,1.8451706018908332,9.840600525747943,imbalance
8429.812332431185,1.98003460679414,0.4707903273269697,10.615819912221657,imbalance
8434.803651983793,0.6629649909741425,-2.97008524200714,9.612392830227137,imbalance
8439.821699013502,-3.157743432784028,0.3495658132059601,8.722578565547357,imbalance
8444.833926765117,0.1611632701523323,2.5103730379889635,9.511811051400226,imbalance
8449.876066473924,1.7315989498729076,1.0135205904527995,10.643319195938812,imbalance
8454.992996414448,1.4044932987501058,-2.292724912302383,10.335207452079354,imbalance
8459.970001414958,-2.835500376934514,-0.7761792631033563,8.915044293534429,imbalance
8464.938070147116,-0.3020499991062021,1.9960303228599725,9.72751844483837,imbalance
8469.903615710884,1.509965788183646,1.2419854817860785,10.687885919354816,imbalance
8474.967314848622,2.139858723057571,-1.676095910303286,9.787360175381806,imbalance
8479.982600727099,-2.5308584256161013,-1.7995576889923068,9.26153495008106,imbalance
8485.045584825564,-0.982673780563642,2.195981852325444,9.539581604148244,imbalance
8489.998715758038,1.2189821796050404,1.3734331817264966,10.212078428502547,imbalance
8494.984833704093,2.4927367535838267,-1.1292633842872195,10.630792348934198,imbalance
8499.943616158867,-1.9929342152252376,-2.3429118055989373,9.055148085724754,imbalance
8504.95283744824,-2.182246980280883,2.4456758085926547,9.152163155668887,imbalance
8509.920316763211,1.103930941619993,1.6247944205348372,10.44204020803753,imbalance
8514.939816671074,2.5421705364606866,-0.4432945997147391,10.101297027038417,imbalance
8520.002787109113,-1.4313625477608694,-3.174266381233916,9.584553745931562,imbalance
8524.957104881287,-2.544695299409889,1.5647683030336816,8.794122857831947,imbalance
8530.014357317683,1.0293694846277492,1.488914375191791,9.678871084715324,imbalance
8534.951699513364,2.586715756920528,0.1918823598432741,10.419738119263576,imbalance
8539.844776391943,-0.1463173091546548,-2.89676043622818,9.734741842787802,imbalance
8544.773812306606,-2.7636443727829683,0.6179613406447569,9.10794255136124,imbalance
8549.805792299601,0.3019130755921102,1.9594425880203183,9.719437363390908,imbalance
8554.727215866767,2.1073176616038336,0.4928102208399829,10.39586092811664,imbalance
8559.738241037207,1.133974585116086,-2.91724794727071,9.789648769075656,imbalance
8564.681920875264,-3.171987637675448,-0.041472324232554,8.90942654741271,imbalance
8569.779445078766,-0.1830698699684846,2.000585479862208,9.36113876345161,imbalance
8574.772493913248,1.6059410295205463,1.2513220315793596,10.529898687034446,imbalance
8579.747070273457,1.6402544783584734,-2.509631887326232,10.393242342880155,imbalance
8584.780339497143,-2.83937792441642,-1.1040227379810594,8.868240344826564,imbalance
8589.731861684606,-0.1209056479243573,2.1212766285984603,9.529526161050969,imbalance
8594.683899264232,1.5007965931293454,1.429433015708886,10.819599947127118,imbalance
8599.610013577583,1.996688621101439,-1.670692257505454,10.343737607922987,imbalance
8604.496006915913,-2.218515888728033,-2.154598441294011,9.243557962023203,imbalance
8609.439609941719,-1.7679547980256198,2.2007462875343458,9.032917557400724,imbalance
8614.411406393363,1.2308454715261712,1.379258895456862,10.325935855261896,imbalance
8619.440748440149,2.326372933391592,-1.0071547087542805,10.395097646822158,imbalance
8624.509617438734,-1.5888753309347377,-3.0928692262962234,9.417081439979496,imbalance
8629.555998641508,-1.860381183734412,1.6461350168864963,9.101469605124636,imbalance
8634.512129361403,1.0519252736132438,1.7940000620505403,10.0876925674692,imbalance
8639.44998259446,2.287488724281846,0.0483839815004993,10.326094494017244,imbalance
8644.475809204458,-0.6797049412026429,-2.9990298662755297,9.72205488878402,imbalance
8649.434819463177,-2.902151850835208,1.1381158208199604,8.701508043370541,imbalance
8654.482809891622,0.6254914045812452,1.7352284242352765,9.819890659669715,imbalance
8659.428266814592,2.190330773106016,0.2150811680817998,10.63953763901222,imbalance
8664.453464643091,0.5116482466155066,-3.332000075706329,9.89873004948064,imbalance
8669.433753108311,-2.3550109822527943,0.2718043051448693,8.926601689476621,imbalance
8674.355280206593,0.1974002992578055,2.322538064266401,9.68370202579198,imbalance
8679.386283151067,1.4511813178897222,0.8365449769535171,10.811838509236953,imbalance
8684.460133937928,1.3890280596236615,-2.7533087185201004,9.62046251419778,imbalance
8689.504780079189,-3.008589654871495,-0.5071584412112817,8.945856954619275,imbalance
8694.558378094982,-0.4362981620827992,2.375978677611616,9.301442592032052,imbalance
8699.465177932614,1.2447875413959126,0.8486192738920757,10.365649680048357,imbalance
8704.481999585043,1.9362977485788184,-2.116528769906504,10.117696093276903,imbalance
8709.431908705747,-2.8513630634154783,-1.5200597915289993,8.929333217625059,imbalance
8714.444101322297,-0.8218138101450063,2.511563306002846,9.3635434994231,imbalance
8719.38999819504,1.4368574206671276,1.2315410303553902,10.3857267652594,imbalance
8724.343467031144,2.1130494627937297,-1.083762215660638,10.212678993727575,imbalance
8729.348621434707,-2.207582016907855,-2.1391042095348403,9.384342651908716,imbalance
8734.272897381594,-1.457862223100977,2.260693175574848,9.065364446856933,imbalance
8739.320226678352,0.9209667739983332,1.4618021214835384,10.35337363057521,imbalance
8744.382011759975,2.731089743164477,-0.5377609559646321,10.781823324053857,imbalance
8749.442362189558,-1.420724744967798,-3.187483453259856,9.653885725750794,imbalance
8754.455754310555,-2.0302083788473118,1.9428929666446455,8.950672980382949,imbalance
8759.523259078422,0.9958243453296994,1.924810096734443,9.807508705875412,imbalance
8764.540360595605,2.304298000080013,-0.1559265569296321,10.700605317555096,imbalance
8769.48132764247,-0.5699096055029796,-3.386209114012775,9.054272119248886,imbalance
8774.470390109233,-2.7877874020243385,1.124187874613286,8.95252669874069,imbalance
8779.508995555403,0.3959912054002414,1.7859916618591782,9.928647754266786,imbalance
8784.50004692249,1.93086817957924,0.2201194419468742,10.696556733941035,imbalance
8789.577773023704,0.4004566458833082,-2.742405345208878,9.64361481008637,imbalance
8794.538279894032,-2.908185087991745,0.704948824876692,8.786749978422936,imbalance
8799.462289102643,0.0409891840883468,2.2573524387096477,9.688763104503028,imbalance
8804.427948833942,1.7088673110720756,0.9946415756642052,10.225379520259892,imbalance
8809.457401305295,1.16431779825143,-2.710843337962476,9.595932388586682,imbalance
8814.443107196214,-2.7629001018580333,-0.6207312770886673,9.434786314265978,imbalance
8819.497535323522,0.3237707588776172,2.1479129540093806,9.22277045912642,imbalance
8824.51375695055,1.9363548363460212,1.2725993594104832,10.661009082718824,imbalance
8829.538962521228,1.5772296644332866,-2.046136292900941,10.151880622809957,imbalance
8834.650411609271,-2.7861374211505345,-1.1711852606109434,9.104545647162777,imbalance
8839.649293082693,-0.9076670550748224,1.9280216737937328,9.779720570434687,imbalance
8844.627228010442,1.7888645583180016,1.2283026305264848,10.611070966868136,imbalance
8849.629394109666,2.0527868432131275,-1.9756233108487449,10.606855958278246,imbalance
8854.618922397674,-2.308096708007981,-2.105499043274969,9.128558394616112,imbalance
8859.636746969887,-1.1346301666370024,2.322925172080868,9.444484406181822,imbalance
8864.584032809451,0.8195146492029866,1.4354170611031871,10.394768677912516,imbalance
8869.586580048082,2.1474235210993413,-0.8534575762580485,10.5154540130587,imbalance
8874.483522669889,-1.6810737311168018,-2.742927470327958,9.251877404603992,imbalance
8879.47901544049,-2.575209711222917,1.804567759509316,8.978891395081046,imbalance
8884.534448722947,0.6819754424892075,1.7765743881897649,9.979494243130478,imbalance
8889.484282538268,2.510646435687211,-0.3502708189589157,10.65923153310838,imbalance
8894.52827292308,-0.7753737592161468,-3.1715745738318843,9.628808407237344,imbalance
8899.499563838688,-2.761277745141672,1.235561411877797,8.830476499952693,imbalance
8904.491229194831,0.7473431004761588,1.7367408938275974,10.068504911381616,imbalance
8909.496511329064,2.51814662160976,0.4105714442111111,10.629571306988597,imbalance
8914.489483238189,0.2055888468741369,-2.846881098112561,9.501508511108575,imbalance
8919.517703503208,-2.8641032410772507,0.2958397510335208,8.620014620334313,imbalance
8924.562321475236,0.3526904000650544,1.743323706402973,9.69760415894194,imbalance
8929.5305977055,2.0699809280856307,0.8974408167473339,10.757209343002064,imbalance
8934.576006448498,1.5707030037103162,-2.6614976125472696,10.483778442403166,imbalance
8939.609072221168,-2.8214532799754517,-0.5129134410787519,8.833014546368409,imbalance
8944.63263930531,-0.182776022889343,2.5699495505022507,9.785774454802052,imbalance
8949.646835117077,1.7899785471527463,0.8034538217464102,10.840057988770027,imbalance
8954.622563222794,1.663968183097663,-2.695898903298799,10.19605868890712,imbalance
8959.7040045873,-2.9472467743739093,-1.3902368930229647,8.828524333219057,imbalance
8964.654134069,-0.6262612057936812,2.399812939822176,9.49171679144414,imbalance
8969.637342126043,1.44332626468507,1.039255759790609,10.345987655193689,imbalance
8974.653990718041,2.20577939339312,-1.95843611013042,10.488767551001166,imbalance
8979.640120375154,-2.733581097813687,-2.1182494745623552,9.20780613059855,imbalance
8984.638010344373,-1.380578951379963,2.419600957738388,9.338002704598772,imbalance
8989.714382342876,1.1833568430350627,1.3629290417038789,10.462664137642768,imbalance
8994.794782632984,2.456822020157956,-1.1489002382140312,10.827321871757045,imbalance
8999.832921963352,-1.824146074815843,-2.4018953141783754,9.244575014944935,imbalance
9004.889244324166,-1.7192441668643883,1.8572055990017569,9.273996449613296,imbalance
9009.919333361711,0.7534689995571724,1.187510520675503,10.421480069214867,imbalance
9014.92820166285,2.315660546002074,-0.5048439016635432,10.916550414205522,imbalance
9019.85168655346,-0.5563031994912031,-2.6596901696329365,9.410822143470256,imbalance
9024.75162034036,-2.823704870241256,1.5160075328413238,8.569577394934047,imbalance
9029.716249205108,0.3282362083465938,1.7055995092819245,9.713492802725373,imbalance
9034.698933759351,2.413157174961175,0.5766182504569164,10.33356948906883,imbalance
9039.702696731036,0.1094883976538494,-3.025579290464904,9.586667595694257,imbalance
9044.703306497762,-2.937930661608945,0.6580264312140613,8.710281974602095,imbalance
9049.678062857762,0.4372570190046989,1.749165100890015,9.869014955902085,imbalance
9054.70937109376,1.9901118729686345,0.1608613365634773,10.506783021668982,imbalance
9059.63779409472,1.185352043618337,-2.645441033586687,9.77518078801678,imbalance
9064.678092002863,-3.371579270740822,0.0129920205194635,8.916591195399226,imbalance
9069.653295562011,-0.0860445546409098,2.2435734715868265,9.46825709068866,imbalance
9074.655663754196,1.2315967555056209,1.0312779316737897,10.502126774734991,imbalance
9079.67071665817,1.8606024465975315,-2.2255574260032414,10.300772057377264,imbalance
9084.54979524253,-2.9919964773049537,-0.9793355945282868,8.74753401102579,imbalance
9089.53297215596,-0.7732731092114161,2.2311136052252944,9.347488559056671,imbalance
9094.513981251865,1.0647864283089228,1.5713083845488662,10.652717290051676,imbalance
9099.454151834818,2.259434458695054,-1.6875589919269316,10.356789567115875,imbalance
9104.489153120549,-2.4354724230183646,-2.1948051752754982,9.248667571144496,imbalance
9109.472901104791,-1.3451100777548857,2.0801056738261887,9.393948874634363,imbalance
9114.433658027823,1.2536972508421038,1.3547676341209345,10.308105757425752,imbalance
9119.421652886116,2.7262596553265483,-0.8518158385643007,10.45823959277547,imbalance
9124.455749793402,-1.2869449700696811,-2.5377025952378083,9.37685282614215,imbalance
9129.380977207991,-2.004227513572305,1.6920756059394582,9.051400589086114,imbalance
9134.262146157684,0.5982004429174694,1.605294889517498,10.183342826954272,imbalance
9139.237370922694,2.1764399288055025,-0.3035564778022219,10.727336872173478,imbalance
9144.22938996263,-0.2019362871558144,-3.062352816939073,9.2478241987021,imbalance
9149.22635842986,-2.740168514649458,1.075234648351496,8.890908963812175,imbalance
9154.19937743142,0.5811619770311574,1.9978125721470057,9.631116810915428,imbalance
9159.21887775969,1.8397104912956224,0.4279345163294606,10.77249493628318,imbalance
9164.140613662035,0.7301123094006325,-2.961010864944895,9.956814277335695,imbalance
9169.132339077243,-3.308519729952428,0.2906185912022027,8.955167244495469,imbalance
9174.128537013155,0.4441230001445501,1.8451267629306096,9.32735624619046,imbalance
9179.074937297806,1.8724070303288889,0.7359572638599003,10.6747646601865,imbalance
9184.132981440043,1.612043513014724,-2.523703445154716,10.015693396085238,imbalance
9189.109097653136,-2.688524189460795,-1.0423511005469253,9.156638392761284,imbalance
9194.055737085846,-0.5265029323493942,1.9573280586217396,9.28618505387974,imbalance
9199.061943534563,1.5882499149713514,0.9654360070300588,10.482717539200584,imbalance
9204.145092603594,1.8672187669789797,-2.0338372895391115,10.360596495011654,imbalance
9209.128979973191,-2.9165221860102504,-1.5422623094819228,9.178328777043292,imbalance
9214.15271171648,-1.0347216052021655,2.378430840726126,9.314450284859896,imbalance
9219.195632838871,1.1655770215695525,1.2781204835707172,10.652385389964213,imbalance
9224.227488148004,2.4285252329925577,-1.095108045283658,10.403929417236984,imbalance
9229.203053305311,-2.127127889548296,-2.5476695286857862,9.221729357663303,imbalance
9234.17143665897,-1.5148675844186648,1.9499736306729771,9.012684299939195,imbalance
9239.134020908285,1.1488672397839026,1.2744088198068897,10.124472693382309,imbalance
9244.162202864409,2.674783702420193,-0.1530648127269942,10.4496737701834,imbalance
9249.259037363372,-1.2414910436206967,-2.591788686902293,9.526808057730396,imbalance
9254.261801046683,-2.0102895775669936,1.4056338297822295,8.766282312453894,imbalance
9259.201533296657,0.6034829496811709,1.9233805849413697,10.19375868638054,imbalance
9264.211161709698,2.774030824062048,0.0664330479239371,10.665350998915647,imbalance
9269.317046716027,-0.4992718509089665,-3.3052634989269527,9.701259369820846,imbalance
9274.34402044609,-2.6142221884553543,0.9007796181530908,9.060828824969937,imbalance
9279.293703814772,0.5100115574666186,1.868001066600007,9.824194665565429,imbalance
9284.292790550704,2.269357747505304,0.3730484507865512,10.409955159886437,imbalance
9289.225936763629,0.6554470755955799,-2.959423949702646,9.915060203978548,imbalance
9294.17554894204,-2.822043788835884,-0.0152389711557943,9.093315268156582,imbalance
9299.15228868951,0.3876848010170783,1.567678756771528,9.557857826645344,imbalance
9304.163936328572,1.855606134784352,1.00825694637807,10.932901324632583,imbalance
9309.138550071391,1.4141612753158512,-2.4575472127026314,9.6839187331051,imbalance
9314.05491078309,-2.9025196741842407,-0.994118469569514,8.765189355153987,imbalance
9319.039999913515,-0.5293395734532003,2.2887483751745865,9.156493363438209,imbalance
9324.043441223934,1.4396669200002188,1.417703605245273,10.549510522004123,imbalance
9329.005218895478,2.1072418206011,-2.278782936470601,9.947949926327007,imbalance
9333.98770522969,-2.525720582390327,-1.897381710551548,9.188356297156606,imbalance
9339.1123534912,-0.8183001985223857,2.2734419999768813,9.021325972245412,imbalance
9344.158469609853,1.2684313928697035,1.135492808266532,10.3325497202322,imbalance
9349.149890981742,1.964314257052544,-1.233101435788849,10.240174731318474,imbalance
9354.215516316868,-2.1438632219383376,-2.5725760095539085,9.221181971082434,imbalance
9359.204575245272,-1.7666537016344823,1.7140168346499634,8.455729322337032,imbalance
9364.21374555291,0.8828169996218751,1.5701427977113205,10.35095379859194,imbalance
9369.235140811932,2.2081959391210475,-0.8395399286167361,10.961979221172442,imbalance
9374.196181642708,-1.0705879244504355,-3.064726787177136,9.572562268364296,imbalance
9379.25464703189,-2.46531804397937,1.8623189321714289,9.1348981960734,imbalance
9384.270575054676,0.7686005661619002,1.240759414116945,10.003115629865125,imbalance
9389.303221054752,2.2441878799528787,-0.0514221947287442,10.657616697066068,imbalance
9394.378815163456,-0.6385746094484923,-3.1317954961967733,9.529393183756614,imbalance
9399.374096484684,-2.756864409566948,1.3975238988476095,8.850921638559054,imbalance
9404.392959043787,0.5863619923412287,1.9803619342417884,10.042650044494676,imbalance
9409.367157355302,1.939892528529857,0.5080471862386011,10.561304557237198,imbalance
9414.420314811208,0.4963394753473839,-3.3231340283356245,9.872553637688467,imbalance
9419.38542410122,-2.926932887369417,0.3573133680040362,8.857760770807193,imbalance
9424.386749303903,0.4349799528565016,2.038233276125437,9.5996799730356,imbalance
9429.325836609132,1.548274794176647,0.8554141453520829,10.925207457288463,imbalance
9434.376482329712,1.2459125580280623,-2.5519941067761014,9.874351847387144,imbalance
9439.33671504386,-3.249250641147128,-0.6019398453935051,9.034281890058352,imbalance
9444.390980792414,-0.1101585922189152,2.4862190689771544,9.641032426758896,imbalance
9449.509601250667,1.276208225655824,0.9308541022942428,10.752506413339256,imbalance
9454.420380412968,1.830724095084197,-2.1519676074685083,10.076931353207046,imbalance
9459.387216070829,-2.493142144136256,-1.724099551239954,9.065674669022664,imbalance
9464.456574349337,-0.7893262716302791,2.361942952364702,9.432271348731504,imbalance
9469.455999915688,1.090075055051673,1.1484289808460544,10.342033598747392,imbalance
9474.498809754345,2.4468785886844096,-1.4081316690621883,10.528136601276364,imbalance
9479.520890624335,-2.2244435673232874,-2.067613883276284,8.822729001678752,imbalance
9484.507305653218,-1.4371876489258408,1.8882024466057916,9.602270302057748,imbalance
9489.622873699802,0.7940633613552304,1.3910909395599669,10.216020311279218,imbalance
9494.563378518527,2.311466065559144,-0.9679779379847094,10.947061532611308,imbalance
9499.572468016062,-1.953706603413208,-2.8603614882228543,9.228849093107655,imbalance
9504.575736048262,-2.068978678592696,2.160649876707309,9.021449882219075,imbalance
9509.611128232258,0.9533145395932028,1.444786438948451,9.677183696412929,imbalance
9514.636075507497,2.211997500105776,-0.4460064548996586,10.988142504326778,imbalance
9519.604530581424,-0.9890333762877896,-3.115261637996729,9.628671110044,imbalance
9524.613481192133,-2.3923472803257835,1.187534174479696,9.014281207636326,imbalance
9529.60447348142,0.7143802325645339,1.885931196350568,10.0163429351691,imbalance
9534.68595877415,1.974684961565368,-0.0515808532069637,10.866829594718263,imbalance
9539.758894644636,-0.0035307693375033,-3.114715793698576,9.91345158073001,imbalance
9544.760123841374,-2.76428695828481,0.9358653356991362,8.851412874094033,imbalance
9549.730427018369,0.0190277071285276,1.7847057118396883,9.718879583765595,imbalance
9554.725505629436,1.8925028064940328,0.5366447000151114,10.737390812864072,imbalance
9559.679921439634,1.0586131033975976,-2.944880291820268,9.946591484493846,imbalance
9564.752664617095,-3.203933317374649,-0.0138882865363441,8.627370604774889,imbalance
9569.804530187386,0.1644628578618459,2.4659332187952154,9.949623806974426,imbalance
9574.861983429684,1.560010429274448,1.2395739250315485,10.93788902518176,imbalance
9579.976817386125,1.36932896552378,-2.6638322214216466,10.292408637072183,imbalance
9584.969046162783,-3.2618046954495226,-1.0522724043632723,9.261315158168326,imbalance
9589.937648321784,-0.3212713779502351,2.4651491186194456,9.346179718847212,imbalance
9595.024323776175,1.4791645063532337,1.1828418742917837,10.13800614794334,imbalance
9600.067303046408,1.8653383680450293,-2.0633920561353456,10.388113697959444,imbalance
9605.081387292064,-3.148021745811815,-1.4463503080087112,9.148665805602215,imbalance
9610.075407268292,-0.9527175159656488,2.196188263585064,9.368120343485622,imbalance
9615.075199232451,1.514955646875077,1.5132038278337467,10.202267454423913,imbalance
9620.047342213447,2.036196395087897,-1.2664237297567085,10.432229882291914,imbalance
9624.999265889708,-2.0614266445760263,-2.263578447753173,9.042194876637858,imbalance
9629.958007776184,-1.600540944433979,1.9467159932555764,9.252217015006924,imbalance
9634.958796787016,1.0912549015922757,1.1875225437113652,10.010675756419255,imbalance
9640.014646190772,2.2905355355072348,-0.6068752862912157,10.903418500478288,imbalance
9644.99533828634,-1.112152282917556,-3.1233635836747986,9.812548733998126,imbalance
9649.988059667856,-2.0993366876746946,1.4552584413233478,8.946094716802586,imbalance
9654.962323823023,0.6622318611865805,1.718882642847098,9.927909967110397,imbalance
9659.979140790248,2.2158514114974928,0.041134909785868,10.620299146410233,imbalance
9664.997787367032,-0.2064899708150808,-3.150104007242776,9.53305060105061,imbalance
9670.050762975508,-2.9237309704379597,0.6280805375718268,8.913892232552577,imbalance
9675.05506269228,0.4015994513495804,1.815664142758368,9.898229151373734,imbalance
9680.05981262784,2.3812427390806894,0.2921502468976958,10.866682057154987,imbalance
9685.0035477023,0.631309473082196,-2.854302169685776,9.630173563776996,imbalance
9690.014055035195,-2.9545692917612767,0.1967048096621532,9.186831597153711,imbalance
9695.094751942584,0.4690897173674087,1.9870430653182105,9.827004338821665,imbalance
9700.086563773431,1.878361194327821,0.521023540359401,10.821840120767126,imbalance
9705.054863770894,1.2318210714719788,-2.707385424992272,9.91365218824438,imbalance
9710.038266544005,-3.049023916754926,-0.7881870741433064,8.684901914546115,imbalance
9715.057127936632,-0.4112252508243694,2.386460145699169,9.57143058573093,imbalance
9719.997746155912,1.704611541893337,0.875697274414287,10.47098919742247,imbalance
9724.946687692787,1.9970377899244829,-1.9681750527944448,10.09482567247096,imbalance
9729.946428448951,-3.036459465510052,-1.8974992566956568,9.000032282885865,imbalance
9735.009243739678,-0.9749645860551034,2.020718150225812,9.399920810215876,imbalance
9740.02951993478,1.0442091902301174,1.6182772400514365,10.49527260121039,imbalance
9744.97466153883,2.430835696076712,-1.3105893423538093,10.60982810484358,imbalance
9749.919794932968,-1.6462095188222283,-2.54737885437582,9.364288796125168,imbalance
9754.955262966216,-1.954289999114757,2.4464540715554817,9.257372522945436,imbalance
9759.947701403937,1.1542569392804864,1.6926605379534498,10.586376730475646,imbalance
9765.045409427266,2.248183543735982,-0.3885969448989114,10.689671950991382,imbalance
9770.051799542489,-1.112619481661857,-2.918403891613467,9.39542326261501,imbalance
9774.995197244476,-2.267162547212903,1.8286876320828869,9.069233494669886,imbalance
9780.009038996366,0.7943957437908541,1.7105149730437166,9.83877001650415,imbalance
9784.953751066692,2.4440598654008907,0.3293259954427733,10.35479387294233,imbalance
9789.903601234328,-0.2320189715227591,-3.360488030846823,9.342276927981128,imbalance
9794.880374157969,-2.754732161265463,0.8479005536108971,8.593925936593118,imbalance
9799.940974803389,0.5286029569727078,1.923347223395761,9.677977703016849,imbalance
9805.008537379326,2.144941458666172,0.4609460908344805,10.511416845254862,imbalance
9809.9355643877,0.6579050511406839,-3.276687879060212,9.922345092152744,imbalance
9814.997506655436,-3.4406518189237185,0.2390901512822806,8.845949101436327,imbalance
9820.035383597164,-0.2814876004173928,2.5867437812247798,9.985085539668106,imbalance
9825.024871194608,1.6626015790094009,1.0932606161930885,10.615312780496009,imbalance
9830.133755191362,1.207782512271052,-2.596699440850306,9.949451933039407,imbalance
9835.11430127397,-3.122746616204552,-0.8861106188080208,8.839982866457765,imbalance
9840.06272907008,-0.345744014838726,2.3084981309217976,9.793476892226488,imbalance
9845.063040596158,1.7018049059569127,1.2395344911958903,10.727554738585502,imbalance
9850.129905654392,2.128002606757426,-1.9420511927722135,10.36312479826813,imbalance
9855.15607282164,-2.701241109888959,-1.6528474735030514,8.677550428666775,imbalance
9860.15069269019,-0.8506227939000727,2.140048424054308,9.559052574817434,imbalance
9865.188528354662,1.3705161699149806,1.3326256509776604,10.377372240420762,imbalance
9870.215407543616,2.253404870925476,-1.0889268315649314,10.457485320823064,imbalance
9875.210777191758,-2.190458557959033,-1.949527303802792,9.002358760943983,imbalance
9880.20008612416,-1.2690978559331372,1.9366677384625977,9.189230053832317,imbalance
9885.187969967496,0.7406619167336621,1.603137840042639,10.606947213731033,imbalance
9890.247967351952,2.405081390417123,-0.7072777920763039,10.568762174111509,imbalance
9895.236870727138,-1.680302072704682,-2.973775096756957,9.531735418521349,imbalance
9900.11112899154,-2.4595878067470407,1.8636448115735464,9.210986114536302,imbalance
9905.100438008378,0.7739784935147929,1.2421871739095371,9.90092330620438,imbalance
9910.080865995977,2.31375854808379,-0.1507160755763864,10.604515432969894,imbalance
9915.058854082028,-0.0702792090312467,-3.2728661668703283,10.0439228217311,imbalance
9920.068672663145,-2.7516011547412638,1.0909108523130493,8.984711882762152,imbalance
9925.111798449216,0.4643088323787728,1.822347051473264,9.647174351427388,imbalance
9930.069475008548,2.0747086138124167,0.320173170090931,10.705591362501568,imbalance
9934.99981249039,0.2483158379583541,-3.531346644105489,9.908083990383805,imbalance
9939.95440633967,-3.237893093286334,0.0564827797840101,8.514295781174336,imbalance
9945.012080856644,0.3984479636458392,2.2100510237384805,9.280642229514012,imbalance
9950.013861690526,1.798015321859114,0.8244380726579871,10.792886119915565,imbalance
9954.976537434795,1.2282812644629106,-2.657699960288747,9.961026326307064,imbalance
9959.937940782946,-2.9901186874622567,-0.6400208608561613,9.185314004457965,imbalance
9964.974774758808,-0.2682215972763836,1.7660784513209675,9.29591206009206,imbalance
9969.98473090615,1.4216951312714632,1.0659047010048357,10.37347666496482,imbalance
9974.972745325,2.1455528802658197,-2.0367680592972155,10.417867045245128,imbalance
9980.002905547371,-3.03491295528072,-1.4919352279026266,9.159886923817142,imbalance
9985.130067746088,-0.7964947013947165,2.3293951649315314,9.052239550223018,imbalance
9990.110898848065,1.0687131650222537,1.491793136680743,10.415597984634108,imbalance
9995.128262680735,2.406175438542694,-1.3821404714517265,10.520890993041975,imbalance
10000.195098195694,-2.444022134464497,-2.239140865856545,9.339113525957702,imbalance
10005.190380071132,-1.1471984979599943,2.098128633814124,9.120476463289734,imbalance
10010.23108736687,1.1444526146577032,1.5592753096280183,10.063642771180788,imbalance
10015.279695324463,2.653982734035152,-0.3850886562912026,10.52873305656894,imbalance
10020.239774239442,-1.4545479181372485,-2.79836184762634,9.396119143240291,imbalance
10025.300948953483,-2.0803156566037857,1.7841399174331778,8.910004988707309,imbalance
10030.320914940476,0.6788966030176404,1.8268937436820227,10.093614850230331,imbalance
10035.302470827808,2.5941825821611246,0.1086575403924117,10.837297806881809,imbalance
10040.307293032673,-0.4177716434863183,-2.8980732453037787,9.68436038544786,imbalance
10045.268369195346,-2.879701126029369,1.001545348840414,8.949363624176325,imbalance
10050.30482351719,0.47680907937881,1.5507580504819394,9.699048110101348,imbalance
10055.338190223129,1.8134551597274493,0.4705709043754664,10.88307110221086,imbalance
10060.335800279883,0.5880248426474073,-2.989723048944993,9.720385428180258,imbalance
10065.381475280945,-3.0552888349630942,0.3906858612892857,9.149775367464873,imbalance
10070.298783357928,0.4374711083164787,2.1983467258369256,9.34567047790026,imbalance
10075.39077515724,1.826900673636855,0.4631879326525164,10.606172465641688,imbalance
10080.399878372842,1.219316891957882,-3.1352437633087167,9.975170289145046,imbalance
10085.32032790205,-2.8758436607844637,-0.4323984924384597,8.977550516094276,imbalance
10090.326969701817,-0.096794674900232,2.061806981905166,9.23517763196544,imbalance
10095.33882263161,1.931716462822752,1.000884598669196,10.484021066020428,imbalance
10100.34503213827,2.0907262227390198,-2.171696160773176,10.038596557501052,imbalance
10105.328611315095,-2.7031082456831586,-1.6359386548821826,9.14654402495875,imbalance
10110.382313971291,-0.6220813124829434,2.3770757419447017,9.463388491642329,imbalance
10115.363842224247,1.4182132895635833,1.078021633933227,10.532987356074996,imbalance
10120.425204179835,2.666957670140323,-1.4831154550258887,10.453927556821345,imbalance
10125.442971326893,-2.35280543525893,-2.2665264485570917,8.896700387662042,imbalance
10130.48193808446,-0.9384291668297922,2.284974222529496,9.459104907263988,imbalance
10135.533465069277,1.276911847831116,1.6674062537013024,10.198089282854127,imbalance
10140.632830093313,2.4345499690231382,-1.1009023973781673,10.5553885078503,imbalance
10145.635875193786,-2.041187828129736,-2.748200066159728,9.756864987436003,imbalance
10150.554291686374,-1.7021921454436089,1.7881119735645274,9.18021253038287,imbalance
10155.581790548646,0.7424784201022263,1.917753640965199,10.258758446401602,imbalance
10160.662712739178,2.431875282582371,-0.7838805555436841,10.560375514706868,imbalance
10165.704932277506,-0.9953501944774656,-3.313148311184409,9.608475703725752,imbalance
10170.689444744175,-2.6861671546321224,1.723337853627188,9.17452757198072,imbalance
10175.674989266889,0.8325391893012116,1.5219642314026505,9.942501110632204,imbalance
10180.606334033342,2.2024093074516977,0.0903318916044221,10.910877002769585,imbalance
10185.626660642232,-0.180995528974949,-2.78734245902081,9.580707885601882,imbalance
10190.668437547896,-2.9914830872543745,0.4514917333468954,8.858404282500945,imbalance
10195.746449478997,0.6459827123793074,1.939404712772064,10.02836332929669,imbalance
10200.767223303204,1.8846649645413205,0.9119728925062792,10.71949950496338,imbalance
10205.729368210625,0.9198225027299064,-2.984595654778276,10.12100458366295,imbalance
10210.800702945297,-3.087068059955897,-0.1136528633787874,8.661155103597622,imbalance
10215.703813604585,0.3309633645532739,2.283002360787327,9.428989199972472,imbalance
10220.694022917756,1.6421445135255706,1.0695496510895022,10.86753311729822,imbalance
10225.746349521914,1.329842800419328,-2.402528686240859,10.1556749416288,imbalance
10230.734424018872,-3.090603766176609,-0.7249219496850641,8.987274064302326,imbalance
10235.75220188935,-0.7008232423815653,2.7448106621586303,9.200105753398237,imbalance
10240.746741495215,1.3417261489011387,1.0318146552448155,10.72225324101351,imbalance
10245.718883211246,2.239915672043613,-1.7367813671539178,10.481569681977088,imbalance
10250.64213684478,-2.589438593173803,-2.006031139637165,9.01655876378404,imbalance
10255.65281096536,-1.1252724622857984,2.322167789372359,9.495330480709192,imbalance
10260.64485129542,1.0716654769945109,1.534914119790494,10.403058982782742,imbalance
10265.74365799854,2.271623511591661,-0.9092982652771724,10.481301147564391,imbalance
10270.708347499396,-1.9345495511870063,-2.785800400832333,9.085118029385232,imbalance
10275.743556551732,-1.657239341208749,2.10647536948378,9.30713904306971,imbalance
10280.804625733188,1.0077512731384182,1.4455903058083823,10.191512799926022,imbalance
10285.837254963591,2.2873409815798844,-0.6135788869283003,10.446212041332489,imbalance
10290.7485752265,-1.0180673771695383,-3.1633275973700123,9.483068959316425,imbalance
10295.76852550258,-2.215466838421922,1.6863318411465813,9.017853946877365,imbalance
10300.751308338236,0.6093723484234317,1.3330954474901164,10.034557669500746,imbalance
10305.776052844763,1.9470071421231143,0.1963565137754679,10.684856339547324,imbalance
10310.722030996929,0.0635217086539806,-3.3819435864460368,10.172702959588936,imbalance
10315.687522801258,-3.037734889089827,0.7692635366501586,9.091880586309978,imbalance
10320.668287535036,0.6206163774656346,2.1871825894626853,9.79754647922815,imbalance
10325.64157914093,1.5690768106869084,0.5047787080865425,10.59088424462998,imbalance
10330.65454384998,1.0061529089909234,-2.625029686201345,9.886998185277722,imbalance
10335.553572323874,-3.2779513482412312,0.1574753762932359,8.714616520171303,imbalance
10340.500053234317,0.1527601725208176,1.7934140520968982,9.616817678107276,imbalance
10345.44457838908,1.6244303570599867,1.4275155606969063,10.812697446554122,imbalance
10350.45760769682,1.9073126736900212,-1.9224972866129304,10.25393932785754,imbalance
10355.439622333755,-2.9815996660080044,-1.391759281196775,9.005415862064659,imbalance
10360.514620009986,-0.7416514514647514,2.3211868177510597,9.090569833333848,imbalance
10365.453982376275,1.6208863565826532,1.2842942039895997,10.323089883210066,imbalance
10370.387112722205,2.044001124591958,-1.4600778849767646,10.565777120371246,imbalance
10375.429366692451,-2.799857186302728,-1.8423338955733493,8.894429232267399,imbalance
10380.410230607593,-1.3483207440099452,2.374658588753783,9.190103416791024,imbalance
10385.441619031328,0.8213369388480771,1.3082566305416523,10.740172478731356,imbalance
10390.464206392066,1.978621990942671,-0.9268276084934453,10.59298857659586,imbalance
10395.462673047852,-1.6857622472204643,-2.899800187227798,9.44631532636997,imbalance
10400.424122819612,-1.82053703250582,1.82512055466376,9.38041035921881,imbalance
10405.391579925225,0.6840281168777634,2.016022147809889,10.2288109537029,imbalance
10410.334450817676,2.579554376858906,-0.269370824596966,11.03812130844141,imbalance
10415.439914271174,-0.6202156668690884,-3.053986127253273,9.295265883124722,imbalance
10420.441617071674,-2.5545975437024238,1.3895629786025487,9.174913284326347,imbalance
10425.484324298068,0.5242385370836334,1.6629228164040295,10.015926123463077,imbalance
10430.486272307928,2.1863180554645414,0.4758322301564623,10.571248855401205,imbalance
10435.542419577952,0.146967326872885,-3.155829624923468,9.507545071817816,imbalance
10440.542723741024,-2.8269413736519224,0.3747576414489235,9.097345219025756,imbalance
10445.48810557483,0.6627440329342885,1.7704453744870932,9.6278746702814,imbalance
10450.416570957566,1.709699947268812,0.4297256951366585,10.640977293924651,imbalance
10455.501422546104,1.153424328734216,-2.4524485962336846,9.699653830035295,imbalance
10460.530233668236,-3.1311395595089904,-0.1550325123789708,9.190646238175036,imbalance
10465.574494212611,-0.1160017753643329,2.0534137564958908,9.432678261418369,imbalance
10470.673823873876,1.7018773607652375,0.9586188311423308,10.719037909412668,imbalance
10475.664296351872,1.5564598777033345,-2.3112386754048098,10.364789374391822,imbalance
10480.7261222872,-3.0262959013352217,-0.8664500570557253,9.004757537779357,imbalance
10485.76209103555,-0.2982907263962302,2.329576987637257,9.14068682082308,imbalance
10490.738353938788,1.420664391156822,1.532067577710884,10.6423256298197,imbalance
10495.699622297609,1.955079280042513,-1.6618904194886388,10.517556154634857,imbalance
10500.721910532668,-2.7804830795740605,-1.7844768738318346,9.04343734914879,imbalance
10505.724397302916,-0.9940714135207596,2.2318644984503337,9.037709845297671,imbalance
10510.73801319418,1.349275211286884,1.5198238742706385,10.23426352357222,imbalance
10515.672074003269,2.6205382938145543,-0.9075314192920249,10.236915657068138,imbalance
10520.55238934737,-1.892306958517184,-2.5547809882685906,9.261662446394483,imbalance
10525.52251860317,-1.8571592130010195,1.9231120391561285,8.970760137963234,imbalance
10530.4810724193,1.0189945149652584,1.640711547261915,9.899319830032494,imbalance
10535.427598095224,2.3507661440363656,-0.2858849467613402,10.66215592182743,imbalance
10540.47533684724,-0.8557491287213701,-2.949837545985478,9.74845080553786,imbalance
10545.413780972744,-2.466144419031606,1.508976569711889,8.935857801378017,imbalance
10550.476599426256,0.9018584689322188,1.4812390366855002,10.449193477937518,imbalance
10555.540292901254,2.3080289489714856,0.1677312714250433,11.078515811816514,imbalance
10560.558084382204,-0.2330379378530638,-3.121840445074534,9.94962160432139,imbalance
10565.5523378832,-2.7105643153721566,0.7917813311782688,8.610323042979264,imbalance
10570.538311434926,0.4797404381446795,1.9596926817406093,9.726244445262328,imbalance
10575.532973685473,1.7787517976499476,0.5960479490950286,10.700497509683258,imbalance
10580.490811995607,1.0403487608328874,-2.7510541559911466,9.992729238347788,imbalance
10585.500920923609,-3.247927844280988,-0.2142605363337804,8.647397673328026,imbalance
10590.549310975795,-0.2114717141540479,2.444633136434059,9.496773352679387,imbalance
10595.602352778866,1.830446297441556,0.7041694329133599,10.696678889411764,imbalance
10600.57102042421,1.610270499571275,-2.253257540345505,10.702692160050203,imbalance
10605.609161274298,-2.7741551089207768,-1.5167905348379724,9.068029905838202,imbalance
10610.549677929092,-0.8098733046823561,2.1034663473417843,9.479186046874068,imbalance
10615.50121738377,1.4837518163159251,1.2446332347574285,10.520813403547663,imbalance
10620.47917129196,2.177142159836222,-1.5473901011286717,10.49897954788645,imbalance
10625.495096408322,-2.466436481823447,-2.3103543454670774,9.02680198736336,imbalance
10630.369782860877,-1.147527825683948,2.1536915119581748,9.194120139843813,imbalance
10635.42861282542,0.8121743123317997,1.0940895851804675,10.24701362365546,imbalance
10640.496530445478,2.310041063479496,-1.1459239085122186,10.568433738138712,imbalance
10645.466349530028,-1.520703216495532,-2.7857034367134323,9.640578012259049,imbalance
10650.51032653274,-2.1458570709934386,1.7366364900777889,9.104482251607626,imbalance
10655.485663345336,1.1695884355701245,1.4920817091810468,10.450527438392095,imbalance
10660.486323596915,1.9449624729670936,-0.3899536387461872,10.46096165236651,imbalance
10665.51096346252,-0.4702286035796044,-3.0165908601218168,9.537000875448514,imbalance
10670.538494471604,-2.710407824591548,1.5813653823699472,8.971849678878762,imbalance
10675.497189304737,0.992211951419634,1.7943699556312134,10.180669664194394,imbalance
10680.529725921371,2.1816712770719207,0.351080374897769,10.470937228342535,imbalance
10685.568484299982,0.0825430017398842,-3.2293361789072508,10.002601969640947,imbalance
10690.65430940466,-2.887474676959639,0.4453625182022754,9.077443937933111,imbalance
10695.67259927829,0.1325819001389468,2.067313542348271,9.627993559191673,imbalance
10700.69705131448,2.292864365448574,0.8925787684977471,10.338357571967627,imbalance
10705.70799029357,0.7169449101806398,-2.703634494936979,9.473759400078537,imbalance
10710.744212016887,-2.7627944859784206,0.4113172083179925,8.741918709909761,imbalance
10715.60948665001,0.0847583920224674,2.0975351710635386,9.686456736246082,imbalance
10720.551055290143,1.5660939713580608,1.0296734493047504,10.862833109687797,imbalance
10725.522772323551,2.183660183180691,-2.074433043619443,10.443117113049306,imbalance
10730.55584237274,-3.4163480185195683,-1.223433637771023,9.041988458049468,imbalance
10735.52821907587,-0.8397625297082173,2.1486896674991094,9.737614219777711,imbalance
10740.534163279,1.678957825440547,1.240099801090214,10.45040037482462,imbalance
10745.507374480963,2.543666955410061,-1.6430919386377334,10.36446560776847,imbalance
10750.459086427203,-2.478574839633503,-1.898415860543268,9.40438372535815,imbalance
10755.437746032629,-1.1939879183566973,2.2693057209474974,9.247142374238289,imbalance
10760.387537935429,1.51339446170594,1.5283301645599892,10.640892829143509,imbalance
10765.398328758412,2.555356056564303,-0.7707397089178819,10.355228582246651,imbalance
10770.387839915276,-1.5850356527694387,-2.957729639511524,9.470188849321756,imbalance
10775.361667156929,-2.081656476908204,1.909454336911776,9.202022304921908,imbalance
10780.434831542436,0.9926835155425598,1.7251019537914207,10.216328287683687,imbalance
10785.428352957852,2.551901958814347,-0.1057334781139723,11.14346273245466,imbalance
10790.446994264888,-0.5729276843299331,-3.5261439162302715,9.75107520222742,imbalance
10795.490765387438,-2.369541508015364,1.106233714117817,9.127160486630316,imbalance
10800.449414819686,0.4107490297422483,1.8028759107441124,10.17885559682654,imbalance
10805.53265561127,2.385854730624006,0.1521173085915286,10.624533986170286,imbalance
10810.522126276055,0.1393232096736897,-3.071439611551572,9.897361790767013,imbalance
10815.4419923686,-3.049307239899808,0.7088467699853517,8.791222902327352,imbalance
10820.459602192288,0.4922015831249788,2.328303127126944,9.752781231460643,imbalance
10825.459024143196,1.80808920255729,0.6633668097608066,10.69152516851079,imbalance
10830.48216284568,0.7406313435457506,-2.7229904038839985,10.045949943898272,imbalance
10835.441476592548,-2.770984259564675,-0.2361683821175903,8.93217592896631,imbalance
10840.447321720583,0.184884463770898,2.2542339126236146,9.62757530293199,imbalance
10845.490446876189,1.4007312733472914,1.2339998595386483,10.97731151490192,imbalance
10850.489070199685,1.7326859440916769,-2.390760040601804,10.26740625976694,imbalance
10855.511487999507,-2.98700171962622,-0.624632059348427,9.185446159272416,imbalance
10860.429027059174,-0.4803968393842791,1.9829739843063643,9.473958878297882,imbalance
10865.520286422809,1.5436239812055077,1.266850797797907,10.595218560480587,imbalance
10870.450452754994,2.319139120746173,-1.3125158553532057,10.287415887387352,imbalance
10875.397161788713,-2.7320312814765417,-2.089345158720416,9.368148427465831,imbalance
10880.453074407567,-1.2292410438551884,2.155991702946689,9.20116104560065,imbalance
10885.47553816566,1.2830278034504854,1.059671015510848,10.640551426335628,imbalance
10890.562135082111,2.202717326250354,-1.3518695818912354,10.914138730325028,imbalance
10895.51567943467,-1.815000175453672,-2.594485513466441,9.489119553248628,imbalance
10900.471688123353,-1.9574031767387965,1.9631841745424872,8.981779059013295,imbalance
10905.41558188804,1.215277603196687,1.764486851481963,10.41433231244767,imbalance
10910.432840732452,2.4949850024105498,-0.0287770488444361,10.705862938998884,imbalance
10915.332889285944,-0.5950767928358621,-3.0858391404839747,9.752956837678688,imbalance
10920.307599943168,-2.591611219062888,1.2585175748374204,8.819100520549734,imbalance
10925.230570013866,0.3137651889541571,1.8521579584017651,9.924474377273317,imbalance
10930.17772382263,2.21088043149834,0.1976962077287816,10.97104836241333,imbalance
10935.15248824012,0.3249655141797172,-2.88043154784231,9.885242161921465,imbalance
10940.16158487432,-2.9589034391990965,0.0945724206566621,8.849830575688202,imbalance
10945.221353427223,0.3556448388913115,2.2451099329892306,9.63838335775593,imbalance
10950.210873355578,1.8714277595948368,0.7758145835828004,10.663249263084936,imbalance
10955.150076692877,1.5328652896259378,-2.736779543657308,10.363040764363037,imbalance
10960.174603991118,-2.856019708485337,-0.2107664390132243,9.192423578141335,imbalance
10965.17604799119,-0.0851461279304015,2.4056041713030454,9.34540970999559,imbalance
10970.123748225307,1.460385807605721,1.252579914639706,10.80915550420138,imbalance
10975.145912464355,1.9124581636147653,-1.722750858063038,10.345848720600918,imbalance
10980.128792057534,-2.616808571896408,-1.7039652799427776,9.294473967759023,imbalance
10985.172945905786,-0.8236038285885805,2.3587027324982146,9.434950443303707,imbalance
10990.20941956024,1.3959418806056187,1.5541631596313004,10.346747499908622,imbalance
10995.199909172705,2.32875238090699,-1.0757055552179366,10.555328044538228,imbalance
11000.19144804591,-2.4313713498113443,-2.221632812881588,9.305239601308871,imbalance
11005.250150887536,-1.1412621510394467,1.926190728456529,9.08236514897466,imbalance
11010.284709388236,0.982889806850722,1.4759671731969988,10.28980409756682,imbalance
11015.34363336158,2.464849347360365,-0.5670140753603575,10.656836418938964,imbalance
11020.384038184478,-1.5030685629973326,-2.654124617305623,9.140115805056714,imbalance
11025.469088808724,-2.373180871048317,1.670104476828682,9.268123048057166,imbalance
11030.385646446262,0.6304685003139852,1.830041174022687,10.453151079093123,imbalance
11035.31909018778,2.5841371484465694,0.1322388067750757,10.749430001895108,imbalance
11040.312052616311,-0.2912213990786998,-3.220838714144236,9.510264431703773,imbalance
11045.321686061558,-2.7897177380355536,1.1502876980218784,8.887109954167386,imbalance
11050.27644578697,0.6670306948813477,2.0633218685612498,9.701000786448692,imbalance
11055.240744471235,2.06377476356632,0.657161435098292,10.805451684289189,imbalance
11060.207861105308,0.33118037174689,-2.903988645647787,9.740032226628204,imbalance
11065.325536326718,-3.2510347926918954,0.5231627700979047,9.05795725152582,imbalance
11070.308827514942,0.385469441186985,1.7690082458166445,9.5655035558468,imbalance
11075.357273997868,1.64204650381688,0.5196698841689218,10.509064162302275,imbalance
11080.303363558753,1.1544386704643963,-2.7834868473804595,10.013133465842598,imbalance
11085.223886238722,-3.221898448618716,-0.3592531600542077,8.53301392411739,imbalance
11090.220137457964,-0.5111033856948457,2.3419130760365245,9.2988650428128,imbalance
11095.288002961734,1.7038837773506252,0.8595942813701596,10.5468775595379,imbalance
11100.271837985065,1.726072047285234,-1.9725782931194615,10.374475710083658,imbalance
11105.23300385058,-2.737231028134075,-1.7460714212135862,8.957339316825474,imbalance
11110.134443554312,-1.074441965927711,2.146535692014709,9.189457957556296,imbalance
11115.111128907482,1.438082267997481,1.1341371679818697,10.756554390582174,imbalance
11120.241505618427,2.5387148421107613,-1.3027958821089776,10.020300906458337,imbalance
11125.23756073882,-2.0256101305358487,-2.6419598584921737,9.153988937472164,imbalance
11130.310367444004,-1.139737608709213,1.9774877220375584,8.969545233626784,imbalance
11135.270494216544,1.2039197390002832,1.5132221437764122,10.11740691856513,imbalance
11140.28606300077,2.5001382269203267,-0.8783909489944988,10.37070666729022,imbalance
11145.213896156232,-1.0166678183758897,-3.1531591780133743,9.54400478226695,imbalance
11150.250159349953,-1.769697608369906,2.12052417714454,9.231832433758775,imbalance
11155.32056342584,0.7367393560479133,1.183315539021447,10.160568292991586,imbalance
11160.29495635164,2.4891309248452145,-0.1575670652190067,10.877210560886434,imbalance
11165.32308736942,-0.1949448884353661,-2.861790377397913,9.350490576466356,imbalance
11170.27652199978,-2.6536290326226863,1.0450756269760253,9.110709605839224,imbalance
11175.180006271696,0.2930624420930138,2.004490574065032,9.877720399145025,imbalance
11180.120959974382,2.029262315062983,0.8003340144341509,10.783372848585564,imbalance
11185.169221992215,0.6399486344665399,-3.002802734796097,9.677697823306785,imbalance
11190.1935642302,-3.0402140826531454,0.4289980002149962,8.72866716554592,imbalance
11195.133630066191,0.4474588554670794,1.911565279176328,9.434424880992996,imbalance
11200.11305551227,1.72511823109619,0.7962298870639817,10.84748121594212,imbalance
11205.163407660197,1.3712616153626758,-2.866254916470585,10.108026442894,imbalance
11210.166554856703,-3.2260296692043404,-0.8502305504477627,8.74721985322965,imbalance
11215.143076677812,-0.1069351337184272,1.932717391352192,9.444590108094658,imbalance
11220.129991724183,1.8293062023461544,1.4711077979063083,10.537791805546176,imbalance
11225.086073230035,1.9758470191298556,-1.853279451883703,10.593082297981292,imbalance
11230.139825943956,-2.6940911536667485,-1.7314008907531295,9.1036842184458,imbalance
11235.087889024064,-0.6179603049529766,2.1982723828723936,9.126612452704618,imbalance
11240.105612331005,1.5893021905007587,1.5356580410091598,10.22419467994526,imbalance
11245.11890904983,2.40165029565998,-1.4426522460200684,10.368063079959615,imbalance
11250.12401291376,-2.0799960760632024,-2.4713559166387165,9.241244684961902,imbalance
11255.159495538688,-1.3872777351683367,2.14159205882433,8.98438808713635,imbalance
11260.155497182912,1.2174911038268637,0.8724469378002428,10.231174984230798,imbalance
11265.10590108306,2.161788595474577,-0.947181050179024,10.606644328950768,imbalance
11270.098296711874,-1.2451538011828114,-2.5037199097346927,9.515017325557665,imbalance
11275.145304713897,-1.8461455224789391,1.603955063495477,9.13090480770794,imbalance
11280.115133511868,0.3542413216420585,1.4754966583511824,9.958901718869765,imbalance
11285.031370488305,2.1834687154550974,-0.0676335550285237,10.407000128919227,imbalance
11290.016204126816,-0.1458446902695229,-3.439769383340371,9.386006377494851,imbalance
11295.01196454338,-2.813033823455416,1.2566733969182649,8.804506117099214,imbalance
11300.101726507955,0.6514644182768397,1.976331067447323,9.4129107915516,imbalance
11305.046401353033,2.3484343353669246,0.4238073065386724,10.897181927616746,imbalance
11310.045970588855,0.9355273902219692,-2.9609009032172726,9.917173818078574,imbalance
11315.04709852851,-3.0662448885991265,0.3569765322043202,9.325408662271224,imbalance
11320.099480783494,0.4638237286769082,1.915309244469254,9.605197307974745,imbalance
11325.07315916806,1.998060648951419,0.5525067315579424,10.829255803003628,imbalance
11330.137968313544,1.259056739221321,-2.7900448398337527,10.048379379546326,imbalance
11335.067248143356,-3.027327429506868,-1.0627851011624745,9.398399427883028,imbalance
11340.04651269737,-0.443171521129595,2.030227696891353,9.577179326247284,imbalance
11345.026988134745,1.4714245320824515,0.95423538587324,10.467844019196008,imbalance
11350.056346667085,2.032676169305544,-1.8310005235383893,10.361683864830647,imbalance
11355.005403886056,-2.8946046981939038,-1.54525581753036,9.038982957728656,imbalance
11360.065539502451,-1.1267558535126865,2.375223709444469,9.218331005399746,imbalance
11364.986941121731,0.7947124340864145,1.364250581483479,10.595515701558464,imbalance
11370.05275148865,2.1193233980850765,-1.2919037076083888,10.548774048509602,imbalance
11374.986866305197,-1.856600911599923,-2.0358612440603854,8.792957170911478,imbalance
11379.990624147838,-1.5406752757436055,1.7662316900658197,9.14083485374064,imbalance
11385.01969263356,1.1317406692328986,1.2968020514870788,10.394760810087174,imbalance
11390.065539954812,2.5050827702849783,-0.4801632457291731,10.502069077050743,imbalance
11395.046320678051,-0.981179185637647,-3.0104937439185457,9.121786606257468,imbalance
11400.06391457706,-2.339937734114504,1.589229318878021,8.867486364559028,imbalance
11405.042432337616,0.951709875517566,1.721344330393346,10.42649796462998,imbalance
11410.05802653134,2.001181277019925,-0.0283713217067016,10.719633453874737,imbalance
11415.021243845897,-0.2608811181058639,-3.1402779631394484,9.546507996190746,imbalance
11420.015814821962,-2.644224579849544,0.9214404981373766,9.163272487180487,imbalance
11425.071091598678,0.8613034017257251,1.8534198016772856,10.342078329811397,imbalance
11430.102786729114,2.4376618756204573,0.4424198701678155,10.60027675650684,imbalance
11435.019473040287,0.8689863678632543,-2.492692626834354,9.806758948471986,imbalance
11440.011580867307,-3.469439393544577,0.2121137542594152,9.290841310418369,imbalance
11445.04243988137,0.1381133338904185,2.133591949980468,9.655507315943536,imbalance
11450.079000795657,1.9983523469942588,0.8152499720854268,10.484789067341262,imbalance
11455.152268620466,1.4522364142932294,-2.8396464661852794,10.095760430642043,imbalance
11460.16974682413,-2.9413380925985115,-0.7540676818632341,9.082612471330336,imbalance
11465.179830730303,-0.0935437954774181,2.425238649125522,9.459131573978077,imbalance
11470.19693359849,1.8287813761960647,1.3344552300583254,10.730243469747592,imbalance
11475.21317887214,1.216494039797949,-2.068547811863394,10.440941246556005,imbalance
11480.239100239787,-3.12635824377532,-1.3753008010473415,8.579366297427244,imbalance
11485.229659488925,-0.8899139823518747,2.28228259089988,9.31335327517492,imbalance
11490.282631515836,1.5038472715022673,0.9990823965148848,10.38594506385251,imbalance
11495.32300507416,2.472183641642864,-1.1741028530670934,10.518431410436326,imbalance
11500.368890639456,-2.3626139789391094,-2.204403896956417,9.088113688926748,imbalance
11505.308819088816,-1.6134622820064948,2.3200026436623857,8.885319853673483,imbalance
11510.29000015354,0.755469595762605,0.9753814270841584,10.291744365782398,imbalance
11515.273132651182,2.448026810123565,-0.5621853460647404,10.699585403524791,imbalance
11520.232912917774,-1.321923352218655,-2.5213706024736027,9.4859329801289,imbalance
11525.222227129903,-1.8968895463372943,1.8073458047875293,8.978974262116502,imbalance
11530.207069791792,0.713522223355585,1.4999090018342047,10.02982232354323,imbalance
11535.1773078079,2.141948031640165,-0.4994358674968279,10.470119490737735,imbalance
11540.178998532849,-0.4661321720546957,-2.888653399102908,9.436420066294453,imbalance
11545.21101518123,-2.492456612665217,1.007445024689792,8.820657878313556,imbalance
11550.223373665402,0.8577596185764074,2.036560504793007,9.543662050060844,imbalance
11555.278320520449,2.062801403389148,0.6404439127110562,11.038736688072497,imbalance
11560.320155331969,0.6687128679001009,-3.3506954770536908,9.855638745895,imbalance
11565.3501656669,-3.0142954784585165,0.5706225594120591,8.886775057495,imbalance
11570.422257918472,-0.1465174063593759,2.273240711628978,9.800061364198774,imbalance
11575.479659975224,2.015419093316968,0.802304907101563,10.413443773485788,imbalance
11580.472463446786,0.8741343925269182,-2.8946265788132592,9.905160629879685,imbalance
11585.56713978922,-2.85100691688587,-0.0123621256672465,8.963111612725035,imbalance
11590.623066222412,-0.1919386604537301,2.2969849599633902,9.478056734973606,imbalance
11595.69758213433,1.6339708206573986,0.8920525094399893,10.732166730084344,imbalance
11600.708224235526,1.3982832516716557,-2.404543214398785,10.174501007554968,imbalance
11605.60948073569,-2.824639167559872,-0.8442298458147584,8.98210367826854,imbalance
11610.665635118028,-0.3189978419318703,2.589467448185302,9.322531831917903,imbalance
11615.692871144276,1.6402520597145769,1.1908957324592664,10.526983089717236,imbalance
11620.638503138236,2.1185259126207643,-1.9548727127815115,10.35517583286434,imbalance
11625.640488833378,-2.779018462599112,-2.020991331828236,9.342137698478176,imbalance
11630.6776447641,-1.4060955535887736,2.2840278946169272,8.987320041177163,imbalance
11635.63841103388,0.8821853804417343,1.4743471164596371,10.21638172523021,imbalance
11640.68338552653,2.709098648014299,-0.9840935289209278,10.461477085654815,imbalance
11645.714663675675,-2.1145637443359835,-2.3540241815846,9.024319277914431,imbalance
11650.756598904643,-1.9528439399550304,1.6860802841356457,9.098889856695315,imbalance
11655.793027678374,1.0071751212000892,1.2024087815725193,10.130266926357413,imbalance
11660.805275404367,2.4206626422017847,-0.4192412921541281,10.677831378281796,imbalance
11665.850822212682,-1.3974199761348638,-3.2907264747340217,9.40874760482106,imbalance
11670.806228804142,-2.045348529247134,1.758000940049946,8.864178150192242,imbalance
11675.82096217795,0.720663864567598,1.94516426994191,10.02538594733661,imbalance
11680.755808886865,2.188582762785145,-0.0785684111513484,10.626783705368586,imbalance
11685.74717268886,-0.1057241719183592,-3.263347574701718,9.942988857402572,imbalance
11690.775670728734,-2.9756067276393856,0.835224409266603,9.145491022922725,imbalance
11695.792392281692,0.7240692305053004,1.8895456049774304,9.889429766636274,imbalance
11700.830102700693,2.036048470385268,0.5435024668819809,10.55465954113382,imbalance
11705.773929489314,0.4186003054151585,-2.809994921420443,9.730357400273837,imbalance
11710.74458950895,-3.0164036392760507,0.3682582382519784,8.890434325650906,imbalance
11715.70475183327,-0.2612224351603709,2.2039590912024347,9.778855739421765,imbalance
11720.748655005978,1.5469070436819807,0.7245572332803593,10.622227269314456,imbalance
11725.741823356417,1.6837688518209577,-2.721499288875288,10.225921741362969,imbalance
11730.745528085552,-2.8001615266240445,-0.7999272043117929,9.093898571807038,imbalance
11735.804981722878,-0.3084459801324172,2.3224525428317717,9.247438734505312,imbalance
11740.729939678871,1.254293169750494,1.0903057736168102,10.737030501600657,imbalance
11745.786119977469,1.98172736015972,-1.5803339573258783,10.11904978112268,imbalance
11750.744427685731,-2.7377721229539507,-1.7542157069729398,8.984717182428158,imbalance
11755.710403926403,-1.2169450896917686,2.352939121741741,8.942727744012076,imbalance
11760.753868210106,1.3520106808515664,1.3204222652504352,10.346349008393446,imbalance
11765.699187052436,2.355771329973187,-1.017085957573198,10.43512478788929,imbalance
11770.736498978642,-2.0426153787747063,-2.1192374288333533,9.304244708175256,imbalance
11775.74350610116,-1.7801770000726551,2.100875660060505,9.085998929866347,imbalance
11780.763481200464,1.2659750667658871,1.730816508644073,9.839161604130684,imbalance
11785.68194637151,2.75954178879803,-0.4743500690984883,10.425940479335123,imbalance
11790.57473388396,-0.8993954400046362,-3.379452518602177,9.516548559436234,imbalance
11795.47292387884,-2.48615302231698,1.064595046495418,9.247677570979056,imbalance
11800.57065848993,0.6803417614049385,1.8350573517955333,9.910052973594786,imbalance
11805.594315844455,2.1369931806597795,0.1780357858173597,10.870204214205067,imbalance
11810.659370104631,0.0694317663294167,-3.016968312126984,9.887063391768615,imbalance
11815.695364024166,-2.717096908795938,0.7642825897410789,9.392452110212105,imbalance
11820.753169053656,0.1621502957824308,1.8146824057344144,9.747394040114967,imbalance
11825.7962187752,1.9571220818122976,0.6848022943266057,10.434924867686934,imbalance
11830.764569255249,0.4661909381648214,-2.6395643403903586,9.851928310979655,imbalance
11835.804235222658,-3.2633975126163395,-0.0057154549435731,9.121483123367012,imbalance
11840.713139093166,-0.2686475099267733,1.860823896043712,9.988075990925031,imbalance
11845.712475660186,1.8770144594700824,0.9096330527208092,10.66438068053011,imbalance
11850.66617531191,1.5218125589339744,-2.6745746066858724,10.197236950221948,imbalance
11855.61705814368,-3.1559161203664763,-0.7380942715066755,9.117991127127755,imbalance
11860.60194315802,-0.6915572857183071,2.173249685195649,9.409771012562292,imbalance
11865.625085234187,1.4678334263234385,1.2445966935100254,10.478769683392958,imbalance
11870.757528992905,2.288977803898348,-1.8620273728943035,10.65152218526985,imbalance
11875.806843401191,-2.507506423220272,-1.407281228416301,8.863327365295047,imbalance
11880.736654113309,-1.0271919074636264,2.2196869263630346,9.21268675692634,imbalance
11885.693742373727,1.0825843886227229,1.337375969761844,10.484104918092283,imbalance
11890.719636640824,1.997877499758925,-1.6839462696313705,10.3788402788211,imbalance
11895.690650982264,-1.623951775793233,-2.8837546269737704,9.472408971984889,imbalance
11900.67758098423,-2.0538456955874165,2.456870054700071,9.02102784907393,imbalance
11905.63968040034,0.9864466063346716,1.3858763864430943,10.038758007896766,imbalance
11910.509387098611,2.2906396449463227,-0.4045467733559657,10.749172293439589,imbalance
11915.603729105304,-0.593385709507757,-2.9586685117500497,9.741296869036702,imbalance
11920.646690689602,-2.5338795063967745,1.388376217943855,9.013635231737782,imbalance
11925.675619387275,0.9902395406510364,1.5916582486669977,10.355735883606696,imbalance
11930.754696450893,2.0228784350191638,0.2771137199751697,10.899141192287924,imbalance
11935.691948843729,0.1112017161767922,-3.2391284434471577,9.775404229305494,imbalance
11940.604200472097,-2.8936114835119646,0.4190779838600851,8.799848871910633,imbalance
11945.608475080264,-0.0468511046882413,2.173017847566031,9.600515889356288,imbalance
11950.548346467172,1.5297406702168803,0.8361163571640656,10.3754005340241,imbalance
11955.621442669168,0.8602023196076608,-2.4529057101247718,10.079504921085956,imbalance
11960.6029112308,-3.0327523140164296,0.0598508597023708,8.875691368978062,imbalance
11965.58635488995,0.0891733102437108,1.888016794757788,9.61427031237294,imbalance
11970.624783887068,2.022244018973466,0.8625610187151592,10.54175211958169,imbalance
11975.620258003784,1.9199274021701755,-2.08481269524973,9.769903606749985,imbalance
11980.598250053834,-2.982811365702009,-0.9990527583041084,8.48091035609185,imbalance
11985.54205531402,-0.6294966246436443,2.337841253104384,9.448558996150073,imbalance
11990.408219603762,1.136267513946282,1.2243040869973258,10.509836624669065,imbalance
11995.359908239758,2.224666789785962,-1.6724217471108858,10.109899325711526,imbalance
12000.328100706864,-2.3557387566239254,-2.1628021471450856,8.973054145129323,imbalance
12005.329546491876,-1.6629581062516103,1.666559210481782,8.755666136953261,imbalance
12010.286199921786,1.0937804697134934,1.3766715679682768,10.717805205499667,imbalance
12015.34738470604,2.402272465159622,-0.4885845075593527,10.046692958775424,imbalance
12020.331957655524,-1.1947721261150608,-2.8371617761923367,9.267026054698327,imbalance
12025.31896690986,-1.884351944593376,2.026072102043184,9.115305548907472,imbalance
12030.363625373868,0.5146050002318476,1.3784857036318858,9.998204054376384,imbalance
12035.339413704984,2.2543861848184115,-0.5936623351900271,10.517412632995534,imbalance
12040.41166571172,-0.8262471546485831,-2.452577108068909,9.423119573034834,imbalance
12045.379921524242,-2.1754939493423846,1.1897816174729192,8.83070885042898,imbalance
12050.392820134608,0.9799136236673998,2.3116483267344874,9.917836815276068,imbalance
12055.383991542216,2.323793721926073,0.431274616095896,10.433165566470038,imbalance
12060.340124457458,0.5174754912179584,-2.9632019068264817,9.78111946315134,imbalance
12065.272961542609,-2.9612136838852026,0.2633584938471233,9.02476144250198,imbalance
12070.32944151192,0.5652464351347715,1.792266724125576,9.333184415253188,imbalance
12075.418058481497,1.8943558337105328,0.1780437709231447,10.655763317391882,imbalance
12080.46562674538,1.4045912313408324,-2.916826294640881,9.920504171256509,imbalance
12085.527948021763,-2.977870089841572,-0.0867848357056706,9.264009067459453,imbalance
12090.56510498124,0.0710827963730911,2.525821112939713,9.914482616348948,imbalance
12095.57817112823,1.622314087954648,1.124167514108872,11.053485141427302,imbalance
12100.610421575531,1.8183460759281591,-2.4113950813734064,10.254375668906611,imbalance
12105.637620860602,-2.9412495933692355,-0.8941053805146183,9.03115588029579,imbalance
12110.587673240074,-0.298263345338481,2.491806504502724,9.097415090470442,imbalance
12115.606416584227,1.5919897838653754,1.101620545086278,10.230248420402992,imbalance
12120.555604652604,2.31077804852056,-1.6481678090099594,10.034329427655551,imbalance
12125.464144772124,-2.734857167038542,-2.126494868026043,9.39167522176816,imbalance
12130.473109134333,-1.4876714183591004,1.959224323951358,9.04811071503192,imbalance
12135.417537897049,1.0996111295277111,1.475619760791204,10.393915033164854,imbalance
12140.401234451385,2.476439709189436,-0.7936574440630765,10.67210478191959,imbalance
12145.438996557865,-1.5094860413976765,-2.870587088804344,9.28981201807552,imbalance
12150.4156200199,-1.962989267417084,1.8495430960195345,8.937630313541288,imbalance
12155.478782029157,0.7830239025355354,1.5865568964624577,10.614711891975842,imbalance
12160.4852921447,2.57688076042949,-0.119603603049452,10.684431467833818,imbalance
12165.526105324529,-0.785631131283188,-2.9832006818383285,9.630853865176276,imbalance
12170.47736764646,-2.3295353257770524,1.3650898491152166,8.839327631828782,imbalance
12175.421237046045,0.6201496928837744,1.666278888973691,9.78117831718422,imbalance
12180.42296625087,2.438927487303067,0.408392122129532,10.694545738957055,imbalance
12185.44683342732,0.2011650757289241,-3.298520571926283,9.509356017185194,imbalance
12190.46918935434,-2.841569643155896,0.6863257215361066,9.166044826660876,imbalance
12195.39645302276,0.5040574342440878,1.6940386852662273,9.264459530711605,imbalance
12200.46350376925,2.24356040320893,1.1024296099064097,10.803469359835365,imbalance
12205.47677803844,1.238339659342528,-2.60316396284324,9.931675810590429,imbalance
12210.477547834907,-3.2973166213493648,-0.3296818555332897,8.653809207530987,imbalance
12215.481755566556,0.1191901917205908,2.0808635671588904,9.410258035026892,imbalance
12220.501573499285,1.709334848182487,1.0181277708990657,10.39848680756318,imbalance
12225.537733164592,1.8891108162271288,-2.385407254361112,10.1030400303512,imbalance
12230.53774705366,-2.880548598151601,-1.2296967485370005,8.95198731188649,imbalance
12235.425546507526,-0.6629351381590477,2.631416629711662,9.264459564658369,imbalance
12240.455329980156,1.316721818467907,1.514286512925002,10.387360410827188,imbalance
12245.390698325657,2.0344867988131776,-1.3383226089291935,10.649564998982562,imbalance
12250.400065086182,-2.493456317221521,-2.1564258568174903,9.077416022484853,imbalance
12255.42267421631,-1.307182698990521,2.087165397568932,8.928425376763881,imbalance
12260.414187285014,1.2339291109541688,1.3323556382495831,10.534964325220516,imbalance
12265.400154208368,2.6961272429264453,-0.857905887384305,10.662023042021993,imbalance
12270.390708620347,-1.4519009461739478,-2.810304774101484,9.276676990573533,imbalance
12275.348496412877,-1.9537762614794,1.9195760256601424,8.997941244203119,imbalance
12280.267582238575,0.6430594724450134,1.9305234387205876,10.339201547047375,imbalance
12285.291833567406,2.053422746105154,-0.3244520631689437,10.930464720194117,imbalance
12290.241841058983,-0.201742811942078,-3.3063126471024504,9.499590080735167,imbalance
12295.259387505675,-2.4999970476877955,1.287131791941391,9.012462809147086,imbalance
12300.251290672357,0.5876016835996648,1.9925671525673645,10.256059818023092,imbalance
12305.280482163089,1.9558536866619705,0.214386241360342,10.56308749948658,imbalance
12310.190009533137,0.5041859891298563,-3.2354235712575448,9.861339100198698,imbalance
12315.061200981205,-3.0064548260136945,0.0434487584701394,8.96722042426632,imbalance
12319.958536538064,0.3412708656645564,2.2018071770986394,9.640577202020935,imbalance
12324.932502889702,1.6694180082057175,1.1948958434323038,10.81279655015179,imbalance
12329.932154865097,1.3780584604756907,-2.634952281270701,10.220739788282096,imbalance
12334.877305690654,-3.010748398523746,-0.8539718353216776,9.126759607572549,imbalance
12339.796591137643,-0.5438479926431214,2.305729113471505,9.358879134504782,imbalance
12344.781446021896,1.3180803055243584,1.1189675993354071,10.799226068030409,imbalance
12349.738092373196,2.044625064842451,-1.750293599647621,10.585973333322473,imbalance
12354.665884919246,-1.7820775096777155,-2.0880108701272686,9.110335392402646,imbalance
12359.662103637287,-1.4390180987458772,2.14421405142247,9.318247651501764,imbalance
12364.64285320932,0.9543436692518932,1.5310478930612377,10.278271630390371,imbalance
12369.644212082516,2.457784023408005,-0.9840214673827278,10.51996350186436,imbalance
12374.6149567841,-1.69076919522063,-2.930726004518725,9.48840452338234,imbalance
12379.650166909918,-1.9520273254126497,1.999379414817715,9.240792927320255,imbalance
12384.626480903347,1.0706940966000695,1.7189707447756146,10.198769217604433,imbalance
12389.63338048496,2.522451666017034,-0.3485399375294907,10.743700349846783,imbalance
12394.597753534706,-0.908001570627374,-2.7346345863556203,9.608663388145995,imbalance
12399.659927410748,-2.857528311398595,1.4907687128238156,8.716680195131016,imbalance
12404.689007573132,0.604768257622422,1.8637820629425677,10.06874673724922,imbalance
12409.699884994016,2.378299465897737,-0.0899913107393793,10.676570425782202,imbalance
12414.719925746987,-0.0172362529207341,-2.921851166621812,9.655035600235278,imbalance
12419.697664902898,-2.667559798416919,0.6281153320686447,8.869877772323955,imbalance
12424.630766142383,0.3070295019076763,2.1104530853469887,9.550254466912389,imbalance
12429.613533174415,1.996492625547166,0.8148368436394545,10.80331526914068,imbalance
12434.561579228564,0.9311105786992904,-2.5191879319459614,9.700653504191656,imbalance
12439.499678852677,-3.2149285702338,-0.2818750666641103,9.222735563540216,imbalance
12444.538824839485,-0.1660451776301129,1.8633449265744453,9.598764201242323,imbalance
12449.482456936104,1.6740637103061948,1.0699805478872515,10.65231189811882,imbalance
12454.510172903983,1.7296841536554246,-1.9227560023193837,10.059333190031248,imbalance
12459.445418178306,-2.9369241207103016,-1.5782991635868149,9.45361198040439,imbalance
12464.351410814264,-0.6842827049619166,2.0624804377307804,9.20809791787391,imbalance
12469.343214703902,1.385530697546148,1.95370452788897,10.451911082820878,imbalance
12474.387918885051,2.1640249965674694,-1.718016754701907,10.57993749071329,imbalance
12479.362643417577,-2.2194925228791904,-2.237929807957782,8.798887102610902,imbalance
12484.398684250193,-1.500531982321811,1.826383337009885,9.096646200758082,imbalance
12489.359772752436,0.8197710718287496,1.2906236030346572,10.058890964488734,imbalance
12494.324851207157,2.112432150045572,-0.2557206874582339,10.423679916146712,imbalance
12499.385340836165,-1.5550022333116085,-2.925740634500705,9.344479761375997,imbalance
12504.398745395143,-2.21046000125476,1.8020261676398053,8.975122207871177,imbalance
12509.297892800052,0.6651138539839381,1.6521775749440917,9.640935209696414,imbalance
12514.264415779457,2.4133410163268665,-0.1496056364270225,10.648747723473798,imbalance
12519.161344412958,0.0366358556057529,-3.170172559809,9.504010927047032,imbalance
12523.979590916637,-2.7794036605900008,0.8492975467692823,8.964366634131355,imbalance
12529.033393811498,0.7065025088178264,1.8591448890737283,9.538732922998248,imbalance
12534.061084105391,2.2816740520266467,0.4477982348136224,10.472367470392282,imbalance
12539.029812413197,0.4705505392630882,-2.792811680683547,9.955298143062835,imbalance
12544.054198189368,-3.0867780588201783,-0.1139789879859939,8.874051532202733,imbalance
12549.030684814285,-0.1551619504004272,2.54484150926855,9.506058891028664,imbalance
12554.127880795206,1.99324466212692,1.5045470989810332,10.461770078840129,imbalance
12559.165613737336,1.632445212141398,-2.4270793416991445,9.970862650470606,imbalance
12564.172415773435,-2.8916611042413067,-0.4901312326379128,9.27402244568288,imbalance
12569.154524054156,-0.2556524640854635,2.207538872428811,9.722711998173017,imbalance
12574.137010218614,1.364118044374497,1.1198922756877594,11.059839559057783,imbalance
12579.031458595857,2.100902988964884,-1.953392589131514,10.891887486542176,imbalance
12584.09839226902,-1.923750510689892,-1.850615480812334,9.006983792212475,imbalance
12589.097235679994,-1.0598080782245245,2.405106893113223,9.171665862070604,imbalance
12594.027142146631,1.6829167796965787,1.4766783664401049,10.445813850153996,imbalance
12598.987686356411,2.379483263278744,-0.6918072696960725,10.247017101046817,imbalance
12603.952765639502,-1.8705486179599815,-2.275575718598562,9.21608464181768,imbalance
12608.9054894302,-2.101794600266224,2.0096534354809514,8.845033824333457,imbalance
12613.972564393158,0.7658487383381347,1.679989696272317,10.385254204062411,imbalance
12619.017846643528,2.1338883690387878,-0.3388116003201369,10.452340501672255,imbalance
12624.054852571848,-1.0131316987859242,-2.819799325841024,9.388785376387023,imbalance
12629.06405590188,-2.784470761526435,1.384823601208056,9.167417108896718,imbalance
12634.024749098926,0.737766034697264,1.524109691087991,9.95796625545113,imbalance
12639.023231159625,2.4417123115052437,0.2637533361643569,10.683715357449978,imbalance
12644.01011513023,0.0167173878805748,-2.828048654046773,9.999738022231782,imbalance
12648.974264963044,-2.981730497130349,-0.0955093374324393,9.089610096542764,imbalance
12653.90155377611,0.349896901436491,2.1720770882067915,9.479818079969569,imbalance
12658.818716198626,1.8172388076894403,0.4628273866132163,10.576660816028642,imbalance
12663.882204026204,0.7538196122302385,-3.1496522759810706,9.808566459967569,imbalance
12668.840910545068,-2.70717279597381,-0.1774116771890045,8.966727313250274,imbalance
12673.731927247927,0.1096274297120999,1.7342128367999712,9.436224060711837,imbalance
12678.731690549688,1.7654117612428308,1.1681860892424112,10.628273085094794,imbalance
12683.738588524146,1.635413058512078,-2.4726952530980792,10.502372022274216,imbalance
12688.757241480616,-2.858844792849652,-1.1865623510838514,8.856792743977138,imbalance
12693.762421112184,-0.8304570932266655,1.8712696421710369,9.047168042229892,imbalance
12698.813682649608,2.0279210812673094,1.0072669385008048,10.868552225856805,imbalance
12703.83210395562,2.0329615324265475,-1.7785937673150012,10.197509627891357,imbalance
12708.87267856201,-2.877402074488936,-1.9600708573777856,8.801933526269458,imbalance
12713.926707753932,-0.8848698948002762,2.0145783213554145,8.98756012201612,imbalance
12718.916435261071,1.1821935332443514,1.130665268947328,10.503206433009868,imbalance
12723.93859315887,2.5239610177201324,-1.005236763097026,10.550563976150972,imbalance
12728.94573772038,-1.80755389003592,-2.711612962935273,9.277661593864538,imbalance
12734.01275766904,-1.4961136848518302,2.118035346559799,9.238495331976326,imbalance
12739.012177883218,1.1961646957501495,1.3737066943469771,10.35109065809616,imbalance
12744.02875435795,2.642530488031588,-0.4872221678345577,10.420571278628364,imbalance
12749.023998611896,-0.4858466190035043,-3.216073786490129,9.346682241601512,imbalance
12754.035804956957,-2.4995400537773182,1.5972377977550358,8.940930565724564,imbalance
12759.10060848401,0.8617189870929146,1.6433815592330767,10.025829175963514,imbalance
12764.10863395961,2.052010466587477,-0.0455961949729071,10.362194978188738,imbalance
12769.126666706195,-0.3403838626381133,-3.0300536998839345,10.15100167140424,imbalance
12774.101101126897,-2.6511367135408093,1.049294400221395,8.615445749899994,imbalance
12779.203674840135,0.700218175899631,2.229088828539077,10.02458185411165,imbalance
12784.21297135309,1.80972240056113,0.417721477309729,10.79535975811114,imbalance
12789.281124160432,0.5769678081752706,-3.0504734227325967,9.752984026780108,imbalance
12794.321498964457,-3.2169436480352718,0.3513006136674686,8.977083735500159,imbalance
12799.30516944534,-0.1163155682905563,2.5178723312934315,9.3184095926963,imbalance
12804.26876065872,1.786713074933601,0.994789260601206,10.747817365678284,imbalance
12809.309223478218,1.2350858010219357,-2.7562627846957475,10.210594304188955,imbalance
12814.315885083164,-3.014055353232041,-0.6127027401439569,9.082020762650355,imbalance
12819.358530950372,-0.1225208598512401,2.1692299983196337,9.382961966823707,imbalance
12824.466161063994,1.9363697121767929,1.1006053552242936,10.690091670827853,imbalance
12829.419813320044,2.1255134191880107,-1.8361842652939884,10.224175825149896,imbalance
12834.440394658688,-2.7042640147991897,-1.452077679569204,9.10240687162847,imbalance
12839.482578644738,-0.8877410255921614,2.123369437301417,9.150261192791126,imbalance
12844.42834662289,0.975674501772246,1.1952796668366037,10.770971664443564,imbalance
12849.484325821191,2.55226214302049,-1.509933950374566,10.621557113485686,imbalance
12854.462432798427,-2.3062621932805647,-2.238066951517088,9.104309865384325,imbalance
12859.468800519167,-1.5291282083691122,2.1827004033234703,8.868673167138802,imbalance
12864.37060378198,0.9703244160457216,1.7427304955145442,9.911497103190454,imbalance
12869.4567148489,2.1464777811436937,-0.6214801118421569,10.954488254578294,imbalance
12874.485492681388,-1.2825225422480928,-2.312989439279047,9.567870199028308,imbalance
12879.500512926428,-2.142656926237489,1.836715570344148,8.876663869195287,imbalance
12884.543195984526,0.7677550890944639,1.6089102395794372,10.21569662779931,imbalance
12889.610465145332,1.9905676099904404,-0.2286961454404635,10.834043345609365,imbalance
12894.642423860085,-0.8796722695144914,-3.188230154235244,9.836579763931203,imbalance
12899.6575408792,-2.36875304438716,1.359277274744458,8.734673076408026,imbalance
12904.641468752763,0.7023617926969714,1.9181040574215291,10.099082590683366,imbalance
12909.687501591328,1.9942859118132552,0.4416227622622344,10.4747791903028,imbalance
12914.764911980908,0.2454246639499444,-3.076937899454529,9.73400149652634,imbalance
12919.808834294216,-3.190801616294562,0.8857634040234951,8.838416294172461,imbalance
12924.8321593428,0.394664635288004,1.91397438543949,9.925211237642005,imbalance
12929.857692260235,2.097004771223033,0.7664469804440796,10.724044169173458,imbalance
12934.830738650751,0.6688552318635812,-2.9543881558843914,10.433503131095094,imbalance
12939.790159037406,-3.148986568466414,-0.3604856134796694,8.962540776918395,imbalance
12944.869732303,0.2393323374626236,2.1639347584714743,9.58268942162713,imbalance
12949.859545413485,1.9895991541517264,0.8875905541466794,10.856687404899104,imbalance
12954.838238702394,1.576080782735095,-2.622192459139986,10.407436221085208,imbalance
12959.759698005631,-2.7446907435655565,-1.368475901075615,9.244242801066273,imbalance
12964.84709176298,-0.5099691647531056,2.450419876591266,9.421095139174424,imbalance
12969.961503607326,1.4504646630069142,1.0421321451546874,10.43605451762287,imbalance
12974.999478162104,1.719024285551293,-2.006669887504072,10.162629120272175,imbalance
12980.019335343268,-2.947833879673942,-1.1727482177526736,9.154345305428269,imbalance
12984.985942570336,-1.1203786167245808,2.031112061674411,9.390473688155598,imbalance
12990.054466814916,1.1022446952644331,1.478508284314747,10.532554329990392,imbalance
12995.138396348666,2.5573421810651737,-1.1064151491403762,10.093753193762613,imbalance
13000.118991930412,-2.183825457298263,-2.752194812114503,9.214661297425245,imbalance
13005.21902267177,-1.5191693112221092,2.2106877043923205,9.143956139166798,imbalance
13010.252064372818,1.1507572884411792,1.3145659120660378,10.465731145297855,imbalance
13015.19755187978,2.346447220941005,-0.3495979822624396,10.834456373303707,imbalance
13020.241107738657,-1.4696546637905226,-2.876592361897283,9.381613077210003,imbalance
13025.259760378827,-2.558754767637816,2.2399744318503547,8.755032500797784,imbalance
13030.284107134295,0.9476348380332252,1.5991230846484177,10.239264885394322,imbalance
13035.283625771315,2.5741620232973954,-0.0562512616715996,10.599885148769392,imbalance
13040.217530635637,-0.5309164439148621,-2.995768247499983,9.419344777169169,imbalance
13045.287953960516,-2.5675822151844625,1.065589140241871,9.154960917286829,imbalance
13050.20439128692,0.6553039021470908,1.9763015881588444,9.98241443834656,imbalance
13055.205751868483,2.0660684809044927,0.2733039378184231,11.049298670749897,imbalance
13060.238393596675,0.704279506289597,-2.880438390047921,9.75124228623866,imbalance
13065.298701258202,-3.193403891761083,0.6897241796743526,8.847575684651954,imbalance
13070.31734316354,0.3842748225151069,2.352761488513548,9.998258283957234,imbalance
13075.388259708796,1.8049855772227223,0.988471149610296,10.958076029752196,imbalance
13080.333858897007,1.299200264188057,-3.0322846251711466,10.246716850216709,imbalance
13085.317130724943,-3.2428832837301518,-0.2834113988692626,8.954961851185129,imbalance
13090.259112445256,-0.2489061773558761,1.9696226236197385,9.30998477598206,imbalance
13095.297220089742,1.4621528351638855,1.1152799111091185,10.645245895628378,imbalance
13100.315578876474,2.070410621619425,-1.9227429754720515,10.512080741417115,imbalance
13105.359114575822,-2.952530266732098,-1.668863780253862,8.745748720465484,imbalance
13110.400447363314,-0.6952830115822167,2.5673039604256656,9.59818601835945,imbalance
13115.44737092379,1.6489067534111723,1.0208320844680627,10.530848202424345,imbalance
13120.44799434998,2.584538575159065,-1.6798671578685478,10.07550647988677,imbalance
13125.565305442791,-2.613930567740689,-1.835679770127267,9.185093925163194,imbalance
13130.548032495311,-1.2012863304471308,2.778435666844911,9.384266966679698,imbalance
13135.51595357514,1.0402996768742965,1.479811239441709,10.21837185500346,imbalance
13140.49133568603,2.012859401711647,-1.2302128469889697,10.46468433506706,imbalance
13145.644659981062,-1.8691301130466884,-2.290888013284623,9.4839316775229,imbalance
13150.624923754216,-1.6194537430956435,2.03254247618396,9.446577609656824,imbalance
13155.64825681032,0.6648265490271057,1.563878019896015,9.943056155405634,imbalance
13160.64469945257,2.17389922918523,-0.1048500145009949,10.46656718807005,imbalance
13165.607705315237,-0.915269461438538,-3.120150574767222,9.525985612597122,imbalance
13170.634266067753,-2.624592140597297,1.475211093480321,8.466813069183637,imbalance
13175.58196230034,0.7166875438065995,1.892805407154833,10.153235411227794,imbalance
13180.494056577663,2.286891994366671,0.263062893346872,10.8229434973237,imbalance
13185.5830601433,0.1421757272380506,-3.174059436455845,9.641712508847688,imbalance
13190.587087111266,-2.8284643643982434,0.8289962532485506,8.950052535954311,imbalance
13195.634119502707,0.3636360150860088,2.0088257831874534,9.947628765593103,imbalance
13200.63799552342,1.8842639532404664,0.9958820655349296,10.457150562101186,imbalance
13205.6554628614,1.001599025033708,-2.881357318344337,10.05448948975314,imbalance
13210.645026140564,-3.211104187795648,-0.0064986593579716,8.885840017123128,imbalance
13215.665065442745,0.0983954230412352,1.9073761941305591,9.691089225153751,imbalance
13220.662793684813,1.745686525754939,1.4382846183270148,10.579129620803728,imbalance
13225.653423315112,1.4760496334306197,-2.36872437800787,9.94934856507722,imbalance
13230.66492431475,-3.0661846876568566,-1.2932431426948188,9.098477355742109,imbalance
13235.668874642512,-0.433777269367487,2.1257750745925,9.521557813834733,imbalance
13240.64050198882,1.4687659294866509,1.1981390056316932,10.712140833472848,imbalance
13245.64239754099,2.031313459826539,-1.7986785263300369,10.182810528452295,imbalance
13250.693946575588,-2.8594926281173,-1.6242130080314852,8.994379520811178,imbalance
13255.67531259785,-1.2396106842333658,2.3196032350417704,9.250413268213409,imbalance
13260.690581887922,1.2204898914546518,1.6139949802406597,10.486765982271878,imbalance
13265.67460502212,2.6536068878301777,-1.0806505627150955,10.592243909783736,imbalance
13270.711826092003,-1.7332657136591014,-2.449508242525058,9.072576947182498,imbalance
13275.727661280289,-1.8932839433798183,1.9193480928422075,9.003165621894373,imbalance
13280.718352109365,1.0348663050434717,1.709721628060734,10.07480573769994,imbalance
13285.791485586338,2.4151275016248666,-0.6029863572169475,10.576307476867832,imbalance
13290.77164510322,-1.195712350631129,-2.93919579049775,9.324200792112684,imbalance
13295.837141204058,-1.7792070915628808,1.6636034913502111,9.181762709098797,imbalance
13300.836059115152,0.9117206607436764,1.5619012296377812,9.95675729548791,imbalance
13305.865693870812,2.4016935192193736,0.2135700793150147,10.852972278721364,imbalance
13310.829081901868,-0.3971879006588065,-3.0184686973203103,9.849726459597424,imbalance
13315.778417969546,-2.757460260763172,0.5631633164569781,8.896307919329375,imbalance
13320.720506733442,0.2377966341745302,2.343950897932934,9.72247104527684,imbalance
13325.689748524592,1.8858614025003708,0.4706258676550414,10.72064208988546,imbalance
13330.619473932797,0.8785775674299746,-2.53359502441146,10.011814471908112,imbalance
13335.64584266065,-2.960771118734115,-0.1748076209810536,8.806611929251313,imbalance
13340.6403665104,0.2564223559824506,2.379258254380306,9.800088383163429,imbalance
13345.669773679274,1.939154497285374,1.2498732561893977,10.91911050137417,imbalance
13350.69202298134,1.5344138583103974,-2.7369052945768697,10.174656031709825,imbalance
13355.67108395354,-2.877681243965911,-0.9870240710747532,9.26433004359021,imbalance
13360.733192337566,-0.2596617952996367,2.2107308253024227,8.826921807095067,imbalance
13365.7415283822,1.1708655916312607,1.096500648799812,10.647920089660698,imbalance
13370.76449632194,2.0441381638976157,-1.7982284937857085,10.874266033022568,imbalance
13375.78454971627,-2.562936557038709,-1.9384076833945365,9.1124999314365,imbalance
13380.886369567104,-0.7338676618332278,2.200796472727664,9.377821547580025,imbalance
13385.88480041671,1.277628698021168,1.2148599948504435,10.760125916933209,imbalance
13390.85594175067,2.7013487216805525,-1.0086068418305811,10.259820044751692,imbalance
13395.801621395138,-2.188598565957921,-2.539542405880107,9.459404777883714,imbalance
13400.812943887562,-1.7279883704397476,2.325068098172659,8.613762552049844,imbalance
13405.791393804971,1.0756524464654702,1.470589465799083,10.2887511503417,imbalance
13410.759986000305,2.5018181562338624,-0.4252366735882905,10.615561951202714,imbalance
13415.799858009876,-0.9203036315232304,-2.76199240859146,9.36831427945113,imbalance
13420.787493825514,-2.5149585141720268,1.83841767363962,8.959442168527891,imbalance
13425.778674646794,0.7359261847205449,1.6172076616973898,10.167819032030636,imbalance
13430.78026338359,2.509804912772082,0.2369136065107519,10.719458578793072,imbalance
13435.812633548996,-0.2657002194596596,-3.033460414699506,9.791170864244828,imbalance
13440.83775662406,-2.639516699870035,0.9274859713419163,9.179833355452372,imbalance
13445.77990072685,0.1753013207096292,1.9664399914691544,9.94094668641536,imbalance
13450.723201720815,1.9327610242731976,0.7290521578370346,10.633758300307203,imbalance
13455.67594867744,0.94574993510029,-2.9315613147240045,10.039662500666116,imbalance
13460.68405144943,-3.1110999593734605,0.1269093187747792,9.1433757017485,imbalance
13465.642187746414,0.3026058976745116,2.037207058391089,9.61045506881866,imbalance
13470.5977451388,1.6952673137556682,1.2589385414824477,10.777519294862795,imbalance
13475.613067776503,1.4549198984130285,-2.3465829829906104,10.195539561367315,imbalance
13480.6348249418,-3.032865931232448,-0.8887509621235854,8.526049493944003,imbalance
13485.686367783956,-0.2635135631928307,2.347269827200704,9.470558628036803,imbalance
13490.69184608872,1.3517215219700782,1.2849700495629643,10.87243094609019,imbalance
13495.618980988516,1.8096047262226456,-1.6755272733500324,10.062317075956292,imbalance
13500.616878694227,-2.502435391090524,-1.982289565361529,8.714233903801405,imbalance
13505.60244463064,-1.3809636311837543,2.2814859218855874,9.126449585014006,imbalance
13510.61358225046,1.5216403715424642,1.1938149169016077,10.423350574475904,imbalance
13515.613857932727,2.447668228749236,-0.9370803185967328,10.255779944711607,imbalance
13520.69157520812,-1.8586672443963088,-2.7507475112533397,9.197580528029375,imbalance
13525.613539657068,-1.6836659268605536,2.236809805529816,9.015815622087567,imbalance
13530.56234353583,0.8157397696742315,1.438398431163196,10.12530752774948,imbalance
13535.608580017004,2.650535202074721,-0.3076443183121768,10.160617552004828,imbalance
13540.563576730863,-1.1298700312871222,-3.3287969335326943,9.654066408379784,imbalance
13545.542214350657,-2.321265460725933,1.2556821031482102,8.64876013800593,imbalance
13550.467477666363,0.8475835772565697,1.7664861590529828,10.134099700144253,imbalance
13555.450893401745,2.1367620276798887,0.3036970252186408,10.744368219346688,imbalance
13560.383718461608,0.3805964959610274,-2.565573386054557,10.009148714524512,imbalance
13565.377134764722,-3.3456567794030394,0.3892440132627255,8.940024370482908,imbalance
13570.4077057892,0.6344370556401004,2.106266684822184,9.590806610864885,imbalance
13575.45916156178,1.767948403084151,0.8503643365588409,10.429278824881608,imbalance
13580.454598618382,0.8344264701993906,-3.096590427616184,10.33021658779183,imbalance
13585.375222411794,-2.936583670501236,-0.6928578547809321,9.03392075034504,imbalance
13590.385250366013,0.1220280445100293,2.2031902310337323,9.201868282150254,imbalance
13595.376751006488,1.7112633622198097,1.0819222506361856,10.753155406759989,imbalance
13600.350275828956,1.769857112083938,-2.017470324819594,10.446190803244244,imbalance
13605.293172724783,-2.9053179883675475,-1.6497316929078136,9.260498897967617,imbalance
13610.24701298166,-1.0103647268387514,2.2220042298633884,9.273181575594007,imbalance
13615.311814505263,1.2263220597693227,1.4315699630886498,10.553214151811128,imbalance
13620.407401021615,2.165041172492564,-1.4754153206013103,10.361442267065092,imbalance
13625.385643269174,-1.9540517300547575,-2.510696577352004,9.01003665879747,imbalance
13630.414171486573,-1.040484598014599,2.3497867258088765,9.016929026412,imbalance
13635.377665889904,1.150290199503231,1.4997536837926475,10.420844737869375,imbalance
13640.411348577496,2.647761743020765,-0.6926640548901455,10.575368449516905,imbalance
13645.441936122545,-1.6894516356992133,-2.6186155847127752,9.096542824152396,imbalance
13650.476131559804,-2.0025164080591025,1.6898280866122983,8.887951808197755,imbalance
13655.477410260142,0.8779708805557798,1.3494576631371151,10.144996692845956,imbalance
13660.48486079453,2.203062391730394,0.1955104805806869,10.208133943212063,imbalance
13665.390799813851,-1.1844710128508418,-3.490840650710579,9.603738032312796,imbalance
13670.49875261134,-2.517274255202796,1.5844693569726698,8.933680427994961,imbalance
13675.46464887859,0.6345173911053184,2.004494561689485,9.833386153365236,imbalance
13680.50504226026,2.6034390874317204,0.191984860929287,10.57576597759086,imbalance
13685.478219579983,-0.080617589574945,-2.9785027139623845,9.759586643783845,imbalance
13690.527747047334,-3.3437401811952503,0.2250060928210607,8.878865273321942,imbalance
13695.50382837869,0.0444304665234229,2.116118873839754,9.838162133722571,imbalance
13700.486867981492,1.9398377873696395,0.3337409740064015,10.798740278675494,imbalance
13705.476951203837,1.127966241161008,-2.951944929510586,9.98962353328128,imbalance
13710.432013117215,-2.7783064852827244,-0.2407098855315907,8.933113347084726,imbalance
13715.410892072676,-0.2853281551579206,2.477775839630401,9.698262154868209,imbalance
13720.430304452624,1.5479386439890956,1.1201714373075482,10.730007195328415,imbalance
13725.415989877823,1.9139309560182591,-2.6410344145477263,9.986663872016488,imbalance
13730.439052857062,-3.039529281041852,-1.7144669571105846,8.761955344591701,imbalance
13735.419575124784,-0.6944033408904259,2.25716391080805,9.205576671042396,imbalance
13740.475997525722,1.3376361110838093,1.0801859198396109,10.339710427653776,imbalance
13745.483805196223,2.190889884773616,-1.344114116632824,10.225817965690256,imbalance
13750.401808364806,-2.293479743976648,-2.196814057574371,9.096248876379828,imbalance
13755.427860086043,-1.1921731536915958,2.312931492167783,9.376680798422887,imbalance
13760.456163210709,1.319746377340657,1.4378300532647947,10.188867162002074,imbalance
13765.459320796215,2.3505438734905133,-1.092389114785345,11.055030171022173,imbalance
13770.524728458966,-1.4641029381553976,-2.4796876910229937,9.218739436763936,imbalance
13775.49571533124,-2.0586490095916865,2.404574384791111,9.01920623865961,imbalance
13780.535376064852,0.8884483321551829,1.477886489834618,10.215858274090378,imbalance
13785.61335428766,2.239175995078168,-0.7650959063437088,10.623679157887548,imbalance
13790.4774992492,-1.1069771345693913,-2.9141403014941614,9.52295535020602,imbalance
13795.489994126949,-2.7570605349974824,1.4648174124779074,9.038254451781738,imbalance
13800.55948755695,0.685872665103245,1.6591183882794518,10.219987882753026,imbalance
13805.573349622937,2.2310324531923675,0.1474488915870576,10.454142614213598,imbalance
13810.604915269809,0.1597468818135985,-3.252516333925468,9.540136678275374,imbalance
13815.59101458141,-3.081979505690544,0.6701272103011,8.820113016630541,imbalance
13820.5832770189,0.5879410138053671,2.2487519955850943,9.763993073173175,imbalance
13825.56778049478,2.0968571497105004,0.4653880207022732,10.708771365375537,imbalance
13830.535322703752,0.815144287120066,-2.8598199298014486,9.69762767607362,imbalance
13835.581728206736,-3.309670180425109,-0.1584926374946204,8.909417071137955,imbalance
13840.507004136223,0.1501121500915657,2.3774980899381952,9.830276933807708,imbalance
13845.556150004944,1.9207678315165024,1.135510787938064,10.758198346530657,imbalance
13850.608438315598,2.011187574968212,-2.5815541568231355,10.269439747696977,imbalance
13855.586917693796,-2.742358208900189,-1.4708687870906625,9.03848008619626,imbalance
13860.576633778392,-0.3216997236725488,2.321710007136144,9.445262292981262,imbalance
13865.563003792256,1.407318488209536,1.191769948966199,10.770609331624518,imbalance
13870.559342866143,2.161727222934371,-1.9255798112318316,10.180259766623136,imbalance
13875.537655467766,-2.298924427315438,-2.1503696287797496,9.155234707576676,imbalance
13880.543960032675,-1.3164306157837848,1.9995802309379067,8.898204016698962,imbalance
13885.532492853636,1.030342556320405,0.9636466095866708,10.364719064994988,imbalance
13890.577164298506,2.452678189227256,-0.997202099339666,10.516782033325873,imbalance
13895.572079190277,-1.870719945456909,-2.732564541163552,9.553749955273403,imbalance
13900.639641636702,-1.5162807251681911,1.8976633556733995,8.649490471530374,imbalance
13905.630598117295,0.6126717924774613,1.2938882080296397,10.054576500586506,imbalance
13910.600326298658,2.2384402665707483,-0.4164799437892015,10.598382383657114,imbalance
13915.616759810584,-1.123050760425001,-3.0333452693209804,9.435607504580997,imbalance
13920.629535941956,-2.494910110880519,1.4499047414209283,8.797427339448712,imbalance
13925.65136570529,0.7240037096150539,1.7483106134399071,10.1486907366844,imbalance
13930.635547915204,2.2782764862087546,0.3046626540671634,10.798286834880995,imbalance
13935.666235451748,0.0424999587004803,-3.284181453213805,9.60214687351059,imbalance
13940.682835807822,-2.878343090375842,1.0230046808269655,9.103865673976856,imbalance
13945.775075599597,0.4576557253588646,1.723563763051989,10.436517768450155,imbalance
13950.791678287578,1.7241427075697853,0.6310847298632856,10.703251359937076,imbalance
13955.850387789407,0.7220548938758229,-3.133027147739787,10.139671381575123,imbalance
13960.897351926063,-3.2306046509986963,-0.2213318253305307,8.730762843545962,imbalance
13965.918888711523,0.258346678511174,2.3246768354564797,9.49648807152604,imbalance
13970.94877949736,1.807775336821404,0.8483062110002589,10.466666310282552,imbalance
13975.886765300318,1.1948795337382825,-2.7764607668006107,9.550399763784164,imbalance
13980.9397899469,-3.1762238677808323,-0.719420155320879,8.970879546628955,imbalance
13985.9677680385,-0.3425562746065169,2.436591807599853,9.28607740447696,imbalance
13990.942771918017,1.3085922592434005,0.9677987393866788,10.62095944608907,imbalance
13996.015119934991,1.9874753273306696,-1.974858687171464,10.705344486305735,imbalance
14001.057574001858,-2.925934151253067,-1.6546211649371818,9.201411121703783,imbalance
14006.03807559943,-1.0388915654105575,2.4375160748552083,9.079443700409271,imbalance
14011.084518802349,1.3815416465868309,1.3554827463361092,9.91982410522934,imbalance
14016.085709780573,2.1490887638586726,-1.8254619550591973,10.397814179421154,imbalance
14021.02886148837,-2.081259347859455,-2.144586374053894,9.26753633257608,imbalance
14026.01626390806,-1.5160896506331956,2.037039228793068,8.45872690700983,imbalance
14031.002590597693,1.136211337301469,1.3266458916131345,10.281631594182713,imbalance
14036.033212944943,2.465606691393502,-0.9025464662148516,10.435073870402896,imbalance
14040.974737245082,-1.342811345962441,-2.7161249758358785,9.45982920639604,imbalance
14045.973825550614,-2.067420578576643,1.7705590064919672,9.14754412562157,imbalance
14051.022608430225,0.8585853220208806,1.5708112467626645,10.133241933634311,imbalance
14056.05413809398,2.214430327784679,0.0844066842799277,10.908793566157309,imbalance
14061.025089926216,-0.3661508891553562,-3.079683660785916,9.361578689973731,imbalance
14066.118982347856,-2.9340016459196607,1.3668124020141854,8.858133076772848,imbalance
14071.13804790434,0.6659316079044831,1.7706907138510273,10.03904361141019,imbalance
14076.179501953722,1.9885633848776625,-0.0730054065214202,10.896494528012486,imbalance
14081.132630799448,0.5193711678022574,-2.702361351724736,9.787586987553556,imbalance
14086.077755008242,-3.211779213889532,0.4747128651317951,8.947862079117849,imbalance
14091.049200233958,0.3340254133823783,2.3391675907007774,9.814738053610492,imbalance
14096.028938642588,1.7846588672169577,0.8345056324661057,10.746210491997186,imbalance
14100.9382165014,1.296125346065778,-2.383692454601419,10.589232693119136,imbalance
14105.915600904716,-3.0014329315808648,-0.6791902279670534,8.647691451679657,imbalance
14110.866535059447,-0.7274458166253333,2.266226646351475,9.243007721332829,imbalance
14115.85885683158,1.4779603532262284,1.064307647987545,10.342190968787314,imbalance
14120.95972105298,1.6703030420145322,-1.7015439725209078,10.180775857316783,imbalance
14125.893727641893,-2.675419170709469,-1.7925131753081502,8.936060994827297,imbalance
14130.923658204929,-0.8604628208196203,2.0161623203832306,9.353329311250254,imbalance
14135.874868372162,1.3963154543388097,1.5009779951112203,10.46448976098652,imbalance
14140.86085575701,2.556779088119904,-1.3923440626960275,10.765099626031713,imbalance
14145.827277126567,-1.8552708307798207,-2.756777426950362,9.28165776923976,imbalance
14150.848741069129,-1.7444451784289974,1.7318364939728343,9.2276963342032,imbalance
14155.848359443797,1.323839863138743,1.5678808613809718,10.476599064677318,imbalance
14160.937694442608,2.374788979104449,-0.962169354664852,10.37929717314254,imbalance
14165.99562570535,-0.9403441797936942,-3.170129483838908,9.24324270174562,imbalance
14170.984585578452,-2.22168025086479,1.6740762254412032,8.955749311393674,imbalance
14176.032830524427,1.0388367004936103,1.6650861944127666,10.430925722469626,imbalance
14180.95945352491,2.3202879296054784,0.2707168173535294,10.596628841684424,imbalance
14185.990798978582,-0.1142350303386469,-2.876148446627233,9.58989555672007,imbalance
14190.955117588275,-2.7057320341079265,0.891016119580624,9.139108514707091,imbalance
14195.89931541752,0.5745777662534544,1.6232637143322275,10.006110159280365,imbalance
14200.924119272906,1.965571542013277,0.4424536323641009,10.7648449539417,imbalance
14205.97878723916,0.576407812586852,-2.956864446315759,9.64488770570931,imbalance
14211.068106620203,-2.747572074620668,0.1542047454349968,9.048687485314057,imbalance
14216.165271799882,0.3488681771709048,2.096936595411324,9.790777181519005,imbalance
14221.213383286764,2.002077937754829,0.8323943863421355,10.904504842226425,imbalance
14226.153728879162,1.27806728920119,-2.3748958063220584,10.022288977551357,imbalance
14231.083873192054,-2.830523169646859,-0.7352525848254383,9.019651288402422,imbalance
14236.098161868567,-0.0378312405550948,2.611944559409609,9.57533571445924,imbalance
14241.075306051986,1.8529801892164863,1.275883207848769,10.829701211295898,imbalance
14246.196206897052,1.8854565382783852,-2.2655078295432287,10.150686183184488,imbalance
14251.17911291167,-2.7823813936858715,-1.4716912744463246,9.097260344651367,imbalance
14256.111645395253,-1.0441360739257526,2.165105299282321,9.149524973910824,imbalance
14261.078621441951,1.329482085047931,1.2304414491831617,10.867916309209209,imbalance
14266.099947499502,2.423326993511429,-1.4529423559310854,10.235819613965464,imbalance
14271.139575802272,-2.4787346364107385,-2.430588331961757,9.268675100688831,imbalance
14276.213524461373,-1.3134619259115865,1.946235526311851,8.903275381762683,imbalance
14281.1996821733,1.4509840595914034,1.4024081102046364,10.446443335369189,imbalance
14286.242393408493,2.7316233078712058,-0.6792646999210007,10.75307072953114,imbalance
14291.207695480298,-1.477457676639697,-3.047579472794375,9.39851777921542,imbalance
14296.207006270475,-1.7913833665058,1.727451960000321,8.637769825688475,imbalance
14301.221454494913,0.740705623375196,1.548117675580896,10.374581016070705,imbalance
14306.13383460445,2.426311383385342,0.1017724705276349,10.760267137106553,imbalance
14311.162235629468,-0.6750615353552045,-3.282389424331874,9.44750042407855,imbalance
14316.175491217824,-2.937232132678307,1.0547306853539085,8.695853397249786,imbalance
14321.172942943384,0.5425020187827234,1.8122091731482632,9.737186032566312,imbalance
14326.197536524822,2.0120159401240825,0.3284333888238915,10.716099509846757,imbalance
14331.23518900168,0.3729706371250637,-2.7901615243564377,9.62120490615874,imbalance
14336.269299431302,-3.244392428080515,0.8158332708893096,8.928420080437393,imbalance
14341.29452680966,0.4100755040502852,1.958311066919352,9.866501888224096,imbalance
14346.273300866387,2.16634706292607,0.8760771728905589,10.795998092051487,imbalance
14351.192877959114,1.0208315898882756,-3.03806433282912,10.070400648063409,imbalance
14356.194507616849,-3.471987037982391,-0.6415768431854958,8.715103047922405,imbalance
14361.249554976956,-0.0193283975188158,1.694423090489772,9.707006275848594,imbalance
14366.214591541482,1.4107494794155593,1.0487484548953077,10.474834350316277,imbalance
14371.214826698231,1.855830777349202,-2.0622810452819507,10.337772651600496,imbalance
14376.257162136804,-2.6076794355178343,-1.2509521527727412,9.185138155619374,imbalance
14381.314193840806,-0.6510256451135217,2.3882710599979844,9.478917018529652,imbalance
14386.2837960084,1.4245342850610088,0.970303408003949,10.775877414014897,imbalance
14391.276528252958,2.412822021509576,-1.4848446128650286,10.523782894769017,imbalance
14396.283010297948,-2.654340586628178,-2.194006352628437,9.022313780332636,imbalance
14401.314473257336,-1.0454207529261206,2.043712294181354,9.30160751932292,imbalance
14406.36272585331,1.034960825980671,1.2966030820059915,10.401959429665444,imbalance
14411.381048489486,2.6648094163232106,-0.8465215676660831,10.57410970725126,imbalance
14416.430275984896,-1.9109445932899245,-2.4673452199183656,9.383489307325004,imbalance
14421.431691012283,-2.1091367219820767,2.0347913591664137,8.823608040856186,imbalance
14426.445029364337,0.6605923705831968,1.440172640150991,9.920757336677465,imbalance
14431.455660389556,2.4993588515504537,-0.1380858841589994,10.39341029669444,imbalance
14436.456397297366,-0.951536035531926,-3.1164190014875146,9.802832385162054,imbalance
14441.408230935442,-2.0257084277281154,0.9840752769920212,8.752035655370953,imbalance
14446.490654437748,0.7206289773645894,1.6460277933162566,10.104873080053036,imbalance
14451.467378037809,2.236030855829358,0.3194281080533252,10.67735440742699,imbalance
14456.43654900028,0.3304918029145483,-3.16494137730739,9.481217455902296,imbalance
14461.44145037438,-2.987940366753644,0.7002911351119839,8.719591915628047,imbalance
14466.363867660952,0.0225035704280067,2.388502805007361,10.01332800853585,imbalance
14471.39932897977,1.783277266739999,0.7743315828807467,10.527350652476914,imbalance
14476.359749185607,1.1137474612078304,-2.87115709419436,9.76731399055776,imbalance
14481.39810969381,-2.9416809416231566,-0.1296764342678997,8.407903948108125,imbalance
14486.3670494618,-0.1597253667779683,2.345908139107568,9.79868592485159,imbalance
14491.283758596184,1.489258500986124,1.0350082879952818,10.666090459832391,imbalance
14496.269962105189,1.666790268819344,-2.158230949704203,10.337877035299863,imbalance
14501.261095037093,-2.748738196827424,-0.9497983319190116,9.485662959753972,imbalance
14506.200099572725,-0.6652149498290275,2.4567824699508485,9.499779543728792,imbalance
14511.19126461498,1.2499547038552288,1.1056767292776772,10.992164498648972,imbalance
14516.2560932928,2.117801337811458,-1.4422318762030142,10.377709857279294,imbalance
14521.21649889506,-2.206494718925247,-1.7529851762216808,9.286229876243535,imbalance
14526.260252020313,-1.1814622543220632,2.296907251222733,9.170090762141758,imbalance
14531.208094296702,1.1475608470413672,1.7692868786454163,10.144763376205937,imbalance
14536.18664381462,2.408553682429169,-0.7136658026526859,10.234963509938504,imbalance
14541.147931121222,-1.6192477845650417,-3.018609448200801,9.084000927297906,imbalance
14546.122681394318,-2.315504657227396,2.0398914979593417,8.92958711204226,imbalance
14551.092541513708,0.6640411509457724,1.8880252952023888,10.256084394091154,imbalance
14556.145259906183,2.3863795142359203,0.0196739911066907,10.72996443629904,imbalance
14561.18098273928,-0.5048630843565292,-3.04434129270456,9.312831828147909,imbalance
14566.222180718578,-2.6358542044525595,1.3840048201058643,9.339917643457472,imbalance
14571.2880322884,0.8014002146319592,1.8928735135383303,10.087884057106926,imbalance
14576.284161616824,2.305274217278669,0.2362287770723787,10.885513572389712,imbalance
14581.284678817028,-0.0364467800543354,-3.167608355160558,9.905373314165711,imbalance
14586.265529251325,-3.153388539383032,0.3492080151468676,8.96227327733494,imbalance
14591.19237329635,0.3642304213028591,1.8615842009699697,9.98414447250636,imbalance
14596.104485118594,1.633668623525658,0.919821618569174,10.636085647725396,imbalance
14601.13999910039,1.478073630833859,-2.6259289772140617,10.034633759049708,imbalance
14606.13881804378,-2.8801755625251584,-0.4623890664241444,8.594217138365059,imbalance
14611.102192798691,-0.0071803180794628,2.3008090323616117,9.358143676896969,imbalance
14616.15725769214,1.264229519630622,1.478976344501469,10.612209302765958,imbalance
14621.190779860945,1.3864554292149758,-2.009387146952012,10.152857887435736,imbalance
14626.19883960284,-2.4737184004931443,-1.379662667514841,8.868220765329848,imbalance
14631.22241309383,-0.7387729538233367,2.306194890766589,9.441111551113062,imbalance
14636.19684632298,1.0304093148221638,1.3762302402491575,10.087914706230626,imbalance
14641.185229365532,2.4384386176912,-1.581092986801654,10.389068014377129,imbalance
14646.184831717102,-2.1588373339697204,-2.3264671310987843,9.379964275383823,imbalance
14651.182889914771,-1.6889328503106595,2.0905564122326643,8.836022882778275,imbalance
14656.268083124118,0.7918717077481296,1.398899096214839,10.413594688062952,imbalance
14661.220968551494,2.829975824235067,-0.8294595308051108,10.338037973716704,imbalance
14666.248056880282,-1.4571153359976503,-2.7918946496221984,9.307859738499,imbalance
14671.217549305886,-2.2371463064440125,1.825637219466216,8.918216078386758,imbalance
14676.282014288898,0.6234122056097402,1.419358893426797,10.441205798737654,imbalance
14681.292904303871,2.427319268473374,-0.6966981100367147,10.809595540047104,imbalance
14686.235079471391,-1.0692955726708635,-3.301215099940352,9.363013894644634,imbalance
14691.158985719736,-2.950288750168388,1.2201655028232234,8.832167329237638,imbalance
14696.036095439931,0.7550956726686918,1.90241613755298,9.694353153193916,imbalance
14701.003069806677,2.1292746128078246,0.4797412339087326,11.23225483761091,imbalance
14706.069726423988,0.4638568902870834,-3.240047694812608,9.743307267797933,imbalance
14711.052335127282,-2.908050003755234,0.4568384697442894,8.662886562118908,imbalance
14716.010066621408,0.5727334499768925,1.947403830197406,9.7595086862606,imbalance
14720.969536321603,1.8524585288624509,0.9217550923865752,10.505827726451647,imbalance
14725.971068039094,1.59342616021968,-3.0057724925993003,9.970871459721376,imbalance
14730.915217113969,-3.091880393006768,-0.4785717975582442,9.032384683648733,imbalance
14735.924648176864,-0.3359113557181687,2.5034635472516373,9.409434246139195,imbalance
14740.937425808124,1.559676023884154,1.2635203692942156,10.696794677537262,imbalance
14745.95700882876,1.920321388463773,-2.180104427305981,10.3293924521413,imbalance
14750.958401589622,-2.5232129951421,-1.664161454481424,8.904702535956385,imbalance
14755.926795286174,-1.1445450277427047,2.2395248943330857,8.801397897833091,imbalance
14760.88444707108,1.0131473620016014,1.3521650447566729,10.654678731959915,imbalance
14765.871660316789,2.3093224068348683,-1.2310044481169875,10.698996868686123,imbalance
14770.875686316564,-1.9465043986500563,-2.483342029309543,9.013088260331278,imbalance
14775.917461398209,-1.5677033676948442,1.849697878665214,9.014778095415204,imbalance
14780.86049955805,1.0256381734195317,1.376492150225586,10.029954587741091,imbalance
14785.86480746167,2.632935678998064,-0.5290329463656067,10.58582038988171,imbalance
14790.836234214616,-0.943896906387642,-2.6876897163906794,9.624185820157612,imbalance
14795.797738716115,-2.5237609367693765,1.3439913948804902,8.80731142799735,imbalance
14800.758287744537,0.5500808636784975,1.5811996134414328,10.08026036856428,imbalance
14805.753917488448,2.054098154116942,-0.0148300828419252,10.82747544754442,imbalance
14810.846876187892,0.1965912927246809,-3.311326427537338,9.511561116854274,imbalance
14815.802947453429,-3.160633387252062,0.9799140465345412,9.281741570731638,imbalance
14820.831587431774,0.6238215928716656,1.8825669468365127,10.02210403099948,imbalance
14825.788748317247,1.9755853514511128,0.3428035131023277,10.829160642355442,imbalance
14830.78945173851,0.7531218424510113,-2.602424950524504,10.123151555663682,imbalance
14835.812581283066,-3.050777938875048,0.4259266150933651,9.041343359753371,imbalance
14840.855255528388,0.0871963876514332,2.120676798861512,9.659832414730047,imbalance
14845.916540982487,1.7075808071361425,0.961037888984446,10.520513884929542,imbalance
14850.861472678816,1.4209310385854068,-2.6139081734511342,10.05263443618058,imbalance
14855.840439798334,-2.9041277080394465,-0.6659503726759662,9.173188771914864,imbalance
14860.820591855254,-0.1180891652585469,2.0356211437411043,9.341937571414675,imbalance
14865.827265411515,1.943498641216592,1.3580654859601646,10.521385202664632,imbalance
14870.889967590268,2.060246113718673,-1.8968358429257308,10.077650670149982,imbalance
14875.84569998223,-2.472321486720309,-1.4125022536922605,8.837031290608213,imbalance
14880.910946387488,-1.1275356887385133,2.2973650660780125,9.56800519725694,imbalance
14885.918806191488,1.1563127307947438,0.9269443543705524,10.519836903472257,imbalance
14890.961711863389,2.4385769756809825,-1.6624754387452316,10.511126164060578,imbalance
14895.996543081585,-1.7772517616849752,-1.9466180543259084,9.15877708474547,imbalance
14901.083667963769,-1.1079621218931073,2.206512675553753,9.09169804511225,imbalance
14906.129276653051,1.2252991167783998,1.3894623021761798,10.295066943982825,imbalance
14911.121963794314,2.556206298954494,-0.708234297215437,11.156737717395291,imbalance
14916.161221828175,-1.9462039628261272,-3.0718352099016277,9.376629502255438,imbalance
14921.090852011252,-1.915322637279316,1.86101690774734,9.14812671530894,imbalance
14926.139413872846,0.8186314672064959,1.3209599178325644,10.35112538646904,imbalance
14931.144654398964,2.28673852946696,-0.0133213883658489,10.679214841475146,imbalance
14936.125660732254,-0.1879603102122086,-3.086765892108863,9.770791657539307,imbalance
14941.154807794152,-2.6840638317436865,1.6363315132584906,8.854272468669738,imbalance
14946.115878796723,0.3721189997538451,1.8493886613473225,10.300201260639913,imbalance
14951.141783290524,2.002865927570641,0.5680789195213869,10.130955001025656,imbalance
14956.233139402852,0.3920985273571828,-3.046647239939035,9.911229545980358,imbalance
14961.260127009204,-3.148744743289044,0.1127347268682187,9.142469453650037,imbalance
14966.264445500954,0.0823654260860347,2.19014066617052,9.648947494176255,imbalance
14971.312991262614,2.183574679316779,0.9814810064368488,10.538791593839123,imbalance
14976.263689414383,1.506372059412461,-2.5607413781383093,10.06798434227913,imbalance
14981.341663268193,-3.262614015865876,-0.0482007676802369,8.949400537325852,imbalance
14986.364933370423,-0.2057779847971804,2.0395514085244804,9.808942982392312,imbalance
14991.380361665504,1.5692852700665043,0.8943382240012087,10.65319277595482,imbalance
14996.414311822578,1.5741824989892212,-2.3034084661329186,10.29133152807828,imbalance
15001.499328026048,-2.8697367470247044,-0.8321518346647805,8.92565714328692,imbalance
15006.439564405518,-0.5322038450095883,2.280514345271059,9.283201263742107,imbalance
15011.418243083204,1.2933191646336872,1.2596967753615964,10.634703329636585,imbalance
15016.40539517883,1.8432778369168048,-1.456843562972567,10.524255883511904,imbalance
15021.394637111884,-2.590889374610748,-1.88596354901304,9.031667071223788,imbalance
15026.406305545128,-1.2691458740960095,2.3898839516834136,9.560159416368217,imbalance
15031.387211752966,1.3171162558910294,1.6818391792180274,10.447064993859025,imbalance
15036.359368172842,2.3291010728277404,-0.97533409224849,10.516608538206668,imbalance
15041.389986874785,-1.7871134229156829,-2.758991453350496,9.361042319520276,imbalance
15046.32512702343,-1.7741156836567984,1.2711420116458363,9.024738527891,imbalance
15051.252626241032,0.9771231521065792,1.7340569530907814,10.257142120700731,imbalance
15056.191383502884,2.30895238002092,-0.2738498907634713,10.675766897643449,imbalance
15061.162154957035,-0.7968625769803859,-2.95953111606389,9.62402907466944,imbalance
15066.136974357343,-2.6652569363008447,0.9215674086253428,8.659040634740649,imbalance
15071.078075971756,0.5665289384370766,2.032724322198121,10.243363843224673,imbalance
15076.03253300887,1.809008470678696,-0.0009545818983445,10.659712482535332,imbalance
15081.124577036207,0.4463988761191025,-2.6026940465541832,9.72291534171173,imbalance
15086.151607468062,-2.9753920376161886,0.2349523235332771,8.768417831394562,imbalance
15091.105935798629,0.2261731970441473,2.1128409150339897,9.82800030030358,imbalance
15096.172086604043,1.8358141772453245,0.5267007230777279,10.662370482683851,imbalance
15101.240474358094,1.118626946593496,-2.811513005709664,10.173566699801992,imbalance
15106.210027702333,-2.86162778891772,-0.9688849263260654,8.886956363141442,imbalance
15111.216569648392,-0.2906917399750641,2.645742161740247,9.578256427657088,imbalance
15116.247076091358,1.6246810207831648,1.1740534076029925,10.9010649304703,imbalance
15121.154075766504,2.012554851695933,-2.2670771974857638,10.420686499517156,imbalance
15126.076625236346,-2.8743763870409973,-1.2209060926205155,8.970885223708033,imbalance
15131.14865180124,-0.751930760308975,2.72228966468596,9.18105566491446,imbalance
15136.035721772676,1.0625868582861155,1.35338591024184,10.27610749295381,imbalance
15141.043901800896,2.26517866158032,-1.6111598216270626,10.654376447730325,imbalance
15146.044385104551,-2.4457339184504114,-2.081207665208724,9.460461076429189,imbalance
15150.987879334489,-1.559416572960053,2.1707092089590456,9.054762631968222,imbalance
15155.990536358291,1.3690648442496114,1.7878564268610222,10.122698157248264,imbalance
15161.006025996592,2.31167138960799,-0.882422842250979,10.770398666221874,imbalance
15166.0320773755,-1.7522593264675936,-2.654199433636987,9.428550731462332,imbalance
15170.91164129212,-1.871107824467113,1.4472201803336384,9.217271469776524,imbalance
15175.99853111673,1.150676248742183,1.8540437764053692,9.975646135061924,imbalance
15181.083715073017,2.262396658545471,0.0142492891657731,10.3526390897253,imbalance
15186.10975722335,-0.4687530495809952,-3.308367900276225,9.481079818977712,imbalance
15191.00295265135,-2.956419097324564,0.751656320637018,8.804859904444305,imbalance
15195.958920361005,0.6740174235237462,1.5867900618808144,10.004142310168596,imbalance
15200.900725429768,2.4730277274962456,0.0515661199250945,10.603960945804335,imbalance
15206.032437540152,0.0042781229870457,-2.744003985318926,9.637523993242937,imbalance
15211.07521802514,-3.123893129377114,0.2687265769538535,9.285863495119786,imbalance
15216.156148171876,0.2457007105101394,2.15121383783868,9.940750199075266,imbalance
15221.149617869942,1.820508795631334,0.7956615357309306,10.532621226894284,imbalance
15226.181388412348,1.230186030178683,-2.623280118583351,9.563847262250013,imbalance
15231.188810609454,-3.112892035470396,-0.2983554882863926,8.724122370797637,imbalance
15236.188300754837,-0.0231586937420593,2.0966745869967087,9.561856364873073,imbalance
15241.176993818071,1.844786630828432,0.7270818709830349,10.70134823751008,imbalance
15246.262105280874,1.621437558742697,-2.1915960148707554,9.878852609208009,imbalance
15251.271617116396,-3.4294452085132465,-1.1972094176510095,8.963919356184537,imbalance
15256.214038320471,-0.820858221712347,2.112755791651552,9.087417029480186,imbalance
15261.186198877902,1.52648133192281,1.4110228909136608,10.492902004026073,imbalance
15266.203724833073,2.1954998473707006,-1.6054661016125709,10.485426799854697,imbalance
15271.184886693543,-2.422526532068856,-2.284228731296683,9.742065961608878,imbalance
15276.13416712315,-1.431752349505903,2.238674128755409,9.067191411909764,imbalance
15281.162299704378,1.088521833460636,1.140323273993952,10.61054105695413,imbalance
15286.158514589488,2.420238992175626,-0.8061660797049504,10.282428952596575,imbalance
15291.147104869928,-1.2868276501839928,-2.657981485356517,8.950085140418512,imbalance
15296.153719470038,-2.266361101488353,1.612519277049995,9.35941330016025,imbalance
15301.184099450522,0.9887757716454988,1.4513254549133516,10.348553503912058,imbalance
15306.204765295815,2.341853385700233,-0.54472371668926,10.45436411064136,imbalance
15311.16573071277,-0.4677852491171185,-3.0888631879713198,9.500551969439003,imbalance
15316.121048375391,-2.959628742452085,1.2410965971536336,9.292016279110658,imbalance
15321.07829716402,0.6674206015344852,1.4957249288027856,9.964315197577758,imbalance
15326.094546974027,2.1374632171864927,0.4520485463833469,10.569880071012168,imbalance
15331.074238001116,0.5492385920536742,-2.670995102639613,9.9082556654777,imbalance
15336.109425997702,-2.964769178291248,0.3832188828435569,8.923711547194278,imbalance
15341.15849755208,0.4555805115950143,1.971532014364883,9.736397459011515,imbalance
15346.20631083266,1.976928027593755,0.9391610995111828,10.801531972239196,imbalance
15351.174233255952,1.6360484158146034,-2.5668610874882907,10.1302177092681,imbalance
15356.111810705845,-3.0820540962149403,-0.5355598772732499,8.964947085753113,imbalance
15361.12087950264,0.120652675355091,2.153248567637373,9.435388472723558,imbalance
15366.244194308552,1.570180285935573,0.9401786633437548,10.4668813072167,imbalance
15371.225871806795,1.80572109708776,-2.419076278373076,10.289456035996798,imbalance
15376.171547504631,-2.6548373793791527,-1.2017723253851826,9.01141479565512,imbalance
15381.210435305757,-0.4008148707137249,2.400378590915151,9.17305292948696,imbalance
15386.233462462747,1.3623153436456956,1.0198319857222782,10.335218228727284,imbalance
15391.24162046704,2.0652195592058358,-1.6113417374995087,10.645018703291797,imbalance
15396.33183176728,-2.215120200735169,-2.015629261136054,9.098038572892513,imbalance
15401.367790252294,-1.3722942471077773,2.468148039109426,9.40798891759026,imbalance
15406.332070446852,1.084710250587166,1.6541096780599005,10.785170743931968,imbalance
15411.293547483148,2.4948117597797737,-0.9921938638366736,10.724696309223022,imbalance
15416.318644465831,-1.694817271728986,-2.5233015610682874,9.185373133071742,imbalance
15421.304137693796,-1.8946279244721256,2.106910364903839,8.985831284491836,imbalance
15426.304637882056,0.6675970532923753,1.402876226536451,10.068491511639609,imbalance
15431.280225188711,2.325269312529856,-0.446788857704623,10.769270256344276,imbalance
15436.26081440789,-0.8489708768879753,-3.555371206925646,9.639278316568657,imbalance
15441.25294776109,-2.4361777611220194,1.1468254031866347,9.03594788220779,imbalance
15446.267558250973,0.6369482004535854,2.2070900740655284,10.125768480105627,imbalance
15451.19536356837,2.158311284271356,0.7118486037153128,10.72186032553784,imbalance
15456.194251931083,0.3176310420738114,-3.217687901818074,9.504747432398725,imbalance
15461.128830600892,-2.672080732012351,0.202675145222197,9.002721356326465,imbalance
15466.13688340554,0.5891665712238479,2.260695483986651,9.464430374124449,imbalance
15471.151062824038,2.216479389928207,0.819927791671014,10.467019504692916,imbalance
15476.178374172114,1.0244797286699974,-2.826116572506552,9.85869701271926,imbalance
15481.161783839418,-3.5060667218484776,-0.7322688742273776,9.102271106295438,imbalance
15486.090688357872,-0.2502411654451852,2.2858036874295142,9.507070259552185,imbalance
15491.100017157854,1.4140306648628518,1.0719832671089615,10.846726589658113,imbalance
15496.013977692794,2.1543808333579517,-2.361445981818368,10.219523761676442,imbalance
15501.02697215046,-2.529928448633124,-1.543491180050676,9.213677573469322,imbalance
15506.01084373618,-0.6272571602861116,2.381018177800688,9.36553428348362,imbalance
15511.02192899226,1.1577928540239824,1.3946592280079684,10.282279188236252,imbalance
15515.994324126212,2.30816683410967,-1.3287577187616484,10.450584502957494,imbalance
15520.944011667623,-1.6794988486326594,-2.1285284812829257,8.944812775582328,imbalance
15525.931640798572,-1.7015793351372128,2.046757645946074,8.97502285437643,imbalance
15530.850834060124,0.957920227889018,1.7167794864593928,10.268531810798544,imbalance
15535.863265264845,2.959518568680782,-0.5844368804657241,10.363385649381282,imbalance
15540.9570288156,-1.1493857138847334,-2.8822810832434245,9.195024578456646,imbalance
15545.906874995098,-2.445711523813585,1.5418786366124877,9.119051524200437,imbalance
15551.00366115389,0.6371493824846409,1.6904402040110225,10.039641818916998,imbalance
15555.932839796693,2.6462972485844936,-0.0164046332366576,10.560128090532064,imbalance
15560.972310621362,-0.4629840927809427,-3.341121166960164,9.507082264682548,imbalance
15565.906906318209,-2.770957171509395,1.1880063202000128,8.935496118533193,imbalance
15570.8879320643,0.4984461531760888,1.8906174507149631,9.60706564525596,imbalance
15575.858446484766,2.222210775131924,0.8700934835455091,11.017663432744277,imbalance
15580.844314108295,0.6341124510228,-3.1536361046422594,10.062562081140058,imbalance
15585.79407380816,-3.034017416817324,-0.1227214868779759,9.0346428844486,imbalance
15590.76700330111,-0.0093670391596911,1.9924408463581664,9.801825736214887,imbalance
15595.75609452549,2.001041617119274,1.1984871018946228,10.542276525449871,imbalance
15600.81965399339,1.2168422808188648,-2.7260686406983234,10.03544179114387,imbalance
15605.833042021177,-2.961991242327023,-0.8984556218563489,8.81395506343832,imbalance
15610.872866635284,-0.2740574607345928,2.3400792693695345,9.356843068908756,imbalance
15615.830334715138,1.5473805591980034,1.1509004236180331,10.594170600595769,imbalance
15620.877598397656,2.0371298817610746,-2.076590086196392,10.4918839692408,imbalance
15625.966821340611,-2.788077952034159,-2.026129328795488,8.945748947640498,imbalance
15630.986986769856,-0.6109659601034632,2.2558690286349075,9.351485523258187,imbalance
15635.94812632742,1.3083968689899048,1.4564897582686136,10.747669632963404,imbalance
15640.91050018447,2.5957454812788225,-1.5398452974135166,10.324798696166336,imbalance
15645.98478711402,-2.1738757143800806,-2.281984916078624,9.22041383859699,imbalance
15650.970200834428,-1.57221154038638,1.886640713088181,9.168345622156092,imbalance
15655.887071087487,0.8293720288494971,1.3597963205653634,10.170503182555388,imbalance
15660.86028768192,2.6196734647279896,-0.4753388228744048,10.57309713647305,imbalance
15665.804872460742,-1.0387863772779324,-2.804036420286666,9.601915108410529,imbalance
15670.776383594864,-2.3988215646162168,1.5498994513414492,9.239497592462373,imbalance
15675.820688296086,0.889635313781682,1.721494447550508,9.9822675321196,imbalance
15680.826625537158,2.460969588146936,-0.1068677996923489,10.40255760155678,imbalance
15685.79708108934,-0.236298404071664,-2.876949330329459,9.49000138900389,imbalance
15690.83018705587,-2.635095668922155,1.1631893513986264,9.024000335072197,imbalance
15695.861436920582,0.5464655249791167,2.1252434815315984,9.683234432831936,imbalance
15700.942747263358,2.6049549384868698,0.5823607367618817,10.491612262828587,imbalance
15705.937926238512,0.5882268529374444,-3.064357721578169,9.713352546969,imbalance
15710.930632905383,-2.89095823933676,0.4358634103206408,8.843517128828331,imbalance
15715.919405753815,0.1365435964320539,2.0557645753922844,9.368881869685868,imbalance
15720.946266434474,2.0453411149889638,0.8959765807147009,11.033709640063856,imbalance
15726.004445341683,1.2568805698741867,-2.486742879342124,10.389014297302744,imbalance
15731.026538841468,-3.2109216839572925,-0.7366933902723267,9.158862135427585,imbalance
15736.014607436138,-0.0825295884033306,2.4489344176869285,9.262802358687134,imbalance
15741.024163235272,1.811698528566902,0.8115252649925133,10.636853905136595,imbalance
15745.983064813414,2.061194260061549,-1.848488916237046,10.086115820822249,imbalance
15751.017416746388,-2.749562251481056,-1.3738827952612702,9.016841812872324,imbalance
15755.9758064328,-1.1899101061145878,2.4341670485308677,9.408694233543166,imbalance
15761.0212419303,1.270608449703204,1.720154350370466,10.514358443113936,imbalance
15765.939705655908,2.1819248806597744,-1.1482118785277171,10.538818839671036,imbalance
15770.918789091544,-2.272286015084436,-2.557388913777971,9.45546084589666,imbalance
15775.895003525,-1.5221544902037878,2.2518128999009464,9.17841638899018,imbalance
15780.78345188724,1.1177997967716211,1.6106148056398308,10.372280413802397,imbalance
15785.71857194824,2.347748018164572,-0.2665051829812239,10.76856214205294,imbalance
15790.75557992207,-0.9460214393472146,-3.426385290338237,9.423400187076355,imbalance
15795.77722678928,-2.113665511778295,1.592678400855886,8.732518458934482,imbalance
15800.74280162958,0.9112997170188564,1.6755268411093516,9.886606279733746,imbalance
15805.723095433115,2.099096718125668,0.3815070622275766,10.78309515396599,imbalance
15810.843925456084,-0.1263131012510328,-3.5060370814607493,9.524512076187753,imbalance
15815.88792512378,-2.728354043995312,1.1194852189774085,8.937309105433554,imbalance
15820.832748802217,0.392519603385277,2.072884490975984,9.812522509156535,imbalance
15825.834125007372,1.842011992386516,0.8664071992674891,10.98182189408426,imbalance
15830.753350697794,0.8810856108231325,-3.101715752516818,10.069733385124469,imbalance
15835.665196308604,-3.1124601392338924,-0.3119597582965328,9.047965858100106,imbalance
15840.688219969234,-0.009094561137404,2.0933267723153777,9.346186676148715,imbalance
15845.657417172184,1.7005377772464998,1.3053867224838345,10.763321298404213,imbalance
15850.706650741324,1.9390916051306384,-2.5502257387164358,10.071323440937215,imbalance
15855.692346027849,-2.8091565156705265,-1.0446565350011705,9.183647648110576,imbalance
15860.641410852524,-0.5524269585136887,2.287475979260708,9.066684325805758,imbalance
15865.639883660027,1.5860326120687671,1.235214171428206,10.81116971857479,imbalance
15870.69577389919,2.3023344170679545,-2.1884252597626057,10.240303540776416,imbalance
15875.740686732686,-2.8991767668947404,-1.9816644208300915,8.933424781233132,imbalance
15880.69914422829,-1.0387037298125872,2.241653501601963,9.374553023943893,imbalance
15885.661145290902,1.3057986706413371,1.40262789418572,10.102305294890208,imbalance
15890.756363262786,2.2278657174391108,-0.923682376168884,10.605291589061547,imbalance
15895.7847538956,-2.4184555823506635,-2.8704563072972875,9.561637323779072,imbalance
15900.71446868556,-1.915311731618547,1.7007491661664011,9.237714528573978,imbalance
15905.658524473678,0.9754577526753432,1.4941156182224755,9.96091267700728,imbalance
15910.736959204123,2.802816173111003,-0.5440026928502782,10.171142012237198,imbalance
15915.742206052138,-1.0062020501633415,-2.958605788098405,9.451318075879978,imbalance
15920.751600796491,-2.2238139501238416,1.6567299207529382,8.919329863026356,imbalance
15925.63908907856,0.3726356808989003,1.538406240391475,9.61675991922825,imbalance
15930.6707708225,2.349196194000066,0.0225353242450202,10.97951296280491,imbalance
15935.691502893078,-0.0192877101412229,-3.3111622214407177,9.485741404005818,imbalance
15940.736269860392,-3.269971575363714,0.7823817211549395,8.68515278924043,imbalance
15945.627984858496,0.6291051554824795,2.370746605904498,9.73176643661652,imbalance
15950.5938148166,1.7322144809295388,0.7370925700409793,10.647249481602849,imbalance
15955.603871571506,0.6935503582463247,-3.314033451167047,10.121988453680991,imbalance
15960.51009407399,-2.757967952069735,-0.2193556718696741,8.910853813134919,imbalance
15965.486493820528,-0.3933058796147323,2.2967481637062117,9.602269180689245,imbalance
15970.477918112192,1.5603254650160754,1.4224602936327695,10.67313541951079,imbalance
15975.505394694424,2.275305538506035,-2.24063313231304,9.99299358253542,imbalance
15980.529320047772,-2.5634443739568864,-1.1842909880266164,8.928142939872505,imbalance
15985.57497671704,-0.48275989155234,2.2986355247201207,9.45568522578351,imbalance
15990.525540981684,1.554251083403306,1.2687266846066825,10.349222583496,imbalance
15995.47336685365,2.237960838869456,-1.8474699192493804,10.481830108515627,imbalance
16000.512667740228,-2.730753406027272,-2.063428775750086,8.990378826059208,imbalance
16005.528087240744,-1.08407642090907,2.335439440926642,9.249927406099712,imbalance
16010.58051829056,1.453544294768494,1.229245310986837,9.85091056876965,imbalance
16015.55296725347,2.3535467184525745,-1.0184833106953688,10.577209936898198,imbalance
16020.637411836762,-1.5391569005967225,-2.5459561006027758,9.196807648693955,imbalance
16025.675059241192,-1.9652203179452516,1.8473108228765616,9.134429847529857,imbalance
16030.642455353462,0.574397358929839,1.7642507823943971,10.353887188893603,imbalance
16035.680123865592,2.7460666334665302,-0.1832342206902058,10.59092320336906,imbalance
16040.636085332004,-1.0539110236285152,-2.825388579578336,9.790779075024608,imbalance
16045.603017689153,-2.669095421178634,1.595955958096803,9.23929800531279,imbalance
16050.577933388038,0.7425402813770691,1.6684357271879335,9.786907929616678,imbalance
16055.650650676364,2.459892676848028,-0.1256258019209512,10.808741578600284,imbalance
16060.507849170786,0.125337048867629,-3.215877543032115,9.7581171724487,imbalance
16065.448304773856,-3.103509583280525,0.2936353632469005,9.143829258286686,imbalance
16070.433577381247,0.3318601692027566,2.1813599597635323,9.965651109523206,imbalance
16075.404431541252,1.9274750472359532,0.8474847672084839,10.64272796123004,imbalance
16080.41889765052,0.7022433509311352,-2.7540295587568524,10.086210073273786,imbalance
16085.44413964092,-3.209111015689997,-0.434213380819373,8.720165315520536,imbalance
16090.438203886652,-0.3509256824691916,2.376888753015838,9.545660721813016,imbalance
16095.447299396234,1.437182770441441,0.9929332433194636,10.656038326367474,imbalance
16100.510171754377,1.8888218494367808,-2.55303616928814,10.32410532238985,imbalance
16105.43152289402,-2.8174853163181983,-1.0360511646609971,9.06990435104149,imbalance
16110.36422366086,-0.8849687716361532,2.176014077268885,9.19679038893136,imbalance
16115.375361649803,1.405070443829258,1.4653061804989882,10.601672546695124,imbalance
16120.446379546176,2.1772076747332365,-1.6299636220413434,10.351486934241594,imbalance
16125.396954611271,-2.479570844909049,-2.4728899531901747,9.039331134488789,imbalance
16130.42202680401,-1.1896615426532808,2.0405162951514644,9.121504396594515,imbalance
16135.351717611096,1.2705802289125436,1.439986235258972,9.924622248002956,imbalance
16140.315315540747,2.4015636551667825,-0.5956391513676678,10.055964334016712,imbalance
16145.42428391462,-1.6421473926803656,-2.7153558921244407,9.306758221905122,imbalance
16150.459791993562,-1.7420687222393698,2.107468815642419,9.149878281170125,imbalance
16155.45118902057,0.8815867641950241,1.6639967398640236,10.2656578309355,imbalance
16160.436568910583,2.617977149569457,-0.1995291393039856,10.527104054902969,imbalance
16165.375603603614,-0.7889494665687861,-3.3279644377133795,9.927502237061608,imbalance
16170.335355162628,-2.612754884134981,1.4961202351060103,9.050117289472723,imbalance
16175.272291989471,0.237960164630674,2.062339570447801,10.041234964044268,imbalance
16180.248341078635,1.7439219899389249,0.6664747096505625,10.549346773465784,imbalance
16185.292304751978,0.4706306411743622,-2.973464229194972,9.757778961895312,imbalance
16190.366585822729,-2.688625803473739,0.4907115949584682,8.984169817392592,imbalance
16195.394543806451,0.3349941932123507,1.9699420682399704,9.629122212940173,imbalance
16200.373097276492,1.6789151083079237,0.8650539120118824,10.576188806393745,imbalance
16205.405353644966,1.1006373747162432,-3.120467640084306,10.28845922736662,imbalance
16210.428633960664,-2.978453278586087,-0.6839915782424946,8.807632990087917,imbalance
16215.465268618407,-0.2322999679607637,2.3327194693603075,9.480145396143072,imbalance
16220.47566754436,1.3688446874318363,1.2213415673966033,10.98066620836932,imbalance
16225.466333445574,1.824272278214336,-2.2365206367817203,10.190680225193994,imbalance
16230.357998827174,-2.7839722931241204,-1.1633463103349135,9.21098496383274,imbalance
16235.367174864898,-0.9597393022907592,2.2198367371941408,9.42882182560722,imbalance
16240.392587180466,1.4133159197958916,1.265337451529771,10.296279890632228,imbalance
16245.35548821901,2.11570818656787,-1.5172021640393434,10.388711086190655,imbalance
16250.308094974034,-2.1794146832197723,-2.5266483046744126,9.600225028881727,imbalance
16255.226252240334,-1.030333049871485,2.061129877008979,9.038503895713374,imbalance
16260.297626333806,1.0588488206195228,1.562694418938415,10.612476318647062,imbalance
16265.21551442566,2.667219043322221,-0.7477076939601808,10.785879154966866,imbalance
16270.283817704922,-1.657171295407626,-2.815339958981373,9.155121298369366,imbalance
16275.24961626924,-2.4503052949262503,1.652198155127955,8.629665966764374,imbalance
16280.287271014731,0.8820735176257929,1.4288689425645562,10.387652671232862,imbalance
16285.21776747884,2.254769275879136,-0.0506889937121011,10.481861936981025,imbalance
16290.260324246394,-0.6599551397701292,-3.274195216177543,9.6499914764711,imbalance
16295.195780065618,-2.8123852432095937,0.915842045983006,8.830529409755028,imbalance
16300.224416395278,0.783986865761022,1.796947673346183,10.059488523216643,imbalance
16305.218435942554,2.1092579602416595,0.4767989775011205,10.685180313253094,imbalance
16310.152295737496,0.6481519310740818,-3.103474023499701,10.167536118113585,imbalance
16315.182011851684,-2.8658862861277874,0.2419365982281723,8.989401592234994,imbalance
16320.181429334116,0.1612737543324565,2.3682631151018616,9.837663416123211,imbalance
16325.23760566201,2.107510370297649,0.6110806107413345,10.688154788783706,imbalance
16330.248065806714,1.5047449604999756,-2.6872035905622456,10.102979012209952,imbalance
16335.229138560151,-2.9627952550535985,-1.006213336668199,8.955406249582916,imbalance
16340.149161494572,-0.402720664946178,2.3266611767110983,9.485793606786926,imbalance
16345.14052123603,1.3224266591072589,1.0333013918224094,10.636367575771432,imbalance
16350.137215277036,1.848712441360713,-2.023527688622211,10.256106096492228,imbalance
16355.13858663126,-2.820342590523478,-1.88178047799181,9.259544703749636,imbalance
16360.094994298066,-1.2061278161449442,1.91853655933214,9.449673963398912,imbalance
16365.022239969016,1.4293527753932764,1.2364703005867912,10.41576638383742,imbalance
16369.92981008735,2.8359852006217183,-1.1347301092290982,10.56166667533991,imbalance
16374.95586488827,-2.03200861940392,-2.4792182975667654,9.31686444696121,imbalance
16379.882135506568,-1.8082521096133135,1.8871594825383264,9.169140733163545,imbalance
16384.839539066757,1.1054430073206467,1.6061489657529755,10.479277016594551,imbalance
16389.858024206103,2.279776163836177,-0.3290909953313654,10.936330527055008,imbalance
16394.902595544027,-1.4484583334264944,-2.729521054194026,9.396638897051814,imbalance
16399.93766291178,-2.358914638284717,1.1604501582320417,9.352820137899,imbalance
16404.95444903614,0.8812449033370889,1.7659235674353606,10.062417630425289,imbalance
16409.91742955505,2.667443767741553,0.0224434957293011,10.829264092834242,imbalance
16415.059675699325,-0.373669859866116,-2.9502848477723047,9.861416332275605,imbalance
16420.091049639344,-2.5008955390185608,0.6042502512058384,9.270203927995404,imbalance
16425.05541604424,0.4383517893253948,1.9144990573657772,9.997249120365495,imbalance
16430.026871051814,1.8812916926360377,0.3975931932858343,10.925121809413945,imbalance
16435.03000190281,0.7730451456543095,-3.216112607593067,9.803627897100826,imbalance
16440.06393405149,-3.3519699110542382,-0.2846840287151742,8.764665446294426,imbalance
16445.118296127075,0.2941833340597169,2.319137779297336,9.60313855023411,imbalance
16450.192043048537,1.8682518517850533,0.786599526417153,10.448791233792358,imbalance
16455.17491085455,1.548586187865536,-2.4238795309614813,9.86745806907012,imbalance
16460.13590779704,-3.131134408758936,-0.570861369110655,8.982066364448114,imbalance
16465.145747411414,-0.1672995588145042,2.2534572527704526,9.467832589185289,imbalance
16470.19888948162,1.3300322440497707,1.1870942458538023,10.63915522243672,imbalance
16475.10717062945,2.0007758160671028,-1.7792112393926631,10.077739270164203,imbalance
16480.13678005098,-2.7379798140997766,-1.958685585011664,8.85933684145168,imbalance
16485.11333744376,-0.7328630597988013,2.303269180958364,9.333722354956972,imbalance
16490.163129509016,1.5656440834209886,1.315861535329916,10.667478224599437,imbalance
16495.19188944819,2.370529361455524,-1.2942881522533758,10.649346961729565,imbalance
16500.197043423137,-2.320162780063216,-2.33675640247144,8.79055776679717,imbalance
16505.165117480676,-1.785383657018398,2.138014209237238,9.217745154715422,imbalance
16510.220564644314,1.338271440653341,1.033783741486781,10.452129303049649,imbalance
16515.114381553634,2.405396205132728,-0.8188866271502716,10.339607137330526,imbalance
16520.098124896675,-1.2275259636871818,-2.6289867648958896,9.339447313765955,imbalance
16525.07158505005,-2.4172783373651403,1.4242507300588716,8.827547111496445,imbalance
16530.041425414784,0.8257743414744668,1.8042655789789264,10.125026966693394,imbalance
16535.098582127222,2.213500954083635,-0.3309676549165773,10.865637960547089,imbalance
16540.02842320881,-0.5774614266412256,-3.1844499397114734,9.392977375748211,imbalance
16545.08036615083,-3.191401674581998,1.389323303306254,8.79591002792879,imbalance
16550.130337202154,0.7203148003377937,1.396974109488732,9.634518156120166,imbalance
16555.1271172274,2.370926490716303,0.1915489803688019,10.49320996852726,imbalance
16560.120546933482,0.7125858780183909,-3.2981585970299028,9.799749739203738,imbalance
16565.092641784897,-3.1188546047913848,-0.0317548538338825,8.905614044395884,imbalance
16570.13048746744,0.2353915169821743,1.6511814770001931,9.745475548352967,imbalance
16575.14806644639,1.993227785637444,0.988271907199304,10.565553143808582,imbalance
16580.21147906315,1.547085579230563,-2.64216805082036,10.230000387556007,imbalance
16585.212122586094,-3.1306804196757776,-0.3796981862528232,9.10283970213474,imbalance
16590.168487880284,-0.4399185817004765,2.540679847116013,9.53103346676667,imbalance
16595.042875144765,1.4202498819040308,1.074533777048205,10.47228725446404,imbalance
16599.994924297866,2.341517705583702,-1.875965428175008,10.207573803158834,imbalance
16604.979168145615,-2.576853899845004,-1.9724630544740829,8.817675131792349,imbalance
16609.968197541784,-0.8011295746685794,2.4171938630002407,9.357087077316049,imbalance
16614.98179162049,1.1638858319440142,1.597307019056641,10.288575108927036,imbalance
16619.930958520894,2.313848450978501,-1.2962346422617408,10.399185623002882,imbalance
16625.069431468346,-2.099065749770472,-2.313219281537839,9.331976311912795,imbalance
16630.07078468387,-1.7926540163286564,1.9864337687265556,8.776524915547304,imbalance
16634.999661782073,1.032128426233664,1.479973957377298,10.231434901240451,imbalance
16640.10822089335,2.370176829151921,-0.3924337146124033,10.53269472779161,imbalance
16645.18844094001,-1.334382492734563,-2.861290899573018,9.289608008042176,imbalance
16650.12536721852,-2.1897675877201257,1.4991601584770315,9.176443184059824,imbalance
16655.1725016009,0.9029308984705112,1.535851419038357,10.01153227508358,imbalance
16660.259952796612,2.565144020764324,-0.3402824585753056,10.966942852754876,imbalance
16665.270988669312,-0.850481279224213,-2.9632304302975947,9.79193723533407,imbalance
16670.358445741644,-2.425755165084586,1.0388608932280246,9.116149298451507,imbalance
16675.336312023595,0.488455498126759,1.6281728387385164,9.969264159370766,imbalance
16680.314181296966,2.3703440142905725,0.1118996720068348,10.460183004466208,imbalance
16685.393680233996,0.1178103627163871,-3.2484884308785427,9.591972846842127,imbalance
16690.360672194012,-2.566594711122572,0.4126371155429761,9.129740992786695,imbalance
16695.411107606666,0.4076057667601506,1.8757360224143984,9.507736982893618,imbalance
16700.378487412396,1.7989400131588242,0.4711037838996275,10.757277439420816,imbalance
16705.35197594527,1.389904537269861,-2.6352459428253043,9.771880700895007,imbalance
16710.316855457462,-3.202492029103358,-0.518892271492168,9.060227599143216,imbalance
16715.355284056433,-0.3167365283565053,2.1639737218178987,9.48575847126267,imbalance
16720.341092813847,1.0501753960712072,0.7447067068730273,10.736084225204872,imbalance
16725.38324476156,1.7162322678390596,-1.872100506046556,10.223438729280131,imbalance
16730.340173378685,-2.7967413484913264,-1.5736063672930654,8.908105176670922,imbalance
16735.407635695614,-0.803796732550369,2.354004854423278,9.449935913628034,imbalance
16740.408980826134,1.218870216999397,1.2995955620525346,10.770799886808424,imbalance
16745.44887891183,2.384931472359725,-1.372085984921812,10.243353044822609,imbalance
16750.495202121045,-2.7490589070920968,-2.280726400156999,9.127636992652654,imbalance
16755.467475407517,-1.3122709777941302,2.2176425187075592,9.106677740087784,imbalance
16760.500896809393,1.2082376662942809,1.4317897724033286,10.461810694705113,imbalance
16765.461898871294,1.829780683493643,-0.9464355599588772,10.148778928618537,imbalance
16770.3676952076,-1.6026905992857208,-2.4823936384403464,9.499781373564776,imbalance
16775.331530907602,-2.327011757827067,1.6519446224109862,9.056999099323344,imbalance
16780.40464797054,0.5244958235273245,1.387474923051608,10.02516956307442,imbalance
16785.396429929122,1.9942693787588808,0.0997937998372524,10.70877574573061,imbalance
16790.395873289654,-0.5824986709476525,-3.1080702478107027,9.67215351227487,imbalance
16795.362432380643,-2.3909848945034486,1.503374412081288,8.806586392029145,imbalance
16800.3571202135,0.3674005024530939,2.026747139044259,9.722387490429696,imbalance
16805.344978696972,2.1020432781562195,0.1053444448922933,10.856462112578926,imbalance
16810.375309877993,0.1809896271915139,-3.1035960342888,9.95117574820763,imbalance
16815.450453466066,-2.8405623404252323,0.712722367169832,8.862345803339103,imbalance
16820.43690618131,0.1838748510062252,1.8783663836178277,9.917913952703788,imbalance
16825.449336810623,1.8550505959918084,0.6280176657287909,10.466696834713051,imbalance
16830.47451383624,1.2274165719938033,-2.734031279612839,9.824846796384884,imbalance
16835.44107601092,-2.949657193919917,-0.2412736061073451,8.869091709655498,imbalance
16840.42949282505,-0.1252671136027588,2.3410555345604407,9.32041254915017,imbalance
16845.397401829912,1.4642795479383786,1.0713919422716427,10.928660455316225,imbalance
16850.371705419908,1.7615880071576873,-2.2333037140708094,10.210561186291828,imbalance
16855.43058773924,-2.9382644911750324,-1.4586389303265677,9.37248528514543,imbalance
16860.38624439411,-0.6810583626600923,2.2405455195404524,9.239075298935974,imbalance
16865.341890360512,1.726746046930851,1.1904005701168827,10.584171910113309,imbalance
16870.460540545497,2.17640022400754,-1.6569256389925937,10.28433454762729,imbalance
16875.421147769805,-2.434968744862294,-2.1250539942433813,8.984078279221713,imbalance
16880.387449626385,-1.5229839018255082,1.8469096628262287,9.034153262996286,imbalance
16885.39566919347,1.146369001373092,1.3439701832045996,10.483975411369553,imbalance
16890.49306632124,2.3890734066707746,-1.0489384664710586,10.514686602692926,imbalance
16895.5033416455,-1.8782760712738988,-2.615134825106006,9.27621738115213,imbalance
16900.554660764916,-1.7282166701311394,2.5106115281921544,9.099528579477326,imbalance
16905.577858623557,1.0310522099955215,1.4630155629170594,10.361646636027071,imbalance
16910.581536922877,2.3112791771359467,-0.4844286990511194,10.7912795971622,imbalance
16915.555026247297,-0.9255066153900454,-2.989597855707421,9.81716385702086,imbalance
16920.57776008892,-2.530498815637398,1.3662347277637623,9.027583311336986,imbalance
16925.545789453172,0.7663709176410808,1.6575567990479831,10.255299632680163,imbalance
16930.597955367724,2.471088914678594,0.5410381767940537,11.009615629799544,imbalance
16935.597568423163,0.3119314066972135,-3.257536645771341,9.767893792157558,imbalance
16940.5983422105,-2.7150737378396665,0.8306679826200768,8.961082889229289,imbalance
16945.647928439706,0.194244912095459,1.6794249582392102,9.631304925295725,imbalance
16950.67245214433,1.950969916751772,0.7200484837924188,10.647346991978594,imbalance
16955.58164289985,0.7706255377855291,-2.532482463756435,9.939777974063844,imbalance
16960.594163864596,-3.033228901893038,-0.2578705632665108,9.063074328574864,imbalance
16965.668691900366,0.2676231920765373,2.4318439011349984,9.870038163463272,imbalance
16970.656281862026,1.8415613888826527,1.0774949949058248,10.6158007135342,imbalance
16975.66123203654,1.4047754516406703,-2.3034615923292523,10.243987829748782,imbalance
16980.688049202352,-3.071749399435181,-0.9737029798474294,9.322772616103483,imbalance
16985.66391708455,-0.4945212064144483,1.967086197502796,9.281805730229966,imbalance
16990.689821665535,1.7118424234382736,0.933127609718084,10.727814466700728,imbalance
16995.64967057286,2.463685026269525,-1.9809221911439423,10.24178475035412,imbalance
17000.596530442668,-2.3324880349951678,-2.0353940313255707,9.21728479894831,imbalance
17005.61686880088,-1.1680312485540514,2.019523723019605,9.386900600213876,imbalance
17010.604098407897,0.9290867892939744,1.870875389233281,10.647154454202193,imbalance
17015.608203718893,1.9583406094730864,-1.0654349912663816,10.522523254074471,imbalance
17020.687891150257,-1.8760246189906684,-2.9256497495483336,9.055980728432854,imbalance
17025.589235580796,-1.8633542267920231,1.6391327477278217,9.218958502395555,imbalance
17030.5320362234,1.2231976168761376,1.458834085450829,10.025166131879166,imbalance
17035.56810189949,2.2133655678187223,0.0180081163740398,10.429378574401843,imbalance
17040.594583947095,-0.7130338153043155,-3.144312156813032,9.47678438940233,imbalance
17045.578609211912,-2.2682126955280624,1.2831741906647456,8.723729981242172,imbalance
17050.692903076397,0.8795253352180481,1.8504633933510448,10.380444591639185,imbalance
17055.73111236776,2.4824522091424788,0.0541943756991519,10.655612497322007,imbalance
17060.74900323652,-0.1289623150496478,-3.35727403174353,9.770301186763374,imbalance
17065.806822261424,-2.685238023379464,0.3601492609637243,8.965783971096863,imbalance
17070.834842850585,0.6962767035716022,1.9600179242068072,9.711456609776294,imbalance
17075.80684064363,2.3187952365701614,0.5378689003429599,10.669527514234163,imbalance
17080.725864305055,0.8414044401350826,-2.878184173419367,10.073192260393666,imbalance
17085.703689919228,-2.7437893474164907,-0.0995514179648486,8.839966264210172,imbalance
17090.76074740236,0.3742941073105806,2.3517422966672745,9.828852417538195,imbalance
17095.83867433086,1.5951608948475302,1.1471574005441143,10.93615925784997,imbalance
17100.876486419427,1.4145180536420052,-2.715556015563108,9.793063667101077,imbalance
17105.902203491605,-3.2214037612425845,-0.8352422308201637,9.035224823140332,imbalance
17110.88174469607,-0.3800357337099331,2.0454303008770323,9.318034562242666,imbalance
17115.871135449397,1.6447235176303712,1.364228325343566,10.655596000736557,imbalance
17120.874218903995,2.2204415128634905,-2.35176128489378,10.362360065649908,imbalance
17125.95452532874,-2.4282592909311305,-1.8541075015426245,9.101070030314386,imbalance
17130.927094038754,-0.8068768882458938,2.3738880376984373,9.35807986649626,imbalance
17135.936939829702,1.5162884877313625,0.9956052742888386,10.6025820168979,imbalance
17140.985132132606,2.1632449791643937,-1.1075336286164514,10.39369892156895,imbalance
17145.954550705603,-1.7710341617842298,-2.133003644573628,9.39787891450467,imbalance
17150.991278380592,-1.3526152894325671,2.234916573911046,9.281485787437552,imbalance
17156.016752498534,0.8630679086820108,1.8629848819939512,10.644398979979687,imbalance
17161.043425166852,2.7049580223880385,-0.8755139892121767,10.814276487997974,imbalance
17165.98877924707,-1.2914697853112915,-2.809166520606325,9.58610610026161,imbalance
17170.952597821048,-2.305636733161272,1.4805153958029251,9.183386338511408,imbalance
17176.03109932646,1.1183195392306025,1.644718407019414,9.92157424071395,imbalance
17181.03827533564,1.9630639343833,-0.1554707179342678,10.757724208426708,imbalance
17186.062080545747,-0.6287667849529046,-3.0732194934137405,9.444282448679807,imbalance
17191.02791613863,-2.7785526366274307,1.2519066863597563,9.08246525335259,imbalance
17196.002376102242,0.1942680592429433,1.3667050567912824,9.618596537363022,imbalance
17200.961479403355,2.341067539108721,0.3879757619479195,10.815281219832375,imbalance
17205.989239025577,0.2488632067605293,-3.0065888389575157,9.79157566990886,imbalance
17211.030155524757,-3.1284776089527844,0.0973812531621444,8.950844483150231,imbalance
17216.06782244417,-0.2685866259007484,1.6539301532758182,9.390223978163569,imbalance
17221.073869080057,2.2085650070909395,0.9693776136878514,10.837382041434958,imbalance
17226.118151522947,1.3100557951839704,-2.939584279732844,10.093873139271013,imbalance
17231.218925982037,-3.049973191180269,-0.3622934595158577,8.919546813695774,imbalance
17236.22504955679,-0.37800580829986,2.2850000219651343,9.607988744634326,imbalance
17241.284154597975,1.5470801574141813,1.046364322357905,10.676906978601735,imbalance
17246.299778619676,2.0411654503914995,-2.013864503219206,10.25183704070232,imbalance
17251.315461751463,-2.98949916892378,-1.2342827424996854,9.079945693284683,imbalance
17256.260926639738,-0.8303684624822631,2.0554197743745197,9.567424445406196,imbalance
17261.226825679434,1.437926593456636,1.264521423905434,10.397314488557411,imbalance
17266.234313700646,2.47565197224324,-1.687417871727087,10.341675295140153,imbalance
17271.19179413565,-2.4835235238242883,-2.0086941987250824,9.268835759214843,imbalance
17276.12076721526,-1.4696374925694802,2.131573282632408,8.94831100675443,imbalance
17281.115634753813,0.8773434024571208,1.5997378287644608,10.1690335752124,imbalance
17286.058145090967,2.386490224661866,-0.9818340609163576,10.604627300875253,imbalance
17291.015943029248,-1.3911974851780222,-2.8450935002261977,9.438307322763327,imbalance
17296.074123426915,-1.917999326309854,1.4681993462542984,8.85075612724407,imbalance
17300.990963258206,0.9927984513920092,1.8055809221257624,10.134548669353965,imbalance
17306.008323600425,1.958765131245028,0.3230665757943211,10.652511192277665,imbalance
17311.021094868844,-0.5504121747503848,-3.2258097454987493,9.966403051926012,imbalance
17315.975048646567,-2.771247319264167,1.0795121659258815,8.977362853428058,imbalance
17320.924760595582,0.4023872698951846,1.959508319194846,10.058939398632104,imbalance
17325.986494527562,1.959749041400393,0.3028091780278533,11.013512659050717,imbalance
17330.96559128286,0.3587586129723594,-2.724437191503584,9.784300309980528,imbalance
17335.9427639043,-3.456220763828997,0.2405582840414228,8.95657079994092,imbalance
17340.959751932423,0.0264802738506771,2.170979325838079,10.01382726248723,imbalance
17346.015984048314,1.9913751206753465,0.59945645139064,10.454365791050906,imbalance
17350.981136047907,1.1623825036739943,-2.6301926714835373,10.33812710391295,imbalance
17355.998905060187,-2.7877116221140987,-0.7053873095803708,9.118738387446664,imbalance
17360.999363153056,-0.2920694758657149,2.3272857983462463,9.29111049119917,imbalance
17366.012560142037,1.4540606735336716,0.8749063146809196,10.755723376668644,imbalance
17371.086578127397,2.1673527803388697,-2.0695613540352293,10.212485452992048,imbalance
17376.091918716556,-3.023770187553509,-1.5173410912311756,9.338181443788455,imbalance
17381.12324323807,-0.855436948999357,2.2844802049041024,9.41918226598193,imbalance
17386.15147344451,1.4656891202474651,1.4364437620871398,10.299960600572872,imbalance
17391.157733549804,1.9732881828335096,-1.4024187504890464,10.180802983439968,imbalance
17396.189447846617,-2.51124938720759,-2.0439741916796,9.118737816632535,imbalance
17401.131248929363,-1.2967356312660512,2.2063327889548074,8.826745303449266,imbalance
17406.17364815999,1.1379741600198456,1.3898965192490504,10.498642681407976,imbalance
17411.16234253211,2.6359228503501124,-1.0081302602547564,10.396485885379091,imbalance
17416.211249345448,-1.7995358731657494,-2.83392478892113,9.762656543650811,imbalance
17421.258213493238,-1.816399470618912,2.115015822551627,9.139574648140655,imbalance
17426.294799747713,0.6851638466995496,1.4899528573158096,10.349957314337727,imbalance
17431.28667426816,2.5114530039705474,-0.233401082388037,10.644134370168665,imbalance
17436.316251701257,-0.6305302131451844,-3.3231493432607104,9.412411847222014,imbalance
17441.35621302753,-2.2249631262753087,1.69320564271149,9.184199854606348,imbalance
17446.323662811203,0.7400871276725841,1.603976046843541,10.039738896220085,imbalance
17451.287959756035,1.9940109982979684,0.4223354439063633,10.798239100244093,imbalance
17456.27814465124,0.5699348449887516,-3.354225423148657,9.963711037830342,imbalance
17461.302733455825,-3.004756814059443,0.5571273619161443,8.584660191841392,imbalance
17466.431495715155,0.3469751211512204,2.084842017447048,9.960846318693568,imbalance
17471.483045395504,2.0119580677743136,0.7442306239305272,10.501772337137671,imbalance
17476.559459670007,0.5463944696332428,-2.7585945019869382,10.04347210352426,imbalance
17481.501334610082,-3.0037270053285217,-0.2530861989179015,8.879687204202645,imbalance
17486.499915494354,0.0787943824241466,1.7668861282568171,9.597459601370264,imbalance
17491.492581083465,2.0730019531053947,1.0955573956868228,10.43891101025711,imbalance
17496.508046337516,1.666606729318951,-2.4672141391461366,9.819179139189789,imbalance
17501.46432928966,-2.94981151954315,-0.9357921896294916,9.051586814646075,imbalance
17506.439008042464,-0.7156251030137863,2.3070692048899444,9.19974286101559,imbalance
17511.438353259135,1.7868246789861997,1.1515358947718457,10.390809473152045,imbalance
17516.514658875876,1.9582041192214652,-2.073317430189595,10.10590316768336,imbalance
17521.44940369617,-2.604037881484469,-2.3051575236600805,8.762645182020528,imbalance
17526.424861110776,-1.1179579599996166,2.316634774177833,9.182507364216406,imbalance
17531.427230437268,1.392835163420372,1.6095771466407305,10.718396855765098,imbalance
17536.432594355316,2.6744577818825457,-1.5365872413369934,10.353240055597606,imbalance
17541.40972797841,-2.1082800161007755,-2.834375772557995,9.232907194526543,imbalance
17546.429274886632,-1.8008150448745843,1.601064249043827,9.290094185084376,imbalance
17551.439944402016,0.7644669377379674,1.6286922289117665,10.220642586291806,imbalance
17556.504766254042,2.446588246468054,-0.6738794628734378,10.557185624786513,imbalance
17561.62848141424,-1.0566405751562638,-3.1037305471865158,9.258054443219986,imbalance
17566.620170753253,-2.8277810480835206,1.9852407015556337,8.979032754125702,imbalance
17571.69910878429,0.5953007894404936,1.888788053525399,10.187288871920517,imbalance
17576.685476736304,2.21033405720281,0.2211165246268308,10.728679340064184,imbalance
17581.695482983832,-0.281329347834623,-3.2625070124788333,9.522793725227418,imbalance
17586.690156523346,-2.801899061173084,0.9273048536894016,8.743431914110262,imbalance
17591.651166315874,0.3063212694479087,2.1285091743460662,9.892404684091042,imbalance
17596.689039682322,2.036763541651962,0.5920785031285148,10.738300684786918,imbalance
17601.645479990202,0.6888383009582217,-2.910425649535245,10.103564861306786,imbalance
17606.659213083105,-3.3383766212623334,0.0335521990012692,9.090258249607794,imbalance
17611.645479910334,0.4777511116811123,2.079879718523676,9.57587574477854,imbalance
17616.640729580224,1.7943813602215437,0.6612092265350926,10.453837007350556,imbalance
17621.66097448975,1.6861847080621213,-2.293603735451643,10.28714500827321,imbalance
17626.619832555687,-2.781833410644216,-1.0748501833896549,9.025967168150048,imbalance
17631.615864955267,-0.4575535777031104,2.510887417945588,9.254255749619553,imbalance
17636.610466190323,1.4889994848609345,0.956357984174718,10.851872525723604,imbalance
17641.583747133485,2.2907017423163043,-1.5675187247024116,10.559951691834533,imbalance
17646.593902073342,-2.576389756280092,-2.087000474111308,9.259166113830844,imbalance
17651.593225563036,-0.8938959102273188,1.889682425836692,9.206553613752162,imbalance
17656.610280406905,0.99700185540161,1.1924812453183162,10.714438909087663,imbalance
17661.637635843097,2.36801276286856,-1.3138596588378797,10.411954494516818,imbalance
17666.573514561518,-2.036030238792172,-2.902010623696296,9.068918402007254,imbalance
17671.572279615273,-1.8704052397022397,2.323567357532123,8.755115160983362,imbalance
17676.56748465724,1.3776405704420307,1.628751929340415,10.357946706282364,imbalance
17681.56324792811,2.346990841659168,-0.4711610076966617,10.546874008084805,imbalance
17686.637269671308,-1.4122677672935442,-3.0637613390250347,9.545211876880538,imbalance
17691.673515233913,-2.539888534984419,1.6406595671399569,8.890839571715105,imbalance
17696.682321693115,0.4986350692000693,1.7137336719771623,9.727220815282775,imbalance
17701.699748661464,2.1898125741373216,-0.0203466875097534,10.609994180098749,imbalance
17706.649513974036,-0.4015490720270807,-3.411830834330283,9.577464394223012,imbalance
17711.64454527013,-2.440247913101919,0.9311605930547846,8.69049598112466,imbalance
17716.574002964007,0.4030886754464491,1.5952832061068407,9.94156577090322,imbalance
17721.594816930883,1.8069882217471864,0.6268315625294902,10.56428052377638,imbalance
17726.60353709716,0.7686807838705046,-3.078994175466767,10.05148186251134,imbalance
17731.666991388145,-2.9674292629152546,-0.1308434472909432,9.1240642456261,imbalance
17736.610611665732,0.3688076432335824,2.353264181503148,9.457131907468607,imbalance
17741.610895441092,1.6724139594138636,0.9170173034279552,10.806833218332589,imbalance
17746.611846253985,1.3970919680936724,-2.5651577365577136,10.48292572747143,imbalance
17751.57935588937,-2.864969690041673,-0.912786615694832,9.195193092567363,imbalance
17756.64264705037,-0.4883948563221503,2.3604637783108835,9.013563093197698,imbalance
17761.659325569122,1.597655722315265,1.2181724951106223,10.688185618769529,imbalance
17766.686708034827,1.791300173689951,-2.023465167503008,9.973986839617869,imbalance
17771.72011637693,-2.253668451114898,-1.7633993932429248,9.363540670588169,imbalance
17776.72215844787,-0.8090941289909008,2.241099585181026,9.407415347442797,imbalance
17781.674167796828,1.273865903813454,1.205474009769007,10.272697408204008,imbalance
17786.666511502975,2.349958531572338,-1.1225752137842804,10.13531973065925,imbalance
17791.65432715473,-2.177985937523212,-2.701956490116584,9.062406267692566,imbalance
17796.606341507333,-1.5657382506024031,2.086809008441828,9.043987334406165,imbalance
17801.545754484607,1.0998679234904225,1.5721013478083754,10.355797041526577,imbalance
17806.54700474428,2.295717143681548,-0.817267041824367,10.55851333717037,imbalance
17811.53127909093,-1.262415057242294,-3.053329871008664,9.592578438756869,imbalance
17816.60480097723,-2.2510338574756856,1.6128110786389305,9.08654366503407,imbalance
17821.650631359695,0.7109723276665715,1.627037843511116,10.083015120810485,imbalance
17826.661971227077,2.1195587378630285,0.0789474364525594,10.239296379059228,imbalance
17831.57530682852,-0.0612613868698822,-3.3281691711888044,9.970642412640276,imbalance
17836.572246366344,-2.5984501477201274,0.9386776416941282,8.739426871185282,imbalance
17841.585953043792,0.5871570968589636,1.7107557867876544,9.850826140897984,imbalance
17846.6698376158,2.265516305214308,0.4109144013843608,11.076665275002323,imbalance
17851.685548214453,0.6804804721373614,-2.7906836027728987,10.151057320324544,imbalance
17856.696772341056,-3.144088291011723,0.0566110542904386,8.630699431761213,imbalance
17861.593120669153,0.0354215351905099,2.0080494024090494,9.634397447753589,imbalance
17866.614795302503,1.400245506711212,0.9980841691494516,10.611567377965246,imbalance
17871.539046358193,1.1999684095542182,-2.567443017550294,10.07875443453159,imbalance
17876.667612260386,-2.829634058615921,-1.0027521203946836,9.0541435494414,imbalance
17881.71719355238,-0.1878109164911218,2.263530119219972,9.427981127619608,imbalance
17886.70771282161,1.9414987856291703,0.8599113897047947,10.618207958223948,imbalance
17891.633192658697,2.146876197132651,-1.7488528611613103,10.161191030515717,imbalance
17896.589586359747,-2.6560365928472747,-1.977735005867478,9.224697484855694,imbalance
17901.59803123735,-0.9511791772062884,2.1342656350265634,8.973746072125842,imbalance
17906.60359170464,1.4687366359551346,1.6222302670100783,10.180739330294143,imbalance
17911.63211258312,2.3140638542574945,-1.3911481188406625,10.14341651519564,imbalance
17916.608819292192,-1.7714697769504868,-2.6209650961922484,9.37075204545857,imbalance
17921.627728247746,-1.3414678835567868,2.369924494531281,9.234081353323822,imbalance
17926.586310460374,1.0998412324373597,1.61889040354558,10.047418315835763,imbalance
17931.559322099096,2.418673902900371,-0.6036477338603612,10.456544350169198,imbalance
17936.513993813194,-0.9813243411352324,-2.6858224705204425,9.554910967787016,imbalance
17941.560202132554,-2.435349424915968,1.4496676260519237,9.09279764909033,imbalance
17946.492096057,1.3001008462132893,1.79253321736306,10.126911235458008,imbalance
17951.405618164812,2.1590428534363943,0.0515465232054789,10.142088589617028,imbalance
17956.44037288203,0.1265063408605427,-3.2093145855173626,9.326011262870876,imbalance
17961.418019554596,-2.9463407981336407,0.9403891968083976,9.319154467534862,imbalance
17966.48774769516,0.5933451390418554,1.8338063008157448,9.983227797207803,imbalance
17971.431759765783,2.118131331879211,0.849937931100541,10.498780118555311,imbalance
17976.425198717257,0.9325841168707816,-2.853205484758906,10.263481550975524,imbalance
17981.451771683558,-3.2126818898521217,-0.4864325597068217,8.764558437304515,imbalance
17986.31007786749,0.1656108244327632,2.202829545902916,9.793194618636743,imbalance
17991.231798791774,1.5928923360130225,0.7616392349342651,10.781393220268038,imbalance
17996.212027765934,1.5805201877878226,-2.5333248962579518,10.011450944934875,imbalance
18001.159948943754,-3.04865918049312,-1.191484889944003,9.011144912633958,imbalance
18006.168041844823,-0.4387221516006266,2.354443970257923,9.390813470654493,imbalance
18011.189387291048,1.3112716426112063,1.46870656426414,10.611256229025384,imbalance
18016.21905487761,2.194558055082222,-1.5224825377577729,10.1459706871836,imbalance
18021.146144314986,-2.144362288463677,-2.2390406954773487,9.39666293936706,imbalance
18026.04226840414,-1.3102792909301282,2.0285932928907835,9.099428287237986,imbalance
18031.00246038052,1.2958562477331332,1.6639979751264524,10.514888695099453,imbalance
18036.12928831669,2.433617499435322,-0.7489868174087811,10.628201528227876,imbalance
18041.18554630041,-1.949300464665629,-3.0075306045702908,9.233467191426053,imbalance
18046.2179030531,-1.8051740066292183,1.987323804307384,9.37146735429001,imbalance
18051.234187358743,0.8143793382283897,1.4029751847491236,10.113801152306811,imbalance
18056.17771370582,2.4345556159082795,-0.0814229506158111,10.48383560801087,imbalance
18061.062275417164,-0.2636735345208235,-3.060261504875499,9.465354965554202,imbalance
18066.01208356391,-2.828154022406814,0.671285679373967,8.69786473429282,imbalance
18071.045824999223,0.5021833614310341,1.5752458865518533,9.694093893764784,imbalance
18075.995108815867,2.078182056607747,0.8669390540886507,10.503692457176864,imbalance
18080.969328365187,0.7891260258268301,-3.1445264786568425,9.855491918331415,imbalance
18086.00153300703,-3.1955171938212645,-0.0166756931612913,8.794183683222176,imbalance
18091.05247134579,-0.0684416574584871,2.2779018119396808,9.907866040642384,imbalance
18096.025463037287,1.7358930150139225,0.8146608281876979,10.790433915960117,imbalance
18101.085835277943,1.1852531007252485,-2.390900162015016,10.3404567591635,imbalance
18106.10380157447,-2.989738197656557,-0.6805309380489148,9.18223051166955,imbalance
18111.13193942064,-0.2127883227266698,2.12613364217557,9.434200453794892,imbalance
18116.12062140491,1.5852374552573067,1.0791004283292749,10.608661519214069,imbalance
18121.117200781424,2.1626037990007694,-2.3719450420358745,9.867139634738091,imbalance
18126.16493356469,-2.731076157108157,-1.7464981751132405,9.272684667033571,imbalance
18131.16025773968,-0.5893272555812128,2.291475115382903,9.432048106834328,imbalance
18136.16593070268,1.3034771279769592,0.8079578261688002,10.571633568212526,imbalance
18141.269632313084,2.3297059691873447,-1.586186938332323,10.116306899824451,imbalance
18146.214601599542,-2.444609799003413,-1.85287778394552,9.49598846411086,imbalance
18151.25701909045,-1.6649369831031156,2.0237164770595477,8.815793692140431,imbalance
18156.34545531764,1.1313174609821657,1.285084876130493,10.395815095366912,imbalance
18161.370161829276,2.3913374406969226,-0.6748226177076182,10.646304950836198,imbalance
18166.392421820197,-1.8486277057004108,-2.379103220124637,9.42891799912393,imbalance
18171.373863031666,-1.7578968309047187,2.159161136925822,9.430922090508048,imbalance
18176.434902743877,0.8589852347298088,1.4912490728022805,10.397883368723134,imbalance
18181.44302202775,2.2200439951535444,-0.6362435014016742,10.840277553723327,imbalance
18186.45741844956,-1.0836018576908315,-3.04806639414826,9.962680448624068,imbalance
18191.415157498606,-2.521989463914772,1.4514208423901058,8.998124391806199,imbalance
18196.48389554861,0.6997054483598775,1.9205571756749809,10.191510712233445,imbalance
18201.44124509919,2.0557450344154478,0.2087031230575281,10.648539297984584,imbalance
18206.42248349557,0.2951377169587092,-3.40064388298581,9.573618629539824,imbalance
18211.36338463993,-3.0213869256701527,-0.0702903756411429,8.88787468520072,imbalance
18216.318468778816,0.2922602664397716,1.7440352319691876,9.751334686003831,imbalance
18221.32483136094,1.6714113897086749,0.4628626124629824,10.829929323775232,imbalance
18226.340178617236,1.5571022745863583,-2.5952329399799057,9.948085355258993,imbalance
18231.386250545725,-3.079924737035295,-0.1581431990700764,9.115260371380732,imbalance
18236.422805717037,-0.2406555394133016,2.2322082531427205,9.63452315167418,imbalance
18241.411206797384,1.6310770875327814,1.234467885923431,10.789960059868871,imbalance
18246.40939299858,1.7980036501642256,-2.46447802451654,9.890397718573926,imbalance
18251.416311950456,-2.641400659589991,-0.9749888309423176,8.90626568037232,imbalance
18256.478568158946,-0.8157517765234708,2.33110310645824,9.72849052083486,imbalance
18261.41141927273,1.6565761678497493,0.8368870618336166,10.456295522590302,imbalance
18266.42950799629,2.2171060761520125,-1.605008541718097,10.157175181140389,imbalance
18271.4286743882,-2.706370073018592,-1.8907300616904208,9.021293946754271,imbalance
18276.45652058081,-0.9722759324595234,2.563926406471148,8.997841009891427,imbalance
18281.497460832445,1.3329183633703183,1.068454361919838,10.425037250222674,imbalance
18286.37053285889,2.60566591093634,-0.8073413347748308,10.274894034454723,imbalance
18291.46596897595,-1.8076935611433536,-2.4680916263836927,9.05167397171128,imbalance
18296.48485923072,-1.6217760700315205,1.6653782649860671,9.513840054600609,imbalance
18301.468625034257,1.0223060519231917,1.7862001964509722,9.993685383910128,imbalance
18306.44077619484,2.4652111900453075,-0.6278082463465149,10.643404120820025,imbalance
18311.40360650701,-0.8360472842344129,-2.988340870214888,9.143352195807516,imbalance
18316.40957265327,-2.417461129240639,1.526430912182856,9.059568380387336,imbalance
18321.421075324408,0.7738617575871612,1.9901129686509984,10.200276962352564,imbalance
18326.327943978376,2.398855945705592,-0.0971906937483891,10.963166965267,imbalance
18331.447534823288,-0.260519238945561,-2.944410491334633,9.836353038604065,imbalance
18336.37712311885,-2.744781448872895,0.856323107393524,8.778039830141353,imbalance
18341.42579142585,0.2879477946918267,2.0370961778028165,9.931072867677564,imbalance
18346.487998217573,1.7191451852577626,0.6841985754160118,10.980867413507228,imbalance
18351.574530762187,0.7186715440781819,-2.9057703172863323,9.938335115507622,imbalance
18356.50930725776,-3.092431841648662,0.2068850150807497,9.47309316996458,imbalance
18361.50687038725,-0.0465068001777844,2.485742145931068,9.568659283191828,imbalance
18366.453829310507,1.2821215012771945,0.9867964640662914,10.911964192880175,imbalance
18371.44239445234,1.6531215997369713,-2.7608916532652863,10.148357697462298,imbalance
18376.357614090004,-3.20118070776728,-1.0780496850596777,8.869941180327608,imbalance
18381.28407333259,-0.730132749441813,2.345391992745135,9.194118778360066,imbalance
18386.22364521125,1.4216099892129623,1.61048206087162,10.78732368659517,imbalance
18391.149209500123,2.2914326637925355,-1.7008035157352508,10.451601341844036,imbalance
18396.18599487393,-2.3427182418221597,-1.944549200616013,9.106477135641548,imbalance
18401.16299698722,-1.2235449321309058,1.948201132202218,8.975188103201516,imbalance
18406.050130502328,1.3021821477716886,1.2266240652588625,10.436353546654834,imbalance
18411.08954553496,2.4439460513404447,-0.7989287045859929,10.482693757451813,imbalance
18416.157176810084,-1.2889875862526874,-3.0189277485452,9.386055380482391,imbalance
18421.082534504258,-1.78736812284234,1.5998699515444763,8.861697484409104,imbalance
18426.099738536228,0.6625516242716445,1.801750757162768,10.36797610699277,imbalance
18431.229138581075,2.365455112662799,-0.4268244570723896,10.3503329721551,imbalance
18436.2508441135,-0.8024048549386387,-3.103567652374111,9.18394598249263,imbalance
18441.30938275666,-2.434019368845978,1.3444947008001875,9.163911012948995,imbalance
18446.37379019216,0.589125457895996,1.999820933143863,10.089550774373349,imbalance
18451.37455489196,1.810196815684257,0.1253909742735618,10.58701020986288,imbalance
18456.327895503127,-0.0862505159134953,-2.804584455488736,10.088717963684356,imbalance
18461.424314597258,-2.424055150444868,0.728241893374473,8.797524912339838,imbalance
18466.399521465966,0.8254744111696273,1.70428676960896,9.933536443611084,imbalance
18471.36863164604,1.6370288427103512,0.6181003522473302,10.823003008639944,imbalance
18476.40281478509,1.0374058182569814,-2.925834091746541,9.807084048390507,imbalance
18481.465859498872,-2.942332539741061,-0.1545488077169593,8.889535599281073,imbalance
18486.46472065595,-0.0382933847529045,2.2801062974959114,9.80080661756948,imbalance
18491.45592867699,1.5585997325308496,0.8980950970219708,10.349457769444172,imbalance
18496.42652712377,1.633913187860718,-2.552220311277193,10.299521663630264,imbalance
18501.46355365706,-2.821583688236436,-1.3181256626555924,9.338000489196617,imbalance
18506.43601056592,-0.6183437682342622,2.3212357164980046,9.617533403519204,imbalance
18511.369318177058,1.207502436826707,1.5428523152950384,10.704771428617471,imbalance
18516.32191925451,2.6755223747254533,-1.304722036664537,10.34468321644613,imbalance
18521.293704447467,-2.185000200443044,-1.9658173406674837,9.224459824640885,imbalance
18526.22068628073,-1.222410825677313,2.1305226234942958,9.029546271649796,imbalance
18531.21898972238,1.0393237181546522,1.3475270982764418,10.799967419085345,imbalance
18536.231659560628,2.195195158866936,-0.9381527771997288,10.126905018592442,imbalance
18541.21263309685,-1.683199558293882,-2.649511157026208,9.291832116798313,imbalance
18546.22830248361,-1.717697115947871,1.8542252772826755,8.70539290820157,imbalance
18551.22510242966,1.0241100444367437,1.7808997362843209,10.602531406839626,imbalance
18556.148001092348,2.5799338902037605,0.1081102835453617,10.640628774014903,imbalance
18561.179958331657,-0.8379374145965135,-2.7576335071191824,9.531104588367278,imbalance
18566.12883029988,-2.6964497284873783,1.560766955575815,8.970820763100717,imbalance
18571.15080491341,0.5311631145039667,1.7583037800120993,10.100378227101595,imbalance
18576.152839210677,2.100966843162276,0.4017235259658946,10.974189226163524,imbalance
18581.149083395838,0.2444599060303302,-2.975853666594813,9.86527665889482,imbalance
18586.19278569059,-2.758148893542197,0.3180119203534921,9.05386394276749,imbalance
18591.19634892786,0.2991028250372338,2.264897725969551,9.93130969245084,imbalance
18596.100278171845,1.9125087735952688,0.8830871490314584,10.7203961931853,imbalance
18601.09391279108,1.2429390562544982,-3.2195189335730143,10.182491820584726,imbalance
18606.06335684299,-2.9482279518701686,-0.6698694221014008,9.240521407499571,imbalance
18611.03441312167,-0.290707291670487,2.2727290339974666,9.760547025007709,imbalance
18616.002124523155,1.4640113584785543,0.7407347183185038,10.692024722092627,imbalance
18620.894958005647,2.0312790636868074,-1.6939663235224416,10.254535977221696,imbalance
18625.922173907373,-2.7656346410742403,-1.982874976441027,9.275080352204307,imbalance
18630.87569381176,-0.772950780384897,2.3567057307032035,9.120828330716886,imbalance
18635.85919772568,1.150379455996317,1.448036281500859,10.122000847917487,imbalance
18640.795902503527,2.6317622204215083,-1.0310662799245698,10.31353241803828,imbalance
18645.79631587872,-1.7155140815233985,-2.361633951394034,9.4054044318908,imbalance
18650.74561229976,-1.9061042226137184,2.000918720401431,9.19609820348298,imbalance
18655.71029505563,0.4656909696002178,1.5313516503232325,10.179379479617811,imbalance
18660.7482082598,2.6494879059089027,-0.4432782113622029,10.493200049662986,imbalance
18665.90459387518,-0.9316255453685356,-2.8569459544771005,9.50279733549057,imbalance
18670.832741840717,-2.2765983357929667,1.870728953418648,9.159322823375664,imbalance
18675.85557971122,1.2569140955021356,1.9520439287804348,10.117841106132014,imbalance
18680.902023560742,2.477247576451825,0.1710876718029687,10.697958137108149,imbalance
18685.958359956378,-0.2115726425640735,-3.414306034379044,9.27313444759742,imbalance
18691.05177112705,-2.538073378382418,0.9457684621962092,8.72923822659845,imbalance
18696.01871089564,0.4534876784795512,1.868911851053421,9.606227363281524,imbalance
18701.01491879159,1.9639348728167336,0.7062865928878168,10.807959358735616,imbalance
18706.00277385023,0.5316611170271167,-3.0485138841891297,9.640004987522175,imbalance
18710.99239084759,-3.0425021884553374,0.2006319661502149,9.29760205012362,imbalance
18716.051434702465,0.1081571779003141,1.931220104094052,9.518272605092264,imbalance
18721.0617212502,2.106286121313592,0.4597221378684428,10.639572246620094,imbalance
18726.110368621627,1.43567261014871,-2.847343937226494,9.797009376105311,imbalance
18731.11247410348,-2.838488516576966,-0.4611409931068894,8.997642374310024,imbalance
18736.17509328145,0.1017983490363952,2.6543314467979635,9.749169383128676,imbalance
18741.19885482123,1.396098424845995,0.8897203256096504,10.955434213699908,imbalance
18746.270941871207,1.6207528778838398,-2.4291547669634306,10.54637252169877,imbalance
18751.28507079169,-3.109007617410661,-0.9905428895961969,8.943089420192173,imbalance
18756.26264282223,-0.8184380816451551,2.2701505781263123,9.281004677452444,imbalance
18761.211587939742,1.540826249252963,1.2760982102351304,10.609995689469674,imbalance
18766.180032243385,2.0824157007000177,-1.3988692991111802,10.383944261591532,imbalance
18771.29287106072,-2.6278258832302583,-2.468608773673008,9.28425704201846,imbalance
18776.303748264017,-1.077183619917704,2.117825460321777,9.19259095661372,imbalance
18781.309899339,1.3263819810835116,1.2257916971891754,10.267613101965136,imbalance
18786.34459756645,2.793889863193842,-0.8143974971163861,10.508726576534272,imbalance
18791.298047117343,-1.1697217894420526,-2.758009482280149,8.999015316693818,imbalance
18796.285752676344,-1.8167709605942015,1.7699186609068145,9.077968427909958,imbalance
18801.3540444242,1.3981691266972052,1.4254943798826245,10.066449552265574,imbalance
18806.30863327331,2.4893944550970915,0.203811220620958,10.814358370263587,imbalance
18811.290712832302,-0.760299442577529,-3.1198848494703,9.307541881300152,imbalance
18816.20133269606,-2.6692322346847157,0.9667939755533226,8.888034044507242,imbalance
18821.16914539256,0.622870706540375,1.8409164460343912,9.841308464586966,imbalance
18826.210977969,2.086518951896859,0.4476411382674737,10.521475415132304,imbalance
18831.244078555064,0.2078971148009195,-2.972377732464731,9.98579666743623,imbalance
18836.278616706637,-2.714442935858415,0.7235215649816846,8.796365472976374,imbalance
18841.22421038565,0.1318014146283213,2.264840596601841,9.567176547907602,imbalance
18846.217555330262,1.910694031987458,1.033818867944328,10.70319341659854,imbalance
18851.20987564837,1.1627205095243347,-3.0862274755992374,9.911480080837496,imbalance
18856.27034106116,-3.078845585108002,-0.544975168024272,8.54251112833141,imbalance
18861.25242969433,-0.1199729057895162,1.9691993862609491,9.6845253992964,imbalance
18866.235270048317,1.6327116957326064,0.9207226399199682,10.56271120895134,imbalance
18871.299873662923,1.511866141943405,-2.2579721976579683,9.915509726069205,imbalance
18876.339468373488,-2.975645611638704,-1.2608544446138912,8.627778336263003,imbalance
18881.287828988367,-0.4386271313443115,2.1950436793082555,9.28220484470444,imbalance
18886.225004722262,1.2114392196469006,1.1664576111063705,10.53682405486742,imbalance
18891.36506019491,2.271295969714892,-1.6548536156535698,10.290457382844211,imbalance
18896.398055502566,-2.4757755280676377,-1.6909428085530425,8.741215892462641,imbalance
18901.34457001155,-1.0678094880535267,2.4986269824275764,9.151715194244767,imbalance
18906.38703345805,0.9050312139535434,1.492037339368279,10.40441264517617,imbalance
18911.35258980902,2.423151264165488,-0.6107833567665841,10.47167387128374,imbalance
18916.28535051059,-1.7187074763112251,-2.904569363185214,9.432852573033328,imbalance
18921.33804296754,-2.232967914037967,1.8797853388701733,9.115565724676523,imbalance
18926.400465259965,0.6426421291338766,1.6107194572574104,10.19330610148647,imbalance
18931.4549267646,2.274428597691216,-0.1588359437197196,10.356358390245983,imbalance
18936.45173679675,-1.0597334629923745,-2.8336962105537555,9.37186552532544,imbalance
18941.494857244103,-2.479454226324832,1.1862532426756254,9.003057457433254,imbalance
18946.49632442648,1.0523020094866056,1.6479143617569716,10.109420661436673,imbalance
18951.49196157497,2.1798815592918963,0.4372745982957166,10.59596527042978,imbalance
18956.5461734886,-0.1921391937227515,-2.9092469810516213,9.734316539785478,imbalance
18961.53530078608,-2.748280872984214,0.994188780533098,9.046013522046204,imbalance
18966.567668253185,0.5438408068963808,2.226860183916044,9.953848520422174,imbalance
18971.527408010363,1.889599255084133,0.3978264929923157,10.757905561341456,imbalance
18976.56008894958,0.8247608031463476,-3.247558152601304,10.03423263506262,imbalance
18981.540403289386,-2.7569735165713243,-0.347522168811527,8.865937654244043,imbalance
18986.466135586685,0.414844786843151,2.3209504030588217,9.746860743822754,imbalance
18991.493137957787,1.5682542414661258,0.9972058049687852,10.627457931838515,imbalance
18996.56092769941,1.3338695436807946,-2.432092258929943,9.866853865234804,imbalance
19001.61287312415,-3.294551904466404,-1.044275548565767,9.023913149144413,imbalance
19006.57129571024,-0.4238204218431727,2.260012340119132,9.784690721269795,imbalance
19011.63197630058,1.2193394595075675,1.1665544603789746,10.97016246449786,imbalance
19016.506199961867,2.543695613896856,-1.746348924263328,9.91483530581827,imbalance
19021.500091184145,-2.486137584810498,-1.6308536128782376,9.19872520194806,imbalance
19026.502510878287,-1.2528280296972572,2.396432801456581,9.128727436077154,imbalance
19031.477345174248,1.192133635980944,1.338865803737971,10.401551453903014,imbalance
19036.59684670212,2.47981288355342,-1.101765036865435,10.649401620644946,imbalance
19041.389946241303,-1.7614837104957854,-2.896300016199636,9.44097724817538,imbalance
19046.328502828623,-1.785756780702526,1.6794984431560158,8.41855783414079,imbalance
19051.35439678471,0.9326805900369762,1.646497702629912,10.19494493052582,imbalance
19056.34585905088,2.465487757592326,-0.1656164870742213,10.447946239809989,imbalance
19061.287180073075,-0.7861302298122483,-3.269598173726901,9.724685130257956,imbalance
19066.310428806963,-2.625859056582117,1.254060946092231,8.885992336525947,imbalance
19071.401100656127,0.6495493649261241,1.7046301171756528,9.998811697571927,imbalance
19076.39532177165,2.299008408845209,0.367876225419497,10.758236291030288,imbalance
19081.36313807355,0.1240618681289658,-2.935093687850182,9.669308164064708,imbalance
19086.4300674569,-3.2000462153587668,0.8113397997659335,8.579722001317451,imbalance
19091.379541067123,0.2061594238131059,1.583739419299436,9.767980190154104,imbalance
19096.381728007364,1.889603929301469,0.905732926186898,10.828387986642744,imbalance
19101.367882207876,0.8786792180073869,-3.118253736093948,9.882550120498546,imbalance
19106.378189774787,-3.153234078704909,-0.0949956050689934,8.816752090944608,imbalance
19111.32419803551,-0.2115752154420752,2.140891103202213,9.691691815001416,imbalance
19116.33011037621,1.598521672181958,1.1535297610106818,10.582087748014043,imbalance
19121.43336214617,1.5396999573397356,-2.6815862378222683,10.30131253009674,imbalance
19126.40641800811,-2.9993088567121093,-0.9667755295319528,8.91531727829315,imbalance
19131.37743174976,-0.7855078362041745,2.281810229636336,9.17492430272216,imbalance
19136.37634471225,1.090207152138231,0.986835608010662,10.5312494699592,imbalance
19141.25129835047,2.1076303759161648,-1.4930205173896225,10.47204699589705,imbalance
19146.26449141203,-2.533880857290608,-2.000701812847596,9.09073130576112,imbalance
19151.202655293277,-1.5352465011185878,2.1298426567433477,9.133682639581592,imbalance
19156.26382146461,1.2726233868749794,1.0813481816936743,10.17448158141366,imbalance
19161.264919436235,2.6472520778586963,-1.0275597679746142,10.84462523979366,imbalance
19166.177615179324,-1.7225673275810895,-2.9315732728559665,9.092872623368008,imbalance
19171.15916069247,-1.9837545265276184,2.282648612715529,8.928767738568236,imbalance
19176.172488262717,0.6345442578654407,1.432359398967786,10.179067553602298,imbalance
19181.15041143215,2.3712187715020177,-0.125337056658605,10.531264684421624,imbalance
19186.151647839582,-0.2699555314280667,-3.378092956011117,9.307270428509336,imbalance
19191.175173098258,-2.898836876864396,0.9769866920659296,9.109065162240876,imbalance
19196.158140418545,0.8821111791970107,2.000900284247989,10.081555732219044,imbalance
19201.22636489524,2.2357253906026613,0.0320598757711348,11.000977996497229,imbalance
19206.19686623709,0.4476119022980652,-2.886717260337068,9.536142427587627,imbalance
19211.25686612825,-2.469509121485666,0.919242449742438,8.700471615066242,imbalance
19216.31243017692,0.6311148817477742,1.804511540572953,9.755501391106908,imbalance
19221.34717479277,2.1310138310014017,0.748753263962103,10.518684766398126,imbalance
19226.35839976054,1.192813126073885,-3.100300339569961,9.934223041650004,imbalance
19231.36676250904,-3.336013150171488,-0.3143781206599556,8.877791816322938,imbalance
19236.34489375769,-0.0767527488936383,2.014743289271256,9.686093278244844,imbalance
19241.392816027124,1.8519092472961844,0.8907864215808871,10.721606610680617,imbalance
19246.40342286059,1.4974376037394976,-2.2950527210993137,9.883124678094916,imbalance
19251.468981596143,-2.931544144877934,-1.0160553479080732,9.1457242236615,imbalance
19256.412519506557,-0.4945615362861694,2.510505583376785,9.364203565076911,imbalance
19261.346467187203,1.4830557222909884,1.3165171424476247,10.246855261165493,imbalance
19266.36134280144,2.2548486840957285,-1.2264054507814417,10.403607452427927,imbalance
19271.30694145339,-2.2276175189838594,-2.427308141214042,9.161821990963595,imbalance
19276.27257388573,-1.494793632409536,2.347874550813166,8.927154996690707,imbalance
19281.27949645696,1.4018737781202462,1.6448595313967909,10.449749596046136,imbalance
19286.20393093821,2.6315427362504327,-0.6311385043950769,10.276799270339774,imbalance
19291.181932461237,-1.7134426380806769,-2.5184607512757955,9.520842724507238,imbalance
19296.133612232206,-2.1163335840843382,1.912561692570956,9.084296987168845,imbalance
19301.09795483794,0.8115761754830251,1.7118153121956456,10.254239291799747,imbalance
19306.03535124159,2.22457810058878,-0.2402878232836502,10.791259681383602,imbalance
19311.0393594046,-0.2669460864485097,-3.0845490111613665,9.728738719203786,imbalance
19316.056857618027,-2.677693673655314,0.907029675541321,8.892370637442303,imbalance
19321.02870433763,0.3785160765042937,1.8974830065658308,9.429311178004845,imbalance
19326.061874691048,2.0648584422838683,0.2915948078113053,11.03126025642474,imbalance
19331.02874558552,0.5829469297053734,-2.826252972930536,9.699892186099612,imbalance
19335.992424990247,-2.7950258684059723,0.2991583424937101,9.098625606806449,imbalance
19340.95501180863,0.1771519416669645,2.184709067170284,9.470700421144317,imbalance
19345.979281425043,1.8210390197317556,0.8598389817080326,10.820532717273329,imbalance
19350.93704592907,1.3526771708793563,-2.807626008062704,9.725998194949389,imbalance
19355.999186568264,-3.233142245734969,-0.8742520595536596,9.376494949900088,imbalance
19361.01992838747,-0.5342810558423746,2.3848062070245857,9.153583155824188,imbalance
19366.037896423582,1.9633500441977705,1.0836269288244218,10.766952855243051,imbalance
19371.00498216705,2.256808039910493,-2.141349969678516,10.279866226611745,imbalance
19376.0237799085,-2.7570569340210835,-1.729614763019498,8.881121037598081,imbalance
19380.9915215996,-0.6884142240555235,2.4667025766056483,9.204394401620744,imbalance
19386.132661151554,1.4632814660306823,1.2260227609627217,10.372929096282157,imbalance
19391.109008892847,2.131436170969272,-1.347542415399169,10.312728041699613,imbalance
19396.095584148643,-2.24091640266255,-2.248421213432121,9.34162812835606,imbalance
19401.09108556195,-1.2368076982713452,2.2567994410191847,9.145126303499753,imbalance
19406.10211436672,1.2968553568096173,1.394088115499061,10.241442835598876,imbalance
19411.115908359905,2.615716489925316,-0.8239208488342351,10.637977540209732,imbalance
19416.07011493041,-1.2229320926438034,-2.9469832370501114,9.401486602230934,imbalance
19421.01052108352,-2.3282679728472986,1.5456702744344208,9.115336342202369,imbalance
19425.977197239103,1.0904156114400398,1.9399632801604112,10.279617916017925,imbalance
19431.07374323224,2.8367836493779213,0.2129892812718404,10.583214931250836,imbalance
19436.0819124976,-0.4845852564351139,-3.0768007442262197,9.53700942989744,imbalance
19441.15590771175,-2.543920767046377,1.4358474477328331,9.010696124716125,imbalance
19446.1241110138,0.8009779850548643,1.8840361028527732,9.829346089776244,imbalance
19451.112656923968,1.810385408079555,0.3010579578198116,10.70696284650967,imbalance
19456.103010787967,-0.0099052588700824,-3.2139869600910345,9.552216649467129,imbalance
19461.016275611026,-2.799240665369638,0.0692797503509,9.220547850388154,imbalance
19466.05332132735,0.496522484861007,2.175328238578308,9.964497395126838,imbalance
19471.088557442723,2.0972109960710186,0.7539167376040647,10.96845446638762,imbalance
19476.042135242213,1.3283172863117854,-2.731037513005933,9.915625636698127,imbalance
19481.034112374626,-3.0522181775223016,-0.9283437319223568,9.175706523121464,imbalance
19486.115332210597,-0.071855668003833,2.149229399395609,9.649245850382917,imbalance
19491.205905273306,1.4772615282331505,0.8289177661541227,10.790781418688004,imbalance
19496.324871456764,1.8301782239350377,-2.30640262231203,10.091820688651566,imbalance
19501.25078238112,-2.8432841740500754,-1.2452871532914815,9.003261143195395,imbalance
19506.18845850634,-0.9096278744827704,2.494069507642013,9.6180539511064,imbalance
19511.21544825099,1.5319955640384422,1.027506557722305,10.532148939184385,imbalance
19516.1935133073,2.34492534854721,-1.7563780858178244,10.423638443230322,imbalance
19521.19923347901,-2.759112689561123,-2.4332037101068518,9.148041775513368,imbalance
19526.19516082727,-1.3413948622934215,2.317554277171923,9.164881784225946,imbalance
19531.223759519125,1.192620815040056,1.4894033965309046,10.2404062806759,imbalance
19536.21969124641,2.430627365290983,-0.8201411468248428,10.707482601828474,imbalance
19541.269297490857,-1.5994379325378505,-2.5893816158899505,9.370772337103912,imbalance
19546.307736837272,-1.7835484571404214,1.640430618980098,8.823397221707475,imbalance
19551.347438574547,0.7704939582183361,1.5485268298371475,10.25205063881593,imbalance
19556.32996590729,2.0206970682089,-0.5614682932269652,10.730776719774196,imbalance
19561.277840404244,-0.5604173489284969,-2.8556554989579017,9.559481600530942,imbalance
19566.318908705245,-2.71354169570249,1.6797009769821831,9.044708333379784,imbalance
19571.27782914873,0.6402433188198521,1.7780215207851076,9.97087425200927,imbalance
19576.25920041257,2.121073590947984,0.1367395932100988,10.362331378816828,imbalance
19581.30396040852,0.244876967475254,-2.940302945456133,9.51945490500989,imbalance
19586.324849259032,-3.176393058878131,0.7260421027918998,8.829189275337177,imbalance
19591.20421076042,0.2745515003749023,1.829422537854065,9.842285257898492,imbalance
19596.224720606304,2.2250864983598126,0.587829176800672,10.998513331255872,imbalance
19601.309140945013,1.1215245257586477,-2.6921990407167886,10.417348892200955,imbalance
19606.260058624383,-2.811013461412805,-0.4498031091325469,8.857056874340838,imbalance
19611.34993453091,-0.3272071675435967,1.929717238618705,9.433979223968624,imbalance
19616.25828496073,1.2562049200661098,0.7745699254677342,10.616865393687956,imbalance
19621.157980815697,1.8814833726275344,-2.089700702810525,10.048115166954716,imbalance
19626.11211894104,-2.999368527467319,-1.5497237053239314,8.790561610881422,imbalance
19631.07798723172,-0.8223225122860021,2.2453258898215034,8.973874433309561,imbalance
19636.07781452134,1.3424022707960497,1.0812798539590154,10.581541409934085,imbalance
19641.08735560545,2.405692205607716,-1.4774335215283538,10.558391652263328,imbalance
19646.08441794373,-1.9899668016559031,-2.2222711541523976,9.132708701507886,imbalance
19651.029547142327,-1.511609268121666,2.298357373193447,9.208127709978186,imbalance
19655.9815003064,1.4730788182774328,1.4748174591888576,10.705322604820603,imbalance
19660.92275109461,2.6455374498004485,-0.7387658965366587,10.600063827806585,imbalance
19665.88829655609,-1.4814011807723937,-2.8509449838022216,9.270690472545132,imbalance
19670.913180405296,-2.075317977356397,1.6427651269568908,8.902899094418398,imbalance
19675.94069937665,0.6303112551881391,1.608050035132462,9.78296413934194,imbalance
19680.96574045159,2.234140230695417,-0.1617702205507856,10.809077335269578,imbalance
19685.96070909297,-0.6847444973070365,-3.2497374656531526,9.498789256495067,imbalance
19690.921576544315,-2.642393257590377,0.9568303392863362,9.01123421576824,imbalance
19695.904172904546,0.7865165564906459,1.7666912287649674,9.790201203161446,imbalance
19700.83974718446,1.9093245178555736,0.6861989319426993,10.617539897258162,imbalance
19705.92375754926,0.5349417944391327,-2.9061040068940702,9.883133995733202,imbalance
19710.98557331564,-3.0183275591000305,0.4012770683464697,9.037146791002831,imbalance
19716.025246318863,0.3731905455567204,2.077771616911445,9.893657584951622,imbalance
19721.04743773681,1.842544233374196,0.579535194821061,10.34964958152392,imbalance
19726.09872893178,1.5671871921657563,-2.686754736998961,9.992899097151565,imbalance
19731.01081996409,-2.7283273224397693,-0.3613481564776594,8.646658842289398,imbalance
19736.042655617075,0.117108711046364,2.301458154374765,9.567175015397668,imbalance
19741.009760086567,1.7150687296057985,1.3560144981393334,10.660425431650443,imbalance
19746.056485748653,1.8216535520218475,-2.29964510729167,10.529058681170982,imbalance
19751.12762343023,-2.8653662912622293,-1.3390779094485006,9.11245314049013,imbalance
19756.192273698565,-0.7305740810792143,2.0232009411181986,9.523383721766026,imbalance
19761.15197645524,1.1461898232409515,1.4459032053656764,10.60439474846116,imbalance
19766.18038570859,2.299445871287334,-1.605280979500169,10.93761714284467,imbalance
19771.14378658729,-2.423225977489235,-2.393989351729637,9.467326072680423,imbalance
19776.14877155103,-1.2785677547475065,2.2998266005967687,9.052824214900284,imbalance
19781.10474883624,0.9796113000195614,1.3402763071321957,10.263751477640184,imbalance
19786.09155602609,2.0908646713841144,-1.0257396313882552,10.532134234188836,imbalance
19791.067251586664,-1.4154208121065202,-3.0437086681023198,9.0648060087661,imbalance
19796.02615707353,-2.4085614470328607,1.9446598298969835,9.256200021830486,imbalance
19800.964479359063,0.5239755241976184,1.9336245870921096,10.01660568511704,imbalance
19805.87308805617,2.424514809701608,-0.0534613466083872,10.750818538288277,imbalance
19810.79214060043,-0.5204217722737324,-3.3391322078512804,9.776100501623452,imbalance
19815.821725405604,-2.641223791745234,1.169685678898986,8.946246036589729,imbalance
19820.822152549437,0.4129780039739723,1.8947649678238156,9.864619157739837,imbalance
19825.8480903232,2.1160718682861006,0.7202593138744174,10.886231379056449,imbalance
19830.814662765384,0.4133524606968551,-2.915355061116188,9.638054265964724,imbalance
19835.811143032923,-2.856635561061879,-0.1586087673812579,8.924531148081554,imbalance
19840.85153575978,-0.1713716854891933,2.356382259875601,9.717835399210133,imbalance
19845.86464026235,1.457850650751908,1.3461873510170572,10.601096613769167,imbalance
19850.782246767605,1.40707988532835,-2.1815801869034317,10.07080606066108,imbalance
19855.81595279471,-3.347837902856693,-0.7251963744469023,9.02220222097386,imbalance
19860.76802549107,-0.1856598498915528,1.9738400142964492,9.804825350287464,imbalance
19865.79037036202,1.6054956156231506,1.316746706022968,10.685923902991158,imbalance
19870.775404651515,2.1956126695158558,-2.0401340597158235,9.809157881809872,imbalance
19875.685938064675,-2.8911720062462254,-1.938162315497124,9.291507364491592,imbalance
19880.63161918513,-0.943398536656438,2.3380310462610305,9.278042627793107,imbalance
19885.59119459115,0.6716393583435916,1.6532042971282055,10.17523028765158,imbalance
19890.59148108212,2.4837624375121794,-1.0704196552345209,10.567849448035494,imbalance
19895.65985536209,-2.253256036798199,-2.8814882877871653,8.92898284531225,imbalance
19900.62807945333,-1.8482279484683044,1.7529667136815812,9.145382670344228,imbalance
19905.58386179289,1.4125993315921557,1.538395164948478,10.270251900161671,imbalance
19910.529759604127,2.1918359633290803,-0.1572729249818103,10.637967392992042,imbalance
19915.52837801524,-0.775108774126682,-3.203788849201389,9.292860059376611,imbalance
19920.57545204925,-2.484962088368263,1.48127644096601,9.123097003194935,imbalance
19925.559147737604,0.7642712924776218,1.5258951226059607,9.969571962950829,imbalance
19930.60716473929,2.433751872119048,0.358591487804115,10.770962130932796,imbalance
19935.55911338129,0.2486822338496725,-2.991317528965136,9.846898191575834,imbalance
19940.51946813291,-2.80420670570543,0.92107505451661,8.506848281604782,imbalance
19945.545370020125,0.3248432576301001,1.883427950249129,9.555220271590793,imbalance
19950.50740215556,1.739106019190876,0.7016686584991408,10.653767560884798,imbalance
19955.475148554982,1.3290813305181317,-2.9193218825787115,9.830000608680026,imbalance
19960.42484374736,-2.992804646414678,-0.1499216360097583,9.271769832248705,imbalance
19965.38944995612,-0.2358162791444179,2.251838977336995,9.630779231555586,imbalance
19970.357166600483,1.533253032096907,1.3275712710947984,10.550971658749368,imbalance
19975.34376683098,1.6219850372977789,-2.0789398407996478,10.329783500614768,imbalance
19980.240220004536,-2.6316999935768,-1.5114067992269242,9.252538516665313,imbalance
19985.171187498832,-1.142371057988015,2.551719257271668,9.301243586868893,imbalance
19990.18953413558,1.267171068339292,1.539178063625438,10.397341842328466,imbalance
19995.1310645904,2.532333588512256,-1.7546646991148216,10.28911052737084,imbalance
20000.14095966795,-2.260541326894014,-2.654630470258697,9.094357461193988,imbalance
20005.12884690716,-1.5369833499339545,2.190515040381649,8.701128360348159,imbalance
20010.143171323773,1.3805126933054266,1.6688815643780237,10.148986517763204,imbalance
20015.117328182827,2.548907433146125,-0.6433876160891067,10.504116976208756,imbalance
20020.024154667262,-1.1444908255651611,-2.733202487065878,9.419585702137589,imbalance
20025.02162788197,-2.56065651702518,1.539962897917131,9.091732894581178,imbalance
20029.962894400585,0.9598188805144996,1.7206526946192429,9.89020807647925,imbalance
20034.83164415408,2.2041506368235058,0.4507687675579502,10.777102187078352,imbalance
20039.840882365163,0.469966178384661,-2.9059044077326543,9.727835218826224,imbalance
20044.790459187432,-2.859230315690086,0.4532728794710216,9.091125236805652,imbalance
20049.749893294374,0.6216029611477645,1.7630706391736726,9.85743543948009,imbalance
20054.76359491661,2.3148416533219485,0.3672121943757988,10.868668780678384,imbalance
20059.859446733808,0.7540641603030495,-2.919833128041055,10.061500175268904,imbalance
20064.88890956722,-3.140152747808204,-0.0457634225335449,8.890715435020061,imbalance
20069.946647435103,-0.2142220597447026,1.955680872509988,9.743709257703966,imbalance
20074.923633846112,1.81549131764286,0.9729996564220716,10.6565330493481,imbalance
20079.95682561453,1.7401078654285458,-2.865410169470359,9.69274622046856,imbalance
20084.815162995517,-2.997013677689691,-1.1820338456200457,9.128923371518589,imbalance
20089.756063990648,-0.8156680661934288,1.917720373025916,9.525429155685902,imbalance
20094.701992390776,1.0439414292764395,1.1302396221622963,10.647376044349697,imbalance
20099.701133797276,2.1483165809791114,-1.84462115223897,10.147871349114338,imbalance
20104.67361379083,-2.420535601728964,-2.089891622980374,9.19550631163263,imbalance
20109.66288785527,-1.4864773480617974,2.185370785616591,9.322234816201636,imbalance
20114.654058174376,1.3414456769044476,1.3733614955541906,10.264466907874318,imbalance
20119.56243048996,2.303786623939861,-0.6779670746772878,10.832503652344784,imbalance
20124.622436015798,-1.6839549161895748,-2.7331495805506063,9.3990766096218,imbalance
20129.67382995488,-1.929579777626506,1.7539017384314564,9.136997163627717,imbalance
20134.54250355924,1.181697887415638,1.6451888691430303,10.159656447768294,imbalance
20139.538475455185,2.4679825828070805,-0.2227468036463157,10.928948554455127,imbalance
20144.573924673823,-0.4418428558218601,-3.1390903016051555,9.64512094428668,imbalance
20149.48633897076,-2.6733828269029685,1.3715634642897618,8.730410864719525,imbalance
20154.41520968316,0.6271875333906908,1.9480677076465815,9.989610900592536,imbalance
20159.411424562437,2.029325878757424,0.7695379363267133,10.606496017566986,imbalance
20164.472640298904,0.1765577517851673,-3.5859123014346936,9.5018677634541,imbalance
20169.44255418956,-2.715560611083605,0.3837284828230277,8.82176257575289,imbalance
20174.406292613847,0.133861394861673,2.228624805732704,9.585653227700352,imbalance
20179.43358112814,1.6248935287523842,0.7232296136195442,10.494858176461644,imbalance
20184.48021732203,1.295966469290813,-2.944547805002144,10.241973675350692,imbalance
20189.490774013386,-2.9232007882397166,-0.5325121621062543,8.906110964498202,imbalance
20194.48459598666,-0.0728525161423034,2.4082743401326665,9.627289465084358,imbalance
20199.455697440077,1.5833315675883857,1.0681345370944324,10.346765624120223,imbalance
20204.50162975421,1.8838428626922863,-2.0584172513181644,10.10962448316474,imbalance
20209.51927674468,-2.9506920907268457,-1.3802177777185212,9.221990805720017,imbalance
20214.480131561344,-0.4672136367290558,2.1119675080613853,9.28438164912196,imbalance
20219.399528801598,1.2456532117115575,1.0230722982432934,10.215488492761429,imbalance
20224.387963287656,2.358655407949135,-1.4431885900689856,10.639665453490355,imbalance
20229.38230052138,-2.4852343720955656,-2.449365448846518,8.974827208698217,imbalance
20234.42087186049,-1.2320595899829767,2.2170070421154,9.202111803925156,imbalance
20239.375091357248,1.0547729215897157,1.464681407977904,10.10434716987285,imbalance
20244.37002314845,2.2823351643404077,-0.5523645508542754,10.835149679847252,imbalance
20249.38764763992,-1.4694548731511297,-3.008149237699921,8.917994074849757,imbalance
20254.495927471904,-2.1263396242024952,1.8115441501012524,9.164008870536383,imbalance
20259.46565166829,0.957734992356832,1.705878922323265,10.375297766454022,imbalance
20264.41021913485,2.4219650958154118,0.2325571486477176,11.013783000740734,imbalance
20269.39267260366,-0.6829074780805705,-3.1063934022442354,9.359339650863951,imbalance
20274.473538456445,-2.5322097544787248,1.1657929631003188,9.198550695999549,imbalance
20279.4510064532,1.2727274822769643,1.7398652462124726,10.012306053884348,imbalance
20284.42889496241,2.0038645251182547,0.534906234184213,10.860177991755975,imbalance
20289.46779254741,0.5785804064084447,-3.07915735704808,9.503777789745456,imbalance
20294.376081417344,-2.996992699046092,0.6300261603694226,9.05577129547582,imbalance
20299.376820501628,0.3344331746183992,2.1201147290128017,10.092979185816471,imbalance
20304.42326965077,1.865359725974859,1.2651290356531586,10.49147760269186,imbalance
20309.477123861,1.2316524205675314,-2.9417208143112648,9.85206162608463,imbalance
20314.51504910152,-2.89204272892415,-0.4888297409684559,9.470689787296816,imbalance
20319.51821992937,0.0602232333013549,1.83084511832676,9.2565974343641,imbalance
20324.57325743344,1.6748696842125563,0.9832315875435536,10.761739864894157,imbalance
20329.57548648269,1.5746554308256135,-2.263311761467208,10.278616170537193,imbalance
20334.674866813064,-2.712478249894968,-1.1482667277074956,8.991228788265076,imbalance
20339.72657705839,-0.8650780590103606,2.443429939947638,9.545580228903097,imbalance
20344.75281417838,1.4714519920792144,1.3950963411462067,10.51067759403422,imbalance
20349.87897402487,1.85074726311955,-1.8314337823397813,10.523787765114916,imbalance
20354.876806749016,-2.605065521099733,-1.3875953980381304,9.208653807630066,imbalance
20359.87959940082,-1.1705831227544512,1.9287231433983951,8.990407151056363,imbalance
20364.86039953589,1.0854540951057627,1.2340245314317873,10.15744477333764,imbalance
20369.89200684784,2.732396256935803,-1.333661934372797,10.073782053590538,imbalance
20374.963949144265,-1.523279664698669,-2.5122382895061226,9.197510825674556,imbalance
20379.96312790017,-1.701785156790907,1.720970016359319,9.15053782230243,imbalance
20384.925218080487,1.1049986119208266,1.7146176527391903,10.055663654397527,imbalance
20389.84800093414,2.451158811730909,0.0443199509239066,10.723234698691815,imbalance
20394.82690148621,-1.1626341547922614,-3.0000315203209817,9.4247421259816,imbalance
20399.853109283824,-2.2132236588984884,1.5290586889657032,9.081283683547785,imbalance
20404.80153547168,0.7224238945082737,2.10353268816374,10.079387640599505,imbalance
20409.846814715635,2.141331910246387,-0.0704950180160925,10.8621839335521,imbalance
20414.81917510465,0.2582397556435888,-3.349359143058388,9.837204394646278,imbalance
20419.896936662164,-2.850787416342724,0.503082685743115,8.976411030339717,imbalance
20424.993274676744,0.049812407514742,1.8903268792710055,9.920190422336075,imbalance
20429.93848185324,1.878903707965749,0.0693107746277552,10.80442356104667,imbalance
20435.025509914045,0.3713292419411778,-3.2785078576925244,9.64938739026418,imbalance
20440.04950949105,-2.634551562437802,-0.0033755544622521,9.199049997638662,imbalance
20445.0312447261,-0.0981623931309124,2.142359612976552,9.472930675333522,imbalance
20449.99693891407,1.8938226953250863,0.8081356315581483,10.906543355846075,imbalance
20455.02038648953,1.5593867749594092,-2.609921570706855,10.081101185332328,imbalance
20459.95363874349,-3.334746725218648,-1.1411287693238386,8.762220875013876,imbalance
20464.939757167314,-0.1349118770321327,2.2470937097845525,9.761272421906815,imbalance
20469.996669807693,1.7464614958960647,1.2607030879355454,10.75091143719864,imbalance
20475.05990100402,2.035509376717615,-1.8624941311623555,10.468501192372957,imbalance
20480.06725716219,-2.77523142095631,-1.8528444612145236,9.491277721508204,imbalance
20484.93412908004,-1.1163834663210814,2.150749394398172,9.136415505122578,imbalance
20489.9529802294,1.4168973884141196,1.266388471629341,10.48085413911955,imbalance
20494.968569145392,2.596666146264897,-0.9712324045788142,10.466609833673274,imbalance
20500.062631194367,-2.259227497991437,-2.2024248339116657,9.397399537104732,imbalance
20505.045650035576,-1.8482620338703928,1.7254693287346392,9.11353007395534,imbalance
20510.109750555912,0.8646189557832574,1.7124633065453354,10.281537308445357,imbalance
20515.013032854225,2.755503644971616,-0.5037804965079833,10.146362145360794,imbalance
20520.033351394337,-1.3712041550466283,-2.9361254261736334,9.63623792286914,imbalance
20524.990869050445,-2.641750563655834,1.4453955136655945,8.807622429768449,imbalance
20529.98654893477,0.8881683177307786,1.662984660911495,9.988076328955492,imbalance
20535.042066474347,2.529460527140585,-0.4608279323195254,10.654045916291327,imbalance
20540.0476328689,0.0735701348942451,-3.4831906648132995,9.68446150928038,imbalance
20545.127973382256,-3.124617253198928,1.0778802378319858,8.719860954940795,imbalance
20550.2190748132,0.1598846223944202,1.714659855085951,10.0039367872586,imbalance
20555.19690182864,2.0775052886725787,0.526758738777203,10.96525659194588,imbalance
20560.251646983364,0.3031436923653549,-3.0998495734712983,9.581008710942452,imbalance
20565.23397829286,-2.863679998372151,-0.1139394810509914,8.671421269837461,imbalance
20570.180503384818,0.3538625001006305,1.9758641843271731,9.570162470259698,imbalance
20575.24555279548,1.5752288492011697,0.691232667356928,10.463636827041569,imbalance
20580.29333250753,1.5495653018752704,-2.568334932957575,10.041168433356496,imbalance
20585.32146961397,-2.8107505524751124,-0.6549274580553058,8.823381001576509,imbalance
20590.364477398554,0.1472694679699269,2.042682539408942,9.763775182347173,imbalance
20595.41962598176,1.7667590265346385,0.9223237756913076,10.423383625537424,imbalance
20600.449561929945,1.627616088996464,-2.073971541495872,10.251780146541895,imbalance
20605.49781657802,-3.1677590101903577,-0.8515293557151502,9.276169954400716,imbalance
20610.48661493355,-0.6070065143765527,2.421716384923097,9.196582832682852,imbalance
20615.54808282822,1.2854341697614635,1.247642290163247,10.262779276690573,imbalance
20620.47351528164,2.222648602933824,-1.695029363608039,10.176899131272704,imbalance
20625.50044101497,-2.3912573423127816,-2.0974540010580998,9.038609982487555,imbalance
20630.5786875013,-0.987243822401481,2.364858364017485,9.315187020851416,imbalance
20635.47156051049,0.8881336059769207,1.3963711851148768,10.64406823565166,imbalance
20640.463126263483,2.52279938802433,-0.918226458805558,10.547745249089632,imbalance
20645.44543727081,-1.110713823393989,-2.6080154058838327,9.304408998798127,imbalance
20650.433560870824,-1.7671712137397404,1.7847043560738765,9.227418582799237,imbalance
20655.52170437099,0.9909821729192788,1.4321182343750505,10.208236824401142,imbalance
20660.564445874097,2.8869022742650605,-0.4097511792394747,10.856869540548548,imbalance
20665.58360356809,-1.0004997445583903,-2.6885534239823974,9.05499166513132,imbalance
20670.56370075895,-2.651412334453453,1.293580480081075,8.81194857602817,imbalance
20675.55175465509,0.3593140564266737,1.8181112000977628,10.175774513625612,imbalance
20680.50770753895,2.235555478804834,0.2473868022580887,10.332894883403926,imbalance
20685.625378750083,-0.0526728298803314,-2.9693295612466803,9.694159007005508,imbalance
20690.61075369357,-2.797760305066731,0.6876784128975204,9.059309920642432,imbalance
20695.62754595677,0.6229185525001053,2.225601559758504,9.58897308383491,imbalance
20700.7113411422,2.1485702452696733,0.3963332623817261,10.71655990878135,imbalance
20705.67576444346,0.7659591282375339,-2.9073142592939907,9.77748094397775,imbalance
20710.681068352344,-3.043558034258524,-0.2923375408067158,9.174381791402404,imbalance
20715.62547826082,-0.0915044658606364,2.518802971049233,9.6345424926835,imbalance
20720.626174762743,1.33334521894027,1.1927520503351603,10.670636237990164,imbalance
20725.643475391396,1.3827676927444337,-2.472031676154342,10.12474741580041,imbalance
20730.6572941355,-3.2092684047024265,-1.0675162809437089,9.137117781355164,imbalance
20735.62342445872,-0.2674770362803198,2.5519129034033856,9.243947093869076,imbalance
20740.6608702443,1.4427433129392937,0.8657855278119504,10.257354694948134,imbalance
20745.600215960618,2.506459593298669,-1.2484541903265869,10.21924828873267,imbalance
20750.6633685388,-2.2786463521834244,-2.1412879725372207,8.93392681839791,imbalance
20755.67035662626,-1.0166301061046488,2.3537285723809105,9.5918914514058,imbalance
20760.78728059309,1.3845089638530976,1.4843903526529507,10.420246979078692,imbalance
20765.790850958423,2.386825585529877,-1.649968602686439,10.650687698157272,imbalance
20770.834405590773,-2.3685457188309744,-2.392630663107937,9.27136095226438,imbalance
20775.8669922367,-1.3494879362510446,2.1916368579584677,9.18203104024307,imbalance
20780.79230423751,1.0299670451097225,1.393594499226698,10.547457378943855,imbalance
20785.92529721163,2.2985772585891806,-0.5317754835475467,10.635088543190903,imbalance
20790.92635061305,-1.3904300599492458,-2.7581908192414386,9.338661473571523,imbalance
20795.85825587784,-2.2615453341745555,1.735307234956443,9.09297766173608,imbalance
20800.89877185062,0.8630771602487692,2.012185349314659,10.317037187758876,imbalance
20805.93000863105,2.2433134452895027,-0.1683837365231774,10.32035255518315,imbalance
20810.871567748643,-0.1350140632518661,-3.4272191131439644,9.516238406409425,imbalance
20815.82882451697,-2.832906747130365,1.0249213243474438,9.003638913411226,imbalance
20820.726985057183,0.5245049895903626,1.9990711806491452,9.808003408704352,imbalance
20825.71977855871,2.2033740063704834,0.4091483166867445,10.635544964267678,imbalance
20830.734332713477,0.9167229075006336,-2.878061466203071,9.724027582088036,imbalance
20835.68048921725,-3.293399517314745,-0.0411828446331609,8.960314863769073,imbalance
20840.66180758536,0.0723029314238865,2.4115371622646125,9.306149611425704,imbalance
20845.5969406352,1.5887283967240444,1.0299447681550262,11.002887403522204,imbalance
20850.633173813803,1.3745744517377272,-2.6918876362903266,10.369148449288836,imbalance
20855.610621956912,-2.934310546325237,-0.9402968492582116,8.782828355513011,imbalance
20860.5346861195,-0.1799265085000791,2.336806250357265,9.31110507307518,imbalance
20865.478210818183,1.2972598376191071,1.4362521110387283,10.479886357105377,imbalance
20870.55030634867,1.9598972125659389,-1.6458308375943933,10.39178052684961,imbalance
20875.623370305857,-2.6731975834394217,-1.8113789335651835,9.32225772939248,imbalance
20880.583526383267,-1.2348743911799789,2.4050943998364227,9.010983518011036,imbalance
20885.59937583953,1.2124540376252777,1.6764732482314173,10.497866275075616,imbalance
20890.55920551769,2.3528138475148075,-0.8116218066805434,10.470872549463929,imbalance
20895.521938081616,-2.153867989807698,-2.6137471710350746,9.267742336239683,imbalance
20900.461837306422,-1.9560010731276087,1.9498122334678123,9.37082329382634,imbalance
20905.44419008757,0.8035128284469255,2.035154857122172,10.146555685821966,imbalance
20910.4013012966,2.344009370622837,-0.2809408479530274,10.344995067147648,imbalance
20915.43769410928,-0.8866515334029786,-2.9603638402709613,9.516499226585475,imbalance
20920.42235653032,-2.653712046311013,1.501842046965125,9.096430310596084,imbalance
20925.40281498742,0.7280364528223069,1.6529424497437966,10.216951085549152,imbalance
20930.5194307911,2.3005221027080203,0.0967374353518633,10.678583571592409,imbalance
20935.60349777143,0.1620080688415029,-3.500353176063846,9.683164448438708,imbalance
20940.576520266623,-2.525341449067158,0.5712471190816402,9.065377910954332,imbalance
20945.645881821278,1.0288360552963298,1.8513403046238912,9.823868308078012,imbalance
20950.602631147456,1.840723025539737,0.5841511901513766,10.71161815941082,imbalance
20955.557254065472,1.1713430317565503,-2.951116220323724,9.955636025176092,imbalance
20960.580044388786,-3.470318102711221,0.032202267752964,9.001135202661812,imbalance
20965.561588725348,-0.0749140038952743,1.8037998048214328,9.462079699011149,imbalance
20970.510442893585,1.5355472936527272,0.843416735684506,10.850496150088755,imbalance
20975.464740372343,1.458467418427501,-2.1472175657669643,9.84306319460877,imbalance
20980.40250612923,-2.9572943142282915,-1.223893324139049,8.750788371822233,imbalance
20985.386100276337,-0.5840814409497606,2.5832197429336925,9.037525661194396,imbalance
20990.347721410875,0.8604980357944909,1.4116637759819497,10.41903456786205,imbalance
20995.28267912231,2.425571718007878,-1.4119882681578948,10.356807693161796,imbalance
21000.29367460819,-2.3795845369349298,-2.2341421193712283,9.36420542483152,imbalance
21005.336550855805,-1.3212223462890071,2.2434767939962525,9.011174691712418,imbalance
21010.431956892007,0.9656140036378345,1.2280636216308265,10.357125854284124,imbalance
21015.426094628758,2.427064317903135,-0.8260157291742181,10.477576266971148,imbalance
21020.45735358706,-1.7676880111707527,-2.9989523753410623,9.07013072074126,imbalance
21025.547381353997,-1.9203523841936636,1.6503837950953375,9.025884335635109,imbalance
21030.525615811435,0.7049302494580099,1.6686656507431528,10.400993620989494,imbalance
21035.48068931577,2.387591494544972,-0.2660689745023734,10.85794943461557,imbalance
21040.4619988455,-0.8921361055409991,-2.7156341668687998,9.267310725280725,imbalance
21045.49618676628,-2.2980640415070748,1.566784337594579,9.19360314579342,imbalance
21050.51296380201,0.5247506199612528,1.7468882616495611,9.676782504462166,imbalance
21055.551696638897,2.364731607464932,0.1522321518208231,10.800520982010465,imbalance
21060.58472170428,0.1110420032334075,-3.018661535954168,9.563631915390848,imbalance
21065.540711983933,-2.734857976235106,0.7967631729518587,8.860518798944138,imbalance
21070.628092979678,0.3110191553811558,1.6406148271889889,9.358272916846722,imbalance
21075.536565558392,2.299717021141278,0.6956574152840389,10.708323383000758,imbalance
21080.514178582467,1.241985786579891,-3.001029935468901,10.177042526750922,imbalance
21085.435367776656,-3.27818994301024,-0.6028921637921546,8.65682533751392,imbalance
21090.36071896105,-0.5534171692804479,2.072532617805199,9.628626596231118,imbalance
21095.28633110153,1.5029930027326814,1.1075647215602324,10.732556489155195,imbalance
21100.292480443757,2.177403903972214,-2.484284557764642,10.283609212491951,imbalance
21105.26764084519,-2.9022040415359576,-1.2853895182593713,9.073122470543325,imbalance
21110.302365457548,-0.5885201666603503,2.4911000587887164,9.31030891141168,imbalance
21115.229435480567,1.1020889642144875,1.5068114967170587,10.453039011817513,imbalance
21120.23379020293,2.0408302430967256,-1.5977391989982754,10.586758941659768,imbalance
21125.235366931476,-2.376522925158309,-2.4688295170486727,9.062929763835008,imbalance
21130.316323274656,-1.1706360796435515,2.1922732239072817,8.762566705056802,imbalance
21135.33221582367,0.9299435010124888,1.1217091806567114,10.367209618979064,imbalance
21140.3525584232,2.670966985075369,-0.5463099078437288,10.411728967085187,imbalance
21145.33238531283,-1.3670936828644262,-2.794606929242028,9.385798231073672,imbalance
21150.333564291886,-1.800670523105464,1.5677502276161115,9.173870046320744,imbalance
21155.37830381916,1.3501231594976386,1.3921159035865631,10.095255303737998,imbalance
21160.465799174955,2.2536329578543475,-0.5772495757224659,10.611987428113798,imbalance
21165.527383984347,-0.6277549607713581,-3.254540452271867,9.698291320081925,imbalance
21170.60302936874,-2.545091965636725,1.184690616108529,9.075753220667549,imbalance
21175.61927520643,0.9497315313027466,1.4964882439617038,10.283232243810131,imbalance
21180.647566452026,2.459417494749322,0.1328121313062925,10.611486270826386,imbalance
21185.72290069716,0.2623562237666801,-3.3304056994566262,9.504699142763991,imbalance
21190.7577608275,-2.733172578135712,0.9942717459202766,8.865267949456655,imbalance
21195.82573174517,0.9160005960238332,2.168275600261452,10.062100832525122,imbalance
21200.85830664581,2.262680790458198,0.584121943509516,10.734592819018731,imbalance
21205.91387446204,0.4248612985919791,-3.1563334481067966,9.996957632834004,imbalance
21210.93427901456,-3.154525017308732,0.186331099870864,8.837230137254089,imbalance
21215.93637208349,0.1652594639753064,1.9692468827639973,9.576939469483277,imbalance
21220.860585091024,1.8162299769448904,1.2013646076442122,10.739992702998146,imbalance
21225.852199125744,1.3995241277023447,-2.615179365536674,9.848926165774266,imbalance
21230.961305935987,-2.9483881771619704,-0.9929925954923556,9.039555426520264,imbalance
21235.966013293484,-0.1849391846976637,2.426955276477412,9.260422938469803,imbalance
21240.951906913077,1.6752922643998172,1.0574587934509216,10.331282845251916,imbalance
21245.902858539765,1.8016730019751088,-2.2360446583084213,10.030975404491311,imbalance
21250.946568062955,-2.448366317089029,-1.5737784834646202,8.986095690433993,imbalance
21255.99902500648,-0.8170941533252875,2.0113143283155366,9.05641127116264,imbalance
21260.84288270105,1.27189233388838,1.2496116485976032,10.66045783570496,imbalance
21265.84535704372,2.629462028578046,-1.3156636961889956,10.809828329398597,imbalance
21270.82077736592,-1.9334466470574831,-2.3598299708164885,9.4133610660752,imbalance
21275.87940348461,-1.3817809442899,2.2189988449310314,8.947894856954958,imbalance
21280.848326961743,1.1324103223957274,1.8216664456323115,10.420649738172695,imbalance
21285.984546160445,2.7145733021598955,-0.7039797993771605,10.388517092564213,imbalance
21291.0356669516,-1.3685711401513068,-2.987497116111125,9.467308703427198,imbalance
21296.002840407044,-1.9242019585994368,2.11689112313566,9.128829430102192,imbalance
21300.93025580045,0.725893011992162,1.523578437704544,10.14658880986302,imbalance
21306.04062185881,2.4887771503726426,-0.4207004923401412,10.604759809477498,imbalance
21311.06690613293,-0.4027102195080534,-3.069512315915092,9.561733725156428,imbalance
21316.057661412226,-2.651199801060864,0.831878159259031,9.153703160584302,imbalance
21321.03053757889,0.2999956577910292,1.8421413284130423,9.695858649396552,imbalance
21326.064493266964,1.9312061212675304,0.6667091820103719,10.65353974982693,imbalance
21331.127460488195,0.1817970053882799,-3.315556889126778,10.220021670004089,imbalance
21336.073155711638,-2.5197334445681,0.1514449981004512,8.175650697265132,imbalance
21341.09451700042,0.2248804421559014,1.7704392783006664,9.746163040529323,imbalance
21345.98298956926,1.7198239538082456,0.8832624522503517,10.675939299999088,imbalance
21351.09685597796,1.2144505428811414,-2.675178896311979,9.82512616102766,imbalance
21356.15770143385,-2.9457176897446598,-0.646357303681845,8.945492524158164,imbalance
21361.27566597572,0.4421959900525068,2.363979580155797,9.38117369307601,imbalance
21366.233093319453,1.6097253370631623,1.1382958569627708,10.841945746175078,imbalance
21371.32076256541,1.588515289310838,-2.380946621930411,10.102409417977888,imbalance
21376.309792188968,-3.167684258454604,-0.99935237703935,8.403535409482375,imbalance
21381.26003804069,-0.5659813693938845,2.236512232961765,9.72490920177245,imbalance
21386.36804130126,1.615459692537567,1.0294129394580451,10.656161362303328,imbalance
21391.38229058316,1.8785679306163223,-1.7144061140280438,10.25505815302614,imbalance
21396.410103627983,-2.427608234930424,-1.841572631399159,9.118333188492755,imbalance
21401.4133526725,-1.14151792770831,1.932156027031845,9.278415283322005,imbalance
21406.39055341421,1.1856538061064383,1.1634770262379377,10.361787093089571,imbalance
21411.33636547385,2.565049963008013,-0.8487521240131852,10.725781963328588,imbalance
21416.27513662301,-1.598484494989043,-3.0239852140989454,9.72142929768482,imbalance
21421.240948227045,-2.3813139375588586,1.6324031954372435,8.913731714651401,imbalance
21426.264106768293,0.7041773687026905,1.3730495838045915,10.052718721885626,imbalance
21431.330025489948,2.6942493281881985,-0.2323568129594264,10.710687917905492,imbalance
21436.271286307645,-0.5156833494492149,-3.006335942464544,9.673806463272076,imbalance
21441.21528922852,-2.568224895999806,0.9596723694359176,8.723666140008003,imbalance
21446.17934970294,0.5780288459597893,1.541486171276801,9.76875888721423,imbalance
21451.111725074683,1.9781126767743529,0.532593545217211,10.633038832412112,imbalance
21456.10558846125,0.5890002340487888,-3.148049894589391,10.167067432141748,imbalance
21461.0401231022,-3.545953008434408,0.4722758588959632,8.520896341432964,imbalance
21465.97185752154,0.5329541227673364,1.8769126448079887,9.749845104737108,imbalance
21471.002519456983,1.5301440218018578,0.4263561455494452,10.83346064243907,imbalance
21475.94572752508,1.18789859061564,-2.6516675122338937,9.72885099369089,imbalance
21480.984893184774,-2.66793532980867,-0.4683294004656803,8.577687453265439,imbalance
21485.947589126463,-0.2981937345575244,2.491968070302112,9.61352483573818,imbalance
21490.945972650923,1.998943554849855,0.9441112111460408,10.986379758209669,imbalance
21495.948709811717,2.0423272140500117,-2.2873236059898727,10.376398970045432,imbalance
21500.90122264545,-2.770575597876271,-1.6891470421614407,9.013681892041982,imbalance
21505.992172494243,-0.7072316330661119,2.5912769762507013,9.546367192794698,imbalance
21511.013007455746,1.1912033242902047,1.05389136863403,10.53000020759948,imbalance
21516.025243081887,2.3635546217981265,-1.4785535724074987,10.671099985470397,imbalance
21520.953336105373,-2.3561952581751813,-2.5332763884142024,9.492170921406052,imbalance
21525.878014048663,-2.014023355325535,2.243792187759769,9.04506453295616,imbalance
21530.832500404107,0.7692061721470014,1.6527877691467523,10.10263327827005,imbalance
21535.851141080973,2.1341837757330677,-0.4873481475464913,10.628218915993031,imbalance
21540.85877367563,-1.388642750343824,-3.052420230124912,9.173882954027771,imbalance
21545.884549984446,-2.0085836035709184,1.9049392263334053,9.179281856774333,imbalance
21550.89580119984,0.6196303119274907,1.892038131986797,10.495005236750035,imbalance
21555.930668240664,2.4279699698989723,0.160672835690648,10.980900387542142,imbalance
21560.892116837083,-0.3778102062336794,-3.1839312483792805,9.702392985470286,imbalance
21566.009303112198,-2.666065792032786,1.1333755734108968,8.833085657629779,imbalance
21571.09438684188,1.002742886531634,1.7844660397589542,9.911518996550384,imbalance
21576.11019926696,1.8917913580920205,0.5373038955819398,10.893913116569346,imbalance
21581.17275905095,0.2534527465387791,-2.871980651515229,10.046652128618444,imbalance
21586.118142872994,-3.1081694724101285,0.3356062576242647,8.926078048691569,imbalance
21591.087181804432,0.3733058547630612,2.186689185982437,9.443767417418034,imbalance
21596.1358011446,1.9276494013587184,1.0982064984547493,10.689915445083416,imbalance
21601.080966570426,1.352864161380996,-2.8734860285977137,10.162833115718971,imbalance
21606.08930498156,-3.169683166893682,-0.7807842786358911,8.813007351620387,imbalance
21611.13944842183,-0.2420913043477304,2.287526665888417,9.49290864777243,imbalance
21616.078899805147,1.2562195767614266,1.300663384119062,10.853410183807188,imbalance
21621.11260641723,1.493638284384101,-2.556573774166883,10.785384091099168,imbalance
21626.1407895523,-2.745371170212658,-1.4341156050719188,9.24907585459365,imbalance
21631.075585234223,-0.7044743479558268,2.039889788797292,9.074574181406811,imbalance
21635.966758697592,1.327142956578173,1.3669085052605332,10.41680244436988,imbalance
21640.99306774377,2.507933437217416,-1.2889818564948643,10.299827187028058,imbalance
21646.01935745876,-1.903632414730428,-2.579206794222719,9.028703956643668,imbalance
21650.962938971665,-1.3893185764715166,1.80914029102502,9.23529724654386,imbalance
21656.01662962139,1.3821255314190632,1.5373690879800468,10.4133393697104,imbalance
21661.01993030806,2.3491864491467376,-0.6446789434375598,10.707895133507275,imbalance
21665.99654315734,-1.2765168220971843,-2.8744886683344646,9.35802223862623,imbalance
21671.02309601349,-2.138744893719116,1.755748545905366,8.859353970538416,imbalance
21676.100023726223,0.7355753228141689,1.5224937787492694,9.996215021490642,imbalance
21681.16582475074,2.513502914978956,-0.0013937196269601,10.631820345718712,imbalance
21686.18326256158,-0.6697349706142952,-2.96132125438376,9.676084375128276,imbalance
21691.16972546998,-2.681036741302048,1.3713567534727278,8.769340805396961,imbalance
21696.19571232569,0.7212402691704702,1.5218213905574358,10.38415776598892,imbalance
21701.09072359789,2.1495728360272044,0.5075926940551325,10.71334024134429,imbalance
21706.15917493924,0.6331059423503753,-3.0271912766860853,9.578836438085643,imbalance
21711.1553321079,-3.267529812726001,0.1699803522350194,9.316862751343546,imbalance
21716.1163064869,0.1351825866012342,1.9117233603984265,9.767716782449678,imbalance
21721.13801714396,1.848105192767644,0.987806101936044,10.996078385794078,imbalance
21726.12823853826,1.3913186427045163,-2.362410392994714,10.36747857811495,imbalance
21731.11207682688,-2.949819213595203,-0.5185238098138314,8.912382354570019,imbalance
21736.10680251816,0.0139775278165611,2.304903912262816,9.470678497936309,imbalance
21741.15504471277,1.9765847498464784,1.1547276317145343,10.852932565396602,imbalance
21746.044764056547,1.8560521911629069,-2.2231099376831818,9.63645080562522,imbalance
21751.075845117703,-2.895765736987845,-1.432427654805374,8.68970348812347,imbalance
21756.09150265805,-0.9375314347795258,1.7078819646674777,9.365198164168673,imbalance
21761.059160940185,1.1370210717763642,1.292270029333896,10.615286637251646,imbalance
21766.11768451767,2.3771478340605485,-1.8293336817693056,10.516906005984424,imbalance
21771.005768898187,-2.175401425952025,-2.014349317632361,9.300746725518268,imbalance
21775.967655405253,-1.9123956156571469,2.1499151882472214,9.360270801258574,imbalance
21780.98578918927,1.017491065547055,1.429912262735994,10.311320668106454,imbalance
21785.93018449184,2.345540698327272,-0.77981100066731,10.347515631166967,imbalance
21790.98791916265,-1.336259399452327,-2.934046199169336,9.517560942955154,imbalance
21796.0137914829,-2.109100403748591,1.91258318454748,8.50007662298196,imbalance
21801.0563241252,0.8100067812611194,1.423256709036327,10.005222501869776,imbalance
21806.035801650363,2.350606723951484,-0.1934382030357659,10.868114184932532,imbalance
21810.98325196985,-0.583638521340121,-2.9070354454049525,9.847578235660796,imbalance
21815.962949822395,-3.010880034937865,1.3735594651635226,9.073245339612592,imbalance
21820.978738621696,0.6349997119230287,1.5330089168143377,9.746763101424328,imbalance
21825.93089182027,2.2059794291271952,0.348512780143402,10.361909212244022,imbalance
21830.8311328692,0.8718922931410855,-2.752242524618378,9.499531708773846,imbalance
21835.803654966385,-3.122507492386146,0.0628004123458512,8.770126720580897,imbalance
21840.742606049964,-0.0743998535351023,2.38769818168587,9.448276739408772,imbalance
21845.75960952534,1.1783104312656745,0.5928576554765008,10.488762852332478,imbalance
21850.73865035045,1.627426340318552,-2.854984769264583,10.259243096636848,imbalance
21855.712826898667,-2.942893498404263,-0.887324200993572,8.894753912625655,imbalance
21860.79683417107,-0.4409370309077104,2.2197156529981314,9.435094353188708,imbalance
21865.80751012293,1.4053869868596427,1.1908590766559957,10.779920464300062,imbalance
21870.823491366595,2.300867403012547,-1.7814419861275617,10.402292842606975,imbalance
21875.819257529663,-2.438784212130235,-1.7848501440904012,8.9057139648917,imbalance
21880.74835598401,-0.986086612858155,2.247170534260681,9.09497233001306,imbalance
21885.72276532426,1.070200945945591,1.5986704999277088,10.043273667931889,imbalance
21890.674094092778,2.9831105657970083,-1.1565444572396533,10.550746773765631,imbalance
21895.76929127085,-1.9688220718753948,-2.841220572327954,9.143907545920502,imbalance
21900.72480311842,-1.9397784995734544,2.0120790374437507,8.999578936984156,imbalance
21905.75063859693,0.9821730347013146,1.6194009549051005,10.44601883948872,imbalance
21910.70547850572,2.4254517280212884,-0.1159940751430295,10.68430706745288,imbalance
21915.754950171933,-1.056322101779337,-2.881826760555533,9.607873848119358,imbalance
21920.673281295567,-2.268300615895668,1.6078732861947382,8.816467226735243,imbalance
21925.66972867517,0.8048511636417831,1.3924773214996509,10.184271250678556,imbalance
21930.68407674944,2.02275869436452,0.2414874080716082,10.61124235310889,imbalance
21935.76483761323,-0.2826235532897568,-2.834626885404903,9.873938538613224,imbalance
21940.755229818915,-2.529843845018408,0.724584554682832,8.724505971167998,imbalance
21945.69243033196,0.4445488789582506,1.908532568509771,9.845082875770435,imbalance
21950.67771486844,2.007824002463083,1.0153377978864355,10.497077447853473,imbalance
21955.66221358268,0.6967666002701164,-2.7448416584986024,9.93222234036262,imbalance
21960.60386164094,-2.970216237408577,0.0574512975105805,8.973101536229517,imbalance
21965.56989660605,-0.3775532074950777,2.0854331324558677,9.672568074440695,imbalance
21970.505921538293,1.7150171164767174,0.6727909291554692,10.74767282957526,imbalance
21975.510269260805,1.843528879955251,-2.408360534978016,10.034230548392689,imbalance
21980.463325916724,-3.0403463376416084,-1.4030491301002566,9.23351008247606,imbalance
21985.44620589944,-0.8762324742977765,2.461170449831092,9.069389881042335,imbalance
21990.488863914547,1.600217675276843,1.3059740768285828,10.40020511260794,imbalance
21995.551783166386,2.1840034988245325,-1.5939090517694186,10.074378966061484,imbalance
22000.46218130808,-2.602504869521049,-1.908827664299376,9.052262567553235,imbalance
22005.416545346976,-1.4434075499846222,2.38756960254018,9.338500975304845,imbalance
22010.47375753788,1.4411898879425913,1.2692735445463763,10.60940865390224,imbalance
22015.42432087181,2.3976469158533966,-0.3913948460539346,10.553230401632748,imbalance
22020.383789223622,-1.5637539402493776,-2.662086090840837,9.391788998990677,imbalance
22025.405722939515,-2.346344860516965,1.7745108078922438,9.113115994485405,imbalance
22030.467181918404,1.1287932580496118,1.7059153128029996,10.066708668436096,imbalance
22035.39036224458,2.16163491711213,-0.4339862504587209,10.977013100577052,imbalance
22040.38953959963,-0.7327241916223747,-3.2500259423307445,9.374074779851147,imbalance
22045.44633365916,-2.393749471813624,1.5922736808604705,8.673962773085625,imbalance
22050.44023641136,0.8620494256024159,1.9365876129162325,9.958051043031077,imbalance
22055.459762928196,2.187421944212401,0.5294994559731758,10.677067936784695,imbalance
22060.53089089128,0.0750269135469684,-2.8313914507424016,9.85137783317673,imbalance
22065.564507729392,-2.664941192072253,0.941382496476324,9.151797255044343,imbalance
22070.595550886534,0.2725164476899606,2.013723553417854,10.20357172970682,imbalance
22075.615921220666,1.801289453795276,0.6286581167009623,10.895624806559214,imbalance
22080.614034515176,1.1243656571193723,-2.80877150324182,10.177251615862923,imbalance
22085.694915683183,-3.120278755150349,0.2277860876525488,8.85999525397327,imbalance
22090.736913141147,0.5785023591714571,1.930928376136393,9.334655307046416,imbalance
22095.731712350454,2.1476024795937616,0.8594746169227305,10.34893946779319,imbalance
22100.81503138892,1.8108887480696323,-2.35531690470802,10.182554182515346,imbalance
22105.853901332182,-3.121606369993371,-1.1152981911623718,8.823010961237017,imbalance
22110.891170560564,-0.5052552185696139,2.546963300565269,9.550235022239594,imbalance
22115.88275015782,1.8059585781005745,0.8645180584577219,10.671315126346034,imbalance
22120.79902578376,2.180272437483985,-1.388507871737433,10.432137817305463,imbalance
22125.754128447537,-3.234606654916284,-1.936538960187472,8.801490800322785,imbalance
22130.761936066046,-0.7382652525011193,2.3616333907318663,9.052780068192709,imbalance
22135.65593344314,1.186222513473028,0.9094833086265566,10.467109435447751,imbalance
22140.68836998736,2.3897400547343057,-1.4689823858215454,10.518909110839877,imbalance
22145.67451770696,-2.014042864262473,-2.770687796538938,9.169953730913416,imbalance
22150.618474417173,-1.7347431408862997,2.047387643567021,8.92561027686729,imbalance
22155.54607274017,0.7185050891031289,1.6143351902859144,10.024581423255055,imbalance
22160.49969012053,2.637906145881686,0.0070447014805263,10.619853557574636,imbalance
22165.53578572554,-0.9824955693858428,-3.0388471568925266,9.164457062623752,imbalance
22170.62660013725,-2.73018784098645,1.2834479094909188,8.952002432295963,imbalance
22175.627448562704,0.7900290947886836,1.586192525015764,10.119070168144054,imbalance
22180.596379281644,2.002707712373659,0.2928532797370158,10.634939230885662,imbalance
22185.643169633982,0.0657955569510386,-2.9585840135010284,10.206446276388116,imbalance
22190.70654792432,-3.4650471339465216,0.7035787411647842,8.923034936978498,imbalance
22195.66894654003,0.5385783357184664,2.002132109725237,9.726528819985491,imbalance
22200.64655368042,1.966066760414675,1.133947700920194,10.646467611511042,imbalance
22205.54114693344,1.1515543898168294,-3.0343911403089985,9.8542164936402,imbalance
22210.592152205238,-3.275549987462839,-0.1847276276758051,8.61770047893862,imbalance
22215.562248801503,-0.1388447813873425,2.102520371793657,9.617835849649223,imbalance
22220.5534320915,1.7158796892648789,0.5444342017027318,10.40497133834591,imbalance
22225.61650351267,1.720948612306096,-2.7619600524467307,10.153082955441842,imbalance
22230.645756301965,-2.951525614148629,-1.3461098897658852,8.86558798209036,imbalance
22235.680440362437,-1.0644408432997456,2.476181945889212,9.868976498355131,imbalance
22240.740098387785,1.6211669502794603,0.9526899752890768,10.797518254687525,imbalance
22245.720542608204,1.9503976030200056,-1.5987995981787932,10.550360635957125,imbalance
22250.566524526133,-2.4194839864616697,-1.955118921364255,9.342525354159967,imbalance
22255.680488325423,-1.2219068529105137,2.258293495418983,9.34086832491566,imbalance
22260.60671570481,1.3343547426721751,1.4290590711423867,9.961911339572492,imbalance
22265.68020072935,2.541127351799924,-1.1129196880942245,10.35597658927865,imbalance
22270.6827367976,-1.6734001253948405,-2.2236311916515485,8.977474251243251,imbalance
22275.716471352596,-1.5130716819858274,1.9389264211061945,9.07783902428143,imbalance
22280.68252173008,1.2320168438957988,1.8828707375821223,10.66929839466817,imbalance
22285.60168715323,2.5617001875313585,-0.0091085921594304,10.481329272072662,imbalance
22290.5806149456,-0.8223868177001414,-2.708719103212715,9.669327850571726,imbalance
22295.552835765127,-2.54246533376494,1.57273983178363,8.92279465308221,imbalance
22300.60152298794,0.9531398963569888,1.879972817234923,10.155258875013622,imbalance
22305.54557447304,2.318148784292225,0.4132792289084829,10.58060995735188,imbalance
22310.574154632715,0.0819305261866321,-3.095573401783311,9.670778846015333,imbalance
22315.591284850438,-2.9584798218596853,1.087400775130508,9.075014930434392,imbalance
22320.568796035248,0.3587584506747934,1.846002303687866,10.080936700875055,imbalance
22325.529170789698,2.251903540580823,0.6759710378933271,10.75125925879752,imbalance
22330.610175693684,0.7459332851408873,-2.8598173961139453,10.17136831461146,imbalance
22335.560335434904,-2.953243209042098,0.0183473156652195,8.809610503290884,imbalance
22340.55225209405,-0.1748861031537804,2.2995102802191725,9.452391731760422,imbalance
22345.62972517543,1.977497343430857,1.1908143130348328,10.95062938218697,imbalance
22350.627170221866,1.6285811878004173,-2.4394733555311565,10.33521874910184,imbalance
22355.632507471742,-3.0360652226690146,-1.485872727903956,9.086205227127476,imbalance
22360.569772322237,-0.7569293137872638,2.346884520013865,9.331682982515495,imbalance
22365.516360835554,1.5247757360783576,1.1916915879025325,10.540525508628862,imbalance
22370.452761669774,2.078471323511495,-1.511122001504084,10.661508220621638,imbalance
22375.492857122183,-2.347039960823007,-2.3751507642778003,9.330414675282812,imbalance
22380.37499618239,-1.3688547108802165,2.2306036726557554,8.943506228225791,imbalance
22385.3560654862,0.8718539287981316,1.6580040726061025,9.929264126340025,imbalance
22390.31884971693,2.546096237931022,-0.6799049168930927,10.356125415121015,imbalance
22395.291744709877,-1.6014207162705267,-2.679350897508624,9.141923791420089,imbalance
22400.29483610345,-2.1795844426840083,1.6657870538627872,9.066164614072084,imbalance
22405.21816194751,1.2148448547950916,1.3305608695633442,10.09030392273796,imbalance
22410.17879077945,2.314671285045593,-0.2506566074717928,10.668921278142395,imbalance
22415.177603093565,-0.4292457133441296,-3.0430835393455387,9.66791935265827,imbalance
22420.172111018903,-2.37553982365657,1.1421849911877295,8.976852426443635,imbalance
22425.120595745982,0.4963440372628328,1.6689772107562089,10.104905574030466,imbalance
22430.115437324966,1.9987346870092413,0.6210274591021331,10.829993427435449,imbalance
22435.08771526091,0.4446341274803672,-3.178314569095656,9.883004767108702,imbalance
22440.04870122202,-3.3701587552129397,0.0646704050348353,9.06466196683033,imbalance
22445.076264687243,0.2675904573338566,2.304755370830148,9.48630816089178,imbalance
22450.07596010286,1.7143106650687958,1.1260678609920636,11.128487773662645,imbalance
22455.032277264192,1.221833913858276,-2.569025163163973,9.875161262950549,imbalance
22459.99253662469,-2.7788212762769264,-0.7838812760822088,8.841384748979229,imbalance
22465.0239151124,-0.3317327410080646,2.0769542815603064,9.151175973350348,imbalance
22470.138225612154,1.3555131543804355,1.075225529554196,10.7147167957998,imbalance
22475.164003605845,2.144015265080652,-1.9450396097020848,10.039597375637898,imbalance
22480.23084787159,-2.7434193909594056,-1.5160290464945063,8.798047387226251,imbalance
22485.154785533286,-0.6944751270301102,2.365588014292673,9.332018315583571,imbalance
22490.114236562746,1.1488873085864055,0.9854121075620677,10.229225453356989,imbalance
22495.132311609465,2.2719952975429725,-1.065454296381367,10.451674866017033,imbalance
22500.10967718004,-2.0407742622076177,-2.377953930236519,8.982122152825587,imbalance
22505.09440471874,-1.4649606057612157,2.1718826963104783,9.157567649806694,imbalance
22510.11127954472,0.8967557161425741,1.2990848836378062,10.211037501410182,imbalance
22515.08074461889,2.664515195190376,-0.5195537207120897,10.559655942622694,imbalance
22520.089581519267,-1.2176354004901129,-2.978190996167998,9.42383065165054,imbalance
22525.12667767965,-2.4689020205476946,1.6903813919565904,8.75010215511995,imbalance
22530.1611490666,0.9858366884995976,1.7672389495629632,9.910120203945867,imbalance
22535.18630771801,2.327518241975392,-0.0793983300061655,10.813028576812172,imbalance
22540.170917142023,-0.6264612710332468,-3.4308982133600683,9.606963045767724,imbalance
22545.1664740429,-2.7515748967422398,1.4233350088360837,8.459144563379846,imbalance
22550.210320791943,0.3761677573065793,1.9306575868772848,9.637604097880104,imbalance
22555.315522429213,1.7691073609055594,0.356323882396132,10.4306863197417,imbalance
22560.32328257157,0.5059565464868975,-2.998438240079192,9.841004859733728,imbalance
22565.334669354757,-3.0054974310383837,0.7009794032008888,9.213140047202188,imbalance
22570.427066829696,0.5499186164756176,1.960261340158857,9.801797116389102,imbalance
22575.39280681893,2.0752110723619985,0.6380447207560995,10.83654454935852,imbalance
22580.31483373025,1.088451745602065,-2.9583501520783964,10.14782200331269,imbalance
22585.24076509785,-3.260807241670028,-0.5681796603156636,8.961144903023882,imbalance
22590.182428241875,-0.3892079018438362,1.9830377568795088,9.49915418822794,imbalance
22595.208449098605,1.6552126100040625,0.8880105722879336,10.803423764824087,imbalance
22600.20473607578,1.9740086856723131,-2.277311876921114,10.35665331621583,imbalance
22605.193411342243,-3.06903188354522,-1.648323591211581,8.539140995844328,imbalance
22610.164833636445,-0.5944477665734078,2.4487349433643737,9.11708259955552,imbalance
22615.17501342292,1.1635585603746474,1.39834110932776,10.31126567832163,imbalance
22620.17308693701,2.5980648885042887,-1.2380082874585467,10.343059218516917,imbalance
22625.254515372555,-2.4994653055744487,-2.091562001552599,8.967912560996421,imbalance
22630.325513756918,-1.491631995795631,1.9652254796665432,9.004922036550418,imbalance
22635.340726008,1.0771869758201875,1.3988827095173155,10.236820107990058,imbalance
22640.417705597545,2.211064881700016,-0.4693621187692288,10.308387448611631,imbalance
22645.40425109856,-1.5897102743405298,-2.58579073853076,9.32034224811642,imbalance
22650.377367728863,-1.873620852863068,1.6817179232423771,9.01446267836861,imbalance
22655.33805035417,0.8819174140339672,1.4048899798064305,10.020191550250834,imbalance
22660.37768889994,2.4491003347533984,-0.0469910876164169,10.85276031443656,imbalance
22665.363882830003,-0.7260954715635004,-3.003018157622577,9.957542533799929,imbalance
22670.34061207713,-2.962178181364033,1.060478382430713,9.024757876101525,imbalance
22675.347618558702,0.3313203699197999,1.7959424027588182,9.687906545181592,imbalance
22680.420670060004,2.100944368585796,0.6324553182734536,10.572891028201296,imbalance
22685.441071085537,0.5053269747540854,-3.201819709228427,9.66257181913936,imbalance
22690.41173860705,-2.747287502857253,0.3112424139735388,8.55634243389725,imbalance
22695.41913837576,0.5345670081151725,1.9947253715829985,9.892187241021436,imbalance
22700.33168960312,2.044326064020802,0.7457858726043459,10.972751842209467,imbalance
22705.27988681773,1.0880040387860073,-2.250009276872293,9.89156494067513,imbalance
22710.26239344002,-3.262450023776068,-0.7140380415030854,9.050976425429628,imbalance
22715.29825312008,-0.1451843727154436,2.0921485519620533,9.893256810715862,imbalance
22720.333909055706,1.435840473802774,0.8390167108262363,10.293730631755926,imbalance
22725.292768546413,1.79499656610598,-2.2919589273261503,10.180943544671964,imbalance
22730.33065027695,-2.5926165469321294,-1.504416551116304,9.013441474984342,imbalance
22735.28752868317,-0.6834861316616241,2.261900491019329,9.367507590168472,imbalance
22740.263508705888,1.5141567632785105,1.4325216380456178,10.36476708865658,imbalance
22745.32475715152,2.0863683854930404,-1.524130833204107,10.39489629626403,imbalance
22750.254909911026,-2.248855061444475,-1.9557856613119533,8.949578774031368,imbalance
22755.259147845787,-1.3723074563766804,2.621064523586444,9.394368284104026,imbalance
22760.30997855235,1.0412486452420853,1.4760450959918403,10.478773084473968,imbalance
22765.349398293656,2.490244503341529,-1.0092493286466024,10.497512865461724,imbalance
22770.315528849973,-1.5235055724745212,-2.4890131802498816,9.366628149410388,imbalance
22775.363498489576,-2.181721824680841,2.1065674373442578,8.80614673996141,imbalance
22780.30378083158,0.7291656423270749,1.9461513084841175,10.290157482100614,imbalance
22785.34380230922,2.531166039814769,-0.1191951121267107,10.935091454076618,imbalance
22790.325742263056,-0.4359011932943347,-3.181212885181027,9.387081709515297,imbalance
22795.341303509344,-2.7394256121751246,1.1411103380003738,8.747138536107464,imbalance
22800.24725610245,0.9990605058760862,1.873052013141612,9.754922449933364,imbalance
22805.323552576192,2.2394374884978574,0.1998400357029761,11.072285678677591,imbalance
22810.25479310599,0.545016812406848,-3.0958165284038968,9.760988950339735,imbalance
22815.339130123284,-3.1745041577648303,0.4845763327069994,9.266853423287746,imbalance
22820.31218456229,0.1629060722953606,2.0285797257251983,9.670329868527055,imbalance
22825.32330212042,1.985748845532481,0.830372827014659,10.798003454294395,imbalance
22830.29317475742,1.0981583718865413,-2.4646219819055983,10.30856667058679,imbalance
22835.2641925122,-2.8619631563503174,-0.3817836509638743,9.203723855612768,imbalance
22840.315961908727,-0.1910860892921589,2.502070975763534,9.224814335335664,imbalance
22845.322191467003,1.8517648305886956,1.1797646545302585,10.598192296155416,imbalance
22850.421311961967,1.6463005976838894,-2.324577994563101,10.09093548933204,imbalance
22855.360136957144,-2.850193603829311,-1.438169066801165,9.23440933329516,imbalance
22860.393793223167,-0.4596009258974523,2.4575462024691674,9.164090343004068,imbalance
22865.371331204347,1.2380416896792097,1.334821791628486,10.725429406346002,imbalance
22870.33778438127,2.47309403595378,-1.1225862038656955,10.493566345838234,imbalance
22875.328516401933,-2.526075214531849,-2.4360764726878785,8.925809840192489,imbalance
22880.311919245065,-1.4421908484047183,2.2011687871273877,8.704479983364612,imbalance
22885.345483827918,0.937635755318134,1.41858937593394,10.448281143616176,imbalance
22890.371691271983,2.389631668485811,-0.716805714926479,10.6168709147129,imbalance
22895.29124308113,-1.534562750941801,-2.922090538323196,9.468672816384125,imbalance
22900.21023940732,-2.448566898254505,1.742505341941588,8.84756661101534,imbalance
22905.295364402056,0.8690485799116464,1.5281298869613602,10.170000290351242,imbalance
22910.30216549227,2.330886888962396,-0.0134381140180043,10.421099829119612,imbalance
22915.26909560088,-0.8880241063541566,-3.061512853273389,9.603645525260172,imbalance
22920.20310853876,-2.518102539483977,1.446203080633552,9.073028227526764,imbalance
22925.147867806994,0.7066605437630016,1.9811585615166865,9.91382675139461,imbalance
22930.194081562557,2.146429468134244,0.3250484014442135,10.694459480734588,imbalance
22935.149845671745,0.6495227179861437,-3.1106048520783487,9.917339237979885,imbalance
22940.144690196707,-2.98722235888034,-0.0222526886264599,8.962298701375587,imbalance
22945.093646283483,-0.022858079709351,2.274906874378623,9.789254110833248,imbalance
22950.10902163545,1.9259043448749908,0.8098334042287887,10.76904924798291,imbalance
22955.152613469152,1.351452989106429,-2.8327719691861226,10.203979126002706,imbalance
22960.18463791492,-3.273995411992055,-0.7659812451179717,8.970442102044935,imbalance
22965.137258554347,-0.1050912023156921,2.841074439074209,9.636176760194871,imbalance
22970.130992624505,1.6004598476462666,1.227422755590974,10.555231776283565,imbalance
22975.098196251405,2.1809300443323574,-2.010378977983584,10.28137680012289,imbalance
22980.182311815774,-2.6759455548954363,-1.7600498159844853,9.025712868220584,imbalance
22985.127079460726,-0.8697318864938861,2.146821574504785,9.126181253503796,imbalance
22990.1388451324,1.063325240924149,1.0573130440919962,10.265490904442448,imbalance
22995.09133490204,2.430724170096535,-0.9828596916609428,10.10542422170542,imbalance
23000.063730406648,-2.1284807596215547,-2.905695957549346,9.101964860558644,imbalance
23004.98797219421,-1.5266670703407983,2.432557531344627,8.899051255333552,imbalance
23009.938136536628,1.3089136390445029,1.6393850024857517,10.219772415793624,imbalance
23014.909470588027,1.925163112354456,-0.665032252551756,10.473349633101472,imbalance
23019.99457634453,-1.5921699572400994,-2.688507407723697,9.169477980620938,imbalance
23025.021438677115,-2.3517033719460723,1.7002495962097697,8.921790559129793,imbalance
23029.961472515537,1.4298711332385516,1.5566355895861683,10.219902668701904,imbalance
23034.934710867605,1.9668436669899771,0.1635147890225354,10.75272932922832,imbalance
23039.943487206543,-0.2763411842981096,-2.9862808176241598,9.790797830910204,imbalance
23045.055227769928,-3.070579101238373,0.5454267425061877,8.691855587319138,imbalance
23050.128841837828,0.6959487415310706,1.7261106569599045,10.362320344232987,imbalance
23055.08408056152,2.235394674053635,0.3921992720715601,10.873163253113894,imbalance
23060.1100143448,0.6752981448130101,-3.093858357825162,9.874492177459803,imbalance
23065.10321697325,-3.391212807305364,0.0937438437499781,9.00863449694476,imbalance
23070.03809580193,0.3697984233361548,1.9286767625822356,9.84353398194208,imbalance
23075.02702240216,1.957049274518683,0.7155129656359445,10.719256205369009,imbalance
23080.04537052148,1.3814978327081286,-2.4937415601080883,9.79856818873688,imbalance
23085.015574485013,-3.1364806964273115,-0.7409659535660286,8.99069909856301,imbalance
23090.097555754204,-0.186220179372016,2.1100307044079067,9.540668631617304,imbalance
23095.101920131365,1.6730415529916978,1.0503157118440256,10.70292066994532,imbalance
23100.147283439484,1.9780488112255057,-2.158309129427997,10.215157461598542,imbalance
23105.22571941615,-2.7029372053429404,-1.882420758245523,9.346912600330802,imbalance
23110.186155859366,-0.4474202038102037,2.389073469206635,9.133960323159569,imbalance
23115.16651643325,1.3920718958515736,1.3913376428675592,10.508270576987393,imbalance
23120.121045744392,2.561104359678278,-1.7452559669405372,10.279654962369287,imbalance
23125.0792598212,-2.062635106265428,-2.5763019987262026,9.093357728320791,imbalance
23130.071515242245,-1.6847378407871876,2.049722911309781,9.035346719171072,imbalance
23135.114249803763,1.25219765863255,1.3042949917647395,10.36620877510559,imbalance
23139.983179519262,2.2636713638058463,-0.5566124660674276,10.503044361797537,imbalance
23144.967006215546,-1.212553019168489,-3.262265843331557,9.643120313716215,imbalance
23150.019501053557,-2.1812710614046,1.5809813799634895,8.955779046488129,imbalance
23155.090933686108,0.8815185915823299,1.897928736435619,9.9542266847595,imbalance
23160.097489754626,2.379665480960498,-0.0974513042984693,10.741605209861586,imbalance
23165.10190892169,-0.2906007191089931,-2.987192455519634,9.422201498854267,imbalance
23170.162145725404,-2.3818818068585865,1.1740755889346266,9.048745145842004,imbalance
23175.141196741268,0.5988216018636087,1.972327985596924,9.853403602199007,imbalance
23180.087113625425,1.85739420838504,0.5468641629011207,10.65745560127905,imbalance
23185.051849568423,0.6032004153519879,-2.744365620892549,10.366264330445176,imbalance
23190.03236593814,-3.0142308763244494,-0.0237183421532521,9.185012654468505,imbalance
23194.99899013332,-0.3355786212097951,2.086162102522117,9.594398732370417,imbalance
23200.050410469717,1.7067891744764685,0.9448196679877104,10.837254113487935,imbalance
23204.99136653142,1.6292706346866983,-2.3486036162976824,10.089776832829358,imbalance
23210.04053462557,-2.904406270925548,-0.8331587372584726,9.10231074380754,imbalance
23215.09903154805,-0.46865374938907,2.592380882930144,9.489003719529116,imbalance
23219.993391462885,1.696525167023197,0.9576454015681132,10.759474151341143,imbalance
23224.95672190476,2.2338002409931974,-1.934600148246236,10.447029975127515,imbalance
23229.97603510852,-2.52560994832978,-1.9641471025130437,9.33481564456721,imbalance
23235.03089862795,-0.7019649117395189,2.178382652412836,9.251262183935513,imbalance
23239.953476934475,1.2794959253477576,1.2512230008259877,10.48886875491062,imbalance
23244.93482132204,2.175442013875286,-0.9521663039562064,10.734665362469594,imbalance
23249.934685620323,-1.7254078418678205,-2.3946051884311,9.186750447126242,imbalance
23254.909206329176,-1.7750265921076036,2.3161886733995702,9.301746296278688,imbalance
23259.91755426757,0.746673207136642,1.729242201725758,10.195908936473751,imbalance
23264.996988432584,2.0903444933865387,-0.8286163726229165,10.697055729703484,imbalance
23270.01770068262,-0.917014379461904,-2.7292665665842377,9.743356528188851,imbalance
23275.05458989677,-2.1619498089153137,1.5516831418724075,9.096702957708729,imbalance
23280.085706694343,1.010748009012019,1.6374817416486898,9.889338502618331,imbalance
23285.10108975266,2.4807475626484425,0.1202052396889971,10.4545144481095,imbalance
23290.050079426488,-0.396767296447923,-2.9296132634952703,10.075110993549924,imbalance
23295.06747115941,-2.535096703305201,0.4429749931709078,8.82542505745126,imbalance
23300.00491835879,0.6868468810075877,2.298502685306243,9.738729452025384,imbalance
23305.01192371101,1.9227781017300687,0.6358809715190596,10.818627695651791,imbalance
23310.021433810827,0.6301679640728516,-3.07450328107137,9.522914966615335,imbalance
23315.071938215267,-3.059300296626924,0.1062425818514398,9.11388806897521,imbalance
23320.12759046315,-0.0854634494259508,2.189681188771855,9.851964426134458,imbalance
23325.158845595528,1.806923881136064,0.7222660555634206,10.416146699606427,imbalance
23330.08051198853,1.5441063934745372,-2.6552277205196027,10.086701826518436,imbalance
23335.077913667603,-3.235010880391001,-0.4422916244928442,8.899972293855237,imbalance
23340.10498679894,-0.2920078374283568,2.082453546601065,9.20628287273366,imbalance
23345.0883841611,1.1377201206628798,1.55201209374677,10.899183744089616,imbalance
23350.07285682648,2.000018157363258,-2.15136308469073,10.290860364574458,imbalance
23355.03690489598,-2.561731901295714,-1.684697373444747,9.169181529906664,imbalance
23359.993213564936,-0.8383171312090422,2.3782005900555725,9.384800891600095,imbalance
23364.99812655096,1.0328655984016064,1.1895008849508195,10.067143873498472,imbalance
23370.04203340763,2.1047705809755786,-1.0520636373889511,10.605396888944316,imbalance
23375.11876736334,-2.076824169764465,-2.624226823508759,9.663691458152442,imbalance
23380.115843456104,-1.7828416946228025,2.050851227253324,9.149085564627104,imbalance
23385.14836242701,0.9138401194964788,1.1450921314828109,10.827793200240158,imbalance
23390.11319454425,2.300392923005413,-0.6915457154348015,10.546518281232762,imbalance
23395.10402189765,-1.2823701756758394,-2.956409790640304,9.228134033896406,imbalance
23400.12563831247,-2.0499961290274875,2.110001240002436,9.159957579476991,imbalance
23405.091485900288,0.9956915007915396,1.597077917268068,10.326669193155803,imbalance
23410.120864938654,2.2000020177402293,0.0682501245714984,10.970901830586016,imbalance
23415.2451377133,-0.9216143870831462,-2.740154118327065,9.957873409902223,imbalance
23420.215553253463,-2.7557793715581846,1.293270007215949,9.075242635611206,imbalance
23425.263814435093,0.6170863278723853,1.6540294590350937,9.866901151558393,imbalance
23430.3016609447,2.271205368978235,0.2910408799629748,10.641367893160618,imbalance
23435.32980068796,0.3055909165754832,-2.9008794477804845,9.862291782422258,imbalance
23440.38926522126,-2.825517138829284,0.197880154935027,8.782856599691605,imbalance
23445.45391199016,0.2240884959516038,1.906369512854444,9.895248777003554,imbalance
23450.31456509633,1.6363180486842874,0.3891004308016118,10.499388752158524,imbalance
23455.334877110727,1.4149071134836655,-2.7728942817425697,9.782538724246097,imbalance
23460.333506199066,-3.142679030564988,-0.8431419416244388,9.121850995444028,imbalance
23465.28511020258,-0.6527882371991758,2.191783992749621,9.632798549241045,imbalance
23470.31989531793,1.1748223476082358,1.5530663312132704,10.871809429410046,imbalance
23475.281917019507,1.9164348272739649,-1.954764658422537,9.969693972231632,imbalance
23480.311238813185,-2.714163812073122,-1.4415129439890682,8.81912586809685,imbalance
23485.27466262699,-1.0480086081622064,2.443086841153957,9.200119956286107,imbalance
23490.284251235676,1.5036768293460765,1.3683023448563514,10.412310966594022,imbalance
23495.292286689488,2.3215428202644204,-1.6244312801289726,10.254168822044395,imbalance
23500.29467812184,-2.280958965093565,-2.2339185071657486,9.095321571399744,imbalance
23505.30737305314,-1.1295781637733495,2.0453234977572268,9.085293459529268,imbalance
23510.358132925347,0.7782157133517429,1.080709184038136,10.22199867311556,imbalance
23515.311910704804,2.5125723237724533,-0.7067662723036039,10.553621232738177,imbalance
23520.30521731228,-1.4797578221739005,-2.8448694113434496,9.315713293347777,imbalance
23525.304789920785,-2.171794494550729,1.911128548674047,8.627058757426806,imbalance
23530.417721714533,0.9360677265834232,1.563404145338388,10.169952433607278,imbalance
23535.40471259776,2.170077765860689,-0.3214008073014651,10.518009029985087,imbalance
23540.330186207408,-0.5560260978292452,-3.05772534142295,9.562583249826424,imbalance
23545.290209264524,-2.5295775627396724,0.9410588097832284,8.988341864244335,imbalance
23550.311429660072,0.5190568892792459,1.848719902505541,10.016852034688611,imbalance
23555.30312240207,2.477726742805475,0.0985002305423989,10.947890986444612,imbalance
23560.290810611583,0.4671018145611368,-3.1717577616562167,9.9861296555493,imbalance
23565.34046881239,-2.9372279734006117,0.4771011220828766,9.19004679380949,imbalance
23570.392146771588,0.1086074572977223,2.2041867957319647,10.002384956389356,imbalance
23575.381176475395,1.875150633751312,0.7763159245047576,10.429184762212843,imbalance
23580.40989757348,1.5508216568429771,-2.70880762696296,10.251503591375352,imbalance
23585.42484594086,-3.437649949297886,-0.3144576986423629,8.830119336504792,imbalance
23590.495113435663,-0.1344562701601668,2.265118960317204,9.65895904305868,imbalance
23595.592302359237,1.7460167044763328,0.8632848242398847,10.848084732822867,imbalance
23600.61554123652,1.6738883163497715,-2.347325977203081,10.172205141165492,imbalance
23605.622573922024,-2.8261949188855384,-0.7049432738265438,8.914592840071663,imbalance
23610.59312321925,-0.8851011128452301,2.3133597659792717,9.287817523993285,imbalance
23615.61378391913,1.3163493976688188,1.306340881598638,10.497602657128732,imbalance
23620.673122827317,2.211906302855984,-1.5156797472036807,10.401489703087504,imbalance
23625.7185979277,-2.3739844480925614,-1.832822253073656,9.666679639367546,imbalance
23630.606004480127,-0.9079020180090652,1.6692451208987942,9.504497178100362,imbalance
23635.63529431808,1.3819684725864745,1.160768453795363,10.657906119258485,imbalance
23640.65031521933,2.3729745081681672,-1.2918509055967682,10.771076639858808,imbalance
23645.62758245583,-1.589757997890351,-2.653640022128485,9.086025013144518,imbalance
23650.635169417517,-1.575246516607988,1.7879707399443916,9.091307761042366,imbalance
23655.665887644376,1.3240542583779962,1.6469852368092526,10.243795597296398,imbalance
23660.678860198608,2.327635916290784,-0.1941426337417277,10.814409551093002,imbalance
23665.66915165817,-0.8002892301577496,-3.366671330009941,9.4232922663657,imbalance
23670.59864559448,-2.130837515964731,1.6395068080928048,9.067568244944496,imbalance
23675.6637316538,0.8924833186068393,1.7921376715384931,10.081041198591892,imbalance
23680.668191479763,2.3671081649808974,0.4788342913754717,10.842960693440496,imbalance
23685.68236101788,-0.5995806745587504,-3.2400061277926646,9.738423782495866,imbalance
23690.717407970413,-3.064169579558385,0.5750229590360103,8.703172493115426,imbalance
23695.68853796224,0.5421287230933785,1.6136167049894263,9.936554165110392,imbalance
23700.702008869983,2.150755982005842,0.5090609264733754,10.723355338499406,imbalance
23705.6769247159,0.9152781031189374,-3.005510078792015,10.191900612781206,imbalance
23710.73166350532,-3.1614266347000504,-0.1325353960295753,8.969530566254067,imbalance
23715.714924723103,0.2809042112090678,2.216737941630708,9.597162672378676,imbalance
23720.731118884563,1.5572001901425714,0.5501674359978322,10.831314795720337,imbalance
23725.642311463867,1.4689559097089764,-2.0341282596853967,10.156231418982577,imbalance
23730.60622237905,-2.950148159725113,-1.0618701609185672,9.161505923254651,imbalance
23735.50799558674,-0.4356732066399241,2.352608573493106,9.367017190032312,imbalance
23740.52681556654,1.2497076291655242,0.923008482111503,10.548018221305886,imbalance
23745.5974741142,2.19408207204326,-1.4284699848477278,10.314135711097878,imbalance
23750.655141470623,-2.975483962764413,-2.158828274899915,9.129236007309574,imbalance
23755.624899822924,-1.1651655760955673,2.189807694932102,8.99788981698969,imbalance
23760.661812678045,1.1975567444659394,1.3379386766932613,10.430185100128762,imbalance
23765.68912950398,2.373683179271081,-1.2978998916585789,10.457095590808478,imbalance
23770.71570689532,-2.120021803930288,-2.4220624247407447,9.350609410851742,imbalance
23775.72179290186,-1.7965790637151873,2.116454305679677,9.156938735467588,imbalance
23780.748602655945,0.6656462256461319,1.603585594540345,10.25645965029217,imbalance
23785.74429960052,2.238931693284997,-0.5650995559643978,10.636472050821077,imbalance
23790.863111148832,-1.1335973976502054,-3.0852137473279866,9.365790658142815,imbalance
23795.856127703184,-2.0571576167647008,1.6903246761022177,8.635160490194572,imbalance
23800.853147510752,1.2468977452503152,1.9161654521950928,10.208009422812676,imbalance
23805.858292508205,2.539348622988113,0.0501879314661544,10.643237925378106,imbalance
23810.84975679953,-0.4006995346836621,-2.851094737974305,9.67267605955795,imbalance
23815.81230485353,-2.91415638457637,0.8403963809376804,8.78704627651389,imbalance
23820.92179997302,0.8829255319262111,1.569906252576347,9.85410081354877,imbalance
23825.920014179646,2.27256265402671,0.3602839693125146,10.751890543346844,imbalance
23830.95845657803,0.6959939113655785,-3.087128636128976,9.724920238853407,imbalance
23835.93881251161,-3.057206254463905,0.2241578975679932,8.730183071329517,imbalance
23840.929426786523,0.4635337810952473,2.298431403532908,9.888246751081384,imbalance
23845.92059917048,2.3892812408014814,0.8091565425569097,10.749453489552094,imbalance
23850.92925232938,1.5159247485565277,-2.433606534070346,10.184350063399046,imbalance
23855.807446847888,-2.904105305644592,-1.0616583995146112,8.835603643960036,imbalance
23860.738180675504,-0.3779089822532686,2.5382573950216423,9.133105971631942,imbalance
23865.68933970807,1.4268008573318354,1.41605229184956,10.661260017372015,imbalance
23870.743952453915,1.9220340572244792,-1.8584560009366984,10.406323616140842,imbalance
23875.74758465322,-2.770077996282991,-1.9420969900041816,8.904697662302011,imbalance
23880.746758919908,-0.9109017930725326,2.21390440708325,9.057723570760018,imbalance
23885.79698554372,1.1854888408837423,1.2351670825119168,10.496538515728536,imbalance
23890.765500891284,2.56373147104803,-1.306422833044638,10.151197470537207,imbalance
23895.739838047804,-2.0422919705611817,-2.5860616809137675,9.24802172851624,imbalance
23900.72098988909,-1.6360657557409404,1.9780458196197088,9.58434940621399,imbalance
23905.677765763023,1.0973835725170689,1.4742593623943885,9.78469433197128,imbalance
23910.63196341242,2.2470289866280657,-0.3291883658613336,10.174923799614026,imbalance
23915.606170372444,-0.6991108301939284,-3.177461766931178,9.706963773338,imbalance
23920.462298951905,-2.673791626085406,1.5269265152291656,8.608863483018279,imbalance
23925.454597289103,0.6617935405154957,1.5235940513327089,10.197227958329,imbalance
23930.378774849523,2.4050619033201954,0.1244479172873926,10.512809960831746,imbalance
23935.362096441822,0.249009360340693,-2.832416445282792,9.993141913946127,imbalance
23940.43882123552,-2.951436144049608,0.3153761374539338,9.049254542745995,imbalance
23945.322993298832,-0.0301843597708363,2.062394022813392,9.29766300029408,imbalance
23950.341708621927,2.022029984972656,0.7115467841147635,10.877136521366731,imbalance
23955.3204051248,1.2261945811216977,-2.7734732637236026,10.016849994067108,imbalance
23960.34203180908,-3.315855796541845,-0.387096015539216,8.854512749531233,imbalance
23965.3346461564,-0.2331509127962459,2.0354455890077934,9.44666070276102,imbalance
23970.34774599973,1.4162831637173574,1.0314691190934413,10.63163825091262,imbalance
23975.29591757736,1.428260212479857,-2.297855268796193,10.257211998025408,imbalance
23980.33337059329,-3.0830545855715745,-1.3821143160686036,8.89126972983237,imbalance
23985.4058169522,-0.3220921093635602,2.209391488303903,9.385706640167184,imbalance
23990.45042467491,1.2897151002941152,1.5557984852463151,10.498967393514835,imbalance
23995.44140566713,2.459850151175193,-1.7072544019801474,10.578033906764569,imbalance
24000.45155031865,-2.50421556332534,-2.176975516557406,9.217378489947482,imbalance
24005.4459554159,-1.205744450793243,2.606691207673604,9.474873866999513,imbalance
24010.37693563069,1.4151423768917115,1.2503016358768153,10.456584714535936,imbalance
24015.364681232204,2.2473206106300614,-1.0035648384306417,10.90816358403302,imbalance
24020.330701534032,-1.4561832851897305,-2.9380566220697384,9.366317057887684,imbalance
24025.295911569858,-2.2109991216977627,1.763264856902755,8.669497407992864,imbalance
24030.244089160504,1.0388109879041454,1.76473895687583,9.8866378063508,imbalance
24035.24736133941,2.575971980792515,-0.2036361715138244,10.549351010706514,imbalance
24040.242459920017,-0.3732037352564776,-2.916408200829452,9.630710294579492,imbalance
24045.290239196107,-2.4165665913896244,1.2108622773152924,8.90522367428811,imbalance
24050.263094779537,1.071358193616132,1.9451578307874295,9.72224947455094,imbalance
24055.36467875815,2.114113004063362,0.5884246681793041,10.54946140940433,imbalance
24060.339330259536,0.1882010295226643,-3.014722132282995,9.124018215154,imbalance
24065.36365576708,-2.857520132669367,0.1776151861632715,8.925871703997398,imbalance
24070.285957802447,0.2150029020507583,2.40117425535146,9.861112085319553,imbalance
24075.27495282196,2.061960559738821,0.6146366132246595,10.608389609130288,imbalance
24080.254832910432,1.164803207548594,-2.845324945855876,10.21932065489468,imbalance
24085.21963887613,-3.1683416109741347,-0.1793729178250637,9.139814454050452,imbalance
24090.15451652416,-0.2129592175150871,2.303918312606874,9.426119487193136,imbalance
24095.17855883448,1.570556360912842,0.8297580346126672,10.854959158910932,imbalance
24100.20327583922,1.681207346595426,-2.137061422550686,10.277439716933737,imbalance
24105.199836180946,-2.77335119864794,-1.2696607434662066,9.030910882536256,imbalance
24110.25663502423,-0.6138026938914165,2.1633049753194897,9.327776874593978,imbalance
24115.18188438927,0.92188641387883,1.1211313613238243,10.686728881255148,imbalance
24120.162454956106,2.465721574074992,-1.1846680832371288,10.440715542399058,imbalance
24125.13446418141,-2.241048770417144,-2.301581967627506,9.025285719411158,imbalance
24130.211303805663,-1.365684448246684,2.151961651230893,9.078629351858432,imbalance
24135.166763992314,0.8177610518103766,1.2890067710009745,10.220539782913274,imbalance
24140.14983391524,2.4451996927346262,-0.8287783983869099,10.648601922262204,imbalance
24145.04292933781,-1.8004431590062562,-3.539548114472272,9.358258278649451,imbalance
24150.10269479329,-2.0593513535784447,1.7412357174225337,9.01765248669046,imbalance
24155.102076293057,0.7065103145301924,1.8848981981411672,10.016653007826635,imbalance
24160.14509563061,2.4181968964168035,-0.1942336212984766,10.682960124821044,imbalance
24165.09857754433,0.0218727319499174,-3.425129743852176,9.550824210866969,imbalance
24170.077666845424,-2.4908612399920096,0.9096075918273628,8.911012477313891,imbalance
24175.00192247357,0.4129548857573936,2.035142900750225,10.045572287313698,imbalance
24179.99836949023,1.6771175391996571,0.206492426295589,10.925594614394171,imbalance
24185.024365232184,0.5416536962936487,-2.436401097177188,9.859936282667094,imbalance
24190.06151470191,-3.1550569704215565,-0.2551053939429561,9.017232012431236,imbalance
24195.1100999382,0.596587314117899,1.9693452727909864,9.931675772367589,imbalance
24200.060594597493,1.815035341050044,0.7089771873905341,10.895144985798112,imbalance
24205.097576633405,1.793699400311018,-2.780396169703094,10.295572247474764,imbalance
24210.140463940166,-3.2423738106423023,-0.7955013448478101,9.214333965641318,imbalance
24215.10003754349,-0.800643103185093,1.7881727795722877,9.547210548717842,imbalance
24220.02980790789,1.417871225213762,1.547076120561524,10.472625648170428,imbalance
24225.116981878997,1.835231453977578,-1.914217777485446,10.06167989994116,imbalance
24230.13922137821,-2.7467917877217998,-1.8015346061446795,9.020776790142532,imbalance
24235.12356350028,-0.9844303425714188,2.571956803377512,9.322253910523012,imbalance
24240.091171317465,1.5151876562989934,1.2080052592543702,10.997869800014977,imbalance
24245.07642960931,2.079663092107092,-1.4395291548072595,10.623905816708357,imbalance
24250.093122844653,-2.239463423766564,-2.126110216469585,8.893680639003769,imbalance
24255.035877166563,-1.5587015142720162,1.7590074152355144,9.235017702005646,imbalance
24260.00169428459,1.1205794824679964,1.6321729451072076,10.080630719020023,imbalance
24265.091465699767,2.360621728934557,-0.8097935488740272,10.70073246478406,imbalance
24270.030368610383,-1.1397140648107904,-3.0935928080517714,9.288072288567104,imbalance
24275.0442799171,-2.0536882790082487,1.2750516349139305,8.750544519498023,imbalance
24280.133919443128,0.7076389472364045,1.989582339459386,10.093121401786094,imbalance
24285.057612880053,2.1876205751309845,-0.2485342255540298,10.592213782343077,imbalance
24290.0827219161,-0.3363351568227763,-3.188843114521924,9.956254322512764,imbalance
24295.09537473969,-2.830379702257677,1.2402055556748883,8.994341699562405,imbalance
24300.104941588,0.538211704280532,1.827337049828271,10.049013554940366,imbalance
24305.05654286065,1.961761690794334,0.435137758152101,10.529432568770035,imbalance
24310.06681953476,0.6235191147021961,-3.189645028380266,9.914677306491464,imbalance
24315.11329220508,-3.3864614615421957,0.0719482297881919,9.21464604664398,imbalance
24320.04146223562,0.3563608681601518,2.038393135319561,9.756667116440424,imbalance
24325.04866221129,1.9363496975044447,1.1404393510607165,10.593681683859034,imbalance
24330.07463884272,1.3207906188899343,-2.619740602759284,9.780976332869155,imbalance
24335.07165192468,-2.852658363865429,-0.8449784911342173,8.934020721993397,imbalance
24340.14304614161,-0.0551327126118369,2.385556294514988,9.373356252508849,imbalance
24345.241969951905,1.5173365792022837,1.3433769819410752,10.835725974667252,imbalance
24350.24956563301,1.8399546716374748,-2.0972842347043006,9.970447341575674,imbalance
24355.214241991707,-2.814947769899768,-1.4490916773035112,8.892958633459916,imbalance
24360.18802467479,-0.8352597367555273,1.9149949551369645,9.137086540583642,imbalance
24365.14077449336,1.53752716934181,1.5725014145921716,10.330957312416846,imbalance
24370.115162234008,2.2990075736231144,-1.4937430955836937,10.440145627498588,imbalance
24375.06601685525,-2.155662584753088,-2.219949976079203,9.37406774943983,imbalance
24380.056937040918,-1.7035300828382205,2.0238751932596,8.981730436684334,imbalance
24385.18257212232,1.2406606007595289,1.58043896955598,10.78681911000855,imbalance
24390.14693222001,2.2900293064064123,-0.6916476735890579,10.480008094518675,imbalance
24395.141726808823,-1.3441034158141751,-3.009263590480165,9.440873748702169,imbalance
24400.122681871973,-2.428985712005229,1.5946040162113793,8.969254845328514,imbalance
24405.07002854529,0.8332133773129775,1.5848264031981552,10.139746514519334,imbalance
24410.092087147583,2.624383983619726,-0.4643597653540418,10.380769529344148,imbalance
24415.092533556195,-0.4555280755565529,-3.1840533496400774,9.664320881472268,imbalance
24420.0907832398,-2.7975556327184936,1.024444995488363,9.254562628791405,imbalance
24425.07083267757,0.4806221730508663,2.256434169574614,10.051191737968628,imbalance
24430.068025409742,2.200141447103076,0.8030449310337271,10.247503206008828,imbalance
24435.14830730376,0.2930083527414316,-2.9875266705564645,10.088211833249616,imbalance
24440.074495169247,-2.925229712558815,0.1626893268399485,8.55231947255854,imbalance
24444.98071740682,0.3395233071919922,2.414730885668697,9.42583788628622,imbalance
24449.916417916465,1.5312966183232195,1.0610306614938936,10.830517981740057,imbalance
24454.871260105618,1.833164355786812,-2.833328105080004,9.929899511329111,imbalance
24459.811271191516,-2.7295649114492515,-1.269289768160892,8.750371441912293,imbalance
24464.863700998136,-0.6654522987387486,2.493588438616197,9.296009889966344,imbalance
24469.80927759821,1.1973639132454033,1.3369984336010217,10.318945007078115,imbalance
24474.87345782085,1.7739692306294073,-2.0151828569730905,10.067602848785851,imbalance
24479.945614963068,-2.9042428709417214,-2.115731253883274,8.973171106564864,imbalance
24484.96049986014,-1.173172417484846,2.2185971587387865,9.351697622498584,imbalance
24489.89643439341,0.9966278650461514,1.818872227902745,10.16866803181489,imbalance
24494.9073503576,2.276500358881578,-1.179395308259945,10.336778625522488,imbalance
24499.88599352004,-1.5821990128021657,-2.78933719236652,9.128255799086196,imbalance
24504.886670742268,-1.962553991839837,1.8799366118549148,8.98758661319304,imbalance
24509.9343788643,0.907160070773578,1.570699156720096,10.202356616076628,imbalance
24514.88625548776,2.5942223364602963,-0.1341960765685059,10.981204173138751,imbalance
24519.856597495134,-1.1040092397368158,-2.916091314291588,9.84809031938898,imbalance
24524.94073684622,-2.4840198556412525,1.7498089590678,9.06178766663634,imbalance
24529.880664101376,0.852368431448562,1.730545090410594,10.118842245291972,imbalance
24534.87252649691,2.3923241625825407,0.3570977823756291,10.753476409995384,imbalance
24539.93289352268,-0.4169712460974865,-3.170356906193853,9.598693372057989,imbalance
24544.86919832221,-2.9922481004682493,0.8912841191455669,8.865502282476323,imbalance
24549.80692575117,0.2987632857766414,2.0565912394184904,9.714311662877858,imbalance
24554.784498788755,1.859421602313296,0.5595327326010073,10.927543639067924,imbalance
24559.71484238992,0.8079086123440563,-3.1499257128824976,9.917030232639968,imbalance
24564.7633588981,-2.993488821938371,0.044798702406226,8.59583631424748,imbalance
24569.70785094283,0.045131497347206,2.2210329528271475,9.344908453207028,imbalance
24574.6611860262,1.680679417229869,0.7969469147378625,10.58544843460528,imbalance
24579.660555562696,1.2626488607391084,-2.4359912518783964,10.45686608954493,imbalance
24584.71780086715,-3.1607234606174988,-1.135475526282301,8.954980845721717,imbalance
24589.65699104806,-0.7444008862150209,2.5099815492208566,9.048173204090425,imbalance
24594.639104965685,1.4594838262309036,1.17507745567372,10.51414886373074,imbalance
24599.6664313009,2.3168408662009674,-1.6983045182340686,10.740601504071744,imbalance
24604.604181259805,-2.255311242582632,-2.393884467859776,9.226796620495676,imbalance
24609.613183142163,-1.256028318499192,2.348330276555461,9.23349900141874,imbalance
24614.43291476382,1.007494089567743,1.570957510598866,10.503336207515176,imbalance
24619.411095484265,2.1553944264188702,-1.002235808440305,10.432076244642673,imbalance
24624.39380098477,-1.194391757018785,-2.86952657195258,9.208758143668792,imbalance
24629.372299787952,-2.080811091282869,1.853682393319812,9.199055633236233,imbalance
24634.33991851544,0.9572024919440464,1.5224674582599118,9.839869101584624,imbalance
24639.246588443053,2.1261422700633656,-0.1367888285292768,10.380498630746317,imbalance
24644.213145842317,-0.258167469847012,-2.918396936359516,9.495142440142573,imbalance
24649.19957911833,-2.554426901942213,0.8673516873560145,8.97332930110499,imbalance
24654.271436049214,0.2112651840260831,2.1110661594650955,9.825929100561178,imbalance
24659.16309378505,1.9068627388631436,0.4185756772766063,10.958863872292564,imbalance
24664.182381925533,0.2220509435176897,-3.134981653887563,9.523248463541616,imbalance
24669.17697949965,-2.8366776233401554,0.1374609389864956,8.759045469157181,imbalance
24674.16136852793,-0.024892723480967,2.361657113266743,9.934176449607762,imbalance
24679.15283089512,1.7660561624793167,0.9476420282630048,10.672590720836292,imbalance
24684.20730302957,1.4493141373558958,-2.178153142783908,9.9603489294229,imbalance
24689.181180444502,-2.8359900725854827,-0.8414786126337415,8.953835485198354,imbalance
24694.18566046891,-0.1948070079925721,2.0469077119086574,9.651918033135727,imbalance
24699.195630749105,1.6296606303954584,1.1018297914924866,11.033669561070251,imbalance
24704.237211599917,1.9706667607857653,-2.2162520880966623,10.207930549810742,imbalance
24709.200510784467,-2.9438623874292205,-1.761139881409245,8.994211032433132,imbalance
24714.26013378845,-0.886342400788821,2.265209380223909,9.270290628351551,imbalance
24719.16632515942,1.281057272114251,1.5804617357923785,10.384767865075752,imbalance
24724.05683645818,2.3591819275794625,-1.159180664522676,10.723794769048435,imbalance
24729.023161559435,-1.7542339187045362,-2.521243515664559,9.361049322292816,imbalance
24734.002598095634,-2.0217194839218227,1.9048035013056064,8.829678068639817,imbalance
24738.9544117611,0.8788349430689488,1.589502738945529,10.081932219625434,imbalance
24743.929782226227,1.9052794778017184,-0.1322430226353339,10.423198428016832,imbalance
24749.023541020884,-0.8973477303148633,-3.076310004019333,9.849426582404591,imbalance
24754.03509506297,-2.032117606941213,1.2983889313421424,8.62832156169959,imbalance
24759.023487390587,0.6373303168228079,1.25332964195001,10.487265275169309,imbalance
24763.975410665866,2.125212796661093,0.0826199608391696,10.50153010641173,imbalance
24768.98901228832,0.1046952284323909,-2.9499314537755192,9.78543787605335,imbalance
24773.93528824168,-2.835439469493915,0.4747746456651976,8.8857919944289,imbalance
24778.98568690818,0.4816018236266471,1.8557298155837287,9.678007299343536,imbalance
24784.06039200896,1.916678595880268,0.5245991550663653,10.497017629677904,imbalance
24789.05075988544,0.6966741925320188,-3.065375958880078,9.60454873318264,imbalance
24794.015288098915,-2.871563686039336,-0.0622993792937361,9.205778244883293,imbalance
24799.05177565497,-0.3906019160085295,2.065558088339869,9.448053818440114,imbalance
24804.04306813325,1.6862413129781173,0.76658602638043,10.960081042535467,imbalance
24809.01986184299,1.6738293798695183,-2.6692623331611416,10.419720733462952,imbalance
24814.01117865624,-2.833707402471876,-1.352134250580586,8.81376208536693,imbalance
24818.99508609424,-0.6706419733604065,2.0307842784415047,9.436149069009176,imbalance
24823.94461289348,1.53888382731026,0.9780773655181256,10.256404833579074,imbalance
24828.94875863369,1.9595594997237396,-2.0150486649973764,10.101495285462615,imbalance
24833.92189842806,-2.395236165163566,-2.110452420848413,8.95658609146899,imbalance
24838.905534355777,-1.1118165775324174,1.9730887903138457,9.300894566353753,imbalance
24843.908251963865,0.7781244180291114,1.2204914687551112,10.38063019207747,imbalance
24848.829518060964,2.4804648721319924,-0.8748387476200017,10.841733208030355,imbalance
24853.796128069785,-2.170971305674812,-2.9272009203358893,9.385526104617917,imbalance
24858.83725767069,-2.196098784806748,1.863578992335223,9.369874120484418,imbalance
24863.818320262337,0.9740383452546106,1.9019939458622632,10.445623599920337,imbalance
24868.853544860576,2.198518693173539,-0.3987086140144924,10.604091058266714,imbalance
24873.83227967848,-0.6913540688348148,-3.016093714332977,9.52234327141984,imbalance
24878.803830675468,-2.6352208830570074,1.35986567715954,9.06557310198519,imbalance
24883.8875316873,0.5730255371366615,1.4907314327352257,10.02810283110413,imbalance
24888.88994653003,2.457006269294816,0.0296686033395138,11.126306800084455,imbalance
24893.947476486057,-0.1887076905607116,-3.246671542067682,9.775096519692184,imbalance
24898.922672257515,-3.1868417545869563,0.7917180569445696,8.6718821737088,imbalance
24903.877523584877,0.6389489117873266,2.102421222359568,9.899853534681691,imbalance
24908.876079641315,2.123764838954175,0.8652890153103423,10.860124083210277,imbalance
24913.856033039385,1.05091672537292,-3.121858018954857,10.026707567347762,imbalance
24918.839300686654,-2.6478579231646595,-0.0095781373997773,8.9321454676853,imbalance
24923.83905071257,0.2230731180545972,2.305247744033973,9.72484088662178,imbalance
24928.78859564274,1.2135096087519648,1.056389570858122,10.792130091690645,imbalance
24933.7981159551,1.9495851401623117,-2.3001120949231533,10.171264929733333,imbalance
24938.778713188018,-2.730318755613386,-1.291849258783992,9.160864256030058,imbalance
24943.80055688805,-0.6273293092060647,1.9786773463673175,9.39436915934233,imbalance
24948.85892578619,1.9618821553045704,1.260086107289803,10.352556417186632,imbalance
24953.921729609767,2.092361860543676,-1.4378651930560082,10.412189303216762,imbalance
24958.91437845092,-2.5980086241424183,-2.2740238443587426,8.959310352072036,imbalance
24963.94809996917,-1.3696113359599524,2.444473807088472,8.968166071004022,imbalance
24968.9984714739,1.2922591257496214,1.3243894008123416,10.623746497664149,imbalance
24973.987493347504,2.46780217543805,-1.2617257641904436,10.424294372934996,imbalance
24979.04083629455,-1.5082082239541268,-2.7752440369082048,9.07687270410958,imbalance
24984.019785970497,-1.8505016570457196,2.1967058323163524,8.6174167419191,imbalance
24989.06358160689,0.9858765844386146,1.201557508536984,10.286325090518408,imbalance
24994.09329411747,2.571630076088504,-0.6294823220136534,10.62197191849567,imbalance
24999.03525182196,-0.9826642894524316,-3.3873071639156933,9.407302788175198,imbalance
25004.02536848162,-2.4260468859170428,1.6173767416040643,8.74379550032356,imbalance
25009.064523258847,1.070449401243933,1.6730308282296642,10.005787901070672,imbalance
25014.059741735637,2.675541040186787,0.2105335590606892,10.58794365895464,imbalance
25019.0399231402,-0.1109384909900881,-3.071300925171343,9.734919801607363,imbalance
25024.06534322385,-2.9727137630188643,0.6659974089063657,8.73229667873538,imbalance
25029.06279909829,0.3192700582689471,1.777470221532108,9.60494782620755,imbalance
25034.07221576983,1.822574438688384,0.9215316553462544,10.46092962781314,imbalance
25039.06655651152,0.6409793165731981,-3.334306738070329,9.83902549053751,imbalance
25044.02897910382,-3.483373089237845,0.1432537316954064,9.06100770128182,imbalance
25049.0869477736,-0.1393007463145244,2.1556375126603333,9.55059215462487,imbalance
25054.126342189866,1.9548886852294176,0.7527686489351889,10.594871062363772,imbalance
25059.00197800461,1.281756807990812,-2.385209620545961,10.365981954484186,imbalance
25064.006937539016,-3.406459568034482,-0.6603593016386966,8.94492172552086,imbalance
25069.009943614397,-0.3301874994349962,2.2137290666638574,9.430361491086456,imbalance
25074.09184921298,1.7573433081079062,0.9959335085740212,10.76171519191037,imbalance
25079.17431375274,1.827537660949932,-1.9273565831206472,10.044195510766674,imbalance
25084.17314123064,-2.852582209677785,-1.7263216981809484,9.200260754726608,imbalance
25089.22254385978,-1.0649325253431818,2.5306719376327877,8.998905347149053,imbalance
25094.202837871195,1.5634783541527852,1.4797810664415774,10.444162917184288,imbalance
25099.1147271396,2.317388406062346,-1.0589330455452044,10.293328930541945,imbalance
25104.19565246188,-1.7946208913285977,-2.511995843650954,9.171026994128738,imbalance
25109.191513504826,-1.3728393964447596,2.043900685555902,8.994722864247933,imbalance
25114.208464860792,1.1243753078521832,1.416135514477268,10.144692549756018,imbalance
25119.197366664248,2.5422798592482696,-0.6344500454403672,10.679479647880529,imbalance
25124.246588075675,-1.5264752498892995,-3.023054077306903,9.491480607590384,imbalance
25129.31956757162,-2.227305191337117,1.6776262669585165,8.900311525055166,imbalance
25134.434814834072,0.7088476902778396,1.5297555734417816,10.381762618824045,imbalance
25139.44630775861,2.4247273911861305,-0.0240981110161089,10.744262576014968,imbalance
25144.47688258473,-0.3530561284279231,-3.027323562343818,9.592233699757264,imbalance
25149.373434349945,-2.622798706947904,1.3923265781051826,8.7167102961147,imbalance
25154.40096881824,0.6698447624362963,2.009284246095872,9.960823552879663,imbalance
25159.40655383346,2.4082863282910427,0.595272776208688,10.808799633154727,imbalance
25164.37234029816,0.821377659051479,-3.0810765172863497,9.62728938724348,imbalance
25169.341743210414,-3.0700693689089498,-0.1124758898917834,8.672367245719876,imbalance
25174.350513965022,0.3259156022304491,1.8390026920666729,10.046575964839166,imbalance
25179.317644145085,1.667867973728684,0.851670919983311,10.886701631913,imbalance
25184.382407512643,1.7084137393844336,-2.8980724859512894,9.936541199812476,imbalance
25189.39349132714,-3.42201480595193,-0.6598918033086286,9.0470351297471,imbalance
25194.39397609807,-0.4700085335428682,2.3115233694438797,9.486764307230354,imbalance
25199.386219313463,1.325689779484445,1.0501454106230437,10.517480811675346,imbalance
25204.354967027648,2.25583834317818,-2.050228055250788,10.232073274493516,imbalance
25209.33324471517,-3.041262544634946,-1.5467010336370857,9.112762476183612,imbalance
25214.36798430053,-0.6367930929647385,2.002293400812333,9.131985811881568,imbalance
25219.251028128296,1.3156689699899358,1.9102084215939752,10.493543638130632,imbalance
25224.30488585216,2.130020561465638,-1.1474374073872753,10.696999661387862,imbalance
25229.31264662752,-2.102488291727204,-2.526261046722839,9.484455124673456,imbalance
25234.328686924742,-1.65059275740789,1.9165126615053725,9.470961536927772,imbalance
25239.27479547884,0.9151898151497416,1.5521360621965086,9.957078457060504,imbalance
25244.235560519835,2.3874755659739617,-0.571282408456195,10.646502904148257,imbalance
25249.25872288842,-1.1113104389872408,-2.856846340379692,9.351427925206089,imbalance
25254.277865961016,-2.475147368489917,1.303539923033518,9.055401511604872,imbalance
25259.17057862707,1.0164325392993117,1.885679685367288,9.748680155388357,imbalance
25264.10984614958,2.306624019033657,0.1500242465819228,11.115855561463093,imbalance
25269.15759029893,-0.2655126961149859,-3.54599138836189,9.704741448981496,imbalance
25274.179063529435,-3.035255423511017,0.955838459768584,9.009940944507964,imbalance
25279.133339832868,0.1783787449333815,2.0649463028972117,9.431253900937744,imbalance
25284.168630373257,1.6035519458057144,0.435752717655982,11.027418281342632,imbalance
25289.15875814535,0.6711026082457857,-3.070894533072915,9.869805306611909,imbalance
25294.21045880834,-2.861691105123656,0.1026579756006791,9.051703951136648,imbalance
25299.178472764477,-0.0719705136471441,2.2924602234795843,9.99682060604168,imbalance
25304.195782466988,1.9311825442158328,0.6910754835368862,10.611777035332713,imbalance
25309.174397214683,1.2673312588717387,-2.687391933004431,10.071892320034866,imbalance
25314.130555576,-3.0397430176109066,-1.1856505940554063,8.803651687703452,imbalance
25319.122310334456,-0.0346401197622457,2.2153573158291846,9.041018931372369,imbalance
25324.14502360748,1.3127182052993367,0.8270720155979191,10.418803879424775,imbalance
25329.173278169463,2.139154520982591,-1.9360670181513493,10.233486755731764,imbalance
25334.102033563413,-2.533553060203572,-2.267886209868,9.114471947684889,imbalance
25339.11491819469,-1.1828895479856276,2.0643176413280435,8.934034898337812,imbalance
25344.0939459705,1.3414797086476482,1.3574831133693313,10.538718795735855,imbalance
25349.045632142912,2.1310041875943653,-0.9165971210362996,10.480455565310736,imbalance
25354.04163257664,-1.796321498503556,-2.470848612094147,9.368188988802851,imbalance
25359.051951723737,-1.6284737698327645,1.9715520546240155,9.33348537973974,imbalance
25364.089736389407,0.9299755940015336,1.5484325507813546,10.286293446234533,imbalance
25369.12007823328,2.1656723864003435,-0.3378663061360631,10.659833361774172,imbalance
25374.128119462937,-1.1887608653705293,-2.96067969791086,9.157559169875515,imbalance
25379.121501587157,-2.150530334656425,1.8478900077614449,9.073983640905402,imbalance
25384.095021551544,0.8569317945130183,1.8298848123077065,9.981070512703615,imbalance
25389.072442756104,2.311193431855973,0.0309417918611045,10.997313411270504,imbalance
25394.010805623515,-0.0011246502333593,-3.0994563070353047,9.562732941891683,imbalance
25399.007009563848,-2.7391208654931947,1.2817645333277494,9.022748124386704,imbalance
25404.07764337913,0.6422914596775533,1.6608863354702454,9.818285993440504,imbalance
25409.131384308806,1.9475183134451788,0.704181085843965,10.911008917818084,imbalance
25414.10989537021,0.4007725489218935,-2.7116519015705918,10.042858953240216,imbalance
25418.999389097924,-3.157617523336864,-0.2718996067286477,8.726239000762588,imbalance
25424.039530440787,-0.128624269306857,2.274935116240899,10.040373998634855,imbalance
25429.086351131267,1.6376760851984304,0.738413608127091,10.62726229159794,imbalance
25434.1193443227,1.4881931266837058,-2.160693834315854,9.75382705967058,imbalance
25439.130460368426,-3.12718086127952,-1.0830028563254268,8.896769392646464,imbalance
25444.081547140344,-0.2860044626654942,2.0898994196713936,9.355131085665358,imbalance
25449.01741031569,1.4469595259577488,1.1661784263412864,10.32550685444876,imbalance
25454.04908274224,2.3084782470527885,-1.8384684177439228,10.299339949611513,imbalance
25459.02999156607,-2.394420565347721,-1.8254481649280356,9.027145749317471,imbalance
25464.04067195072,-0.9682664895132932,2.149384803167848,9.170502481782664,imbalance
25468.971422471062,1.2104182084569417,1.3536701288490485,10.745255236523152,imbalance
25473.97006945375,2.6005401228060965,-1.3867072998012104,10.788473187982513,imbalance
25478.971913048543,-2.270393307953496,-2.5135541616095103,9.09744513594258,imbalance
25483.96577781887,-2.0976237918377096,1.935971418965784,9.35256901264811,imbalance
25488.98963937058,1.1886563283209264,1.394138209346746,10.364333762702335,imbalance
25494.06318996937,2.818913729962364,-0.2609108779714453,10.750138144616969,imbalance
25499.12731545124,-1.7166788344252757,-2.918141414033036,9.4504218640972,imbalance
25504.012832359196,-2.634219078027541,1.5700535576567052,9.156696917817085,imbalance
25508.983885928017,0.9586894326030364,2.010174062774351,9.793738580564057,imbalance
25514.000623045347,2.399650373192817,-0.0173049681876955,10.53047441635881,imbalance
25519.00765936009,0.3544812182081273,-3.1850218135518134,9.560206331392315,imbalance
25523.98258300296,-2.7666425855691688,1.080098347769563,8.821653955079212,imbalance
25528.96723508472,0.4537468773918772,1.5866673159333056,10.190006769633984,imbalance
25533.97249166945,2.240937671600497,0.8964818776674763,10.601678896508586,imbalance
25539.005628245974,0.6838832715885711,-3.059452955695038,9.971610372766284,imbalance
25544.05450120242,-3.0676017205935726,0.1074473647477404,8.670895235340701,imbalance
25549.0570050727,0.2356974793488345,1.7495448366165745,9.65020356121963,imbalance
25554.007677111596,1.5476459925970727,0.7156943238683897,10.599556252159685,imbalance
25559.004503216896,1.7133078636596213,-2.1458567861745586,9.902112721653705,imbalance
25563.955749158005,-2.9274935026837463,-1.2413115770067364,8.954275827485349,imbalance
25568.97143001114,-0.7617206547547237,2.605823431357082,9.534908704528515,imbalance
25574.02337376589,1.7348030347149963,0.8645066806159298,10.568452411284548,imbalance
25579.102373207585,2.311490969961673,-1.9406028603868015,10.406048639526354,imbalance
25584.108923559645,-2.4525085704640133,-1.716625438683251,9.283608428452204,imbalance
25589.08824497951,-0.9472287837100076,2.572526806184854,9.251495119036989,imbalance
25594.05856059633,1.1718678319144906,1.2888383386227489,10.685801853890446,imbalance
25599.006585753043,2.0970986387667985,-0.9485100560476856,10.51254768299607,imbalance
25604.00608467842,-2.184507563687873,-2.696291886793984,9.142515589828076,imbalance
25609.077603982947,-1.8034109509834584,2.198315328856137,8.836110323699897,imbalance
25614.028540937943,0.9849628868484788,1.6995843258478347,10.178891828255376,imbalance
25619.069510106485,2.0169154073069944,-0.2973634917510619,10.6636071425503,imbalance
25624.04026867472,-1.1137490666108807,-3.158701264707295,9.2015685125672,imbalance
25629.051635111395,-2.235448871999397,1.485477530250991,8.99216686303982,imbalance
25634.063210761757,0.7149706119402242,1.669528893303868,10.160659846022993,imbalance
25639.000266072457,2.1942228291681136,-0.1297006719562547,10.597014044998575,imbalance
25643.968876981773,0.1735997117297953,-2.712947462682627,9.5231644176232,imbalance
25649.0018576064,-2.8822153905897525,1.1614357993715676,8.92911877852322,imbalance
25654.036476681227,0.6659042782466358,1.7983960506748486,9.786770109526625,imbalance
25659.012300484104,2.1531469096159,0.2500579285280969,10.85913214587952,imbalance
25663.99705976442,0.6695709900108604,-3.259423034498174,10.308384650676476,imbalance
25668.955637901265,-3.0723951029060648,-0.0387325044018912,9.091034572656696,imbalance
25673.935678487785,0.1220982557954761,1.9443163813456823,9.553356900709275,imbalance
25679.02703312429,1.9987019141319475,1.04469406142543,10.75250964561388,imbalance
25683.93089377702,1.531291833597516,-2.643394693554863,10.23081182572647,imbalance
25688.918390090712,-2.800282719862913,-0.6681343975971809,8.796636938923355,imbalance
25694.04072235717,0.019940470748213,2.4607666610278263,9.219188255907415,imbalance
25698.98903942387,1.5390873724716898,1.0084016325904448,10.766407171987405,imbalance
25704.028033140108,2.3601023962261047,-1.6402113174935633,10.142802616909682,imbalance
25709.09113471383,-2.6554073284348294,-1.4224611454113427,9.378160056112208,imbalance
25714.153793949685,-0.9713139571818904,2.723717970652248,9.324113452988712,imbalance
25719.22815015472,1.4851792264081485,1.2192578380447476,10.717070506847636,imbalance
25724.28095960274,2.3586675119858924,-1.4168341597631036,10.25040078080729,imbalance
25729.3636575234,-2.171972749477568,-2.2185959646686784,9.415985923515954,imbalance
25734.37816542276,-2.017840918752486,1.8795938376278731,9.54883560214926,imbalance
25739.40974623247,1.0161758272799035,1.477911801454984,10.375226068179446,imbalance
25744.474638972915,2.4006982899944003,-0.7318104563163552,10.905480886366716,imbalance
25749.475357591797,-1.3627534410836897,-2.7143293295323945,9.59831742782469,imbalance
25754.51892614542,-2.077737280827409,2.1349558944032343,9.0662847080399,imbalance
25759.50174078092,0.720373037785579,1.3919626783873629,9.96138323570182,imbalance
25764.53676906772,2.1769387214094347,-0.1161922593701319,10.819906475000646,imbalance
25769.459430673003,-0.8043918388127882,-3.17391907820248,9.404289309857043,imbalance
25774.561432913422,-2.832531067301296,1.3178798874819484,9.226943368511323,imbalance
25779.57579891817,0.783996404736495,1.8307419263326632,9.688212887920267,imbalance
25784.523755634946,1.8579775844407067,0.5043420913986936,10.618595664177692,imbalance
25789.54411045375,-0.044332668215927,-3.0683795386327257,10.107559205440708,imbalance
25794.55790028432,-2.864902327596428,0.5752789381480263,8.704918752311555,imbalance
25799.548224107395,0.4205040887648574,1.8199663871114236,9.826639706937948,imbalance
25804.49617214584,1.7207254287633746,0.8623617785823718,10.464855956995487,imbalance
25809.463618452723,1.4280392777743571,-2.619087869105825,9.815599187644898,imbalance
25814.50831454398,-2.991492536367349,0.0174765750986165,9.055358407663304,imbalance
25819.555954638807,-0.277992999624489,1.8355654090406823,9.741472992300878,imbalance
25824.56128491402,1.573178369998997,1.2937722641146934,10.66329550355197,imbalance
25829.574980602407,1.8839623112287285,-2.218578873359164,10.191019727043791,imbalance
25834.64944879617,-2.604261570236164,-1.3062908411492715,9.017033191048386,imbalance
25839.582032026192,-0.7635235753345077,1.888587837395621,9.259450971709825,imbalance
25844.622457266545,1.2962272228158802,1.0587678295750416,10.303986826413135,imbalance
25849.642335311568,2.2298837296851963,-1.72837790625453,10.607495023377686,imbalance
25854.597630202603,-2.4328893626857626,-2.191185146318383,9.273363416663743,imbalance
25859.620514291146,-1.450541130926465,2.082701780392434,9.030410274169135,imbalance
25864.653985341443,1.3849339052580862,1.763739315188218,10.31855502877049,imbalance
25869.65887088665,2.275379871518609,-0.852207244373084,10.453776753305943,imbalance
25874.628418832395,-1.4766697413869152,-2.635622891110484,9.382935454710635,imbalance
25879.709931847865,-1.82902355302248,1.997746396146194,8.723783353888116,imbalance
25884.72403748774,1.0421537094092272,1.4934987273586005,10.28092469350983,imbalance
25889.82819972953,2.4034540099976405,-0.558138038502839,10.50257758645215,imbalance
25894.838994664435,-1.167333192349154,-3.2768838214156544,9.424902971660604,imbalance
25899.890714049405,-2.5822886338762125,1.523406213029323,9.099927629336712,imbalance
25904.92163042853,1.0185506047626989,1.2144002949706918,10.187121200868413,imbalance
25910.021225555414,2.417497553293618,0.0200880898520145,10.97265701788781,imbalance
25915.03104133148,0.0073402815544945,-2.9895439215973907,9.350094000153664,imbalance
25920.04195681276,-2.674367925606609,0.7528675480949673,9.102606949826752,imbalance
25925.132848344536,0.6897474862949308,1.8438328563064148,9.546718336437603,imbalance
25930.17763469128,1.87552466244272,0.6571977387743277,10.963917322029632,imbalance
25935.127370433427,0.7053541253160531,-2.8386877349124275,10.287223121934026,imbalance
25940.20304629257,-2.850340899236313,0.3948941238870065,9.01960176315109,imbalance
25945.1885937556,-0.072456614360306,2.087162807275368,9.598006746641284,imbalance
25950.21737779392,1.8336220179993907,0.8087582023339112,11.056974374434295,imbalance
25955.175230902016,0.7830726741823182,-2.825088554787248,9.600063235914645,imbalance
25960.11636227621,-2.8126320848045165,-0.8274293125695895,8.932224168671505,imbalance
25965.09476387972,-0.363066780422411,2.247905021026111,9.839072338471254,imbalance
25970.206186009906,1.609654892958047,1.4147649056580862,10.384185955568851,imbalance
25975.193215817468,2.068503920407364,-2.1105316551417808,10.083607703604798,imbalance
25980.259342096404,-2.650895277600494,-1.6752597600744683,9.46246491941756,imbalance
25985.24872881369,-0.9609024389911902,2.5573838685627748,9.12809546227155,imbalance
25990.312252762087,1.9395106627422765,1.28978988089646,10.724072224356568,imbalance
25995.41353218619,2.1371444863522653,-1.4924239283421763,10.555325487475482,imbalance
26000.4248139307,-2.7414061746735,-2.022311946004517,8.981481237930186,imbalance
26005.501902621145,-1.0826453336328428,2.1531310651954154,9.080567064863258,imbalance
26010.446198683894,1.2529402717781049,1.5539298565364363,10.526501817491829,imbalance
26015.49110790141,2.3646633467874363,-0.7021488422879194,10.400225505935351,imbalance
26020.45483583658,-1.865379851035684,-2.7265281339429857,9.441237657138878,imbalance
26025.45003625205,-1.52437025890208,2.147424489871752,9.012880774264977,imbalance
26030.448558101834,0.8057043947432297,1.6109394778803812,10.063754048761886,imbalance
26035.433475421058,2.476848203817317,-0.196888779357519,10.766105743539246,imbalance
26040.462252004072,-1.2818712938073356,-3.149139591470307,9.494255548925503,imbalance
26045.494622674592,-2.257388195217926,1.4994590543619226,8.57486477397179,imbalance
26050.50707483868,0.6812732992939836,1.9113093370069691,9.79024377574594,imbalance
26055.58576960578,2.1619006566856966,0.2793764494025358,10.627829195187823,imbalance
26060.585000481187,0.0100447617403521,-3.0354921951936737,10.04181330434792,imbalance
26065.568715460435,-2.935520539042378,0.724846024574186,9.079906260966096,imbalance
26070.588682511298,0.4055142415778153,1.8735213394252592,9.867097475128215,imbalance
26075.56374249046,1.8813698283402989,0.7210460038914663,10.52580286469339,imbalance
26080.62651352529,0.7611373433153643,-2.9614303004005653,9.88859504907101,imbalance
26085.639385827963,-2.5473202578588783,-0.3789330411069642,9.17545404237967,imbalance
26090.61640663591,0.3901579127217271,2.4563884089380927,9.499653259918476,imbalance
26095.549553536624,1.9168330853687616,1.312470911180826,10.627340165811685,imbalance
26100.57605450699,1.67949553235064,-2.338741179947,9.899077548400337,imbalance
26105.578187695595,-3.138752500352093,-1.4268906844242266,8.897246359846317,imbalance
26110.516249673856,-0.307760677029881,2.2293145055673254,9.212162747155846,imbalance
26115.542063490702,1.5189934595007022,1.0605034505280553,10.68510810937062,imbalance
26120.569586575104,2.249712918566453,-1.6258516317017075,10.483386870048074,imbalance
26125.618632428785,-2.865245733497322,-2.31639079060489,9.33006249017777,imbalance
26130.575031695396,-1.1411391070317192,2.3167549414485067,9.093913179413226,imbalance
26135.59745013169,1.3976109939541264,1.3447594893612045,10.31218891225102,imbalance
26140.56416986741,2.468994717182784,-1.276786628005679,10.452343504875108,imbalance
26145.56731777113,-1.7024076590084616,-2.8372300271594524,9.550945715613812,imbalance
26150.553271071218,-1.9097190943010165,1.890774278032309,9.578699992962616,imbalance
26155.69113350576,1.2912993615889587,1.4538269760549185,10.04321008056844,imbalance
26160.61905000776,2.390155117789825,-0.5498923294249687,11.039834722031586,imbalance
26165.56675356353,-0.8323466645281485,-3.3313845503102923,9.496489858082388,imbalance
26170.54533176153,-2.3296502219874817,1.3489953453075334,8.683075843597829,imbalance
26175.615010672733,0.4672492785504895,1.4138789439435928,9.612954374283335,imbalance
26180.68951786424,2.101373923109192,0.4410575076106834,10.917166086028878,imbalance
26185.77869310444,-0.031889441606283,-3.1977681869545096,10.03104224047928,imbalance
26190.73487308227,-2.9635564841170745,0.3381856116725649,8.960136050609103,imbalance
26195.71800171645,0.5707985878379958,1.6601840611988814,9.465139409399614,imbalance
26200.6894650004,2.047684332112648,0.7652538069192801,10.61508590360368,imbalance
26205.724960242656,0.5854728756222649,-2.857076679434517,9.766028101019309,imbalance
26210.757409887163,-3.333070918718489,0.2125900566268245,8.685943221293218,imbalance
26215.850876112912,0.285014216997109,2.014213754776525,10.006876746322524,imbalance
26220.7876871466,1.75633903926174,0.8158781850116972,10.706802281744284,imbalance
26225.869574340333,1.2677302661626804,-2.5039995989415478,9.805719697374435,imbalance
26230.83495161594,-3.009491094908185,-0.698005221053103,9.0927432202217,imbalance
26235.901975485864,-0.117544447855814,1.9816348715965264,9.46660576648727,imbalance
26240.80320095831,1.2489419642706878,1.2238880550643745,10.490782931256131,imbalance
26245.86328295272,2.0315290367487195,-1.704569122487713,10.434374807670778,imbalance
26250.867731548133,-2.7695002912043587,-1.6464641943687095,8.975878158639402,imbalance
26255.824718305044,-1.1231805365606515,1.7606208948519533,9.283610435172957,imbalance
26260.79797963516,1.3130688506377095,1.5090551723587344,10.673763919277787,imbalance
26265.82245490337,2.2209356107303924,-1.3754800654150197,10.1579108327716,imbalance
26270.8184940724,-1.7187006926523214,-2.4572316155023586,9.256567382003528,imbalance
26275.786444289795,-1.896437556057899,1.79467636877482,9.276840093122802,imbalance
26280.8104678442,1.1560749614331582,1.7460292902698271,10.33246142415786,imbalance
26285.875362812974,2.571434300296065,-0.5436323802789718,10.704704112275945,imbalance
26290.97561182967,-1.3074536997846942,-2.87281500171894,9.216880665297625,imbalance
26295.98450851202,-2.108886599321377,1.4946733676578774,8.828920556867894,imbalance
26301.11488484896,0.94859833422059,1.519360577487755,10.250017269552565,imbalance
26306.093962477,2.364263654018865,-0.0718393163249877,11.169365139555968,imbalance
26311.04445260822,-0.6526703429300004,-3.0574491507336226,9.777801628571824,imbalance
26316.008363315126,-3.008154925713153,1.1258735023663151,8.879688669594476,imbalance
26320.995128229875,0.6597385529558324,1.7908699981280167,9.830395370499696,imbalance
26325.978060520363,2.0086619420081493,0.6044747763829497,10.530922392790972,imbalance
26331.01150504159,0.3944025317891362,-2.818611357679571,9.59913226467391,imbalance
26336.030435291377,-3.1792743980768585,0.4840839767295405,8.903175291355941,imbalance
26340.98905126803,0.0192444212199942,2.101238001680381,9.815255589577063,imbalance
26345.95652933908,2.174976351043883,1.1702617491726712,10.791732527138585,imbalance
26350.93166373364,1.5188988019776517,-2.753355568090635,10.10860167047599,imbalance
26355.8865916938,-2.767468585436834,-0.7638417739626898,9.286587261161676,imbalance
26360.76349508313,-0.2686288019429795,2.2155789060319058,9.424832103751111,imbalance
26365.740249520964,0.8681735121099545,1.090547138148911,11.009828238390494,imbalance
26370.76746420479,2.0680622341755464,-1.98636247828258,10.473252522783053,imbalance
26375.768099950463,-2.6520048005445958,-1.6326999496679575,9.101110966513383,imbalance
26380.74117696068,-1.4242309539524411,2.3398369628368223,9.351278269656593,imbalance
26385.67124145362,1.603028360338674,0.8364686659374473,10.784279791888029,imbalance
26390.64045535304,2.2382109367419782,-1.127102843781077,10.305471720977318,imbalance
26395.602529710635,-1.8128130362968349,-2.885865168667093,9.554306179042602,imbalance
26400.6161035192,-1.748537399988494,2.2409606902092816,9.249255008722391,imbalance
26405.590261913258,1.0752479551892802,1.188060401695171,10.193962606456736,imbalance
26410.530302944484,2.0425911115720004,-0.1186207792621663,10.678372315760368,imbalance
26415.48761006065,-0.8172668630847714,-2.913001328755832,9.233681564194756,imbalance
26420.49471855965,-2.5440477523108083,1.3790387478089676,8.858484404690088,imbalance
26425.537878677253,0.6733242480507433,1.871105455313512,9.984798263164176,imbalance
26430.53081431929,2.1681716916946376,0.3770283403266041,10.78171544989526,imbalance
26435.494269052964,-0.0166346902772837,-3.0328632693131845,9.76861843605852,imbalance
26440.58261861224,-2.9949987449176825,0.9971694329971372,8.756224330124876,imbalance
26445.557449725624,0.6163087448147989,2.220635596251432,9.45753298451034,imbalance
26450.532005987392,1.953543346674557,0.7864093277876228,10.743195473546647,imbalance
26455.542831951043,0.848288768048503,-3.047968932319323,9.641627825710742,imbalance
26460.5957578437,-3.320543864598692,-0.5842269943949124,8.847882775956196,imbalance
26465.574599980693,0.2735235461550404,2.2316764741178314,9.514206349774598,imbalance
26470.495429747367,1.539766492229658,0.9414429745073508,10.821726993922592,imbalance
26475.506182828496,1.7214970756341377,-2.602899936710229,10.285322605425822,imbalance
26480.530784327697,-2.8413930472395936,-1.383625091332683,9.086511214573436,imbalance
26485.557405154123,-0.575252124931876,1.8490413028082784,9.381573930696748,imbalance
26490.58459685463,1.5905456205625237,1.075258761474473,10.432853749718523,imbalance
26495.560857894896,1.7491227152375912,-1.5772164914577849,10.314689382841037,imbalance
26500.61042963688,-2.3695157985870403,-1.726540571572321,8.895906561506596,imbalance
26505.50104196518,-1.1885151758894092,2.4649015046581644,9.448988691570076,imbalance
26510.50891161466,0.8118297109746002,1.0772964913798282,10.640201609690388,imbalance
26515.5101192615,2.4651195656497755,-0.5908434806767566,10.47410495274723,imbalance
26520.54525379671,-1.849819910813984,-2.651984803169269,9.442449148664045,imbalance
26525.504715909723,-2.1073918725389027,2.078976003808039,8.531555564651597,imbalance
26530.470456721785,1.5277373001386938,1.6730506794897255,10.254235255775694,imbalance
26535.50054650596,2.7230834100515686,-0.8427481298927476,10.752687245085202,imbalance
26540.51318042616,-0.624077609317363,-3.4670852428329706,9.453321274328424,imbalance
26545.51014739408,-2.6711873692203896,1.2180370805053804,9.028224464341005,imbalance
26550.493115029763,0.6424482499032126,1.6979298638470175,10.132150254211536,imbalance
26555.51268069415,1.890072812410054,0.3609833360348986,10.913183365694923,imbalance
26560.52170230162,-0.0448388262022862,-3.1821068942532573,10.176502529080816,imbalance
26565.468922444536,-3.2712174428965586,0.4190272226028662,8.894229595046623,imbalance
26570.500691568566,0.5869064521695618,2.2625279880939724,9.960792316736583,imbalance
26575.432837895623,2.016490620922986,0.6377711972067228,10.699490616704688,imbalance
26580.46128666152,1.2178475533022088,-2.684095680965976,10.216887301570951,imbalance
26585.50971758664,-2.8760569804717764,-0.7003658252019018,9.158986251037993,imbalance
26590.43648290104,-0.2233350904425869,2.300932817585692,9.353012614102909,imbalance
26595.29389082637,2.102096629797656,0.7997428766791743,10.487693203745923,imbalance
26600.216818635046,1.526636426467456,-2.1637259863709475,10.079669283105927,imbalance
26605.223532123146,-2.683668839592419,-1.2666600485518382,9.075747306016028,imbalance
26610.277973780583,-1.1690893215251337,2.5213685967608024,9.122871318778428,imbalance
26615.31881409494,1.4577242090954132,1.4190506427034513,10.11239688048847,imbalance
26620.31942605159,2.591777424671972,-1.658855834533709,10.508031939981818,imbalance
26625.35773885547,-1.9172431691363097,-2.002259260050533,9.3902511914274,imbalance
26630.4073057107,-1.3565980166572107,2.189784224103437,8.877052791989966,imbalance
26635.453461935645,0.7830722429859971,1.4696984178525891,10.562578729871747,imbalance
26640.509150640977,2.4096598750392237,-0.6608206786948614,10.811544756338842,imbalance
26645.49056640561,-2.178470501316386,-3.0732141307339607,9.165959884186634,imbalance
26650.456392293985,-1.8711068086901137,2.243564374099114,9.108684200678711,imbalance
26655.399537793248,1.1445985130407113,1.1839505679476685,9.95533940080426,imbalance
26660.366815119705,2.6448192167291547,-0.3071859119140203,10.817013340266794,imbalance
26665.34422578497,-0.5053823331487494,-3.1931236700148893,8.99527582031605,imbalance
26670.286795754604,-2.384653784284541,1.2201521832440765,9.00852864741059,imbalance
26675.33178930744,0.6496834580566789,2.09197753751707,10.197417278951368,imbalance
26680.31609577398,1.7658363197301947,0.3719908147337015,11.01747318796654,imbalance
26685.372458282254,0.2424515849682163,-3.0764169202551663,9.75327876440064,imbalance
26690.39714405216,-3.294953931516925,0.5813976516354834,9.154714998353636,imbalance
26695.332216099603,0.0018508865062544,1.739561870470617,9.657501213465718,imbalance
26700.319647795408,1.7675181985262696,0.6589538626629743,10.651378620090483,imbalance
26705.341230492788,1.1719137357086156,-2.773747644309561,10.042996933621971,imbalance
26710.345390622064,-3.129175856804772,-0.5636368788707267,8.819746939325487,imbalance
26715.342261643003,-0.3996941082735409,2.370323222013098,9.642010517785888,imbalance
26720.299447826223,1.84978226979824,1.286709186604158,10.542568322218646,imbalance
26725.34928250892,1.8236798532273395,-2.3023485554501044,10.126544691114614,imbalance
26730.37065277341,-3.17512940290842,-1.057009052833159,8.962456273965497,imbalance
26735.30154613377,-0.6461068792925055,2.403548954052636,9.28561137718368,imbalance
26740.318143008484,1.2109322380676015,1.1094008382293636,10.08487333089512,imbalance
26745.34749866501,2.407071152499039,-1.6011606128460647,9.965329545541438,imbalance
26750.40259993845,-2.373982499492973,-2.22119835122008,9.056343474078744,imbalance
26755.44682106431,-1.2701275129952423,2.3351678720912483,9.588590738472035,imbalance
26760.46591733973,1.2553401787744374,1.5076878408739975,10.417236179994871,imbalance
26765.53835020497,2.2759844294314333,-0.8091040094757025,10.411227898163451,imbalance
26770.526500244265,-1.5666423705651122,-2.647877741320005,9.453963868228826,imbalance
26775.47581302452,-2.331520733181004,1.8264688980155623,9.376644308461907,imbalance
26780.507936376656,0.8414082632332167,1.7309297752222434,10.185287086696924,imbalance
26785.53789222249,2.2697232079364023,-0.5615317583866855,10.631464964228556,imbalance
26790.563571655108,-0.9650972866504834,-3.477271451176335,9.395786293300809,imbalance
26795.56961980734,-2.406650874281607,1.6036332615323272,8.983937228989145,imbalance
26800.574328951738,0.6293373617927706,1.545167187002674,9.750649310538016,imbalance
26805.5694677498,2.0608063032847657,-0.0316247545424199,10.521055532036463,imbalance
26810.53938646629,0.1539507284011443,-2.794195808684045,9.43729945168112,imbalance
26815.591371069848,-2.824960277789669,0.76601810979555,9.005801069803203,imbalance
26820.568166511912,0.1903269864540832,2.0520719541964736,10.071309374344557,imbalance
26825.595155415904,1.9296315595687248,0.7117836686584134,10.887363234208369,imbalance
26830.465115172465,1.187491362581101,-2.623171697172302,10.09377944858781,imbalance
26835.47036502011,-3.322803508073483,-0.3491420450654344,8.992226058522473,imbalance
26840.463063553794,-0.5774572803373907,1.98977992406242,9.563582813750475,imbalance
26845.42655287128,1.6182327599600304,1.0469383499807705,10.50909561157133,imbalance
26850.43135956626,1.8505667434958308,-2.222594752863664,9.811400485772625,imbalance
26855.43349770252,-2.7059686922877444,-1.213006617693273,8.649269281324262,imbalance
26860.38039977736,-0.9738931400827606,2.2235490385087697,9.415296559175768,imbalance
26865.3593562836,1.003840808984552,1.6647661999922434,10.719702977945603,imbalance
26870.351264018977,2.6679245813903574,-1.64986562577283,10.66589272495639,imbalance
26875.399129278485,-2.2980955895256456,-2.366706985115468,9.26715125848795,imbalance
26880.433777365422,-1.277252114052279,2.033357440670357,8.933275726256523,imbalance
26885.40178567605,0.7918375904498975,0.8775173772595193,10.542941762492708,imbalance
26890.428325807698,2.4138169192822225,-1.1739445883438837,10.422837170642229,imbalance
26895.41450139096,-1.648912340119823,-2.87063914584168,9.52402890474558,imbalance
26900.42824984418,-2.07789525124214,2.107252189765994,9.196705153811628,imbalance
26905.42614239384,1.0067517875406595,1.5253185892670749,10.281898530940284,imbalance
26910.46219183048,2.238038962419529,-0.306623938582118,10.831699037929294,imbalance
26915.41472477902,-0.8287627814686076,-2.8598638249674773,9.333041179292318,imbalance
26920.389376394814,-2.5381303222835543,1.4581112844800912,9.20164596226836,imbalance
26925.39630848285,0.8552859382535669,1.842570477141504,9.942280657154749,imbalance
26930.46109581167,2.28253808289917,0.5516645297690395,10.762043322599498,imbalance
26935.404184094543,0.627566167744799,-3.120329500036258,9.66906595121256,imbalance
26940.42070301702,-2.537917954893663,0.5991993809708123,9.046857474371478,imbalance
26945.49330694337,0.529242366643726,2.142834609316719,9.71562569406564,imbalance
26950.467341040687,2.24452510199528,0.6751463063202473,10.685056607851704,imbalance
26955.490694693635,0.3708019216740368,-2.7838813508702,9.697163737953405,imbalance
26960.520591926783,-2.930818247478787,-0.2460839465000622,8.8239271603834,imbalance
26965.456482319853,-0.1811306823753103,2.4982388883038045,9.540983076051251,imbalance
26970.45462949232,1.9106633982390036,1.0399997792004512,10.826746658260038,imbalance
26975.36848459277,1.8920184489805725,-2.338404374581581,10.249244358338954,imbalance
26980.29246557592,-2.725034461014969,-1.1123313556408727,9.123749980758104,imbalance
26985.328244400127,-0.695972243355841,2.625948691334962,9.406609195974548,imbalance
26990.306019633143,1.3251050404952165,1.2736301797500749,10.67181607663231,imbalance
26995.251418513817,2.3267722077515045,-1.311658460146335,10.895362676092567,imbalance
27000.218322768807,-2.255446680329026,-2.2591844199879003,9.242266943793528,imbalance
27005.233272761976,-1.447380078858745,1.8118045361497817,9.2861165366709,imbalance
27010.23648892848,1.26435255201535,1.2532679025754705,10.079791857245173,imbalance
27015.254011208828,2.413602334524104,-0.2420361735446771,10.317289880412789,imbalance
27020.26996825439,-1.3389534086731651,-2.808257910409137,9.773118820579931,imbalance
27025.25062981276,-1.786789029323428,1.6770861361281444,9.032537700424834,imbalance
27030.286651524668,0.9902655772880552,1.9694675425652413,9.967695310904904,imbalance
27035.24203026492,2.188365903070375,0.1230561046237249,10.81194216071096,imbalance
27040.279700719017,-0.5721851201162723,-2.942202041920062,9.832797314114323,imbalance
27045.28312510681,-2.8926845176023224,1.401332546458336,9.06183130255844,imbalance
27050.165536014527,0.857928880603644,1.5577387139906491,9.736097891438389,imbalance
27055.19489108147,2.2202400140505607,0.4987091196547819,10.653873208859094,imbalance
27060.14870492546,0.7824343594673984,-2.8722110973381905,9.680263135506394,imbalance
27065.17780073406,-3.074748637012916,0.4253477592746733,9.03113299038045,imbalance
27070.20186116061,0.1009211918608523,1.688955796230619,9.954605442935115,imbalance
27075.20719633749,2.071239404138772,0.9513374832423408,10.971825340332922,imbalance
27080.221679072358,1.0166615964177652,-2.6567246145390944,10.451533618922117,imbalance
27085.21858026514,-2.9060376496949774,-0.6278061255104084,8.538085264091396,imbalance
27090.30750698016,-0.2246567615631206,2.31443002871404,9.486972878599962,imbalance
27095.23175717115,1.6364264000367763,0.8971805729112541,10.408132599104045,imbalance
27100.29912399559,2.058235652801424,-2.3560541096306875,10.242497691334194,imbalance
27105.341099054764,-2.9146798312858624,-1.3611507608846738,9.417053663492403,imbalance
27110.29279730604,-1.1180704160646868,2.726501535035388,9.009121696204575,imbalance
27115.235517884743,1.5180354239414944,1.2292473731363311,10.475016503495992,imbalance
27120.139788856297,2.163421384504244,-1.3553981817617469,10.512359944217293,imbalance
27125.12290836203,-2.495092310103171,-1.6448102349319014,8.79486264219782,imbalance
27130.15668481824,-1.8647883642709224,2.100362839776508,9.106264289299574,imbalance
27135.232706323684,1.0524743715456746,1.6184147576524868,9.82223987397188,imbalance
27140.16184294682,2.2853639270708177,-0.6791983724611717,10.445198333716714,imbalance
27145.18738518208,-1.7401093901677454,-2.8743021894869014,9.15377332048678,imbalance
27150.18303979414,-1.872344337443771,1.530513375377732,8.910293481730593,imbalance
27155.17465827763,0.8379186823400725,1.6526680622809369,10.11562799776834,imbalance
27160.184295590952,2.262139501255196,0.0262799879927592,10.85841103868761,imbalance
27165.2063099724,-0.6610415374292693,-3.247785015995868,9.503076783349965,imbalance
27170.168757210355,-2.529262237415293,1.293817842705126,9.133518295798163,imbalance
27175.207410832823,0.6659257712405074,1.8948408840228224,9.929550874792051,imbalance
27180.195680648303,2.216203949694863,0.2611381092677645,10.150276215091038,imbalance
27185.207914698884,0.4638414003598842,-2.715118818314326,9.618779692837585,imbalance
27190.20760640086,-2.6189846381680333,0.2228314425914375,8.856630525733337,imbalance
27195.255924266567,0.3213985109148005,2.053469478974725,9.708438323824938,imbalance
27200.28118571849,1.8779851172240412,0.8569295747310272,10.68535499014664,imbalance
27205.38848717904,1.0108176807596818,-2.8210612068374066,9.882976821917303,imbalance
27210.38660175245,-3.5622673751482523,-0.4124114146020587,9.087649462836078,imbalance
27215.35082559664,-0.2913648987927517,1.710756001256779,9.775836823097007,imbalance
27220.310978564736,1.5483333011312346,0.869616278402719,10.81440688540268,imbalance
27225.26896301485,1.621060873777785,-2.252870991615036,10.554342340811624,imbalance
27230.27310103264,-2.7687462452133933,-1.5055696407542865,8.619672425675697,imbalance
27235.290739111795,-1.0826411928117268,2.176274825074947,9.18491231741541,imbalance
27240.30587892831,1.3376467511799166,1.4242301277700715,10.579834458153671,imbalance
27245.365111777253,2.611083389490238,-1.563279804052168,10.099562798937296,imbalance
27250.349954846293,-2.389645438209164,-2.4107310672922577,9.178416618463148,imbalance
27255.280315655717,-1.4524021996194456,1.787275195638991,8.877265199717558,imbalance
27260.246985869344,1.0229515374939488,1.4245074345897486,10.75813659286486,imbalance
27265.19993578612,2.1926196115107337,-0.6964508498637816,10.506565399897813,imbalance
27270.163779539507,-1.010689584683772,-3.3848055202829403,9.327290080075135,imbalance
27275.111116845907,-2.6739765782742846,1.5025883920504617,8.886812833564424,imbalance
27280.035554696813,0.8278977616664183,1.91649222005141,10.004578669474895,imbalance
27285.08427786589,2.081138347973145,0.4698819686231079,10.378903419816371,imbalance
27290.1962225466,-0.5641652339541767,-3.175314772214604,9.726288907175856,imbalance
27295.22236790489,-2.6483068964505536,1.1807986660247294,8.889109159506237,imbalance
27300.217469130075,0.9839153248791092,1.7558860127872558,9.654309868202118,imbalance
27305.23862100316,1.998888368107845,0.1615042509645661,10.833656330503766,imbalance
27310.239899592405,0.3144633954761691,-3.072176372353451,9.994087781586698,imbalance
27315.253564468458,-2.932058389184052,0.5589428986665723,8.871998037779237,imbalance
27320.25030759334,0.2732233594556169,2.0950417974947784,9.51671288785902,imbalance
27325.273549815294,1.7419808946233473,0.9986830977905924,10.651919592226475,imbalance
27330.119481519032,1.5537399215220182,-2.8221110451619458,9.847480748810554,imbalance
27335.111814477023,-3.3722895456121904,-0.4326082518842811,8.879152958256654,imbalance
27340.111278825647,-0.0571793697962834,2.2330829125442397,9.280455386596346,imbalance
27345.15520211214,1.3749241531159124,1.158267947328949,10.763139741534005,imbalance
27350.23204170914,1.894299945479907,-1.9947686149708543,10.389726813343982,imbalance
27355.24856810921,-2.647620279133064,-1.5967840630785304,9.264991725592266,imbalance
27360.20492029612,-0.9434973886000816,2.5110120742648068,9.315760394647883,imbalance
27365.10379918477,1.0322678742113949,1.0379236736672683,10.59184357883506,imbalance
27370.03896686761,2.589982826483173,-1.3517124267745482,10.681716428103451,imbalance
27374.974705881297,-2.2890751349807323,-2.49025467195361,8.96380430571819,imbalance
27379.97562184764,-1.6684261027232328,2.295781593768037,9.28525941997784,imbalance
27385.055367511854,0.8553402794171177,1.4022846315511326,10.256257839827915,imbalance
27390.11002704233,2.3931561196969096,-0.2384162163214137,10.720539016878403,imbalance
27395.02970184345,-1.1141203632232903,-2.7600252016255378,9.526101947421497,imbalance
27400.041680241266,-2.333453133150173,1.7958180512503048,8.977214856416767,imbalance
27404.992079830092,0.852841082303669,1.724325563197464,9.972665235396171,imbalance
27410.018080138027,2.532063562458451,0.1972660180185484,10.660857671320867,imbalance
27414.98924888563,-0.0284887288747765,-3.241390693222259,10.01784032287697,imbalance
27420.02653940993,-2.805023160763639,0.948258366145807,8.92492158203258,imbalance
27424.96328569995,0.2436236992428284,2.333148468946108,10.178600131601248,imbalance
27429.96423257072,2.040555911491219,0.3847121232349898,11.099014520538324,imbalance
27434.912007073694,0.6344650940693999,-2.573193727810378,9.908170879582157,imbalance
27439.8621434514,-3.2439819830017464,-0.1581030701351446,9.117839718939331,imbalance
27444.88813063872,0.2087575556897435,2.308924507671394,9.613377903181162,imbalance
27449.866220321208,1.7163920669044077,0.8314038706870995,10.652149683434772,imbalance
27454.836482915765,1.7773538529782746,-2.240346261680473,9.649906681897283,imbalance
27459.836874188968,-2.768006661249365,-0.641405255026352,8.995597218362665,imbalance
27464.81564498495,-0.5817503917320406,2.166566239294925,9.08693040112856,imbalance
27469.75932598924,1.4223781202501546,0.9118325480052156,10.753692670353647,imbalance
27474.695625222044,2.1736778781879083,-1.7471323037885813,10.6532133976403,imbalance
27479.695451969907,-2.72633291199652,-2.1007583016367475,9.069911682868444,imbalance
27484.711402963345,-1.4149592219019356,2.48353968601312,8.995007096033433,imbalance
27489.776650933207,1.416455207375324,1.372785506514504,10.593760981266394,imbalance
27494.71717118525,2.547626819948304,-0.766909062415618,10.572027659419122,imbalance
27499.632692713705,-1.5219007852168394,-2.9968129474560627,8.98331282507451,imbalance
27504.60766443359,-1.8172616672964763,1.788704412957715,8.80586226988423,imbalance
27509.655075863466,1.0957687202301771,1.241318346168126,9.830747064539096,imbalance
27514.67739756304,2.006599425767873,-0.3500307988651364,10.518925203134309,imbalance
27519.739031506542,-0.3611540583616802,-2.8096904800209552,9.820286345791311,imbalance
27524.68287172406,-2.4694998340307017,1.246518780838278,8.798284878043564,imbalance
27529.63314916407,0.3961453625379968,1.805813454522979,9.995165499832224,imbalance
27534.629760623,2.22372496825816,0.5706420185013255,10.681375617893694,imbalance
27539.672724707874,-0.0681769042106432,-2.7946572446883904,10.068325914311435,imbalance
27544.654272305157,-2.793784084196224,0.7751654947420666,9.165785269323088,imbalance
27549.679154414476,0.165510678859615,1.8506972142606863,9.918758189659446,imbalance
27554.687979998624,1.391707907510304,0.7079749687957151,10.733853948431571,imbalance
27559.65777532281,1.1157526446570485,-2.8457543739875564,10.386819206056495,imbalance
27564.681501359595,-3.2854815723074187,-0.1157894086821573,9.07643411996022,imbalance
27569.670626451003,-0.0683127504202374,1.8021651014337208,9.78134162960954,imbalance
27574.710623393,1.505390389475766,0.6358038012638277,10.360099947204752,imbalance
27579.58347970896,1.5781768451558862,-2.376792020198802,10.06281957446359,imbalance
27584.566481777896,-3.020221213344685,-1.7006210667316968,8.902504553536291,imbalance
27589.643476405625,-0.791517306405135,2.2701720240505514,9.53734985084247,imbalance
27594.716833899245,1.5082086316140977,0.9575772374476094,10.49042222524585,imbalance
27599.740924770453,1.9816802664537656,-1.6111452935856312,10.272055797819304,imbalance
27604.70567860112,-2.6210461049155707,-2.051142199130305,9.47550811715984,imbalance
27609.725222066903,-1.1687949392902264,2.3881929739809493,9.55125789760136,imbalance
27614.69386004948,1.1964293903934962,1.6627560260465963,10.067373950594574,imbalance
27619.63809321333,2.5927708833370726,-0.6449889832073725,10.0745492733236,imbalance
27624.66347555384,-1.1896219935001415,-2.7987340141042862,9.169481531575334,imbalance
27629.63135140164,-1.9689859336064992,1.702986335995306,8.94414233974174,imbalance
27634.535656437583,0.8135210387502336,1.3593995143283932,9.87290003404528,imbalance
27639.48343582976,2.197438766360764,-0.2053015059499389,10.85015162272408,imbalance
27644.440551825755,-0.459822759263309,-2.918125117218406,9.37903807775456,imbalance
27649.463415420323,-2.591213984689934,1.448934711010102,9.498117347766405,imbalance
27654.465607528276,0.3402508580654075,1.637797148100109,9.77314956696857,imbalance
27659.401644782243,1.9875032720762236,0.1326376492376492,10.513161786542566,imbalance
27664.315898652807,0.3438694911659598,-3.128702322007656,9.643461090023886,imbalance
27669.285399182896,-3.0496133621141244,0.2445560719777247,8.799828025536923,imbalance
27674.34227620583,0.2611077174291189,2.1237248223641183,9.403264655178978,imbalance
27679.442688480158,1.7042253572135195,0.8832227176837477,10.660230328506314,imbalance
27684.498242874677,1.3540374200179957,-3.151029868877384,10.127993622543633,imbalance
27689.4344066569,-2.843989864139872,-0.5886734434653101,9.107036212147976,imbalance
27694.419329577544,0.159681766316704,1.9653547715714563,9.25333962508508,imbalance
27699.36152087707,1.2549805328743515,1.0230950687006064,10.450682495670424,imbalance
27704.412522478306,1.983480636948878,-2.015960113006832,10.208202241940327,imbalance
27709.43174948461,-2.9026165338895225,-1.807116546776028,9.046319709107363,imbalance
27714.421607364777,-0.6764371704469064,1.934764363665436,9.465003012695426,imbalance
27719.442775764302,1.1747551749492615,0.934789132756768,10.336420187756875,imbalance
27724.440430925184,2.1611669058126983,-1.5524223710253686,9.992224369411831,imbalance
27729.41696919644,-1.9126705976175844,-2.246382986500663,8.742717841524193,imbalance
27734.41001189111,-1.6901825746852788,2.2559686810329973,9.220608805170604,imbalance
27739.339823890743,1.1142024871720697,1.214561241377538,10.311638629339775,imbalance
27744.391214783245,2.2754261224223384,-0.5529770273528448,10.821983127098314,imbalance
27749.367688585367,-1.2187547341155724,-2.817240948560586,9.27660647231539,imbalance
27754.475034671083,-1.94079378056262,1.883329264439865,8.790973688445682,imbalance
27759.44888033802,0.8853333988433594,1.5898803857234165,10.15897962660558,imbalance
27764.42368611653,2.259986327293376,-0.1384320447765554,10.647928761174535,imbalance
27769.424429811424,-0.6464605571467228,-3.109166784139469,9.335665584397583,imbalance
27774.510178963137,-2.386819761897011,1.194546988131115,8.61022767691677,imbalance
27779.46479981936,0.6973121612631726,1.9915871353531152,9.914690183040802,imbalance
27784.42306537337,2.1610897254838983,0.5073193307534005,10.514227856670985,imbalance
27789.444593537028,0.5785492247681681,-2.9632410786856007,9.929652347834123,imbalance
27794.438469101195,-3.293042360600008,0.4391434454943743,8.49705640937025,imbalance
27799.425353289134,0.2654831512383606,1.9141013592380711,10.042347116989047,imbalance
27804.384891638667,2.040144217264874,1.0608395532936143,10.864101029974131,imbalance
27809.35714231302,1.3288877949438938,-2.722649279127825,10.335016331966708,imbalance
27814.375632391024,-3.081899633322576,-0.7144643956366532,8.955310063510057,imbalance
27819.410797202087,-0.1318940605257162,2.504701816622787,9.765449279398862,imbalance
27824.40889734043,1.5430824016516698,1.5411201789912778,10.26782295546279,imbalance
27829.349020296133,2.0976639496442444,-1.8133241103437547,10.176371190617092,imbalance
27834.273349859814,-2.6722982206637105,-1.5515019573253397,9.027215008082289,imbalance
27839.1649649242,-1.189413615487146,2.119042181776306,9.433791982013412,imbalance
27844.130337083,1.178911964999759,1.259272915195239,10.107706966072762,imbalance
27849.16310482521,2.588721281249778,-1.509694272895274,10.301155969240234,imbalance
27854.092740595253,-1.6330835746480168,-2.636662999302254,9.157690285040635,imbalance
27859.082945631617,-1.824505060274253,2.2706331791119188,9.26528365817744,imbalance
27864.11281269333,0.9569610756739576,1.6743052722667933,10.095804898746222,imbalance
27869.06208484077,2.966538410087117,-0.4064429785682536,10.809502294814298,imbalance
27874.068994328765,-1.5027322567092398,-3.3291027179970336,9.661244460862498,imbalance
27878.96539459805,-2.510179789712019,1.5241398755079931,9.022719153431195,imbalance
27883.913858738542,0.4228575972293328,1.767864227496613,9.642939057849668,imbalance
27888.881960262628,2.2262277359027856,0.2040518367429637,10.743493971049505,imbalance
27893.8926667531,0.2218837528860646,-3.058707442472844,9.591823700412258,imbalance
27898.852974864207,-2.789560195368403,0.8251924660906713,8.988591719476041,imbalance
27903.920052691185,0.4656849294775014,1.943832915493838,9.790326840144568,imbalance
27908.93957145983,2.2442931635479666,0.6239550730354461,10.585458560381456,imbalance
27913.97323765288,1.4799179971900944,-3.377720273936071,9.735691066959722,imbalance
27918.932476412043,-3.100461272085938,-0.2216209030996868,8.896478238753032,imbalance
27923.908294010784,-0.0630980934487237,2.3098216878950653,9.775058519201558,imbalance
27928.981594520923,1.5868156593017797,0.9530434038975966,10.521108476858718,imbalance
27933.97748568992,1.3079565350796902,-2.360111828197809,10.412287361840557,imbalance
27939.028642241792,-2.839628796480877,-1.0992034448144086,8.802766535543576,imbalance
27943.968065813264,-0.729267170304544,2.4797396381977537,9.29839474127218,imbalance
27948.97496709849,1.6555808041234317,0.9467312230821,10.463509534667152,imbalance
27954.01937578116,2.009393146435187,-1.8234349975012576,10.07769482223527,imbalance
27958.884934940208,-2.6324102484982657,-1.5104161893270365,8.921594795387179,imbalance
27963.82842251288,-1.5079863200981931,2.5808848495582253,9.093340714485583,imbalance
27968.74541465885,1.5196211456497462,1.239553338457506,10.005593136628262,imbalance
27973.845514149303,2.3385029198618,-0.8723871836947551,10.51104643547895,imbalance
27978.81285200282,-1.3892963776479266,-2.568977970651142,9.229904240428816,imbalance
27983.890411390526,-1.612077299328564,2.045879787937415,8.883831028416418,imbalance
27988.984671568305,1.0181204880231234,1.8848771443397023,10.254749211223436,imbalance
27993.99030918678,2.4544413551024,0.0607944495677161,10.588427409716244,imbalance
27998.93202649969,-0.9326856116141804,-2.9384863321220664,9.77886856638766,imbalance
28003.87146720337,-2.3750826000523992,1.3028915122795344,8.746885262295187,imbalance
28008.812077113867,1.0681949233344912,1.9903044252179665,10.289093616233972,imbalance
28013.908275483103,2.25923093865421,0.3584108984411084,10.709440802209064,imbalance
28018.881498454804,-0.3688336005885344,-2.8685797806288136,9.945152345815773,imbalance
28023.87495244465,-2.7402996775423096,0.8149213162641012,9.271738438238549,imbalance
28028.903851943083,0.0040391361173603,1.6345979052851407,9.744732917865468,imbalance
28033.870254660997,1.9930582794108236,0.7350299220059914,10.8869495500515,imbalance
28038.75276987758,1.282560568134091,-2.632699474307618,9.721153112282083,imbalance
28043.79550038113,-3.21192811177679,-0.1454215372787388,8.974465039041881,imbalance
28048.70736501453,-0.321544021488464,2.390177064918056,9.474824752786269,imbalance
28053.62117019596,1.7828673021696144,0.9419116852683946,10.72418412886742,imbalance
28058.70680326208,1.7838395867976335,-2.331326754209963,10.38834009067923,imbalance
28063.7605276709,-2.96414117128181,-1.167862273947711,8.954070874808481,imbalance
28068.711301092724,-0.9755400414559988,1.739223648229233,9.401743458332112,imbalance
28073.70040663779,1.2829872249038612,1.1277780358235752,10.64929757812746,imbalance
28078.680522324757,2.207540183892669,-1.4105006141551315,10.148992123381312,imbalance
28083.695810148747,-2.140440868383095,-2.3427896199830704,8.96367815703251,imbalance
28088.741770888093,-1.576029004368101,1.6301608813892008,9.17057264634874,imbalance
28093.74295762408,0.8978097347543583,0.934421257780332,10.419653932646574,imbalance
28098.806373348423,2.574077909293361,-0.8067447510370868,10.46048459992016,imbalance
28103.787554325063,-1.507156283270951,-2.638898557887851,9.049573367985015,imbalance
28108.664638638937,-2.088278999327029,1.7713680417264264,9.381338379719,imbalance
28113.63830963648,0.7798234958653398,1.7205793546073938,10.099706427703405,imbalance
28118.644912718657,2.1851181501498145,-0.2942454756105219,10.738564554171816,imbalance
28123.590246928947,-0.1783153850622207,-2.9409027417530145,9.455249031038829,imbalance
28128.587789556328,-2.717601759081453,1.3459109354538084,9.176502179454712,imbalance
28133.517637398218,0.7983463811516032,1.5352253360340355,9.712926032152383,imbalance
28138.563139231243,2.061623470932433,0.0395784308593299,10.733743826789414,imbalance
28143.50210914454,0.6946987006028915,-3.1534817055986197,10.029275441875868,imbalance
28148.614750428274,-3.2863931038986047,0.1969214812002921,9.056642417424644,imbalance
28153.631638413728,0.1931386241600928,2.0722315815672188,9.90355220540996,imbalance
28158.73562319147,1.7809375569392984,0.4085360403466911,10.8052997985162,imbalance
28163.74626714625,1.3010436859358585,-3.32338205880088,9.940440933320918,imbalance
28168.905641745117,-3.05666288613182,-0.1934650142377677,8.982166691672715,imbalance
28173.879556283675,0.0714543513925335,1.9127527371637891,9.398775031149798,imbalance
28178.945704638565,1.564026283824328,1.1438632506801667,10.506776382332772,imbalance
28183.969500747997,1.481866798611844,-2.690005399198092,9.96948124053412,imbalance
28188.924501835925,-3.063539190156185,-1.4671292640825755,8.965822984100791,imbalance
28193.922524657417,-0.7567759348038087,2.016603862275075,9.26133369166907,imbalance
28198.863684775388,1.365607604874176,1.1125336476860168,10.874336866620094,imbalance
28203.88672261046,2.2058567595780074,-1.858155502772723,10.135472476445315,imbalance
28208.87630236985,-1.9306770185759143,-1.9916357556454165,8.910417884513391,imbalance
28213.903723900767,-1.3079240539170802,2.25525193820728,9.141381474491348,imbalance
28218.873055160424,1.159446137692409,1.4197026402686013,10.199685728994078,imbalance
28223.88235160151,2.249191960219105,-0.6855488595187949,10.249770806135125,imbalance
28228.871659896027,-1.571782234177754,-2.818920175836276,9.671116043772985,imbalance
28233.89129775507,-1.7759551092620969,1.8337480142404308,8.747833764259783,imbalance
28238.826905573595,1.122341823910185,1.8602707388360933,10.230551615437848,imbalance
28243.810157907305,2.5458202324717667,-0.2293039818936066,10.77104854526434,imbalance
28248.75325392501,-0.760617950709356,-2.934670694375614,9.244314962485326,imbalance
28253.810839522583,-2.7682201706035814,1.4273426196032415,8.634821560753954,imbalance
28258.8581814238,0.3880325101919397,1.835784680779668,9.719298148306384,imbalance
28263.944581653886,2.650573242649468,0.6128118148644106,10.424417740262877,imbalance
28269.002293377307,0.1120198400361224,-2.9831368306587,9.931490509118422,imbalance
28274.017884133944,-2.7070924023264853,0.6489894234191044,8.781299593548711,imbalance
28279.064892041093,0.4126234033182779,1.7619339745699627,9.981933089300671,imbalance
28283.99730560568,1.983057836765079,0.2717884756649494,10.632819846839809,imbalance
28288.99364863671,0.8784142336997257,-2.8820453859681927,9.7716135748349,imbalance
28293.973367683644,-3.401050421231885,0.0179785237187727,8.654473884352093,imbalance
28299.058572753424,0.0633018331199062,2.3188602006943206,9.549595984902211,imbalance
28304.053928327736,1.6830441804211285,0.6791658652076585,10.605379931313312,imbalance
28309.13208420353,1.5860340349543234,-2.2847667874077726,10.144827879311556,imbalance
28314.166106353965,-2.7207805618598093,-0.901979799248126,9.16999750501733,imbalance
28319.136661327328,-0.4000182743512377,2.2667909750808413,9.350046473578306,imbalance
28324.245316834746,1.5479939898972506,0.8778063283755624,10.537073961291044,imbalance
28329.21965507214,1.938082208925114,-2.0617605833293897,10.488957627109604,imbalance
28334.30132615561,-3.0695919448789577,-1.5053214094988026,9.12240492460278,imbalance
28339.321438538616,-0.951401414152758,2.182926974594907,8.76105705060387,imbalance
28344.352959183518,1.4482088486757372,1.251086082494973,10.605220019824085,imbalance
28349.34494235166,1.9153446418469529,-1.2773350609700247,10.196843897824516,imbalance
28354.220863750023,-1.965636727353463,-2.4908878337783182,9.25477958590242,imbalance
28359.226994056902,-2.005285012160077,2.1818490943496656,9.455027827254565,imbalance
28364.11496274677,1.171521214924921,1.7959132613752258,9.81489280746886,imbalance
28369.07555749731,2.2438218665953915,-0.8532306049870455,10.727869920043936,imbalance
28374.011372082907,-1.2707296506061403,-3.2469836212939684,9.2263753066655,imbalance
28378.924488727436,-2.481312309820126,1.6026825747833162,8.976507508851995,imbalance
28383.90766890696,0.5884977346135754,1.9353131747717,9.997974768661294,imbalance
28388.931676128846,2.006074733218335,0.2873247445317441,10.702436227317827,imbalance
28394.00510469304,0.0625399217729121,-3.41859625890054,9.700740205357777,imbalance
28398.94587829533,-2.729155023620597,0.7322584246044372,8.998864017418407,imbalance
28403.94033296597,0.304833747158122,1.3655259842333396,9.983239190435269,imbalance
28408.99955657602,2.177049592399256,0.4691633565393509,10.440086272550412,imbalance
28414.009405889286,1.025481580904043,-2.6665086147892696,9.953095456542902,imbalance
28419.06062926056,-2.793925557698282,-0.1273105734379028,8.903839518957392,imbalance
28424.161007066068,0.0731831373056413,2.3372761458663303,10.077521099814833,imbalance
28429.24475791269,1.6470931525214043,0.7258859391677264,10.88344595954229,imbalance
28434.30208133588,1.532925443906318,-2.8011868737256145,10.368273238694698,imbalance
28439.32554908769,-2.9221937372585187,-0.5629606380816605,8.640833345923081,imbalance
28444.3380230586,-0.2417994130080412,2.574314319888696,9.653521930866416,imbalance
28449.273892045057,1.4576902237164098,0.9370898157897772,10.503316603851427,imbalance
28454.221498710376,2.2079312378423754,-2.1307010817348546,10.189482760583674,imbalance
28459.15843154829,-2.831038248593923,-1.853876777338028,9.064227195904566,imbalance
28464.096693906737,-1.113117081946577,2.1045529920050763,9.224476737825716,imbalance
28469.063950805183,0.774970032162726,1.3453528670864066,10.368308587283428,imbalance
28474.143969299297,2.483304899676612,-1.0795597322186825,10.295068616568608,imbalance
28479.180156179184,-2.004188699074489,-2.338730767460249,9.263597796654013,imbalance
28484.20137067959,-1.560383308173906,1.8045376642818511,9.036447273106562,imbalance
28489.084272230823,1.0053370356151516,1.7272116062054306,9.820146623083474,imbalance
28494.035711139502,2.5536975457376343,-0.282227207194649,10.62353034699096,imbalance
28499.061572186674,-0.7952163989759738,-2.987603059333198,9.60434994825376,imbalance
28503.96863522045,-2.540700918061418,1.14996850722317,9.23967258259858,imbalance
28508.93523559721,0.8444121230091376,1.6214917928874653,9.864075922366313,imbalance
28513.959125471974,2.219382201158516,0.0694533639957941,10.276456409008114,imbalance
28518.893926033667,-0.2301615937882439,-3.0589184674569774,9.596657235573767,imbalance
28523.90768833677,-3.1064073011907776,0.3873932395558447,8.760203095156026,imbalance
28528.932104577518,0.3682441046777234,1.7211223745003652,9.916781190314158,imbalance
28533.93344849625,1.334856421029297,0.7072378427746314,10.919650521698468,imbalance
28538.911308914456,0.3819974973302484,-3.038951157087894,9.751705274786447,imbalance
28543.93538784528,-2.7455051932262853,-0.2821906878675322,8.814357516479417,imbalance
28548.933833547293,-0.1709212018903302,1.999040184312936,9.705565555927626,imbalance
28554.018504950796,1.8692980993497093,0.8842004974000377,10.58322629679422,imbalance
28559.01974144777,2.17893194094094,-2.7735495141933626,10.3615941123653,imbalance
28564.16170408804,-3.2797208386272185,-1.0851502040379937,8.82175992287702,imbalance
28569.06891139407,-0.1870978729507433,2.2073836067954518,9.636692211918936,imbalance
28574.01074116256,1.196044243683835,1.0913099209531598,10.420947904982022,imbalance
28579.087942757084,2.0145554943857484,-2.094020687639723,10.429613687221384,imbalance
28584.173009356105,-2.739651164343496,-1.8120513568401728,9.214550186800636,imbalance
28589.143825380084,-1.0570836541397537,2.3232352473996984,9.276640953168048,imbalance
28594.18792121859,1.255659381083551,1.275452983000883,10.542071517599162,imbalance
28599.2224407672,2.4059766723401053,-1.289342929832323,10.433098625940772,imbalance
28604.21838376468,-2.262423184100938,-2.224812076535268,9.466973567809198,imbalance
28609.22685567516,-1.7232593670448662,1.8131092236649484,9.170841281843344,imbalance
28614.314151787938,1.2099257819071787,1.6060370635667365,10.408585450417029,imbalance
28619.29722674954,2.6402747469440886,-1.0992124478826872,10.036678977610013,imbalance
28624.33396399763,-1.13736423730603,-2.74647742133639,9.394393570069315,imbalance
28629.273747053263,-2.23421491025957,1.7061839711421365,8.94944184143566,imbalance
28634.186527529557,1.0674379056685117,1.63499635042931,9.79130991847106,imbalance
28639.156589434515,2.376079049765018,0.5637397563103685,10.296625172733282,imbalance
28644.13212419319,-0.2009287925814357,-3.1199019487918243,9.366892050398516,imbalance
28649.17214923686,-2.4512825976177908,0.5975491695138029,8.778918535618272,imbalance
28654.12854332564,0.71495499617239,1.8865213821273692,9.972649011683975,imbalance
28659.1150321432,2.128414184830399,0.430504621751631,10.606974915360995,imbalance
28664.168646788097,0.8921015937510597,-3.038313909782606,10.00607023195544,imbalance
28669.215348377304,-3.356340817573839,0.0227585143176212,8.975646613803661,imbalance
28674.260678317405,0.30083009667754,2.214388192866891,9.855351652102662,imbalance
28679.294282380983,1.853889355740555,0.9192183726119796,10.504466203130171,imbalance
28684.23819725952,1.087173098840532,-2.6997548767463377,10.059735284805784,imbalance
28689.28181525349,-2.6785137088276216,-0.5951189540708598,9.04308050756688,imbalance
28694.252104920924,-0.179708026149036,2.1591438655985464,9.61672787009764,imbalance
28699.238505412624,1.375445278951532,1.0030757340291805,10.63838501305796,imbalance
28704.18294363176,2.0596353271274004,-1.5692871975641436,10.300970273986266,imbalance
28709.16620015049,-2.824534161336861,-2.1461439768895763,9.096393759400918,imbalance
28714.16399100005,-0.895498292230842,2.70719571722789,9.122200269319146,imbalance
28719.144068284677,1.3587639449537503,1.2048343451941477,10.40979825869446,imbalance
28724.170344115453,2.437223095042508,-1.4168513084662606,10.248290393434392,imbalance
28729.10439166513,-1.7193903859835358,-2.817414200975159,9.748407644969715,imbalance
28734.09539162704,-1.869487388298933,1.986111178157968,8.856391000333435,imbalance
28739.11321899265,0.8361666649846451,1.0675162692473847,10.453820406549967,imbalance
28744.154667857754,2.232554986437709,-0.4198123107738286,10.575974139788723,imbalance
28749.17874324987,-1.1765800052991466,-3.1277696147655227,9.387768069630892,imbalance
28754.220729688703,-2.62917360277954,1.5373532092994475,9.284640174197328,imbalance
28759.242749705423,0.818712457035779,1.5244559053829971,10.118031948851453,imbalance
28764.292933255296,2.4378407207386465,-0.0463348600465468,10.607415873231766,imbalance
28769.26102207725,-0.2284597163463483,-3.351096859062481,9.577481860628382,imbalance
28774.38771947208,-3.009107515506454,1.087129123153341,8.807052087626248,imbalance
28779.474081202126,0.4910108095042497,1.807141334692972,9.757031361945971,imbalance
28784.50789583972,2.3036427067472744,0.784791386179113,10.478662939189617,imbalance
28789.55540571754,-0.2168683715230575,-2.826287840218632,10.093911050469783,imbalance
28794.51972480001,-2.9319892908125227,0.3645261146450826,8.825238490330394,imbalance
28799.55840256161,0.3079014368108791,2.205288551188866,9.78322410382049,imbalance
28804.513195640797,1.8879589329994328,1.1890729093340684,10.68361135894985,imbalance
28809.478594572003,0.933862325980625,-2.5741543807207554,10.09665015050228,imbalance
28814.547584199045,-3.2110906404200508,-0.5201065861031248,8.93664290193077,imbalance
28819.59548395708,-0.0034894213301074,2.225041417731024,9.672353387033196,imbalance
28824.58158572504,1.6916228980508636,1.05283852588559,10.631593575612294,imbalance
28829.61216923253,1.70824040843654,-2.082757318200738,10.174379175169976,imbalance
28834.565093782523,-2.906435842235839,-1.2726041813810565,8.89154913145375,imbalance
28839.528885113195,-0.3969535167157181,2.0597814983256097,9.62225054904845,imbalance
28844.46997913048,1.0530613957603023,0.8834080439309285,10.301294806577278,imbalance
28849.48651963645,2.1288206394122344,-1.452267339574738,10.366910466603448,imbalance
28854.431045154244,-2.0066044404012717,-2.6145200695474986,9.205296178525757,imbalance
28859.431107348795,-1.0707808091123954,1.846026973794872,9.131977907141009,imbalance
28864.47637133281,1.209676361452685,1.4650153491429467,10.482954905567142,imbalance
28869.49609202013,2.1587843118285623,-0.7765822022279988,10.629351837987183,imbalance
28874.567352139613,-1.6930168071559322,-2.662555501118125,9.136931188369225,imbalance
28879.644301383367,-2.189638505057049,2.015288603658613,9.104045702980878,imbalance
28884.574472115022,0.9350941108794965,1.450585201003184,10.390866003563788,imbalance
28889.583057325275,2.3641475735769446,-0.0312868215094744,10.64566455655042,imbalance
28894.56164437611,-0.7666164392450012,-3.3283022934540423,9.68568877526481,imbalance
28899.50189576798,-2.6313763989494685,1.3029435696090632,8.857153859117432,imbalance
28904.515054657146,0.5626977660676887,1.8287211791072808,9.556734319069651,imbalance
28909.462241050154,2.1555163542921125,0.3999165669816638,10.846384312605958,imbalance
28914.45103172387,0.0025476390622907,-3.1138112708316825,9.941633264521496,imbalance
28919.441715294477,-2.7511940833613258,0.3184892794097076,9.013120545259932,imbalance
28924.49163418064,0.2869930801615311,1.9840344488169024,9.99739280808078,imbalance
28929.46301767918,1.994488295642518,0.8589842131023256,10.892178051847152,imbalance
28934.372433000062,1.453752729072214,-2.6176115551744457,10.36670994785339,imbalance
28939.393578380623,-3.026249693601454,-0.778996340194638,8.94661915856703,imbalance
28944.41959934258,-0.3173955362419723,2.4067914734682723,9.650686564451169,imbalance
28949.434918391005,1.6779387474222038,1.2368768891253443,10.501920276310097,imbalance
28954.409374038103,1.5594472080639885,-2.214790871983992,10.16679734222514,imbalance
28959.431810443868,-2.605209092249541,-1.314959916773205,9.222245940411312,imbalance
28964.46074440878,-0.8265338599314533,2.359385752705584,9.11633288897507,imbalance
28969.490745002608,1.1534283506966392,1.1535357409180254,10.369774582629155,imbalance
28974.544424165742,2.4457657747604804,-1.3962137654722109,10.463952067580792,imbalance
28979.497626494885,-2.423201560086348,-2.4057243406783524,8.995951818357137,imbalance
28984.53059103036,-1.189456672584873,2.1549329713819425,9.062250889686997,imbalance
28989.570256965,1.0782587746978032,1.3662875892511168,10.16875242849296,imbalance
28994.50739566067,2.6676548519726166,-1.0040916293568125,10.16271148766952,imbalance
28999.51595601187,-1.6055840227078004,-2.9198707866278477,8.896870258238822,imbalance
29004.498695896247,-1.9381754703871652,1.622954083000716,8.783807517937442,imbalance
29009.416468987703,1.033609333422995,1.7585474168207555,10.11672710841712,imbalance
29014.33837980597,2.425124602765634,-0.2299196158331359,10.930088711714337,imbalance
29019.32313865308,-0.630178818475449,-3.113476345059494,9.958328077611478,imbalance
29024.328364286263,-2.5428701785856216,0.7111162677094118,9.420799982441176,imbalance
29029.38274041861,0.5175670177459561,1.96563067778748,10.120794847301935,imbalance
29034.39252098879,2.2619237302484696,0.365979774520082,10.459787916281906,imbalance
29039.42162035053,0.3761125660211006,-2.960908983297636,9.599275410910348,imbalance
29044.401030979545,-2.8722941545114358,0.0862970338632804,9.231393520119104,imbalance
29049.37064291289,0.367675723449674,1.8629874735575327,9.68354311119124,imbalance
29054.340631602805,2.164788043717367,1.0697692489998112,10.867694823301791,imbalance
29059.25532316393,1.2062486833548471,-2.45939420608129,10.288173965628957,imbalance
29064.19893060604,-3.0950716516380945,-1.3822127355758955,9.302895026130583,imbalance
29069.166236381698,-0.1452341088956452,2.30054066969246,9.41614640989291,imbalance
29074.222598348333,1.835401614902812,1.3369896695437224,10.503550929739658,imbalance
29079.181448629428,1.823209471563028,-1.9605737340397345,10.074158908269135,imbalance
29084.151028556564,-2.790857074357741,-1.982977347795393,9.402091899491772,imbalance
29089.191343425307,-0.8327798011070539,2.18101006237385,9.078175770753251,imbalance
29094.194833527832,1.3757676232978682,1.6038981564941746,10.679845270624282,imbalance
29099.166402633226,2.409735981614588,-1.1904828871688922,10.538580392014392,imbalance
29104.22595854945,-2.0611690588240865,-2.6301118178661533,9.523627418725017,imbalance
29109.29331651937,-1.505550896555698,2.170510124802812,8.964506005800223,imbalance
29114.27559931218,1.1082273262928304,1.4408088264953542,10.270212415077564,imbalance
29119.23314424818,2.7845623619299182,-0.6523153656043224,10.365382487022869,imbalance
29124.285080432877,-1.1408181117716367,-3.049065132521598,9.50879210499578,imbalance
29129.352456490167,-2.4540076708725747,1.566445181431172,9.047992547749514,imbalance
29134.409507563203,0.7139191965017622,1.4690729829381677,10.483407077754244,imbalance
29139.435052725963,2.4044050848759366,-0.1163289632148438,10.948240375504694,imbalance
29144.407921526392,-0.8011450469226096,-3.2064404955306838,9.418351684559209,imbalance
29149.45349622628,-2.6488002743199965,0.9726279238483324,8.66491927044122,imbalance
29154.396452583853,0.9325879531531966,1.551867893343463,9.727147062519425,imbalance
29159.397102982653,2.1423722446015327,0.3523656193683288,10.742403363124868,imbalance
29164.330459889967,0.4121578620092042,-3.198935226502304,9.673085134432185,imbalance
29169.468203566204,-2.7301494044498344,0.2858947940783781,8.360486789314194,imbalance
29174.590706906376,0.5313014146282018,1.973161782343126,9.656232249815131,imbalance
29179.58158939345,2.0294487465124464,0.7892090157527001,10.409497405640924,imbalance
29184.53790542036,1.2334049669616078,-2.8812764071978663,9.653695652703046,imbalance
29189.55372645179,-3.0337030506008285,-0.2840677005775046,9.211153328870008,imbalance
29194.50209905962,-0.428870565260085,2.292688621427537,9.828050002078925,imbalance
29199.534002833625,1.5617349393211435,1.1209155446247665,10.390547374811346,imbalance
29204.45818151364,1.758341817075717,-1.8028545196889865,10.10398203440164,imbalance
29209.44180526469,-2.394959480484651,-1.4392704560973029,9.337089512193174,imbalance
29214.461210262183,-0.6097995291029817,2.672303335290069,9.183322006030568,imbalance
29219.479341988397,1.140297821974836,1.0551391795747205,10.180576824688844,imbalance
29224.444522587062,2.220598420116999,-1.5249444521018016,10.32593639982037,imbalance
29229.458694945617,-2.241308976056481,-2.103703087149693,9.3236384697804,imbalance
29234.531328608664,-1.366883998512472,2.356337335505353,9.14558099088805,imbalance
29239.48469310373,1.1374335545187235,1.4033375074126375,10.23148675920949,imbalance
29244.44064561076,2.0867639179400315,-0.7159524098332641,10.764668569499024,imbalance
29249.35028352413,-1.4651293127324825,-2.8735673404627176,9.460751974219953,imbalance
29254.35102555228,-2.0441926881951,1.5197055718151498,9.29374463780003,imbalance
29259.36617866188,1.0580248730032396,1.6950877212837512,10.28209918091637,imbalance
29264.365535529312,1.8863190732492767,-0.0528856950423262,10.90815180900689,imbalance
29269.30564184421,-0.2981405533935791,-3.03665250218747,9.646879254511632,imbalance
29274.347337995485,-2.6055907841853503,1.1366945680798413,8.630780612738487,imbalance
29279.375184912904,0.9130394620832332,2.0107050167811984,9.72129820249159,imbalance
29284.35307442024,2.120946415698736,0.378550141084622,10.638119753078406,imbalance
29289.397150559656,0.1867067430024521,-3.2483702640040235,9.536627430133974,imbalance
29294.29460722244,-3.207365898358902,0.1233457765992773,8.628379931035878,imbalance
29299.296214665777,0.0082475271556441,1.962473950899353,9.830623313007711,imbalance
29304.243309975463,1.8524063961822368,1.2033837554302735,10.33814990166319,imbalance
29309.231285353268,1.0794645051923133,-2.309593029732832,10.112610037016818,imbalance
29314.19466105183,-3.075641491616142,-0.4368262707249553,9.211862555664847,imbalance
29319.090869784253,-0.309806885794829,2.3675164149614134,9.435352676685516,imbalance
29324.100278826867,1.8000581437391432,1.003181517581743,10.551681458654224,imbalance
29329.09340847559,2.050338755808469,-1.8478757111034465,10.700553755670793,imbalance
29334.04829225506,-2.3824694412869563,-1.6795612551866532,9.293515785403502,imbalance
29339.0062094508,-0.9629669652902864,2.035430232532848,9.076475063083056,imbalance
29344.054362822764,0.8941867342527832,1.1781937538742555,10.517547164349782,imbalance
29349.01056111832,2.4218779931244336,-1.002827350741568,10.254564980682275,imbalance
29354.036548409997,-1.9463392503688937,-2.5367465764686337,9.328842188561,imbalance
29359.117192684964,-1.74749396478882,2.0288486909498062,9.039385434004664,imbalance
29364.184338192343,1.1541784809578963,1.506718338505365,10.582256779939776,imbalance
29369.175431762644,2.3873355830776024,-0.3344883290786059,10.55987075130219,imbalance
29374.05704126274,-1.3378020254009633,-3.0653806541977047,9.463941574597184,imbalance
29379.01508313922,-2.493633327882117,1.703566927391481,9.039887240595457,imbalance
29384.032520818888,1.0351347746893196,1.9526237451772936,10.374113329334843,imbalance
29389.06161749545,2.3675813308904834,0.4065279671385796,10.64319823884708,imbalance
29394.083634179227,0.0238106312867486,-3.27100035593866,9.91141615807926,imbalance
29399.110283178663,-2.7970076271564146,0.729219125650955,8.796947111134498,imbalance
29404.064106476868,0.6819784170996024,2.0354239762952115,9.65134376380372,imbalance
29409.13654642509,1.9937057016423525,0.8193012443581302,10.456350655910448,imbalance
29414.01733462649,1.1002729657297414,-2.6309582450563616,9.709366216377225,imbalance
29419.012384493093,-3.2697394479845725,-0.1574315442910978,9.142194507360069,imbalance
29424.005672168703,-0.2136327091603471,2.0595999352679466,9.574911221823996,imbalance
29428.889293560067,1.919298753206596,1.0853450979184551,10.724535994257373,imbalance
29433.920049484823,1.6533774063944449,-2.388228633078999,10.139331905265037,imbalance
29438.875418592717,-3.2513395288089315,-1.280489890908734,8.976155395803396,imbalance
29443.907960934364,-0.6526303286848327,2.547934041834281,9.494953617453136,imbalance
29448.89232308359,1.7559748313756836,1.0473656432616585,10.47410104853444,imbalance
29453.857114957787,2.00710169654771,-1.7986638035735385,10.253229282493171,imbalance
29458.82185458779,-2.535054354207801,-2.5061725628450624,9.132942757636313,imbalance
29463.87651070222,-1.2183388832003403,2.289314654513741,9.299601431439152,imbalance
29468.84125863855,1.2553284873352262,1.5501029312077412,10.47067250067821,imbalance
29473.83408135533,2.5716603577273456,-0.6827189881447155,10.456411357886358,imbalance
29478.86612341699,-1.385190456382385,-2.9363269463767083,9.260656871426685,imbalance
29483.84075013506,-1.941443674437045,2.221090925940325,8.931478748078353,imbalance
29488.84965923214,0.7673403477248346,1.7101300419638694,10.767667371154731,imbalance
29493.8467208926,2.28989017939677,-0.3094670957090852,10.968015068749356,imbalance
29498.901364092988,-0.9946459750260184,-2.701210768513654,9.647910565268935,imbalance
29503.901075744663,-2.8631248948176564,1.3909165747916443,8.958663617341262,imbalance
29508.892238921588,0.8451080964985365,1.469662574810586,9.72888559053131,imbalance
29513.88891234336,2.183695268664236,0.4926086144551195,10.421791224077284,imbalance
29518.858958701938,0.0291911245678207,-3.1910542186848607,9.893661727834711,imbalance
29523.911386573986,-3.029639408954111,0.9910654330574432,8.754994711740274,imbalance
29528.94940096648,0.424049767451532,2.1677918250772907,9.993266296451289,imbalance
29533.89286968386,2.3050252350876157,0.5415851804105771,10.635951408568795,imbalance
29538.93896689835,0.8034604274249761,-2.707082808218208,9.96252592023463,imbalance
29543.97893496033,-3.2325538083736025,-0.3021218595156232,8.772236266937032,imbalance
29548.95461458945,-0.098794332685077,2.1062028031708326,9.475812620713125,imbalance
29553.990871632264,1.8944431583083,0.769882874338808,10.61577687741116,imbalance
29559.02272675645,1.3908660013030898,-2.1012011369309205,10.24025744969708,imbalance
29564.071566455452,-3.123145361458609,-1.121062855785852,8.906019067557661,imbalance
29569.05889487457,-0.139177437381977,2.052336546432028,9.243028356216763,imbalance
29574.06237778006,1.635021496016418,1.2572030687985272,10.431620285482568,imbalance
29579.14073891185,1.5468474331308548,-1.9581068946948088,10.028965265809218,imbalance
29584.178621692387,-2.5865664894819957,-1.4240290538686855,9.44281604777685,imbalance
29589.235414050017,-0.9551402670182152,1.9243169963413669,9.338673907496858,imbalance
29594.241605646417,1.1549561369830783,1.3801152680427513,10.44714500028747,imbalance
29599.25118452121,2.1693858251262625,-1.269345090413756,10.319046026621889,imbalance
29604.2592481921,-1.904141136909529,-2.929264637271414,8.98969390535291,imbalance
29609.35385342632,-1.8781816028344973,2.249571397907971,9.293548514287846,imbalance
29614.32975467532,0.8540769796359088,1.574448959208824,10.33921265701136,imbalance
29619.287055141256,2.364445801599657,-0.4352418556866363,10.667149040000908,imbalance
29624.34304790348,-1.416014624619052,-2.677692742878478,9.508865258177623,imbalance
29629.339967926942,-2.4257079550347,1.7776732130034592,8.676851757090317,imbalance
29634.414436892363,0.9046401408390596,1.6401210974372908,10.293609559491014,imbalance
29639.39083472238,1.7785595431208532,-0.1926508555327301,10.513961511028034,imbalance
29644.49269784112,-0.8686038619255576,-2.880588283858715,9.500854261971146,imbalance
29649.390791854777,-2.815056519106024,1.1254045241703188,9.18145257563615,imbalance
29654.37619083557,0.3288029494116122,2.163783605486953,9.840771858404404,imbalance
29659.363166387797,2.3233610069221275,0.6997751377589077,10.80985294363799,imbalance
29664.350429007285,0.8064474002948046,-3.2686917535282425,9.629409537541347,imbalance
29669.333019990565,-2.9234562719696724,0.4377800903605552,9.041801645732896,imbalance
29674.28033213642,0.0654676571213981,1.932184748202624,9.954737109076232,imbalance
29679.27217232077,1.7977354596713149,0.7017105192645503,10.70953757460274,imbalance
29684.295358024687,1.314938635271124,-2.7425489464469117,10.137762775287998,imbalance
29689.305385109044,-2.9188587832718773,-1.0171075797854894,9.27607857182524,imbalance
29694.34493003276,0.0421121331056734,2.1652461080435828,9.59178303417409,imbalance
29699.299964005,1.679104713876905,1.2741432897230518,10.795215076295074,imbalance
29704.280712130807,2.036483139592654,-2.252241475343997,10.207230461551374,imbalance
29709.30886384835,-2.84625987783251,-1.7571079063532562,8.6499486079733,imbalance
29714.25030168783,-0.492021180511105,2.081698804920866,9.324205155826284,imbalance
29719.299634206312,1.0218355768219367,1.3072569638448257,10.580828426444056,imbalance
29724.31240412906,2.192299993457828,-1.571902649259353,10.6004872096759,imbalance
29729.248119463264,-2.6099889101339646,-2.412374153828148,9.32544950748838,imbalance
29734.15576071906,-1.7135356012917018,1.8087049376344384,8.582982461803034,imbalance
29739.10107861841,1.2146735915939495,1.6288989835890957,10.258279228758807,imbalance
29744.103127667047,2.594167299807401,-0.0307075776970126,10.490837177383298,imbalance
29749.052332855143,-0.995466845917307,-3.1617345027617603,9.78161788306532,imbalance
29754.032644709478,-2.100269323525193,1.518857932586026,9.219564446508397,imbalance
29759.129040101456,0.8320736896379173,1.635235785167688,10.258186906431908,imbalance
29764.0648068302,2.0084768936938264,-0.1183540872616408,10.685255282945764,imbalance
29769.07778125028,-0.1166885548873442,-2.999686971998429,9.621207420002966,imbalance
29773.986316999173,-3.121977290252292,0.7683516160759772,8.832453973260684,imbalance
29778.97615885952,0.3729066174389872,2.193304545066098,9.853260144252827,imbalance
29783.932471028784,2.0219032895378484,0.6810737829042587,10.333142302488724,imbalance
29788.9166867059,1.0788491634698514,-2.9151447435601545,10.127317368463512,imbalance
29793.94853376088,-3.124494578650216,0.0315839328907998,8.895740195616446,imbalance
29798.947051337287,-0.1179874678093605,2.228955450596763,9.521911881069697,imbalance
29803.90673596712,1.4359654749693458,1.230024011607473,10.63638977797527,imbalance
29808.935282871204,1.6531926960839982,-2.12786041081295,10.0479630327266,imbalance
29813.96607363843,-2.924106877238686,-1.1128174718384791,8.892502559596903,imbalance
29818.877541750884,-0.4520434940386943,1.884520349807857,9.239831940918332,imbalance
29823.88610410517,1.249109919015086,0.88763694871946,10.585212455593783,imbalance
29828.904537177525,2.235169536971623,-2.1171091919627485,10.264316455878207,imbalance
29833.80296609149,-2.5632198220215243,-2.487836957275653,9.096253073914646,imbalance
29838.82231456364,-1.6502923657449382,2.1521092253966696,9.464915058295905,imbalance
29843.87563541901,1.0516602729578133,1.1295638006074924,10.49787576189764,imbalance
29848.86946560207,2.3839322892108648,-1.0583301238080685,10.693702420029744,imbalance
29853.829200122163,-1.4157175531420814,-2.666921066707782,9.204837015191243,imbalance
29858.82308062013,-1.6802393592112843,1.8360391215497236,8.940651908386585,imbalance
29863.912146870687,0.6392199782099437,1.4262495958984835,10.407172363613949,imbalance
29868.901082971377,2.256949370014912,-0.4709281853158402,10.291139605281773,imbalance
29873.921110138534,-0.8516424501532447,-2.945070385664116,9.593762783676627,imbalance
29878.962210407582,-2.3197189546521053,1.4161710228225228,9.114088991366971,imbalance
29884.03515096402,0.9910691523394408,2.121721366399942,9.95571362432494,imbalance
29888.96218529501,1.8471154261554996,0.2607390934016737,10.61310205503221,imbalance
29893.96704159521,0.0654327220317086,-3.2874735246870306,9.653621746108753,imbalance
29898.88128797779,-3.236449244984515,0.7297683747807577,9.080387974191732,imbalance
29903.99712364407,0.5559565372500841,1.9844894867642888,9.637413124985684,imbalance
29909.023532343253,2.013850285001901,0.6620668995407644,10.60423022322526,imbalance
29914.08773961598,0.8164840477554822,-3.1582005438053624,9.674812388889318,imbalance
29919.1417942402,-3.206047849276592,0.0427617555021137,9.079315689573477,imbalance
29924.164214753637,-0.1982737769952728,2.2144510691161736,9.925399451675206,imbalance
29929.143901519958,1.8838802059389623,1.177198513421525,10.748626088370198,imbalance
29934.215280714467,1.0181763934992718,-2.603573513183329,10.132985040020122,imbalance
29939.20958943652,-2.891109470221345,-0.6337052715186907,8.840051762428542,imbalance
29944.12427180591,-0.2965806304380541,1.897141028110081,9.7831274884754,imbalance
29949.13510366028,1.3853018590935664,1.1490728388425606,10.559100317831316,imbalance
29954.15653893787,1.8695473240942764,-2.1998269333869644,10.394255930814824,imbalance
29959.125389966863,-2.422280238840825,-1.6386532175052688,9.075519210144604,imbalance
29963.98623176524,-1.1725896750153193,2.034343272354376,9.16619683637116,imbalance
29969.01854805388,1.0794586519607652,1.4313737795426746,10.55668190092596,imbalance
29974.01027678459,2.1367723570314574,-1.0398973283842856,10.655461644924069,imbalance
29979.01446721081,-1.533195110010075,-2.565715979283512,9.538568644131953,imbalance
29984.088479892365,-1.73900136996299,1.9275658977302397,8.80037368609878,imbalance
29989.08363276323,0.9497117315027208,1.9219961888828292,10.021915436983567,imbalance
29994.11648256218,2.049222158538281,-0.0270472779785272,10.064849606087002,imbalance
