timestamp_ms,accX,accY,accZ,label
0.01077976691318549,0.07318264374052488,-0.12098081908251085,9.891252940802232,healthy
5.03813470720002,-0.12496674052136766,-0.2720231732928051,9.862412561601309,healthy
10.005019803824657,0.06885387291807007,0.2300131223436639,9.746828469330184,healthy
14.99172481075151,0.1397762505731715,0.18204477581586814,9.683803445843882,healthy
19.971481350173377,0.07849777954131945,0.11220216739467875,10.035033295094989,healthy
24.953109005115724,-0.21103819690425166,-0.24302971345077581,9.687760291594598,healthy
29.988818196947758,-0.15986351091337891,0.1396046146832397,9.682939931540231,healthy
34.98960329337786,0.25107832285617077,0.05191192620733272,9.821035144986958,healthy
40.04957500120129,0.07199624703905622,-0.16052184491865396,9.90308320221607,healthy
45.04178755715609,-0.37218752372836006,-0.21211706779449918,9.706491496646102,healthy
50.10968361090805,-0.02096405642953822,0.22681393448911347,9.801420945612792,healthy
55.0742320908487,0.3843725643429783,-0.003739623415007484,9.884981041326236,healthy
60.03126866105458,-0.09003190361917683,-0.2860281116984409,9.6808047512583,healthy
65.02815135507043,-0.19475537321099573,-0.194396204187528,9.670471581546073,healthy
70.01926041389946,-0.04003505493963399,0.2807180001256786,9.86089211664058,healthy
75.0015211303696,0.15935593176192292,-0.023589430296660635,10.007569702201085,healthy
80.05513290291789,-0.07269128312481325,-0.2781516881847216,9.72882465877563,healthy
85.11103401808863,-0.21396348475506533,0.25642919272317644,9.781550185931039,healthy
90.05460995610852,0.004992455538360398,0.29977806473519836,9.765475517750641,healthy
95.12130695926925,0.23836401064728055,-0.20089177982357004,9.792446282324244,healthy
100.0875139869895,-0.09839435709825697,-0.1390871204513817,9.700102510125319,healthy
105.01563273333451,-0.1524082817376564,0.09649490605507297,9.869312254294828,healthy
110.02307968747135,0.16059478775082264,0.2316234827220146,9.645406688998486,healthy
115.00383072132094,0.19991465888606463,-0.021871444017127567,9.819161560605773,healthy
120.05627303889636,-0.02080216498137133,-0.4926893896118445,9.753973506609105,healthy
124.98866864344593,-0.12388685609688498,-0.02536178739770123,9.648382234791141,healthy
130.01213328545202,0.2944770277986082,0.042184268979128414,9.951655716935308,healthy
135.03477283487783,0.3050499477599982,-0.055661843834901595,9.786259687374672,healthy
139.98672833826788,0.029060794054580202,-0.16219990652097763,9.78823324536491,healthy
145.03345763549243,-0.0831323208329041,0.275965601332063,9.703080936141438,healthy
149.9022187311356,-0.11613413755732738,0.29091009011124586,9.84934296037972,healthy
154.84017119042036,0.26524214668571633,-0.5130090793969492,9.950090265163277,healthy
159.8667397614128,-0.25321541267043374,-0.08399658313571307,9.841453976861045,healthy
164.8212530746999,-0.12561486620208429,0.39216796902101525,9.744717366843886,healthy
169.76502255979082,0.09190103224104881,-0.03892398405529428,9.801895778201194,healthy
174.74662566612315,0.25816520731805875,-0.0798765601690461,9.769523539224712,healthy
179.76226851123502,-0.2457207143784481,0.0016661328864288755,9.688717518717313,healthy
184.76216372998238,0.058660592849853546,0.502068590144311,9.759460072399992,healthy
189.69020033003568,0.3370738170027665,0.009801088800049165,9.749399067297094,healthy
194.70825538410142,-0.04612196077448706,-0.1948516089029047,9.766678724287699,healthy
199.64608389185764,-0.4959053720627612,-0.008698753591215407,9.784171581034142,healthy
204.69855529418467,0.02580734171046409,0.302048100046221,9.799850343933104,healthy
209.72700308670565,0.28816682763738,-0.011065113326438999,9.867481995859078,healthy
214.73686850474644,0.02099691394770671,-0.1482146569059341,9.93026756641213,healthy
219.76883504146554,-0.16599961115545175,-0.081179550512747,9.919614846343139,healthy
224.86259732973616,-0.23510897107690218,0.2042518450200932,9.894148181134865,healthy
229.83015696545957,0.202487352990999,-0.013299606494463004,9.78900366278478,healthy
234.83576513064156,-0.1572777649397743,-0.38966079295187034,9.826326330099974,healthy
239.80642420273676,-0.031078929587948417,-0.02663571530295221,9.786726123583938,healthy
244.81150197465067,0.13310771939652835,0.20580360800737327,9.79702529032007,healthy
249.8066050555131,0.37195056235472024,-0.3891502128573784,9.924637211515815,healthy
254.73296867397377,0.08901031541763421,-0.22503667572626465,9.69765303606952,healthy
259.75742888587183,-0.16238095470922836,0.32901362651147054,9.699066794175797,healthy
264.8401650470766,0.3059326250730591,0.2739588264426799,9.640612564799758,healthy
269.81750633630577,0.04928864747250203,-0.10983121797747353,9.872506636698045,healthy
274.78890322783366,-0.1392041788790437,-0.07414965586311592,9.84456038849857,healthy
279.7849676488541,-0.34660561382611155,0.22932761764642284,9.84710563208864,healthy
284.84878534278135,0.12526283891808976,0.1565701474401915,9.800256583787945,healthy
289.9286824098738,0.19052131376387288,-0.4560715926130888,9.995635937003303,healthy
294.932918244681,-0.2380368279927036,-0.07095880899308968,9.635008277484147,healthy
300.00728187552437,0.0020457863241662017,-0.07347340693603127,9.703780021752472,healthy
304.920136639986,0.22249820976411683,0.1645943155049835,9.840301412011689,healthy
309.9669798553911,0.3272401916116132,-0.3817383869107006,9.870664516930534,healthy
314.9765346636369,-0.21318263149219294,0.05013355363739186,9.602419867671045,healthy
319.9976751157167,-0.1920706082485166,0.2124654036948242,9.88837353984634,healthy
324.9680673431092,0.11727080407103194,-0.080456219596759,9.736189322447803,healthy
330.03261526919033,0.15565848129887994,-0.07425355756615235,9.825621378350037,healthy
335.04446815570213,-0.6047920737701078,0.05457698341688719,9.624703983581735,healthy
340.07642936086137,-0.00788967763734675,0.1902213735034997,9.94338416820625,healthy
345.06533275898283,0.3993328615275351,-0.027297264782216404,9.908372406618044,healthy
350.0693905841837,-0.005604117813289233,-0.3207863275527185,9.751581457438434,healthy
355.0838507426788,-0.11036372238954062,0.15843041313743383,9.780516595515833,healthy
360.05134698186106,0.17692590533253438,0.2970818619248212,9.798595080776447,healthy
365.0292651412165,0.1992256748153517,-0.2820264361182156,9.789400005010467,healthy
370.05033600344655,-0.1458153276772076,-0.3425332887976035,9.818441421986083,healthy
375.09549662882273,-0.15916126975777495,0.2042316999533259,9.711022040966471,healthy
380.0781442591926,0.2960804570656128,0.028275810252132688,9.801316948501531,healthy
385.01163065995195,0.037091344269716636,-0.32605275161299574,9.769500519993924,healthy
389.9837260259943,-0.19150259679042328,-0.4141569615011991,9.731832635998845,healthy
395.0028218482491,-0.173410766218554,0.41213522071079944,9.677667881187638,healthy
399.9041433566678,0.17613056149566042,0.07505166635603713,9.918105685988003,healthy
404.88066339662777,0.035749007050892845,-0.2528693758905767,9.866772834590428,healthy
409.86164613586647,-0.16540556495036537,-0.1789629049623157,9.83918365053046,healthy
414.85671007824334,-0.08133337564485982,0.3121804193692634,9.872988890497234,healthy
419.7962590620333,0.3935426617913357,0.30726664941982584,9.800142353345123,healthy
424.84659349747466,0.14944669502696112,-0.2173407403643249,9.768141980270086,healthy
429.81569969918587,-0.12189511563867211,-0.18204002158480811,9.716294327177296,healthy
434.7499359772269,-0.0422912123524797,0.08402899410567677,9.651218496156538,healthy
439.735229488658,0.030643811947217353,0.2074741380731033,9.811574440893956,healthy
444.71814675042776,0.1730479504705119,-0.10233535952741643,9.797339900751965,healthy
449.69282650145675,-0.12545685182435426,-0.09510548598263709,9.733651191753522,healthy
454.5923057610276,-0.01004213317545316,0.3337189634272766,9.702116792174024,healthy
459.62878331353727,0.3464711583069503,-0.06137158650542187,9.74920093977981,healthy
464.68970310442586,-0.05009203619615925,-0.42424909678774814,9.819229191932475,healthy
469.7166056593767,-0.4560284635434442,0.0214043730671248,9.692800651048058,healthy
474.7532321445287,0.30863688595110844,0.3835684073681801,9.856107890323777,healthy
479.67243200220435,0.27324669015143477,-0.10896151573943214,9.865402743916457,healthy
484.68999910251347,0.036459633365211616,-0.25695868844615094,9.812970866936062,healthy
489.7600503277949,-0.16057925824994035,0.011154987009730083,9.736454346568518,healthy
494.79478702953566,0.10043180396498368,0.43340891376997415,9.824511117826505,healthy
499.7788750656872,0.3361922294881844,-0.1406014382362716,9.913982751318924,healthy
504.73650860209597,-0.2643661680647405,-0.130278566092523,9.784886236437083,healthy
509.68462910603307,-0.4122509263528846,0.018742664932133377,9.738985947342986,healthy
514.6609740199036,0.07124568188566147,0.29688610216790384,9.80599147435142,healthy
519.6811862518448,0.238222270713645,-0.16939622846701466,9.962802809100392,healthy
524.6501222057638,-0.09138081678878032,0.022805915828608525,9.780432584707512,healthy
529.6050488536371,-0.23731315162200867,0.05924151260608489,9.874131700335877,healthy
534.5661967221861,0.21396668787547948,0.44679864977444383,9.810308978862652,healthy
539.6144114258759,0.1184670496509449,-0.36881585832716224,9.891897223388435,healthy
544.6088019210988,-0.19357880754933537,-0.20005833182810723,9.76425183258513,healthy
549.6127219085137,-0.019119777635779572,0.08821575865168135,9.7369776993729,healthy
554.5769842786607,0.33223957727568876,-0.04385256933670856,9.792376544806507,healthy
559.5503440655885,0.05015578305703363,-0.30277980555138817,9.745170605551664,healthy
564.5488862143796,-0.07304231899336242,0.040111602337380314,9.613817205507724,healthy
569.5752112370095,-0.15219955500904647,0.23270615964625538,9.829224873391695,healthy
574.6269168941714,0.37898540377229173,0.22145135824300272,9.648447376950504,healthy
579.6727889989635,-0.014780986866404625,-0.1081932286737678,9.748445325032828,healthy
584.7822203246977,-0.44572238116178364,0.10485306000910609,9.687841884475484,healthy
589.8020522979314,0.04088385370917645,0.4057528154672199,9.899667703687793,healthy
594.825777626271,-0.04051105916855252,0.01294502143664613,9.780271872972301,healthy
599.8697793741275,-0.13802713353544463,-0.23558832225333673,9.772353284802458,healthy
604.7851891756211,-0.11808342211119084,0.11567008898845446,9.707530358280097,healthy
609.8386298648747,0.2669584751499786,0.40689946665285526,9.847066186109195,healthy
614.8283304250383,0.06699537523906282,0.11576812441293695,9.874412839648162,healthy
619.8442408670504,-0.14871513848021237,-0.2660150776548734,9.779539583045516,healthy
624.8384214833552,-0.011414968520846475,0.20911648634732427,9.811560485246165,healthy
629.839041823587,0.2520241275331124,0.10216059532203073,9.793001192919284,healthy
634.8802838429788,0.16344059445881676,0.05020368975037265,9.689455547923885,healthy
639.8862732020332,-0.053851635088392635,-0.18140632909021262,9.74470494693758,healthy
644.8265416724059,-0.34285404127104646,0.16989623563274758,9.833709021968874,healthy
649.802165599641,0.15905055969579904,0.1206456923091839,9.638404652442825,healthy
654.8319399238582,0.16725783684738538,-0.09769062501103147,9.882906024313458,healthy
659.7722297916374,-0.25916247783890756,-0.04542692942259506,9.79762409064674,healthy
664.7651749898952,-0.2536290587991112,0.08413401485593533,9.62095115395146,healthy
669.7918554211279,0.20591225647030797,-0.11722434053410123,9.87728594960466,healthy
674.8465864183229,0.20375435344172865,-0.21134868464258125,9.975847131927765,healthy
679.8757538903262,-0.37234269080921356,-0.006362031084113456,9.758311230552243,healthy
684.8764761745432,0.029008365745416806,-0.027608777748565044,9.794858240382437,healthy
689.896659981993,0.5228859307745749,-0.07920700592405028,9.880770460601537,healthy
694.9120215112441,0.15778545639608954,-0.2253713711645809,9.807568342807645,healthy
699.8851624535665,0.043872403854788744,-0.19900869311839903,9.888308662781476,healthy
704.8591078384495,-0.0016971872788639408,0.3921479112412777,9.853717445131043,healthy
709.8800129050202,0.38580112271176864,0.08684084877173548,9.815716885969977,healthy
714.8411463826116,-0.019870999756357786,-0.2934799034295703,9.733752710531686,healthy
719.9703631861119,-0.2531071608236927,-0.22657877617005845,9.735119272345443,healthy
724.9845941415006,-0.24119702819203764,0.1278287004303751,9.908942159992238,healthy
729.9202893197606,0.5467661540249936,0.07715475100317881,9.886263895134409,healthy
734.9586392058209,0.08336757592087932,-0.1734747167645348,9.820971144656244,healthy
739.9432985336553,-0.33042113920358873,0.0021928180030017785,9.568799234596431,healthy
744.8410678942648,0.0007711222013236652,0.40916378316583196,9.953396958242488,healthy
749.756880427802,0.1444030864726693,0.015157469160784393,9.905617950906535,healthy
754.7515334566333,-0.3340269049443294,-0.2846812868506179,9.889683063275612,healthy
759.73175725695,-0.1590742449212365,0.1055976093298262,9.790423351069569,healthy
764.7762438891507,0.1533923023284204,0.20878418537921345,9.86829214079605,healthy
769.7912371386724,0.16049120060712216,-0.35197260780976647,9.844805779402835,healthy
774.8012860340849,-0.35316251276628857,-0.1519269598178725,9.818862692026896,healthy
779.7827879327283,-0.06719376785171907,0.36390888765334106,9.850326524332514,healthy
784.7719990288451,0.3289100161522063,0.25664351380636563,9.918875008595702,healthy
789.7710952131049,-0.06825296287436919,-0.30041832886405795,9.804002895777726,healthy
794.7715480451983,-0.22962736404104658,0.03310734828687903,9.760535309787391,healthy
799.7056384722049,-0.21828288150623848,-0.039005622445182936,9.752087096193542,healthy
804.7543478107298,0.21813897933283696,-0.02178334917459028,9.789750257994475,healthy
809.7863437021342,0.05187135354002289,-0.17304679864426173,9.897517299306935,healthy
814.8214533063451,-0.28312418621970914,0.006738388745118097,9.726392617232987,healthy
819.8377207418795,-0.04134107652910496,0.43469328633497906,9.680321120798476,healthy
824.9050976712747,0.22656100457154593,0.13418355136282467,9.704179231933722,healthy
829.8479076981771,0.13410244140875044,-0.322065278876938,9.638835530301273,healthy
834.8177642887484,-0.3370363629205312,0.09280440056305383,9.747218663508098,healthy
839.7060774884415,0.11010320468572343,0.30525708146766994,9.899285422523361,healthy
844.6555616401662,0.06842658217973963,-0.12216641410694905,9.822567584478108,healthy
849.6218430952221,-0.13928759889871864,-0.09894682956555612,9.877082363171247,healthy
854.6226259278052,-0.3087186268577283,-0.052859546245024217,9.755493031862718,healthy
859.6619533442713,-0.008133353915924513,0.2966423106333358,9.895166760997748,healthy
864.6112191085722,0.2526781580802811,-0.34764949604381645,9.94083653968002,healthy
869.6640029203884,-0.12131042731170429,-0.3740852657650706,9.72840782355806,healthy
874.7317781261804,-0.2065162907929618,0.23788788996626947,9.662976129599489,healthy
879.7481782045141,0.16149251658453068,0.3136597321427204,9.762163288081823,healthy
884.7815198066575,0.24369482816105129,-0.24512541713726493,9.872429833146827,healthy
889.842703114733,-0.08866132436011216,-0.03798786748316996,9.719895230730502,healthy
894.8357053542292,-0.2523301733448462,0.2033601731348358,9.825887183875833,healthy
899.8950932742472,0.41878348245131947,0.10092491872389735,9.742263321734743,healthy
904.9500367719047,0.05814329932618327,-0.2942459386330763,9.706582679920816,healthy
909.9511543327498,-0.2555130152458408,-0.048133014625362625,9.671239894674304,healthy
914.8907370485095,-0.06430611065419795,0.30882435502539135,9.743703732734847,healthy
919.8622286246127,0.1324535593904866,-0.10145966762595106,9.800702242231987,healthy
924.839435855499,-0.0674101857738579,-0.10481723127827185,9.898605693209593,healthy
929.8495088906099,-0.172818455597325,-0.24111826597560965,9.873540412378743,healthy
934.920298512618,-0.17589127505837698,0.31460832141351086,9.859563534074587,healthy
939.8715786527246,0.14235241859653128,0.024755717842911824,9.816660588229093,healthy
944.8612511798771,0.24743147629843962,-0.18877101976091853,9.941409935032633,healthy
949.8248137894147,-0.25663177645712626,0.1339841121952142,9.69358301893989,healthy
954.8470293091966,0.21507426324014817,0.08884556877583474,9.791336656395929,healthy
959.8187291817527,0.14188595621897387,0.1655288243227934,9.90590032795587,healthy
964.7806623443855,0.2116145608695284,-0.12388956357205272,9.650633128110046,healthy
969.7766655481915,-0.3697550514136763,-0.1751385635988872,9.616069713853362,healthy
974.7704916815502,0.0030430736911570486,0.05329351164652471,9.883037955404877,healthy
979.757889727223,0.33415961503051517,-0.19123158405005855,9.763435233605696,healthy
984.7756085068198,-0.19485556740077306,-0.21066812614074357,9.712618159465595,healthy
989.8321233224334,-0.33275479687407805,-0.06739978786210724,9.711415833362985,healthy
994.8465679980518,0.10474030750207948,0.2409422795357563,9.826804857251295,healthy
999.7597226677442,0.22630935084580195,-0.017810858991903183,9.926417162391019,healthy
1004.8177656480359,-0.1552874029228699,-0.1652007202055262,9.701434461974701,healthy
1009.8007879428911,0.041811645149499366,0.20608350014887106,9.72816675712104,healthy
1014.7894778396549,0.13013865801592706,0.1349857498853626,9.908623692623182,healthy
1019.8391910517992,0.15015644759513677,-0.25589733545409094,9.81332171419778,healthy
1024.8964267112838,-0.09722489799122708,-0.06159844463668748,9.793403902755175,healthy
1029.9468659453335,-0.21675970162623948,0.1421098072949612,9.815660517232955,healthy
1034.9393101196717,0.4492061202896872,0.02992302892269169,9.860821003609479,healthy
1039.9201483971024,0.24403464813984804,-0.24992759917240062,9.821472694421114,healthy
1044.87399805842,-0.19035464387782566,-0.049731805352643516,9.677491847859775,healthy
1049.8936600332374,-0.09832995195986384,0.28535810415184715,9.729104461840066,healthy
1054.947596560448,0.1480394327258844,-0.12898399481919506,9.93576444645523,healthy
1059.98025111005,0.12035446347009669,-0.2851595551854312,9.69982657698688,healthy
1065.0249893143396,-0.28835136584591275,-0.1556340973537177,9.799421829131733,healthy
1070.0627972310745,-0.31767429634924205,0.041110915717204544,9.752738261442728,healthy
1075.0404533829062,0.32498110698350774,-0.22079109116395718,9.8260304071375,healthy
1080.0927744680787,-0.213949063671939,-0.17298744296086555,9.764840671485558,healthy
1085.1247287172826,-0.20661712984059394,-0.030110408794910268,9.752826834775412,healthy
1090.1070148119677,0.15252233533940274,0.2345233061691845,9.936087758821452,healthy
1095.2213323558935,0.15602750429378104,-0.10272923462721478,10.01910753931378,healthy
1100.2430193536234,0.011460272757271142,-0.047586914353877546,9.841481511234635,healthy
1105.2785653011376,-0.4224605344388897,0.020396551663522,9.804849478885064,healthy
1110.2417841062338,-0.13963327945374632,0.17699862327748062,9.72992093818439,healthy
1115.2330924008158,0.3553446216373892,-0.35142214193431837,9.996617329271995,healthy
1120.152976581043,-0.27793253229780446,-0.0487341004035676,9.706723977084772,healthy
1125.2125520149013,-0.1075517691743243,0.15299525529168323,9.681626880270539,healthy
1130.1482398814867,0.1744689004756429,0.22757360242505353,9.894126718590547,healthy
1135.1768972184136,0.0894175000144445,-0.31030700574858916,9.86771781440723,healthy
1140.1052961971443,-0.31316424151750955,-0.07765329573254941,9.820375820474512,healthy
1145.1593242128808,-0.10999911115070245,0.21093272782431854,9.726009921914756,healthy
1150.1076321217638,0.16182320029395197,0.08807242923416225,9.846253141511603,healthy
1155.1455077709873,0.13228798945849798,-0.1075958531317234,9.813121966778318,healthy
1160.0821330082329,-0.10177378233809364,-0.31530452831336003,9.725093299468405,healthy
1165.135540662432,-0.21289211527540144,0.27111459671666177,9.737441476887557,healthy
1170.1294660922895,0.03343667344516152,0.04486692659050673,9.848872487927805,healthy
1175.1574278104288,0.007479897282955478,-0.18392060828017226,9.891961441130924,healthy
1180.1108457236621,-0.2176962579857332,-0.12688219351165833,9.765208993320012,healthy
1185.1486079153485,-0.01237097730841618,0.19086253968907346,9.991671961623759,healthy
1190.088777444114,0.259371534570174,-0.1415480860409673,9.840287969995435,healthy
1195.0197980352955,-0.17724368761139228,-0.09799122693968021,9.864139841216025,healthy
1199.976594236105,-0.32970829662728657,0.062278206398058776,9.607011756284695,healthy
1205.079357770136,-0.055198541087595865,0.2984822255524024,9.710042724806422,healthy
1210.028893394422,0.42546058987010094,-0.19486203236555033,9.897983051082461,healthy
1215.0259855634943,0.12707489084390722,-0.4102392121983718,9.696147172790818,healthy
1220.0131681740233,-0.38796147162968764,-0.1922308004479674,9.7322810605176,healthy
1225.0601488498055,-0.010151773405181974,0.25331220111037855,9.926797901301914,healthy
1230.06930847749,0.0481903711478652,0.07405112139628338,10.04440957385849,healthy
1235.0951059970691,-0.2680979134033334,-0.3748883214930189,9.766026104746176,healthy
1240.129179362619,-0.1805067678934067,-0.05218615119295511,9.71785465372694,healthy
1245.1568285309133,0.2895837943627685,0.3251211155240813,9.956294813056449,healthy
1250.0903644058085,0.32555240532859114,-0.2741767555004109,9.907175392731641,healthy
1255.1032772949652,-0.2915251749281699,-0.44673974932062266,9.896543542744164,healthy
1260.1205412555948,-0.2316850768060043,0.2615892076597396,9.841618380274655,healthy
1265.099438885221,0.26366041088789716,0.15057158569254725,9.83022966998179,healthy
1270.1220296375209,0.35155576559967633,-0.36325470816054506,9.842052442306729,healthy
1275.1225813608992,-0.06229503833319136,-0.13165316670197988,9.888456109234468,healthy
1280.1792379079573,-0.38195284433789845,0.22577184931177674,9.782168733607596,healthy
1285.173573723632,0.24909981788516133,0.04788579674334045,9.891473009910419,healthy
1290.3060332077418,0.24808163373604158,-0.5015449366504938,9.647015140896896,healthy
1295.294024625671,-0.1841644519484425,0.07429507281850994,9.600289723541332,healthy
1300.2293076940514,0.11949758745496981,0.33407457007432384,9.970040339726172,healthy
1305.158628583986,0.1415562273809733,-0.23923496593258875,9.90921158251295,healthy
1310.2053718910431,-0.1652962599626854,-0.1546138178533224,9.701645547943462,healthy
1315.1456100154478,-0.3860962043738442,0.006048779964294239,9.90370435554363,healthy
1320.1338392987814,-0.11925977068530536,0.2437268579024313,9.877952267457951,healthy
1325.1571994525816,0.4895314037767551,-0.1406960932705276,9.802592230665502,healthy
1330.0617240305676,-0.18256240121429917,-0.2925911010001466,9.785512315284942,healthy
1335.081892417791,-0.07299581852986148,0.25898041142125533,9.702579938707444,healthy
1340.034218499232,0.11141858542817101,0.23364925905509532,9.847987005723507,healthy
1345.1156408425447,0.4218067576562292,0.12327079420917153,9.791324657752432,healthy
1350.0652511022138,-0.0007039983847590692,-0.2949927233394615,9.917512452080295,healthy
1355.0162573955758,-0.14224325007372968,0.07296518708920674,9.702376517673624,healthy
1359.9689068586986,0.0682176596649303,0.1848440993903987,9.812043675491747,healthy
1364.9188270219663,0.059764734109356066,-0.08256118821691662,9.928061440707577,healthy
1369.9809608941937,-0.11403460081250853,-0.29868790567771686,9.718095657816663,healthy
1374.9904453524744,0.04249754277938106,0.29953416852656223,9.90636690128769,healthy
1379.981352146734,0.03409718278134537,0.2320394849895856,9.749247733447044,healthy
1385.0104037651583,0.03766704143562896,-0.10012859887103936,9.774871117595351,healthy
1390.0862969341165,-0.21070143216241438,-0.14976141518046768,9.81677611725896,healthy
1395.2134560968163,-0.2958870860428599,0.17609062017175722,9.758935144214371,healthy
1400.1589063891856,0.1256845961815738,0.004482502467203442,9.875316976479349,healthy
1405.155815137501,-0.03340719277932647,-0.35554196260150095,9.751587072281795,healthy
1410.186819615039,0.02747476091125975,0.03192911486367002,9.71728883961581,healthy
1415.2056955911553,-0.10950398132626427,0.0889062611868669,9.844424605338352,healthy
1420.146907703537,0.14142516316438794,0.23730903980704265,9.734149576715815,healthy
1425.1727836888108,-0.07959442435195437,-0.18231652591764624,9.866419332350887,healthy
1430.1278201724515,-0.12675309393434125,0.08244181160940095,9.70251108300098,healthy
1435.0892905236049,-0.20696845735861727,0.21870068325906752,9.803503311757849,healthy
1440.1319832159804,0.15493303825470234,0.06272340877863866,9.910950108542735,healthy
1445.0388642930336,-0.027837417309683213,-0.008009968263235523,9.898035606260116,healthy
1450.0584820934914,-0.35604020896410893,-0.03393571887832686,9.898796593682741,healthy
1455.0638883422816,0.07526495555675353,0.15656146525662357,9.915298156825894,healthy
1460.0480932867017,0.17223171199391055,-0.08086775240388108,9.8625684728128,healthy
1465.0195360831256,-0.11727760309145693,-0.34394421042093515,9.834097386262554,healthy
1470.0235225732547,-0.08533127169347357,0.06552247225385362,9.543028038934112,healthy
1475.0289807069128,0.1625681493722142,0.1550918765755709,9.77261086298513,healthy
1480.1623713128442,0.2514083131372672,-0.0984092219149866,9.77289753905715,healthy
1485.1841278931092,-0.3348560165089023,-0.18894438808582545,9.861436789906833,healthy
1490.1703354232343,-0.26650015888109563,0.2715290968975848,9.846915714406505,healthy
1495.2353538331997,0.23037932144650278,0.34570726416307185,9.908491944696681,healthy
1500.270595751176,0.18786964476089446,-0.156685625682243,9.91887959428366,healthy
1505.2200124501614,-0.0025584877727942157,-0.38189227204424536,9.853391695933965,healthy
1510.2098828153512,-0.16117614152683565,0.49377111381288474,9.774703885749776,healthy
1515.2400746545927,0.2148486396117227,0.33739103167783374,9.874916295276286,healthy
1520.2809739628033,0.136281847424938,-0.25810502540689917,9.912672979509614,healthy
1525.2599333473067,-0.1779976054641302,-0.012160648022749715,9.670029500089464,healthy
1530.251836013202,-0.2308707819716344,0.5001124035279283,9.784857179430936,healthy
1535.2405428938873,0.18919135913550633,0.10992766437254005,9.970226094138475,healthy
1540.2264940989037,0.12985869811234707,-0.19505845403813193,9.949691066496166,healthy
1545.212306944825,-0.11270523320088684,-0.017518778031090004,9.750153353122586,healthy
1550.1978014148547,0.006640720202219869,0.22784733561285148,9.907110647905345,healthy
1555.2000285340891,0.26452173080659613,0.23325124450205062,9.856534959991183,healthy
1560.165324728257,0.16153883185695136,-0.33936999711341265,9.855180602423284,healthy
1565.1621183154398,-0.497623673093919,0.1903742971053325,9.842894658517386,healthy
1570.1872047031293,0.10220896725835206,0.3678606968165357,9.766169102516663,healthy
1575.1090169781464,0.49105314692680435,-0.09542438744448607,9.79067084758136,healthy
1580.084566445016,0.001660412074611881,-0.49048708939311986,9.888791329185128,healthy
1585.1233739194593,-0.3107667413980267,0.2152170760027606,9.851861552120408,healthy
1590.200775176884,0.09763216625709742,0.17340150841477014,9.859703010743115,healthy
1595.161204812813,0.20582945388026685,-0.21365115745400856,9.91929396633524,healthy
1600.1212882771415,-0.09053725957507369,-0.24882373079851117,9.783830129805404,healthy
1605.257854554254,-0.29337844424727344,0.32552741743528857,9.713555803158005,healthy
1610.2247100099257,0.1468298648560703,0.1388612705278089,9.911075721441064,healthy
1615.2024152714996,0.4192779612283153,-0.10078172014493421,9.872456332346387,healthy
1620.2337318466045,-0.25038964028041677,-0.2036715929816368,9.993091825051525,healthy
1625.3192814098302,-0.2533738193426704,-0.15729075807167447,9.859485881456767,healthy
1630.2989222700164,0.20036100059631798,0.021472455588604028,9.883954874819148,healthy
1635.349983201579,0.34570237249217417,-0.11610014669928487,9.822628108486654,healthy
1640.328624723186,-0.16119197929888956,0.12670418727725088,9.710568911948215,healthy
1645.4536763730014,-0.041846309458420716,-0.014786597280027708,9.684953891997276,healthy
1650.4422856676208,0.0418198178892035,0.10245401621799624,9.802847928463606,healthy
1655.3761614202233,0.18973052403173135,-0.12613457329940714,9.689923770282537,healthy
1660.4164309960215,-0.27887005281452837,-0.0664119116809276,9.719000021813093,healthy
1665.374698543862,-0.07659148457914446,0.40754385777292446,9.92471501938866,healthy
1670.3494194188809,0.5254179697315398,0.11533056260616194,9.690778418779553,healthy
1675.3021536463968,-0.06373906678769281,0.03388125532936412,9.883560232531613,healthy
1680.357592394025,-0.24707986428802617,-0.17772323038220988,9.716216461919679,healthy
1685.3918848123203,0.02776177187800115,0.263749199638216,9.985687016070969,healthy
1690.394150596439,0.2860586530813832,0.17187492005106098,9.841371245866844,healthy
1695.401149723392,-0.15054543778720336,-0.2061775824215247,9.875725242886737,healthy
1700.4003498952684,-0.22026386898623862,-0.15015800687555472,9.822455477053275,healthy
1705.3425069504099,0.16085028733273612,0.20259946654811728,9.801080819796931,healthy
1710.3280922375245,0.1943024658847142,-0.06995143229189468,9.904269830957032,healthy
1715.2967740441102,-0.10630531724438,-0.23849740328674912,9.792982068041677,healthy
1720.2919251029953,-0.17400270388720313,0.40464108004446275,9.734257566709017,healthy
1725.3699335735807,0.11198942485457003,0.1387925197169208,9.68368148457591,healthy
1730.3793003553335,0.09886525169693502,-0.06550821551783398,9.808575682012245,healthy
1735.3153013028923,-0.10548027834883623,-0.30393125312288743,9.756782978810671,healthy
1740.3645541072585,-0.16206379859226605,0.23746689428005555,9.764007952906171,healthy
1745.4073813188375,0.16048263867854914,0.18450088093964445,9.86811017441024,healthy
1750.3528363892501,0.20623763756227756,-0.26695261999823844,9.874718176996103,healthy
1755.334124227705,-0.03182804139142256,-0.22445404507983935,9.786916806440873,healthy
1760.3704062978686,-0.2932975897385378,0.1587683857292619,9.685181908211964,healthy
1765.3588995796974,0.33982590256767065,-0.05337008615327282,9.838401116353033,healthy
1770.3503910335367,-0.004688464456809205,-0.17522473381464906,9.848455523085075,healthy
1775.3453809780256,-0.19819938183270322,-0.15381828134100548,9.838541067410723,healthy
1780.3188676104116,-0.21055343307366742,0.07763384235072479,9.82760488407603,healthy
1785.2458544705896,0.07503487136019782,0.2510054068146915,9.885874249669566,healthy
1790.3409259917519,0.2241800213659506,-0.057029377783292506,9.733586793618136,healthy
1795.3703779230013,-0.4436469628960469,0.16659384005953376,9.897722168863048,healthy
1800.3050286784505,0.11579623233872433,0.3219897358660662,9.793961294831321,healthy
1805.1977107713012,0.18448227758413097,-0.09856517221014849,9.927507862673941,healthy
1810.1095703634946,-0.08054598037274449,-0.4523196081999007,9.811375727113631,healthy
1815.0708464148856,-0.27093393488701123,0.12362371338527572,9.684915987744905,healthy
1820.0611083635379,-0.01856485960558798,0.1815556644694296,9.873198454724395,healthy
1825.1387607195738,0.37581414444649125,0.025527490035348124,9.858933163754426,healthy
1830.0827412882586,-0.013128508582535508,-0.21877973439599743,9.917123350710654,healthy
1834.997355400999,-0.30172001505946255,0.11630926342857083,9.745153200427499,healthy
1840.030565950323,-0.006799664747067009,0.28339568705987744,9.77914928922047,healthy
1845.111365477927,0.41404972010565955,0.02287317893330844,9.849730932985471,healthy
1850.1836739713617,-0.0741170764123226,-0.05311880300794897,9.785853269991962,healthy
1855.2380833462685,-0.4623773629470166,-0.08780486411973773,9.671998267012636,healthy
1860.2596533615447,0.15108899640638895,0.16006837487802456,9.635321724804474,healthy
1865.2108484002351,0.2690935734051457,-0.24029055599443333,9.853021442452382,healthy
1870.2868684973714,-0.08533675787387457,-0.17122616157232418,9.900104708701353,healthy
1875.3120407403055,-0.26725091116370525,0.5897555022535526,9.722408245899596,healthy
1880.3410029493032,0.2675767390391099,0.1719221423336012,9.852508595701345,healthy
1885.404430811938,0.19852120187656858,-0.11620271097831522,9.723941076766872,healthy
1890.4422520679518,-0.3710652302640992,-0.23880207925532804,9.70564541124439,healthy
1895.4503225779986,-0.19223244477720233,0.23154247785874654,9.838645439099444,healthy
1900.4535904792258,0.1810414685417836,0.22549735986510072,9.717244363415652,healthy
1905.441667647311,0.22243961697049563,-0.33819788521992444,9.854354910585014,healthy
1910.3837043254932,-0.13688385369278583,-0.24588712092673892,9.792676814472593,healthy
1915.3955023367255,-0.18732025090232363,0.2964667852744857,9.712411679417473,healthy
1920.3784649682186,0.23913780740109217,-0.05189954842968647,9.783732870581996,healthy
1925.3562198261282,-0.1151112721531001,-0.2057763887240518,9.865865089461069,healthy
1930.3644698312594,-0.06179609137528724,-0.22883272440156904,9.857107991856365,healthy
1935.4746833762047,0.08121547658104539,0.1313326684079581,9.87775192665196,healthy
1940.4878027960008,0.28372164917483067,-0.2190671293091513,9.69114539091143,healthy
1945.5182835764226,-0.04071951226927732,-0.2690352502961304,9.905194066551035,healthy
1950.551837927355,-0.38288668156725303,-0.06943774048217183,9.782320404234097,healthy
1955.5250971995351,0.08258936838338804,0.3171090775040236,9.744504504447198,healthy
1960.530887443737,0.36536051403075726,-0.10734826309421627,9.79424855725146,healthy
1965.4982533301206,0.24088639387709299,-0.4214746196011455,9.747734081822424,healthy
1970.6443875137577,-0.13157013399098727,0.21074189109486302,9.749661816553429,healthy
1975.7387619695155,0.07310049210660996,0.19286971542925763,9.702210932382155,healthy
1980.7726966894163,0.32744573029885254,-0.3484075574933587,9.903827922735108,healthy
1985.7545788699879,-0.026287597016663444,-0.3571609380558286,9.83685482354741,healthy
1990.8155110425232,-0.12617194241965807,0.27246743643646254,9.934078139600544,healthy
1995.8107392461786,-0.09979252966453539,0.1859919821327393,9.94963672675615,healthy
2000.860251570491,0.19035732804419486,-0.2566485613673962,9.860942492467093,healthy
2005.8830705751961,-0.19694042440396967,-0.15082799931789867,9.651476076841263,healthy
2010.8986646162825,-0.09546727577890245,0.176777153834276,9.759458501752185,healthy
2015.9167944374742,0.1596850392984026,0.047328496327298256,9.85729546450162,healthy
2020.8847383537357,-0.17202061525076764,-0.26991973900779,9.910592854790542,healthy
2025.9154323301138,-0.3273164345867057,0.054861713302517795,9.886116483027372,healthy
2030.9110943667777,-0.11224721086991614,0.25764480740661005,9.910255284112363,healthy
2035.88005469684,0.15484775527854794,-0.0613843491008831,9.959227179073045,healthy
2040.8982349380976,-0.010214981365271394,-0.25406162635967056,9.761126327691185,healthy
2045.9050509985307,-0.21084568344355037,-0.15488296855519484,9.756562229522935,healthy
2050.879362047225,-0.1284659525966975,0.15406848058610054,9.762244816979319,healthy
2055.908514055717,0.1696439346351577,-0.016327336859351803,9.7648894121193,healthy
2060.849110717337,-0.030312660881048115,-0.22351701193248436,9.888987155293908,healthy
2065.8985108167963,-0.26382327494402363,-0.01702186282998012,9.693747890792325,healthy
2070.8843901350515,-0.11377515230629592,0.012259897764846928,9.953655055393527,healthy
2075.935472362871,0.2791562320446356,0.170669260570318,9.97736797809931,healthy
2080.9312801562232,-0.059218239683665436,-0.3633256280737668,9.694715598715646,healthy
2085.995629058765,-0.3294100614850103,0.055288544304963806,9.923414063416999,healthy
2091.0071819537757,0.002040747080582203,-0.0460480403821342,9.86763602761199,healthy
2096.0466169212423,0.16461049223629215,-0.05383809711052781,9.741070135640085,healthy
2100.9832843496242,-0.16387762237895245,-0.28791316325913213,9.672715243508469,healthy
2105.9952896375617,-0.40825707712758447,0.2795618386399761,9.88049188330983,healthy
2110.963317501953,0.00650308314585038,0.22029275836179243,9.786750420056809,healthy
2115.980145561642,0.0683568692384529,-0.2286507258550774,9.979529327649658,healthy
2120.9461314575274,-0.23035721136593423,-0.07890631526085728,9.774849502827719,healthy
2125.9321507100003,-0.23704719755582665,0.15028363725967234,9.76209937014515,healthy
2130.9589464620954,0.23685600292622494,0.1510739231905994,10.010220567280948,healthy
2136.0017157023212,0.14978403767508428,-0.14129746885909483,9.848138282906964,healthy
2141.0277716905325,-0.25164318674706615,-0.10136500969739715,9.641286188144159,healthy
2146.0682446570304,-0.1128095777516307,0.22936640339428993,9.8174873861639,healthy
2151.046231851464,0.34650621116983754,0.19074624182893984,9.791581640733805,healthy
2156.117055222271,-0.13746669586201257,-0.08469336302962319,9.97577195882651,healthy
2161.116850326435,-0.23686060460194142,0.16030792132365937,9.92646418460279,healthy
2166.088913066726,-0.12396617589546738,0.34181224933698157,9.900086762403623,healthy
2171.026287681676,0.022257413036083223,-0.07611181988226548,9.970327483303548,healthy
2176.035205443411,-0.1371726662261995,0.015305945250521702,9.707280437077223,healthy
2180.943486997721,-0.05422036849726691,0.09807048097167406,9.792491061143389,healthy
2185.939252984612,0.07223198730822182,0.14772706968655808,9.955781029118475,healthy
2190.972995061475,0.37380963253073773,-0.2596562241787928,9.908523357745546,healthy
2195.8866098562066,-0.1179606071612054,-0.21040007490116697,9.711658495765796,healthy
2200.8341622902317,-0.41567956381715576,-0.07515087355293956,9.77058323477222,healthy
2205.891289105987,0.3959165011573723,0.3675551714527573,9.747607073288142,healthy
2210.9755945095753,0.2584637445955614,0.0002653745052548506,9.821779846444075,healthy
2216.0159663214044,-0.11448689612101855,-0.21256525982331687,9.73561889372742,healthy
2221.02930810828,-0.2527661578640047,0.3474246685596031,9.823149697303664,healthy
2225.971720722524,0.18678468113814495,0.07111481280418466,9.84984961222354,healthy
2230.981094868064,0.37146461593940916,0.03601472931499497,9.845511891085195,healthy
2235.928961298396,-0.007039084815477825,-0.26828657490287056,9.75078749435125,healthy
2240.895813875662,-0.028644075356513754,0.1942541300095216,9.76343705798344,healthy
2245.9543962894936,0.16834847986684612,0.15653556647999256,9.857746590660636,healthy
2251.0583558685908,-0.005726517907343048,-0.5296295417211878,9.763648727069734,healthy
2256.1121559434273,-0.3415661997268169,-0.057072311659392985,9.675986404159788,healthy
2261.131554813093,-0.01840489856208985,0.1705438096700328,9.706734344724415,healthy
2266.1556827081977,0.42714321748594297,0.12773734257299377,9.962148302114256,healthy
2271.127010682579,-0.01316909180009132,-0.3579008933163945,9.984805883186954,healthy
2276.193320581839,-0.06222246230770062,-0.19914188040923325,9.80508832288249,healthy
2281.1658897065877,-0.11567073635041934,0.219264832455227,9.878127459980576,healthy
2286.211889870666,0.14122982284181124,-0.1805389721717831,10.027979757813277,healthy
2291.2172682700575,-0.10296856724137951,-0.27328230085525795,9.868199885870322,healthy
2296.1344345689236,-0.1897356814960382,0.019170680188241217,9.80345542721161,healthy
2301.140774072101,-0.14259837624213004,0.17496249289601296,9.838200869982034,healthy
2306.197189575616,0.19226653911221112,0.09544099278632273,9.791178518033346,healthy
2311.1852912200166,-0.11179282023809406,-0.264429723971962,9.830066275912046,healthy
2316.2937968414903,-0.2696874264222995,-0.03998720389331294,9.724233454013472,healthy
2321.3072062719566,0.1804462288663467,0.207857345239172,9.758746141238863,healthy
2326.235822718694,0.1776447470761268,-0.11367671506577005,9.8805409928368,healthy
2331.2394898532166,-0.08489078725163732,-0.07762911440430362,9.770909384338044,healthy
2336.2370171056787,-0.3667847671878395,0.27403098368078516,9.825312966384624,healthy
2341.1908808297403,0.09601520393178314,0.07403368072030131,9.847433129062694,healthy
2346.250251311675,0.25811244091863494,-0.05401831078053437,9.818168363014035,healthy
2351.3197683167864,-0.25756661055707625,-0.3251142913478783,9.802155903702388,healthy
2356.3012275903893,-0.16254876782755623,0.29763476338667083,9.785108264095365,healthy
2361.26670905362,0.16104216899986135,-0.009822805432843695,9.840929516488318,healthy
2366.2546533538016,0.18494917926114046,-0.03359146055792825,9.878650251819742,healthy
2371.2712341018887,-0.03607976752502992,0.045459772763155326,9.895678032462365,healthy
2376.2432929408005,-0.26986468086225024,0.3907562622635865,9.723005181133834,healthy
2381.2549885621006,0.109598274499919,0.24231093620093214,9.878089928135074,healthy
2386.2857691144254,0.07637045794798139,-0.18234390891422195,9.893457982978195,healthy
2391.1983990806298,-0.16523576889314792,-0.16213638003028366,9.77436045475104,healthy
2396.1818537963013,-0.26830428281081514,0.0652684710623084,9.766065795996845,healthy
2401.109084863662,0.30000966287147784,0.11593391499279816,9.822180291891202,healthy
2406.133558365073,0.24745051336546287,-0.1460024975648565,9.776065733226757,healthy
2411.0332488386166,-0.14503784594808394,0.041308460058542086,9.84611474131585,healthy
2416.0540910831282,0.05613355918250895,0.022105387175024055,9.931661304267495,healthy
2421.0918270565326,0.2655358516176404,0.09037223736052301,9.799156220317375,healthy
2426.1453479782435,0.06870603015182206,-0.10465627984212372,9.66284379785097,healthy
2431.2166264563266,-0.14853847597632028,-0.001074198233448908,9.767695944914548,healthy
2436.332781742903,-0.0145761325462919,0.15358872345195973,9.744595411964069,healthy
2441.343045301984,0.27555895782869483,-0.03611275796384024,9.78058090923175,healthy
2446.2533971585813,-0.08062699514292458,-0.3620658854189873,9.921800007221567,healthy
2451.1675742444836,-0.3047327817624447,0.07997675532051568,9.687346326396444,healthy
2456.1847169841967,0.1095506344355136,0.15002609795909533,9.927293194767762,healthy
2461.144515391724,0.29088921270570395,-0.0856642370284117,9.85175144828147,healthy
2466.116417639818,-0.03183967037446396,-0.11566696482909186,9.847586670251978,healthy
2471.1570789961183,-0.3851541744709172,0.08858930406488705,9.824874804189871,healthy
2476.140820015794,0.2051833610756906,0.08962059421413049,9.873961119292412,healthy
2481.1488166451863,0.16879781520572124,-0.34588151108069776,9.863210304812386,healthy
2486.1010326537103,-0.16841022339854791,-0.18267482320706882,9.706746812784626,healthy
2491.0743927757703,-0.2881811358537098,0.029738433085771593,9.94708599815014,healthy
2496.0366893758123,0.29650626515793693,0.20801814323212775,9.724662614798902,healthy
2501.027969994894,0.14990953318083602,-0.5231435818674698,9.85308534273534,healthy
2506.040069060667,-0.3491353825040346,-0.19637467261142205,9.74558813103106,healthy
2511.0324848210716,-0.2467303712230101,0.052476716355650904,9.888771939687109,healthy
2516.025734279591,0.270705018414516,-0.07711385449833093,9.680998441489983,healthy
2521.0256703761984,0.35126586321644576,-0.21188572713874002,9.709742595858653,healthy
2526.063129103907,-0.29524095446089993,-0.20826788717777933,9.841039992920289,healthy
2531.067355398485,-0.08271459237933404,0.2827838904943853,9.920416282282583,healthy
2536.0524021623874,0.30398884853870034,0.07995546086140387,9.795401920281094,healthy
2541.0685769769425,-0.11839901401996425,-0.30062850293148347,9.897108431740197,healthy
2546.0467399693935,-0.3954493910619124,-0.1337964415535876,9.877967910891572,healthy
2551.0620808355284,-0.03294108783831329,0.18378498631443366,9.783399542055665,healthy
2556.026829896315,0.09676459281161967,-0.04206086344816755,9.908569085676621,healthy
2561.0202127860134,-0.1661761178318231,-0.18887799817583578,9.811866993291389,healthy
2566.031902099037,-0.37269092542897364,-0.12231430339838126,9.77362395206374,healthy
2571.0623103813914,-0.22807166403617304,0.5223479927265036,9.754096435920976,healthy
2576.00745379819,0.2097355457221754,-0.031358445504432425,9.826810632206112,healthy
2581.032716442602,-0.17338816897585144,-0.3807620082552445,9.809981546939138,healthy
2586.0865581963476,-0.43045817308325685,0.11049239136270873,9.788089749531709,healthy
2591.035214761501,0.05636827673614181,0.3217247825470152,9.852917907574687,healthy
2596.0665387872837,0.046115170512255665,-0.1138791453904413,9.807572422142622,healthy
2601.044237514215,-0.32112360362601744,-0.05125750565482687,9.73092219164967,healthy
2606.051226378018,-0.16852621370546705,0.05058811175525067,9.749760038129468,healthy
2611.131125293603,0.17821148845949553,0.3101266651996578,9.954011617351584,healthy
2616.1140713535974,0.20898913790980833,-0.1605499383048266,9.92076021232508,healthy
2621.140261004698,-0.33211386233734175,-0.22143332693866846,9.745557711315344,healthy
2626.1022192603987,-0.27154373698906875,0.17258984834649424,9.785737102540992,healthy
2631.093953158757,0.2929179104305086,0.31444269956114856,9.88950013970656,healthy
2636.1005851754458,0.07795003164112374,0.03425133897846802,9.77729743412375,healthy
2641.1198805794093,-0.3845668171633068,0.043088296801022205,9.817201327355187,healthy
2646.16377692903,-0.1334413515902729,0.24874375175570995,9.724587328972127,healthy
2651.266218936105,0.03600614134337918,0.18014369223298352,9.786621598729274,healthy
2656.1919770457057,0.0600465795372869,-0.1527162365212074,9.81579255713463,healthy
2661.188048562147,-0.2132010765732761,0.08771102455693205,9.747690129171767,healthy
2666.1822176898395,-0.06029760255401061,0.13799826046386449,9.783610897511634,healthy
2671.18441668445,0.24742101785771906,0.005989525213265559,9.92090499042843,healthy
2676.12563992689,0.04294213508099052,-0.20154684996503144,9.744354906019092,healthy
2681.0823513072714,-0.38572985482812283,0.18708322315995557,9.762517878648298,healthy
2686.0794514999684,0.1343624433026639,0.19995308829654146,9.722085034177704,healthy
2691.04937630013,0.6060959010883684,-0.059895150983729335,9.907316505832824,healthy
2696.0676429424575,-0.07346782084629253,-0.3801196433329047,9.755732157384786,healthy
2701.1255142060604,-0.09097500098564784,0.08675164178557573,9.722507251749132,healthy
2706.1170573726004,0.1506161275724656,0.39971712385042646,9.80491128112076,healthy
2711.1855196450433,0.24411109761315786,-0.3833399483147791,9.82723370757678,healthy
2716.19537356475,-0.15075953881594262,-0.38011349219088997,9.877727454450632,healthy
2721.2088685913027,-0.08603011243385986,0.3026214897608839,9.813671787057425,healthy
2726.195173564358,0.17237580297722666,0.24132834388755875,9.88739765874023,healthy
2731.177069192307,0.29953642057226615,-0.14770322331271798,9.730590264680256,healthy
2736.1562448228333,-0.1250372900567718,-0.329889073957911,9.818875968162002,healthy
2741.070248028719,-0.39330264982553903,0.16116547002815013,9.63233175571409,healthy
2746.073534571484,-0.06361395499095227,0.17055466950966286,9.8869649972163,healthy
2751.031620521083,0.34053908461975646,-0.1918298487735051,9.757225077620117,healthy
2756.030827973693,-0.38449593310759855,-0.2643134420347187,9.961938140763364,healthy
2761.0218386075717,-0.17913456971165517,0.19492731346621647,9.830027801915426,healthy
2766.0947482408583,0.3332294768764318,-0.09549318255218793,9.84528894309864,healthy
2771.184928473844,0.09375870354613089,-0.27099004029005486,9.86355791806726,healthy
2776.128461362189,-0.299237049386885,-0.11879425803343732,9.839020303091035,healthy
2781.1675807216557,0.041340853752897,0.26121995551914484,9.753684075899264,healthy
2786.2117564699893,0.25433497818406436,-0.11585966711336904,9.79334982334671,healthy
2791.1549259206345,-0.058048891000078484,-0.1933423278010342,9.763596661936043,healthy
2796.1080292518245,-0.3344867732732554,-0.07821343418245064,9.777434640578853,healthy
2801.0492584854046,-0.004653527823509735,0.2318275170242868,9.818476152010884,healthy
2806.0837739253843,0.4045716091617094,-0.01105450538500475,9.871311287649347,healthy
2811.073752499395,-0.19319227105494258,-0.535458406542747,9.874146599337907,healthy
2816.0503410310457,-0.39072282470364966,0.029329619296175148,9.91151423546802,healthy
2821.0372118165224,0.12844977713412126,0.32491843516779073,9.605082264932683,healthy
2826.016085355349,-0.04922998486068811,-0.14812696191218278,9.84555976658635,healthy
2830.9424574933337,-0.2094918201963104,-0.4397619425197221,9.874758998608543,healthy
2835.9187853782832,-0.20055979029033444,0.054401327301651044,9.81529630187012,healthy
2840.931960652432,-0.015734773092392365,0.15590414803753747,9.840188106696933,healthy
2846.009346197903,0.20647649724844086,-0.04003146201163153,9.766013655426983,healthy
2851.0958073988186,-0.25620413210518606,0.04096089647013457,9.93231420946263,healthy
2856.129756872703,-0.14532655444731607,0.23905340005377454,9.771103084809981,healthy
2861.077043163111,0.20448077455513577,0.12073690148639037,9.887868131924654,healthy
2866.1285093683027,0.09189269006729307,-0.3072163875565265,9.67759323048909,healthy
2871.1176272748476,-0.24378727581958695,-0.2567624979135613,9.639894621397973,healthy
2876.0763750626625,-0.15806692203895734,0.19228620022624665,9.797569963512908,healthy
2881.1329311240215,0.4467077497830483,0.052665014397726195,9.795958469954165,healthy
2886.0808572784945,0.009898617321764308,-0.24333298078135102,9.879022897988653,healthy
2891.072040088878,-0.3145577399504384,-0.149716299658152,9.699627297932324,healthy
2896.038480598304,-0.028605633471715505,0.18383710219895447,9.839754314723487,healthy
2900.93423249625,0.2890444085298409,0.09220627512482202,10.038125324600081,healthy
2905.890432044936,0.19950156894705598,-0.2636954554342362,9.71380792849557,healthy
2910.8161903539767,-0.21908019841008902,-0.1103350374234722,9.671800469365644,healthy
2915.7762807741774,-0.20187368635710215,0.23719412818971544,9.750086883698168,healthy
2920.8091406420685,0.1548387648452076,0.02323438193250099,9.942426894760484,healthy
2925.784739085419,0.1400812602635838,-0.3099401765337726,9.770697781861282,healthy
2930.8458497391794,-0.26114005120079964,-0.02226879194206892,9.762102827424334,healthy
2935.8028142026196,0.017882595245237123,0.17566421830119985,9.90699370180888,healthy
2940.8350734470373,0.0812993679554182,-0.037848238841133044,9.908413390435516,healthy
2945.839611759833,0.09837458365708199,-0.5380600969570308,9.808581169438918,healthy
2950.829289719199,-0.2884722470862403,-0.05592414839018332,9.779743579156932,healthy
2955.885386313618,0.04719696875706261,0.39265064341999933,9.794301169334888,healthy
2960.899073720546,0.3196395337234576,-0.164768318179792,9.989034760002754,healthy
2965.8435880375446,0.07814800387437607,-0.12064899818687691,9.80618836727983,healthy
2970.8285322664615,-0.07384191414871427,0.016947397180727117,9.85328478950742,healthy
2975.7659603935526,0.15562827735899162,0.3091278322736892,9.9788763432861,healthy
2980.8096780595506,0.35074602842208663,-0.1934426605460533,9.687121069948631,healthy
2985.7739548333866,-0.29545891910743105,-0.28072502154666074,9.802856599397657,healthy
2990.7976235212855,-0.3261457531785347,0.2378027015327216,9.689105051498945,healthy
2995.829709647625,0.1842967898464598,0.24573783281369754,9.742914856354133,healthy
3000.8335864919222,0.37755498267980314,0.041831305197976704,9.843785688971572,healthy
3005.7405438713686,-0.24975911347441146,-0.300333691718082,9.733618493896572,healthy
3010.747100683416,-0.09101450280159198,0.11610003777816712,9.714550808762326,healthy
3015.750780856307,0.3465543290053191,0.2116758676607567,9.804944880756665,healthy
3020.6968862404324,-0.10101907767093785,-0.2930553154312861,9.819297578567499,healthy
3025.64901066672,-0.22384142722092107,-0.2178138552803045,9.803349619400322,healthy
3030.6069188928177,0.09957444444737377,0.21529163724508105,9.778375130052195,healthy
3035.6345340340176,0.231616070984981,-0.09464549401775048,9.84897488033375,healthy
3040.6508950079233,0.09866669625290314,-0.15845045591808685,9.70121756282197,healthy
3045.5803924918023,-0.22856222442124377,-0.13291825441662358,9.732947932725315,healthy
3050.4659599967217,-0.25447866714937534,0.3047405730471985,9.737396289411048,healthy
3055.4408768494654,0.20427107409084033,0.03164654928081304,9.878516682210563,healthy
3060.420973269853,0.2718518124587216,-0.32238096927190946,9.726653810082652,healthy
3065.4060568732566,-0.2504486752098388,0.11628577975704284,9.582551765394879,healthy
3070.4416267883976,-0.15705828653571918,0.28363903530009693,9.930172962433335,healthy
3075.4098925358553,0.3338547165277521,0.00361376574106417,9.71051241519778,healthy
3080.445705138841,-0.14547285415299255,-0.2743157598666518,9.845017930611801,healthy
3085.421229758809,-0.003456295433288098,0.07406483362305569,9.810926400518703,healthy
3090.4001983880235,-0.20237247539985997,0.13462404690147245,9.86605730438611,healthy
3095.3779667341114,0.3500740952669509,-0.17648667092445677,9.9137704016082,healthy
3100.3879207366563,-0.19857773956048724,-0.14684872528070972,9.69420759555993,healthy
3105.3726057707286,-0.16006212009569398,-0.03701081546032842,9.623322968775394,healthy
3110.4477830956175,-0.11473342681605511,0.1985969261422952,9.809175390029331,healthy
3115.405323337477,0.12946250412232285,-0.1530511419128714,9.840353557409736,healthy
3120.397723714779,-0.13492044493573419,0.04052986600712036,9.783124816295736,healthy
3125.389965589101,-0.19060849362788718,0.1021766162205766,9.79777746819449,healthy
3130.39590784125,0.2640343658731809,0.09723007213844821,9.895335980637563,healthy
3135.4907357475254,0.08588905923002328,-0.0056410580310126135,9.821097770970834,healthy
3140.5546144986,-0.19390491511110275,-0.16737621864583335,9.717003338289906,healthy
3145.532026627604,0.09638614510296462,0.10398169083399622,9.863669160480836,healthy
3150.613238034264,0.12632037226286225,-0.20977416610468597,9.825640946190077,healthy
3155.494544364544,-0.06466979485617984,-0.08107399881892399,9.945211206311182,healthy
3160.4533628730387,-0.1645041855471819,-0.2922128096619895,9.794416908188042,healthy
3165.4183204525175,0.061097811450999046,0.19192798132445854,9.761076319608074,healthy
3170.4079217051635,0.2830499895646339,-0.07508365573314406,9.823103645058264,healthy
3175.310272421269,0.1483850234158433,-0.20018111824084625,9.877029585221207,healthy
3180.287794204006,-0.07184052460045509,-0.14058765286173355,9.753929172028302,healthy
3185.22472277579,-0.016945887636638922,0.18582433158332867,9.84211470132193,healthy
3190.3000679271413,0.13781009366805957,0.056111906902783906,9.773000460543352,healthy
3195.3516339106172,0.04646238606847372,-0.18377390985230257,9.786282424397914,healthy
3200.3568679525324,-0.41345174209333185,0.22245906010200256,9.729034778858654,healthy
3205.284573947139,0.044208141400813306,0.3201303035926414,9.82970414148261,healthy
3210.3456092489805,0.38329082775809786,-0.094950209815308,9.929039988773445,healthy
3215.415494262345,0.11104072905867253,-0.09515027539630655,9.759113297958812,healthy
3220.4149164095547,-0.3836011524736317,0.0023126147377500322,9.750550174787197,healthy
3225.390029457427,0.1773856224123757,0.2844838227421781,9.92428438512471,healthy
3230.4610347770517,0.3725576536627869,0.12000309178224063,9.701665706878849,healthy
3235.4823203805713,-0.2874055272752582,-0.19367669937663975,9.778767967904113,healthy
3240.443558728395,-0.33877604341126816,0.1964915953897896,9.812979240943529,healthy
3245.443517531072,0.1502971983128937,-0.07601646369204276,9.755363828497698,healthy
3250.48695488841,0.21304718864794137,-0.16889052290943946,9.752474164647355,healthy
3255.5464853076965,-0.031513439556596745,-0.15768325369032843,9.680713992833356,healthy
3260.4550285836344,-0.2845136700580644,0.11588319234056932,9.662468813536814,healthy
3265.391910045468,0.08735078657057536,0.10377320116987614,9.916057292058941,healthy
3270.427573457097,0.22147189329524725,-0.3163665001478195,9.778391384527703,healthy
3275.4121863674354,-0.42306123695196707,-0.19831590323777687,9.889813263678832,healthy
3280.372800141608,0.02611755916004449,0.2621634986319289,9.787126400544954,healthy
3285.4076224940563,0.2613726499575458,0.13845017709227242,9.971818143625965,healthy
3290.395522389164,0.15786159348927342,-0.27080643771379104,9.889214384468524,healthy
3295.4360611276466,-0.27686331479503173,0.15240195717824423,9.681774496465376,healthy
3300.4053086922395,-0.18136521448116452,0.09455047404127548,9.764349713680616,healthy
3305.506122152955,0.2856752237389271,0.013871268959975123,9.791497820817893,healthy
3310.49617714814,0.2925965418157208,-0.15021296143532092,9.887809909745286,healthy
3315.513247653103,-0.363450396164133,0.026714384204921483,9.846120696790862,healthy
3320.462259709291,-0.018425352275370278,0.36873015802095055,9.822854852178297,healthy
3325.4818991823217,0.32917789750329685,-0.25274794082249324,9.911824615503491,healthy
3330.5467022895405,0.04402003915771012,-0.23862183584359795,9.763900811182772,healthy
3335.5789903056066,-0.24137211489580224,-0.0601017924134018,9.799518384565083,healthy
3340.5687527779323,-0.010686204203586763,0.2793754337784286,9.850681247858969,healthy
3345.6604006202797,0.16960739099950556,0.1427417967563054,9.920084895121281,healthy
3350.6516187241286,-0.0821100775626455,-0.30303116878580455,9.714905742766673,healthy
3355.6802472788736,-0.2715558652064778,0.09642053130168987,9.706303678081728,healthy
3360.648843040844,0.210246799663043,0.4286962549842101,9.714797830929115,healthy
3365.6337668663496,0.21784800323401893,-0.17896685803951118,9.98272535399881,healthy
3370.667282297887,-0.3086714177995998,0.08602277726147603,9.646598609267103,healthy
3375.6671373940458,-0.18389826273860405,0.3821189035741648,9.785852195683855,healthy
3380.6484542504995,0.39649136780783334,0.22104950322275138,9.802630324420958,healthy
3385.6418649433595,0.0825034219028632,-0.3692579300178078,9.964624073460985,healthy
3390.594544506901,-0.058076755700957605,-0.029677495467746742,9.79238617474061,healthy
3395.7497202941995,0.04972077844619402,0.2216911886242356,9.892616340037675,healthy
3400.690792719573,0.3468502159716404,-0.0023980344356599598,9.887987550390775,healthy
3405.8144961659154,0.12293656740111358,-0.015330664917289905,9.820983999079811,healthy
3410.7024318596623,-0.2631264372613323,-0.08897723132263273,9.763675588353397,healthy
3415.711821291169,-0.013378790519916764,0.25067508581358,9.83455225566677,healthy
3420.6841746459763,0.40733174370390923,0.20557501131458392,9.806825175418547,healthy
3425.694532801838,-0.02859153968054083,-0.1487847277385878,9.875162612687086,healthy
3430.6829740784256,-0.15910729561010203,-0.0376477395029281,9.717256954954022,healthy
3435.7034959806942,0.14019185633943723,0.376164089512094,9.672042933290504,healthy
3440.720041127193,0.13795173503339703,0.026484305647557563,9.913822751326244,healthy
3445.7944925129145,-0.0992332429866526,-0.15123217656614965,9.828379727897977,healthy
3450.7926179205956,-0.05484496560493371,-0.034586340791624655,9.82786792113736,healthy
3455.7511641968918,0.11369663545810306,0.38083577362613247,9.781668479179686,healthy
3460.814241373486,0.27887857446600683,-0.20720719880807878,9.91860848499224,healthy
3465.8153181212106,-0.039485188342145636,-0.2938667676782353,9.836108884404338,healthy
3470.709439119045,-0.33694570144762764,0.31999118374384616,9.634940653208071,healthy
3475.8144079380663,0.13393061307523596,0.23963919861601254,9.836438864991553,healthy
3480.7795644127077,0.3428811085373551,-0.22715708866437306,9.772724404864627,healthy
3485.715319181228,-0.16264517223984354,-0.3967840392604778,9.943661338725242,healthy
3490.7229080475295,-0.0375264311585482,0.232619588358061,9.926855296539175,healthy
3495.757501428688,0.10678827067220016,0.03354165430197206,9.8478725225335,healthy
3500.804980594457,-0.05122324489370547,-0.22149082113734847,9.774252456548398,healthy
3505.842545950072,-0.23878722879500255,-0.10827697238373478,9.731573453268712,healthy
3510.8444681718797,-0.08557593282993467,0.449972784220234,9.879294621543082,healthy
3515.8488249122092,0.19320045798358965,-0.010401585490994819,9.712225286426479,healthy
3520.819302128312,0.19673212213530578,-0.2788125020235564,9.838179503509796,healthy
3525.8424576218913,-0.20764588797789676,0.12355202815269198,9.79474355572082,healthy
3530.758612256072,-0.12070744448536551,0.18168866291590177,9.704931364973957,healthy
3535.8500051176093,0.10309735048258625,-0.027477955467130735,9.807607411044426,healthy
3540.845527929584,0.03489027059685135,-0.19865231973162856,9.841652615322845,healthy
3545.9276974479485,-0.1701606797318924,-0.06967411392893447,9.755509152808026,healthy
3550.9070736234344,-0.04582539041241354,0.09320364272565118,9.77478599171748,healthy
3555.9661014958615,0.34043830692204574,0.0982868025825421,9.833616439917451,healthy
3561.017474055213,-0.1408294030523089,-0.2536909517456847,9.83564588393623,healthy
3566.0258795211585,-0.2570952173860871,0.01839578293335057,9.559510355749737,healthy
3570.974717452839,-0.05153980635062164,0.29146867081842087,9.835018710130017,healthy
3575.9736304588714,0.23199071603588667,-0.11186177327298957,9.876754579301926,healthy
3580.9034532717214,-0.004048886382472194,-0.4029450824497372,9.763968893776543,healthy
3585.915299701785,-0.16856788140977996,-0.05148075525246043,9.82601457624572,healthy
3590.832377603314,0.017391936620441098,0.2863089101891066,9.951018885110345,healthy
3595.840623765038,0.3138514489566013,-0.2363782172154238,9.851463021301557,healthy
3600.903687646935,-0.22845812935516674,-0.1365099923769405,9.699953887208595,healthy
3605.888472971991,-0.39246197840240693,0.22858787107880157,9.835005585800745,healthy
3610.838816750858,0.3124628811020885,0.3361673087753121,9.818235270993625,healthy
3615.8476040254673,0.28447987098695804,-0.10205463804198205,9.956602540866044,healthy
3620.9222779024867,-0.03373920970693145,-0.0834488687467762,9.732227337680715,healthy
3625.8864199775435,-0.5216187794479611,0.1186774919966246,9.811853619738507,healthy
3630.8842113547094,0.11711795563803673,0.02810882805227735,9.739930949752138,healthy
3635.958527168107,0.1588588223272681,-0.442653905592742,9.79822202917991,healthy
3640.9307249832036,-0.24208205511578745,-0.24515499229761833,9.861948872659402,healthy
3645.999113332351,-0.08039383496496394,0.24758462229704825,9.705961695678365,healthy
3650.9800259070676,0.09056599442072985,0.13602019239699337,9.873655948336438,healthy
3656.0538778068967,0.06765049083037161,-0.11752633180204612,9.86700727882028,healthy
3661.0567203522546,-0.408586095306271,0.02035602990325959,9.719326829726992,healthy
3666.038357899398,0.311111221044731,0.4524803888010236,9.687565409826957,healthy
3671.0586832015397,0.3917805222596994,0.0028924416240604447,9.937708102828061,healthy
3675.9496756099584,-0.1709166374910975,-0.24368479295562875,9.852243797117989,healthy
3680.942493872454,-0.5346632945610728,-0.040652315875535756,9.704076452137372,healthy
3686.004571558935,0.21769169929045357,0.24017284231728575,9.985095716538778,healthy
3690.935695713349,0.14537308135711974,-0.33114555554333935,9.792193463798137,healthy
3695.945812051812,-0.14773916257187575,-0.16929203602644616,9.833121922702718,healthy
3700.933414044183,-0.253294064608346,-0.07515512565925424,9.716121658348753,healthy
3705.9649036722544,0.04344341133691902,0.3971405694901592,9.845404540584848,healthy
3711.019709669582,0.11437253957412326,-0.19336889848358457,9.824832156914649,healthy
3716.0815354353836,-0.13934877748449206,-0.45730884064046956,9.835848055518623,healthy
3721.041258587311,-0.07608179801999071,0.04087832859824353,9.936624180535343,healthy
3725.933117487327,0.16842786311358554,0.05117435368320833,9.893773635188424,healthy
3730.9188898063694,0.16265647625757274,-0.28493468567449853,9.856682224368342,healthy
3735.9151057785552,0.07078170924031302,-0.1624906701027497,9.785983251417013,healthy
3740.8717366956976,-0.10677151564330817,0.01765930967766935,9.787920478060288,healthy
3745.8338571126446,0.22851231983012152,0.09814780017725128,9.841894237390948,healthy
3750.827543050518,0.12103420730113351,-0.3094242352690597,9.790083593792453,healthy
3755.804757146837,-0.17330929255136987,0.06170486536860109,9.813074943395167,healthy
3760.762779655977,-0.1721032511750549,0.0033475453856887105,9.825682925670982,healthy
3765.8062056816707,0.2764161750446621,0.221940411119941,9.881806257823538,healthy
3770.785386698909,0.3442757835373027,-0.11544404844803313,9.912063368088049,healthy
3775.809451371599,0.04085184331158248,-0.008056546261694372,9.816624539003039,healthy
3780.752165107243,0.07710208747932662,0.37799862962249375,9.872226509228692,healthy
3785.7967069293322,0.45922253567116406,0.12891231060833935,9.786776147038122,healthy
3790.8187913022825,-0.11865012497764578,-0.2684398778908053,9.660134766468932,healthy
3795.809943824965,-0.110722518860975,-0.17941720204986264,9.804209449633289,healthy
3800.8135660321173,-0.10093626308827167,0.3411477940786513,9.799582353630232,healthy
3805.8234311890938,0.21611402887233236,0.016590940607141808,9.79729114250756,healthy
3810.842041206574,0.08497360291546233,-0.12383787106156477,9.667337959823953,healthy
3815.9055433238696,-0.14101388935418344,-0.11610603059156921,9.816451877727758,healthy
3820.9862146725814,0.05971687108266179,0.16417855901703865,9.803206012190838,healthy
3825.910258034188,0.307610457121051,0.017669158553462794,9.958621515506492,healthy
3830.8925428692887,-0.024057724971148345,-0.20271682722009615,9.857548868618531,healthy
3835.9463517604972,-0.39864907353311124,-0.08870508481061344,9.799160206231761,healthy
3840.8652050073233,0.01980434904275459,0.32116741241423347,9.824613905084897,healthy
3845.882734647978,0.3701285704920757,-0.012457650772282627,9.821236103020823,healthy
3850.9516231363473,-0.15113160884069504,-0.3893856369231059,9.67786545892313,healthy
3855.937894723381,-0.2508491164774523,0.06011836887308741,9.703675376769006,healthy
3861.017306204385,0.14075438863631506,0.09613487466420684,9.710574193615352,healthy
3865.964398542273,0.2604033988724601,-0.25282664709970015,9.982536330722409,healthy
3871.029548167911,-0.005918631669459801,-0.3378328563191135,9.747051130873272,healthy
3875.980573226107,-0.18839474858928804,0.06996320507004417,9.891025306596973,healthy
3881.0005311033783,0.47091869140378373,0.31664744101790043,9.85883055423181,healthy
3885.979913121778,0.03684671514711446,-0.19357116655857537,9.675940384695014,healthy
3890.999705891077,-0.21394400587828138,-0.25434210537011337,9.7215755047065,healthy
3896.056849031177,0.28104688575405984,0.11017446496229512,9.72885673202466,healthy
3901.0704107476067,0.19428257708141716,0.21028283125741193,9.892654750433405,healthy
3906.133050072128,0.12843936892308308,-0.16263331027058908,9.752577519266746,healthy
3911.195678085476,-0.11407491027606168,0.11922974184685642,9.80531882252238,healthy
3916.2373136875854,-0.05768062694824562,0.19400969279625824,9.77360076016859,healthy
3921.265907509344,0.2637964183025277,-0.06932997375278638,9.930918281414577,healthy
3926.2526937406888,-0.10288350610683648,-0.045832345994798185,9.828921461513263,healthy
3931.162546244736,-0.14718026353803826,-0.020825151876574584,9.719498688019888,healthy
3936.247748628908,0.22127333508802707,0.39935969367477864,9.780164652215747,healthy
3941.2998463443514,0.3147547461982782,0.07343738495147657,9.841075525125131,healthy
3946.272122530386,-0.21535100355067738,-0.08381632161291128,9.815026154253736,healthy
3951.2473917897623,-0.1608224311168291,0.2680733117419875,9.744312917252971,healthy
3956.2687528964916,-0.11109854522188087,0.13143630492466007,9.826076673043929,healthy
3961.202838464,0.051087399224380464,-0.16067699728130783,9.81736619045624,healthy
3966.142546333546,0.03249088063066194,-0.051271786278318465,9.875152020501563,healthy
3971.161834598416,-0.17856892876971978,0.10027597434699652,9.64306093581945,healthy
3976.1634169028744,0.11841834686245598,0.011603561290889242,9.853949186955873,healthy
3981.1583771170026,0.011316085529729653,-0.11831055269269532,9.785858032705919,healthy
3986.146733692486,0.11681915808632476,-0.175796130046657,9.852248306587356,healthy
3991.212152859117,-0.3630318372183312,0.11784961376290236,9.775512779750866,healthy
3996.2298821304785,0.30366130691139565,0.03191802547796281,9.945129185278775,healthy
4001.3007281517857,-0.07130413727069215,-0.036913929887130464,9.773946890402618,healthy
4006.3640684956977,-0.2406440428543192,-0.2085662224955348,9.768558421989344,healthy
4011.420450366179,0.02864440095491494,0.1307482240773114,9.914691025725592,healthy
4016.3625511844198,0.26687436285835814,0.1533131358189539,9.79690727983478,healthy
4021.303061342893,-0.005891092382006968,-0.33186605949214343,9.782692466304013,healthy
4026.3342814818266,-0.30232650275860895,0.03482068965697665,9.660248069872035,healthy
4031.3516482815767,0.08148478750769753,0.26454419028506504,9.685656759225745,healthy
4036.430734524192,0.2027049810733096,0.09906883139085527,9.941392463886322,healthy
4041.452684592145,-0.036575795413359535,-0.13698813780527702,9.834659826614237,healthy
4046.482300939706,-0.06969533026984259,-0.0005550441985221876,9.75923752958615,healthy
4051.3761737122095,0.011558594865718355,0.06604253842586949,9.86158552703418,healthy
4056.48019313002,0.3843006393206075,0.0024845308489105447,9.912438030303452,healthy
4061.4330376315256,-0.1459136918267699,-0.26449718409166945,9.778452085533871,healthy
4066.460955168517,-0.07188361276101154,0.17681936669645287,9.77988732679237,healthy
4071.4466655168353,-0.004255711883699859,0.17192521744407854,9.934371860037125,healthy
4076.55650850189,0.30218887103338293,-0.27505021611772096,10.036102758290019,healthy
4081.549981574807,-0.4179445882080728,-0.24426196631921304,9.82416678124067,healthy
4086.6318629781777,-0.4106692354808868,-0.12617494139340998,9.734400448627103,healthy
4091.607248443923,0.21288145921137022,0.15848652562059282,9.895343313148361,healthy
4096.614760591545,0.19580100627004898,-0.17784161547101002,9.984625663064179,healthy
4101.628489332933,-0.23418862026149295,-0.25078737660677936,9.845762087608515,healthy
4106.634642912064,-0.37694181388742637,0.32943008412359504,9.796815417194207,healthy
4111.651958451692,0.052296666243605294,0.3155443009538963,9.889608689524149,healthy
4116.623518260994,0.003739779559928852,-0.18735825877044981,9.730932737856431,healthy
4121.569758368868,-0.05380562026798083,-0.1442870040612392,9.747832040394849,healthy
4126.610775984753,-0.1410729515096089,0.16453428135946113,9.757892674220452,healthy
4131.58764471463,0.08530066003901354,0.37971642885314216,9.924801137025506,healthy
4136.549386649715,0.05097288165544498,-0.3190889393405355,9.965204542071705,healthy
4141.558745176009,-0.1623029341586229,0.013945203065006254,9.686750194174412,healthy
4146.512650072681,-0.030249551915798582,0.25125879472857177,9.881334493448243,healthy
4151.56043508928,0.24558913104744803,-0.136904999881442,10.010868235737199,healthy
4156.586307334973,0.05267754949070938,-0.1805103047643507,9.81730486571712,healthy
4161.686225767846,-0.2870378479567154,0.04925804151868358,9.759803432959753,healthy
4166.671546563984,-0.054085350512386346,0.3637529780088125,9.854450905192238,healthy
4171.696957759764,0.24841003713317064,0.03463171232969516,9.884942646281477,healthy
4176.74462508362,-0.19476157789535004,-0.4554768011288358,9.772620772111866,healthy
4181.7885967616685,-0.2574124016800018,0.17179441184476418,9.591869383385482,healthy
4186.818757209299,0.12915329857534785,0.4757613068987637,9.690182013937388,healthy
4191.842297685798,0.20066314581954695,-0.2324920919354877,9.791996737105277,healthy
4196.783203492282,-0.21920072860048756,-0.2093596610301423,9.635845769395809,healthy
4201.837876626792,-0.2923216956563224,0.014002356334724464,9.967167613712927,healthy
4206.863005217573,0.07066907416936721,0.1300209962804522,9.875779598106602,healthy
4211.794038912745,0.2525741345762875,-0.16083679803827672,9.82767175828698,healthy
4216.768589027637,-0.21265070985625498,-0.30139837896326654,9.765106736055518,healthy
4221.765687071508,-0.33829350576930095,0.1713301041952709,9.765698712838816,healthy
4226.794046179499,0.19632262623426455,0.10813777000665031,9.977410993259621,healthy
4231.816576605641,0.164584417105213,-0.0792299250496976,9.732925725689638,healthy
4236.895781929834,-0.3956540913454063,-0.20290916820620525,9.797367904089405,healthy
4241.881754571868,-0.17279527087329444,0.20191853530542583,9.786486985290972,healthy
4246.9101575337245,0.047716786399194605,-0.29192547519446066,9.817783405213378,healthy
4251.872132711707,0.12089869747433361,-0.15787218182738616,9.890696495151051,healthy
4256.904246823009,-0.4843325582984479,0.0034407243072665655,9.690675114217083,healthy
4261.925742982283,-0.05810022317903476,0.2078312661357409,9.734640981675545,healthy
4266.993806651793,0.3241840458546325,-0.023095981184531544,9.71948887703444,healthy
4271.903497359977,-0.05014267585436335,-0.5103005071654677,9.839025983376914,healthy
4276.91026546975,-0.005037462344512494,0.041338777380080766,9.757643450495458,healthy
4281.951606137079,0.19025319464190119,0.4958539596318045,9.88489528345776,healthy
4287.015720687636,0.233698764197995,0.022519559640504325,9.816135149664476,healthy
4292.098344246579,0.12195056616603353,-0.26796078792935196,9.760110431102921,healthy
4297.145187025446,-0.21921777833518707,0.11895801372189815,9.747408573280604,healthy
4302.266445629459,-0.0540835640828143,0.1979815806438889,9.80851116073254,healthy
4307.159371165127,0.029833890558212228,-0.15608540381314115,9.972561252895492,healthy
4312.175892848491,-0.0983828709557312,0.0794058323058868,9.802265951096397,healthy
4317.16464815641,-0.39796006812135487,0.14654170451473492,9.761642766681195,healthy
4322.17380692324,0.3820575211204895,0.08989905288932111,9.923555525582271,healthy
4327.167509817026,0.2313630471485624,-0.23163291415040743,9.893857885012578,healthy
4332.102655409973,-0.18345230352862296,-0.21939599165867862,9.780510213553871,healthy
4337.162411793742,-0.23601576764085427,0.28076426413636907,9.835185131216646,healthy
4342.184362296305,0.3180832579911458,0.20658100014838687,9.848166877939496,healthy
4347.144419048721,0.1362452285047037,-0.2456094231992886,9.773333291462373,healthy
4352.181988917961,-0.020962743659340005,-0.001569450636802916,9.735423639102331,healthy
4357.1883762409925,-0.15365464106266113,0.12589270755662205,9.807250867538059,healthy
4362.2101964426565,0.28108777899246945,0.07733415297888419,9.921363630419032,healthy
4367.151318036461,0.18483753165250105,-0.2010126684009414,9.781263681110431,healthy
4372.188859266705,-0.3240424103354075,0.06306680975283394,9.656288679230418,healthy
4377.099349923635,-0.3248573077751812,0.25903456939599695,9.938178424548934,healthy
4382.174683630298,0.3392297294143033,-0.12350324167766367,9.885851376802528,healthy
4387.206590657566,0.38337071606514994,-0.12417654284271852,9.95703681987487,healthy
4392.12997527867,-0.2751605616553794,0.1399210649319835,9.700306039055771,healthy
4397.114649371516,-0.035411416120234684,0.3798087722505107,9.805852747557836,healthy
4402.033190520785,0.17391759205583024,0.058118214181897714,9.804604169762117,healthy
4407.029924740881,-0.09832374301709863,-0.21860644667596246,9.75008901098521,healthy
4411.993080108465,-0.323192705064444,0.011509021531521725,9.88230180553983,healthy
4416.9188922958,-0.017138497107472804,0.22913125914565066,9.7528290465645,healthy
4421.980352358536,0.2958481875762172,-0.15090850732598898,9.801549338057857,healthy
4427.033243617092,-0.09645521198582205,-0.13967701876523372,9.750081543583814,healthy
4432.0815984542805,-0.2883577062735485,0.019858209555872017,9.847345513795256,healthy
4437.17981735667,0.016821129590135833,0.22059109312306135,9.905492822249045,healthy
4442.146808093707,-0.13686740398428932,-0.187033552213555,9.885463451781304,healthy
4447.138205002156,-0.15836707012470225,-0.13954707820359052,9.771584985076451,healthy
4452.09989571927,-0.07517111345777727,0.08811518969728077,9.778524769427959,healthy
4457.199802737107,0.05132051653431059,0.24363547922240403,9.854516883371033,healthy
4462.170970713056,0.20224841818264636,-0.13130558061405345,9.87462403461893,healthy
4467.127134851099,-0.2593161277465254,-0.17709457088698757,9.938649838362206,healthy
4472.128631659402,-0.20171606226321995,-0.03184929182317614,9.808046486431639,healthy
4477.0549860828905,0.17377696320152827,0.15166714340563678,9.829837860181604,healthy
4481.9860121987085,0.11014407210418146,-0.21656847831138587,9.930224262253969,healthy
4487.028428044827,-0.11741482604433133,-0.10496292493840731,9.779608736648292,healthy
4491.923743204305,0.1157053273485405,0.1818566195126334,9.914928137925063,healthy
4497.006073085274,0.23315497958864728,0.14516334401655606,9.947010348345746,healthy
4501.944395321568,0.14182558508271415,-0.1942025664832794,9.85949774845411,healthy
4506.95133006892,-0.3558134836932766,0.018845547746535213,9.827309283194245,healthy
4511.980638103174,-0.09623543764610915,0.4771687552419306,9.926603962597172,healthy
4517.002164558548,0.20007074703388905,0.09055677301916915,9.843441214225713,healthy
4521.941989312185,-0.036448258933587475,-0.053284860530392636,9.812966885522794,healthy
4526.944883534766,-0.2647723183406742,-0.02730012115032819,9.801226319880646,healthy
4531.965830696654,-0.05009362137236102,0.12691950883684794,9.808587086525986,healthy
4536.967713828485,0.08583839966638446,-0.13728645063082082,9.898614946586862,healthy
4542.029222070909,0.01617158087071531,-0.2782043317818916,9.706064158141693,healthy
4547.002744235845,-0.20484754303373104,0.2126311140642757,9.785335818243647,healthy
4551.950014534898,-0.06165274101414951,0.29180482092763316,9.674483970057658,healthy
4556.863121435012,0.08379542671480955,-0.1092376811118949,9.793801707668448,healthy
4561.8746188573605,0.06064746490796438,-0.14202976468977038,9.945222520177701,healthy
4566.836935121848,-0.1899414292461636,-0.17118628051058615,9.684480031871283,healthy
4571.896437832333,-0.24823105841752313,0.39560473283617903,9.730050894771288,healthy
4576.899035780268,0.24996220935950747,-0.04814786134447337,9.89214509226342,healthy
4581.862842546537,-0.26787767154347386,-0.05423762993527767,9.764215063702455,healthy
4586.892434477248,-0.22642635618531617,-0.18224473784673845,9.640577836161274,healthy
4591.820329103964,0.19635403850767705,0.07247009356973028,9.862364285493676,healthy
4596.8190379784955,0.2878724621335574,-0.19145820058114071,9.842006667579478,healthy
4601.827039262479,-0.2195273365220482,-0.03672111211062473,9.862705221228442,healthy
4606.816881968767,0.007320664703792945,0.2732097375117808,9.740966779259969,healthy
4611.864330806921,0.23613501268345513,0.43546320478085676,9.953868230984265,healthy
4616.879121689977,0.03815912116167944,0.027105503428330596,9.769200830597308,healthy
4621.8863018706215,-0.1561214819565207,-0.28714113888079806,9.748862283845098,healthy
4626.910719936635,0.1696960875016898,0.19886285764282388,9.82901613748597,healthy
4631.914727845159,-0.05520777424513504,0.11146538284456668,9.870750196081923,healthy
4636.959596497569,0.03015453262028905,-0.1925339427931289,9.799838554781001,healthy
4641.95140342676,-0.1347526949130046,-0.14115787692328854,9.764582554523015,healthy
4646.855476055367,0.033420701671528615,0.15379923417335636,9.731432290371652,healthy
4651.92804309635,0.32016934502816136,-0.11640481359746963,9.756064088902377,healthy
4656.8947930377,0.1420558503895045,-0.3845460262378281,9.83804935617045,healthy
4661.92918086688,-0.09193561177009574,-0.040705519301895726,9.814184061029332,healthy
4666.964104150035,0.08279613209852929,0.08706923679954048,9.726707630037364,healthy
4671.830676056259,0.3408899464850602,0.0865905208276401,9.837578611208448,healthy
4676.922172347054,0.004156777256234756,-0.1927157295895314,9.70704468703997,healthy
4681.908100302969,-0.22816562849800756,0.11371608106755791,9.73951312362998,healthy
4686.997445642753,-0.09530676477251789,0.04620015489180851,9.821926801846434,healthy
4692.1374551611225,0.3509697605843455,0.04441480522652699,9.832544117756745,healthy
4697.194752338582,-0.1239130228698132,-0.41524201828157714,9.854782930585213,healthy
4702.275578733118,-0.17379353308948053,0.041092982149841945,9.69301537496032,healthy
4707.23925362104,0.1386586006832286,0.11797272168191919,9.899337803262164,healthy
4712.3259837819305,0.08391927231393567,0.007573240523698427,9.918846544448229,healthy
4717.382752539467,-0.35466539706604777,-0.11512052609141993,9.721675465554464,healthy
4722.409955361206,0.022349731210329515,0.30034059536140206,9.912059500612767,healthy
4727.436369930102,0.3381480087670181,0.21195627090981534,9.955689922217344,healthy
4732.434437085592,0.12780959333459022,-0.21038455266907918,9.719600677648774,healthy
4737.415762079466,-0.14054888396636578,-0.14790963140703034,9.772152650625644,healthy
4742.430759863506,-0.05713958409775417,0.26651704958865174,9.80158430193019,healthy
4747.388865256625,0.04503145090934785,0.07087060026524482,9.894470219313895,healthy
4752.379537430919,0.13901845413383626,-0.09667811896495457,9.924381857202007,healthy
4757.46697482883,-0.0675747318317444,-0.16456931807897118,9.674807933631147,healthy
4762.457598484989,0.12065310526343881,0.39600016262235144,9.636430808614948,healthy
4767.382141484135,0.339275247402883,-0.0008459568964478241,9.923547978584782,healthy
4772.384817915097,0.18650012479158157,-0.3155624476494414,9.827842185527306,healthy
4777.32338316296,-0.2747823665747928,-0.14459063022742846,9.783078461530454,healthy
4782.319484000739,-0.07400911746247858,0.15921156452016716,9.94517702777192,healthy
4787.299584168161,0.2063868911892211,-0.05478644729069277,9.856466055439833,healthy
4792.2867633257665,-0.04271006590211617,-0.2170777348099307,9.812813476702686,healthy
4797.337152083404,-0.10064102888343726,-0.05529394680218272,9.766949822629254,healthy
4802.330929432048,0.09623201237738746,0.031416518135251675,9.83918553936425,healthy
4807.3025623032545,0.022774521033226997,-0.0673730313752137,9.84741369868315,healthy
4812.291019535074,-0.06895945474621182,-0.32118681548595207,9.926135950089767,healthy
4817.237279847129,-0.15443738746705932,0.17509380719537282,9.735002789078061,healthy
4822.185293455156,0.2937905998487309,0.11891562925597635,9.817029605282336,healthy
4827.192712980861,0.30103856165088466,-0.1586525810714979,9.873190947658149,healthy
4832.294377132352,-0.005177129176544865,-0.21823541598858995,9.662331413261272,healthy
4837.275369925923,-0.13918335866639087,0.1748156695443193,9.654232820351467,healthy
4842.37309903114,-0.12674249870117274,-0.041333745550425155,9.849938248617384,healthy
4847.498082180217,0.2410735899743666,-0.3372966949848105,10.016700960606697,healthy
4852.444518586778,-0.3019401425518956,-0.20254667684173977,9.91109248286405,healthy
4857.452877596825,-0.062190132669220966,0.12259226970318189,9.93428533531181,healthy
4862.417935445832,0.29625968011857107,0.15250907957360732,9.95164579253558,healthy
4867.41095369699,0.04384427806367899,-0.15729465170225504,9.875201042602308,healthy
4872.467205129385,-0.06321874436304925,-0.04853758762735569,9.704782151985254,healthy
4877.506275545839,0.07616388282228692,0.33024390972440093,9.920920522575054,healthy
4882.507894409972,0.3119871631898317,0.13964207795354328,9.854353497874325,healthy
4887.55515152834,-0.1260685419689096,-0.25217367411543373,9.78830683451574,healthy
4892.520240893006,-0.1654358320858791,-0.12475877498354475,9.880565175751153,healthy
4897.466627956663,-0.03835688955156069,0.5007693324860036,9.799473908031253,healthy
4902.523663901438,-0.016541607705785805,-0.10507825546215965,9.920133947653113,healthy
4907.546230469833,-0.053137546188851456,-0.1540794881872693,9.752584241064469,healthy
4912.567807346666,-0.3018254009313357,0.1690545215578527,9.703229090493524,healthy
4917.571047031908,0.07245998813110502,0.1815899410933698,9.795377462117036,healthy
4922.621049629695,0.29714888183150934,-0.11898814214749796,9.891663274460821,healthy
4927.622052759847,0.13235801563112287,-0.2564289471853501,9.726005687932565,healthy
4932.654005196468,-0.03650362557434239,0.04744338122912302,9.855590272718631,healthy
4937.641752421894,0.18097315820477944,0.3129669026955411,9.776553123009267,healthy
4942.706156469252,0.06743584973413397,-0.203305583366563,10.076145284129913,healthy
4947.663065952969,-0.11361257094964478,-0.09517094919973491,9.776455715935976,healthy
4952.719159395903,-0.30205588332166333,0.19972890852692066,9.80778766218569,healthy
4957.719918765172,0.10523194186294874,0.08445905978769065,9.798334529089004,healthy
4962.579170708011,0.12617392061241572,-0.2615962696637161,9.837312163498895,healthy
4967.571623926542,-0.3120198798813083,0.10749110560880165,9.851492574413625,healthy
4972.600950242683,-0.28555994140349916,0.1491572617493176,9.7823606060861,healthy
4977.640978109324,0.16408919781313652,-0.05335741752844397,9.839094296560141,healthy
4982.647338029032,0.09086635612521757,-0.33704435637286556,9.851889360332155,healthy
4987.670719822147,-0.23084999397986083,-0.2591870982960308,9.77108714145546,healthy
4992.713632783241,-0.1350875481919049,0.366490054806531,9.797160980435871,healthy
4997.7541267769175,0.2824633291628841,0.12986705206368476,9.82910942723011,healthy
5002.775824166451,-0.04407817523583994,-0.3143625533645433,9.746529942922654,healthy
5007.766809117856,-0.33995363414815305,-0.0263293425045587,9.66332664773805,healthy
5012.694391765381,0.003941456194122819,0.35408443909506804,9.915088878336391,healthy
5017.615847001305,0.192348888758253,0.08117337048601667,9.74767067443742,healthy
5022.497799108149,0.06632724603459055,-0.2917374980031691,9.788484468566232,healthy
5027.464781895006,-0.3714526358210666,0.07370758666502596,9.768319558480293,healthy
5032.451984948146,-0.050059578474768524,0.31420081708459247,9.764781482743944,healthy
5037.460479735448,0.18904490565491505,0.006097739916615157,9.843711597614545,healthy
5042.462801536516,-0.3367782685597596,-0.1813845522745285,9.739534622607648,healthy
5047.459759246463,-0.16154244306903642,0.3154233806574265,9.849185748532788,healthy
5052.461196463435,0.10576659216565813,0.37557031402038116,9.836166722624505,healthy
5057.408705286453,0.14712079920894994,-0.062119133941019214,9.843077871218302,healthy
5062.30406031754,-0.17549388270725433,-0.2399562662776017,9.795521113025247,healthy
5067.295337049187,-0.2517973245401486,0.1720930077593583,9.600784813699033,healthy
5072.310124094024,0.05870863470291865,0.1779234589320103,9.747582661079575,healthy
5077.327292752908,0.20083582255041235,-0.28261358181461815,9.850672374915051,healthy
5082.333410548629,-0.4136377729893901,-0.11552771267612702,9.737525990772292,healthy
5087.314867820084,-0.09080464595647944,0.22571469717615317,9.655743041799674,healthy
5092.324096587836,0.23746170274508518,0.0660187082675063,9.788751219596538,healthy
5097.316093591007,0.00632373434061087,-0.09129661706252575,9.95563794714215,healthy
5102.36042351137,-0.03769637935720224,-0.3090962449711282,9.796808170975941,healthy
5107.333183796449,-0.007550911076119923,-0.014986882525360318,9.855275821500317,healthy
5112.319005291826,0.23631796707384373,0.05194524900218926,10.185647131870729,healthy
5117.302323872332,0.011974842165938443,-0.5238779736030134,9.819395964288985,healthy
5122.352478522116,-0.24607298287070237,-0.046803196893893714,9.678933774492988,healthy
5127.347370349252,0.1339016365077329,0.39153848333269825,9.812639443907257,healthy
5132.36036363636,0.32849681288684257,0.021492603452233562,9.973842758675785,healthy
5137.361501917922,0.029275304427834742,-0.33582552477216315,9.75512601746666,healthy
5142.309642700075,-0.14187290125197566,0.07543142026195165,9.628620757352731,healthy
5147.372050134151,0.05892959893385747,0.21388592895381953,9.84164702215751,healthy
5152.363117766225,0.2500496060311141,-0.01921498250618672,9.91395593557685,healthy
5157.301800116859,-0.11110532029821406,-0.3668528417200514,9.794086605448193,healthy
5162.390503884174,-0.21536619362020545,-0.05479519719912116,9.820217139921667,healthy
5167.31221044003,-0.070193002839938,0.037799270593066786,9.781385361525446,healthy
5172.2976491874715,0.20578694564858835,-0.036178499738202405,9.92872713209844,healthy
5177.243242121812,-0.051214708239056723,-0.33696188689422696,9.718697057887765,healthy
5182.209892030394,-0.31738572876497684,0.13031246391677787,9.697357612124062,healthy
5187.18498888265,0.19167271470813035,0.1738940133381912,9.767980365609752,healthy
5192.1655896722,0.26358624648184514,-0.18093987793345584,9.716976847468393,healthy
5197.176147103021,0.022775216010681082,-0.13935696773695677,9.869939549812337,healthy
5202.1863940159,-0.1376710213552358,0.010423623071684263,9.865360865080872,healthy
5207.159842834562,0.3304153520151094,0.41894645845299605,9.775534641778306,healthy
5212.187858417763,0.11777953637199462,-0.4019514931109561,9.838997757511956,healthy
5217.2248375045365,-0.30379782838414826,-0.3243250179889815,9.772458377114582,healthy
5222.2963489860795,0.03518609847120058,0.46591043792430753,9.763952787557802,healthy
5227.305711182185,0.24905674816741283,0.23340938963080582,9.798033441307112,healthy
5232.370642114731,0.01210978952075982,-0.39581932643670076,9.827285125479595,healthy
5237.40478038895,-0.42278220500205443,-0.07251125225128513,9.7162647256008,healthy
5242.429172211698,-0.11545719782228037,0.5324037331895677,9.732667878505294,healthy
5247.500232672478,0.27918777837497355,0.21258821334108785,9.85373936687124,healthy
5252.578521203995,0.1548855696856472,-0.1901202576182046,9.817542887906262,healthy
5257.543891907865,-0.2657792442965415,0.2076241564760697,9.839106594806776,healthy
5262.536279055615,-0.12275657840108803,0.29005010672975223,9.847381382134698,healthy
5267.438283155696,0.29849431809226573,0.0696405125804478,9.862934599305278,healthy
5272.4557606391445,0.10738413839937246,-0.1249801527971994,9.827010120432618,healthy
5277.413165073941,-0.2579911557757701,-0.1628760056774081,9.58919634744374,healthy
5282.405221019498,-0.1250577294954841,0.16353754016471211,10.049976799091903,healthy
5287.460935611566,0.2019141847312982,0.09161831146026433,9.899911175830526,healthy
5292.4410559354055,-0.08390046734780328,-0.14945106759219629,9.71424386489776,healthy
5297.426901930719,-0.36360751595112506,0.133044316640121,9.81245903153555,healthy
5302.506825433899,0.08500419280292937,0.050433142100016565,9.878905681653043,healthy
5307.486363285779,0.24046566542076525,-0.008628888746366692,9.81082786149927,healthy
5312.555462967713,-0.08734377970227472,-0.32480110888879465,9.839585339100353,healthy
5317.556814781289,-0.038031211068447035,0.20580350564551808,9.696673971196715,healthy
5322.511823118071,0.3257679694852497,0.1841988523780203,9.868965510080212,healthy
5327.523974779141,0.23432765729443883,-0.38986113750962914,9.932708659288744,healthy
5332.4332223888905,-0.21957908422038058,-0.1174231497327642,9.795034901350537,healthy
5337.394247467302,-0.1677620505667874,0.2428589891126272,9.827045180959496,healthy
5342.441543309662,0.2671305023417208,0.2541338863945518,9.897105878209041,healthy
5347.477902844962,0.20405559841067522,-0.318082445686285,9.899494990978393,healthy
5352.530416455813,-0.1746387818940076,-0.06622300828462466,9.751433533091358,healthy
5357.500923767153,-0.1182090956831555,0.22884083648172962,9.789371148478356,healthy
5362.478511860366,0.17192733459004322,0.12357220397764246,9.884732245567216,healthy
5367.5241680659265,0.007857600432023909,-0.21658814510249694,9.728683911099063,healthy
5372.517915508379,-0.08723318027226831,-0.055729112502144365,9.764863118994608,healthy
5377.540444327595,-0.07092630020390531,0.1357575204702178,9.989152102735234,healthy
5382.53064620768,0.41935253517474896,0.1700547979556896,9.978270296911278,healthy
5387.622958204046,0.0925136292298424,-0.4623328425450111,9.672018445132093,healthy
5392.565617653473,-0.1776881083845437,0.09824856356351826,9.803566858119078,healthy
5397.474714479051,0.11400824634418893,0.2634275138057636,9.928579029309008,healthy
5402.453739816947,0.2087504100687414,-0.018689379292928042,9.811375996241349,healthy
5407.534899691016,0.08586192969404603,-0.22687046843857916,9.849053217787198,healthy
5412.509072245823,-0.15074287483500132,-0.2440658901744098,9.713615382788976,healthy
5417.498944587098,0.07623303569865134,0.3274493358983687,9.805675089775452,healthy
5422.519315869076,0.25042475699016403,-0.18691658778127598,9.820277572738526,healthy
5427.573740456863,-0.2574862766147704,-0.3328305511082922,9.908969470146046,healthy
5432.535355287392,-0.214575460703817,0.04462549625510642,9.870265551380507,healthy
5437.54434239981,0.2381158921367555,0.23113270694080107,9.850757523709627,healthy
5442.542236931038,0.07033999437533794,-0.0303801543825198,9.68170150739798,healthy
5447.600248310375,-0.2756708117973641,-0.29756497211086047,9.774870129014076,healthy
5452.697408813573,-0.3361690056972062,0.25826974861527824,9.931362375656011,healthy
5457.718070453392,0.18774603298560644,0.2679356369332341,9.838785785063997,healthy
5462.822720962269,0.027409909155184556,-0.18535996607589508,9.802468619420734,healthy
5467.762033440152,-0.30741481516308256,-0.3095547473446238,9.691059191724213,healthy
5472.750976452264,-0.2847840930494753,0.305559829954513,9.88373544974901,healthy
5477.6891300715715,0.3846444409698159,-0.07280119917418913,9.755064610134253,healthy
5482.690063132342,0.23384383606801223,-0.3175951990000011,9.725434987558398,healthy
5487.696228386245,-0.3393048408867568,0.14331617526596832,9.607744214557451,healthy
5492.6601640342105,-0.08336646314061749,0.16886490934689063,9.939468748250937,healthy
5497.574241465673,0.4184924253016228,0.13523367902370992,9.76667020890383,healthy
5502.616761732752,-0.04313444509333647,-0.13608326155381512,9.863047860055051,healthy
5507.659020008068,-0.20383471041631268,0.01863457622556579,9.869342373462406,healthy
5512.614389504168,0.02570785427312321,0.29926770131327035,9.618142581483205,healthy
5517.546963949297,0.09066331160109958,-0.008673341490407306,9.972165042910662,healthy
5522.566860923078,-0.05203440704617143,-0.39090637240343035,9.646701682459671,healthy
5527.594096149906,-0.28263410939365535,0.18573914973541958,9.921658922921264,healthy
5532.493267382243,0.07039550873931964,0.2508637223812952,9.887898039784075,healthy
5537.5196628124795,0.3696454278609711,-0.06268291171443204,9.925743090888218,healthy
5542.49530380111,-0.15229975012344055,-0.19793698785135327,9.787399590565698,healthy
5547.484085751691,-0.3529729724543933,0.1936643323096055,9.71457627244871,healthy
5552.442383090293,-0.011803701004996031,0.18551496885957441,9.744659796969527,healthy
5557.423029095086,-0.0627278055114254,-0.05428517074720052,9.967687517890749,healthy
5562.429501423604,-0.09377695128240764,-0.048853077596389655,9.663613225305383,healthy
5567.375255253806,-0.29953441264937203,0.045874682111846976,9.62569717857749,healthy
5572.453397669877,0.4773608232395901,0.2760224922774142,9.914842159956946,healthy
5577.444999882965,0.1912844099332489,-0.17628682390315925,9.8006434333239,healthy
5582.508876641294,-0.09673494111809966,-0.26565786013078474,9.713822053037225,healthy
5587.535420530564,-0.030419627178049136,0.17475860116480163,9.841463417603658,healthy
5592.528873190303,0.041404631222316385,0.2848944129822734,9.917714651543262,healthy
5597.545564792251,0.1606297078355503,-0.5115346663556526,9.852451112134993,healthy
5602.534524278488,-0.1462129005653021,-0.06908528441365594,9.888824142228223,healthy
5607.524647445176,-0.03574972789003389,0.29588581298073624,9.705816513487786,healthy
5612.581013728992,0.35343981007234243,0.03820764573136144,9.909852492416523,healthy
5617.569412832826,-0.10771251091586853,-0.09688005369902564,9.906647618561621,healthy
5622.643019158423,-0.2153253330977577,-0.0017146523997966373,9.760132297026553,healthy
5627.612168311971,-0.19558570244707363,0.06543210518179571,9.935111305048524,healthy
5632.6355086947615,0.15044186759047123,-0.015081822975870868,9.870996052256423,healthy
5637.627115565905,-0.05021682620555224,-0.3171792828584762,9.669897969137788,healthy
5642.683457184126,-0.49883199259357347,0.028950486717633395,9.690421772250316,healthy
5647.558793602981,-0.20387834460657348,0.19893594736543269,9.802426396859232,healthy
5652.598149491299,0.19236632822466848,0.11719144706086937,9.905358422107186,healthy
5657.549073932538,-0.3336045572282295,-0.2314873338589242,9.843848067519088,healthy
5662.498018758942,-0.1923213098559442,-0.09416718312935725,9.691688328549207,healthy
5667.604023441384,0.18553977268856348,0.21727180215293726,9.791019394209586,healthy
5672.649983733981,0.1999202895157199,-0.09257450570015971,9.779523723292629,healthy
5677.761818459123,-0.190011736139719,-0.20397737067726351,9.886402399565286,healthy
5682.688605409073,-0.17382039571558233,0.02577453182363297,9.619407347027883,healthy
5687.642387886174,0.16228146716613287,0.28268478021165566,9.819820650235897,healthy
5692.607860239096,0.414884842816019,-0.1859113813468347,9.830087254148431,healthy
5697.643888363481,-0.13155416587764304,-0.382657175585382,9.747799119445105,healthy
5702.75383736771,-0.1953967820047866,0.17340947221229916,9.705870220079133,healthy
5707.867549952001,0.18938771306541652,0.0923561072137981,9.90437638150189,healthy
5712.921024696656,0.005192648925222643,-0.20261031818153247,9.861291292775139,healthy
5717.9100252709095,-0.11567655778439376,-0.18585036308728614,9.808243352366604,healthy
5722.955290436459,-0.330748130144736,0.13782646188438152,9.925807875028834,healthy
5727.928228188629,0.19698356122414712,0.16721957999328552,9.850300475555365,healthy
5732.907738252784,0.02562945083715737,-0.2552865729701911,9.786792788917413,healthy
5737.968489865619,-0.3191413364248024,-0.14792440885793473,9.74842129572621,healthy
5742.981770385862,-0.08109407329846152,0.3017963634869397,9.731338937922926,healthy
5748.031689068565,0.40016428507265145,0.022679261296891334,9.85716666355957,healthy
5752.952757033645,0.08005689008288688,-0.04253932298902721,9.834168091427829,healthy
5758.001308227421,-0.2936984728080937,0.079593716906838,9.854246866052824,healthy
5763.07707905861,-0.05897591832345843,0.3129049710021722,9.801844380321441,healthy
5768.0371992966,0.21165860789208052,-0.21502030139789743,9.777201168122971,healthy
5773.046030815339,-0.16374439900213864,-0.2876061803554681,9.759662985331238,healthy
5778.091721594338,-0.2755261779487582,0.07860476001466937,9.714537276109144,healthy
5783.059314403471,0.018778976947584625,0.029248201426868875,9.856629551633564,healthy
5788.013172422388,0.025409778701396296,-0.047389564065793345,9.963520611628528,healthy
5793.054665971231,-0.14080021252290625,-0.12556080516409435,9.624697109989636,healthy
5798.097664441961,-0.20609654148425882,-0.03460162611797671,9.741011986826656,healthy
5803.007669804351,-0.140693397919982,0.24483978887947055,9.733681798495969,healthy
5807.939521601528,0.21515661656436513,-0.1551479750424099,9.797466752722626,healthy
5812.901974175427,-0.05682707583645709,-0.09926834192146133,9.906635842911513,healthy
5817.840294827275,-0.041652549592939264,0.10418047693309115,9.798654756847585,healthy
5822.875413976961,0.23641031012755653,0.08991097601332963,9.741609924733106,healthy
5827.913854895263,0.36146361428280993,-0.058379686906549516,9.78156650188374,healthy
5832.980256587217,-0.3527869598762596,-0.2805841127502723,9.833425204766638,healthy
5837.919566859373,-0.037440457565769525,0.031075513522766246,9.774722350558052,healthy
5843.0051548268175,0.058039234581183624,0.01831237790100626,9.939108320938653,healthy
5848.085414786593,0.04726936097871499,-0.23406116235505092,9.787844608616354,healthy
5853.026916561637,-0.43573801947255386,-0.0027817149922233497,9.960169074821671,healthy
5858.058367488051,0.11322155199872004,0.12469245085786518,9.859145735384631,healthy
5862.98442680226,0.056553893570921276,0.09726546450707602,9.751981546217525,healthy
5867.981964398797,0.2158178551442701,-0.32391585088733177,9.779512294330257,healthy
5872.996211688866,-0.30590060344866743,-0.03578805869103326,9.68868823356057,healthy
5877.95592982679,-0.1678884299620142,0.2746074197480943,9.83856076773002,healthy
5882.937261902889,0.4703725451595987,-0.12617242553437147,9.868118307217197,healthy
5888.096986293523,0.023845391257172888,-0.0919526550409038,9.706631221122379,healthy
5893.172097769704,-0.3380065614393029,0.09386125140708257,9.661131543422947,healthy
5898.198112735626,0.07587835213016608,0.22072926723488223,9.873870568830897,healthy
5903.162164123606,0.2591260858177265,-0.31999386286389175,9.806132100493572,healthy
5908.201520269641,0.11087608008155234,-0.2777598110160479,9.823244327562033,healthy
5913.260085831559,-0.15789728945840753,0.337164243679187,9.80637860183323,healthy
5918.282160164962,0.13712983064052148,0.2396461606277055,9.957661366717184,healthy
5923.386608288856,0.10633646850867974,-0.0559008466630742,9.813125330711955,healthy
5928.314791707331,-0.11043805716406366,-0.2943791097527814,9.797125520076321,healthy
5933.387742830049,-0.21820487701588656,0.1944078070686386,9.861645475111837,healthy
5938.401350950907,0.17346181036512848,0.14648676678836567,9.8107303956793,healthy
5943.488855043484,0.24762688443682296,-0.29155862737744714,9.803726399236194,healthy
5948.472495578166,-0.1522032464589652,-0.08627893994749775,9.818524200589788,healthy
5953.459853865857,-0.1651583448464388,0.21494777745168447,9.639050946346401,healthy
5958.402763858101,0.28580800592884614,0.0314144644735527,9.826900661211658,healthy
5963.331600362377,-0.06029000539744332,-0.026079083226897143,9.874887387801428,healthy
5968.364271300865,-0.2203938220226126,-0.11744504930362766,9.843811742638877,healthy
5973.358569507623,-0.089902089557627,0.3033122658064876,9.861178629259664,healthy
5978.371002368799,0.2543829685395213,0.1140601367954247,10.007194825505103,healthy
5983.37417975211,-0.04195184111445531,-0.24826131928616382,9.828999546833902,healthy
5988.358572676478,-0.1690842288307122,-0.01780445207565085,9.791863902917282,healthy
5993.32297992143,-0.09356018234105387,0.40085643488167033,9.75495083840329,healthy
5998.2845028631455,0.3100730597848481,0.05595590689506422,9.806926015203265,healthy
6003.328540726731,-0.041496181720528956,-0.13666838710614138,9.926517429417682,healthy
6008.277576633621,-0.06999230068090179,0.07389533120259768,9.746606741355851,healthy
6013.324728390022,-0.11771350819314788,0.2194060792297171,9.852227152685515,healthy
6018.317915692065,0.31462966709023454,0.22667808585446744,9.915614687700867,healthy
6023.400559113402,-0.3504725804606559,-0.2528267711727973,9.819021641466943,healthy
6028.395189715331,-0.2685934221183435,0.007801129987864669,9.764300383482558,healthy
6033.497770967091,-0.015246885137452704,0.20919857724545068,9.730624468449621,healthy
6038.473209384752,0.3179602355494944,-0.0826705854475514,9.75195963545359,healthy
6043.540483441112,-0.16936213393169763,-0.22957385743565856,9.715910198921318,healthy
6048.50925453372,0.018205357061903626,0.11958339212886138,9.659473398379973,healthy
6053.420737138306,0.22068226401600377,0.07750167053385836,9.804794147559326,healthy
6058.3014634464735,0.3063143927351024,-0.0019876165051936345,9.96060542566087,healthy
6063.373662142052,-0.43244828817297754,-0.1835479642177892,9.761122630696077,healthy
6068.420268461869,-0.08020035963848214,-0.047257031037794855,9.805860028144746,healthy
6073.463855188228,-0.06821128015296388,0.08530461346833637,9.78290799274202,healthy
6078.569817754782,-0.06798869901227635,-0.05957200833514534,9.815445152990625,healthy
6083.558988834703,-0.2772226115485216,-0.15727357447779763,9.67664661299841,healthy
6088.572385074188,-0.2564983973536715,0.41731565119284586,9.736792346747574,healthy
6093.537765880635,0.3428647722634395,0.07169739165632796,9.933593040236243,healthy
6098.5324412926175,-0.12235877398045841,-0.31598802549906435,9.707083924998328,healthy
6103.522166458065,-0.5070980730698491,-0.3530513883619667,9.712813125889628,healthy
6108.5115597511,0.07000605224232687,0.31698501897368714,9.914246022404809,healthy
6113.547759063416,0.4098750928922307,-0.023466590908277168,9.739537850820424,healthy
6118.547700440086,0.008676932607005168,-0.40537402502374853,9.619942431325098,healthy
6123.500146485188,-0.41827834744564785,0.32974163665551237,9.649981592073845,healthy
6128.432214521085,-0.18401946067662978,0.2968936189058222,9.861955103225604,healthy
6133.422145696947,0.11208896676714847,0.07297009894781435,9.858725173867633,healthy
6138.41157736452,0.14471367578365008,-0.2997099999235082,9.891658873281829,healthy
6143.393057414735,-0.09609405760864789,-0.0800941817852893,9.790649606701974,healthy
6148.26620834376,0.23184052901966662,0.06286097089962364,9.737020100495542,healthy
6153.265271583389,0.27355733787003217,0.08958420985924763,9.855180102480782,healthy
6158.291573761959,-0.4227228756574938,-0.13040259197849235,9.790218087241978,healthy
6163.19016735615,-0.24363291971030698,0.1506930053131525,9.710997143185079,healthy
6168.231576746624,-0.018743832050420767,0.19372264872542153,9.941705527312054,healthy
6173.259510088012,0.17296591723193983,-0.37181060567855484,9.848408580229433,healthy
6178.282331897537,-0.23093950592583373,-0.19277084921406146,9.793932550343511,healthy
6183.255055447581,-0.25467517695414854,0.16692139714665444,9.6959823646484,healthy
6188.303203938936,0.26100795257409065,0.3984327850677968,9.87676948193276,healthy
6193.330297197386,0.22103223736185168,-0.17247552763676866,9.84321113496674,healthy
6198.32985157233,-0.12176463859807775,-0.06741114513164587,9.763507437830482,healthy
6203.318664201823,-0.1378978879085303,0.32378859997126397,9.766485360167549,healthy
6208.327078140711,0.1502602591038802,0.18088271021585023,9.726658209871166,healthy
6213.377358953479,0.14257896142256898,-0.11099732449108683,9.80073258981994,healthy
6218.405853679397,-0.23191858000068816,0.03648824786015606,9.758421169370946,healthy
6223.450289299797,-0.12673448084242558,0.48835722969050077,9.602207493666757,healthy
6228.378634555771,0.3229663895182213,0.0446648084687999,9.82084305403681,healthy
6233.395652719159,-0.010069253270436021,-0.39442935433262993,9.74001371850424,healthy
6238.454447889087,-0.4420215521291194,-0.17073921715065365,9.834802057425405,healthy
6243.478311276417,0.03899218189424257,0.3083540770829076,9.816226893899092,healthy
6248.391677590137,0.3085500244891817,0.15973708601377798,9.859109777558155,healthy
6253.417005196269,-0.012450761350172146,-0.2820546097970747,9.76665452515223,healthy
6258.540993095346,-0.27416757490057003,0.08809432045215697,9.680560607291651,healthy
6263.611375319124,0.047169225719292794,0.06018822205054164,9.922387238219185,healthy
6268.536708720059,0.2671899529638464,-0.039982500645757424,9.941455658338473,healthy
6273.642655734115,0.014321210512726251,-0.26872812352145015,9.902643347433955,healthy
6278.672309602485,-0.3351865844497448,0.21774245246831891,9.787519915483616,healthy
6283.688154612475,-0.043100413345074085,0.28122883314564706,9.748564743175544,healthy
6288.680901324105,0.0334077519149458,-0.26621471942839725,9.956684610279632,healthy
6293.690135263521,0.08948374125686098,-0.23667225313395507,9.771835586625555,healthy
6298.761471207039,-0.3192268216403651,0.15840649128664844,9.828728490160959,healthy
6303.76300068279,0.3905123770368907,0.10067490795413114,9.772515750392769,healthy
6308.811658581895,0.4890446017984904,-0.12145319562296779,9.882877006846435,healthy
6313.867846520006,-0.30561876452468456,-0.3421906427761231,9.79918131524983,healthy
6318.903245094394,-0.10333177984706676,0.20267702361483927,9.858513726408736,healthy
6323.920686525646,0.2872213480913326,0.07476433332242649,9.787006844688818,healthy
6328.913987924867,0.17773949536905198,-0.37722128261627796,9.764659555981455,healthy
6333.967444087115,-0.11796299809278987,-0.002579605760673148,9.790949340371302,healthy
6338.915903549698,-0.1375397375503541,0.15950538434647052,9.738285409072306,healthy
6343.903775745976,0.28233441742576815,0.10883596072635512,9.748854626387871,healthy
6348.8831508173835,-0.04082906127604087,-0.3366990291516332,9.805240289414389,healthy
6353.929597968116,-0.27373994937164325,-0.05383992511692548,9.671660654358103,healthy
6358.887476269216,-0.21306943302607756,0.006795822238680277,9.731691952536817,healthy
6363.8931447419,-0.01236312928104949,-0.05632992208127064,9.868368515445388,healthy
6368.948849815659,-0.002321330168717134,-0.3171580664638938,9.892465623325805,healthy
6374.009607133749,-0.04282212066802718,0.011804567319835604,9.736265711903043,healthy
6379.027789241786,0.010335557152205854,0.3429732035175424,9.783080675206511,healthy
6384.009262487235,0.012329768260331442,-0.17150415016237963,9.901413588348394,healthy
6389.053435572412,-0.17398379070393777,-0.19923316649824702,9.795503999812235,healthy
6394.060603827783,-0.23152198834327473,0.34894230905615375,9.803529916766587,healthy
6399.067284954148,0.00485747555241528,0.35014153074513527,9.824472044824226,healthy
6404.068552320231,0.24326555621948742,-0.22907768896923517,9.990625331447738,healthy
6409.109156677529,-0.08211516489617238,-0.21207981434694267,9.711889266089086,healthy
6414.07865424539,-0.13131159192540515,0.09996392491882825,9.73461818464773,healthy
6418.975591068957,0.027860841683546522,0.1552155972399218,9.690969953946905,healthy
6423.987920606594,0.09410745820952535,-0.11508247016571671,9.810212530814072,healthy
6429.014866330103,-0.08377333788941588,-0.12908000146674148,9.715105940108254,healthy
6433.979322791765,0.02584787302972938,0.18253236283846663,9.747723629545144,healthy
6438.991981040012,0.254226365482652,0.24980251451601748,9.953522708815937,healthy
6444.040361867083,0.036544790530023616,-0.2388619170422061,9.811741070332456,healthy
6448.971435663812,-0.2718031613836926,-0.07048893737403902,9.64120519626823,healthy
6453.966158352297,-0.06267800805433157,0.13671491312929895,9.826656486119331,healthy
6458.93795919211,0.25078435222498763,-0.001644765620067476,9.957296333592009,healthy
6463.863684227317,0.11277399348467404,-0.09377896162209431,9.79979237721329,healthy
6468.796059422948,-0.04397980430456,-0.41468537202714373,9.803529571764313,healthy
6473.777049484676,0.0063300777858746535,0.34634415328013923,9.759824233987787,healthy
6478.887549287331,0.07978253904866645,-0.08484270676416336,9.890125688488052,healthy
6483.900610910546,-0.0857429518927607,-0.35341704007329716,9.707976397743504,healthy
6488.907373021811,-0.2767500577670412,0.07127277212756898,9.795400971992905,healthy
6493.971573553102,-0.1289481203019719,0.22251204394047713,9.882174558143621,healthy
6499.086011774696,0.21421720897946453,-0.22332871727780512,9.810160921387656,healthy
6504.02252246831,-0.2127682761838037,-0.3014069416916376,9.866028959003112,healthy
6508.9625766395175,-0.16217530004089678,0.21361375244386194,9.727781896238978,healthy
6514.011267909314,0.20894259150658734,0.19130960217258267,9.863297472564845,healthy
6519.003309508843,0.17791227085651234,-0.049767033729455415,9.712458541551486,healthy
6523.932149352731,-0.29422219214087486,-0.1778913314495375,9.851761816907322,healthy
6528.915927117557,-0.07661966214154453,0.1784115034541812,9.74666653424922,healthy
6533.887884845429,-0.041940135709584464,0.16461967470038516,9.916771765889486,healthy
6538.902974593593,0.2800410089570697,-0.15053590769911038,9.882434555118305,healthy
6543.910505880486,-0.18528230023173264,-0.24461539123024145,9.765035213817773,healthy
6548.923150183635,-0.4966757245756106,0.15803357735592727,9.822146690297052,healthy
6553.904683319739,0.19736605948135613,0.22031128960151797,9.826986007063713,healthy
6558.82877903773,0.012984815207224831,-0.0958762710240515,9.828828745842152,healthy
6563.874615638219,-0.2018330489079252,-0.09277485598015611,9.881091057132755,healthy
6568.858139501098,-0.06793992060714343,-0.02057196823984969,9.642048469828524,healthy
6573.840919198487,0.13331133981270718,0.009519520021550792,9.806301257719383,healthy
6578.79828595692,0.12228404900493897,-0.24422779875199763,9.807855556438051,healthy
6583.79926114722,-0.2171812694793036,0.12975404585202202,9.727670362182204,healthy
6588.848107071755,-0.10217839854239327,0.13882069465905855,9.658697862410556,healthy
6593.809510409982,0.11535512216960425,-0.045583701382225464,9.717984233813105,healthy
6598.786073941732,-0.0327321590554401,-0.3069521456055227,9.801924714237991,healthy
6603.753462159242,-0.22472472232309557,-0.07668384494336297,9.754292027908889,healthy
6608.720776548254,-0.15062694282936687,0.40617541890921616,9.89228228581339,healthy
6613.810010676787,0.3463328758107207,0.11292477025894675,10.06225291781771,healthy
6618.826014419145,-0.009494357945433188,-0.29536932281589223,9.741839471941065,healthy
6623.7601507982245,-0.2364588139505326,0.08423726669205173,9.823836324766173,healthy
6628.707554538706,0.07514967115141923,0.23902228327233524,9.763477912404687,healthy
6633.8072328505505,0.4245176260369321,-0.005976253910959767,9.903891951924848,healthy
6638.849347988389,-0.26949660896459277,-0.1284180396495539,9.80248301705985,healthy
6643.856824421606,-0.1316926241983939,0.11377151867655778,9.779617269198365,healthy
6648.973882994677,0.15815135210493078,0.41307591820233347,9.843041399382859,healthy
6653.913562984611,0.2480068449429968,-0.024455455950694982,9.713137197083086,healthy
6658.969074184782,-0.15268927195202905,-0.24460653718985706,9.74729874496131,healthy
6663.945055311564,-0.2884798888585322,0.1546511158534055,9.626060850857995,healthy
6668.9628011963505,0.17880021743321,0.19117587179464052,9.834335703235942,healthy
6674.035481196185,0.08567371212166038,0.03440463492550114,9.887349223494429,healthy
6679.071720992559,-0.19374972399353715,-0.13103469717083763,9.771891071776414,healthy
6683.992941270001,-0.004759545935202086,0.04923408174289773,9.866029891957485,healthy
6688.9617192059895,0.22930545721068896,-0.03796040338928569,9.77702606685877,healthy
6693.9377778106555,0.23889305248588316,-0.06114502068640479,9.694111086982094,healthy
6698.992015284166,-0.15012267540502464,-0.11334741716156128,9.649774832724516,healthy
6703.946178965825,-0.24577713436496781,0.3147882576058186,9.73989650551091,healthy
6708.981128176659,0.18283052015251616,0.1598602383547648,9.84767909442702,healthy
6713.986309131374,-0.05918646008330159,-0.10642435882711848,9.989996798473555,healthy
6718.912496910993,-0.07867816161989946,0.0022938090690127547,9.679415765020746,healthy
6723.898314371681,-0.1579825776764731,0.19925556457210963,9.97328059500569,healthy
6728.964154585947,0.11821902494122152,-0.008021591235187125,9.836433200423762,healthy
6733.943578129772,-0.0038963585386433876,-0.15502530676197585,9.758768390270625,healthy
6738.84043847617,-0.3790720375742358,0.2020362738158506,9.840467231395325,healthy
6743.889917714894,0.03967062797814022,0.2800770455700082,9.901277293286128,healthy
6748.836141712275,0.06506985417787786,-0.1381999238265795,9.883605909026588,healthy
6753.8609416763375,-0.03366074334473019,-0.45088158732390377,9.813970487371593,healthy
6758.809686381439,-0.39412667155169273,-0.013468318701305687,9.730356477547438,healthy
6763.774304808906,0.11304147857742229,0.3598972384781115,9.787857098554559,healthy
6768.769474382922,0.3211110287400056,0.003045945275972045,9.792742981008809,healthy
6773.705638926859,0.115552780445109,-0.02830713917646757,9.872755388798621,healthy
6778.747108643388,0.011676442670327192,0.07097426224925336,9.818385377637622,healthy
6783.783581196353,0.09365731150859971,0.2036390775562879,9.696147793263235,healthy
6788.748812508226,0.3307618682193112,-0.1654202429108434,9.810028383999258,healthy
6793.714524004263,0.14644082884654802,-0.34291083808191875,9.947003175423395,healthy
6798.736480951785,-0.15215206866572792,0.12527971158552947,9.92179158554324,healthy
6803.755226856149,0.15556840237243386,0.18515912007491164,9.88817086492609,healthy
6808.74105266601,0.20921349048923454,-0.3485811162421404,9.889263642909313,healthy
6813.8132684916745,-0.035102241844839316,-0.23601778030812273,9.835431923468285,healthy
6818.836751933282,-0.05479947700856043,0.195273370261282,9.660919427535818,healthy
6823.863899658502,0.08597445922228206,0.007390164799338558,9.982128219709562,healthy
6828.892522110346,0.06486155186835256,-0.3929677836517097,9.681026054501144,healthy
6833.904204358677,-0.3464807428158699,-0.17250685550905476,9.880383163118061,healthy
6838.926414732863,-0.3186365824169681,0.13270441254726226,9.838284380660852,healthy
6843.883797274809,0.07404129436981433,-0.002901892098472171,9.84018930786344,healthy
6848.828000514779,0.14531556743604215,-0.3690011015569628,9.921453029447374,healthy
6853.881939754169,-0.17290533240629818,-0.2534597048225564,9.830186360249906,healthy
6858.776254467196,0.037835810770071504,0.1801218984375974,9.777363290687942,healthy
6863.791175829669,0.34704558381414047,-0.1414755141198896,9.860391648583,healthy
6868.848288573662,0.10399412740371597,-0.3206915630717526,9.688184213140238,healthy
6873.843105401074,-0.4396844973328931,0.07626802150497639,9.651665795564401,healthy
6878.798345460657,0.009206461629910435,0.3772424891457031,9.806082283721247,healthy
6883.787506388639,0.21234419059706702,-0.025611387188708305,9.700115266565668,healthy
6888.753940480604,-0.02287005071785947,0.01042174987644498,9.905273340159711,healthy
6893.698898640346,-0.3244773357888711,0.21197812914712383,9.929176374560528,healthy
6898.719518312583,0.07815439586256645,0.3356368838831476,9.912909802752585,healthy
6903.721958090027,-0.0477748564098783,-0.27492802721727005,9.929099018355982,healthy
6908.725800905356,-0.19409868076116127,-0.40597222267170163,9.820174983276381,healthy
6913.7347063477355,-0.4124818025524549,0.026983271459986635,9.758909827701267,healthy
6918.717492310446,0.08474663612420713,0.33947744168743993,9.829830761927882,healthy
6923.715736133265,0.057528808696452105,-0.2999163800375987,9.979983797305144,healthy
6928.74914831424,-0.14720386906396682,-0.15335428335030862,9.788102480048197,healthy
6933.911420023572,-0.25991261259981535,0.2929161261824762,9.688658965181173,healthy
6938.855673054214,0.23662717699998267,0.23481909168404713,9.795512574507063,healthy
6943.827127164581,0.16054838093414825,-0.24122411904458957,9.789619244434794,healthy
6948.853703528333,-0.19242629368690192,-0.1746643375192644,9.84516277628783,healthy
6953.88421588294,0.09167926380330198,0.26404067370816287,9.627805366119945,healthy
6958.84997087182,0.17544462702429645,-0.03852167276681551,9.943164141726104,healthy
6963.811270220937,-0.057448808102404984,-0.30217894657030764,9.83013248241961,healthy
6968.72010427861,-0.06108373653147944,0.02489642608353173,9.675313840301595,healthy
6973.685888602357,-0.2550219084164246,0.15270694931078643,9.94003801816129,healthy
6978.778614353031,0.30950699274070437,0.04229243336568632,10.011615970388526,healthy
6983.82171294358,0.291775957741039,-0.5149207845429843,9.665616757987083,healthy
6988.80894151999,-0.3130601554114631,-0.06418202149617852,9.844254182287258,healthy
6993.8450301925095,-0.03049021474107117,0.2408435139348786,9.980290879814303,healthy
6998.930184227535,0.2267746341827591,0.008651616894162877,9.926129433343746,healthy
7003.95126190337,0.09166170304270937,-0.25201131078101097,9.84797123605491,healthy
7008.940314574303,0.0023111819822425883,0.041294043522526754,9.820322122944882,healthy
7014.003553460405,0.21834192211553233,0.23190626943464993,9.897630511861031,healthy
7019.053636242225,0.2130959988153471,-0.04360253739978279,9.85857995249067,healthy
7024.159939595536,-0.2956139247603229,-0.21303740408235164,9.707993125504016,healthy
7029.175861100729,-0.32388880663025654,0.14427560958395222,9.815727877955162,healthy
7034.15290396422,0.33167235032090214,0.04469816933788451,9.787219371049186,healthy
7039.135531049311,0.0963003947260526,-0.1794726202698156,9.813596492379405,healthy
7044.141519940819,-0.19217446362313606,-0.29833419422131324,9.798624786354146,healthy
7049.186143734418,-0.01412605941818143,0.4758142258563992,9.709829025089833,healthy
7054.166626879213,0.3175326192575258,-0.06673415488694451,9.844895666563048,healthy
7059.286321172329,-0.11310700266459847,-0.20708148571423432,9.745610286968793,healthy
7064.3391442931725,-0.17704381905501484,-0.18671531773086023,9.722592766754063,healthy
7069.418752060283,-0.08741398473650047,0.4085620462209905,9.822806972598041,healthy
7074.441069854663,0.2514072788122247,-0.05145333803097014,9.867612758912829,healthy
7079.4213266329425,0.2920681942440059,-0.10116290265127006,9.686021689208738,healthy
7084.372007957952,-0.08612137643278978,-0.19348776138136667,9.70479822832702,healthy
7089.332883099551,0.3110272612294233,0.3348571368030914,9.727918338449975,healthy
7094.243538167378,0.36146756960792353,0.016986102979373918,9.767422061676417,healthy
7099.224395865688,0.00996584095880043,-0.13393957890932856,9.990028045469309,healthy
7104.29694088642,-0.3534836480117811,-0.044180814468474244,9.853609807568,healthy
7109.336917188207,0.16242770696025907,0.2684288385041916,9.725131879535425,healthy
7114.41848682019,0.24584777801767,0.11480775324295793,9.795444732838346,healthy
7119.415997769178,-0.06964329798026571,-0.1896431331350546,9.88255933703644,healthy
7124.440352405791,-0.3115178725735067,0.13473295547972264,9.719828077822038,healthy
7129.407939674584,0.13428429214390944,0.3354040236164784,9.767856878702577,healthy
7134.367736515044,0.32358443579646534,0.020508979807996514,10.01958234674919,healthy
7139.280859872296,-0.2625348497209228,-0.3158231624533376,9.905103437796514,healthy
7144.288643137405,-0.31725542444898636,0.28511295675595616,9.561340605644602,healthy
7149.27376125352,0.24933931212855326,0.22820971885108143,9.889191687432533,healthy
7154.3413225444865,0.07824204861389583,-0.16775238797192782,9.87388197113655,healthy
7159.346823824154,-0.43730976129422205,-0.15322976468667301,9.737640996028667,healthy
7164.361133444984,-0.15348907989807045,0.2616119231248188,9.691785169702934,healthy
7169.3588182527055,0.18242805863468814,0.2270308340874661,9.967804922827039,healthy
7174.33238693646,0.05199049630398782,-0.17506366468102427,9.773396924807514,healthy
7179.332103941041,-0.25799256650241637,-0.037313294078451076,9.916415619865987,healthy
7184.311349995333,-0.09604948088727107,0.1641059722287332,9.815399420852385,healthy
7189.381386351849,0.31608990069976006,0.16666466465452517,9.84850432619133,healthy
7194.394974024025,0.2663875620196686,-0.2623916920600089,9.73395437153696,healthy
7199.42094393455,-0.29557046960223915,-0.08574709043911166,9.671784233130904,healthy
7204.369707446286,0.016936340368947977,0.18133533789648223,9.806055799516825,healthy
7209.350628386717,0.21234505965344136,-0.018072573788192138,9.764112726664187,healthy
7214.379195382787,-0.11767879082211813,-0.2402926554828113,9.845805485880337,healthy
7219.325771354788,-0.06954117446076036,-0.009830618208714769,9.752116630741499,healthy
7224.323312340945,0.11901842661521553,0.1212131351904126,9.905654492516712,healthy
7229.276851560986,0.1656700039552637,0.0025604131520226454,9.841330643479454,healthy
7234.2533339941065,-0.02840832225918622,-0.17705065530570285,9.965610800565896,healthy
7239.32423512855,-0.3335477836478195,0.049825071340250486,9.72255202910863,healthy
7244.242436436702,0.1908094190472459,0.2638668961402946,9.741735781771373,healthy
7249.165873948354,0.34084179301129236,-0.09065188966582541,9.741811920975106,healthy
7254.077128478396,-0.11653817394832594,-0.5037904996645738,9.786830623571667,healthy
7259.088020738826,-0.3995407317367379,0.10670046764443634,9.773793627944848,healthy
7264.049413763822,-0.044946231321335184,0.35285730232833623,9.874641230814138,healthy
7269.049921500246,0.36925473638392103,-0.07584363294349877,9.925608017906884,healthy
7274.06958391783,-0.3020278439394799,-0.28159518803095673,9.687692462913665,healthy
7279.0274745602865,-0.07793604420128446,0.17761251265135256,9.640563656337699,healthy
7284.002219259418,0.2071735352038629,0.43387224214578146,9.931662575479171,healthy
7289.0106066808885,0.04572785134659141,-0.3596697717488041,9.85581495156666,healthy
7294.02328509369,-0.23747656927510485,-0.02597663818002388,9.711825738718407,healthy
7299.021143726364,-0.1330184851673768,0.20848852046713562,9.962938163669554,healthy
7303.938770226494,0.05673146928225012,-0.009917576689373958,9.78628504178481,healthy
7308.874145629953,0.14953717887969448,-0.4167873752756636,9.868428043448544,healthy
7313.8352977393715,-0.2845322224406558,-0.04216258377013135,9.694657395597341,healthy
7318.894228220033,0.021227227211056965,0.3296463890610464,9.62727067924122,healthy
7323.933376654864,0.40688036536293337,-0.0002688032268310381,9.877843136812341,healthy
7328.930243543779,0.13655352368512408,-0.18874963062617506,9.747700483231537,healthy
7333.9522767889985,-0.3732980592713205,0.06982827656261768,9.77361083222603,healthy
7338.969442744809,-0.11591552874783277,0.29017612897300926,9.857814411105464,healthy
7344.007661848282,0.3330491512694955,0.10163966064038149,9.933252977899736,healthy
7348.975557375356,0.2465576453058607,-0.15431410496720488,9.847442130726337,healthy
7353.982978649365,-0.38120894758503865,0.036527726853371925,9.781667183579696,healthy
7358.983385333616,-0.10478313934597801,0.10855719425584193,9.877811379505255,healthy
7363.965089030846,0.3826079284558567,0.007854651426959333,9.928995800094645,healthy
7368.906296095897,0.1360840512742993,-0.297620225858342,9.847386682452898,healthy
7373.809586422494,-0.22310502792963158,0.06340586286692401,9.760294547168266,healthy
7378.82589827107,0.1471774844748257,0.26312538341650177,10.070609058778262,healthy
7383.801145873769,0.19800781260316924,-0.021798619137784733,9.814363938444881,healthy
7388.783438575312,0.031216146212450058,-0.18120300670436887,9.824312566515179,healthy
7393.8093401105625,-0.3293434748225026,0.07418159296820975,9.794260666014763,healthy
7398.750188807773,0.15822795779687948,0.23993464421610472,9.755297383350467,healthy
7403.743940944029,0.22341498480529465,-0.08506965013163009,9.969202794029426,healthy
7408.742354999678,-0.22547328367966096,-0.1987207735033415,9.720022881493483,healthy
7413.740907983342,-0.3279081171883633,0.048726917053175764,9.90592044196615,healthy
7418.699337982843,0.2303588316126458,0.3111048420166378,9.850620335728856,healthy
7423.717428517231,0.25480013331705476,-0.24019028435615697,9.87168961623475,healthy
7428.6830516043865,-0.10402603013646657,-0.15261113267782644,9.746225992468426,healthy
7433.643264909933,-0.16832786591988924,0.18490241545418384,9.940663828897266,healthy
7438.564536886963,0.21765364258723455,0.23133670242551305,9.794398004502563,healthy
7443.636348096072,0.3726033887932988,-0.10480318166458273,9.847496133970607,healthy
7448.6804837102545,-0.31925989167007807,-0.23683596371996618,9.77555203943263,healthy
7453.6420289571215,0.006468001576324739,0.24759666776667608,9.822750513436826,healthy
7458.623706946822,0.15906380743123436,0.04680106066124454,9.795213039366603,healthy
7463.651376867643,-0.10536259472628565,-0.10804526712322052,9.703972395414906,healthy
7468.698211820954,-0.17514685000365277,-0.21314659032710143,9.655493526488968,healthy
7473.704200565592,0.01567489192504154,0.27758662529983763,9.739263026467942,healthy
7478.734466668353,0.15928794552627024,-0.17033922914584587,9.779554428645634,healthy
7483.674682224184,-0.07866935447083145,-0.08853047628238978,9.823793755306594,healthy
7488.643975034138,-0.1751729990318603,0.08707218121635006,9.866516225979332,healthy
7493.778508759696,-0.04153981967709332,0.18410813978672635,9.727021263582925,healthy
7498.754183047883,0.324109989517814,0.10264055554905549,9.807557607315545,healthy
7503.743919142011,0.06711437782751092,-0.3705027017725083,9.694384949883192,healthy
7508.813944180078,-0.26411325435157346,0.20410587231185334,9.752038127009731,healthy
7513.747742414961,-0.08412056338453736,0.26142403933359587,9.76181659025014,healthy
7518.546510584072,0.42304820416770467,0.053951229980594456,9.76749376512302,healthy
7523.46700042744,0.04207337331079,-0.1624111979787339,9.752222436025095,healthy
7528.40035842495,-0.27719583705203227,0.06034167945596597,9.749866005525853,healthy
7533.485812317789,0.23578923901219712,0.15719431549636542,9.793448205308218,healthy
7538.526790288229,0.39691197416900215,-0.12336500529499952,9.769791392424796,healthy
7543.47587664781,-0.06567507724894184,-0.23988886135681517,9.813601951554832,healthy
7548.519083842811,-0.22547676620968954,0.14460283149412642,9.760848593144598,healthy
7553.445472784617,0.12953700568408547,0.08004656002178473,9.843844944086396,healthy
7558.442548510531,0.08187239395102704,-0.2602643276851744,10.026460232519634,healthy
7563.510451943934,-0.1750444724813636,-0.024042578236155493,9.83504024841579,healthy
7568.471840105336,-0.13548503488088573,0.28380172827915623,9.848063343006146,healthy
7573.415219022214,0.20771931854816622,0.27167128617440317,9.908791017640699,healthy
7578.4131269993795,0.20977624353646093,-0.28167011351364846,9.7836201806488,healthy
7583.480280578737,-0.2231455457405224,0.0844396654751041,9.784779415009254,healthy
7588.452574810369,-0.03962843670220597,0.11187964017022023,9.861417845319362,healthy
7593.468463823795,0.4117550566928899,0.2210679888437284,9.925110775534822,healthy
7598.511484874552,-0.07869648014739887,-0.46810500283389356,9.819612108179454,healthy
7603.456600067421,-0.1394119490281966,-0.1477001573866038,9.66872922257702,healthy
7608.509276927573,0.16592648305405583,0.2659102771460627,9.857811701835306,healthy
7613.471474254239,0.16123635717864587,0.017257287559923114,9.98893274818768,healthy
7618.446042955494,0.3451005705038019,-0.2874163912998432,9.91250356819912,healthy
7623.465291758732,-0.30975356506548624,-0.08675825110222807,9.694396708192283,healthy
7628.408076685139,0.21037404354117242,0.27146156242289443,9.639308626014794,healthy
7633.3851130346475,0.19280426360181901,-0.05111713907929337,9.809735289783035,healthy
7638.409850826966,-0.11234905679194528,-0.33219501954284075,9.873525405824006,healthy
7643.357967477845,-0.37087329934921087,0.23066766325289012,9.827725723090778,healthy
7648.379682508484,0.10683187099147778,0.33758069650768907,9.769830799170808,healthy
7653.52458543182,0.32281461342658213,0.08212261672133403,9.771876543502259,healthy
7658.404183699848,0.027072483057794236,-0.28752596719607115,9.7285621888948,healthy
7663.365949182708,-0.1962345360864319,0.09380650970754698,9.864003458630613,healthy
7668.3352031438735,0.2783004371799426,0.16190544334817225,9.860636732358287,healthy
7673.356643668078,0.13749805265967818,-0.2786283395559111,9.91944535851476,healthy
7678.342379578056,-0.13436518383448467,-0.07631835939037669,9.648678374767083,healthy
7683.319476650662,-0.09284944931713568,0.2737221114229655,9.830104309968675,healthy
7688.329149912952,0.20746981903707637,0.010896352253047914,9.978927923535409,healthy
7693.286669862836,0.08186810609736829,-0.23281712893496134,9.856545770620468,healthy
7698.315890849503,-0.2720987878363175,-0.08763964720656091,9.726829494695489,healthy
7703.353710927668,-0.07557629502996946,0.327886716322837,9.644083778761981,healthy
7708.347700597432,0.09824316890426543,0.29609913817113975,9.780267870639715,healthy
7713.297171362976,0.07716568826133739,-0.11530781817123512,9.862042510477805,healthy
7718.293905316745,-0.2199702927404585,-0.2034310872725074,9.87590070692567,healthy
7723.283894121649,-0.03592551484012914,0.2774998825500405,9.76765808667724,healthy
7728.310708062656,0.23899573454332054,0.13488186216198625,9.890812095131032,healthy
7733.275249786499,0.08164152570097474,-0.10363578887500982,9.816575535663713,healthy
7738.337424826322,-0.3855011251376162,0.0893507317753957,9.959701855960262,healthy
7743.38484744361,0.026631645156199403,0.4549651558320129,9.912125598209885,healthy
7748.400511855985,0.2173255928763682,-0.041729846436330265,9.876641640391206,healthy
7753.478443022621,0.14432728460663882,-0.02114198973144374,9.794589044895224,healthy
7758.535930196805,-0.3673476885672843,-0.021832245572129455,9.777703831475387,healthy
7763.5141580076415,0.11166428778624893,0.3196616623293397,9.816079329535988,healthy
7768.516423360043,0.24531453600209135,-0.009684742714852798,9.720975740828965,healthy
7773.480067476812,-0.14165956170957006,-0.19693896598039418,9.935986900215934,healthy
7778.496040418574,-0.2812153800409937,0.2085044105209795,9.810164002429994,healthy
7783.507795795391,0.2413028796963625,0.019160102200892898,9.81165445715616,healthy
7788.509676184609,0.36152890487080136,-0.1964340780825034,9.840742735517097,healthy
7793.441181640409,-0.07096999297592357,-0.25981636745643316,9.819072863742608,healthy
7798.3545830139,-0.127865389180289,0.1390180353840078,9.724557611147297,healthy
7803.336693586788,0.13838373116989577,0.25652800224196276,9.841930979903044,healthy
7808.407908134576,-0.045528103724873786,-0.34738663570088524,9.976940245871091,healthy
7813.420945091228,-0.27575815270251414,-0.16578291452070287,9.682768651160305,healthy
7818.456326458482,-0.1644052747578928,0.21053390399486313,10.096623371709429,healthy
7823.473027892507,0.3091130160110296,0.3158050346853449,9.742707315448982,healthy
7828.4811936422975,0.12932014137991008,-0.3612934043031206,9.876151813918948,healthy
7833.450193747137,-0.2874698048686168,-0.20668409523403158,9.686673795038674,healthy
7838.479218969828,-0.10394561769354237,0.23695049262827744,9.759083939430468,healthy
7843.544249348585,0.37033846302790774,0.15682623510438232,9.834355954400968,healthy
7848.612424633321,-0.10812308574916005,-0.43955810347385216,9.877458946672002,healthy
7853.598729918831,-0.4350219599729763,-0.21578183043456461,9.672540347087224,healthy
7858.622458747996,-0.09858547501113184,0.26237555441844035,9.798932962674215,healthy
7863.704707832887,0.20588760780973797,-0.29697369451952327,9.792356613712283,healthy
7868.729623086972,-0.09488225906793335,-0.2185090197548976,9.763487827240867,healthy
7873.677930726683,-0.1203189216520611,0.05305671367292669,9.781142842946574,healthy
7878.6856530319465,0.054160612726376636,0.24747468293844496,9.917352227267575,healthy
7883.572173893153,-0.1024745105799966,-0.04339538904994574,9.823673422458059,healthy
7888.656512114095,-0.0009803335280412911,-0.06592373615665659,9.637387867115267,healthy
7893.634664166394,-0.17512429430157142,0.1802578144712353,9.853534991002256,healthy
7898.597517733394,-0.016504271320961383,0.5023013915751934,9.948269788029583,healthy
7903.5971204674215,0.14862847319320366,-0.07554866536404964,9.937069191823927,healthy
7908.604430597341,-0.3905829467496926,-0.16181680525574765,9.7107662486599,healthy
7913.674541975606,-0.29465507493577364,0.18547646732944298,9.85158633969885,healthy
7918.788966683455,0.22932236619276053,-0.04453058327581863,9.872012064942929,healthy
7923.733160172262,0.21639013950451588,-0.20690853990877547,9.962989628533256,healthy
7928.670757902136,-0.2103050121227871,-0.009734452977060049,9.733365763170045,healthy
7933.5963049021075,-0.10294043919323623,0.16022897155475305,9.83260972478602,healthy
7938.596541521265,0.4676507002414816,0.3301556557364584,10.065336962835625,healthy
7943.594004213188,0.11995401413995142,-0.0833855123242341,9.81795923981611,healthy
7948.645847275625,-0.1041326891512024,-0.1520898321391383,9.736414703575365,healthy
7953.57087419194,-0.08305024652350582,0.14771259625136343,9.725331844123476,healthy
7958.580443413843,0.24256639349401218,-0.058964279272784845,9.979863522495117,healthy
7963.5319780223645,0.12239148572680483,-0.19973770468261826,9.959689927392862,healthy
7968.494764959331,-0.1794809204377489,-0.3136552233827131,9.699759391179104,healthy
7973.43366822976,-0.04854526404892293,0.043147596800562904,9.699565329080484,healthy
7978.4136878732,0.26552539636368694,0.023750519354253846,9.871983027827008,healthy
7983.519683471042,0.10908152067256663,-0.4689354310073449,9.755781314032902,healthy
7988.494217635898,-0.1321908374135996,-0.1045880083949755,9.803995102036009,healthy
7993.562923407075,-0.03224731359652708,0.26636887279734245,9.773589248470056,healthy
7998.524772047349,0.3180672885124488,-0.12097088310235257,9.802610297233445,healthy
8003.562538204164,0.14028201799325332,-0.3275906225456747,9.764832055795896,healthy
8008.60241145973,-0.3028572131943275,0.039510631874002,9.795353017581402,healthy
8013.636706252013,-0.028301190153123712,0.41191598496268245,9.761940010759895,healthy
8018.658284305813,0.43913146640531664,-0.17058051139618627,9.833942274609289,healthy
8023.69166818168,-0.170119022284559,-0.0733753578639337,9.884324519861813,healthy
8028.740283010146,0.12305148331360086,0.2150775258897928,9.639382475677445,healthy
8033.698879851846,0.07684665790087711,0.03981159922840849,9.898615068347969,healthy
8038.723046730377,0.5384696169440081,-0.2933939291654767,9.814844725167175,healthy
8043.822348325676,-0.28097226362835936,-0.17869928233885846,9.602521877364998,healthy
8048.9364176924955,-0.10555135158195622,0.07735767664026898,9.65568843779985,healthy
8053.974845291576,0.2813651209974446,0.09413752496398908,9.812935846764962,healthy
8058.968455671818,-0.021727940999722223,-0.05835038982832158,9.892869367574022,healthy
8063.993191883223,-0.2995058055719136,-0.10707085705606784,9.7013004593571,healthy
8068.910206922404,0.13109317112481123,0.4094058350387119,9.816261329006164,healthy
8073.905567778588,0.29172157750816363,0.08346266503234855,9.820863155912843,healthy
8078.896754710877,0.2440481979328068,-0.08687037982464743,9.812872201153402,healthy
8083.891879287822,-0.349723675402401,0.0055024049754993365,9.821343158300353,healthy
8088.871811543777,0.05698542919269394,0.08835410665523949,9.816932345479174,healthy
8093.870786405304,0.28614493089914006,0.33752163616265257,9.872332113943706,healthy
8098.909241981741,-0.028134026439321468,-0.0929013931796421,9.732644615292983,healthy
8103.905331925203,-0.46000941879389,-0.13130396685665532,9.706124701421102,healthy
8108.920421554122,-0.03053074162886245,0.329739016414463,9.736562155437957,healthy
8113.902363901145,0.23039916810588823,-0.05548888615713703,9.730453303729242,healthy
8118.999769993261,0.04188843100483217,-0.24290092396232107,9.917502829577764,healthy
8123.96097107273,-0.18740554038865526,-0.09717774350998376,9.82046043869818,healthy
8128.930323459133,-0.003384191909085413,0.25814708588059787,9.953914370885068,healthy
8133.904359533114,0.19580926325744313,0.001210673684299321,9.773266015772522,healthy
8138.971467671702,-0.14073563934968367,-0.22696220457340763,9.88188897402089,healthy
8144.024060487746,-0.22810043081166514,0.1758290072965445,9.744866265439214,healthy
8149.034080631447,0.22932665148425255,0.28931529813408147,9.855935157814788,healthy
8153.938582148207,0.2093243174807053,-0.3059025095876097,9.810762700385867,healthy
8158.977208960755,-0.23206762767543165,-0.260247569223437,9.807499668651895,healthy
8164.088076333424,-0.022910569670900244,0.27696797185518424,9.864176980039064,healthy
8169.058857156651,0.00373306811734625,0.04516813585771588,9.933571595479991,healthy
8174.09654849922,0.21244505769538075,-0.0631788508567161,9.927385956825935,healthy
8179.131974929815,-0.2389424759996242,-0.30346150507955627,9.722608898079931,healthy
8184.04401721639,-0.11030560724048816,0.2012101825709044,9.825549453324857,healthy
8189.136688201941,0.2856223554151964,0.13072261184947495,9.86231006648912,healthy
8194.160983368545,-0.09658167401422964,-0.325956978817008,9.80893452483119,healthy
8199.240161807797,-0.18678471034543082,-0.21176675462261832,9.643985383938618,healthy
8204.150850965605,-0.10317637650761759,0.24131430176031854,9.63098608333368,healthy
8209.190846466001,0.1840966722047615,-0.04673414140031239,9.92941300329422,healthy
8214.313530827358,0.25638089673363385,-0.1658908034655967,9.832172129804155,healthy
8219.313397814283,-0.38612675852167844,-0.0949349940661358,9.729435837927333,healthy
8224.387682603638,0.2161563783984168,0.1673839640277439,9.818803852601643,healthy
8229.435326024051,0.22569347855220254,-0.23812883208242722,9.94823032249784,healthy
8234.370246570117,0.05247680221601275,-0.036083226068759494,9.854249058578766,healthy
8239.415109496218,-0.32895969222291166,0.3393626391060669,9.75186916500258,healthy
8244.36431994956,-0.1272916481822214,0.28244215812582524,9.80185258047651,healthy
8249.356277185942,0.23796548864698036,-0.11226804855969741,9.854447204205314,healthy
8254.298972159317,-0.11820347796261012,0.09238687644592633,9.762385414218537,healthy
8259.337587618866,-0.23421930165616542,0.10947073740964747,9.775559736877751,healthy
8264.448518398043,0.170611271855661,0.22292356463626978,9.933579595908627,healthy
8269.474119670556,0.1494121177483297,0.07662829998556259,9.943755038871695,healthy
8274.49602125154,-0.24519087409041707,-0.12604731416715684,9.748989120608936,healthy
8279.468200529047,-0.3747230326420636,0.13043036056836854,9.748355287184342,healthy
8284.507518347496,0.13033439045452036,-0.046736166293854714,9.905345927391062,healthy
8289.518014112358,0.23866359731473885,-0.27710532722655523,9.812575148336139,healthy
8294.615970475226,-0.1273878794245466,-0.08288538701148765,9.809990187140428,healthy
8299.55306815776,-0.17797754915261804,0.07594821187929124,9.78558961399548,healthy
8304.580088557403,0.212862969134978,-0.05543186987702828,9.780964761375193,healthy
8309.563285856817,0.17757291110958393,-0.14693759699331727,9.944585046021393,healthy
8314.589250977428,-0.18526648998347522,-0.07356919321448158,9.688985982875067,healthy
8319.682165211703,-0.23567271176136828,0.11522549865167273,9.730934550344124,healthy
8324.66704557618,0.3639738542116891,0.04688946729536704,9.916103033282575,healthy
8329.62508797689,-0.002036662156008253,-0.10897206409946963,9.705403510311541,healthy
8334.60741711791,-0.3020028651961346,0.10972274909523902,9.697461145181,healthy
8339.60508207796,-0.024151718620669414,0.3273527950592326,9.82654384032134,healthy
8344.591261981906,0.2533707330865356,-0.00988955816554496,9.893337205500913,healthy
8349.503085554992,0.013022562412126643,-0.269512292472539,9.671844242686433,healthy
8354.474228024392,-0.37076723930332794,0.053987165844000956,9.69419974444087,healthy
8359.495664226679,0.11448761090897797,0.28066332189951754,9.730505621268478,healthy
8364.493476808353,0.12290145966936573,-0.17145641241192047,9.80179845955909,healthy
8369.470510219135,-0.05272267147513546,-0.41483597334058875,9.879434087368343,healthy
8374.445072946784,-0.10233399846716704,0.09493952792779277,9.742995650451359,healthy
8379.515554030495,0.1810594629127179,0.12994836206686228,9.79059973605185,healthy
8384.49125802458,0.29452828501512873,-0.17211913071609874,9.760401350170026,healthy
8389.535568805599,-0.1097552412661508,-0.21619722417279605,9.777137053739308,healthy
8394.633041604184,-0.1564545447670449,0.17360429015032278,9.655361466124125,healthy
8399.678240708738,0.13530877367556154,0.21398338744396092,9.737773574585397,healthy
8404.692058407198,0.2614765550986062,-0.44891227766734754,9.806052364665613,healthy
8409.692359640012,-0.15844693433374274,-0.0693029032474903,9.79137164227443,healthy
8414.705321255546,-0.23402707889119617,0.31280370667322355,9.735294773935433,healthy
8419.753597188512,0.30154899986631156,0.10759893609207698,9.758640494296762,healthy
8424.896309119695,0.062388131391010536,-0.05933583872826767,9.803436965496386,healthy
8429.902493655449,-0.5111447144391559,-0.0979275666623769,9.566937250493028,healthy
8434.834616222188,0.018133348993939258,0.4356037302442901,9.761736945479726,healthy
8439.848884198711,0.2184812597502654,-0.20120455152504982,9.797863142750238,healthy
8444.767293100584,-0.045324270936681225,-0.27283372055597777,9.801007650455448,healthy
8449.795116334471,-0.12168987318741276,-0.08039657860132772,9.779402654653293,healthy
8454.857461862752,0.006049741183879506,0.43803552533557777,9.927041581812967,healthy
8459.927819341598,0.23028029067834743,-0.0001294613051467334,9.835652191459765,healthy
8464.935878772076,-0.13250214139674524,-0.11571183252647735,9.790507630519597,healthy
8469.826909142039,-0.2492602757445667,0.03848770492467996,9.773924935324706,healthy
8474.751691291309,0.19931091538072732,0.3217630567345833,9.85918045765929,healthy
8479.698864219466,0.37340168242171157,0.019303936826607138,9.851426781689986,healthy
8484.709622955412,0.032651325458174785,-0.18125812222848728,9.830275217709687,healthy
8489.727978953846,-0.20153406267840498,0.10033906601138463,9.820697773433773,healthy
8494.723338953234,-0.04966325436362157,0.27349825097792596,9.81238760786724,healthy
8499.746992243228,0.15999981099545074,-0.11911442901933447,9.849869125257255,healthy
8504.727771893735,-0.10505557518543995,0.023627886625715244,9.799499776974129,healthy
8509.754285397394,-0.2917189326778499,0.15875586847689838,9.821913317981494,healthy
8514.714103475539,-0.029021593519224648,0.2888836687468799,9.96825426867666,healthy
8519.63687713158,0.3929185209880244,-0.1490861862215346,9.859824133880112,healthy
8524.56937580624,-0.13298794966720223,-0.11395509162009859,9.715307849698391,healthy
8529.582949340465,-0.17349051926019707,0.18990733340767577,9.775662189360563,healthy
8534.628629728453,0.3313550768720067,0.21679379711746866,9.908055225791706,healthy
8539.586814933207,0.14627370912941828,-0.26632319052682735,9.903311978555507,healthy
8544.612101421139,-0.15167642142538248,0.07827504643205044,9.869257532432833,healthy
8549.679062231658,0.04040171637399671,0.08575949964928636,9.697128623871059,healthy
8554.63967923336,0.28701050139219114,0.05624350086559391,9.840205046003426,healthy
8559.62581426069,0.03463763934197701,-0.36304303395738824,9.750049559976107,healthy
8564.668195767194,-0.1782845297862364,0.0836079015601173,9.77047053789691,healthy
8569.783947968539,0.011522350875891922,0.3009875459777035,9.719874677770171,healthy
8574.789867222356,0.49758642999566705,0.10337822281663048,9.922483986816019,healthy
8579.714363796502,0.049167070271573604,-0.14582831772182403,9.781681497405105,healthy
8584.79904573161,-0.356545809795789,0.05242396493930169,9.876655646619495,healthy
8589.755273070543,-0.053143039927294425,0.0894701011321663,9.90877297620278,healthy
8594.763037174554,0.30969962313503074,-0.04502100197602886,9.73333470035593,healthy
8599.784740226763,-0.36574336493627385,-0.25785644346145886,9.803590174265691,healthy
8604.761884268726,-0.002148613110475761,0.19901790096548178,9.818886730364676,healthy
8609.766957987518,0.010937519934954704,0.29150971403122145,9.828263206851275,healthy
8614.752075635963,0.11087388406010404,-0.37747554643402226,9.987013660991678,healthy
8619.795100275813,-0.06629753904580644,-0.32598534425480963,9.80522299318715,healthy
8624.779358292275,-0.1663518303477963,0.10694961671549025,9.861861568707496,healthy
8629.808358783648,0.13483006423273944,0.07614216994737003,9.858237707270035,healthy
8634.7212855906,0.3180054928092927,-0.27905771955082265,9.895282965309534,healthy
8639.54929251835,0.05807249938503367,-0.17502752011316391,9.73560025646237,healthy
8644.464523012773,-0.3231043934258726,0.2758112827451966,9.840737776064211,healthy
8649.513365153582,0.10403006705141056,0.4537284054206895,9.866610955610135,healthy
8654.463215142465,0.3526699003861041,-0.08223718911836497,9.854048035355241,healthy
8659.439204479102,-0.1372593770983654,-0.0340948468885352,9.702651365211004,healthy
8664.42904462137,-0.13515900281782067,0.1959998509856225,9.890960440396704,healthy
8669.350035350717,0.02304385489835281,0.007516993824780105,9.696138086799715,healthy
8674.45704496302,0.16607486146887804,-0.3475841599080076,9.97822739034646,healthy
8679.544569605174,-0.23734137660000482,-0.08978028113573493,9.718424777115482,healthy
8684.619152557245,-0.3371503513946547,0.1129914311208171,9.868884191949423,healthy
8689.704312702153,0.2638128769864834,0.06645162206728289,9.79522065597078,healthy
8694.624161075688,0.1487319223139962,-0.2554195550219679,9.970846722033984,healthy
8699.611426025469,-0.27038409359899984,-0.24667961919662856,9.678674834310817,healthy
8704.55163996876,-0.04025810908951479,0.3662194566133757,9.786060557067005,healthy
8709.626664503528,0.20737935987405592,0.03480632337936518,9.98436299474709,healthy
8714.601399240688,0.10423025067040688,-0.2885214631067495,9.70421345806838,healthy
8719.540745927388,-0.45946309235864025,0.07341852792740626,9.77943932502669,healthy
8724.415026489889,0.20311383883055145,0.11935046086002155,9.796670836085546,healthy
8729.43103094674,0.3274844148777376,-0.03817509420929685,9.84426733745303,healthy
8734.439065005225,-0.06548124711634266,-0.19653933501321932,9.877291231336851,healthy
8739.432358962269,-0.025104408766115638,0.1085224921172715,9.812972888354064,healthy
8744.451331145714,0.2639750788639143,0.20599224464493837,9.843111544070641,healthy
8749.454303157489,0.16233015195290135,-0.056788041334889176,9.918093969217844,healthy
8754.367126188261,-0.05044809071444601,-0.09229359492970976,9.81658520117616,healthy
8759.38897803426,-0.14635531419765374,0.08857752890494255,9.839390875855104,healthy
8764.28933951643,0.24610207129703743,0.28310322050552394,9.773106044540077,healthy
8769.254680361737,0.15694675971330188,-0.005759309871038398,9.965980776500501,healthy
8774.351999964327,-0.052087786535709585,-0.30950695892028823,9.851395368337899,healthy
8779.31344474477,-0.18157917827480444,0.13259690935944757,9.669062192516401,healthy
8784.397033327188,-0.0007478222320425887,0.14724822203325116,9.896642880045924,healthy
8789.417135180369,-0.02033846068114803,-0.13036411276027843,9.702964074573396,healthy
8794.382272512703,-0.0872652487263477,-0.07979244065519266,9.799551647965115,healthy
8799.363514100123,-0.04808131008620847,0.33393471399339997,9.77658565551453,healthy
8804.336279693784,0.12069647953152451,0.09258148780293238,9.826153789361785,healthy
8809.324534264506,0.24153445251291022,-0.08818058216856672,9.838241973958334,healthy
8814.311319265762,-0.3028965714489318,0.04755323854718441,9.890309849968215,healthy
8819.34146420947,-0.09378133200325359,0.19970331253909296,9.769138737867562,healthy
8824.373941212783,0.29861436928627594,0.14979238508700404,9.858184741457812,healthy
8829.41252547341,-0.0033536206513933298,-0.3287301836132302,9.76921176374387,healthy
8834.4045255308,-0.15107312235270365,-0.13392062593671009,9.759864203622719,healthy
8839.397192106953,0.000809750407576729,0.39486749798996357,9.989273523434207,healthy
8844.412962694043,0.21168233229089664,-0.1100067996505506,9.930908315274342,healthy
8849.40338182217,0.05600738283013817,-0.32630056432885907,9.890101443006168,healthy
8854.508628753689,-0.3671765245249206,0.2076443565280109,9.675247101194481,healthy
8859.48495687521,-0.03659524831727352,0.12138802763570082,9.853068736012556,healthy
8864.481235518833,0.2046854974278709,0.005163805540570096,9.897718211371211,healthy
8869.439595977337,-0.27537210902075937,-0.17395384673770786,9.691822504301998,healthy
8874.38042567977,-0.16155127184021845,0.14390878963618103,9.57800678725181,healthy
8879.33995247496,0.0823288104714728,0.1546508068618772,9.894241117612129,healthy
8884.276166132673,0.31386281637437086,-0.016157439291045878,9.98197089384686,healthy
8889.30876385969,-0.059474119022199096,-0.04792765378535041,9.696399411353154,healthy
8894.327230345387,0.02087135867427503,0.13899084942476997,9.822771430907135,healthy
8899.333259056877,0.08701743980365499,0.13916067610743088,9.749901019122476,healthy
8904.301439265677,0.14809807375949993,-0.2176402654387679,9.878612103334447,healthy
8909.295739118457,-0.3151107050268018,-0.1451529227952528,9.706312583393343,healthy
8914.277417990112,-0.04571581980417057,0.07778738252972249,9.68727170082617,healthy
8919.254406773298,0.23555863154914322,0.1792719913188221,9.820833465393981,healthy
8924.322379167323,0.21982485209142488,-0.18291210094546378,9.78556498704715,healthy
8929.45010186679,-0.12397298667706139,-0.17530081954406473,9.706030860726525,healthy
8934.419015928168,-0.12495670184448267,0.2530133191600117,9.832607502642738,healthy
8939.431601385711,0.32962057012870694,-0.0570288561900191,9.891107921410473,healthy
8944.497935124158,0.087780334425316,-0.11405340948627524,9.898309486114305,healthy
8949.601738805975,-0.1812249239493407,-0.02428089374942031,9.640706011818644,healthy
8954.682003265636,0.08357949758429102,0.3048580513541895,9.842835492800956,healthy
8959.724378326966,0.3534985082854619,-0.012015957918926644,9.779829715179009,healthy
8964.744927873677,-0.06374343179996217,-0.2192582035102736,9.757789640038293,healthy
8969.746291932153,-0.12476224507626878,0.010310001297459164,9.699400097273015,healthy
8974.722793332396,-0.003660079713930134,0.2941592465003926,9.923626078560726,healthy
8979.730066952374,0.3011941380093643,0.00590527438522534,9.894241968763266,healthy
8984.809464152375,-0.03151001912868695,-0.2382382887882097,9.798356602597279,healthy
8989.781240884487,-0.1359252446991101,0.013599971517995163,9.7730743984203,healthy
8994.857973447974,-0.09988564858048377,0.34966980222605426,9.703796512918588,healthy
8999.879884228609,0.12556310391550948,-0.05752708317275791,9.914258522062921,healthy
9004.864602525682,0.05401643087471969,-0.14098343235200697,9.697778956355592,healthy
9009.869125940992,-0.249989593449971,0.014615416605317177,9.723832324250647,healthy
9014.897761003305,0.23466507788060867,0.02698340306764191,9.799370570645959,healthy
9019.88207431053,0.37712134327175995,-0.24508934719515357,9.758033285730498,healthy
9024.940711601113,-0.2030725296090409,-0.08627473201991769,9.790823985275846,healthy
9029.979524253913,-0.2705642579855009,0.21696338011011893,9.88538083374853,healthy
9035.012604153211,0.26531581324961007,0.05494639951340978,9.930472586671293,healthy
9040.133203855095,-0.14288325243541794,-0.38184059482593635,9.921197181414296,healthy
9045.148573790042,-0.3224101771287139,-0.2504742266828055,9.814892252237561,healthy
9050.100956062603,-0.14832175333777042,0.1735126013897036,9.786074189622026,healthy
9055.090917029944,0.252831729102256,-0.038380348782135615,9.819892383713114,healthy
9060.10769776986,0.10460300150032545,-0.3169208570864234,9.760490124966253,healthy
9065.13408298308,-0.16776264344283265,0.14410416588258676,9.791342823868439,healthy
9070.142084478408,-0.10316992630143788,0.1226332314234207,9.881130092098392,healthy
9075.148010449357,0.3305859124728102,0.2112326505427335,9.850580293140403,healthy
9080.156302382313,-0.14526700934057563,-0.0022649050271497106,9.802185489114152,healthy
9085.18316330688,-0.16560592256080084,0.28527315460779307,9.740667977723144,healthy
9090.11495009584,0.17758445635842807,0.22619292622928475,9.753616795537573,healthy
9095.05025000447,0.14565435833352397,-0.3391948673292412,9.768040756138957,healthy
9100.085550734535,0.0008146434919821671,-0.34556068109045207,9.868632480314876,healthy
9105.092129407678,0.06132067973620814,0.02606086175541098,9.734203134892335,healthy
9110.120327191475,-0.00780377605261344,0.1640185862810168,9.772827220294044,healthy
9115.007880072262,0.31352879893441754,-0.25394153892206084,9.866389971839787,healthy
9120.043223089535,-0.04188828421402589,-0.15802978197121528,9.786942396501352,healthy
9125.12027346809,-0.05944991489323376,0.1715903433740713,9.828886283212833,healthy
9130.115410483008,0.011989339998322579,0.2087994999489585,9.732206919993999,healthy
9135.097045889583,0.22882780290860982,-0.2169422672843491,9.865529878815849,healthy
9140.17762452582,-0.29597082602336866,-0.320991746133787,9.800497444049594,healthy
9145.152941768123,0.07237347768452451,0.13566169684435936,9.702099891903682,healthy
9150.16064523648,0.14357548085682306,0.08088208198911953,9.888302387203453,healthy
9155.119749770563,0.31853450387538806,-0.3390739512817499,9.813253254287348,healthy
9160.162715368135,-0.07593545186162817,-0.06537248301516177,9.761120280911271,healthy
9165.116127617017,-0.20156308050924726,0.03028104400928766,9.86937297333727,healthy
9170.120955289945,0.025853449506608478,0.13815952722134037,9.781462568812534,healthy
9175.058560494186,0.009992044550165877,-0.2531370436093696,9.879401975587935,healthy
9180.063278119565,-0.2843008315564269,-0.042533010285508786,9.764826069378886,healthy
9185.124204594997,-0.008332432486671149,0.15017515082269678,9.751971833348106,healthy
9190.156547824532,-0.01640200675324016,0.032751698910836784,9.868211317060371,healthy
9195.13444169215,-0.1702982323015019,-0.20549914215496143,9.746832503611856,healthy
9200.183241814784,-0.23009193068095846,0.07026387731354475,9.761649202384952,healthy
9205.206469502822,-0.14732940899525632,0.285906809628041,9.718487436555934,healthy
9210.180125676234,0.3468039100186317,-0.10262830397743221,9.792529452687827,healthy
9215.132535861017,-0.016958434526878688,-0.1599228921282216,9.706757260591836,healthy
9220.093618800518,-0.4439539749157647,-0.018287766173885812,9.582436663109362,healthy
9225.084364191554,0.22243152905277994,0.15304218231025263,9.761188137761497,healthy
9230.114457615995,0.09592978147624937,0.0809156306195186,9.964761070123767,healthy
9235.069031122819,-0.1399934557249135,-0.3349208998686229,9.926857687983082,healthy
9240.038171588927,-0.17566757400306293,0.25089852807977553,9.807095191406692,healthy
9245.054559164135,0.2612391016475514,-0.05906704778102859,9.837108837989197,healthy
9250.166086564712,0.09616676175201351,-0.005158510716036013,9.914248346444959,healthy
9255.166395674756,-0.38345722994903775,-0.13533765529737082,9.757861241980367,healthy
9260.186110730738,-0.15178770283769277,0.2266135519518622,9.717254702098439,healthy
9265.213810524772,0.3122332446957088,0.1398369418315025,9.882286048009155,healthy
9270.243548697294,0.2117666151393035,-0.04348585348292386,9.849546148429809,healthy
9275.186150070267,-0.48379335921268746,-0.05165020596049706,9.751374410153515,healthy
9280.206123515874,-0.20267671273303642,0.32764600231999713,9.864599735346818,healthy
9285.256764368387,-0.016158800367779114,0.18372761996547962,9.694127535414836,healthy
9290.251583329677,0.15982745921689756,-0.1574202435803576,9.848088922287701,healthy
9295.08432709214,-0.11873524570922728,-0.13742586327019118,9.68452241117875,healthy
9300.140198970923,-0.024744822584757076,0.00983681762914923,9.768426067918861,healthy
9305.197063928632,0.2608829467493316,-0.07455629958523612,9.730439667063955,healthy
9310.226154335627,0.11255255685693952,-0.08367844310943698,9.877343343114664,healthy
9315.284696632776,-0.11306714078894067,-0.03500027443799202,9.782969208761937,healthy
9320.317575142384,0.15232879345397152,0.47165675418132236,9.715066838972238,healthy
9325.250167880915,0.48342812539937596,0.10808790610343083,9.908073792966155,healthy
9330.234665463971,-0.07050796885007601,-0.11225358577596614,9.951625585433455,healthy
9335.293427560246,-0.3738285610084612,0.13563334814362457,9.833128256977485,healthy
9340.291021915942,-0.18275891620082713,0.14343457871151355,9.756085584054443,healthy
9345.258843287971,0.09929328016811836,-0.07896893381278934,9.96818790993536,healthy
9350.268457208762,-0.05903564963486411,-0.0641189647171348,9.765376008757759,healthy
9355.362512317808,-0.31837231530425525,-0.025812155316806654,9.75417646035801,healthy
9360.382705316111,0.3881237199257711,0.18898397261694586,9.740136822925189,healthy
9365.46001967723,0.36852045934774114,0.13430930661714566,9.686438644566742,healthy
9370.361608556634,-0.17879895980042437,-0.09233807703539318,9.74412537396038,healthy
9375.363859534727,-0.2426924421939291,0.3068858301081461,9.791633425997636,healthy
9380.382055444705,0.19674205410508794,0.17969346117720128,9.85168033728128,healthy
9385.33762997899,-0.0032097249127236993,-0.2279201451838913,9.876835936966412,healthy
9390.412585519365,-0.3124985797405668,-0.09356154268841493,9.81146931813384,healthy
9395.446567682584,-0.15273806584069274,0.2078407867476357,9.914109989527594,healthy
9400.397632180113,0.08799134927264224,0.12515098688475026,9.996195262992734,healthy
9405.341462493298,0.024116007481683396,-0.10108077148696568,10.021332608139423,healthy
9410.354471241957,-0.06734832532747731,-0.12231393655227325,9.796814333748708,healthy
9415.320419013215,-0.21048905834917775,0.3284272961131814,9.741653489791378,healthy
9420.345638814704,0.14118485112054166,0.2612654809249283,9.847322423589475,healthy
9425.320150264552,0.1126605159221157,-0.062059729480692744,9.854654063288216,healthy
9430.270830602865,-0.3680969571578255,0.1088186924830388,9.740869025424958,healthy
9435.27409446555,-0.0484002213552919,0.249924424647359,9.714520374175331,healthy
9440.2199061108,-0.09813104789827062,-0.1023534449058815,9.947337638622447,healthy
9445.16859822514,-0.13054416738860397,-0.3391156461874175,9.81984269113271,healthy
9450.155702319027,-0.3653863338219985,0.26318853085645855,9.602545616024665,healthy
9455.106257907197,-0.18446897347717808,0.36316979267198335,9.750896977303295,healthy
9460.09867348803,0.5142944273102625,-0.12462811478656999,9.848874406220704,healthy
9465.038917726655,0.15124278694945942,-0.16316728901867986,9.833274100707227,healthy
9470.016971378247,-0.17089350350297172,0.10113132317426655,9.75457214090597,healthy
9474.979319920687,-0.1959497779074052,0.399114137251524,9.834356523197156,healthy
9479.967042749036,0.36392627047116516,0.0030605871508905813,9.904936579139052,healthy
9484.929452719452,-0.1307806929518957,-0.3230702266856461,9.784905539903848,healthy
9489.965550638983,-0.6567749513458805,0.06668539459738468,9.75720404822036,healthy
9494.988312215566,0.25272906197366096,0.44684528803347867,9.834622193770983,healthy
9499.985247136681,-0.06944016310653606,-0.046548318762171734,9.893632130134275,healthy
9504.994525374248,-0.1733845010110385,-0.23496032630362873,9.7824322631438,healthy
9509.955692486881,-0.055227705862282955,0.26707772425480303,9.705653253752637,healthy
9514.941318695463,0.19483652028693674,0.20080390205796506,9.688440804990801,healthy
9519.947718186322,0.04888052120654966,-0.08142527336181489,9.744543253353541,healthy
9524.854830610711,-0.17880024409458836,-0.1603733269012153,9.80765146954002,healthy
9529.847784490774,-0.19874342863273403,0.23103735381063684,9.850498179755975,healthy
9534.854941785152,0.3216977181916948,0.24270013580594085,9.930965911627668,healthy
9539.812703188267,-0.088287822201956,-0.16057734248540156,9.789498790171164,healthy
9544.798106419466,-0.02734062662925285,-0.3047620504607337,9.679440980886058,healthy
9549.7349671315,-0.049361492462686216,0.02603431066037462,9.649961825860794,healthy
9554.767990735627,0.21825095873331532,0.1296262752401075,9.823581545478813,healthy
9559.766862486242,0.0895484394113425,-0.2770380994286987,9.882610859657719,healthy
9564.798123559183,-0.35717665403053184,0.02974259094985169,9.87011244099045,healthy
9569.75090522394,-0.15005186924402136,0.25857518794643625,9.911097625496755,healthy
9574.704167129463,0.11121785532695194,0.2386907036535482,9.880932667481536,healthy
9579.754481935424,0.20545379167657657,-0.09867445948122111,9.822774736027002,healthy
9584.84052910231,-0.317580525533688,0.04291584973360002,9.748523667633217,healthy
9589.884933389538,-0.07278716247926928,0.17793516420983613,9.93799596969172,healthy
9594.881002968641,0.23343735513937064,0.048356424506141214,9.804889876476405,healthy
9599.862952423979,0.03508357508973526,-0.1167303334488485,9.733358127091407,healthy
9604.845456990728,-0.33955138499441917,0.06288070369484641,9.850889507261616,healthy
9609.907965741579,0.14316765311524524,0.3936270357088021,9.833665700722092,healthy
9614.879356842253,0.34767665700383293,-0.09594001178314973,9.934761520596062,healthy
9619.909814641927,0.08732760730287789,0.14844585547226158,9.678484979868335,healthy
9624.942105202403,-0.057990356741183,0.35811902397585316,9.93705958867128,healthy
9629.899328601034,0.13522378325532994,0.41843812801297786,9.813650801848501,healthy
9634.846504897529,0.2314645828665883,-0.16138109242315601,9.78849665700898,healthy
9639.894311805003,-0.2406430564596098,-0.2767106102807429,9.771954285581812,healthy
9644.864420291251,-0.16554531986331558,0.39910280102838935,9.899245826224757,healthy
9649.838403332453,0.1331196915264132,0.15177555940667897,9.693132152253014,healthy
9654.866654256502,0.23183798375085202,-0.4064540639165321,9.942671960543645,healthy
9659.89715561055,-0.21497748122805208,-0.27960772600281536,9.810296097654984,healthy
9664.965862420077,-0.08025232273279403,0.14008934663802863,9.777943152453988,healthy
9669.91931791853,0.07272242391973924,0.0667899415459737,9.927536391668415,healthy
9674.974943228815,-0.03374384942291822,-0.33479410793272857,9.632540911325268,healthy
9679.961398786578,-0.14687365307143319,-0.07401963754656236,9.73039437515468,healthy
9684.952133238728,-0.14325294242911502,0.06832650379418403,9.70458936681425,healthy
9689.938943947323,0.2675067693878079,-0.021912111549465138,9.883509492815099,healthy
9694.94177882727,0.14775342109226255,-0.4910595254152659,9.758502997891524,healthy
9699.981012038865,-0.05541300854814782,-0.04400341172392431,9.679804261889805,healthy
9705.052202886316,-0.19864096774224999,0.1998585012219417,9.903066061576714,healthy
9710.056415161169,0.1913260517332454,0.04473671821365127,9.910691041201067,healthy
9715.058647981185,0.07299739298539934,-0.4027793217568647,9.925716230590503,healthy
9720.073580579108,-0.3380806250110436,0.2921533538024944,9.752333423550464,healthy
9725.091513623298,0.07067816649710364,0.22364326001472895,9.968467867334049,healthy
9730.03278982924,0.03194928542812808,-0.09667861440531943,9.905380837957006,healthy
9735.111126298398,-0.04565279436023066,-0.2349319338850109,9.819630669087038,healthy
9740.183667017856,-0.2780941145441875,0.2563262303355681,9.724504519218597,healthy
9745.2288280657,0.1242214590207818,0.2548168370577918,9.70176946899192,healthy
9750.311092506689,0.08475502574202337,-0.1532180770767647,9.92733131095435,healthy
9755.266650041222,-0.18621009449273818,-0.17802881831638817,9.825261806163494,healthy
9760.158759168982,-0.33911778833476314,0.0032016149265248206,9.735429915103643,healthy
9765.159654855968,0.18916997602734092,0.2216784063018593,9.996743999712493,healthy
9770.168216586753,0.1699304780872362,-0.25170034955178555,9.919665497823036,healthy
9775.239298837132,-0.2491851663562711,-0.32985337027505757,9.847544385326819,healthy
9780.214527329006,-0.15884094774137916,0.0026933774421555867,9.739669930602663,healthy
9785.142693079892,0.29081504519647305,0.1994985956354628,9.859483399861022,healthy
9790.128054669756,0.089447085673318,-0.008425327572836816,9.890333058236823,healthy
9795.113308985845,-0.05262735175297484,-0.10059530977478091,9.80571329340278,healthy
9800.10446190155,-0.14366931104009178,0.14319471392611827,9.779745497974625,healthy
9805.084378684036,0.22070091137749087,-0.10777390197597243,9.81740352657792,healthy
9810.14039018019,0.09389941780545111,-0.05508305877321576,10.000392999117937,healthy
9815.098085216385,-0.3658928906096983,-9.872161548747649e-05,9.809498861155078,healthy
9820.10446228493,-0.08409723844387736,0.30212236738052056,9.737098780702594,healthy
9824.995682941964,0.31520645826817517,-0.12426174000163497,9.802015515106072,healthy
9829.98548839387,-0.1866723105808169,-0.21912037433232684,9.729844844605594,healthy
9835.043355216865,-0.32059274474452154,-0.031617362355137624,9.759386083844502,healthy
9840.081300341377,0.09669578914686988,0.22357166545551493,9.764144772936937,healthy
9845.110184389057,0.32954954071977544,-0.30635900193917326,9.810888348009136,healthy
9850.102911538579,-0.2424387216105654,-0.1503730952965357,9.75979461366736,healthy
9855.121632121105,-0.3167454625975442,0.12431364084995769,9.655669527919176,healthy
9860.193422106016,0.18488069493900933,0.405602014723924,9.788405054950196,healthy
9865.220768013136,0.022429517776027807,-0.2734901648206338,9.964837528076274,healthy
9870.235329409523,-0.08594191928214229,0.09714516737455076,9.863139630731578,healthy
9875.174325820493,-0.18000324908004478,0.004862766448486461,9.686919752748215,healthy
9880.199961518541,0.5030582000583141,0.3600366022390814,9.864616197801348,healthy
9885.276684860472,0.10873643932883292,-0.24202442474773678,9.80962542696535,healthy
9890.315703903878,-0.03722249079451037,-0.23878607397621715,9.81267936067631,healthy
9895.33744623612,-0.18161561718036084,0.2906011151390715,9.90533377244176,healthy
9900.366210590126,0.04466087631609181,0.18928737292738368,9.867017842709553,healthy
9905.420900166693,0.13354767458035316,-0.15932783891783853,9.758674665525648,healthy
9910.424469819374,-0.4252156143283104,-0.18999785530508673,9.806202739378465,healthy
9915.411397784577,-0.1772798962191648,0.24292312265705146,9.722113490109027,healthy
9920.451288984377,0.09436836834508441,0.022770757877077046,9.850197707330262,healthy
9925.414729214723,-0.09738471689461368,-0.37942607494497377,9.832216090681378,healthy
9930.438991732668,-0.25330808046203307,-0.11675117857738238,9.939404963783124,healthy
9935.376827948836,-0.023379019047722275,0.0906519600486354,9.914288607458786,healthy
9940.38280144326,0.2360692577340312,-0.05376100417902957,9.878896113149064,healthy
9945.34317718506,0.11517287074505302,-0.05788930932632819,9.792827716153775,healthy
9950.425763788218,-0.2483735784204744,-0.20309173455732,9.756444438845705,healthy
9955.355394504668,0.17139704301126574,0.450711793285791,9.809727064137958,healthy
9960.347034933537,0.28037744449393454,-0.015004540374356078,9.90093451633944,healthy
9965.301057173747,-0.05002364876640576,-0.42148065606738794,9.846254028534446,healthy
9970.319309787852,-0.3724902187398229,0.0577766223984754,9.748792258571815,healthy
9975.3629549275,0.049170359125519654,0.28018861708108667,9.865547742177212,healthy
9980.312580307062,0.19977718233921815,-0.141261728287221,9.860964450324825,healthy
9985.402816358863,-0.01902597409228908,-0.30989125003485557,9.890209307296535,healthy
9990.387551730184,0.030240849534826447,0.11510719202349892,9.83052871330853,healthy
9995.441460391849,0.2173744970065447,0.22816800369371862,9.734405848538318,healthy
10000.45544167519,0.17545074778817302,-0.29588129017406894,9.742607988459506,healthy
10005.356674371815,-0.27592453471988343,-0.09018003504823682,9.946812499374646,healthy
10010.423282575723,-0.044354835856654534,0.2596388973239394,9.794128250118739,healthy
10015.390100769266,0.2580052972860971,0.12625842073130686,10.00574013176941,healthy
10020.35065480579,0.1773315517356316,-0.05847950289601833,9.87818692494717,healthy
10025.38667995438,-0.3154141717308322,-0.24159519397233287,9.808440482345144,healthy
10030.381252458508,-0.13550679905725202,-0.012970157303562102,9.70313139852506,healthy
10035.274186789273,0.13647921220938447,0.15129151759411175,9.920009877797964,healthy
10040.219822504925,0.18783854974372177,-0.3441930013329263,9.835169518898908,healthy
10045.321704588134,-0.1105674298492686,-0.18747599311814286,9.730073601194322,healthy
10050.334612797242,-0.25263065195768974,0.33028540018002206,9.811780807788683,healthy
10055.323306527793,0.2185850391411986,0.21564498290430703,10.017099748153491,healthy
10060.231936907207,0.15775764030295295,-0.09263295283923176,9.77294368053939,healthy
10065.257845668335,-0.18013905434433888,-0.07474898486438986,9.6889295387907,healthy
10070.181353721182,0.0327880547903573,0.08870132586105867,9.772084812806629,healthy
10075.225470369489,0.4228525075137328,0.2572628558750894,9.784438465365783,healthy
10080.21718416883,0.12091751157390324,-0.2681791538050854,9.84568695888449,healthy
10085.172356668523,-0.20799693618357848,-0.1065413235494852,9.81097722436248,healthy
10090.239974399065,0.1099528829591572,0.15621347958285015,9.958134432455015,healthy
10095.26076041417,0.21613533455812145,0.03061741764432202,9.836380869037232,healthy
10100.266545554203,-0.16385886138865496,-0.16967536911289197,9.816375376777401,healthy
10105.260099414503,-0.19911657020358742,0.05909068070779509,9.902355018294836,healthy
10110.332883875302,0.17949838494636317,0.1444705050708939,9.79730027107092,healthy
10115.371007277981,0.2829976910569688,0.08956935526668619,9.811512764396522,healthy
10120.30170983088,-0.24984402399248626,-0.19721679482889012,9.652776602033189,healthy
10125.323215774402,-0.32145507414756,0.39972896894796595,9.670657731851971,healthy
10130.248588051463,0.1375569270105706,0.21351136379967528,9.888819906431682,healthy
10135.213564774182,0.0756873165795314,-0.10163537792192413,9.779398688952089,healthy
10140.223559489346,-0.2831497347152999,0.013379485394309443,9.86112634698123,healthy
10145.261410989257,-0.23533755054963396,0.16166379880288936,9.876860837423935,healthy
10150.238139958821,0.3450186877530577,0.23492203080881538,9.965515129588008,healthy
10155.360851253494,0.29308024106486263,-0.23071314763474632,9.91369286667158,healthy
10160.420495014578,-0.23249702268417463,-0.31366586425688636,9.651539693440146,healthy
10165.427936139537,0.005947879813941445,0.336659228735512,9.768848482278727,healthy
10170.446818020519,0.4270547302295596,0.12961057023573658,9.881396660629221,healthy
10175.38825697844,0.16104846526923644,-0.26616648363555895,9.8629407289295,healthy
10180.263939304761,-0.16038771934140822,-0.13005229234612894,9.910565234830395,healthy
10185.292643279727,-0.046088291612783355,0.1870919637384889,9.831111893761546,healthy
10190.279984322844,0.5159934373385962,0.002844247299885465,9.912868905538323,healthy
10195.375937970892,0.0008569155541171543,-0.2560108274769721,9.951536799388018,healthy
10200.428075272634,-0.2668101671686137,0.06676003830467432,9.813264290504627,healthy
10205.478858237779,-0.11147765331185042,0.3888026913433592,9.83504706068272,healthy
10210.580706772207,0.10957070102185329,-0.006038769241064536,9.930981910660579,healthy
10215.639123597084,-0.17926435470406257,-0.1305784442729335,9.815250930457218,healthy
10220.707092324143,-0.20078569057720638,0.08530242925676362,9.829223939409939,healthy
10225.830031885997,0.11933834372601922,0.3547960515741311,9.988443119817552,healthy
10230.889878278773,0.21909543564054934,0.002700860193596444,9.875463523945156,healthy
10235.854658090606,-0.14682972905408023,-0.37182781490555195,9.870080627855907,healthy
10240.875324841563,-0.0925796749154775,-0.06106411602923356,9.800316999129219,healthy
10245.885863010806,0.16098804053045337,0.027013178796062298,9.80372603428978,healthy
10250.875627857171,0.02206092213113045,-0.285080310235864,9.681519663495115,healthy
10255.91864974906,-0.13901293773328588,-0.07164258083475411,9.827114462079617,healthy
10260.842682959397,0.009776910478647066,0.2017521822101172,9.792786135547258,healthy
10265.84998611674,0.09196780652998113,0.13287673393434687,9.756640804968645,healthy
10270.872735606436,-0.16025563442371263,-0.17903898132222462,9.919519992453237,healthy
10275.866972190235,-0.3203072481995056,-0.04874957636665206,9.699630448240843,healthy
10280.901579319852,-0.15215426735071846,0.31812593050157023,9.707830242206843,healthy
10285.887533753905,0.04922620072772779,0.12877881401417918,9.819497861913742,healthy
10290.849782682382,-0.010770064328940454,-0.06204009845737207,9.908665334613607,healthy
10295.856743152252,-0.24477370545074387,-0.09613585608986991,9.792258800725625,healthy
10300.79370551893,-0.10730037473584314,0.36073674812781514,9.817065734502597,healthy
10305.801039187863,0.4083962380630023,0.0024169720464544547,9.791393823528967,healthy
10310.791569985302,0.0709364882700974,-0.249397432044548,9.918667096963597,healthy
10315.80365473091,-0.2029486724470531,-0.030276526765888868,9.920982683098751,healthy
10320.78686963414,-0.020371293950841828,0.1284916443308508,9.858845446992854,healthy
10325.768263284832,0.29399813341998404,0.07492053263864978,9.94514350566775,healthy
10330.781657192221,0.08785259344029085,-0.24724435819155682,9.813633374679226,healthy
10335.871703413512,-0.42354326680835497,0.1498199663225448,9.706315805927781,healthy
10340.847558223984,0.06164127796933981,0.11963735937753701,9.680407067478544,healthy
10345.79602130353,0.1750283920463496,-0.10690170246680926,9.856328413570642,healthy
10350.732804692036,-0.22126775098716345,-0.23768575203182402,9.844262277287182,healthy
10355.712298473672,-0.2004761122103269,0.10200840339718185,9.628392665054594,healthy
10360.624572603376,0.07932099414694513,0.11549231243955983,9.81064574908684,healthy
10365.62196174324,0.2591811588348163,-0.18515986040835206,9.895232969010905,healthy
10370.613253877322,-0.3223258028695177,-0.4350868988203084,9.822244336947513,healthy
10375.641195041322,-0.35884710233738826,0.00971928438166808,9.709009811807286,healthy
10380.695739821154,0.1204680681593572,0.3129348976733084,9.64818722658204,healthy
10385.671629653276,0.09765667004471013,-0.17464832810800882,9.738743744086579,healthy
10390.6634530169,-0.24571988632478978,-0.11478916102724945,9.816388703426325,healthy
10395.649273182193,-0.09949122775553443,-0.05417200620540441,9.82678753861777,healthy
10400.696621734323,0.37650357792566275,0.047514026215785106,9.779818811945926,healthy
10405.711317322752,0.10753401476859817,-0.21736695502033124,9.79338603754517,healthy
10410.648306594208,-0.015675468005527493,-0.22348123777121132,9.761826475388581,healthy
10415.577183381216,-0.043004448905499044,0.1899876434197136,9.836523912380814,healthy
10420.549556687189,0.17029701855676205,-0.2841741814715336,9.90712269769079,healthy
10425.620537039556,-0.08026172145820148,-0.022879354586014478,9.89460102027449,healthy
10430.556668998275,-0.3725715849954641,0.07020099123639656,9.80640318999073,healthy
10435.529527331206,-0.0334842214183803,0.28114665352745377,9.887318855471014,healthy
10440.547896161033,0.16547508014539128,-0.15168967895453112,9.953995713885151,healthy
10445.56001007102,-0.1133114254168499,-0.4209957853809926,9.817667081678602,healthy
10450.589331472152,-0.19344640681657901,0.2275002269601375,9.797138843160786,healthy
10455.647112459183,-0.08850770824868753,0.599900032945876,9.712662889655734,healthy
10460.617559686012,0.3290500364346551,-0.03739941061355172,9.92737761984361,healthy
10465.712108943808,-0.01651514447507614,-0.19974011933965957,9.731570967493914,healthy
10470.665105228623,-0.43529427780935803,0.22823537594617804,9.82557944276097,healthy
10475.59658831857,-0.07362143831167468,0.326151527517875,9.807891489626543,healthy
10480.624468607466,0.11478433597213064,-0.15419603262410206,9.746569309436493,healthy
10485.547682903687,-0.034692951775894265,-0.24302314721072474,9.866446104196235,healthy
10490.503626146248,-0.4247479272525039,0.1773437112898697,9.70054569515102,healthy
10495.397883552709,0.1406569135449142,0.3497785574138166,9.7933660854241,healthy
10500.381522943133,0.09308662210147658,-0.16145493294501373,9.74032351464634,healthy
10505.341330249092,-0.06206472413843152,-0.3428342832136403,9.833540263279872,healthy
10510.358546915775,-0.44477243101084374,0.27786948990566707,9.777553764056536,healthy
10515.371843430938,0.0611056477374296,0.16694561085822027,9.78784926123827,healthy
10520.472053922078,0.08427706179917857,-0.16984387014385138,9.748887394372503,healthy
10525.482367397666,-0.2959077074790406,-0.029459854113037615,9.708303592062673,healthy
10530.487998955285,-0.05034932338221283,0.30597512980329344,9.837313364317403,healthy
10535.529808991136,0.2574292408206365,0.06299305814115037,9.889863024029601,healthy
10540.487363976123,0.005923065044138906,-0.4760877585993055,9.910441636069384,healthy
10545.442764625117,-0.4933467874407589,-0.06980707096174242,9.860943260127017,healthy
10550.435023091857,0.03894066591492029,0.20325516989574122,9.589671796209986,healthy
10555.4905032612,0.201070043826655,0.03528132325848416,9.787962788569262,healthy
10560.482784705893,0.06261504071676391,-0.16909171376511387,9.899940689491068,healthy
10565.552675627305,-0.2537335457688212,-0.0027227049726375203,9.86287884468243,healthy
10570.58996818047,0.09175145339369409,0.24047793444655993,9.876228930606144,healthy
10575.546664769998,0.07801809395986467,0.2466094771450319,9.885336862970275,healthy
10580.54874547155,-0.020684349227239707,-0.1582369393872886,9.858310148827746,healthy
10585.587683709848,-0.3260855845588627,0.051388907601431666,9.744091586951324,healthy
10590.634885750236,0.07799448047059256,0.17416764267765117,9.832463901921658,healthy
10595.685193012028,0.18513764393063295,-0.08740618493348042,9.909624336895734,healthy
10600.679447473245,-0.22742130040508485,-0.08942705950449492,9.864082466272677,healthy
10605.643151309283,-0.23202954445353463,-0.08253504395302916,9.792275658424105,healthy
10610.717051082042,0.04472049144626117,0.2212049260811465,9.857487993870434,healthy
10615.714159119334,0.15992950613469628,-0.07138591894779188,9.851458294636846,healthy
10620.71185880165,-0.08754345487763,-0.19456943967447973,9.752458157817726,healthy
10625.703305690076,-0.07890278128530333,0.38184268297369856,9.829815810587872,healthy
10630.687857725068,0.16383367152897516,0.0674865135957761,10.001825123239332,healthy
10635.727784317945,-0.011526866754391685,-0.015022434554526481,9.721098791652445,healthy
10640.770206924,-0.1378228017582836,-0.03883292310552247,9.626570326693088,healthy
10645.777245095527,-0.047948139299506504,0.10470056638308167,9.874892107912883,healthy
10650.73617652817,0.1740032253423799,0.1589782870491831,9.83772511613212,healthy
10655.74485547061,0.2964236412353547,-0.3291692596499805,9.864613421700925,healthy
10660.754570995687,-0.2189341303941988,-0.12946983257243427,9.741242688491088,healthy
10665.729570330677,-0.23962154488876103,0.12533536421630068,9.859495177259598,healthy
10670.724339962939,0.09756104556214942,-0.03906608132629404,9.830916358225164,healthy
10675.672540471329,0.15596413998803438,-0.43304339539466685,9.85964911657838,healthy
10680.663589768666,-0.16385140282132052,-0.10916463108890656,9.706393639175795,healthy
10685.56042196692,0.005705053782849388,0.4051158017542835,9.885185843752998,healthy
10690.460173835041,0.202167327314988,-0.18833528241743996,9.869081343214589,healthy
10695.543301225354,-0.047583793520135836,-0.22501082021213498,9.798434778578677,healthy
10700.593928890392,-0.3464050915034032,0.03752075279313062,9.741304576148764,healthy
10705.588498334397,0.07356420101199163,0.2755769246108766,9.78425756229727,healthy
10710.56978206348,0.2416996631071188,0.01719648658230967,10.029989033491226,healthy
10715.549040925063,-0.05180535386787434,-0.09260340063426648,9.771457457454112,healthy
10720.512997227253,-0.08516675398127349,0.23287651395814077,9.816164931822145,healthy
10725.430623313208,0.08613679271457807,0.002057859515785798,9.775022420676452,healthy
10730.478420941956,0.2823351294609568,-0.18507345231767935,9.900578816589784,healthy
10735.388559682302,0.0028927762408524627,-0.2838684088168963,9.745493164643985,healthy
10740.37552838698,-0.18859309981434658,0.08569269904149376,9.810669410673873,healthy
10745.305121885764,0.23455227092805206,0.1401030182705053,9.705109889723618,healthy
10750.327894961263,0.01606777376940466,-0.3274766998603953,9.78620053251125,healthy
10755.365208586863,-0.28448380304050547,-0.09589495008402739,9.930636502956233,healthy
10760.309694536541,-0.1853316583914816,0.21173075672932157,9.85743632119808,healthy
10765.299469770822,0.31266111025439564,0.2236081834941285,9.790010239983129,healthy
10770.378996619296,0.30024479537906923,-0.3168482714284841,9.95166507384433,healthy
10775.299178856449,-0.22805949727748812,-0.28368980458300486,9.830081572383337,healthy
10780.264461873008,-0.03597547979484589,0.2562177965775723,9.832241139800377,healthy
10785.298637328611,0.5241280910658251,0.12951907528664772,9.990058626571992,healthy
10790.290270040185,0.1119788618487403,-0.2757928362734125,9.644149646409963,healthy
10795.39977282521,-0.4046386172582075,0.091377580702774,9.699320566490393,healthy
10800.470910912038,-0.041629130534498335,0.12657684064465452,9.83180108974272,healthy
10805.451700568196,0.18632674053322024,0.29147092583459633,9.826132616218686,healthy
10810.472549595239,0.02710539450290002,-0.09715583668947084,9.676341417465153,healthy
10815.531104127584,-0.508432248101842,-0.13405773333788062,9.775158349522375,healthy
10820.50361875647,-0.036039238552270716,0.328096731901492,9.801141774684242,healthy
10825.550059918012,0.5121738244717247,-0.05928886453805822,9.84570605379693,healthy
10830.49788873417,-0.08013632231139281,-0.30498817627617975,9.72438592108851,healthy
10835.444733287599,-0.3630681087914459,-0.11349953008465136,9.726738125566108,healthy
10840.468679593912,0.17568819327910862,0.17262480372532962,9.939452686023468,healthy
10845.481045899545,0.3816518095502638,-0.05062223797700579,9.94688921339648,healthy
10850.491620536843,-0.02278960423642097,-0.2921528644569148,9.670083316409045,healthy
10855.593239464188,-0.26763286104106987,0.26666060626627586,9.802989089183173,healthy
10860.62416949346,0.28970552902170643,-0.13627100338514161,9.762471888695266,healthy
10865.589964069319,-0.02820948757478997,-0.15913464855160714,9.916423321566283,healthy
10870.566206956508,-0.06237660954878338,-0.13865625193337422,9.677725829675193,healthy
10875.633635914386,-0.11230389785499673,0.3069315879284136,9.548107539616586,healthy
10880.587382135433,0.2689947622573484,0.18788949009296427,9.834321224142723,healthy
10885.627873615687,0.24813002063365835,-0.26758672670142913,9.83945637675635,healthy
10890.564695443589,-0.1686061209171955,-0.23292515317731347,9.809858688110104,healthy
10895.549766260057,-0.20162067203156864,0.44714220283614126,9.837663909110923,healthy
10900.629323126761,0.3192424054313094,-0.010252367871272039,9.944612615174226,healthy
10905.665330218671,-0.10107357855261159,-0.23094560097895347,9.812290900480239,healthy
10910.65188246145,-0.28866312282726736,0.07766658981142396,9.775193596870087,healthy
10915.697382994244,0.05154177203104415,0.40133130643293036,9.762079497877636,healthy
10920.630986362601,0.24242085505365302,0.2508151060680997,9.888783449919453,healthy
10925.610797252182,0.07305038419764107,-0.3671660412150112,9.819613972734818,healthy
10930.608055712848,-0.2651888579054091,-0.013490917260884009,9.763767950783082,healthy
10935.6486815234,0.11297712418613506,0.4701730774053182,9.878505986816531,healthy
10940.685741540427,0.37181019755507616,-0.03006514138923988,9.971200615877406,healthy
10945.703084971845,-0.04889310915171272,-0.28556009213701355,9.775578921431386,healthy
10950.72216092974,-0.2649432597646125,-0.016200949944413033,9.752265998497956,healthy
10955.6770220925,0.17398040300023399,0.3135355725521856,9.875717739591837,healthy
10960.56885109676,0.24519323721714303,0.06389076925420441,9.78354052019168,healthy
10965.561616781613,-0.07646081509501322,-0.3247968090442112,9.885049253252966,healthy
10970.561790705984,-0.2502952309609891,0.08810522872506012,9.787255426818536,healthy
10975.586287553528,-0.11226997157588062,0.0646694241790366,9.97016440562382,healthy
10980.554005916982,0.23175897667655299,-0.02874080415270619,9.803772378329493,healthy
10985.694867761022,-0.19727488922228056,-0.2374065677699851,9.831196084998085,healthy
10990.704354979616,-0.18496670729851564,0.2071447582561644,9.799880898094534,healthy
10995.667301603631,0.032199720282481,0.13684135666865205,9.8399040272893,healthy
11000.692186195452,0.18587552452276065,-0.18107285541679577,9.850580242056049,healthy
11005.658641591615,-0.346898688723505,-0.07392883504296519,9.768277186747326,healthy
11010.624795596867,-0.2519180355819842,0.3468812412690147,9.822418271425661,healthy
11015.612351786263,0.3691978198745174,-0.058224425460227214,9.824258464855628,healthy
11020.631572595417,0.13313874740107412,-0.22917373767573979,9.838673817638364,healthy
11025.634498589845,0.028491369341806377,-0.09324300651925586,9.731370743713189,healthy
11030.588613246411,-0.22835844837856772,0.2601121913657152,9.937986237314057,healthy
11035.48417260892,0.11169981280291875,0.13002582450313374,9.738631623262235,healthy
11040.460496625428,-0.15768490348816833,-0.1809731921631887,9.653974621854303,healthy
11045.471751115443,-0.20548539625416906,0.059882433923690234,9.804726649812647,healthy
11050.424743947446,0.07707817928036154,0.2573663188097843,9.740975501078148,healthy
11055.3515603091,0.12720923185909377,0.04041293998274673,9.924397960346528,healthy
11060.310670573275,0.20017334607862075,-0.24328186477715597,9.958962368748805,healthy
11065.266136039167,-0.3456762902514988,0.036176087894371114,9.775838235106708,healthy
11070.245248314808,-0.04742095875783155,0.33672772370547965,9.894584020822307,healthy
11075.253315434022,0.40143193587241777,-0.16842871991235392,9.834822460500773,healthy
11080.231113769114,-0.1335960038676054,-0.0805105579119865,9.721416773904895,healthy
11085.29396165759,-0.3572874786375158,0.3012431625948538,9.793716288964376,healthy
11090.30608685189,0.11985830791760908,0.19455076362238657,9.848439239801927,healthy
11095.345249013528,0.28487079902268636,-0.18300137993797527,9.880933893106226,healthy
11100.257372970573,-0.01533859874135117,-0.3662610533307494,9.767998346779859,healthy
11105.214481764087,-0.2981027554162515,0.14566461686465415,9.757568206118588,healthy
11110.205278924792,0.22425107858451365,0.21670817193201403,9.731738724730643,healthy
11115.242455845531,0.08208684968830648,-0.053057685494248996,9.807516475010004,healthy
11120.27303825994,-0.2782737959234998,-0.21476446210063546,9.843164406871274,healthy
11125.304413006486,-0.24976813524954752,0.09091825355544009,9.8179564378372,healthy
11130.23334053364,0.015394210374030798,0.4069819041835895,9.82102429746818,healthy
11135.197542029626,0.32107611448656836,0.10092403419189688,9.868830267125013,healthy
11140.172855679863,-0.054652464371377135,-0.14298527167957475,9.593930488600721,healthy
11145.124881014382,-0.08945441594627418,0.12972225914644128,9.845549561107743,healthy
11150.09396424388,0.23170877183537972,0.09292888399542745,9.834828115525019,healthy
11155.044299799865,0.1595415326400057,-0.3164341349861283,9.77128963869739,healthy
11160.051426803784,-0.31186863972349455,-0.16723311187190965,9.722850109448574,healthy
11165.04985744905,-0.05957022817765709,0.2480286259674075,9.64549180683924,healthy
11169.99975185829,0.4126690381545952,0.17263928453710561,9.855200211194218,healthy
11174.871796612717,0.1643998747362352,-0.16683593300885632,9.737197226045199,healthy
11179.933627694729,-0.1105707310880821,0.09273702041623226,9.751793492859314,healthy
11184.977388944806,-0.0677907869951643,0.19974028729196885,9.96250425044878,healthy
11189.936049028976,0.36934732957533856,0.07056100541239625,9.81718633163958,healthy
11194.929049924052,0.2590899524333006,-0.2622998167738216,9.717106077907498,healthy
11199.937641155464,-0.0651916731384101,0.014295819660658779,9.872994408145521,healthy
11204.903509867137,0.07986452868992218,0.3149758162440878,9.985045766527271,healthy
11209.92539397441,0.3539503170932929,0.024681009696132242,9.873409426605031,healthy
11214.825067543617,-0.2694149155756013,-0.20018375934270108,9.763822472456258,healthy
11219.805275604986,-0.29286417841281887,-0.02549301782810151,9.80602225987239,healthy
11224.97110129855,0.20033444458613942,0.18361407841079452,9.757536131542103,healthy
11230.033264263022,0.3213939086988752,-0.04992272699207704,9.942364559714946,healthy
11235.061828344607,0.054723647306817044,-0.12772250998447263,9.703215795202313,healthy
11240.126144638614,-0.18253420190764885,0.1659730729110307,9.74269461106935,healthy
11245.158100062261,0.1121079568542867,0.46997016993453317,10.003590190601683,healthy
11250.218841249327,0.22299126663244967,-0.1537901162597587,9.808082678038245,healthy
11255.214132453155,-0.11376581896534368,-0.4286081382663906,9.826171146095188,healthy
11260.174964847205,-0.35998487421655423,0.3942879738392294,9.735861839386004,healthy
11265.203824671478,0.19978160990612692,0.28621785476089956,9.82948361552017,healthy
11270.173086877277,-0.09062007018115167,-0.2957522552125005,9.853299641461508,healthy
11275.205040524552,-0.17248311092757967,-0.06338794826233243,9.701720103960042,healthy
11280.211044171354,-0.15285247875996777,0.07074310890102106,9.672418942124292,healthy
11285.197351858806,0.3427514252483488,-0.12768934410080404,9.872713431065804,healthy
11290.09014075496,0.23933313570720388,-0.29548508014359187,9.866468421558777,healthy
11295.042147929706,-0.37779354069541893,-0.0745541585412695,9.854937298886503,healthy
11299.953722371583,0.03045307801094438,0.23254438360320104,9.861403463803896,healthy
11304.892848898837,0.3424092466269255,-0.0031128295684536844,9.841342656643532,healthy
11309.936721185484,0.1204740862344251,-0.14672894351227386,9.825407520919061,healthy
11314.907493230381,-0.3602637253105516,-0.12599229694253308,9.71435402962754,healthy
11319.910151648386,-0.11725033325852957,0.00473919474781509,9.759653014884819,healthy
11324.857861898316,0.04858402009557522,0.2948823316583783,9.937418630706564,healthy
11329.886971100183,0.26228437881935834,-0.3180792009273524,9.833337321459986,healthy
11334.960710778027,-0.22014990812814042,-0.04461294960759131,9.824066452963185,healthy
11340.005064272542,0.10226876998025719,0.13862976108399827,9.857879236507618,healthy
11344.970591991667,0.30538999783346443,-0.048433600549921955,10.070691891366252,healthy
11349.96157988522,-0.22987671834971907,-0.2239904724230862,9.817081309284154,healthy
11354.967975135098,-0.1352631472236346,0.010900919925158792,9.790282087704542,healthy
11360.028475973728,-0.031451894441405115,0.31236553767897784,9.803310415468989,healthy
11365.003675173673,0.44315627090234067,0.005583737777762998,9.927950102195672,healthy
11369.990513086692,-0.05641728945104425,-0.16489371027234848,9.898262235445609,healthy
11374.988049915444,-0.33339172650517523,0.15930184503592887,9.677860520925435,healthy
11379.920473739898,0.06937209610690163,0.04370316734580407,9.818120134732462,healthy
11384.807812801124,0.300859230669776,-0.10088781883763434,9.783700167800875,healthy
11389.77175416729,0.020322588642071704,-0.3561533861174245,9.78304343414277,healthy
11394.68753701774,-0.13631309502128616,0.13157337271580705,9.804788049895347,healthy
11399.664438739532,0.16749186580298403,0.24749493684332408,9.87773776752606,healthy
11404.590263857921,0.1798361873254435,-0.41258135216875635,9.885675531208285,healthy
11409.573831773607,-0.2112284183956657,0.07562480757475565,9.784336930297124,healthy
11414.491245800691,0.04696337651172633,0.2557703546403513,9.881574503760556,healthy
11419.508370142128,0.15754789668107788,0.10101498281825064,9.824029136959055,healthy
11424.462021163494,0.005180702946210897,-0.30422830060955186,9.84686307447863,healthy
11429.432485095427,-0.28165912418132194,-0.03876712025697951,9.67633821685131,healthy
11434.456947055627,-0.21899234157389963,0.33802357848736037,9.813703166878165,healthy
11439.48034750621,0.07256493840990205,0.05612750839860983,9.728660368936959,healthy
11444.537726216471,0.011059169451376943,-0.10821951812405389,9.770294798786578,healthy
11449.574936901707,-0.2478825649311225,-0.2680202349503603,9.85137413115419,healthy
11454.583997848495,-0.0735667176545219,0.09586369919903426,9.631104494335252,healthy
11459.652763152326,0.20829787281777867,0.009759259559475751,9.96206529550196,healthy
11464.728791900485,-0.032697856412674565,-0.18701038817852195,9.73728226789988,healthy
11469.692270723375,-0.22698863580200943,-0.16504754565219146,9.824849977584911,healthy
11474.692123437677,0.14221011630146824,0.07420699857850876,9.947285781757746,healthy
11479.597112275414,0.4115784757366885,-0.0820371998918347,9.863305393851531,healthy
11484.638304491036,0.02668154538507049,-0.5563681675946472,9.731767801061723,healthy
11489.662592495308,-0.34560353639075553,0.10294383231666682,9.722471593720021,healthy
11494.742521255248,0.05609214500192349,0.2516173066923024,9.891793016439573,healthy
11499.766287602197,0.1879747139262754,-0.05968319955194116,10.023360277974168,healthy
11504.727462880544,-0.20976697524809418,-0.29279052559238966,9.813720605434947,healthy
11509.855558485418,-0.07083826895071607,0.1333602336907942,9.901536672882171,healthy
11514.861104649908,0.050944017937107164,0.008349400022522185,9.81957242973015,healthy
11519.804199046133,0.13948926745921802,-0.305874556298569,9.818853507973513,healthy
11524.84194313612,-0.3182099337405662,-0.2137077579680416,9.748378517946126,healthy
11529.785557447613,-0.21199026983182503,0.38161738197268147,9.746698597863102,healthy
11534.667223115152,0.11733915124545505,0.2876882325687199,9.712945083873814,healthy
11539.755729427667,0.20416167455808462,0.10872955544460075,9.783313038164906,healthy
11544.746964751888,-0.10520101947664347,-0.1309768969296398,9.756404400035803,healthy
11549.782873168542,-0.07680087433061997,0.14255222303570317,9.78412681111218,healthy
11554.690715372857,0.29602811334391743,0.19732621262037664,9.917795866962926,healthy
11559.60998821602,0.015900616802933823,-0.315176570779524,9.681309424825825,healthy
11564.691593818647,0.06465485133307158,-0.05999658836854767,9.62677480347745,healthy
11569.699519687649,-0.22273531910756827,0.3632054238650393,9.763755036079221,healthy
11574.735999358623,0.17413960868303047,-0.025149199974145685,9.897321853162781,healthy
11579.731052713505,0.14955662290743155,-0.37788294990192306,9.615796184198112,healthy
11584.62424997788,-0.19253714183814832,-0.05792029925525809,9.702174512892869,healthy
11589.60239974561,-0.15250672227179393,0.18135335267653377,9.870596336604516,healthy
11594.604705087324,0.20588912244780766,0.00847649156567594,10.00790325603329,healthy
11599.607164066836,-0.05886853546873488,-0.22407306594192727,9.83884866721088,healthy
11604.649358667515,-0.22066292374433763,-0.025271829289182597,9.81042329901725,healthy
11609.572330155479,-0.0930904597053426,0.19440884443953851,9.645412382296145,healthy
11614.57906205816,0.154578859423033,-0.025025110688928487,9.817072463818192,healthy
11619.487538991776,-0.19240563257415708,-0.17013954682548502,9.61950343802445,healthy
11624.454900997212,-0.16886505278142452,0.21664665144057094,9.774566639940536,healthy
11629.52565992973,0.033704764062847684,0.15461345937439683,9.912445101738758,healthy
11634.501968463617,0.19699709876392,-0.13104701331005125,9.93955256733126,healthy
11639.423659160666,-0.14610225225876833,-0.13951542620507063,9.68811509024707,healthy
11644.424337245155,-0.27387785298120093,0.46477125530310515,9.72453511442524,healthy
11649.37660171532,0.12599751887612587,0.30761858099248485,9.875599304291464,healthy
11654.323167302267,0.05757016333401266,-0.27109889393786873,9.890283898644988,healthy
11659.308329530462,-0.2943221538357424,-0.2067838015553567,9.824836209270794,healthy
11664.343967827836,-0.20600095150124734,0.39819169164090407,9.799785265624097,healthy
11669.371548372937,0.017738590688041178,0.19416026395294872,9.829434832996885,healthy
11674.393220329843,0.18510814311045679,-0.2773518071224159,9.752459992973135,healthy
11679.354364165187,-0.26635336329026077,-0.16925544615036275,9.783648019173048,healthy
11684.379338858627,-0.001326364236399813,0.217678290890215,9.804466095777807,healthy
11689.400246467092,0.2877744053058033,0.027023912226569663,9.988646374373777,healthy
11694.344299394763,0.02600084679599165,-0.2720429324351719,9.801290545810954,healthy
11699.38038720729,-0.12595721174554608,-0.010675569886846738,9.800913123190139,healthy
11704.29744466661,-0.12332148699642395,0.2655053425737929,9.685149434572777,healthy
11709.251972745018,0.31919820545175626,0.30262068259041475,9.849040306578946,healthy
11714.182800631235,-0.19220656588292823,-0.37568270272705795,9.744998512150143,healthy
11719.265976184206,-0.32563797663189475,-0.16300374317850086,9.919397010717725,healthy
11724.231618582806,0.12979044674290777,0.29472445442893597,9.772003597069023,healthy
11729.263661674859,0.17947716750833737,-0.012595705523322901,9.873541091588192,healthy
11734.1876357042,0.13931444915357147,-0.14451395992012567,9.724274308071244,healthy
11739.171148030102,-0.12315784507334118,0.017769207041950397,9.782244542210709,healthy
11744.167991190423,0.013718397197041404,0.44653323169269016,9.87695128930561,healthy
11749.275741075811,0.27579425600128576,-0.006756630376561448,9.875497074685205,healthy
11754.29828829521,0.037624554668044236,-0.37575776092433355,9.833816515980956,healthy
11759.290289162827,-0.25045098055308823,0.07291449845282041,9.732908566205605,healthy
11764.239888352995,0.24254414226376114,0.1742341088793341,9.720760721025849,healthy
11769.236784804472,0.5379382796304495,-0.017711095202820007,9.888512794733085,healthy
11774.30866416768,-0.009899664550642728,-0.1031317766761192,9.846304940541824,healthy
11779.335720303878,-0.02622099645897555,0.15544389937102673,9.643981938205265,healthy
11784.2881758906,0.22905284206162543,0.21878047778507959,9.831423745693051,healthy
11789.336170485496,0.3734905366834522,-0.015905272371534995,9.845862727393335,healthy
11794.354033990383,-0.16763904307537453,-0.17857007927098772,9.850776009583727,healthy
11799.362617598777,-0.1055866189692988,0.15306184223830163,9.72061963919338,healthy
11804.384157020942,0.150694308948982,0.1136934602803705,9.728815191876931,healthy
11809.396631462592,0.2823318743604797,-0.133549997547438,9.803546796542166,healthy
11814.424213068049,-0.3336579039464312,0.05649280407977564,9.788158968961701,healthy
11819.385978191189,0.06640267511489477,0.3588051777931059,9.802060352553177,healthy
11824.376633629015,0.0243924712957867,0.06523206065432785,9.838936909597455,healthy
11829.320522627986,0.00011842670950054646,-0.2597480152480327,9.686092124700194,healthy
11834.355639573872,-0.3490932133503174,-0.21717927938665393,9.912769074216433,healthy
11839.3888999269,0.05108142454003063,0.14970459193384061,9.898439713565581,healthy
11844.52429057229,0.22711537907393828,0.028362580025518093,9.889157563607865,healthy
11849.534118195845,-0.1184556682760966,-0.23988628752498364,9.86530181783363,healthy
11854.562906302253,-0.29853133952393984,0.03134503414967632,9.737467114892087,healthy
11859.516553998474,0.11266881112266125,0.06234918457547564,9.87056866287879,healthy
11864.559941862017,0.26588815688353373,-0.05304341403227376,9.846702625231812,healthy
11869.551547687592,-0.14158082712248857,-0.24188913275973586,9.786400530698184,healthy
11874.522022766692,-0.13297036328537654,0.22297243231028463,9.620249967982407,healthy
11879.530544021398,0.010067699842088842,0.13344231458580758,9.859793574180074,healthy
11884.495048684877,0.33624687774039697,-0.06525971476707429,9.85786364986713,healthy
11889.470553106907,-0.2703872704106696,-0.06078596633268557,9.803265818759844,healthy
11894.379753088604,-0.24235696902577222,0.3627962960957386,9.67738098961674,healthy
11899.384684000994,0.1376111774101667,-0.030200531652625123,9.93339941611509,healthy
11904.481602339165,0.33024155778696085,-0.12436929927625304,9.892570514006685,healthy
11909.427286981421,-0.4086080954905338,-0.057473953486533474,9.690366445429678,healthy
11914.433732907035,-0.0887223805383204,0.26411223716360155,9.734058617466907,healthy
11919.356110969855,0.1814315634069547,0.09073096228094998,9.767477817928459,healthy
11924.380683430973,0.03908512396024731,0.01202314371493049,9.713985090498845,healthy
11929.399974204367,-0.2056061129415624,-0.02771561137406628,9.701282367780767,healthy
11934.409525902836,-0.06004836422093406,0.3428528471670734,9.784735599279744,healthy
11939.42079455682,0.27418706748399535,0.10200340742257105,9.85094176451548,healthy
11944.485813249039,-0.005347190257850076,-0.11166973817527207,9.872980742520033,healthy
11949.476333136225,-0.11501684296229223,-0.10245052276708264,9.800248041149185,healthy
11954.453772787474,-0.048120490650467314,0.2686515349533659,9.733123786532929,healthy
11959.43864257084,0.2580183008084114,0.18225980940593733,9.862686660139609,healthy
11964.324172825161,0.0727611873396285,-0.04133356231654803,9.703504645409584,healthy
11969.243509598251,-0.3144619566922926,0.04007825451707029,9.665974733947095,healthy
11974.236426543757,0.018727124042222584,0.35731945744337446,9.797587874088693,healthy
11979.213034371864,0.1220704386980295,0.19777051786139513,9.876814018724657,healthy
11984.291814107835,-0.07646001967272154,-0.381659350290832,9.803466543848385,healthy
11989.30628346907,-0.19831618180467395,-0.13290818027912754,9.727818909826325,healthy
11994.320794003057,-0.15146552227589702,0.18381917377824142,9.96091099051307,healthy
11999.334045144755,0.18477538556534898,-0.07507706260205374,9.873438540304287,healthy
12004.345065888076,0.045158465920410146,-0.2163268681981728,9.781058790309405,healthy
12009.402067335428,-0.2292215293721147,0.1483355601232866,9.724919567547174,healthy
12014.33493688341,0.24501977463409408,0.17197741005113204,9.881444697208247,healthy
12019.366354038431,0.04868373852463059,-0.08533921375365058,9.845960758310447,healthy
12024.353697902057,-0.2184331144935842,-0.2606732043255862,9.586471847199258,healthy
12029.31581783566,-0.09014357618105498,-0.00648893505735465,9.761896293156193,healthy
12034.357678772429,0.24114675420704498,0.10238665431670486,9.860525940393279,healthy
12039.325808214982,-0.05856477905720692,-0.18931439343101306,9.75664875251398,healthy
12044.289535216716,-0.08992240199243402,-0.27620976311490075,9.735332060961213,healthy
12049.23844411509,-0.26399093489341247,-0.044977904178114175,9.651363754342041,healthy
12054.26341541692,0.28870009802994967,0.30896590936341,9.80133296450434,healthy
12059.226267481736,0.24593836000640446,-0.27382924859949354,9.858551449433461,healthy
12064.26102711106,-0.2747573390213233,-0.18790782099763625,9.818954325397918,healthy
12069.204916900002,-0.0874108087313051,0.14638689005714944,9.887890435650164,healthy
12074.18197425215,0.31533828851026446,0.06763753593117168,9.808186850528188,healthy
12079.139824865662,-0.0425952725383308,-0.016209312231405842,9.775523684141724,healthy
12084.136627806552,-0.23030741358511372,-0.07214534273760184,9.829379923484922,healthy
12089.050443964998,0.10143476041260563,0.3062171828908783,9.862731393781676,healthy
12094.00692297567,0.318291067040118,-0.03727921053169886,9.897072487779857,healthy
12099.000156319948,-0.16935797586477513,-0.16923184214086173,9.806760908271945,healthy
12103.951375907673,-0.12626215908054234,0.060178278153828535,9.760992644727123,healthy
12109.037519122186,-0.11108147399172229,0.16726631482905951,9.885372716171974,healthy
12114.08850439197,0.3853164316268384,-0.023475585658623895,9.911134929336633,healthy
12119.11598054406,-0.22995846129284472,-0.001864418568117504,9.667530147082552,healthy
12124.132529486715,-0.3657822232974815,0.065824804478535,9.668077669971055,healthy
12129.032399519081,0.10888674607091778,0.32058276455617085,9.89623726836758,healthy
12134.083857882522,0.3019153328633582,-0.12094994420581032,9.967392045709609,healthy
12139.130337701716,-0.08572479558833777,-0.3471752346152246,9.798570843075026,healthy
12144.129622828821,-0.16567389077299602,0.1453900052588024,9.6949687334764,healthy
12149.174471596023,0.24322204470379474,-0.005239494790002547,9.900323520277805,healthy
12154.084337553499,0.3629687582717521,-0.15422176335240445,9.901397025391695,healthy
12159.156489925987,-0.2214670665712209,-0.19450660458151772,9.78494817605363,healthy
12164.120395572085,-0.22242743666238118,0.1711253575261927,9.884938759194576,healthy
12169.153353080586,0.0763057548672603,0.4068351698131222,9.7819657628527,healthy
12174.174508440941,0.30813126429587734,-0.28259957728983737,9.82245980465915,healthy
12179.217172936716,-0.23312240956055427,-0.3559609180653942,9.839907580527319,healthy
12184.200808385107,-0.2261141842494,0.3402863191655745,9.857138571969294,healthy
12189.193783832578,0.35339938082988276,-0.13178923557164998,9.82492841088987,healthy
12194.302972854488,0.032982895184229775,-0.19515973172185025,9.873362758275992,healthy
12199.316749824418,-0.11605025623799592,-0.12819286757482098,9.853123925899185,healthy
12204.348940927875,-0.08367235412806673,0.10711606091046671,9.847550122753695,healthy
12209.426449607317,0.5201131698203025,0.13382284862424104,9.843463792427627,healthy
12214.448101810442,0.05696607946955985,-0.1161303134616091,9.893707677761839,healthy
12219.467445196695,-0.287546182875025,0.1313080363668397,9.616507577820585,healthy
12224.510310858836,-0.024071951952968046,0.39838419076993425,9.90333047538355,healthy
12229.509434538055,0.25007731619065865,0.18127377457585228,9.899682997315642,healthy
12234.564265435418,0.11476633413651666,-0.40632167585132145,9.87416642942447,healthy
12239.46665105087,-0.26419363254973904,0.06284012779383154,9.70031884084475,healthy
12244.418597461834,-0.07911878820700359,0.09117122155062882,9.834813851501261,healthy
12249.403378514098,0.09660034125497252,-0.15919983659946807,9.815718745433722,healthy
12254.405044563722,-0.26977434555598034,-0.26351278130266914,9.743702305864309,healthy
12259.313816373804,-0.14129721394838973,-0.008054699432784973,9.715715861175216,healthy
12264.440729519903,0.005420712526886001,0.27263106459305914,9.77231266679268,healthy
12269.391413818757,0.1294365439693248,-0.18700256383826358,9.952771249587293,healthy
12274.381805168716,-0.2330391347326886,-0.26823385153192336,9.757891037608456,healthy
12279.490817639005,-0.10939001108988375,-0.11937395962306357,9.718810373779343,healthy
12284.514026851646,0.40206884999591586,0.16201611028766483,9.931082268176155,healthy
12289.488194434236,0.19505362804790452,-0.29814413637485565,9.89896617084835,healthy
12294.532307352387,-0.07579246373725104,-0.08257523954613352,9.745695421898825,healthy
12299.426247464842,0.08562171169390795,0.2168258215344759,9.775996526905223,healthy
12304.435090941415,0.15349496591705503,-0.01765888636449149,9.881466816304687,healthy
12309.450195639589,0.18103939103977285,-0.34573370953099475,9.705675566633246,healthy
12314.488437661454,-0.1823567675908178,-0.10946073419272202,9.88368260369538,healthy
12319.506602912337,-0.1365747355167647,0.0713936569583824,9.712522793874333,healthy
12324.506699734886,0.1594679447298062,-0.008758563774913498,9.845968266392704,healthy
12329.566154327267,0.14062058644152323,-0.2651697416663906,9.887213055128969,healthy
12334.423465966505,-0.3417552726069779,0.11011476929470729,9.848137797328723,healthy
12339.468088613965,-0.04433012678194263,0.3533445333667573,9.888628422875161,healthy
12344.462328014337,0.1783172658850367,0.08953230490461711,9.876020064818148,healthy
12349.453923781937,0.0509416251959568,-0.3278252878423519,9.78137261857717,healthy
12354.48436016841,-0.2119106301076859,0.061691024493225,9.779724655546588,healthy
12359.493392703323,0.042389442113875776,0.2389143660052118,9.804977434189171,healthy
12364.507418025754,0.4853173294813034,-0.1300624442446884,9.750676753874165,healthy
12369.507971061747,-0.1849263541518518,-0.1492500220151864,9.931535797026498,healthy
12374.545875573947,-0.22000356588362546,0.27256878884552715,9.79625124861103,healthy
12379.50426068399,0.16656554401100887,0.12663376894150008,9.748910937990596,healthy
12384.476908988723,0.10010959644779749,-0.1459288378517751,9.859489296401687,healthy
12389.561443535438,-0.019428237962722916,-0.1487642263003614,9.796119680284173,healthy
12394.59799536638,-0.019655189562040737,0.09563882289638846,9.836233576524265,healthy
12399.576151353882,0.3153789364577296,0.1576160832704851,9.773743974007962,healthy
12404.573007021429,0.19753034189076757,-0.12191310244099329,9.964910580702776,healthy
12409.614302252645,-0.11348655793739681,-0.07286931726610844,9.750611391696824,healthy
12414.635220571603,0.03835847974275791,0.23173201719055547,9.810713447786336,healthy
12419.607162871795,0.15604575698764936,0.17499238555705346,9.75018072568635,healthy
12424.533232566122,0.2540291369036234,-0.19525034307167857,9.73409477194765,healthy
12429.475059590583,-0.12810723469803076,-0.23580968320229706,9.733483503457716,healthy
12434.432730563503,-0.0024464843409463255,0.33908883727749445,9.768862694710334,healthy
12439.422416494199,0.19244356906922555,0.16206716880616467,9.737446806004245,healthy
12444.465332648395,0.02837895579277886,-0.21672188336633577,9.934523996571457,healthy
12449.495162248875,-0.17272022296946304,-0.166325197624309,9.613334834494188,healthy
12454.493824521258,-0.16427977963099116,0.3275123976060184,9.91275732133604,healthy
12459.502650275626,0.2879372540893478,-0.11326592389432709,9.619306960880763,healthy
12464.550997867627,0.004813739001943457,-0.2710642835653613,9.794538345145886,healthy
12469.677959095152,-0.32029395698062413,-0.0897121947124951,9.734320440746584,healthy
12474.659696532037,-0.03285874391980687,0.06322628695650356,9.741058964822466,healthy
12479.647911348695,0.3168250577311187,-0.10924381139956514,9.738244966387887,healthy
12484.680861022904,-0.08352595745051083,-0.1099917562726325,9.74871882210338,healthy
12489.68859842578,-0.2951832866926128,0.07822200982754246,9.654077198276884,healthy
12494.671698189906,0.12000899964994002,0.006991278405466483,9.764430540886627,healthy
12499.663667763492,0.07783830105463993,-0.3165807407598301,9.931477638630222,healthy
12504.652774368258,-0.10753830743550777,-0.16843331144599624,9.762515990413277,healthy
12509.730867590197,-0.28540318528993963,0.1517204021459841,9.927494365311231,healthy
12514.740699729182,0.22667462992169757,0.20497336091111387,9.747799995763677,healthy
12519.7186368072,0.3907196928355041,-0.13916981506843507,9.908825826302218,healthy
12524.650026863874,-0.3102303574176093,-0.17868968492521092,9.782707406448624,healthy
12529.635395055622,-0.11936774746213923,0.21999253764748933,9.842911902022763,healthy
12534.643275229097,0.2534157053884171,-0.039106270068962695,9.801330743336377,healthy
12539.554212659556,0.1093475068412783,-0.1474802431654307,9.881188726988722,healthy
12544.474457352122,-0.3882026452617571,-0.13549092416258232,9.806268305871452,healthy
12549.513512189493,-0.07854852175805332,0.15515843841974133,9.764048171830678,healthy
12554.507474306372,0.1686974093169311,-0.05795533921532911,9.975855833618331,healthy
12559.48682090351,0.11753333186891844,-0.21623022080885262,9.877694935353281,healthy
12564.439065194672,-0.2649018287299782,-0.07452593884988855,9.803155818196966,healthy
12569.420325889741,0.05522957101518773,0.18815315767238247,9.743603936159051,healthy
12574.385091649787,0.12224294115021038,0.0211450701530495,9.89378427498718,healthy
12579.478658063781,0.0023561994540465744,-0.032528738038515,9.829943142692695,healthy
12584.471454345676,-0.09220702676296402,0.16914763322774673,9.747905358974187,healthy
12589.552648473815,0.10113772579938732,0.16831427627544818,9.86028643232425,healthy
12594.600083000872,0.23201490910301392,-0.1137386177628196,9.878006423646598,healthy
12599.659129735344,0.07568051038797599,-0.2929606793481639,9.742737613629696,healthy
12604.625600000158,-0.29038925513602776,0.1113458789718198,9.740277427518972,healthy
12609.58394879091,0.14033625761345428,0.3275736126776657,10.09873295763312,healthy
12614.589587714281,0.16893378427903327,-0.014501807140776812,9.750302154472863,healthy
12619.557999449433,-0.18159869306208481,-0.13510997830328997,9.714522073654397,healthy
12624.596523131127,-0.24399910096083016,0.07488699692051903,9.70919655346939,healthy
12629.553325707988,0.10543457130446253,0.2521367729702259,9.801090791072603,healthy
12634.588273749363,0.4057949117244424,-0.057029091323203926,9.831253116599072,healthy
12639.623709453766,-0.29141735955737613,-0.28146730800330955,9.624959987549053,healthy
12644.571556647617,-0.2438317275952633,0.0958227735637799,9.70855321211404,healthy
12649.546560645047,0.13573695627099194,0.31989030368681537,9.778796107224567,healthy
12654.541454629003,0.30435954628784717,-0.2285967600171689,9.840161259737672,healthy
12659.514312615682,-0.03663526109322088,-0.047718437495177096,9.664449407883872,healthy
12664.45011988072,-0.07072960936202187,0.08295985583395825,9.593618130674406,healthy
12669.445393645121,0.3477364150310044,-0.10683767675507871,9.8970805060706,healthy
12674.428396840238,0.05203530381176835,-0.15656515286666506,9.790484903728693,healthy
12679.424091602963,-0.4214291630939368,-0.3436279143821385,9.729988566217946,healthy
12684.426257347619,0.055985066802314284,0.20429969892721836,9.899483516098451,healthy
12689.451230040846,-0.005607228618990739,0.24425821165241002,9.79962026282402,healthy
12694.419946084641,0.27210211838319165,-0.08548550408996891,9.811905414100444,healthy
12699.426839443468,-0.18040336577300162,0.199301105243804,9.7847279885977,healthy
12704.511792505662,-0.24279272578830904,0.269330214779567,9.96118378078628,healthy
12709.464993123065,0.14038829208092668,0.10012187555381954,9.894228801514027,healthy
12714.464434462921,0.1947250315587885,-0.30869391597661694,9.794934746289789,healthy
12719.510887181686,-0.20737465267915295,-0.16351532354644682,9.745330182412408,healthy
12724.531136508405,0.1103739396154296,0.34090848005955565,9.752052298993096,healthy
12729.463754346361,0.15373241081932712,-0.09027903331663417,9.861966057564915,healthy
12734.504175594668,0.037713293104310805,-0.24018756108428674,9.804698574694424,healthy
12739.53555061063,-0.39106788505117784,0.12384888930923102,9.644203433283506,healthy
12744.46977512456,-0.07044349366409298,0.3654720901448172,9.75344370648848,healthy
12749.443248508587,0.07783761616665441,0.14621061744161085,9.804228247645424,healthy
12754.503724087997,-0.04178331044564032,-0.3938153994337121,9.78577673520864,healthy
12759.590073639538,-0.15605904492620054,-0.15906927605041693,9.807718788340605,healthy
12764.53502741329,0.0297109360513184,0.3158907095305468,9.692227722368564,healthy
12769.581549330593,0.32280514338889843,-0.12675132043785614,9.859846512848648,healthy
12774.52385476716,-0.046875164123117166,-0.17094148986492905,9.962358958853951,healthy
12779.527488608932,-0.31923858001154237,0.18930137873967567,9.707143543827497,healthy
12784.589278246005,0.4177531154180849,0.26222686417855634,9.779642147714984,healthy
12789.680589632431,-0.058999504105593736,-0.15546586553561317,9.755837593848446,healthy
12794.66069216924,-0.21844311501996785,-0.253821015760306,9.884933876591967,healthy
12799.65742076979,0.06235040956415297,0.14548654012391343,9.819025926157847,healthy
12804.642871995142,0.30445867256687575,-0.03188912684169681,9.892415624666427,healthy
12809.719732964328,0.2207424970455241,-0.4373087847913748,9.754293393989679,healthy
12814.781852959064,-0.2623517555201557,0.06124311899510762,9.632401399639853,healthy
12819.821205671626,-0.07710138185760465,0.11762965471174863,9.836260281833125,healthy
12824.803425053093,0.27162330501051923,0.13131954631418255,9.91728864751201,healthy
12829.842324428608,0.10156627978759976,-0.2627345921468348,9.805234196676516,healthy
12834.88396021626,-0.33405642201520835,0.19324656179798702,9.731803284580506,healthy
12839.82759480445,0.29694127770365475,0.3537100522933136,9.801508977776118,healthy
12844.955198637153,0.30550199070266787,-0.01631240928603193,9.726042085909762,healthy
12849.899943961678,0.11811628936972896,-0.3496020188825574,9.664282286904072,healthy
12854.93064308348,0.05937645131366312,-0.1721658700146716,9.873090872219421,healthy
12859.888759428753,-0.13959716123260907,0.37865215034791666,9.761073959202243,healthy
12864.908235205141,0.24693641648652692,-0.11078792896599331,10.120315309308396,healthy
12869.924661633804,-0.05976325881026186,-0.2893749456103802,9.763379195491508,healthy
12874.909227250559,-0.04729290931843544,-0.0459946163147088,9.854922657801986,healthy
12879.84946624789,0.35501250679022317,0.10902158165941328,9.857201179963742,healthy
12884.862360331292,0.2699419108446409,-0.0655997752868654,9.906471853826316,healthy
12889.92789562867,-0.19126905653296966,-0.048214191230504966,9.85150967862733,healthy
12895.007314571594,-0.05585380446824631,0.34670682472252684,9.8107203090261,healthy
12899.957481014004,0.2977761266825457,-0.007024246409167795,9.910506038838607,healthy
12904.994321702969,0.20698948346936985,-0.0995901791048338,9.851167240534608,healthy
12909.99051799927,-0.0024612033124728205,-0.22671318339274577,9.912245887370943,healthy
12914.959686221036,-0.20627880095491197,0.2339309344286243,9.738082236064402,healthy
12919.935699629255,0.3022844957018992,0.1268127612651335,9.802508301178197,healthy
12924.898959513457,0.026034701204766725,-0.23634958247660084,9.719060912212234,healthy
12929.904429372416,-0.23051903069922253,-0.12310151413990453,9.812289036477974,healthy
12934.907878881779,0.01757336655448767,0.0768254474573711,9.734426340287383,healthy
12939.887720778182,0.11007569551228072,0.09122783528825809,9.88131269371426,healthy
12944.897081082263,0.020823639902186206,-0.499962808008829,9.696524808518094,healthy
12949.872147481592,-0.3046302138049108,-0.022519776902280603,9.67635882516539,healthy
12954.890705264612,0.041186086913270276,0.21864800857301855,9.880422038353116,healthy
12959.812463726848,0.22171975485436138,-0.0002934038069790602,9.89562204065459,healthy
12964.831236439697,-0.015163661892510154,-0.18498895344196425,9.87606545959575,healthy
12969.826872610642,-0.2896058248502775,0.0377420700360996,9.787437101991832,healthy
12974.808445012266,-0.09445631280146255,0.19805732951173244,9.880894737554243,healthy
12979.844394375315,0.2512993698661506,0.004348563839761566,9.77176468135374,healthy
12984.935355137946,-0.2517370351344118,-0.09904747506886963,9.867183789519737,healthy
12989.939840777264,-0.5683722366407417,0.1167902569937878,9.806033150185847,healthy
12994.973710287697,0.06746144276425167,0.3535257570177798,9.957455125799882,healthy
12999.927453814058,-0.0865021334222437,0.004626497245583644,9.816169783587942,healthy
13004.911983143818,0.032163411435496475,-0.1022083320259397,9.788621702352186,healthy
13009.854045184624,-0.140629523516933,0.09981405125754611,9.831197755580007,healthy
13014.848978288115,0.058581942475512266,0.10354664026697089,9.814666850887763,healthy
13019.813025499578,0.09574836120121598,-0.21742332013528143,9.777883270782,healthy
13024.762259749405,-0.023379566057733198,-0.171930059617773,9.796471309770988,healthy
13029.706413241147,-0.3503062649924815,0.1313528941233467,9.797263570587095,healthy
13034.722289407893,0.27743073493077464,0.07415784528746634,9.7754629172013,healthy
13039.727206730586,-0.02206146908691972,-0.1408276761983519,9.817045348465008,healthy
13044.794051574512,-0.0302433850359953,-0.1506323019859988,9.66632996409954,healthy
13049.832267385189,0.09847045411566319,0.3306515611971793,9.90497151626469,healthy
13054.835084956252,0.2217162208639234,0.11436951683420055,9.853902214399799,healthy
13059.78435678454,0.11815788248703729,-0.10361125017423256,9.817839484049351,healthy
13064.7170949639,-0.2617284579750855,-0.031715574966298746,9.805537495199486,healthy
13069.758381043484,-0.23027412642159514,0.31913305125696856,9.918805118642952,healthy
13074.824895322432,0.12438987644998006,-0.16158525809217295,9.9402009238302,healthy
13079.814286114131,0.055816807994538614,-0.18004950984796497,9.793105812083143,healthy
13084.874568698493,-0.4388770718884204,0.040345135957850595,9.669796841736682,healthy
13089.91762201413,-0.09910152262489581,0.2756263467877655,9.815913620395008,healthy
13094.844946984098,0.12413947619661435,0.03801595180061059,9.819398551155986,healthy
13099.86906530534,-0.1348357447382903,-0.21289099656421548,9.81597936052518,healthy
13104.866820549416,-0.31113173669601213,-0.016317567114586568,9.678335449456112,healthy
13109.96129013707,0.22309223354474145,0.19658497190438717,9.696406253341376,healthy
13115.062872852763,0.09186271326277859,-0.09784009930939942,9.816349576293451,healthy
13120.0518612935,-0.24478947315973365,-0.39393326178791427,9.726372699215252,healthy
13125.11690974398,-0.3791050489815274,0.05541248398109254,9.741868394376484,healthy
13130.157516258103,0.09525299481313633,0.1374018842412571,9.794865434511019,healthy
13135.0915175427,0.005252318013036605,-0.1496141387818766,9.818552438172892,healthy
13140.11184973971,-0.2849647726757821,-0.3003255309410059,9.827735584717797,healthy
13145.145776314124,0.050337469390044826,0.17572168376997496,9.78952895652804,healthy
13150.17367553988,0.2401709085241302,0.3178332600091053,9.757055095833785,healthy
13155.177100892834,0.23351589592211688,-0.12256712748835244,9.759645290250049,healthy
13160.098426904673,-0.14837175000375447,-0.2819737733804361,9.727377540498754,healthy
13165.151076175729,-0.14199777831478622,0.19784566102915324,9.826357570853645,healthy
13170.113443611763,0.02890934429244421,0.19899304180266386,9.969753591529171,healthy
13175.073310891528,0.08104856922219593,-0.2978555526142576,9.766463047534243,healthy
13179.91490896972,-0.05235628887707361,-0.16316176949875377,9.710752426131965,healthy
13184.957945494558,-0.27796993039332607,-0.061733327569366725,9.722211782638722,healthy
13189.938747351543,-0.1089081175694149,0.015480429878807461,9.965875575469454,healthy
13194.924297294738,0.12445043147563695,-0.3690250266817901,9.792353267455471,healthy
13199.881465128285,-0.4635657436306162,0.08752773415903703,9.80843056879858,healthy
13204.933806242378,-0.04925269239633719,0.20360349706574155,9.761334716891819,healthy
13209.833396213051,0.2519741825699613,0.03547295656326993,9.782943721110668,healthy
13214.93701264305,0.07539649368094484,-0.054414029548049164,9.606471870958119,healthy
13219.906293094604,-0.34070598555637377,0.1738251113083651,9.762857192651232,healthy
13224.907957005225,0.1010027100598759,0.24180804543001488,9.823848702504904,healthy
13229.935530741412,0.1526588840517154,0.012426740579155743,9.88554963362547,healthy
13234.970420632344,0.14339237043388436,-0.3007579264676631,9.751820868286952,healthy
13239.914737190662,-0.26667005511236963,0.13655893476958686,9.91726232269878,healthy
13244.959498097642,0.15918552268414854,0.11568462009414458,9.843809786806204,healthy
13250.044735016734,0.08072353052887321,-0.06181616920842979,9.86357223728297,healthy
13255.112213820787,-0.18134120831817777,-0.18500770882862877,9.699550230470804,healthy
13260.205485896897,-0.2247584397933167,-0.039073809732621145,9.680793838106771,healthy
13265.187173011978,0.37255420608425266,0.039881884616414565,9.751482712997142,healthy
13270.134092467231,-0.0974126846065953,0.14863406737058182,9.850340424008706,healthy
13275.17234714641,-0.31266601355162843,-0.010095001558213412,9.786794349919264,healthy
13280.120871271538,-0.3560127963582239,-0.03234400944022947,9.984100153281366,healthy
13285.17010155307,0.08998712242394336,0.3895827196103222,9.89091210468519,healthy
13290.12155233695,0.199842200347301,-0.3305799257975264,9.979527310123986,healthy
13295.110892083201,-0.11929844182342174,-0.10221314027317181,9.850189347872007,healthy
13300.159312020714,-0.01669025115018461,0.13143749193356608,9.86058714115603,healthy
13305.268079413432,0.24587263105630722,0.08050327073178193,9.83048571517848,healthy
13310.420164025925,0.09474914377613906,-0.46979509075825143,9.770840913974682,healthy
13315.38294926217,-0.07636886886981445,0.014286460784637134,9.622697866893041,healthy
13320.493778770508,0.04421094694145083,0.1028785705037833,9.918671897802403,healthy
13325.437658761486,0.3289590098333847,-0.08417416693808685,9.890530306449296,healthy
13330.41489619521,-0.06426797807966428,-0.2699427779541225,9.775024960181835,healthy
13335.317854282108,-0.18424335364888822,-0.026974841459602772,9.685315614082397,healthy
13340.318376609564,0.17178311852525638,0.11816369754891247,9.664608295852869,healthy
13345.410363243533,0.16101609181770035,-0.1924423209920283,9.81411814565978,healthy
13350.387217615922,-0.08216733144481284,-0.3381706510732054,9.753804645037643,healthy
13355.394697063819,-0.20722329409936618,0.2407966822486055,9.80974115226559,healthy
13360.382706094297,0.04000886187493445,0.451426482341336,9.783899136816354,healthy
13365.353805289824,-0.019784879280610956,-0.31310075183030633,9.891414064628641,healthy
13370.352427206628,-0.2720353812293843,-0.07502407769662264,9.738501107000108,healthy
13375.326822127872,-0.11975917236112868,0.09115628571859179,9.694189656929389,healthy
13380.444926851284,0.18533565981648084,0.20476873128728962,9.820464171019541,healthy
13385.495644026814,0.3216956978554916,-0.3824543767433547,9.8535369075243,healthy
13390.499975354978,-0.20593547444228355,-0.37896480505195185,9.75118601840003,healthy
13395.590032702,-0.07561243045112015,0.21789637355906563,9.777092782902434,healthy
13400.560058435127,0.23999475416368726,0.4090290581841361,9.794708189239783,healthy
13405.557081603762,0.08473531164196517,-0.15690458346480224,9.749008230405282,healthy
13410.541850570211,-0.2801537547202409,-0.36233356122875165,9.883756230830294,healthy
13415.525458403283,0.21674553986353412,0.31878666712256926,9.7924295731128,healthy
13420.517233951015,0.40650810369632306,0.07011040315889593,9.92733349262908,healthy
13425.48294178762,-0.12440921096884239,-0.18591813242918623,9.766054915829324,healthy
13430.491983521653,-0.30075591484668096,-0.001715304042434411,9.73331748470422,healthy
13435.480674570897,-0.15984621479927658,0.3382462274418168,9.91922841310883,healthy
13440.558319343429,0.20245564027385082,0.026608267092123855,9.839790596069527,healthy
13445.520652405505,0.016408455034378273,-0.13795122108644486,9.809741869661803,healthy
13450.553001797802,-0.1195422551919687,0.08172690250973247,9.809472240045908,healthy
13455.648348835168,0.0319919739393013,0.04710467388190592,9.73566291080844,healthy
13460.581476959002,0.03231825962562468,0.12785393856439953,9.694343518317496,healthy
13465.554679201856,0.13503556240974485,-0.13641957273855496,9.734895756223128,healthy
13470.571441953463,-0.27159613037120417,0.22073131003358676,9.730915958951538,healthy
13475.589509842886,0.33165922231055556,0.19936847342412933,9.883287389623268,healthy
13480.667918371506,0.08274365946483886,-0.21342943240729445,9.848320766672702,healthy
13485.559706608343,-0.08429257607353086,-0.2025857538107368,9.750782753608137,healthy
13490.565533398407,-0.12043321508033146,0.3900041688436495,9.722754322970946,healthy
13495.573421791825,0.10923674447622636,0.07537123217776026,9.810331218240485,healthy
13500.53657168546,0.08085162859864035,-0.060321299864440195,9.708452263203428,healthy
13505.601997703125,-0.23613156798391693,-0.055951922960412945,9.587391155138578,healthy
13510.614966036701,-0.1609577721781509,0.3434933252924771,9.881519826349138,healthy
13515.693331782431,0.2013114728313736,0.04785827993607822,9.852881992397739,healthy
13520.774656235299,0.1887987298630388,-0.3511475319269587,9.863322083034364,healthy
13525.661611686475,-0.029759886518238937,-0.01411313940537598,9.587708857716779,healthy
13530.633857484952,-0.049555350863203985,0.13939055903042516,9.844601536332277,healthy
13535.654445680477,0.3387697676702951,0.35903535315502755,9.878146969875798,healthy
13540.713911988638,0.018279887357830843,-0.24937076544926925,9.814402277540593,healthy
13545.630674842816,-0.23558854702780258,-0.04812479678684096,9.646655455100893,healthy
13550.539740592832,-0.10021377371098382,0.057718694889565436,9.719251247892602,healthy
13555.513266630387,0.32788560783187176,0.11699396946724135,9.721272991381674,healthy
13560.503048344088,-0.13838508777119846,-0.2056982686033284,9.730632905742082,healthy
13565.479141202644,-0.2120459469363125,0.018818984973429306,9.72622345454303,healthy
13570.506429327283,-0.08870796606905233,0.18682289338309932,9.78576729312518,healthy
13575.511470131707,0.2564335908097721,-0.21955410378615134,9.92583803135361,healthy
13580.580574328611,0.01675043501296354,-0.18515889171337221,9.754874624019207,healthy
13585.58779544811,-0.3594386971614074,0.25673042560373194,9.646839366394078,healthy
13590.690839083061,0.12201789794056865,0.0801345921619954,9.902641327827341,healthy
13595.655901868315,0.14532441693172582,-0.23260952552721076,9.787893842732787,healthy
13600.590101525157,0.020224871345277104,-0.06693189182041101,9.82569363306606,healthy
13605.613101857027,-0.18430052527259771,0.006906047521608005,9.74632816014265,healthy
13610.682724277762,-0.026847003582436857,0.199782971289572,9.797845241587058,healthy
13615.72060557702,0.22231281683367438,-0.11286443439015753,9.874674593270353,healthy
13620.764629697283,0.02960212976192439,-0.22141117024780316,9.758896026788547,healthy
13625.748894263732,-0.3766355924638416,0.183286332322399,9.854284702133581,healthy
13630.736842168079,0.27259860571445776,0.07994081875569804,9.719030359479246,healthy
13635.691854348604,0.20588283127408172,-0.22819428803727299,9.741753189399283,healthy
13640.65751905087,-0.18866601612770212,-0.09891355850755537,9.82949813398744,healthy
13645.698254583265,-0.1494500773256701,-0.016893020301458367,9.88100688819186,healthy
13650.668711667788,0.3354670780362278,0.012198936879895955,9.904011481601536,healthy
13655.66905925264,0.14270575910999866,-0.060927258749239294,9.915090200504022,healthy
13660.617727408107,-0.16805512027056357,-0.040614417640395764,9.727656351795396,healthy
13665.576242693516,-0.2377691116455231,0.11427893100542783,9.855612646981983,healthy
13670.512661820416,0.3250932833220702,0.07040847196981008,9.988478508507638,healthy
13675.52415186075,0.033145458169964524,-0.0730513896820568,9.7286309432983,healthy
13680.486138852975,-0.2109981356074974,0.12284075113778453,9.724270654280506,healthy
13685.459441417437,0.14148385616688114,0.4620800401063935,9.824764283518196,healthy
13690.459889075171,0.3105648388048305,0.12392635937027968,9.838785779780018,healthy
13695.472471385869,-0.08986819944399144,-0.32785205322384525,9.829085574628373,healthy
13700.432975700083,-0.3742856263865295,0.017196764085008427,9.800970630272523,healthy
13705.359380749365,0.11023501820424486,0.11442881112621164,9.772421001071656,healthy
13710.215780803359,0.3329536173515226,-0.07858553169733123,9.978198621799809,healthy
13715.193288470311,0.0024591954901557952,-0.2976710072101391,9.803452220492158,healthy
13720.336075140294,-0.18360902912151134,0.04286875478855916,9.71787167850215,healthy
13725.353564926287,0.3470513739440124,0.3022033963250872,9.793491025777952,healthy
13730.329729860883,0.17605480727654138,-0.1462586719106323,9.801876409271355,healthy
13735.404984688925,-0.16310148926330406,-0.22623766436999984,9.760991365185532,healthy
13740.395439098253,-0.23302599237822924,0.08866169967844051,9.768877102061989,healthy
13745.46945703812,0.4285405124427962,0.20029244141110422,9.825036074680375,healthy
13750.424765904152,0.29890798056931456,-0.361106650775629,9.878574395520069,healthy
13755.373492365243,-0.24150833587188397,-0.12027041098136351,9.804061590750397,healthy
13760.37438087671,-0.004713837922271202,0.060066221322555596,9.8763158472771,healthy
13765.391018588698,0.3991136008042151,0.0629884297279402,9.928983651568549,healthy
13770.436058728566,0.21598034183817605,-0.12309656494115047,9.840546425681213,healthy
13775.39624514628,-0.3682464627170652,-0.12762670793682973,9.658425985342806,healthy
13780.415939158196,-0.11004177678936869,0.15528225274165386,9.756819281012108,healthy
13785.376972458474,0.3141293045599908,0.19645924356462563,9.781082915103106,healthy
13790.394516932743,-0.14564590976612196,-0.1554220981738417,9.893815257463228,healthy
13795.422692559616,-0.2449237740154305,-0.08047748428930789,9.778558636986611,healthy
13800.39069801576,0.024706088809688234,0.17404758187049701,9.853751287380605,healthy
13805.403901943428,0.3031961180521041,0.06909441116877381,9.860122232427761,healthy
13810.381160085097,0.02156325874918818,-0.3904054142081858,9.715151247590702,healthy
13815.308018786565,-0.1712459208514917,-0.0939810005886359,9.755247450804204,healthy
13820.253733233822,-0.2312478432366109,0.2251816107194473,9.85363022358274,healthy
13825.320670953592,0.19597841676890862,-0.021237138959930048,9.86031915711823,healthy
13830.342128025515,-0.08985575544452105,-0.14613317974538576,9.760361491978214,healthy
13835.379188701798,-0.3091629316448242,0.1111001908213758,9.902039491148932,healthy
13840.233129276172,0.014028069659972872,0.16990577492747055,9.730714815241235,healthy
13845.271892408131,0.28586371453663795,0.05082344240990248,9.940412892617292,healthy
13850.24221951613,-0.05764173309596897,-0.2629188973737228,9.845345266690568,healthy
13855.270852711863,-0.2789334757818678,0.180388731598489,9.880083352390146,healthy
13860.397984839765,0.05297488850905184,0.10032028770983803,9.802465971711062,healthy
13865.417539210606,0.15319144518435182,-0.3384105844831513,9.871709971531667,healthy
13870.485416168669,-0.22620925891083538,-0.20639724861279657,9.84267001814107,healthy
13875.443060907099,-0.21961367564545725,0.30939285927286286,9.916665903976075,healthy
13880.512405928805,0.32408964835776566,0.3189215075878966,9.829520774679803,healthy
13885.50755435088,0.378141486088332,-0.14709415923519856,9.866130085995096,healthy
13890.455886551588,-0.25352949896212135,0.010123590581007064,9.645702044002018,healthy
13895.43496668937,-0.14435683220702944,0.052590164503315634,9.845083168733433,healthy
13900.391303122304,0.11669633971415874,0.07427844659227745,9.78015339729026,healthy
13905.470146031823,0.21731259942785539,0.04331022253176703,9.810346395871981,healthy
13910.435701431757,-0.2555694418034334,0.05046643560843972,9.687014778132573,healthy
13915.412499775584,0.1346755457158001,0.20130826916420835,9.84946966118565,healthy
13920.445768586795,0.043143291271930145,0.20868908672835093,9.953896643164581,healthy
13925.533613147962,0.1998079570306051,-0.33008159315598384,9.808649797616546,healthy
13930.5648985081,-0.3099453118037149,-0.08301099001683712,9.622098878769197,healthy
13935.595092404881,0.04010331073594597,0.3666508346651862,9.787439653031488,healthy
13940.567229213599,0.21566336344247744,0.09781019831778513,9.875857447147498,healthy
13945.592117043938,0.02866349205282585,-0.2820447846776114,9.885595022336792,healthy
13950.687007772307,-0.3314101681718779,0.06427176305111763,9.676548048268346,healthy
13955.615392249138,-0.09496296283848968,0.29614382560303665,9.813143395453995,healthy
13960.644866512352,0.3297199968214828,0.01778503139352193,9.806233798201026,healthy
13965.626471436712,-0.14962980486511035,-0.18066033854574828,9.914821483337684,healthy
13970.581635003418,-0.21208508658617634,-0.16918233876809147,9.70808968044351,healthy
13975.526991891855,-0.03657690599881537,0.12456498504493278,9.8677686279771,healthy
13980.633524511137,0.30836791739740205,-0.16413271041355781,9.682538550938798,healthy
13985.668739056076,-0.18472067873214773,-0.22771087099775697,9.735136862686796,healthy
13990.639985300004,-0.3483875087164325,0.20628041892082022,9.75045191616399,healthy
13995.634772895613,0.21587212596111546,0.36245941764668826,9.94917845655517,healthy
14000.644748705341,0.21569935278166807,-0.25113896634495064,9.684239673106093,healthy
14005.59067662388,-0.13264448917721222,-0.17428080090630982,9.718692318480189,healthy
14010.575957902971,-0.14205939288466307,0.24952727419961634,9.913765746168991,healthy
14015.584692585211,0.34138384942504574,0.11481810726853087,9.827373836506567,healthy
14020.567057295455,-0.10679304308907897,-0.2196971112648009,9.808743565414659,healthy
14025.595376205101,-0.2948263320357985,-0.037769552451825075,9.820786429272944,healthy
14030.544917583049,0.2010578475384256,0.3523360573887778,9.705239722699611,healthy
14035.526338405522,0.2613017384584706,0.09893102076833928,9.8292043033155,healthy
14040.482014745281,0.14591993551617263,-0.15534911640798216,9.69620925647169,healthy
14045.387251332364,-0.17906288819390617,0.07306332156354527,9.72108945039051,healthy
14050.381141206064,-0.07374531076238186,0.30432159011792703,9.591501931358371,healthy
14055.431760232372,0.4123392814731117,0.23050468436234417,9.807268746611053,healthy
14060.395292416451,0.21604515413038522,-0.27184043562470944,9.701823663125364,healthy
14065.428439965382,-0.37457605437095415,0.20617926338860143,9.758950482481898,healthy
14070.473021143564,-0.042414664531028066,0.493687911069849,9.87250169513341,healthy
14075.503923634447,0.3010497018671312,-0.26500157980054145,9.806280197446645,healthy
14080.563806177151,-0.08896832070779098,-0.2983771632475012,9.786926656679004,healthy
14085.641468471538,-0.03529305450716452,0.06819809257682252,9.778148135117437,healthy
14090.525897229389,0.07001913173531005,0.11501986162780028,9.892641756044403,healthy
14095.486986874212,0.08975896680651949,-0.014140747206013438,9.857816383470084,healthy
14100.428136518887,0.1662170313524124,-0.3718380083897238,9.73511378295127,healthy
14105.374645727585,-0.3018654534849777,0.1552885865585764,9.742517978054085,healthy
14110.369066829444,0.0541450298823689,0.2687544622085595,9.812962626644914,healthy
14115.363722814129,0.14415789370705673,0.0803476676042216,9.919341483945603,healthy
14120.337364003242,-0.0682985054075131,-0.28092881764199934,9.785858670749196,healthy
14125.289605428752,-0.24578738416068038,0.01842101587258374,9.774071711080936,healthy
14130.270884200201,0.22136774220045893,0.07572935577954486,9.829187810367795,healthy
14135.177840936658,0.27085405993283657,-0.3091858456530619,9.732706249589441,healthy
14140.109489872246,-0.15338404818079168,0.21949566133030085,9.779504618702482,healthy
14145.112402187871,-0.09515374638888441,0.08321544351198484,9.89062045008517,healthy
14150.098739419755,0.12264075855673877,0.2605642785196995,9.724213994506545,healthy
14155.09646413336,0.17392828357891338,-0.22812612005241928,9.723092814431853,healthy
14160.165436769978,-0.38906436248521853,-0.2833944223525142,9.819709857352166,healthy
14165.16370384042,-0.15489156918287744,0.17774227780150226,9.817882422730797,healthy
14170.180090672578,0.31213861661824316,0.1610872708144849,9.992035545233305,healthy
14175.066952569496,-0.16674204726683328,-0.33955676214203184,9.85222926502044,healthy
14180.132298847404,-0.18068552117008194,-0.28219416540954795,9.756302356899859,healthy
14185.12748127475,-0.30659916344224014,0.22738324654400596,9.919875895075235,healthy
14190.123767226227,0.42960655286902544,0.06537253775796543,9.932136828807339,healthy
14195.099706430541,0.10113764993951845,-0.019067235372449642,9.870584157362217,healthy
14200.095213480741,-0.2050057233932748,0.12262773534279948,9.683356182134741,healthy
14205.155178802404,0.03457870866105061,0.22733841931844018,10.012276664862059,healthy
14210.143297888399,0.37250992787591986,0.17295519211238064,9.976315976164017,healthy
14215.105288943992,-0.04492150393200675,-0.1733086850879548,9.920980568412842,healthy
14220.178142079916,0.22554531612280374,-0.021490462626595486,9.831923980418265,healthy
14225.265214937317,0.011374570304075404,0.1057358395925529,9.914459542308244,healthy
14230.317963648684,0.3684776723434171,0.0761840077740581,9.872922444382583,healthy
14235.379616156266,0.04505167206421472,-0.25973796933569543,9.831050968283774,healthy
14240.328179124434,-0.29920866740503604,0.05172119957918771,9.627504156589353,healthy
14245.342152529465,0.210265328884042,0.3116602115359263,9.92945428444552,healthy
14250.457770851332,0.27141874260801624,-0.16675396736722886,9.74798968088439,healthy
14255.408669329057,-0.4162935608080237,-0.2682026240784289,9.713177640223059,healthy
14260.30200023751,-0.2716803441665131,0.16979667719991853,9.819729452491474,healthy
14265.208763285238,0.1552670515118823,0.10150245029319731,9.84767021756584,healthy
14270.270623098739,-0.002510501287160377,-0.19867139237864379,9.806614606959922,healthy
14275.26621338828,0.018784127480098195,0.0816999348540913,9.736563090576647,healthy
14280.24427970414,-0.06736484048169038,0.3132900855491952,9.826018068450539,healthy
14285.241091447337,0.09905776987398648,0.3625030909022099,9.852458404035492,healthy
14290.248180188597,0.0920376948073836,-0.21338146667685826,9.840554836154165,healthy
14295.2819214687,-0.5428897484607162,-0.15240543230213385,9.799015909448267,healthy
14300.242294741476,-0.0373836099276518,0.29349258302246556,9.79994829627648,healthy
14305.184324086706,0.14212471515448943,0.1330357894689195,9.839975512143694,healthy
14310.262669582122,0.16670526129144214,-0.14698514412218544,9.881061867311182,healthy
14315.220699607367,-0.17436920092768582,-0.18553126634775188,9.7098500903907,healthy
14320.184968832114,-0.011060675511837707,0.11456442293756747,9.732411354807036,healthy
14325.19033892318,0.31565226294218013,-0.08892642726262051,9.99599442582091,healthy
14330.232239098952,0.02656251862218636,-0.25889234154935276,9.902603249368513,healthy
14335.278593865267,-0.06458806057827429,0.10243217012145771,9.684228064135887,healthy
14340.215306909098,-0.11323908899338792,0.033701060772243496,9.845078356834069,healthy
14345.219970416792,0.2854224989581183,-0.0005622631470841161,9.824636460552105,healthy
14350.160447893582,-0.14396871725830984,-0.4993955596901022,9.676013693419458,healthy
14355.106455686633,-0.424179293949408,0.06243466288973497,9.806479264565276,healthy
14360.165637310361,0.17005020547950006,0.37227950306173924,9.788623588045615,healthy
14365.15676419448,0.4007898491850999,0.1363326752171745,9.814078428078123,healthy
14370.094739317468,0.017435896589262756,-0.30104265066103086,9.79784487950611,healthy
14375.135194352508,-0.05859709858084525,0.16383594253655182,9.838270779269267,healthy
14380.10027616385,0.1265458846286348,0.1521312370139008,9.758748281208455,healthy
14385.074499818204,0.011111945400441414,-0.26805714095136846,9.836006264492038,healthy
14390.055993959406,-0.1719524669821281,-0.004800495614477984,9.659735957325458,healthy
14394.960500222707,-0.18613116563154136,0.09633375746212378,9.871585077903985,healthy
14399.966013659534,0.31539054967374314,0.31841827519563765,9.90146761153113,healthy
14404.945238813756,0.16335830947551933,0.014388496090065206,9.769943890575801,healthy
14410.058572555148,-0.16083336815130495,-0.03634372035672166,9.800329012485433,healthy
14414.99919979283,-0.204816784933332,0.13483033665190533,9.77219527278829,healthy
14419.936859873049,0.28181711674270093,0.16611515999692933,9.766500576349497,healthy
14425.052013284658,0.1332995041801299,0.04651148195976587,9.795413030265562,healthy
14430.010194618497,-0.24943815908366618,0.1459079971498342,9.700307024395544,healthy
14434.995194917388,0.030692779504090474,0.49380291749927463,9.868009585661683,healthy
14439.970869487153,0.09931927199014842,0.026017502841001662,9.810463615841833,healthy
14444.979195312433,-0.04748048571025951,-0.3851073526326142,9.773319903936436,healthy
14449.932471788074,-0.331886153082787,-0.17417848390642546,9.735319020024884,healthy
14454.905471531441,-0.02080807753116715,0.3431298849183596,9.734714232680249,healthy
14459.863666705842,0.3759873325729871,0.2880314158513636,9.898881236084547,healthy
14464.845374140159,-0.12902003130615106,-0.4303032450198434,9.77593851907973,healthy
14469.790681591581,-0.4023848951194082,0.16205240203594987,9.635947009140388,healthy
14474.743533562669,0.22255842316672503,0.3259395975722525,9.813544500838198,healthy
14479.71818939269,0.27422893276920846,0.09629989438229965,9.87155698588375,healthy
14484.673233440877,-0.07412319980102548,-0.17143935748385514,9.760726015377392,healthy
14489.778482275806,-0.09176425181180348,-0.13048303000879954,9.844946835896572,healthy
14494.72942756016,0.12714099387250277,0.21465565101674322,9.91855765357741,healthy
14499.707508631825,0.2851659158502975,-0.23292561969185432,9.85030294870905,healthy
14504.761073141062,-0.04113904308400014,-0.09029171933747349,9.879797564035997,healthy
14509.720065187856,-0.1534891875004468,0.1969126320009969,9.642718186997241,healthy
14514.662293995743,0.1121547226311943,0.14970647977257318,9.697319538069012,healthy
14519.621840826927,0.14066623685830915,-0.0408577801085529,9.910503522675574,healthy
14524.62398751497,-0.13079803264383927,-0.14682210633714138,9.80235916763286,healthy
14529.624051731584,-0.2818917410978433,0.1771963480594802,9.701544975975155,healthy
14534.61253761012,0.05899024886170964,0.01835915822178341,9.88559280547226,healthy
14539.562744246681,0.17589541007079637,-0.31796328313915134,9.89661518201349,healthy
14544.607246617443,-0.3647391903899705,-0.08857568526422988,9.863378126628035,healthy
14549.538812512525,-0.2942391025644339,-0.035792043739110435,9.847585923272838,healthy
14554.59067621192,0.4074089932947742,0.16057626480519166,9.816438979245023,healthy
14559.589845402747,0.16443188541624842,-0.21766639501397475,9.787166052073383,healthy
14564.594013609752,-0.37402999801792663,-0.04507122116292958,9.681691015118012,healthy
14569.605907195355,-0.23846727484940275,0.22366314261577658,9.641721456414368,healthy
14574.611480156835,0.23984109045916668,-0.07053734342000498,9.982415862831397,healthy
14579.685963294229,-0.12387135880593707,-0.2986828283254057,9.927931778211178,healthy
14584.59006996802,-0.26794426332049226,-0.010025613612207825,9.751238731652151,healthy
14589.58103064254,0.0036622690521516178,0.3969191030051066,9.855393595207104,healthy
14594.508734067951,0.24304965147946075,-0.013667277616029256,9.833589177630104,healthy
14599.511328298031,0.18975117153180354,-0.28309119850992703,9.94136352353195,healthy
14604.491115390085,-0.2436958503049821,-0.023816648826018506,9.749966933134802,healthy
14609.53927679245,0.17171525193408244,0.3613157558003695,9.764584787858334,healthy
14614.518139203126,0.26022305071838825,-0.04043339844166753,9.888534099121202,healthy
14619.526870803706,-0.06732927407399814,0.08836366677875807,9.838061167808481,healthy
14624.55606959956,-0.12778194160475917,0.005124413506884071,9.88886389285072,healthy
14629.62961265743,0.019059091849183363,0.1507038871063331,9.76606903121721,healthy
14634.53082886739,0.12381857265166274,-0.24853876805624442,9.915854466513933,healthy
14639.495462451345,-0.0960301177620619,-0.17405121083561637,9.73241745501059,healthy
14644.46476412128,0.08089409510539078,0.24457531711593616,9.824811543640907,healthy
14649.441874242975,0.14191111512939875,0.31776546679390044,9.80743402972833,healthy
14654.462118651372,-0.033493237118123964,-0.0460381293430448,9.701428730575804,healthy
14659.467911475402,-0.3127887519202438,-0.18396824420445324,9.730766942674768,healthy
14664.482896359365,-0.28937956772090345,0.17298391006444888,9.715801403036565,healthy
14669.5046404357,0.1951891128909178,0.2993431665096975,9.937915963924036,healthy
14674.492443076735,0.000222454631242458,-0.29419405655776343,9.737294574651687,healthy
14679.510972128957,-0.299877191926992,-0.28100922002455037,9.789972748783642,healthy
14684.554244728335,-0.1270508018379061,0.24866722378764675,9.76400034548461,healthy
14689.581931869769,0.4568798597862015,0.1664168465322739,9.871089319485652,healthy
14694.55573180361,0.2698549173197501,-0.2699082869697143,9.786144692751263,healthy
14699.577491291277,-0.05636774529774319,0.050118449353796994,9.839439338118432,healthy
14704.597492115632,-0.14085510009942281,0.4716108758829435,9.759419679523727,healthy
14709.551325058557,0.22680730470665816,-0.019701845446754077,10.025458548590073,healthy
14714.564084667827,-0.23171706245647525,-0.26011274569584697,9.744171315902905,healthy
14719.465040392235,-0.16910154053283827,0.13462442544512274,9.721347053684852,healthy
14724.506239314149,0.014453128578057521,0.21382233613335797,9.929523658598475,healthy
14729.465974857889,0.19961608376427192,-0.009010076093911985,9.844282597771855,healthy
14734.455812716564,-0.20616067381914266,-0.31346579638206207,9.954736472605743,healthy
14739.412167667499,-0.22524166915772334,-0.08878730068265064,9.611437710149028,healthy
14744.379713150547,0.07873078129507692,0.21444980457404772,9.848998195319695,healthy
14749.275568153946,0.13752980164965006,-0.11697966854178078,9.822726540406805,healthy
14754.342417004917,-0.16116899213684982,-0.3443311802378395,9.65312231696793,healthy
14759.363064042953,0.05088212738511019,0.07214259751889252,9.778090467403674,healthy
14764.377969479703,0.10117759113347327,0.20733074632709617,9.797174367953568,healthy
14769.446677004911,0.4346752768474582,-0.06891456961196951,9.849569440473246,healthy
14774.51224469881,-0.15528978847489236,-0.39812917385802304,9.704841029224571,healthy
14779.462429285031,-0.3660378107237584,-0.13350514576379682,9.808734064434383,healthy
14784.41643561525,0.1103560002682865,0.2310147886131783,9.903350501992144,healthy
14789.405634916167,0.0030371099398872337,-0.1715009282081414,10.051672484268023,healthy
14794.344788924092,-0.149142468359762,-0.25838364604598746,9.826404441607606,healthy
14799.332580386214,-0.2163413667459263,0.16271071588806435,9.690932209563124,healthy
14804.262646893732,0.43240269691685673,-0.15370513685170906,9.891303725787566,healthy
14809.357427274277,0.3235070533205015,-0.11957186871602042,9.902108521204813,healthy
14814.318626648284,-0.2812094311356136,-0.07958349476837856,9.700164214176704,healthy
14819.333906187361,-0.031905819783600374,0.1760357416041542,9.943963836485228,healthy
14824.30501268896,0.21602091532454168,-0.07286715313531449,9.773990803174188,healthy
14829.313692318043,0.012042746948292549,-0.2091445597315056,9.801566342010878,healthy
14834.35210599894,-0.06977755222072263,-0.07223252621438374,9.937673331041589,healthy
14839.337096096995,-0.1714559325705426,0.004382364322555066,9.883780319962062,healthy
14844.403786340255,0.24937745244442266,-0.029662478622022183,9.856929603912105,healthy
14849.398243515938,0.11918562455032859,-0.3453313250733273,9.77068558237671,healthy
14854.35988372652,-0.14087448901289695,-0.04696663179276871,9.770267242880834,healthy
14859.354691595834,0.12836925659355122,0.2516544761071829,9.79330582505376,healthy
14864.446689377528,0.16835933819151888,-0.1601890132465757,9.860440439457344,healthy
14869.40961498131,-0.1468255909718485,-0.06438389811419734,9.814227350771166,healthy
14874.408102418136,-0.3529111148574793,0.24991600771172817,9.668599393762216,healthy
14879.420445326936,0.14607722687430325,0.08899359642680987,9.924531216646677,healthy
14884.461759653435,0.2029201738995255,-0.1423420299065739,9.860512115516801,healthy
14889.498418162602,-0.16276111230199605,-0.4157081899953873,9.800116532519931,healthy
14894.497840626094,-0.17367600819183823,0.05583687096357122,9.810779977887126,healthy
14899.523316598765,0.1679341709612594,0.2088166426527169,9.8349158806111,healthy
14904.49524587424,0.27751078034011734,-0.18402252020745258,9.879615467886197,healthy
14909.516290216769,-0.20014431074005704,-0.12007459047470295,9.733668807567032,healthy
14914.573608795468,-0.23456922806982378,0.4308118373943891,9.774901837227723,healthy
14919.628280323315,0.08630535734476233,0.12623771718392104,9.8039848978045,healthy
14924.636998539287,-0.026203762387125767,0.12032856161223718,9.887939994755817,healthy
14929.57783856293,-0.25233431663858596,0.13519057833573067,9.717601205988387,healthy
14934.623348302372,-0.13308778665843946,0.08313673254652545,9.737684145729128,healthy
14939.562498179701,0.19219983846071603,0.2009252942326073,9.873942780097524,healthy
14944.575432316013,0.2594756347450102,-0.3144384091987464,9.750312068013487,healthy
14949.598801496528,-0.01937737441168491,-0.040587820315951435,9.708509777356134,healthy
14954.59879650117,0.13942466045622393,0.08218618365830921,9.710093006503469,healthy
14959.574622299504,0.42611418397621825,0.1839398790586607,9.865858504316984,healthy
14964.56326046781,0.1599988375390066,-0.275363286885437,9.84891308218415,healthy
14969.58457277982,-0.03270338709743267,0.17336863999140145,9.902839519811753,healthy
14974.570188094678,-0.044906942281040224,0.2963790140100016,9.815508196724418,healthy
14979.517485455312,0.23719760183546287,0.06407663461971418,9.911303264330876,healthy
14984.486881155279,-0.21144453442649389,-0.24980814631493156,9.782562371311736,healthy
14989.557710869345,-0.09515797319613153,-0.06345721208167888,9.65251181085449,healthy
14994.509662076645,-0.1016015858788406,0.4371769570908969,9.806691881862395,healthy
14999.582030551945,0.25075217558497126,-0.20511193839096148,9.858943283906637,healthy
15004.648962024994,-0.10925972431893757,-0.283145698393785,9.77261347025475,healthy
15009.679434723606,-0.3892272191245973,0.2527242976308054,9.75839958871406,healthy
15014.663462512259,0.2423424073974398,0.30739493545935276,9.823146031576503,healthy
15019.617870829714,0.21489874884895183,-0.22016797406313623,9.944595424719292,healthy
15024.601718563332,-0.06699862991095333,-0.11561666635766217,9.861853879749313,healthy
15029.533908927788,-0.025446895690969,0.3244106995724189,9.74961668816146,healthy
15034.545976832196,0.14147745078372026,0.005382374981796945,9.930712729325187,healthy
15039.535457036274,-0.014941225460982477,-0.15642417303061434,9.833473445743932,healthy
15044.469764752725,-0.07394191331813063,-0.1586072954856938,9.895674203241834,healthy
15049.489471772373,-0.2434271881926981,0.34251638079816854,9.644844616390866,healthy
15054.445837032896,0.08523635138032931,0.1347265828459313,9.860923251095706,healthy
15059.46186916614,0.12032282682832006,-0.2750262603604374,9.84244031681937,healthy
15064.46374890913,-0.36354398823054607,-0.09487464892410873,9.816080004268832,healthy
15069.451788804947,0.16395719822653,0.07436318344838808,9.836310612687374,healthy
15074.506446325075,-0.07524493564089746,0.04439104990711563,9.937702543950257,healthy
15079.539109944906,-0.21252183256071278,-0.21079868188142664,9.774206266113291,healthy
15084.517127925705,-0.24964126231539338,0.10700683736122858,9.69396255983384,healthy
15089.491378221073,-0.042236642451515316,0.18571755439303733,9.921513661780912,healthy
15094.464748850116,0.01562687599740592,0.13841328822173962,9.810364773718787,healthy
15099.522003837199,-0.13719898290027707,-0.3933031913455941,9.810087848115504,healthy
15104.541414984778,-0.03400889130663989,0.0954650628957269,9.871206199022001,healthy
15109.458322075214,0.2479585165994657,0.5973667753988978,9.877771575224129,healthy
15114.472715359927,0.3895489571201465,-0.03832439251186588,9.94335909024603,healthy
15119.532691238843,-0.043584152014316827,-0.2240289061200437,9.976833648272487,healthy
15124.558512657015,-0.30418831720680445,0.1613697182766339,9.688594218291785,healthy
15129.536815534713,-0.01829836344170041,0.31914273965874956,9.91228494944196,healthy
15134.476862675003,0.21884640858711438,-0.14103619597678302,9.879843890120723,healthy
15139.508249638073,-0.12815500035887747,-0.19879722780565132,9.640492140369805,healthy
15144.603224231127,-0.035828234403822656,0.0578537810807572,9.741259202810689,healthy
15149.594532288085,-0.018622416971238037,0.13137320674075575,9.92034401559253,healthy
15154.662400553438,0.25690410910572276,-0.15824960459858867,9.838805478400635,healthy
15159.719280519957,-0.15352280255979692,-0.060680080479214984,9.71405829884777,healthy
15164.685229512255,-0.07104344551768998,0.283521365285405,9.873514523769831,healthy
15169.735984457795,0.23173540169413337,0.0380372318939058,9.960564453338977,healthy
15174.74073609793,-0.010003404201100505,-0.16476969912012418,9.818114107401694,healthy
15179.747970967557,-0.2866500699427985,-0.26197120164391413,9.73721972924731,healthy
15184.751230043397,-0.22802139973471292,0.4024887826403927,9.685647467904218,healthy
15189.821017883743,0.4340418053857049,0.07873858957458696,9.857146967037025,healthy
15194.816035381938,0.05629385812941692,-0.1107217762941542,9.713770065299283,healthy
15199.761753269084,-0.2043225111641087,0.06436659281851315,9.846340919975098,healthy
15204.783752920006,-0.0630114702568477,0.3103427306399487,9.830494109070125,healthy
15209.751426880839,0.15960396022759968,-0.19306839681583218,9.788028451769122,healthy
15214.755901799404,-0.11785770270552128,-0.4189501165500548,9.889320045867668,healthy
15219.766626901008,-0.3164667491521255,-0.006756650992364031,9.717184894265856,healthy
15224.808021986246,0.14356022155170278,0.35603872315525625,9.866837025853306,healthy
15229.796554737844,0.3400940975202804,-0.005609061856121485,9.799880395594004,healthy
15234.748591827245,0.04819362218069104,-0.16367995692617424,9.795892103916866,healthy
15239.805908597958,-0.14165934693977517,0.09271365878994742,9.788198759877526,healthy
15244.794990788432,0.038005815513649774,0.11597253405349954,9.835571548614745,healthy
15249.84663655759,0.146302018700824,-0.18375650317752756,9.8612571119946,healthy
15254.87874890573,-0.030949378725687288,-0.009720133371649758,9.693930396136885,healthy
15259.895740209262,-0.32137660090845965,0.04869285397874237,9.860472606681068,healthy
15264.913837413145,0.09203364483491612,0.2582935578572501,9.893334126126703,healthy
15270.02123675462,0.1388142861573804,-0.35403419324728885,9.979314323001168,healthy
15275.064347549676,-0.27677153061527304,-0.24283769876734934,9.69081195142405,healthy
15280.05760242896,-0.2323220492057141,0.11839787331779024,9.91003090308106,healthy
15285.039862707925,0.35865538838417266,-0.033811212316329775,9.912721129978339,healthy
15290.03014842944,0.14720944321123325,-0.3899090261461343,9.890183348684062,healthy
15295.002152147437,-0.32793028697656496,-0.05281830599262848,9.696619784730261,healthy
15300.022710000449,-0.10184958839172399,0.1069629395641829,9.861672082749145,healthy
15304.95230520997,-0.03539775478064264,0.021504460622773364,9.928663956685375,healthy
15309.982732810817,0.1746111484466621,-0.12681956269518496,9.761256872878196,healthy
15314.994211827867,-0.4022904630641363,-0.05437055589222413,9.818118656746996,healthy
15320.043759842265,0.021939776351215017,0.2795170788707377,9.783912203392077,healthy
15325.056121393434,0.515988803529196,-0.1400045865574582,9.82532453656275,healthy
15330.089583278832,-0.07451648735394467,-0.13575750070450227,9.852686732080793,healthy
15335.159109916594,-0.05009698342536553,0.09719367995387515,9.729771276146623,healthy
15340.23238840408,0.2365196830000338,0.28988616416120555,9.78065195546307,healthy
15345.28035459596,0.18714137919846296,-0.258131599223631,9.913383133196797,healthy
15350.353354987605,-0.14183207702760395,-0.2073352452249291,9.837522243882287,healthy
15355.3570645143,-0.41751991743095707,0.37134922679044,9.747975208881826,healthy
15360.343418241826,0.057066956595679716,0.24076023578361289,9.875982702583958,healthy
15365.332563626247,0.23296586750659598,-0.2267854623921813,9.757440070107549,healthy
15370.279209496846,-0.08089876182391528,-0.21923691101927148,9.964049639155903,healthy
15375.232623030577,-0.13649899088912565,0.2135143710840276,9.673595647589513,healthy
15380.238391299154,0.2187335714445755,0.026802532121799505,9.915797842584716,healthy
15385.265009331499,0.22964851162714417,-0.3231067973936437,9.749832577000408,healthy
15390.271956304934,-0.24421882418202095,-0.1850996928714254,9.853222196345735,healthy
15395.3820822681,-0.4560225112974784,0.2551827644400053,9.658873435887072,healthy
15400.40804060641,0.3246343938274647,0.1323609615620366,9.820614404436592,healthy
15405.46725225767,0.1439443065086485,-0.25217398865600094,9.915465452030867,healthy
15410.542299638726,-0.25859005004437435,-0.18212318188150034,9.639821214538587,healthy
15415.537147565794,-0.13829908051567216,0.24019725587455246,9.73527822467237,healthy
15420.613230251009,0.03349700095152347,0.07532296095556693,9.83435202449838,healthy
15425.53317145283,0.08449731131319735,-0.27370447665840714,9.832824682407866,healthy
15430.507636937564,-0.30553884695873057,0.15945014773729,9.56910806844045,healthy
15435.555855342676,-0.029054132554512765,0.12032330279692019,9.78343275148271,healthy
15440.577922147457,0.22473976458531794,-0.12025963624024225,9.69507297833871,healthy
15445.637488904424,-0.07344644138469063,-0.17238106335247588,9.74446401519334,healthy
15450.639611638326,-0.147650354550966,0.2763817924745523,9.715156298010474,healthy
15455.630938867582,0.04523526069885706,0.19907736118461453,9.772120835544003,healthy
15460.595358727182,0.2270129187660817,-0.05364701708625246,9.969572647735873,healthy
15465.67539505278,-0.08563883666745598,-0.06891329057348725,9.763488589944203,healthy
15470.640345692178,-0.19225300842332618,-0.039616538637633814,9.627088652111977,healthy
15475.613066810052,0.12527653789019152,0.21744956293046364,9.705608414665358,healthy
15480.582175276333,0.1021409824068226,-0.22665307998188516,9.98272269838517,healthy
15485.615378233726,-0.02299889382789634,-0.29090308553410504,9.837918681383432,healthy
15490.571181922613,-0.02676516041555635,0.2199196215074785,9.852296674057245,healthy
15495.538661619335,0.2768708956432584,0.20400652121108576,9.843027214091038,healthy
15500.579082972916,0.2132196311742889,-0.22776541172698336,9.925160225057795,healthy
15505.61579060826,-0.38481922045470984,-0.10640072989996914,9.929667037827215,healthy
15510.65911648117,-0.2245672502353192,0.18022525396847403,9.724196820041511,healthy
15515.634243330725,0.33905391625418324,0.15688494134184713,9.815089153902516,healthy
15520.713146583055,0.30065753791830646,-0.33955071300065937,9.703506763782396,healthy
15525.67175698032,-0.28016234868565326,-0.18990889954493018,9.604247826295465,healthy
15530.653525560681,-0.10223435860825017,0.4691853118525298,9.934790202673602,healthy
15535.547208574486,0.1089674552326566,0.16297904616488557,9.94603460453419,healthy
15540.524731210122,0.08896935514271069,-0.1252847947865025,9.919005775654364,healthy
15545.625510382748,-0.04767851463955852,-0.21596504409089887,9.565248568497818,healthy
15550.603751642233,-0.1991697231161837,0.03984585776639074,9.732216430640355,healthy
15555.612786865522,0.20354093328862077,0.14684199248215862,9.77826046342012,healthy
15560.729030021823,-0.12647429465203644,-0.11220571889359615,9.878714639787495,healthy
15565.810163108681,-0.38073505081808656,0.20065251353114288,9.734189851654845,healthy
15570.752805617878,-0.08387925329199851,0.07265816434686034,9.77865351231082,healthy
15575.744502020747,0.2094425678025887,0.17568846603186847,9.89099621472602,healthy
15580.745615488442,0.2474974958114779,-0.0028902171733820037,9.789711324824795,healthy
15585.76195315204,-0.24032341581041575,0.019598469076542203,9.833527608847703,healthy
15590.65115364727,0.019272945435479846,0.3253774469599078,9.820396546107949,healthy
15595.651297558155,0.16023192776850248,-0.0683965260343702,9.93979434607375,healthy
15600.643792828148,-0.008653916938789419,-0.3639271994949467,9.812290880761896,healthy
15605.64861751412,-0.44260938436053426,0.29606642767588504,9.696003253581825,healthy
15610.706076746277,0.14267024726025307,0.2806005881985427,9.78464352722215,healthy
15615.76597182137,0.2309181078214777,-0.23580645354340116,9.806810599851259,healthy
15620.766854107293,-0.03403041231657522,-0.23032171035361104,9.767562424829835,healthy
15625.763725337792,0.054804980947266296,0.14148447207541318,9.806153932331224,healthy
15630.73975317685,0.20446318340254963,0.0077418164850938664,9.771880035292334,healthy
15635.743040212754,0.02837850922008195,-0.12738690699915522,9.876604576766017,healthy
15640.772571094209,-0.12642094613521543,-0.4020322276097334,9.750775983792249,healthy
15645.689644546082,-0.17862576483281295,0.16823036278847595,9.722244756975337,healthy
15650.742034741232,0.25923687714952137,0.1112801035947724,9.955210423169543,healthy
15655.793995245724,-0.12518684689584342,-0.04641137435338588,9.801305095675255,healthy
15660.8424984882,-0.3088796304001283,-0.17961061803677572,9.701620390908488,healthy
15665.86210343841,-0.0877749289213839,0.387089611370505,9.777315791076205,healthy
15670.84998110813,0.359586670633449,0.006166268383202021,9.87988297454024,healthy
15675.94065503604,-0.042268535853997875,-0.21033503675756074,9.720422587731948,healthy
15680.934850770262,-0.19533773487438716,0.24256724415869332,9.784140106673796,healthy
15685.892231137168,0.09564331397253471,0.2928867001051934,9.711949951574997,healthy
15690.821009535217,0.3421367404873779,0.05978878351245777,9.906618156288195,healthy
15695.805641754921,0.156853529918677,-0.059954538654866135,9.646121464858684,healthy
15700.755086788538,-0.4311939589011131,0.16286000955652835,9.638993553774261,healthy
15705.759344986429,0.07124459299495146,0.16963584098724888,9.882188660115526,healthy
15710.849460253328,0.196561993851203,-0.10449766855858313,9.982579173949192,healthy
15715.91838773638,-0.23565884080735552,-0.2981149618838965,9.888959118023811,healthy
15720.882825272105,-0.3164536595704525,0.18783314879627286,9.839000533833184,healthy
15725.903280936654,0.2145957644977962,0.348416688669979,9.841920146046277,healthy
15730.925307429618,0.42175396569154766,-0.1320416623719189,9.853145169020948,healthy
15735.976862730628,-0.28650060139788924,-0.17980032651935574,9.725804829783256,healthy
15740.9986130489,0.036342769841450434,0.17133992759235492,9.811727521034856,healthy
15746.026474873439,0.3175665323925142,0.2798991432177817,9.861839798452438,healthy
15751.066987206841,0.373808613873016,-0.3335129853810242,9.85291810293175,healthy
15756.078453972179,-0.35481923129113013,-0.24516238828743245,9.64177457126395,healthy
15761.108743266464,0.018852342346351636,0.38096835696306547,9.890956882147558,healthy
15766.021358569542,0.39731544966668453,0.17262733147004575,9.638533896211387,healthy
15770.998254108554,0.11325781013376864,-0.1265895473626736,9.832151913614574,healthy
15775.936770070395,-0.11578651009253325,0.04017745694981616,9.767467645615314,healthy
15780.946071155531,-0.06165025665739343,0.3024986300840535,9.913775340987907,healthy
15786.021854829904,0.07782540033233393,0.10556856123640979,9.948015539489115,healthy
15791.05286211571,-0.10152730846780178,-0.39260298867387844,9.87582943769289,healthy
15796.079928403033,-0.3442125227242213,-0.10676351767195133,9.742024583865422,healthy
15801.089922843801,-0.29714519871209943,0.16173990224604387,9.674307004775414,healthy
15805.977233185597,0.1519995668833941,-0.10045608594414866,10.117370387357175,healthy
15810.968964941227,-0.14389640713705137,-0.3923760819844082,9.779521057666873,healthy
15815.925754581387,-0.23781936424891006,-0.07929972749707836,9.866452248866668,healthy
15820.976428832188,-0.010421839683398097,0.289960827641556,9.84586755912039,healthy
15825.961713916826,0.162148552772875,-0.11993332841498774,9.872452190299898,healthy
15830.910459509021,-0.044861572574962726,-0.2063377584797199,9.819297130208005,healthy
15835.973646310807,-0.30407291308348516,0.10621992219819949,9.650906964008842,healthy
15841.021751709271,0.16689508932897296,0.22512481497672296,9.966297709717375,healthy
15846.047178097726,0.3085574289301218,-0.10998110111046053,9.886695295388304,healthy
15851.094258201867,-0.2351779354238988,-0.12683988262149293,9.782141111284542,healthy
15856.026005842154,-0.3711948342302757,0.3095434747771723,9.777183510373103,healthy
15860.999117972644,0.029649044702069055,0.25890538431865406,9.82865786423194,healthy
15866.055622408547,0.37901339038889514,-0.17130035234579818,9.770532456333056,healthy
15871.058056313817,-0.2928931908585066,-0.17496258597995581,9.686190217634985,healthy
15875.993284251406,-0.23111625793876067,0.2970509715609255,9.720625698380497,healthy
15881.041228974676,-0.006200261831506432,-0.16123089742689656,9.892487784589935,healthy
15885.979260642835,-0.04542384404959318,-0.278018243288569,9.869179178604153,healthy
15891.02091520048,-0.2539197577841654,-0.11994060398200222,9.805081493485936,healthy
15896.03883061018,-0.006844020858283895,0.3899576904794847,9.771376097733981,healthy
15901.038027271188,0.054852925559993604,0.15548788137489825,9.848618640962615,healthy
15906.029352201731,0.17203001971809245,-0.13887309066023895,9.769961031173134,healthy
15910.98695427146,-0.24047957340966641,-0.332741779747856,9.733748285142521,healthy
15915.985141109033,-0.16600234999778873,0.26536357751991424,9.795786519902034,healthy
15921.00564174538,0.20370638896343152,0.07665051587456587,9.94484533801995,healthy
15926.04543039323,-0.14123593617813304,-0.2546501206555301,9.843142135633068,healthy
15931.029005140374,-0.32081624682419124,0.09697090311016977,9.703509424843894,healthy
15936.097922697163,-0.0034563356106121178,0.3762649352011652,9.754379890077923,healthy
15941.122127095097,0.4756255213965953,0.057126500152354015,9.868191020340781,healthy
15946.150962554191,-0.021104211596680147,-0.3440109623226668,9.775381457871704,healthy
15951.134956591655,-0.4884681143340657,0.11961982535544129,9.635682764290761,healthy
15956.211466073966,0.2897656208765277,0.36065669588665583,9.77357965999643,healthy
15961.17974128736,0.22809250247874963,-0.2607561271834989,9.829082297890132,healthy
15966.139134346,-0.12539675298643965,-0.18597676673662086,9.704012037748804,healthy
15971.09782896324,-0.24751090302746842,0.15284455604306169,9.823980666262251,healthy
15976.04713934146,0.05178259575826363,0.24565176658644713,9.812395046748398,healthy
15981.009449304833,0.09110876793801843,-0.13940174107529532,9.772472816569126,healthy
15986.089641357801,-0.44640945533596427,0.005508983548969476,9.720770310671828,healthy
15990.991964009729,-0.11143262516527958,0.22145635555092108,9.616734021439152,healthy
15996.050598121003,0.1277997527119151,0.571823632783355,9.805141139288839,healthy
16001.143158190767,0.3319917342239542,-0.3121821062862421,10.053148970457825,healthy
16006.15501118281,-0.22852680809382214,-0.017301461787918485,9.686678214032852,healthy
16011.13597596332,-0.27411888870143025,0.24950880398766745,9.754189348369547,healthy
16016.165258526673,0.08467471549017488,0.2140592922719241,9.842213090706327,healthy
16021.286122982687,0.12585540540819506,-0.4476875676224874,9.710570572433245,healthy
16026.308323309053,-0.263538824986492,0.05405524807703753,9.814338747666167,healthy
16031.23575531048,0.08775339855165987,0.2962176175155464,9.837894266128009,healthy
16036.23346911123,0.0950810923460727,0.16614764154307018,9.748510940148453,healthy
16041.270739552552,0.2889740715237664,-0.1742263287423721,9.842812984792255,healthy
16046.27706261763,-0.05417444536122465,-0.0593040627267008,9.749195802230604,healthy
16051.329951498974,0.0198239445220783,0.39152814338847564,9.841711342789472,healthy
16056.276079411105,0.1749182429220334,0.012439531768863029,9.905922705659687,healthy
16061.248254312275,-0.10109638631600523,-0.2684860383255833,9.888240122098098,healthy
16066.214060244096,-0.2517049443070292,-0.059079727850644845,9.804603398354134,healthy
16071.148348352246,0.21540367276631275,0.2725861119894251,9.867416555240059,healthy
16076.155020456677,0.4485504213413508,-0.06593141913507469,9.849791343299731,healthy
16081.061677916334,-0.055210821293995606,-0.2060977031904045,9.786544766191563,healthy
16086.039460797572,-0.16944104130611137,0.04066587438836359,9.963774530943057,healthy
16090.999738116981,0.3342107959610134,0.17538874924703513,9.76145166843705,healthy
16096.005951939358,0.3349434351585741,-0.11695531372779881,9.793861860533642,healthy
16101.039586039831,-0.13717095404675125,-0.12322243821245839,9.808166740047787,healthy
16105.975636795381,-0.23309204106493386,-0.0008692154377250849,9.794658678945357,healthy
16110.9882219005,-0.06809710495778015,0.1774252259135739,9.905135156614222,healthy
16115.90679216165,0.2880706641808627,0.07145681475475624,9.909701810406528,healthy
16120.931145128381,-0.11224833745794813,0.0986918191336805,9.759431017910364,healthy
16125.929487231208,-0.05771924178986583,0.31626303729325533,9.71247441108197,healthy
16130.934291411613,0.20774810719996004,0.1513368856572163,10.000446574808283,healthy
16135.946147290284,0.2563513151633896,-0.39650019288186245,9.767353363342885,healthy
16140.868817996665,-0.3307211351523683,0.03687908191346857,9.862527324208104,healthy
16145.83508962616,0.0035024152549038567,0.24641757969861292,9.67493512201229,healthy
16150.818801661511,0.18331863796999093,0.2531051243321404,9.981189852043478,healthy
16155.841483847766,0.22080152019471344,-0.1844134350637758,9.918289303259442,healthy
16160.889264214284,-0.22465806388284273,-0.09728787940994602,9.857983573049156,healthy
16165.878309520664,0.004654517788157196,0.5407710815382372,9.943401748868093,healthy
16171.003092760631,0.38865926195784883,-0.050725754660361805,9.911334573693058,healthy
16175.996124283756,-0.05528030607071306,-0.5031269063842685,9.829995122620263,healthy
16180.970477844498,-0.286834614983684,-0.22174403948902174,9.830193674893128,healthy
16185.992461417114,0.19767027222000255,-0.07772253975739696,9.856177697259046,healthy
16191.035090656012,0.23608093554669568,-0.2032280374104265,9.989444476140488,healthy
16196.107044478173,-0.07902590844858327,-0.3997186158230317,9.82203046111419,healthy
16201.197867188128,-0.3061881419482429,0.18867106856968413,9.827373795485835,healthy
16206.10742477843,0.10750048394241457,0.12232917993643502,9.782985095152885,healthy
16211.085724241304,0.26621197573039296,-0.06722022060877134,9.906994761710083,healthy
16216.110077454288,-0.052817139554622056,-0.27146982442056233,9.779055406324261,healthy
16221.218494593251,-0.13599910050405334,0.17466270391234787,9.801433751393867,healthy
16226.120696893371,0.30788999391567107,0.27084415553186697,9.80602274572426,healthy
16231.034760643894,0.15349717719446937,-0.1361012361675022,9.81370067234045,healthy
16236.01427645318,-0.14060495947588683,-0.2809093016579267,9.872659307870132,healthy
16240.986917876522,0.04668516926116539,0.22770913945838442,9.739183840482529,healthy
16245.992620606454,0.13650980813627678,0.31909010208776767,9.784050095687299,healthy
16250.995924839,0.1436230632568662,-0.05861059807149929,9.791887676537698,healthy
16255.915842540908,-0.1077441138856691,-0.13803045657376653,9.604702815691587,healthy
16260.970878759374,-0.07202295083500213,0.26117629605115006,9.73186476123466,healthy
16265.940947393698,0.2866072784697782,-0.05241064833477446,9.868615157574874,healthy
16270.936159627692,-0.06368125088224347,-0.6411461656982731,9.710432981888786,healthy
16275.996598189704,-0.19996574478682985,0.0631575388331684,9.87112326361162,healthy
16280.925476818893,-0.30895826215912536,0.20341513287883473,9.703484671906285,healthy
16285.95591893385,0.26532791402676675,0.020286346754390006,9.897924950093278,healthy
16290.916620389606,0.02218677964013623,-0.1784451081212563,9.881377299460253,healthy
16295.883285195114,-0.22417407329313174,-0.24363046929972998,9.868614872625034,healthy
16300.902366650607,-0.24964842319863417,0.06896500676231312,9.919119399245583,healthy
16305.807051029686,0.3267829595564833,0.07608661366403305,9.813241344655596,healthy
16310.817080200579,-0.1624063861408201,-0.26208743313738464,9.719989745005355,healthy
16315.918143901652,-0.21012448045050178,0.1613651299121587,9.799762651932472,healthy
16320.901489151154,-0.06395284783802929,0.34377248695203216,9.859204846400255,healthy
16325.951265222177,0.2745751571854278,-0.11281321716772943,9.838611536600284,healthy
16330.946487227638,-0.13763171081456094,-0.08768700252027781,9.651395850750184,healthy
16335.891789824898,-0.031620595491136494,0.13272154155513005,9.80362630617881,healthy
16340.915533591304,0.14348577407392896,0.2611458656073586,9.82194889632792,healthy
16345.874800173935,0.24157273692756287,-0.03354843412665642,9.871320677310347,healthy
16350.82371366582,-0.2077383608166919,-0.2575905388689634,9.70852850759812,healthy
16355.793269050373,-0.025394441536078755,-0.00620058318312644,9.89579499693643,healthy
16360.820475663711,0.14110900085823466,0.2553138165366299,9.84697347418836,healthy
16365.775194005553,0.07873332673579593,-0.010626971494458737,9.824550167800243,healthy
16370.735567292748,-0.27130923439150645,-0.07703816782539219,9.685949070824702,healthy
16375.69751066967,0.08673922379466933,0.1610542338451048,9.794744076600177,healthy
16380.73208670145,0.26152146742822224,0.03324315375536446,9.845145119299396,healthy
16385.736032440756,0.03264376753076777,-0.24754471659663263,9.798559710853686,healthy
16390.692966161445,-0.17943491945533044,-0.32161430411729486,9.870158849023163,healthy
16395.69720831597,-0.44439122959080934,0.12151183004162772,9.859838016436958,healthy
16400.615858443056,0.07678432186379452,0.16801053085869666,9.807571441640892,healthy
16405.59655003011,0.09919602222823792,-0.21716533736317556,9.683196956537303,healthy
16410.54825765453,-0.20704914580026992,-0.06450260606567931,9.827934475049732,healthy
16415.492392109303,-0.2515383447590622,0.1498417178700912,9.910427076498841,healthy
16420.38375521801,0.08512454057690472,0.17017905622808216,9.755834925904718,healthy
16425.2903173699,0.18474634985620306,-0.30210409528434445,9.695956024796384,healthy
16430.297602812276,-0.08098271264407492,0.0961532176951655,9.705035296156524,healthy
16435.326689917645,-0.12371819095495624,0.19098393577574058,9.695458898029663,healthy
16440.305722036283,0.14427937246002287,0.19415290183900125,9.797781387701832,healthy
16445.223977465175,0.17782162465036222,-0.2976538825938128,9.921887233060655,healthy
16450.19366682918,-0.30928678116408614,0.24497246585388788,9.557285142701955,healthy
16455.245238457213,-0.006129883970658782,0.347313001699635,9.92253739844403,healthy
16460.31291726675,0.2352198262047428,-0.04306680126320227,9.74349146632299,healthy
16465.2637522845,0.06036573191730747,-0.39809853191897926,9.811849187750216,healthy
16470.31209501252,-0.31661211165377057,-0.15809385790948394,9.677402615118549,healthy
16475.315935340008,0.28667030542859984,0.18401455291918487,9.781530002866003,healthy
16480.294088473103,-0.10302489211481602,-0.033998130415758665,9.64806739927228,healthy
16485.297119385166,-0.08540251606406617,-0.27398698292232854,9.907128981938158,healthy
16490.321737050817,-0.3485494846135738,0.21230248864499157,9.693964796604734,healthy
16495.338867157196,0.1846258970979824,0.09750787445204696,9.93220244591729,healthy
16500.339394007126,0.23870901372699777,-0.22867068280680536,9.769219292157075,healthy
16505.38434622629,-0.14601659166915285,-0.12700823476699216,9.712738685586851,healthy
16510.379766146714,-0.21769179042699713,0.4059500599710336,9.711369582713454,healthy
16515.33894895912,0.26336134872878253,0.0011026183058361616,9.906046950798666,healthy
16520.37810778031,0.28260281359194694,-0.4337673873344188,9.870389681480276,healthy
16525.401952822445,-0.04906507697718401,-0.20183339403159262,9.74185762246801,healthy
16530.378942239626,-0.22235663555921936,0.22860302623633955,9.67305901643885,healthy
16535.345552492963,0.2743988082101567,0.23558575910047735,9.837782342244502,healthy
16540.334855550474,0.1298211552370973,-0.31136231323612334,9.777479097732098,healthy
16545.434326648985,-0.30716039767258513,0.17299575016488475,9.688201166088588,healthy
16550.37480418042,-0.04266803480386931,0.3305657701908806,9.774981148975735,healthy
16555.278027932014,0.6104438653882287,0.2325643950040039,9.873930485576606,healthy
16560.271515992834,0.010460258269668132,-0.18957988856165287,9.713020416511668,healthy
16565.317120727785,-0.40883621139180537,0.04145278549428376,9.744823425977305,healthy
16570.25449776068,-0.09547515936828069,0.2508238219964792,9.701252135997974,healthy
16575.267124686194,0.22461655075569406,-0.23115772617541921,9.825829028909148,healthy
16580.230695264687,-0.03477897645595544,-0.030409264316116458,9.952351355990928,healthy
16585.316047581124,-0.11952881969780693,-0.024196926065226138,9.825535591867483,healthy
16590.270355450757,0.16931077368656866,0.02686243826725862,9.959704856659796,healthy
16595.2836149028,0.31559217438713055,-0.11513122374441839,9.852947257498144,healthy
16600.28850523192,-0.022996622865524882,-0.060598293143433735,9.780458878234784,healthy
16605.310492670546,-0.06393085502556484,0.003450762235387539,9.760170461256896,healthy
16610.287968344153,0.20385314517606393,0.3692111198287064,9.732029300696528,healthy
16615.312063572346,0.12967968988545267,-0.1099915804414687,9.87163747334174,healthy
16620.343745998456,-0.14205423495287006,-0.1038341397075985,9.858151932270513,healthy
16625.38763293262,-0.09686503974643909,0.1863029859429704,9.761699101581147,healthy
16630.395114145125,0.07979637536957278,-0.08383726245758069,9.948899799122055,healthy
16635.422715948356,0.0661319183393548,-0.10282240827757169,9.773080230239097,healthy
16640.399843337877,-0.08842976278343678,-0.29490877764754164,9.829254625704422,healthy
16645.41183589697,-0.15745370190541236,0.4755182805470164,9.626365220211692,healthy
16650.424536441806,0.08612504558437073,0.3875801941177321,9.91406570284743,healthy
16655.406507207448,0.09766113217289751,-0.35146009290914537,9.83640037687491,healthy
16660.3323931801,-0.19539566395456426,-0.11566994046784296,9.690407420149924,healthy
16665.350235740738,-0.1447153344715401,0.1160592588483621,9.6050233670198,healthy
16670.32929651278,0.274447602406722,0.2197836840605304,9.815183903192525,healthy
16675.34873191155,0.11252096424531316,-0.25603391311021795,9.794972984793109,healthy
16680.37330242499,0.20412294892713959,-0.07244664006367614,9.946005427084923,healthy
16685.450622040433,-0.08264116537983604,0.08530992297892018,9.82597542447263,healthy
16690.464550845798,0.058528866493435555,0.05479074882115231,9.798490607707073,healthy
16695.46456632285,0.06610491300074071,-0.13479608693107167,9.736778761194863,healthy
16700.493908542863,-0.3283411560768027,0.1418956875680863,9.924018948566395,healthy
16705.4846009483,-0.04133075219176369,0.08966558451462373,9.818421738525572,healthy
16710.40934143936,0.254982717494373,-0.027203134500144065,9.883419254429118,healthy
16715.411835848357,-0.07808221199315678,-0.36920167551550465,9.74094444546484,healthy
16720.3549999149,-0.28989059771666476,0.09608164075071542,9.658016884383741,healthy
16725.248697737792,0.09315191984306058,0.4086144196594128,9.802630451297679,healthy
16730.22320730673,0.30439220381520876,-0.06767564232521775,9.80018850048317,healthy
16735.221040589317,-0.050132187699798665,-0.000600117721036908,9.767298914584066,healthy
16740.133936223472,-0.2106979919801225,0.23246437597857217,9.669207513200668,healthy
16745.13707786132,0.2600182610871995,0.1537441848095745,9.752045592374257,healthy
16750.119529584343,0.254508524722599,-0.0819464460227991,10.091719262294665,healthy
16755.064430172763,-0.051989537967857644,-0.12064560804054811,9.765885077313921,healthy
16760.008705581564,-0.2959184128038759,0.024149541317563833,9.804790656811711,healthy
16764.9609423879,0.09506688306338273,0.2676466953076098,9.820031832712745,healthy
16769.91034298976,0.053087475781878044,-0.3300926322542518,9.740347400166785,healthy
16774.935488168827,-0.13629693611175397,-0.14312653728240843,9.714861240656841,healthy
16779.974935207458,-0.3650921412910202,0.33382123302411715,9.881795096476473,healthy
16784.957728431375,0.27838428240388025,0.18582929828058337,9.790488228865994,healthy
16789.886562754666,0.0747128097567202,-0.24663660246986624,9.886623898445151,healthy
16794.88314239892,-0.22460224565036768,-0.023566530767575186,9.7343928145829,healthy
16799.838492920007,0.10170705178308798,0.28721419423731115,9.854071049282831,healthy
16804.831345647566,0.21622400552499194,0.14520384444312948,9.827081434775751,healthy
16809.843008371816,0.2560405329979722,-0.4322228349790468,9.903851482303969,healthy
16814.863662943062,-0.23206086062131023,-0.17830909955451169,9.806989143988233,healthy
16819.78299943397,-0.05021010815704671,0.1997200075456349,9.723769628208647,healthy
16824.82689614254,0.23347328528311856,0.24454720296683735,9.870031559216919,healthy
16829.841861571662,0.16644691153728758,-0.2528698283537258,9.89952722391352,healthy
16834.8005385546,-0.06521006847876065,0.06965696788515653,9.729516102582197,healthy
16839.806691436115,-0.054760397376427516,0.2705864979894736,9.75341223536883,healthy
16844.859528359808,0.4904974812114099,0.07366761827446291,10.07353474014771,healthy
16849.885845233493,-0.17321777945464945,-0.18533252113731652,9.914556551617034,healthy
16854.914588895423,-0.15746215134040015,-0.008073022808988028,9.662641908298443,healthy
16859.88745106836,-0.07254714653936885,0.3519875753115941,9.89768179734504,healthy
16864.934919001,0.3049602617927231,-0.09063514739770683,9.825847882608645,healthy
16869.880964051288,-0.05577301021757535,-0.03313576730714063,9.871549350504354,healthy
16874.98693603877,-0.39532724276570763,-0.034662514396984034,9.835887046302105,healthy
16880.01573023658,0.04923856814241287,0.33828025440591797,9.848001374535881,healthy
16885.036394105977,0.359682246745732,0.033084987552187445,9.771344261031677,healthy
16889.9493714626,-0.3167482790027472,-0.42905372777394646,9.734322125867234,healthy
16894.971081947613,-0.048916388424355195,0.16947160182955617,9.80890898594649,healthy
16899.87840148242,0.08838323546892089,0.19768981177014755,9.976867863927545,healthy
16904.883948837112,-0.12262459143303414,-0.1487631681699581,9.63945731606143,healthy
16909.888090190223,-0.05001807678501766,-0.19367999748522324,9.831108593164078,healthy
16914.9772492193,-0.1661175185903161,0.18245250767325694,9.841207681611408,healthy
16920.016331078285,0.5388050198707878,-0.03913858382413782,9.846405642691419,healthy
16924.988273484993,0.0803788262246745,-0.27637389150425773,9.873431158631554,healthy
16929.936694923206,-0.23827180721257288,0.0020925101822244774,9.77121041351098,healthy
16934.971460737674,-0.05422247309510623,0.2506665437115685,9.776527819619513,healthy
16939.931065869172,0.2141903381672958,0.01576311532639104,9.73864140144507,healthy
16944.85725167291,0.03214387188872199,-0.1094092468756836,9.827108226346818,healthy
16949.823597917097,-0.6357823435441047,-0.02332328631871052,9.7943554921116,healthy
16954.713820892594,-0.06621438894552877,0.19787755719263717,9.770083520651715,healthy
16959.776056196664,0.3197493304937898,0.028248656508057548,9.910297296222495,healthy
16964.77358393022,-0.08055015101476373,-0.24436203253569053,9.842420207213433,healthy
16969.70085058583,-0.2913274262034974,-0.04384506041603016,9.853532243482391,healthy
16974.661586979088,0.07556234985498476,0.2592865105084862,9.83015610169007,healthy
16979.626936528763,0.16880932469984838,-0.0948471759535608,9.83974713810606,healthy
16984.608582753117,-0.0769072771390663,-0.21184129018442757,9.655537647743582,healthy
16989.66747710979,-0.03573424297135519,0.09191348202707017,9.68318440338759,healthy
16994.715509283847,0.11162320829813498,0.48999437691455616,9.828731627454236,healthy
16999.67806559585,0.3523435098178538,-0.0802136559207794,9.855823097390488,healthy
17004.70000418365,0.05304961524184018,-0.17960377207651312,9.762240635333566,healthy
17009.736250728638,-0.2882356855614524,0.05568301117994792,9.703998203957708,healthy
17014.807519758102,0.13871823963931715,0.11320817790989401,9.792044583719678,healthy
17019.871113155627,0.25293368943492517,-0.3184096859998844,9.877454533636334,healthy
17024.9162621342,-0.11001896352463308,-0.2426406774508812,9.69645766301853,healthy
17029.93543543973,-0.20685483767773497,0.32812481461841453,9.63867684839931,healthy
17035.017863439836,0.1346432745361721,-0.04205617795692171,9.842907304626564,healthy
17040.032459744667,0.049445641276294125,-0.24487308473334607,9.924292555870995,healthy
17045.070178187016,-0.35319774230263257,0.004104286821990127,9.74775215599972,healthy
17050.10915805427,-0.1465261523731809,0.3491246994037345,9.77699132385898,healthy
17055.09360422862,0.11589865276077271,-0.0161584395429369,9.84282199944189,healthy
17060.11903142189,-0.037756981322899355,-0.4939738536229389,9.882412553482794,healthy
17065.08725518316,-0.2670252761209199,0.049458628511087906,9.74904938422462,healthy
17070.07146260678,-0.1324540505544652,0.09427653464345895,9.692897810565581,healthy
17074.99599703059,0.08680795842315167,0.027939751426075334,9.827913285542285,healthy
17080.000091731163,0.10645750536282071,-0.3003641692579466,9.659941790166526,healthy
17085.02780410341,-0.2343349180491855,-0.1069479442013472,9.73807194567228,healthy
17090.025960902796,-0.04830183915685382,0.2995496634451998,9.92974658086648,healthy
17095.027002536423,0.25402202558094233,0.07642766448841423,9.858554845608925,healthy
17100.045963642773,-0.12242717183372837,-0.37852520550059326,9.774011679304188,healthy
17105.025006598655,-0.05449371956296825,0.019480388371034683,9.686222730356773,healthy
17110.00408150194,0.1460945450046961,0.1769732818114354,9.740223004342456,healthy
17115.02576561018,0.1841980410638117,-0.0006397651049023234,9.828111000339593,healthy
17120.010938234616,-0.25539675870922685,-0.1952937458046249,9.729124787813673,healthy
17124.98685052749,-0.061121918683057525,0.060102007125651793,9.850051623653387,healthy
17129.954888675747,0.22566809575087698,0.09351160717436917,9.789293290145444,healthy
17134.90807577449,0.41616372219006637,-0.07230928339289167,9.946972293041627,healthy
17139.84945141753,-0.06480698936831933,-0.24749506325457063,9.73762769713337,healthy
17144.92734944194,-0.24382064153930755,0.11197011496474454,9.844012356640311,healthy
17149.870766365115,0.288844406001183,0.15432893009906729,9.86800257641719,healthy
17154.788251258622,0.007612818280550104,-0.3373354771435918,9.858948902018616,healthy
17159.763778642424,-0.09227435736166653,-0.2966781378828566,9.766211172530713,healthy
17164.811018717253,0.058585042674172694,-0.03143912942371649,9.663777446028972,healthy
17169.81825105839,-0.10083565820906853,0.13356576641216578,9.856708939682143,healthy
17174.851869072736,0.22475880000876472,-0.20474192974291033,10.005866772711185,healthy
17179.785030368348,-0.5406604800321564,-0.0787173519938529,9.763564227184627,healthy
17184.75122701051,-0.3267100684338393,0.3253486957267248,9.761121812881795,healthy
17189.712719254316,0.20184505234226666,0.02522319915087786,9.663495170330405,healthy
17194.7415708962,0.16680926161754014,-0.1324433518944903,9.843731941571411,healthy
17199.776038345226,-0.4013900938016148,-0.08086064947661005,9.767270544827035,healthy
17204.607218321795,-0.1532658098211147,0.22201033052236116,9.891842670984076,healthy
17209.62271658087,0.10551507201896307,-0.0017652288498764754,9.891160509387264,healthy
17214.614558255318,0.21648214994963313,-0.07264817300504384,9.809695387334283,healthy
17219.50179971148,-0.18908401774117808,-0.14015744603310518,9.696715701493105,healthy
17224.520799508788,-0.08093238206893869,0.3314914245061693,9.87426836100079,healthy
17229.628554146057,0.35165127503879917,-0.0977123311025268,9.84502711912501,healthy
17234.516652330294,0.0510388954030487,-0.11187789209812593,9.589076474133913,healthy
17239.500484384,-0.18667522521668017,0.26025012889556026,9.72655461356376,healthy
17244.545716265555,0.11277670620992312,0.2807588425791818,9.851817568861357,healthy
17249.539024402864,0.16130879430885237,-0.19404687382898866,9.823731439133509,healthy
17254.487234175645,-0.19876628525872553,-0.25934441587649976,9.848331805089316,healthy
17259.401663066317,-0.35562721547307247,0.1300331087728193,9.796864172369256,healthy
17264.344357425194,0.12008785084846217,0.21998720520464018,9.759577690093645,healthy
17269.373796656433,0.15504778076011183,-0.11764414257961998,9.867251410658216,healthy
17274.34718260936,-0.03179136599474265,-0.05381005993040633,9.774022680625334,healthy
17279.289737744162,0.13472835581733217,0.1781926562367448,9.763565096031956,healthy
17284.104030235016,0.32348289489397597,0.07555217966122284,9.696609373611363,healthy
17289.11219492159,0.254302255548569,-0.22999854504849632,9.791518873016795,healthy
17294.13821244619,-0.19691996611098606,-0.20064692599421335,9.72195552828428,healthy
17299.118876742312,0.05804492047756493,0.2951879355588628,9.698723244854856,healthy
17304.035003219953,0.36479810266774093,0.16790545291159775,9.966121550237483,healthy
17309.017265799637,0.06899405874957498,-0.46333270709716756,9.83523192635226,healthy
17314.055410417495,-0.19262924480641527,-0.2780923786272842,9.8175659040006,healthy
17319.102087346815,0.06196977216220417,0.2457408480592057,9.711452217632644,healthy
17324.22542947575,0.14742073112452186,0.08372964617175693,9.903162139290657,healthy
17329.294234584955,-0.06784104471230196,-0.17047467024385002,9.867762791711046,healthy
17334.244832879558,-0.3779758180840387,0.007860913137149345,9.91848420551809,healthy
17339.306598413765,-0.0930533615455589,0.4456064357678701,9.881101062549439,healthy
17344.37896349801,0.4379113271411305,-0.02926518005437012,9.934098140119639,healthy
17349.35521444214,-0.19989212135328496,-0.20466015256227388,9.76164282741508,healthy
17354.320848671836,-0.36238586647744453,0.09686522854477185,9.803209783641481,healthy
17359.31926104705,0.19860279561303895,0.048521626841131676,9.822634660855202,healthy
17364.342868683638,0.04145597072582974,-0.2607670088673043,9.860830872181939,healthy
17369.34507740783,-0.0454885639520092,-0.28306813535516345,9.857459285652784,healthy
17374.353176990953,-0.3590392875341105,0.02901131026783514,9.862761876598515,healthy
17379.287371450453,0.19283916250884559,0.08241068183162095,9.87241284481353,healthy
17384.314893517036,0.4115827809590139,-0.07712657309664464,9.763628330733939,healthy
17389.317321508603,-0.29084661364523734,-0.29639970832337265,9.79348600448024,healthy
17394.33311805851,-0.2356034861403452,0.20866050220491048,9.855322802949223,healthy
17399.39747492717,0.14595806473290143,0.3148592677423325,9.78839087555574,healthy
17404.381738152064,0.17070474697920013,-0.3125306212366787,9.860089077379603,healthy
17409.37054258702,-0.35301072210036655,-0.11931053140586939,9.661982411889737,healthy
17414.30985706906,-0.17819347247067477,0.27784605939738216,9.621196842684927,healthy
17419.344800900562,0.2998429574240533,0.20179220170888737,9.776248192708675,healthy
17424.396954175598,-0.04032595137002437,-0.19293289318191126,9.831073511378294,healthy
17429.37657649844,-0.44580208593626247,-0.1239037931596085,9.79627440220016,healthy
17434.409702535384,-0.13928256610789147,0.13655269640983872,9.745284958143985,healthy
17439.395342157433,0.3846688193341678,0.06782948455815462,9.918414680034479,healthy
17444.348108714465,0.1466881789376424,-0.2096611404518448,9.842010100962526,healthy
17449.32735399814,-0.33869477697737715,-0.06095933405369036,9.677102029034131,healthy
17454.388234358277,-0.15422817728804974,0.31667584084952294,9.915894036470153,healthy
17459.407904849548,0.19973222967978183,-0.3270602095542493,9.885922500986933,healthy
17464.49160553874,-0.1752030643846355,-0.16157530108364104,9.790637111663125,healthy
17469.544290247988,-0.24342829119695047,0.12424338087457067,9.664075510614166,healthy
17474.629863420025,0.06794152752368636,0.4277740023649548,9.908090480393982,healthy
17479.660937695382,0.5142701254211067,0.08147242301652355,9.931093495568911,healthy
17484.747258021474,-0.03808533663044921,-0.15681825447869718,9.788885790142816,healthy
17489.684837076842,-0.07250936435602981,-0.04682632497937145,9.801494168930473,healthy
17494.68775790382,0.2085326679106647,0.22389455539972114,9.816892041942682,healthy
17499.607939812322,0.27297551896534034,-0.06320365645059996,9.864942394388164,healthy
17504.57583645174,-0.2814564906955749,-0.13614517720904934,9.789758900508383,healthy
17509.61073457476,-0.26996406893471614,0.1592138743121776,9.677733185759399,healthy
17514.53533522891,0.2413574567782924,0.23855518082966296,9.875797035494617,healthy
17519.474531243523,0.23380455354836627,-0.10123421804939647,10.016010237156667,healthy
17524.588102839887,-0.29588099493530484,-0.25372692236344097,9.75543926128571,healthy
17529.618223923946,-0.09492830880180127,0.13172907984261645,9.996214177680963,healthy
17534.62050230003,0.18975585244691984,0.17615026926821034,9.985012234309067,healthy
17539.567632683917,0.18946234587570668,-0.24889017018362225,9.892599238640436,healthy
17544.585969991407,-0.32094362355171063,-0.07470572878044612,9.69453465912644,healthy
17549.715077439527,-0.040855061978899224,0.21494086025962833,9.74911192614899,healthy
17554.652566810157,0.42473193103370477,0.06468211224067325,9.823899542804,healthy
17559.722643244226,0.011839761722323178,-0.2866352677029728,9.794857053788222,healthy
17564.702907998533,-0.296934078358381,-0.07039484070784328,9.766171497216183,healthy
17569.67319085255,-0.0183261593982917,0.23225754399212972,9.677042781468638,healthy
17574.64805816664,0.17129344218627574,-0.034264821387179865,9.90143907500358,healthy
17579.60669792139,0.14062944702839253,-0.4019944127683982,9.842634490196197,healthy
17584.664399748784,-0.6843256540900354,-0.1141254798200417,9.70011296345014,healthy
17589.70788529753,-0.010246076584445438,0.18348074339463594,9.629489061245861,healthy
17594.495972795736,0.2814132742783943,0.10346332658879283,9.888977836032105,healthy
17599.46416561921,0.1752248501554647,-0.4866879979218379,9.809734865877337,healthy
17604.4015091388,-0.295913827634828,-0.04569279135887309,9.75407423583717,healthy
17609.35249818904,0.01838560201453257,0.322751033348603,9.687917055664464,healthy
17614.367226622217,0.44231401379804025,-0.27424713448832494,9.92303321749842,healthy
17619.350869258495,-0.18213506433398358,-0.31601826033171176,9.637380207730011,healthy
17624.3627339003,-0.4020931663974494,0.060347640192690885,9.799734678377524,healthy
17629.248639988127,0.08746167688520777,0.13220369119448966,9.95483228696434,healthy
17634.185956169316,0.0782987754008537,-0.23452671976329775,9.721421141275485,healthy
17639.225608122524,0.11264748727953211,-0.3785423655545636,9.710811765733721,healthy
17644.27963180995,-0.13600341398148774,0.04808835432894659,9.6965396025746,healthy
17649.326256846063,-0.15303838502082687,0.22390008903566655,9.915732945830268,healthy
17654.323448723128,0.13606671744307186,-0.423303843428953,9.892114939715205,healthy
17659.234794216616,-0.1913693105079848,-0.15323721494146675,9.742556268215104,healthy
17664.19798764079,-0.17640912067880157,0.1909264492097386,9.869384014006773,healthy
17669.276123722815,0.1537982443376195,0.21331231339361692,9.800812718457982,healthy
17674.289152874193,0.07393471976643821,-0.3100224221488935,9.82053561965915,healthy
17679.31027995738,0.013611845651283455,-0.17641745392599625,9.822902587568265,healthy
17684.32397429983,-0.05410291830984686,0.2536652664253479,9.727202118761829,healthy
17689.288818009067,0.09711597338083139,0.17523224076817548,9.821431403720041,healthy
17694.33539899276,0.3637135513137143,-0.06892162659237899,9.785514504975401,healthy
17699.356343400344,-0.2692813250719013,-0.12121796662110607,9.76448108488456,healthy
17704.423621934293,-0.2877976643715378,0.3909725735343888,9.99294639910793,healthy
17709.2717056424,0.004509516335496816,-0.02789147823585742,9.887428656488662,healthy
17714.367992385523,0.3014833046475503,-0.2350486461786813,9.836577915374917,healthy
17719.38724026167,-0.17642906515147888,0.02694368167668741,9.743271935579171,healthy
17724.386748439145,0.024548413548693554,0.3524857131225171,9.870232723966966,healthy
17729.44354692769,0.2516475062100529,0.015354241226902661,10.020913243560948,healthy
17734.547856762336,0.018938662031543485,-0.3783650200399884,9.868082364198253,healthy
17739.511654152702,-0.3225767525520338,0.19877740797773247,9.723994544083068,healthy
17744.538611223732,0.08400378737353123,0.24751416536502904,9.72899552727059,healthy
17749.530134786197,0.13441443286624222,-0.06023221395516849,9.768091164300946,healthy
17754.52759720945,-0.19759972370116755,-0.35865729051115836,9.715220994987027,healthy
17759.467713262362,-0.34178442382458246,0.042342042525574664,9.711557045516564,healthy
17764.521655765617,0.2282383788823905,0.18926075514543156,9.857313951465704,healthy
17769.517772075902,0.03510531980540388,-0.44622900264178755,9.91248048846851,healthy
17774.55768396233,-0.23237640996813297,-0.10987246736612376,9.782899912136916,healthy
17779.572681409463,-0.13413933778977902,-0.059149087104177184,9.796981041166422,healthy
17784.554040218678,0.20452168793874181,0.2567083635981977,9.95635997041525,healthy
17789.58174588292,0.0675870558677838,-0.24506976024000696,9.955286745357482,healthy
17794.53916880463,-0.13940330559577835,-0.16801195388868495,9.715798806144814,healthy
17799.588606504945,-0.13054014280398063,-0.03872531433090373,9.900657629705938,healthy
17804.633507310085,0.28455226150093504,0.1508743685047904,9.784663604294936,healthy
17809.643270346212,0.024822435215447414,-0.2518320769581304,9.881648629470957,healthy
17814.710151818035,-0.4711487099677131,0.018710648448226175,9.6923510611554,healthy
17819.729602473984,0.0410449789635435,0.454570268246814,9.83169314890167,healthy
17824.70613850524,0.19036726204426702,0.04457582502466402,9.976412647039963,healthy
17829.770472315013,-0.0037326814653148993,-0.23304252581575807,9.743289434421706,healthy
17834.76375140292,-0.21070989377808785,-0.1809108552454529,9.698587065521227,healthy
17839.74666165194,0.029014476283217232,0.39796584950471475,9.799774475928384,healthy
17844.769040931333,0.319671386947608,0.1133656910998952,9.813010334567716,healthy
17849.775524791356,0.012168329687095386,-0.2820054261505737,9.793276724526141,healthy
17854.844080058996,-0.17109407139809424,0.09333809966200426,9.73242020306116,healthy
17859.890797992557,0.09150326650855009,0.24286063660430984,9.766576317799068,healthy
17864.831174621202,0.43179976932122,-0.19879608998747433,9.910269322215042,healthy
17869.771635288602,0.10661700289787059,-0.28667599401761074,9.7707346421024,healthy
17874.748111186516,-0.23097641567808283,0.22980836507376934,9.780497695223247,healthy
17879.78485119729,0.11145652259665803,0.454452597340002,9.972087934508252,healthy
17884.77091179357,0.11335330319633989,0.03511788260942239,9.943830697093574,healthy
17889.813338462107,-0.1260172356537451,-0.0848647316470426,9.741793561730054,healthy
17894.77579092117,-0.14953520242745785,0.21616327408318062,9.69339775503969,healthy
17899.834124214383,0.20026097131289988,0.14718111406441098,9.794628059897208,healthy
17904.803763159667,0.2270294502679403,-0.2474905449866854,9.800622140101794,healthy
17909.759258993185,-0.24140643128524225,-0.09048705335824178,9.822772113611132,healthy
17914.697053153228,-0.2064406059096923,0.3731741108341179,9.704420090936864,healthy
17919.63789253876,0.28115018214931065,0.14481879508918424,9.9144631364053,healthy
17924.656636092568,0.05033763305891814,-0.09631076970548474,9.794307457452666,healthy
17929.694651258524,-0.061246758123430584,-0.07856962561201815,9.848761882439545,healthy
17934.64196826984,-0.04779313464768004,0.22598432790894057,9.939186858343383,healthy
17939.52200707794,0.06286825224919179,-0.05592552073292763,9.860449635052914,healthy
17944.525769560998,0.013134956855207769,-0.30502561769910713,9.776327417897281,healthy
17949.446966637803,-0.22892376924631253,0.08684601451471255,9.801046844582388,healthy
17954.50787825715,-0.30318093002982227,0.21559854674490442,9.818785134691563,healthy
17959.472889024382,0.0973424154843632,0.07644600063623257,9.880351049969669,healthy
17964.46932402895,-0.08066749697338806,-0.2840009305759967,9.85022943241276,healthy
17969.443300168903,-0.31357441646334416,0.09410950413241399,9.684564843342248,healthy
17974.514773705232,0.1065780278993199,0.2546933955980471,9.733164628742584,healthy
17979.439772235994,0.09688875071674882,0.15491447675767542,9.783758763263817,healthy
17984.452021084668,-0.006810672804015573,-0.1747136759285727,9.889591280596184,healthy
17989.425960921883,-0.3975027883268575,0.029867185285762522,9.686738851267254,healthy
17994.43968192852,0.08233358276810741,0.2915799902295246,9.879892594072182,healthy
17999.502056378893,0.25623261312483814,-0.18454587800008554,9.724105985854633,healthy
18004.424202099955,-0.31144775284382625,-0.17803014032082887,9.811744718463864,healthy
18009.403216119244,-0.16605737598904208,0.07864817997737737,9.710738468219464,healthy
18014.39452642285,0.17482417997833374,0.1367185452036213,9.81314913146356,healthy
18019.438250669333,0.2421945893523904,-0.4377553202958485,9.810332421980306,healthy
18024.475163990286,-0.31124973555786045,-0.33409781775519143,9.910354428904036,healthy
18029.443928054217,-0.1658553621450177,0.14758145398974992,9.85941631723821,healthy
18034.410711272656,-0.12738418643659347,-0.007892195296313909,9.942611988737106,healthy
18039.390852204462,0.17600865640301114,-0.29842013612954665,9.759740777022602,healthy
18044.283647519413,-0.1544579459347855,-0.10664523077547511,9.69223673781928,healthy
18049.313426555782,-0.10957161197034403,0.2512951493650785,9.78193929113544,healthy
18054.307567803517,0.19883511992472272,0.26282422822590246,9.844401271720013,healthy
18059.303128149895,0.275584211937181,-0.2607742745548495,9.835979663978588,healthy
18064.393288039304,-0.33780113455219685,-0.05854033905119605,9.800369741049083,healthy
18069.2984443321,0.007280193940980922,0.4272531553892068,9.850871629498918,healthy
18074.251668848872,0.18590213595512006,0.054630138430529857,9.82193068677967,healthy
18079.23821461049,-0.0015457345018118004,-0.2894314306478986,9.919687903755515,healthy
18084.354220388534,-0.3414689103506012,-0.07225826825813741,9.738047290392482,healthy
18089.355553339097,-0.038170180629600856,0.23313795193969025,9.796864377172646,healthy
18094.33954944345,0.1283187735503532,-0.17288509149676357,9.749926087565626,healthy
18099.410872472617,0.02187981628589858,-0.1362731543062181,9.753211692721909,healthy
18104.415109565667,-0.47783691602811407,0.03553102768347817,9.784379225349822,healthy
18109.391297330203,-0.07783743463041498,0.26923471795946663,9.851420466504567,healthy
18114.319094806182,0.08525958127890668,-0.18957910985676527,9.877992820578598,healthy
18119.280009006772,-0.11938143370844834,-0.2394711368220567,9.745662079912877,healthy
18124.297585754335,-0.12272880910877583,0.265281691863403,9.717559541145572,healthy
18129.308262282168,-0.036103775587611686,0.47418917881408484,9.82785705313015,healthy
18134.219258461537,0.30535063836618087,-0.0015055869364409974,9.817647805773442,healthy
18139.186464599792,-0.19599967980392702,-0.12179028497868714,9.823748108487486,healthy
18144.272734784354,-0.35437034614444146,0.2289079536548979,9.691614936125076,healthy
18149.20276798211,0.0962751830928496,0.488382204911051,9.899427799087496,healthy
18154.20821823493,0.2675198961601151,-0.09103325823772748,9.841396602933253,healthy
18159.208624816474,-0.3380008335218945,-0.04772095116360836,9.737416853357402,healthy
18164.164802647596,-0.2648838665306179,0.10024104568653426,9.668277192051859,healthy
18169.062259509432,0.08906648803160826,0.0990087147044987,9.814340035366643,healthy
18174.169123851087,0.3237050338304036,-0.16100504651170733,9.926110905562082,healthy
18179.259950954383,-0.1600991863106507,-0.28958632760938796,9.709019349592836,healthy
18184.247230329613,-0.14100796114761516,0.3437885129401387,9.851027339045677,healthy
18189.324831639304,0.1451149655831785,0.07081892463537127,9.874122467158966,healthy
18194.29676842149,0.2602598146714856,-0.1755585077355844,9.991578430689987,healthy
18199.313599360637,-0.340861101679936,-0.1065692710514165,9.794331654050167,healthy
18204.318692190343,-0.13210933513678025,0.2613062061140429,9.770928539322275,healthy
18209.39876332794,0.17719551744603623,0.09554335441350782,9.834944573748293,healthy
18214.38792192745,-0.08233545244613555,-0.44636818907304276,9.826534448429808,healthy
18219.35441186551,-0.2867344511112743,0.012845719101243668,9.755957288067412,healthy
18224.308799139948,0.23560080426287885,0.22848235785661417,9.903913326022117,healthy
18229.311451873276,0.3410016555850409,0.04792560577228214,9.880033184133298,healthy
18234.216849028733,-0.14501624148642706,-0.37186717369759903,9.804390071824844,healthy
18239.20901636181,-0.3337425108491511,0.11600635427558792,9.761881659531323,healthy
18244.13730006194,-0.09938130854438443,0.2310186303276302,9.789935862541343,healthy
18249.135433042156,0.24466244715164062,0.08676910131920947,9.845567183893229,healthy
18254.11140791283,-0.3178188243272146,-0.13851379387780247,9.743406612371547,healthy
18259.133577036446,-0.2569611064358624,-0.10820629653642114,9.753919827209156,healthy
18264.104629024245,0.16307528103909563,0.26381761793517344,9.802948158228288,healthy
18269.124251770107,0.23506844018583273,-0.11597235116558618,9.755920546543122,healthy
18274.12981179927,-0.15620335746664737,-0.24581785386353008,9.747777244077556,healthy
18279.21027941251,-0.21523018642120575,0.18163487728319921,9.69437652594087,healthy
18284.205029026747,0.2983751925347221,0.023702962068610917,9.84292185561805,healthy
18289.207964774978,0.2338245382392491,-0.4049521450541499,9.818668036118389,healthy
18294.12985949287,-0.20068284241498183,0.005724612593942635,9.674098879687362,healthy
18299.067335358985,-0.20069608567371466,0.26274418135108646,9.90560104953322,healthy
18304.0724340836,0.1298266142994935,0.045485767747912104,9.877899540331983,healthy
18309.067421385575,0.10196547554809622,-0.2711535233795013,9.896767999369814,healthy
18314.092111826714,-0.28827385673185846,0.11909673267161296,9.806683579543058,healthy
18319.05677659988,-0.005837275181729551,0.22512513445074173,9.753537287112268,healthy
18323.98948640684,0.1679209716979106,0.1477865557533603,10.001367205418534,healthy
18329.02131144253,0.11238140112859227,-0.2542495530469528,9.881726002170257,healthy
18333.957509382384,-0.15246984654624465,0.014389880217302836,9.704680501580254,healthy
18339.0125287364,-0.22304728252709283,0.36159950740124325,9.802889574954106,healthy
18343.931935253237,0.3224529133136559,-0.11508964103924418,9.80325973648928,healthy
18348.991901553367,0.11625088671106162,-0.2677805169805027,9.811413379503385,healthy
18353.97976347434,-0.18265552803278803,0.0368220959253479,9.788224590554758,healthy
18359.009784010854,0.047926713380769065,0.09840240932369118,9.867143283180038,healthy
18364.04010117105,0.0006196351628331709,-0.24747358241066858,9.883808696274151,healthy
18369.02153765453,0.08935955573861853,-0.019550058823382455,9.841545289745463,healthy
18374.024697478177,-0.1450866688534566,0.12678936321021406,9.850347286028398,healthy
18379.01296974821,0.02341395011375847,0.1295007142624247,9.858127551355008,healthy
18383.977544321322,0.20665609033390503,0.08446015280193615,9.785879528440224,healthy
18388.94732467048,-0.12466571857494596,-0.014039984875436534,9.82220220734175,healthy
18394.06637925498,-0.49096680019177935,0.008784865885055781,9.883309968273386,healthy
18398.926151534954,0.21647257687413868,0.12692825084573414,9.784878846955024,healthy
18403.84559894709,0.09375912572423449,0.04483616327566872,9.866276381736858,healthy
18408.82642967281,-0.13786827319158573,-0.19711946291950005,9.71884135123432,healthy
18413.83943409668,-0.21352746592007404,0.09330563977473964,9.786047685991846,healthy
18418.862173561236,0.2687456901461259,0.1316650281289156,9.90346468267475,healthy
18423.856982315876,0.2243496255813294,-0.13003152550824376,9.717063951296513,healthy
18428.91577338141,-0.3079435453516301,-0.20087000354407633,9.722220745776285,healthy
18433.981273007652,-0.4454725668310735,0.24357315293374043,9.876167183421257,healthy
18438.973128655918,0.22738599070479357,0.0494596689213037,9.824574935021456,healthy
18443.93558721666,0.002368114272451441,-0.27750910629775405,9.820443305345671,healthy
18448.94837072281,-0.059786468982314045,-0.01030286323643588,9.724479835276885,healthy
18453.9502088453,0.2540361357801922,0.1719601962677565,9.913177511323266,healthy
18458.92796391999,0.12837988786288856,0.11794033140606155,9.90764625188488,healthy
18463.808475445283,0.1548289891708296,-0.17355335714401754,9.851379658874066,healthy
18468.775916845043,-0.12213831898932215,-0.10738035845402877,9.702144732183505,healthy
18473.74114163285,-0.01619575659633843,0.028656709640949685,9.6724676941529,healthy
18478.799810213543,0.33553061530436035,0.162898696090224,9.882275993274748,healthy
18483.865294484047,0.070015435375578,-0.41739660101874665,9.791112405420138,healthy
18488.860669705467,-0.16569301182989749,0.13032035543048126,9.693680537065614,healthy
18493.819781203252,-0.018348408525858388,0.3057802889046491,9.89202637723845,healthy
18498.824494614015,0.19125807722585744,0.2331830295284513,9.943899157730204,healthy
18503.935291465074,-0.09835646497283208,-0.2877670567450423,9.807505249746194,healthy
18508.94278590169,-0.2456364979224561,-0.006742473024111725,9.780561454858548,healthy
18513.840087401968,0.1323411611359968,0.29964027573296426,9.826593737138541,healthy
18518.826221790376,0.44888719837774405,-0.03790250813630042,9.94563025992681,healthy
18523.719742334142,-0.11736527551432377,-0.4373077813034815,9.777585938666979,healthy
18528.64402559681,-0.23877822872229154,0.11843146310436016,9.78015172018877,healthy
18533.65662711544,0.06562585079457135,0.10931307911083042,9.838919306492791,healthy
18538.71292503095,0.07516137559093496,-0.038824157638400095,9.736829482074869,healthy
18543.69079305006,-0.28957049288639813,-0.29772633653263453,9.823636123335445,healthy
18548.645929721242,-0.12245522903315334,0.23917863489517902,9.604672055147844,healthy
18553.66101958187,0.20563635240622816,0.21866607318856882,9.8396959176548,healthy
18558.698886070233,-0.028623399269898292,-0.21424087627210386,9.850514965059967,healthy
18563.691282569587,-0.2617364342803086,0.001421736358418385,9.840475619580271,healthy
18568.799328134544,-0.3149293238979961,0.31551920933204425,9.6502099493088,healthy
18573.903354196485,0.5100882667685385,0.03684670815666016,9.890666464776825,healthy
18578.912826144257,-0.060106090107940796,-0.19142561757408466,9.940776706137083,healthy
18583.947169210056,-0.09798822033746632,-0.3755293134044462,9.709996522299578,healthy
18588.947141624092,-0.03395615284505949,0.20993869357032324,9.847572822260778,healthy
18593.94364767397,0.4030203155659627,0.04667945720948035,9.720866040620232,healthy
18598.88672837823,0.06205425868939837,-0.3621969885267864,9.73380256438717,healthy
18603.870530729568,-0.20992074347429698,-0.07365310412401493,9.819881131707334,healthy
18608.857081579063,-0.09665322342202776,0.2446673786786222,9.748591672053482,healthy
18614.001545004496,0.08643828881801333,0.0737235186230277,9.838594011859902,healthy
18619.01138573907,0.09914893876732253,-0.31561889853983743,9.663833900955623,healthy
18624.049977746166,-0.39069221279810684,-0.15211764249125143,9.876574223194178,healthy
18629.034445242145,0.09572152410070628,0.12095841833423635,9.736985145967692,healthy
18634.00667765987,0.28053931080330374,-0.21457116071275847,9.935019884774213,healthy
18639.038475811507,0.01666210588505078,-0.18475264307271028,9.747481192704017,healthy
18644.073651632625,-0.32881700397957797,0.2994885350668876,9.75225747138506,healthy
18649.04980954978,0.09931695109015327,0.2896869520672323,9.88522117821868,healthy
18654.065525764152,0.2591797677171193,-0.25417802031634706,9.886263869151602,healthy
18659.075335809197,-0.009791278667248549,-0.0758303355686662,9.887571876840786,healthy
18664.11092937341,-0.19482944376482692,0.18496008555002943,9.77307486749964,healthy
18669.03072838774,0.06582682430094558,0.26410606085688654,9.877878264444163,healthy
18674.074244750755,0.2247836379732197,-0.3395235061998483,9.848825669251804,healthy
18679.055598563828,-0.30542791245587253,-0.02057105696020016,9.759392484842344,healthy
18683.997335950102,-0.15192700625251426,0.24296597392137634,9.925484434289213,healthy
18689.041807090216,0.19615269639917948,0.26508320185487544,9.848744355964248,healthy
18694.01296129391,0.28423709209430637,-0.18661068674604814,9.71147830718351,healthy
18699.052710144602,-0.11332733819734951,-0.1502337480144978,9.827431147001219,healthy
18704.019844864797,-0.2543310591508177,0.12990681487345002,9.723504908392172,healthy
18709.03787718766,0.25133435618216243,-0.038348364073213154,9.791512770270145,healthy
18714.121701393924,-0.014385518944575175,-0.06253628432295136,9.7913084322503,healthy
18719.18449612564,-0.3938082031629593,0.00046833374345560744,9.590686223033059,healthy
18724.15956805089,-0.06407760577010166,0.17584506879148243,9.776031267672353,healthy
18729.16733432565,0.3481818069566869,-0.043588931991561046,9.787973481014111,healthy
18734.158278369177,0.03716481562897394,-0.1755594279069247,9.777367333374304,healthy
18739.255871017078,-0.0965474566876329,0.028903000036643173,9.584294977289865,healthy
18744.31836901604,0.049709753016839206,0.3047736773647154,9.799708694232429,healthy
18749.320908773163,0.3105525526015942,-0.06623574248529848,9.835052674550306,healthy
18754.292265370783,-0.08721657578730474,-0.3202318216299752,9.83442257220863,healthy
18759.26521759316,-0.47855854054809405,0.06654936194151444,9.721992131763313,healthy
18764.170302140337,0.17732174877304008,0.32831166156329517,9.727874143835999,healthy
18769.17984810404,0.015674272302822367,-0.08185378333925925,9.774947875583281,healthy
18774.114193093737,-0.30969149449196554,-0.19445439264066383,9.854675669149884,healthy
18779.081863206935,0.05874712535509899,0.31167789655201217,9.534561391066887,healthy
18784.15435618423,0.3048029623154046,0.11570203682142335,9.830523437702844,healthy
18789.177884472803,0.1989406954717227,-0.04897302980811366,9.698014588640715,healthy
18794.172193814265,-0.18310903772550063,-0.18855545050166608,9.872306075018539,healthy
18799.1270709291,-0.2603687355215705,0.2137648961608012,9.776142344917355,healthy
18804.128400118432,0.19159971007013624,0.13372648933395123,9.80709113227635,healthy
18809.123717126193,0.14028437674601296,-0.2705285003049549,9.611079101619739,healthy
18814.116358822383,-0.1899328208202758,-0.08070179032669857,9.837179088570629,healthy
18819.087466030145,-0.2206647319951415,0.015198968771680393,9.823954980555929,healthy
18824.02206353253,0.20299819675820946,0.09980491720852126,9.719152835024063,healthy
18829.028894622254,0.33591934874484736,-0.1995360302154205,9.68625716866129,healthy
18834.164305126837,0.06106438037997408,0.0424100392313672,9.861000283068897,healthy
18839.1010647892,-0.0014859158114176318,0.38590570427047255,9.703374174595654,healthy
18844.044649393305,0.4292658438434771,0.15717398331406054,9.853237255661913,healthy
18849.10718462488,0.07354638100731856,-0.5487416874229881,9.732854229581914,healthy
18854.124882677803,-0.11753607697843002,-0.12953141407149227,9.704425965068285,healthy
18859.09421098217,-0.03321972628582438,0.2305576955130984,9.854693124421486,healthy
18864.13583211085,0.5033959935536837,-0.13290035067408018,9.814088916032873,healthy
18869.12565661138,-0.11147974747580461,-0.4072332315107687,9.707954300934745,healthy
18874.163128110275,-0.2107567824701187,0.09920339356601982,9.896382241657403,healthy
18879.208787608313,0.04444180252701234,0.2912249956371875,9.842855249933804,healthy
18884.191091555815,0.22666364971217398,-0.2506475492793455,9.911244583872106,healthy
18889.10727860464,-0.14454900346661959,-0.16934803481326832,9.763935421993128,healthy
18894.122541288285,-0.17092815962093671,0.11756200741820766,9.849884338404854,healthy
18899.1379335766,-0.023487138672771996,0.12864364139573303,9.867081883437356,healthy
18904.117209100357,0.2641018787242635,-0.3333684693259956,9.973873747588435,healthy
18909.10913012302,-0.08799525020614099,-0.1858869177395146,9.650577900131738,healthy
18914.11864500316,-0.2932342317918655,0.12525385612046674,9.758484630505723,healthy
18919.158778565525,0.12111007087199432,0.1410400239728837,9.842641283891371,healthy
18924.021309957625,0.29026354098579316,-0.19776323462446393,9.954638022400896,healthy
18929.0437824472,-0.20776394420655442,-0.21660661501659229,9.676879335265074,healthy
18934.100896856224,-0.3044715858688598,0.176057390710521,9.897637401010677,healthy
18939.074547776316,0.09571037147098935,0.3448548805799012,9.897169964723705,healthy
18944.049532176403,0.06357323443338878,-0.1490713743084402,9.844272517685322,healthy
18949.09588982858,-0.4115429991814431,0.029263586043206377,9.554869166381339,healthy
18954.10642354295,-0.11529346873264093,0.1753954927431969,9.85075646916801,healthy
18958.99029833501,0.32651740748583813,0.06485044230715009,9.80697497159789,healthy
18963.985639136386,0.12578487164298058,-0.18191671806780768,9.798214798763622,healthy
18968.97750867789,-0.16137931277431428,0.17492602285167494,9.814842980750365,healthy
18973.981702459852,-0.002114869179253685,0.16744504851187575,9.867010204566668,healthy
18978.8926354087,0.2424441685920122,0.08529610486044,9.884076359066409,healthy
18983.89998622636,-0.054706203158412056,-0.2753085410297693,9.896972684255768,healthy
18988.94577082868,-0.2045726798275901,0.15682063405260746,9.808326936258695,healthy
18993.941951538058,0.0784134756808667,0.12647768440141433,9.74988955659941,healthy
18999.007686669098,0.37957764733779487,-0.013679878621256414,9.869675895913849,healthy
19004.009280592945,-0.1016737216239451,-0.3351720935870449,9.833645620288145,healthy
19009.01271655822,-0.1179894524118916,0.1837546354529562,9.74642768903954,healthy
19014.097289429355,0.17952485136242624,0.33889386236198665,9.941553711963476,healthy
19019.144911852538,-0.044041980396394315,-0.21892477327428947,9.790552774628582,healthy
19024.143799886653,-0.0534422650022275,-0.336343695323994,9.752934071192724,healthy
19029.15318459329,-0.07530258991839983,0.09597905568668977,9.647265788416103,healthy
19034.17376237221,0.1026884381125397,0.36420857623810565,9.943937121253676,healthy
19039.16180812678,0.13815038281891526,-0.23652026813320293,9.808824453185785,healthy
19044.13175176179,-0.16004165588695884,-0.2579527122533769,9.989634191974377,healthy
19049.154878544192,-0.20899751580012552,0.30423438102240763,9.69380943726206,healthy
19054.12859592859,0.219399643435102,0.03771299353503718,9.758634500424138,healthy
19059.12376671135,0.03206602935330986,0.06736928668110309,9.644045888617127,healthy
19064.10204447792,-0.37983658651002306,-0.25712861360742334,9.86386784249225,healthy
19069.044225107988,-0.0754971714260126,0.29902633740922235,9.700642038325432,healthy
19074.106549121632,0.19476494222203816,0.2271795853380185,9.877107911186581,healthy
19079.047115882226,0.23455025289164264,-0.2581335985633015,9.67754909549347,healthy
19083.99249693037,-0.30602970545772634,0.059912279198898605,9.885816577427441,healthy
19089.029757628075,-0.21235698396333852,0.1432867720598236,9.7018114877242,healthy
19094.052204145573,0.2370749231448151,-0.10632536217636325,9.832757451558457,healthy
19099.08364976297,-0.03793736414448894,-0.19734024622579865,9.814266166177749,healthy
19104.14577503022,-0.22588149740804114,-0.08563784211678031,9.767799369444823,healthy
19109.16724900189,-0.14199389483872304,0.12076341831915033,9.893356256505795,healthy
19114.105193292482,0.44349162016639054,-0.06939734230093368,9.950979218743825,healthy
19118.98027201087,0.00806986966422011,-0.05322790293534649,9.846988574183966,healthy
19123.965758982493,-0.2562912302483062,0.09196368433062363,9.720374162486436,healthy
19128.883620344248,0.14609724013126368,0.26767324960856936,9.884866912376088,healthy
19133.823684427145,0.2258033014164734,-0.17046856958669815,9.76794719675012,healthy
19138.895070731083,-0.17903756762364278,-0.04706671776164825,9.902157135060746,healthy
19143.880503857716,-0.08122306210243083,0.17728946829254996,9.87161342876764,healthy
19148.89285732154,0.3270575347602712,0.4314786940800651,9.836471357820951,healthy
19153.950583173588,0.3274349565297739,-0.13356276512122275,9.91306690855571,healthy
19159.010338405402,-0.12836622272933168,-0.3475514743338135,9.850000806854863,healthy
19163.939020298007,-0.2904857786703424,0.17908953221979831,9.878360675207034,healthy
19168.95960936937,0.1675559952476695,0.30802914167430506,9.977809724754179,healthy
19173.96135057693,0.11705495077558505,-0.24009245488071942,9.86675151179851,healthy
19179.064872633207,-0.19700404439207206,-0.3707474821654342,9.784584599286799,healthy
19184.033546182887,-0.023645052508570588,0.30875045949731306,9.625290885738538,healthy
19189.074151768866,0.19064338476628367,0.15878222088705163,9.789081760389147,healthy
19194.126561046836,0.2233350821836217,-0.4630528178628555,9.622624585264054,healthy
19199.05940478753,-0.3868570833349326,0.20554808535786717,9.77820194653517,healthy
19204.067632327093,-0.0561111817420591,0.23638232044909202,9.891360666546593,healthy
19209.07206005818,0.35807985664588815,-0.07331925812641925,10.021391589924056,healthy
19214.12756820511,-0.010219742765771603,-0.48896662166658744,9.903812457186568,healthy
19219.180758847935,-0.15521254600986667,-0.16046324203797502,9.744403974127527,healthy
19224.20821347456,-0.20381651096990394,0.3934258054166087,9.7926052776358,healthy
19229.237804011256,0.5335589202734194,0.001964915790781934,9.804156916457453,healthy
19234.326936012232,-0.15788011216806977,-0.37673458773760404,9.903499733760864,healthy
19239.35510715234,-0.2700874861569096,0.14486007032330583,9.660695941394728,healthy
19244.375894656874,0.035341018806770395,0.19275706680420168,9.929305273250478,healthy
19249.376322716085,0.2335057464403669,-0.03960067985555083,9.819726863273496,healthy
19254.370720263727,-0.34354442055657397,-0.3745802521696183,9.829404989151737,healthy
19259.416446859246,-0.22450552756695702,0.2063394280408867,9.673753318406265,healthy
19264.375665312837,-0.08885166764346603,0.005107247893752359,9.816671981460187,healthy
19269.39125962314,0.29101142322969964,-0.10783012859967839,9.814093805620857,healthy
19274.41564793967,-0.2134043442090255,-0.226069098654943,9.723635822663551,healthy
19279.35654023226,-0.26880794499350513,0.1300060109064576,9.74997493735114,healthy
19284.339703172816,0.29165087008071594,0.09033540685061249,9.904744668843446,healthy
19289.330018380217,0.24345977504862748,-0.1532421948588097,9.945421209003305,healthy
19294.251551109242,-0.3844955906980845,-0.2978310797136573,9.830959224102736,healthy
19299.3668809111,-0.28647541090503503,-0.06626221284280642,9.72057658835252,healthy
19304.398405641372,0.44293314971519887,0.054938282663403365,9.961940116031677,healthy
19309.325761289114,0.18209562731240095,-0.3990374627047638,9.752641393085488,healthy
19314.403639114113,-0.25226875501288415,-0.06574530629244693,9.844524394424717,healthy
19319.402896201096,-0.05289270384961275,-0.023080773612229183,9.845623755561006,healthy
19324.43167284666,0.07907602988631857,0.0559094464068522,9.755018278317447,healthy
19329.380573439415,0.17231967125888142,-0.3130644584279926,9.797726084556091,healthy
19334.44841660714,-0.22089327224880467,-0.026602587782689296,9.780678017697502,healthy
19339.46390962497,-0.012538681904022641,0.18576671486102053,9.871296882781992,healthy
19344.511194396375,0.2066214627923218,-0.00946778261026597,9.989592928595707,healthy
19349.43110983789,0.057989528259259016,-0.27346502131487804,9.773802656630323,healthy
19354.435048434665,-0.2264907892030657,0.14713714727375854,9.673296268457118,healthy
19359.427113246373,0.052551611159298496,0.3399389530652327,9.757235580224506,healthy
19364.423558280334,0.3105961420797718,-0.14808847270309636,9.869027039706932,healthy
19369.425383143407,-0.33863240615403467,-0.2136565073711846,9.796540303766696,healthy
19374.45164867135,-0.24683595826032023,0.16310659650074616,9.744608444403932,healthy
19379.43005847025,-0.022561292565472305,0.31885437942192435,9.755945065220798,healthy
19384.4482343115,0.3631831575295487,-0.23133800398413906,9.744621745644205,healthy
19389.484581961548,-0.19303550283395304,-0.18548393389757664,9.746975596798073,healthy
19394.474783537167,-0.2577207397262408,0.07377169315573043,9.824480961857638,healthy
19399.44338022428,0.21492318378886965,0.21679075814994772,9.910464130956713,healthy
19404.377632321983,0.12015342196558094,-0.16185123990811237,9.904937348727815,healthy
19409.409075433734,-0.11048227528788926,-0.052739333620635195,9.776739637437027,healthy
19414.446244318115,-0.20978431609602258,0.2940189868323651,9.791699813607964,healthy
19419.408067744775,0.07804298248508956,-0.14332062398112094,9.864543472481966,healthy
19424.440040815265,0.16419011970238256,-0.24658995158939293,9.762769430346655,healthy
19429.48256482089,-0.1929236266134958,-0.09018986538937349,9.672954374083332,healthy
19434.523566603548,-0.0708129609234196,0.35703787529832376,9.886014601073722,healthy
19439.557818176294,0.3809791059750101,-0.09191449358046477,9.841992299425831,healthy
19444.507646303897,0.024735951198664806,-0.21896616783161546,9.77117063538354,healthy
19449.490305755575,-0.40017516657259916,-0.14006989055872926,9.741678553547695,healthy
19454.544422074756,0.10309334354113932,0.3813159380359194,9.737560513375334,healthy
19459.466697969274,0.3851348169486175,0.05227895993269985,9.952148310941958,healthy
19464.383217011375,0.07281472520007681,0.017340872531035362,9.816614724241996,healthy
19469.331856454213,-0.19869203170970554,0.013542442187269252,9.797834289375242,healthy
19474.369430338447,-0.04759380035735264,0.25630842335001286,9.86467771079512,healthy
19479.410595394857,0.18724606763456975,-0.35335089978445366,9.862324225109019,healthy
19484.37192804158,-0.22544516623127425,-0.11561424365903872,9.75635585643188,healthy
19489.325659943006,-0.08031342148067783,-0.07064470208813993,9.718037275255918,healthy
19494.35395103481,-0.022672636527738516,0.061719342976415736,9.910152428496117,healthy
19499.29537540248,0.16660086754996045,-0.26095687677218005,9.785856017535783,healthy
19504.343809920865,-0.12425816249852234,-0.41313691354788346,9.8855265904505,healthy
19509.29175670633,-0.2627462412867162,0.19292290581296487,9.87611913827768,healthy
19514.396782757765,0.21731381988830328,0.16923927698495475,9.89853860430858,healthy
19519.367570679595,0.2531846056061263,-0.12739088273745464,9.93896173567188,healthy
19524.36163190111,-0.20647997342373697,-0.20690632248525795,9.741465164565344,healthy
19529.327272882336,-0.272292682199209,0.04258441885580966,9.913850132279265,healthy
19534.320079471912,0.055771493123904614,0.2951346263707304,9.787701464161797,healthy
19539.294528873914,0.12347327505076314,-0.23784655099409363,9.824027449126588,healthy
19544.288321265307,-0.045937002583998826,-0.2638132074654406,9.616733082083433,healthy
19549.297489603225,-0.16500934576925416,0.34806918119553015,9.720841847837084,healthy
19554.3174580669,0.14677521540286528,0.23139719799487435,9.812997699078762,healthy
19559.283410093714,-0.1739805549875127,-0.21553339629516333,9.818702796428722,healthy
19564.261051604368,-0.1875015312068379,-0.140090496666938,9.771008832099639,healthy
19569.30813377551,-0.09761614987630929,0.22430762082093147,9.713643038226472,healthy
19574.266239856952,0.2429912463170669,0.13856751603802014,9.805446508642373,healthy
19579.233943144016,0.025891812971308603,-0.10216197158966525,9.947202810004484,healthy
19584.306671971528,-0.3699430832851362,0.08114739274253252,9.840497127820008,healthy
19589.288408446144,-0.05124119414441834,0.3762943228333307,9.790338122803757,healthy
19594.255600109904,0.3515125674514794,0.23236709531721644,9.80652968276964,healthy
19599.24042516364,-0.09228087224672535,-0.36253930471535684,9.846358844529798,healthy
19604.232994325164,-0.14023827393533417,0.08740154369156744,9.75056727185434,healthy
19609.182625472706,-0.15545102588854243,0.1404862556914913,9.75038387670057,healthy
19614.202270526475,0.17695555980028144,-0.07673608172056798,10.003368814316715,healthy
19619.199698301076,-0.05761456318990066,-0.27092855179920966,9.840136075492765,healthy
19624.18907750131,-0.22715235722675356,0.15681239618350773,9.731744099600132,healthy
19629.194667457763,-0.02038979007538519,0.297124745848223,9.796383372269384,healthy
19634.224032961796,0.13606465369523482,-0.04435936405378135,9.836325734473181,healthy
19639.301753453852,-0.16226904571469467,-0.2817844862938783,9.902537788071811,healthy
19644.305831866026,-0.30867851029741183,0.22765789964986682,9.816934734147935,healthy
19649.363074988905,0.24085346035909247,0.1297427163309976,9.679659419479362,healthy
19654.338011509997,0.2864890401132462,0.1336038539014478,9.824579272700506,healthy
19659.439460950627,-0.2836924322425606,-0.28783925273952893,9.810250051145673,healthy
19664.43469841937,-0.05797222705526535,0.18726751788644355,9.91688084328184,healthy
19669.499234099938,0.17936291153323808,0.14262751998106768,9.882682802503918,healthy
19674.50394845653,0.2170898951305609,-0.26109430539167294,9.802700698236825,healthy
19679.473924658167,-0.4049489061013861,0.0657482134854865,9.67276668377658,healthy
19684.483452371955,-0.03478220389839219,0.2636263945093523,9.797598090643428,healthy
19689.45040509595,0.13060241428635785,-0.03767462967051846,9.726657792909212,healthy
19694.427011701584,0.17008327146956514,-0.05311023530028297,9.928136071842989,healthy
19699.417703416155,-0.24012987311303494,0.08664122467323351,9.798644255692471,healthy
19704.382228491926,-0.11423719441133763,0.15796490550335418,9.66714663141135,healthy
19709.403518587125,0.28463159203996447,0.003749007045171872,9.88109234418126,healthy
19714.413639750557,-0.045146420989339756,-0.4517262834028335,9.791269743151766,healthy
19719.34176809325,-0.3031580781587884,0.029055439315223204,9.554493574379322,healthy
19724.383465959858,0.0005404463263612141,0.24786032413860581,9.86597375249492,healthy
19729.403355340884,0.258253731210563,-0.13983503646903128,9.856943492902136,healthy
19734.464525305444,-0.07065212726875454,-0.35149703744195243,9.757027053943238,healthy
19739.507158448734,0.01712485950777251,0.25910908273425504,9.698478491497251,healthy
19744.491399310118,0.14865835031900648,0.36760245911835276,9.858683890816042,healthy
19749.556667585148,0.23158239849152745,0.0029073029115960214,10.00884960733891,healthy
19754.60378927501,-0.12256672266486611,-0.26541110919732314,9.765313077983723,healthy
19759.681454632126,-0.20576306601052402,0.12979104040424272,9.746888411242612,healthy
19764.591977009302,0.007626901245713469,0.19371209796175784,9.811198280697631,healthy
19769.63385934559,0.02037235525418915,-0.1477803740409552,9.767437314424114,healthy
19774.667955777597,-0.1215909156418985,-0.40424547902890634,9.721443650712567,healthy
19779.648982414004,-0.01875300786580006,0.1543424537108192,9.799193185642764,healthy
19784.65392813834,0.21371211647152935,0.35899691505537734,9.884133507710484,healthy
19789.600674585465,0.27970129945327726,-0.06768899639654033,9.682500585297774,healthy
19794.57732847578,-0.21361324264805925,-0.2873978362479157,9.79511324665542,healthy
19799.577755533206,-0.12013877966358023,0.3088807099521669,9.768806854103838,healthy
19804.578920627064,0.1749854684395895,-0.007517613029707729,9.883084817993096,healthy
19809.524292872913,-0.0409417949444493,-0.20133418650068555,9.897035680001935,healthy
19814.507231871845,-0.14457169296671735,-0.08366625120684812,9.6384130879726,healthy
19819.461892151285,-0.26647794314849305,0.2662933625747536,9.883158827725477,healthy
19824.398484447396,0.3573321296167067,0.02628074562659643,9.898783763254112,healthy
19829.415568544468,-0.003612579366074148,-0.17171337144274768,9.87823598810025,healthy
19834.478289677572,-0.15819607698726162,-0.03501356938315662,9.785376987556846,healthy
19839.499447604518,0.18238432240084446,0.2351180108795847,9.839505701188463,healthy
19844.49124536492,0.36482582120895823,-0.056500481972016514,9.97345595439221,healthy
19849.513021838946,0.013127218634050832,-0.05111954558362983,9.821928517259808,healthy
19854.45363266963,-0.3038900913233195,0.24230419114763327,9.693775137200715,healthy
19859.41100858618,0.1132591941965654,0.2850761365766321,9.910668057952908,healthy
19864.356839782366,0.1805154786404634,-0.048661156679097484,9.860050279561928,healthy
19869.331710683367,-0.08901219433750979,-0.41245288607178876,9.70123178969334,healthy
19874.406328448404,-0.20006020712215833,0.025010200043009884,9.787075171638138,healthy
19879.44078495211,0.15026104125851905,0.26319221984200664,9.802616878037863,healthy
19884.485841439226,0.18610236584475023,-0.011343176735756785,9.892337912379569,healthy
19889.529643864593,-0.02712290502925767,-0.3060330223232186,9.732879942546335,healthy
19894.5304901307,-0.4789697959964667,0.39479338688221854,9.62107433044724,healthy
19899.48637373197,0.2526997414122025,0.20068391840312758,9.940859252208833,healthy
19904.48613657031,0.2127343710596023,-0.08344280565213381,9.7692094392196,healthy
19909.49450143778,-0.1792722307297573,0.15204171467050903,9.765087128067895,healthy
19914.497278005416,-0.40512134599767324,0.30454326223000466,9.649256243137053,healthy
19919.46594208313,0.0852260062570578,0.17407197453741552,9.87308838383879,healthy
19924.33850511698,0.11640586928922345,-0.20980940716555704,9.761420158155028,healthy
19929.36772405439,-0.21176542297120712,-0.10397838838269208,9.77987515198123,healthy
19934.356893799748,-0.08388032846570259,-0.08732946211062556,9.799004556214125,healthy
19939.36586217934,0.11861904818076988,0.1652784452541626,9.748840368563737,healthy
19944.29869780435,0.05869164073673955,-0.2943783428362584,9.862490281863426,healthy
19949.25424931202,-0.22325974699501733,0.03688033547795189,9.762206386348238,healthy
19954.27522629711,-0.1607764210121559,0.3261546243424052,9.77278965829854,healthy
19959.36433320086,0.20245928967374352,0.2145632893651782,9.769065863249134,healthy
19964.37656809685,-0.11614894849138754,-0.2209828703741892,9.834019821255684,healthy
19969.32922976488,-0.12853072818363703,0.06989604415055875,9.805858526380895,healthy
19974.22974611732,0.18098793833275387,0.38290791364140375,9.801924427246771,healthy
19979.25532606354,0.38168482342351207,-0.19618992874117172,9.835574062969878,healthy
19984.19632285481,-0.08811419093302211,-0.11053264882887662,9.90558198642358,healthy
19989.214439918065,-0.18296560455712746,0.04419528340170159,9.760394880003554,healthy
19994.059585007184,0.1623876880575825,0.22404392994128666,9.751224594264698,healthy
19999.016970484085,0.4646668915893053,-0.10828989856639964,9.948785477811981,healthy
20004.054809740992,-0.18955153256048668,-0.19555469547119458,9.818684751280827,healthy
20009.0159885046,-0.22901970467176125,0.048011871506998566,9.86967416700363,healthy
20014.027016412176,0.14173781120132736,0.05358428110615798,9.728627227909383,healthy
20019.062232812164,-0.07351307340838131,-0.13458120074673963,9.949203376833006,healthy
20023.954243731594,-0.09713600603787453,-0.3485978947790062,9.926762555718703,healthy
20028.96158066502,-0.1603264594232981,0.28682141870417693,9.700911668107803,healthy
20033.946935736487,-0.0494776772176069,0.24821319580822274,9.742431463338793,healthy
20038.982844053673,0.17314286232258408,-0.15533854522485613,9.850829564894367,healthy
20043.996045171687,-0.20010366089520323,-0.1760714427053267,9.712297350414332,healthy
20049.009479022385,-0.030851851003433184,-0.06164395312756421,9.777487925603513,healthy
20053.928601616415,0.23345374815122694,0.23017597143484275,9.800394954706434,healthy
20059.041034036738,0.27451596342448437,-0.014870539067594307,9.758422972888221,healthy
20064.051865656817,0.024643273811404243,-0.19173682870728437,9.743045395102637,healthy
20069.023083992597,-0.23400182371773862,0.09593093324670426,9.848661677380825,healthy
20074.005180923174,0.26717591312972916,0.07618467156939704,9.899466138340374,healthy
20079.04211780226,0.0674741680620823,-0.24244419642693532,9.858370158728631,healthy
20084.103285148867,-0.31461543148752685,-0.030557670488840772,9.821311958219193,healthy
20089.017651140424,-0.16754065038774688,0.3025076575306654,9.835759566704484,healthy
20093.936408035916,0.04342537030869381,0.1040216868659278,9.960242063931638,healthy
20098.915881705456,-0.03457936819443097,-0.3457221907776019,9.885667442620637,healthy
20103.96211040603,-0.33408007411971524,0.1715474741496713,9.690595310784085,healthy
20108.94791641761,-0.007753962652512835,0.225389862834636,9.819025907054648,healthy
20113.89280972547,0.20500669719766712,0.08615832400498061,9.833510440786773,healthy
20118.85988885604,-0.06709395310410046,-0.017394812827771305,9.87674486117896,healthy
20123.950643044587,-0.24029677725635043,-0.2090540978729697,9.647594522345983,healthy
20128.984776598285,0.2770464177677539,0.17839743475170944,9.801730914301654,healthy
20133.971047726252,0.23792881337223254,-0.1381110280347065,9.79116901012207,healthy
20138.983792925428,-0.29649395260542966,-0.2485925339423581,9.783248541456993,healthy
20143.902503785757,-0.1464680098601942,0.33963043805769066,9.745752996146772,healthy
20148.932754216043,-0.08215060855725173,0.3622993288732427,9.965229749227838,healthy
20153.954430805145,0.16381275398881273,-0.05562072783423713,9.689479129951334,healthy
20158.983110467692,-0.02796498494700486,-0.20522266471225326,9.694824878904717,healthy
20163.9951710225,-0.2022968263405299,0.2478814331852861,9.824821588581367,healthy
20168.897064123095,0.11742360248788855,0.032160770587168624,9.875036244515536,healthy
20173.98886351217,0.1893337360493464,-0.21565915740699818,9.94586299142159,healthy
20179.008350499364,-0.18899962390439629,-0.14472642607809214,9.644370911716045,healthy
20183.965972851354,-0.1545389240203563,0.19016560063003066,9.751767654918591,healthy
20188.96819006471,0.36394878335449554,0.09429698294555876,9.797482091167307,healthy
20193.887182415052,-0.045236368004624605,-0.3961921971624821,9.738789261541658,healthy
20198.92507658703,-0.22713031322621416,0.042496853949270164,9.938991805920534,healthy
20204.0283887519,-0.23952244263233896,0.2786632458677168,9.830694440603214,healthy
20209.06001574429,-0.0029047968450473804,0.09357945806763404,9.880207079409471,healthy
20214.08764393684,0.0363729179256343,-0.16167914875394862,9.892525506265919,healthy
20219.051224044524,-0.1256655358834321,-0.06884631715449918,9.827036297137532,healthy
20224.070163348362,-0.2932089572849454,0.35917331138690267,9.968485475123224,healthy
20229.12049487168,0.6207361781773366,0.07158086078285955,9.85311699009462,healthy
20234.07990246524,0.02596535166718231,-0.3787626292756076,9.960792593760624,healthy
20239.02655216188,-0.3154157074585837,-0.04494250597258861,9.928413312659949,healthy
20243.927100245408,0.25240379892870596,0.1963639262865085,9.881940198760978,healthy
20248.90945188025,0.23331189329483873,-0.029501413456429083,9.832352296585048,healthy
20253.8349840474,-0.12649423890344752,-0.3505903953699409,9.740011723880185,healthy
20258.818448352842,-0.17640188656036476,0.08723246226416732,9.670178246072421,healthy
20263.88313359891,-0.004622810218989304,0.36203779673683967,9.752629397988887,healthy
20268.9136464038,0.21557554140820986,-0.21845198945723898,9.826116870093957,healthy
20273.919075833426,-0.2585175182302847,-0.4390019352077019,9.70175448390824,healthy
20278.875403100512,-0.0521430492495476,0.3110358511370902,9.894718235625907,healthy
20283.816728233916,0.07019311715789511,0.3410428833104727,9.94582090315572,healthy
20288.794157707478,0.4431441745362447,-0.20676213709179572,9.912491720943546,healthy
20293.84508914073,-0.2730215892323947,0.025023144631605293,9.81641351113547,healthy
20298.809420239362,-0.306252793423605,0.21169833795934204,9.920236552851382,healthy
20303.84653570367,0.256634602760754,0.19263851338455396,9.764594959143132,healthy
20308.83310270878,0.09577043417419412,-0.07228975606776417,9.831770043107582,healthy
20313.83894352629,-0.3342864334159509,0.03161870193402522,9.763792540103813,healthy
20318.829919565163,-0.14112349510349614,0.28066361026861414,9.862462491541796,healthy
20323.790600436656,0.28555163011160367,0.20120301745711522,9.835578157327268,healthy
20328.776221839278,0.14683052385793463,-0.21443853732578586,9.708357634226372,healthy
20333.855534739887,-0.26018973242654964,0.07903856996492337,9.659611729236255,healthy
20338.84850977637,-0.08480922343573888,0.3388345417006626,9.782155071592879,healthy
20343.850127934522,0.2954166146716904,0.17140818659818088,9.883932336180932,healthy
20348.84240423912,0.01910006493216866,-0.366831807172844,9.756774685853276,healthy
20353.81903012018,-0.3614190998686146,-0.08363570053212464,9.776305893569791,healthy
20358.813690975494,0.03774414668029246,-0.03956447047192921,9.761672886833658,healthy
20363.91329650817,0.11958831753004473,0.12253030192116435,9.929158446482653,healthy
20369.021652827218,-0.03593072401510899,-0.28303855522250154,9.659508772158478,healthy
20374.09584608469,-0.2605123042773214,0.10674935067179264,9.754213411927697,healthy
20379.121884493987,0.06050069560907477,0.22550294374825516,9.906798760290998,healthy
20384.1424086657,0.09728439203013614,-0.012251242885482072,9.959278796030027,healthy
20389.061065039023,-0.010768570113670412,-0.31584809182042195,9.853118367163283,healthy
20394.006148520908,-0.20353884086129112,0.052163044008106674,9.608857159755475,healthy
20399.01378725623,0.13860101648828507,0.34552534177110505,9.873413279899676,healthy
20403.961693745798,0.17822158542928124,-0.21230226944813885,9.873339591329,healthy
20408.947463056367,-0.008012564456726656,-0.16208550450447098,9.82071255555637,healthy
20414.047966501294,-0.20774391328085837,0.20544640438695452,9.742960322769152,healthy
20418.97185636274,0.406060165986842,0.24498942447748012,9.667432978356835,healthy
20423.98582259888,0.12496938565826585,-0.08701273312792758,9.75898563125024,healthy
20428.97532852337,-0.35081879834554097,-0.24594585969715838,9.640525465070871,healthy
20433.91347902325,-0.11428376118283554,-0.07138049771524319,9.711154436102264,healthy
20438.875614109413,0.2703397335082716,0.016765800304515785,9.736696281644777,healthy
20443.8513199957,-0.18663489140476822,-0.0922291811041056,9.79456426462417,healthy
20448.93815619575,-0.19832906536779993,-0.0029323373392353275,9.779290980953256,healthy
20453.9675067626,-0.153475130547442,0.12124385264368559,9.80558275680992,healthy
20458.934244082895,0.3495695859827459,0.19046193638531572,9.66694890863755,healthy
20463.90004070509,0.05517451235375287,-0.2262399840919434,9.732678682454038,healthy
20468.899775937265,-0.2954639177181916,-0.0755548758564753,9.796216754458323,healthy
20473.912728442814,-0.036670926339954224,0.2636077479847499,9.837370045662212,healthy
20478.95402060209,0.36079596232099187,0.09003262704184267,9.80404058196815,healthy
20484.004087085443,0.21656928578279913,-0.17662425174458155,9.844105849231058,healthy
20489.001321313055,-0.16879932205697357,-0.006682347432818134,9.627871760143881,healthy
20494.107105786614,0.08100844313837173,0.30218719896190777,9.785255132172033,healthy
20499.063600215548,0.14465084360273966,-0.00013039947797327534,9.87669504516999,healthy
20504.029077984786,-0.2783039981461256,-0.06412582862301863,9.855735136303293,healthy
20509.03791611193,-0.25818454916059114,0.20613451749442335,9.719540704715111,healthy
20514.062628732638,0.13518124407364313,0.2533020507032105,9.751648919673025,healthy
20519.174198315264,0.0978226247228901,-0.03831338847446532,9.788596944801869,healthy
20524.21206247273,-0.18391170183672578,-0.1928957714812869,9.68947725306695,healthy
20529.187507342114,-0.1370421715212209,0.19944715677910205,9.697547937415624,healthy
20534.309936326794,0.15002744887986907,0.18120616753350055,9.816300242222335,healthy
20539.3114515822,0.2596231503350675,-0.28132407825458466,9.823400748174413,healthy
20544.359109068657,0.12000388532110029,-0.34143303299392497,9.832280194879406,healthy
20549.309493897294,-0.17492598373108764,0.22602738235904102,9.915912730050806,healthy
20554.311447852386,0.23922000150503905,0.07550289743381786,9.844348549510187,healthy
20559.368177877685,0.21065208715888667,-0.180839339185821,9.97855747021877,healthy
20564.295187560325,-0.22136926399280565,-0.2226999795343355,9.73808858101859,healthy
20569.302255019153,-0.3004725725262365,0.21022142657604706,9.716668642959819,healthy
20574.31993800338,0.2758527271088551,0.32810344617249093,9.879183553504667,healthy
20579.313327162523,0.08574881940833623,-0.12175438137917911,9.914648607624562,healthy
20584.218616409984,-0.2743849446319676,-0.24607671636829204,9.837772842324311,healthy
20589.234463303197,-0.11477812611624164,0.1908076994440937,9.73848097258287,healthy
20594.274260197315,0.47789737408109784,0.044390060778600075,9.81452318431943,healthy
20599.208681823067,-0.0256725087260263,-0.2706578270453002,9.87432045746956,healthy
20604.290036358925,-0.20693260794310456,-0.04268280250791501,9.756248350095044,healthy
20609.353413390352,0.08699966381513077,0.11962284056652475,9.885453244000797,healthy
20614.29988967744,0.36434121926753976,-0.10388131388118628,9.890224384860874,healthy
20619.419947148668,-0.0305870379442231,-0.2158334793536389,9.764281333909768,healthy
20624.446873814028,-0.11032510124185124,0.12025833026333402,9.86673307711138,healthy
20629.43776378126,0.15082386587412633,0.29824293725663387,9.876317095856608,healthy
20634.478128498627,0.37955313151712483,-0.1536246510029136,9.788849744936263,healthy
20639.44194810957,-0.13823620389065844,-0.35032843635512034,9.737691367573264,healthy
20644.42925654832,-0.10168011347039914,0.21906030456175446,9.804261621158666,healthy
20649.465001671404,0.04050022991597875,0.029734461035374055,9.997400665642001,healthy
20654.40275629644,0.07685833557286086,-0.01228605933534535,9.833952713698414,healthy
20659.38272857761,-0.12304977427489755,-0.24718034632740576,9.688803607709941,healthy
20664.403404284378,-0.18685142504202235,0.10431115358447576,9.852546976600882,healthy
20669.32482388741,0.35138349581393524,0.18590371231076835,9.872755327837835,healthy
20674.23615865859,0.02929345092301601,-0.06593612338353239,9.704074550031653,healthy
20679.21481991053,-0.18046495126511108,-0.13128124530313884,9.754184350297004,healthy
20684.153364601967,-0.10971926887015933,0.46751543324420297,9.810094804724368,healthy
20689.219915986952,0.300313984856139,0.13994649482564242,9.809112560054585,healthy
20694.18825603158,0.1638246172534105,-0.13545817831994073,10.043695706704641,healthy
20699.10266313352,0.0337401726388539,-0.15445250673576422,9.903360662978061,healthy
20703.991765983716,0.08951882549604288,-0.12324132754059475,9.896166301852498,healthy
20708.957426559184,0.36496224795412696,0.3285264693809005,9.911930257774797,healthy
20714.051528896664,0.12739141455500103,-0.3410831987908499,9.889613291675268,healthy
20719.072772014075,-0.34507099860952806,0.0656837654444583,9.682205686032153,healthy
20724.046206476254,0.05209400528030393,0.02236757405048062,9.860665762876343,healthy
20729.04461038001,0.313561599598216,0.08747757502504806,9.84837207534143,healthy
20734.044155984844,-0.14991455532144582,-0.28731342331347975,9.71505966722408,healthy
20739.09080591808,-0.07264293872008287,-0.007885970645050311,9.768912533828312,healthy
20744.03845576919,0.20236378474159258,0.42692700194017835,9.85110066392298,healthy
20749.000281827004,0.2081057550051568,0.06824967552061274,9.77988792789588,healthy
20754.02352512435,0.0812010322169295,-0.2794917499857479,9.664819410856598,healthy
20758.918580715315,-0.2352958066456557,0.06665068232280744,9.664231825120465,healthy
20763.892789552254,0.04731684316391583,0.1685133352915616,9.744214128559268,healthy
20768.970362492084,0.3477847444868335,-0.21523737414634075,9.853438155223305,healthy
20773.984160588694,-0.03158645502525806,-0.35020319948658585,9.847463208614553,healthy
20778.991078021223,-0.25355597440282235,0.11867410178333264,9.700541882909535,healthy
20784.068018538645,0.053085088141693076,0.21252653363641705,10.002623851060266,healthy
20788.98853683197,0.15328537801420145,-0.14227043485324764,9.797718331543818,healthy
20793.928827045893,-0.29521260915713293,-0.3481183512371292,9.762847319624889,healthy
20799.05810271551,-0.1402620158003697,0.163998441810777,9.745463866549889,healthy
20804.020130866844,0.0855009680669749,0.17510587041400388,9.875767983631047,healthy
20809.039844026818,0.10907449951236647,-0.1778759973414054,9.769487699266813,healthy
20814.07462456342,-0.3368584799674733,-0.2184632858223226,9.954362424603666,healthy
20819.05999546837,-0.1119769261840136,0.10095565475071228,9.799461294865292,healthy
20823.976203987477,0.15685058225353948,0.15750629417412929,9.765311401760636,healthy
20828.970065926485,0.1381634794192743,-0.28629529973585344,9.885310713184879,healthy
20833.873361389047,-0.0348740333031857,-0.13238764290403632,9.729323005752702,healthy
20838.74402806981,0.017731357885778815,0.2717616421706201,9.761381767564853,healthy
20843.707431197457,0.25063199069184056,0.10634935834762779,9.841596166541335,healthy
20848.76021578226,-0.0682844663834905,-0.39128388408258,9.892482550665402,healthy
20853.71625310051,-0.21897940286329506,0.0026201404633048493,9.684680489634534,healthy
20858.73608923294,-0.0893006171271392,0.10965322113935627,9.915151314171256,healthy
20863.711786251693,0.11827038171699344,-0.23079368290316554,9.855092156982405,healthy
20868.579181605048,0.01145452648766398,-0.1453081978645222,9.763802669733835,healthy
20873.523364982666,-0.39175125283468853,-0.03259525521074805,9.856927454147362,healthy
20878.55991169121,-0.04486279625197182,0.21092753427979816,9.826177466318395,healthy
20883.582891620998,0.4081116338707089,0.19557227718350545,9.819164418019009,healthy
20888.54486215063,-0.020164457053856742,-0.27783081481849925,9.899433923942807,healthy
20893.550280116917,-0.17418761634219437,-0.025917584526732887,9.664690567986645,healthy
20898.572759302675,0.23860581159214272,0.11210296706507483,9.907964755036886,healthy
20903.52511350494,0.4817067047154743,-0.17361723747279606,9.788430767235884,healthy
20908.545081228014,-0.06443295201198293,-0.21203315467961717,9.61347964334345,healthy
20913.547669164986,-0.037693022486321115,0.135367225366894,9.79505936065873,healthy
20918.568603185504,0.22193574083899595,0.2782716001374233,9.720735728225181,healthy
20923.572072242147,0.23994405396784937,0.09147403586955627,9.899520819994981,healthy
20928.61597485831,-0.04340678288723912,-0.36753444184102885,9.952903669285146,healthy
20933.630775651854,-0.1625270154281335,0.304173007544647,9.864918909601693,healthy
20938.614060556145,0.2826273225617648,0.1701048650584206,9.976210331777898,healthy
20943.615471199264,0.1387469017002403,-0.24061499227457497,9.985043122676243,healthy
20948.68785989752,-0.14666024637122052,-0.08782581196763435,9.802606352209892,healthy
20953.753736124094,-0.053994431436300075,0.20892828491602947,9.687532870211149,healthy
20958.842608137547,0.36004440926894615,0.030515288479334303,9.938543451790084,healthy
20963.827651067702,-0.0674382359150699,-0.16459469289381853,9.946873550417775,healthy
20968.80921500628,-0.22603642701528873,-0.12948385059998457,9.778304506274875,healthy
20973.778463746738,0.09176822982908932,0.16530028763126325,9.920694124961237,healthy
20978.827457416282,0.2697450968211881,0.08734684837489641,9.871636369467094,healthy
20983.844126176813,-0.2749085673238541,-0.17429165382397557,9.664921119355832,healthy
20988.801243148657,-0.4477792313305301,0.020970174581456013,9.71794666047766,healthy
20993.766565787133,-0.032250236654375056,0.2538626961612707,9.732518197899918,healthy
20998.838954081646,0.4070269667039894,-0.16498085144319155,9.865889783461489,healthy
21003.846510410596,-0.3526906347506013,-0.39787543672746106,9.666202376376633,healthy
21008.920772763464,-0.30789143291170457,0.12075795909924347,9.70029206436251,healthy
21013.914569727873,0.1765557322965082,0.26142488257683316,9.815687222680408,healthy
21018.92303546736,0.3610741507325723,-0.13631355061420028,9.820460569007219,healthy
21023.922535525304,0.0487922341894744,-0.42304859345975665,9.848213025329603,healthy
21028.93863775455,-0.19311441393111503,0.36153400113143036,9.784810961722078,healthy
21033.89322468138,0.049669498780098936,0.14662737276625634,9.767936969741928,healthy
21038.868706302255,0.34776976716284824,-0.032937398247201516,9.842621570284672,healthy
21043.842840034402,-0.24271294196407225,-0.14576930371310443,9.826697943084309,healthy
21048.908896623794,-0.1759209207457461,0.20390583899647266,9.70967162884867,healthy
21053.834432111355,0.12277788907274156,0.30428012016906253,9.851929281799201,healthy
21058.879271251906,0.2038161312112764,-0.3011446031232291,9.711856392730482,healthy
21063.806072056737,-0.3394067695871815,0.2191636844106904,9.794696842850811,healthy
21068.891340405116,-0.1942486711303271,0.22982064479542838,9.691606705133534,healthy
21073.923459269314,0.40167750419064385,0.07633712459974404,9.813470956198296,healthy
21078.854977070194,-0.06907443514896154,-0.2958428800604083,9.78169783007157,healthy
21083.915232471845,-0.10031242489277856,0.023303033824801853,9.646108817626418,healthy
21088.956244440582,-0.21512341877416158,0.35244867100758026,9.729615764655462,healthy
21093.89177903865,0.5035239457063887,-0.10290343400766713,9.83990256437608,healthy
21098.884773254245,0.13313693924587855,-0.145476050564244,9.893755488193769,healthy
21103.90959461716,-0.23457362925686398,-0.1969068714936286,9.800477929133299,healthy
21108.956064583515,0.05630886696527844,0.22038460951809086,9.767340767685189,healthy
21113.984859367323,0.15390329700000888,-0.03529484599575458,9.920028625727957,healthy
21119.001225930566,0.16159139508570958,-0.20777123769186076,9.875548408450445,healthy
21123.984548992583,-0.2713575816661349,0.13155164746513892,9.590405614942698,healthy
21129.015539374872,0.25789853561185905,0.30218213681185835,9.773120504136037,healthy
21133.963171338895,0.02160045826958945,-0.1954145512972829,9.945625007824653,healthy
21138.951661425075,0.068829640636661,-0.041780118993363174,9.725179273473032,healthy
21143.943750949005,-0.15102550544903376,0.2816145419504431,9.75671486189891,healthy
21148.99343558836,0.22816914689485102,0.21184558838564801,9.840692340293412,healthy
21153.989131926308,0.1636579356724705,-0.15051754634109613,9.831433914320215,healthy
21159.00895858039,-0.2403793468088246,-0.14764569652068227,9.763322078661893,healthy
21164.02545133747,-0.27276868658951137,0.13248310773713753,9.866896172162779,healthy
21169.01854826218,0.12749036961856336,-0.01637873031191922,9.799621297374028,healthy
21173.981238868,-0.04834422186232834,-0.23400459672916502,9.899478507829935,healthy
21178.995408987033,-0.12605030098348022,-0.16751133375867866,9.64836270844306,healthy
21184.03773329318,0.07469538558162384,0.34890437257141516,9.869454649425462,healthy
21189.035919630405,0.2433050575841227,0.098995128686888,9.90256257366214,healthy
21194.045854097803,-0.036757434099914804,-0.41778263160282986,9.851862691666685,healthy
21199.04667432294,-0.27811204989508687,-0.05998399305677016,9.760347671339598,healthy
21203.97357856843,0.048534498315515734,0.5054848696707075,9.678602606822038,healthy
21209.023688903544,0.01932666461063487,-0.028029113487928907,9.9224398112775,healthy
21214.014266184535,0.12079982221454548,-0.4005192807930609,9.827102888621974,healthy
21218.93734451928,-0.38784818723141834,0.3143693961845233,9.815900436986373,healthy
21223.954159667548,-0.12420179464604564,0.3570592516584062,9.804864059745118,healthy
21228.97987429944,0.3874835506384941,-0.10763676141588714,9.759459931291396,healthy
21233.96428045044,0.11072514732463849,-0.1948822375342107,9.885362139906205,healthy
21238.993084802598,-0.06590188129504526,0.0670695141708487,9.69119674080219,healthy
21243.991239832267,0.07236378646074927,0.2554971344105221,9.872308174628978,healthy
21249.03356201722,0.3006114044180176,-0.03661423803261239,9.906073889170155,healthy
21254.016116780957,-0.08728391891228293,-0.23595208786337454,9.843341950641129,healthy
21259.034005830912,-0.282122213872685,0.16599903169385727,9.68411109756728,healthy
21264.05650118444,0.08709593624285028,0.22108692268993502,9.753253041915276,healthy
21269.01128951497,0.21027960744694932,-0.16197605747550348,9.84290489621419,healthy
21273.986890130196,-0.19745435891789645,-0.13916144665128596,9.869796692315898,healthy
21278.938355772956,-0.22957466713039976,0.060273464504798216,9.766144656931619,healthy
21283.970747812036,0.31484069727389064,0.2711128373473791,9.76531349175185,healthy
21288.914279321314,0.1139504049605837,-0.23582513980560801,9.702886417112968,healthy
21293.889502276885,-0.09970417059880872,-0.09728063685013655,9.785525001543716,healthy
21298.88965348049,0.04664018289841748,0.22950741387613233,9.767366078826903,healthy
21303.865862661358,0.13587333316823086,0.25413378099638545,9.900444558823354,healthy
21308.898431426333,0.12214703394258172,-0.15647558090544594,9.88711392382223,healthy
21313.920999050606,-0.12681387565569532,-0.20794963048349224,9.783556964957539,healthy
21318.866229173203,-0.09675756503226868,0.3898542204736911,9.931694103837515,healthy
21323.944520808134,0.33173137249791,0.11356360286903128,9.75644237214916,healthy
21328.854944634662,-0.0577277934881195,-0.14577191190673439,9.744295567922698,healthy
21333.78599508844,-0.17572916890284163,-0.08791865127460709,9.73064720000806,healthy
21338.816569577033,-0.2056451864059916,0.28785438978628325,9.879478103439698,healthy
21343.823733197576,0.3760788032461777,0.2958417043888621,9.853943965121891,healthy
21348.82033829734,0.060880615832383196,-0.28749223784982564,9.798921577693315,healthy
21353.852643482947,-0.33601563667376944,0.14772071229774025,9.718413423733047,healthy
21358.85988196236,-0.029353345387082133,0.2942280892344741,9.74234589414111,healthy
21363.894103617255,0.44716619493931864,-0.06357954200977455,9.979205201554565,healthy
21368.864441330305,-0.06515901775043179,-0.10852447075771124,9.826533340494443,healthy
21373.91732406814,-0.17124673131413762,0.0826506036306392,9.678579672767517,healthy
21378.891292106902,-0.21985616192056662,0.19596310846945572,9.915754629712243,healthy
21383.832796163497,0.21196422017191668,-0.08389275400063954,9.86651163798888,healthy
21388.868616913234,-0.023716924134906087,-0.35495000676762756,9.673885115030556,healthy
21393.889754867258,-0.15990826953827747,0.16960179508445655,9.80310534090855,healthy
21398.826461984037,0.21250325358342895,0.39586687926794034,9.845749858756886,healthy
21403.918524741992,0.015209093259342166,-0.11444274341078217,9.906819467586464,healthy
21408.977396856506,-0.1515368158922483,-0.33964456856580044,9.698921247202106,healthy
21413.9972987154,-0.26296313358960155,0.05467263965340029,9.563425013011887,healthy
21419.04235313712,0.4585085247452497,0.20036497503446832,9.866209426703602,healthy
21424.077113864532,0.059664263494787984,-0.15726012997404976,9.72598997876477,healthy
21429.091025989732,-0.1780575902297937,-0.18818991973055754,9.742064331412898,healthy
21434.146707112726,0.04584796636201621,0.14406783224461656,9.809609151788942,healthy
21439.101721136307,0.33253917545680906,0.1888879734924312,9.87269725710622,healthy
21444.107004341746,0.004610959434893452,-0.023716485990528252,9.689470117608122,healthy
21449.042519000013,-0.3107043465315242,0.041795590750242875,9.772596975631762,healthy
21453.986561297035,-0.06801264012297283,0.09331127802457814,9.793316106210652,healthy
21458.97590530582,0.3028474579088943,0.07256456110495213,9.90070427871929,healthy
21463.981773723768,-0.027528952152170952,-0.311839823092075,9.837445112128595,healthy
21468.993379292624,-0.4171974364702875,0.062181278120191745,9.895394109762588,healthy
21473.966253673203,-0.029517056902759204,0.3238524392673829,9.939046262867887,healthy
21478.92622075418,0.5043362212707025,0.2208476733457599,9.79968968990332,healthy
21483.97701037381,-0.015324418586918588,-0.22277184506724715,9.910549992513104,healthy
21489.006120003934,-0.2942297187376564,0.14083456196951066,9.832737343720886,healthy
21494.082114147455,-0.18194618119174705,0.205008302675121,9.81681131558553,healthy
21499.132727617212,0.1098289347575328,-0.057350924970110836,9.889157911025734,healthy
21504.089445369347,-0.08951161661763163,-0.2996024445834758,9.756077031228813,healthy
21509.174379514352,-0.18206135407163845,0.039752451418589754,9.78795560925597,healthy
21514.242205508315,0.1469328276502084,0.2335344093784012,9.761362569128845,healthy
21519.255861222147,0.13315736959168872,-0.1292156516821326,10.027126373714413,healthy
21524.319373843056,-0.17580588944268108,-0.22619827607093995,9.763586107490193,healthy
21529.25287824083,-0.045272092891351284,-0.08510417816101132,9.946011336043377,healthy
21534.237999322955,0.02639688779424426,0.4238710974808573,9.825315942714715,healthy
21539.345092545627,0.10883337564532955,-0.10060403207158952,9.96657188907009,healthy
21544.28804813055,-0.44010340738460174,-0.33786035537492487,9.728472893078711,healthy
21549.29521850312,-0.2926391652804089,0.07355781351009211,9.806122515261704,healthy
21554.33204720008,0.6225579412564886,-0.029581943890170576,9.827810123147898,healthy
21559.371591099203,0.2630864204636045,-0.03450001100239608,9.93053897915022,healthy
21564.42800314682,-0.05990905042446079,-0.22335513139081964,9.849660946203853,healthy
21569.437193144986,0.07696279786465998,0.08282878848164293,9.733578610677373,healthy
21574.53921582362,0.2750847175686957,-0.07047912034145176,9.867962728439185,healthy
21579.558490381394,-0.25019965998911975,-0.2966648003365171,9.793807665234032,healthy
21584.57341637728,-0.3377849475860689,0.14724738015540945,9.793998550705233,healthy
21589.64705109954,-0.043925288129773005,0.23991367228025023,9.785128653253214,healthy
21594.639941813442,0.4189591284674027,-0.05951564014352836,9.947664576254024,healthy
21599.61655461851,-0.02960043918000747,-0.2727919814111485,9.902096272338138,healthy
21604.60081894986,-0.3963219497334155,-0.11280926892196992,9.830678462715609,healthy
21609.623675820534,-0.009562639946472745,0.13918463372188694,9.8600342859079,healthy
21614.56732143343,0.29709832636353206,-0.05511857039251392,9.987607976349876,healthy
21619.56617778611,0.022874746813365765,-0.1000221517684994,9.82831485507464,healthy
21624.61504017296,-0.08794173180664461,0.13436252365886872,9.784722531033724,healthy
21629.608202520918,-0.12713436015081742,0.2324159141587994,9.946370970638785,healthy
21634.644643210853,0.25062128852034665,-0.18625532173842044,9.78908413483254,healthy
21639.66927004291,-0.20222128507761636,-0.38199334746943164,9.713214184216126,healthy
21644.615494299705,-0.13468241229654557,-0.005509155264753651,9.795629181436658,healthy
21649.611960297494,0.15983996452081545,0.18154649071402099,9.798868957130065,healthy
21654.594806876546,0.3309593285217312,-0.12963239013876204,9.82378880337284,healthy
21659.608634251625,-0.056759095316849445,-0.22680597121365428,9.75107411229326,healthy
21664.56556301515,-0.3824408994862427,0.18384466112308756,9.777818163916786,healthy
21669.62583226296,0.19584742929207485,-0.008397043751632388,9.768368347330993,healthy
21674.590503570606,0.07928325739392367,-0.29018887972179197,9.791936013719463,healthy
21679.595046138806,-0.06037999138782135,0.22941270685248683,9.660547406080651,healthy
21684.687966561567,-0.11283325305427347,0.1866414805368153,9.849302252074759,healthy
21689.67863523607,0.14399998603543704,0.15131480862512453,9.791872829038194,healthy
21694.77738001638,0.24745051533992568,-0.25871060936105394,9.907729941036953,healthy
21699.760503543937,-0.11252185353414162,-0.0815557391471208,9.813183403308916,healthy
21704.70138902468,-0.0007753976398093346,0.27074889613199266,9.69448936975624,healthy
21709.739094826746,0.13288053580234016,-0.16004627640324748,9.799543662526908,healthy
21714.76895282822,-0.15830097230521317,-0.4336022779217093,9.866117728311425,healthy
21719.797737522153,-0.27002325739956146,0.12878252059680076,9.788264015975846,healthy
21724.828380850053,-0.134426575317392,0.17133798157531577,9.785265843869334,healthy
21729.884488453037,-0.061177203745569425,-0.09019123077436449,9.935765362639,healthy
21734.87081653451,-0.07533116459083088,-0.17859874937289472,9.787566687707589,healthy
21739.88506967657,-0.04520741895423799,0.11673595417926586,9.705931212852525,healthy
21744.894283969094,-0.10267601380828185,0.08808868285255458,9.802817557280326,healthy
21749.837662254628,0.10538716571655159,-0.07634534788709171,9.907488048605616,healthy
21754.766779465623,-0.17433994366430214,0.06706043374278609,9.874912311411991,healthy
21759.736930511353,-0.23731018017350022,0.33499262742413705,9.806930435996582,healthy
21764.758522083834,0.41154291719804037,0.1735532973511706,9.980461544305367,healthy
21769.79855205361,0.27243867994284704,-0.30070399294908656,9.682308500769532,healthy
21774.79299955871,-0.1382324503378534,-0.11563931294259544,9.796413821688262,healthy
21779.797075662125,-0.15492203822100165,-0.09613375998873053,9.770964389365076,healthy
21784.69985578458,0.25257156568065176,0.3870426493781943,9.851043059888527,healthy
21789.716240194233,0.2259772746098042,-0.13464086958333865,9.839865045146311,healthy
21794.796376257116,-0.08045433678883984,-0.12519934749456638,9.65957295333365,healthy
21799.775081881515,-0.1434615238882181,0.21247598255756853,9.830505165322878,healthy
21804.76100546706,0.2301596459559798,-0.026548378457616095,9.837911965413511,healthy
21809.83302779165,0.04774593316321145,-0.32361978019867677,9.815639760184547,healthy
21814.853033897885,-0.2205231465941106,0.16651381342565227,9.93033286970099,healthy
21819.837811481717,0.05663326880660177,0.21376445726090687,9.784299877025468,healthy
21824.84778759062,0.5146990302898423,-0.11018425626840751,9.861820587628955,healthy
21829.767116548264,-0.0277580230185552,-0.5126397982257795,9.866640948463138,healthy
21834.826351628213,-0.2674747936304755,0.18159322317071244,9.75013144454547,healthy
21839.727259412826,-0.007007153694610076,0.16649481468635466,9.724584741904568,healthy
21844.700124817282,0.36038628862430305,-0.15510623703725898,9.844824824276003,healthy
21849.71277951002,0.005266593124293374,-0.21837637522908843,9.827833153833842,healthy
21854.728067348366,-0.3428252646990545,0.26204642108731896,9.595784954283307,healthy
21859.739674993707,-0.1227918990439088,0.37607703195590964,9.90134003223002,healthy
21864.69820432198,0.2558040357309136,-0.3576936321641424,10.026644996611838,healthy
21869.741740926038,-0.14197721300947475,-0.29195698338672593,9.888445696039284,healthy
21874.786062115116,-0.28656598507970593,0.022548130159729105,9.64417320499454,healthy
21879.783750257404,0.1280767841976733,0.32785982127278895,9.790156337994263,healthy
21884.793949993855,0.3587566215933929,-0.18196776719214958,9.891079001211747,healthy
21889.82286948307,-0.18731059068155062,-0.1356490387544736,9.763968243237928,healthy
21894.867840627892,-0.08619414864884994,0.11960238337736365,9.788378664925714,healthy
21899.880689512258,0.3972795108501632,0.28149912086509005,9.923172770750853,healthy
21904.854401384906,0.2154434610714992,-0.07063925524715473,9.895562066072728,healthy
21909.851188959994,-0.08309673583852868,0.11757683227969229,9.823789741500066,healthy
21914.874830337492,-0.18896338028607157,0.10332931448025022,9.838007456362226,healthy
21919.826323718495,0.16543513605321702,0.10465299205419835,9.827263191629022,healthy
21924.863726565844,0.06777694882198143,-0.19302836290511954,9.833897580420466,healthy
21929.868662566452,-0.34446336678082756,-0.11838481395670053,9.677124970027684,healthy
21934.915411770617,-0.13288221739328526,0.3290715863568286,9.788055317085796,healthy
21939.94433086069,0.4427517467157776,-0.11543687716329726,9.79175590133481,healthy
21944.846747406842,0.04438452355690989,-0.21482997817594457,9.811343685934656,healthy
21949.9697237864,-0.16053410319966158,0.1897531588651295,9.766287508209178,healthy
21954.95396647978,0.026953614673699916,0.2526878816061662,9.916101807341942,healthy
21959.90221688679,0.2246620758369038,0.19583133673728442,9.86695714037985,healthy
21964.918703018066,-0.19016884444207396,-0.3333098856558974,9.849992791362567,healthy
21969.87504231523,-0.06959315490594953,0.22241480406942327,9.632630923089671,healthy
21974.88058254331,0.13179139572086815,0.15872990942620696,9.828419630444504,healthy
21979.93159278604,0.20749262937706012,-0.11692734707632343,10.02237080659253,healthy
21984.956180476773,-0.022194864411278853,-0.13345742146222833,9.693354303329409,healthy
21990.00317086201,-0.23128081613560905,0.1494246153804693,9.680638442740522,healthy
21994.969139660392,0.2017394484906011,-0.002713559215381328,9.869637084766547,healthy
21999.993314606705,0.010382681251676573,-0.17497019687515675,9.808020517424794,healthy
22004.99759007216,-0.3161978174071828,-0.10296778462321793,9.772547305577058,healthy
22010.02681481948,-0.03223344871222139,0.13570181974297751,9.792794054300487,healthy
22014.98909465776,0.2242113958360761,0.26157218047359426,9.673664897023748,healthy
22019.948325824393,0.17077748265484294,-0.24911564239605066,9.97427324568914,healthy
22025.02721637207,-0.3595380021546396,-0.13561215193423287,9.846071450456853,healthy
22030.120436886733,-0.2536082194495085,0.17791020462068882,9.801285945494502,healthy
22035.10068962063,0.10734359038504172,-0.1605722562383664,9.862279552772225,healthy
22040.120913053866,0.04311839290328756,-0.1441976162864946,9.872780618049337,healthy
22045.021038805327,-0.4339481675943846,-0.20291331456446182,9.69334453958995,healthy
22050.01823883284,-0.15604950687096694,0.26261816701241686,9.73804900508828,healthy
22054.992507782063,0.2292951960265893,0.002873822029414344,9.781834810653555,healthy
22060.03719132985,-0.24812512371809642,-0.06841494100002168,9.86235421058101,healthy
22065.06784941434,-0.3252700591737641,0.17898390389517696,9.848475594330804,healthy
22070.056014807065,-0.052021637737150586,0.23410358701848186,9.923171562726903,healthy
22075.099802079454,0.2890983149309073,0.04324556843283108,9.920319329768422,healthy
22080.21413311683,-0.17582849277776705,-0.31164747981323987,9.894386447102539,healthy
22085.208702647345,-0.4526571811716802,-0.08194782626775135,9.652065438161703,healthy
22090.24258794961,0.24228995383858826,0.11079711277175266,9.810389732132634,healthy
22095.22547842193,0.10134599627704871,-0.052035774066715876,9.758997663535919,healthy
22100.187791417946,0.05930749224557863,-0.26338956908358485,9.69336453138131,healthy
22105.20230810005,-0.3348042717342346,0.05863138789362269,9.7554636248324,healthy
22110.195872158303,0.1856138337834117,0.3197050154711921,9.904711803384195,healthy
22115.204073270572,0.11153657496553637,0.019557805930676686,9.80609853789946,healthy
22120.17480403559,-0.24526295974651086,-0.25837306491782047,9.875992643004906,healthy
22125.122294234538,-0.18616530728139016,0.16083065165477364,9.741945859498435,healthy
22130.01290765401,0.22420797809811444,0.1955287968518266,9.812197478573156,healthy
22135.03646993208,0.1424714377211045,-0.07168830949670069,9.864938001748467,healthy
22140.03324556656,-0.2604488088097644,-0.29452437200743004,9.601623724202959,healthy
22145.08412612274,-0.19966040511656793,0.09182741897153249,9.616839889781168,healthy
22150.12141188438,0.2703199243911042,0.20784306935048902,9.808129796551379,healthy
22155.26622136405,0.07544752012353666,-0.38144433674258504,9.80964791868026,healthy
22160.26224162126,-0.45042732899183546,-0.11320174237209982,9.799444189082028,healthy
22165.262154339536,0.022754129196408887,0.18950314376695732,9.8724844080033,healthy
22170.126038305712,0.17615451707650115,0.2724467773356265,9.873216677024727,healthy
22175.072315477326,0.012879992409553273,-0.2591039095887133,9.867559447424613,healthy
22180.106424090223,-0.21657427206730534,-0.16132659954252423,9.731166920212937,healthy
22185.14562830271,-0.05232183946203128,0.1653426703337163,9.714391647814923,healthy
22190.13791985229,0.2333576112996682,0.10790205720939335,9.86268288459208,healthy
22195.169979852228,0.25277429776265126,-0.014141905676724353,9.904138834320408,healthy
22200.19559222517,-0.39434834913171357,-0.02708701589748018,9.581694670828526,healthy
22205.17107120704,-0.2012501637936041,0.11657694710492442,9.921459603214098,healthy
22210.277383193607,0.1416067999345259,-0.2872960123028996,9.831512624989577,healthy
22215.24012844879,0.010176606631196482,-0.1464415113121184,9.829614242548512,healthy
22220.297838942923,-0.4650791108519313,-0.0796883434964734,9.720432400119318,healthy
22225.246561001582,0.02195070000004675,0.21177841933293906,9.812428816749533,healthy
22230.276954523495,0.41988917764712963,-0.29010059897021495,9.898875151294613,healthy
22235.302519473367,-0.1283217382718706,-0.18630581807354413,9.759478632439594,healthy
22240.260627514435,-0.41876266385508765,0.05733407816015702,9.731434951904834,healthy
22245.314307350433,0.09333016482201908,0.06157166382651247,9.877987561570931,healthy
22250.334476122338,0.20059377049509683,-0.21624162075971526,9.91026923745501,healthy
22255.27243391744,-0.3296773704275825,-0.002352104519734055,9.890356974317475,healthy
22260.190266156762,-0.15716829812411415,0.30930709287098157,9.677861128384851,healthy
22265.12440843965,0.17390969869252876,-0.017669480098445572,9.82094799183659,healthy
22270.163840774865,0.35005100812825035,-0.08164877078021403,9.841529889565694,healthy
22275.142198051537,-0.30857722268064447,0.032288737853255034,9.699244847403701,healthy
22280.174164258224,-0.06654381649484128,0.18911596933865782,9.70675576815229,healthy
22285.111962869156,0.27150788526118275,0.24682204786094758,9.8098974111145,healthy
22290.060667989674,0.12576443140040824,-0.03828299457862591,9.860747461220857,healthy
22295.09972818588,-0.10351529240491725,-0.2772534560653733,9.688707097215799,healthy
22300.207141667775,-0.06876248626305535,0.43680136079638554,9.753359477311923,healthy
22305.174851212538,0.4403049404577809,0.28675801792404837,9.953970225493642,healthy
22310.163656473087,-0.1671794617259249,-0.12874362793792854,9.814114309044358,healthy
22315.213690482768,-0.5161234940789008,-0.06967538394100542,9.70324316223048,healthy
22320.192628409586,0.017075347807781575,0.3618950328538405,9.835827389326946,healthy
22325.163572318248,0.08915684225427037,-0.15483132768316218,10.041206820628974,healthy
22330.21719883468,-0.1859552939717134,-0.10400465984402554,9.792957639346525,healthy
22335.258133139454,-0.2758405770360774,-0.0765457498717331,9.7271389369493,healthy
22340.250770617,-0.11747821274359614,0.17357645884146733,9.796713263666,healthy
22345.207668495044,0.20549286355333415,-0.019530638027678647,9.984116633534803,healthy
22350.20385989471,-0.003098180072467635,-0.1965543094612343,9.687720578177828,healthy
22355.19277911181,-0.3151441568574418,0.09298221072904185,9.685256186706152,healthy
22360.10322426936,0.18773450176937873,0.24107959122492792,9.93542296635452,healthy
22365.100634198545,0.22538971394801716,0.0149590778653821,9.939332298392475,healthy
22370.037465628266,-0.028531944150804123,-0.4261909208535943,9.811250506447344,healthy
22375.003829179845,-0.37825449885028356,0.16138734221681275,9.753765337247527,healthy
22380.056247415872,0.2546885414049104,0.3282610168502116,9.788192895064457,healthy
22384.974370713924,0.04340357350651994,-0.17775894857291266,9.883586506953623,healthy
22389.920505098933,-0.33582487262118665,-0.09905703652252994,9.807538465092202,healthy
22394.927092891532,-0.2519529514516511,0.16588531383166435,9.719915889461399,healthy
22399.88577917974,0.06169626077209839,0.13025829591513674,9.978089707211321,healthy
22404.923908316763,0.27894409458783037,-0.1477597800244067,9.859960694210741,healthy
22409.990071184922,-0.25133891769601147,0.05226140627636297,9.747005783660226,healthy
22414.883580085032,-0.0268989327893433,0.29273237882694964,9.83209163328286,healthy
22419.910332912124,0.2249866031831334,0.1262671041683284,9.715644127869863,healthy
22424.949379512454,0.31185415360560853,-0.23755567242008646,9.846979773871011,healthy
22429.915837980185,-0.2971656072454639,-0.05870748104578328,9.686492986920605,healthy
22434.836591498766,0.04840150440269603,0.22375386450398893,9.833848267154625,healthy
22439.84246421659,0.31663360476646824,0.12143947698805527,9.828727603322983,healthy
22444.780560200797,0.033392065044203584,-0.407584060422572,9.907149821403303,healthy
22449.830542251457,-0.4575119983292988,0.06569233525191955,9.851423561086902,healthy
22454.77105002934,-0.11278694228022114,0.38171495920919085,9.862233314272459,healthy
22459.823793727777,0.020801250152063216,-0.10686467462445076,9.908605752069366,healthy
22464.867810045875,-0.07088704341993786,-0.1317980040352345,9.794937145556995,healthy
22469.82405893991,-0.1303692181027979,0.0573482471426924,9.637597000992884,healthy
22474.90174471214,0.05207186133111089,0.21032607828726138,9.865159955463865,healthy
22479.913315404716,0.22619358069168521,-0.06175973816863538,9.969764404328231,healthy
22484.952606328454,-0.07673571083588715,-0.297133014195539,9.75938677040675,healthy
22489.944996927836,-0.31432640566342324,0.15975480442195616,9.663060136866909,healthy
22494.940981097443,0.15222698327763354,0.26836994572722755,9.892293876882084,healthy
22499.97217364965,0.1304846366191699,-0.20464578432383845,9.91043202016863,healthy
22504.94359196873,-0.03365118630474166,-0.1127706353878838,9.815791108360846,healthy
22509.938238407933,-0.2465238277430922,0.1670981531763256,9.692933747183508,healthy
22515.023425361233,0.06586367807127254,0.4697669059966987,9.907612104342816,healthy
22519.989192115292,0.009431153144857846,-0.23057744446970216,9.67867613158493,healthy
22525.016927567824,-0.21089655100688998,-0.19102386920872833,9.86930413459949,healthy
22529.97714108153,-0.06758367437289578,0.22105036208513418,9.69839762024851,healthy
22534.936817276957,0.39147946372481335,0.1145059197597335,9.795293965620163,healthy
22539.932585946706,0.1988494350149932,-0.05176889165630641,9.894694830139985,healthy
22544.925266559512,-0.21989296684942333,-0.20498883143672622,9.57900227552645,healthy
22549.929125387436,-0.10186499448177928,0.39731511148548215,9.648751324901657,healthy
22554.93075198409,0.2079825340963698,0.12339918361021229,9.789717754873823,healthy
22559.934278204022,0.08284394714064233,-0.1989817406655127,9.735687898162132,healthy
22564.907043093783,-0.20111384295950485,-0.004451535936156714,9.809427680393252,healthy
22569.914235319844,0.0559389436691472,0.21700247258119446,9.768071026920905,healthy
22574.969286994088,0.3635538149166028,-0.02095293577326238,9.972700833036587,healthy
22579.94616398802,0.08794493404867178,-0.1910359173528407,9.83320995183205,healthy
22584.945183341206,-0.1572013786474197,0.03344378500193296,9.720214140295429,healthy
22589.9386720395,0.05117018965757389,0.39855333784805214,9.728224877040645,healthy
22594.92577201007,0.08422328954728184,0.08181899875909276,9.792902462767277,healthy
22599.989589279994,0.08900214251323509,-0.23801881694497534,9.826987294520029,healthy
22604.985076527417,-0.29135920338301413,0.20202517810980247,9.76842709735063,healthy
22610.033397607735,0.040116276994950496,0.16979304634318565,9.777398338290329,healthy
22615.123114050402,0.10050428298679893,0.03525003088769471,9.961999425265999,healthy
22620.23169213475,-0.07343621525234462,-0.2087326680866108,9.872856880724623,healthy
22625.290676920325,-0.26344556470652075,0.07595551048957794,9.845805945534021,healthy
22630.29364424869,0.16126281408686208,0.1396577041834589,9.821903677805015,healthy
22635.31639632271,0.165843970100196,-0.27252490365568416,9.757529866486953,healthy
22640.307150807774,-0.18443890538459215,-0.30114138501527976,9.736017680506297,healthy
22645.37196283067,-0.2413601733457787,0.3455091721192558,9.77639773236954,healthy
22650.393639309677,0.021267189616566484,-0.06270522425844696,9.836608750144899,healthy
22655.43588814175,0.09630360886832286,-0.30306459897636373,9.667623244126572,healthy
22660.455789858555,-0.13848199732669986,-0.24254166426895868,9.62721889860943,healthy
22665.484332919714,-0.0910792281012089,0.21834860896210506,9.88754834857723,healthy
22670.462169735954,0.23138969865976686,-0.01916379865069015,9.760887080833545,healthy
22675.47838735856,-0.030483364743567117,-0.20033590396259443,9.693311622776466,healthy
22680.559353672415,-0.12260932102877081,-0.07030437922675156,9.771508494735729,healthy
22685.537683604354,0.06391341346180324,0.19699806312944668,9.76041291472272,healthy
22690.508366949027,0.24713707824237696,0.06850050349566802,9.974693792276677,healthy
22695.54931405764,-0.13769984471111843,-0.3376456426095924,9.770426883186078,healthy
22700.500051059505,-0.22250101179331588,-0.13036165107724323,9.618966803030665,healthy
22705.618007456524,-0.025343892287446254,0.2735872041664463,9.740034097528863,healthy
22710.581656648035,0.2156452005515795,-0.0855343842746849,9.88990069987716,healthy
22715.562526601527,-0.16973393556873484,-0.25399210000260536,9.859832323354055,healthy
22720.552743835528,-0.36280072205567215,0.12922376588530438,9.76972076000769,healthy
22725.53412054008,0.23024761234333008,0.3468220117512378,9.789705300448238,healthy
22730.53968374182,0.1810369868324231,0.17773285525696592,9.890708808545243,healthy
22735.44954018971,-0.06004288534511329,-0.2734600648063192,9.803302501022882,healthy
22740.495991084972,-0.12112510277191926,0.17339639159887427,9.798636791621384,healthy
22745.515688834606,-0.14107949208536888,0.06980841591958237,9.907638175100672,healthy
22750.49859826385,0.09469259973788473,-0.19195079231453488,9.85461399027516,healthy
22755.5599794796,-0.28154160812775103,-0.17780608638879805,9.827942447999382,healthy
22760.579229433235,0.10540719791586209,0.24518402896323765,9.749660288735992,healthy
22765.523356200632,0.16742754239466157,0.23783595227835833,9.840580091857245,healthy
22770.54655076758,0.2753657983254107,-0.2856243169341253,9.969191897040943,healthy
22775.61058560614,-0.18963776061885462,-0.11715461334115528,9.799550333778127,healthy
22780.529518626347,0.037096063961224265,0.3358321557671539,9.885998028711356,healthy
22785.570389388136,0.27553109912867696,-0.15910704526324498,9.891490477396744,healthy
22790.54978479287,-0.10434319925427755,-0.4041764518701554,9.765165305069905,healthy
22795.53471862109,-0.28401782102538314,0.10151401217868741,9.74342344664916,healthy
22800.52355656381,0.0043339797157279925,0.1672887524697212,9.81406192349455,healthy
22805.5567784291,0.31570939077448745,0.124444390380573,9.795370553665029,healthy
22810.47318533743,-0.21521755533531237,-0.36639995049005797,9.730782934994652,healthy
22815.47031340249,-0.3064948831740837,0.19287103154728036,9.782813260331192,healthy
22820.53651366875,0.07138658646829146,0.3631679564181413,9.882106236636877,healthy
22825.537579816362,0.4259839238640012,0.11643973934834256,9.921193684714744,healthy
22830.579715663815,-0.11046714898354972,-0.00025339758988640604,9.820817643910011,healthy
22835.495986034068,-0.13704135395611577,0.00426891861095615,9.747596687318502,healthy
22840.431370906863,-0.0421761032545466,0.42395396724109813,9.772311143033356,healthy
22845.43458622922,0.2696261155198785,-0.22032487710315185,9.95833683612759,healthy
22850.369306071705,-0.16800769277954902,-0.40004021841256315,9.779777918624665,healthy
22855.34797146641,-0.10929766956844528,0.2066372413865844,9.72783848433696,healthy
22860.364918972646,0.1000496565908856,0.2858544242212024,9.902335112519564,healthy
22865.34812622984,0.47348367879701714,-0.27168922411153434,9.803614048044595,healthy
22870.31096722551,-0.20769239064860562,-0.2132544640970311,9.806730335878951,healthy
22875.277385642785,-0.2497676636581187,0.07405892414864473,9.824389931461718,healthy
22880.294319999826,0.3020506031796003,0.20952935966717884,9.893440698509691,healthy
22885.38117901574,0.1638847027009263,-0.25689856732507027,9.879974466682452,healthy
22890.355814974653,-0.06549500336859107,-0.0980279038120439,9.752481297938026,healthy
22895.411346977657,-0.20434654274006156,0.18009510191727224,9.677142704422037,healthy
22900.35479689855,0.1460101608743285,0.20734691542989597,9.918781766468866,healthy
22905.33298120684,0.10718523621789355,-0.39653075764161405,9.817973995363129,healthy
22910.372801885736,-0.3228624585608499,-0.12510734781445546,9.715525004371733,healthy
22915.436208172425,-0.25350947372666505,0.2578778986424222,9.82508987680086,healthy
22920.46990020518,0.26988187591125556,0.12823620524429155,9.856214911857293,healthy
22925.412914187003,-0.04370278738972536,-0.2885277661053118,9.791187079204168,healthy
22930.36546374771,-0.0745419242631207,0.037501572533832885,9.765702477684354,healthy
22935.474882546965,-0.029698189900518455,0.3669075264874641,9.87576322331559,healthy
22940.452824012027,0.1465707254991805,0.011112920631391719,9.866400418892372,healthy
22945.518401081576,-0.07146923224666983,-0.0999033273048344,9.805479550260184,healthy
22950.428890654577,-0.20942791728818355,0.18190639172851328,9.796932719314349,healthy
22955.366180796525,-0.11274405125396134,0.3281395351521763,9.871410870717014,healthy
22960.34443148311,0.018706312094440986,-0.12531606481521096,9.792491087671136,healthy
22965.365481326484,-0.06449042591981198,-0.16307324283496566,9.97675612929268,healthy
22970.33001181423,-0.32593778193644696,-0.047884455112097685,9.772461307047783,healthy
22975.32857754005,0.22018150025136335,0.4743570317773766,9.742334435406754,healthy
22980.41220651985,0.2641280174278244,0.09308704953816371,9.953892073118551,healthy
22985.33334679231,-0.20782421757975056,0.031028130527572972,9.741898728182314,healthy
22990.3144379193,-0.34880027711973005,0.15702262649635537,9.89987934876667,healthy
22995.370363438247,0.1916663635810738,0.18020785021327224,9.906800589256576,healthy
23000.361739307988,0.19746405002022704,-0.18648599329732396,9.842395193366839,healthy
23005.40350167967,-0.36559448821710994,-0.15745679159839943,9.771419654594347,healthy
23010.41382821846,-0.2672086636224937,0.2269525118453045,9.708486456195054,healthy
23015.413488084483,0.18772785884170032,0.2832514265691418,9.787554591161278,healthy
23020.441028105728,0.23777722005370933,-0.34806157496171164,9.967299964073831,healthy
23025.479969134507,-0.3822348082031948,0.019694204265544385,9.8491283998675,healthy
23030.432163859386,-0.09625275741363568,0.3307054450317635,9.948768769517901,healthy
23035.48378932284,0.03919249889396481,0.04743493966185769,9.84700597327635,healthy
23040.42198864883,0.1255975845682989,0.014351284904126793,9.953837494810927,healthy
23045.4310834361,-0.194250922083894,-0.1483798621025533,9.707674466438243,healthy
23050.427956643623,-0.008122570988205388,0.09291050467357395,9.870265721974734,healthy
23055.42791073417,0.13461631453599557,-0.055072622140575275,9.793190513236944,healthy
23060.37889852576,0.10783085158316572,-0.2580893165176405,9.835842156422054,healthy
23065.31609275101,-0.3177933160760452,0.03801021143171768,9.735815139543803,healthy
23070.320973082464,-0.00957828114164455,0.3090570465952444,9.808202567838732,healthy
23075.394948002184,0.15217035179138227,-0.05440603795695905,9.862437033285493,healthy
23080.42854141057,0.0660175031584643,-0.23641838913070154,9.869600902597032,healthy
23085.371929040244,-0.17020853025621369,-0.06682422008155461,9.733008658126959,healthy
23090.362469377662,0.21188031064826057,0.3624529651712604,10.010284791048655,healthy
23095.443785351188,0.47095279943421137,-0.14271774406755494,9.771031304270927,healthy
23100.458953273246,-0.2873475591125082,-0.13949030559840142,9.708726521626225,healthy
23105.401010322403,0.12197934680449848,0.16618416784213355,9.713555203209847,healthy
23110.35949082152,0.16937373917488074,0.24593104976757937,9.824778582590726,healthy
23115.38928794502,0.2269119197105412,-0.2368028917193864,9.942359568795274,healthy
23120.393142967874,-0.09285468016974721,0.08149576216161833,9.641091301304037,healthy
23125.430080916907,-0.1599834216308357,0.014087373724496144,9.824765363762394,healthy
23130.458500795317,-0.0660611996799178,0.044299015767010314,9.880346640238033,healthy
23135.409068042107,0.09257892758385534,-0.24653456447645458,9.847148174857693,healthy
23140.396252734947,-0.1131321592424378,-0.10274855430547347,9.84802042964366,healthy
23145.282703831435,-0.32314401824395267,0.23864119948201967,9.970660721047167,healthy
23150.283307908616,0.4129275451023567,0.0645053096446073,9.863782781271848,healthy
23155.251517117405,0.41088740620846864,-0.23484788582667293,9.997730052835141,healthy
23160.198987113352,-0.2047060215040053,-0.322158470936477,9.742827585428065,healthy
23165.25702255049,-0.38114473899929424,0.16157327833953983,9.80826317544432,healthy
23170.262151357187,0.19531084161388276,-0.09420213690065608,9.881311159672038,healthy
23175.220335329836,0.17754251319175943,-0.3721120598336174,9.725656516764712,healthy
23180.22349679056,-0.10942577017223157,0.009250215052218513,9.704629804042016,healthy
23185.247146909904,-0.14278429611115484,0.1606585798594816,9.680907488752819,healthy
23190.225953650715,0.04591943696366729,-0.18186303614687,9.946453691954549,healthy
23195.179489924714,-0.15642806969173265,-0.35162548261870813,9.743698996364309,healthy
23200.20003161383,-0.16563880636098102,-0.06444646777963149,9.705379192008762,healthy
23205.221365822046,-0.03432013368179274,0.3198958153271656,9.784621296919124,healthy
23210.198248949113,0.27627613364369247,-0.09430862738557395,9.90438334063749,healthy
23215.198924147975,-0.17562894972783347,-0.22492588065008154,9.785674517410463,healthy
23220.18634197354,-0.05897964429293806,-0.22333051014402747,9.709916726479594,healthy
23225.173532445508,0.11501128296595581,0.16345480287879427,9.828646461092898,healthy
23230.188536880276,0.24007275016301488,0.010256528918716729,9.825768658784497,healthy
23235.18841284909,-0.11308505114704977,-0.08694515247247009,9.857638818081206,healthy
23240.14326358143,-0.44884006463011883,0.04606296877697402,9.72993926862255,healthy
23245.17971516006,0.31071261548936063,0.05642950640328867,9.953840720991892,healthy
23250.185147701846,0.09539870021458483,-0.11870568426731146,9.76409090316075,healthy
23255.219559266683,-0.17783675362797793,-0.0789379379000149,9.893428095805302,healthy
23260.3169217732,-0.2837139182763857,0.2822102015846139,9.720191794726727,healthy
23265.342755421356,0.3412971237693958,0.1403082212629791,9.794317940015967,healthy
23270.341246735996,0.2349190194747006,-0.3274274099850515,9.864487380292196,healthy
23275.343877572373,-0.2653847228697597,0.08198810242172139,9.85614966415078,healthy
23280.388469706377,-0.3362807599859625,0.15067495479061002,9.841142793659785,healthy
23285.44111788349,0.16027410386218371,0.024662208109355793,9.986859458380705,healthy
23290.482244178664,0.0395421924221292,-0.21966935426129913,9.860564707497112,healthy
23295.442729196646,-0.3017803235905585,-0.20111539362140757,9.732102007437124,healthy
23300.34218572596,-0.22439729845707487,0.24568973908548636,9.798825010736254,healthy
23305.207869554164,0.29283003921427203,0.10418527581848203,9.822400736964918,healthy
23310.180487733716,0.05982252182076351,-0.22458484122073014,9.722312056294982,healthy
23315.183474201618,-0.2683493031410659,-0.10374321313015968,9.566432435685106,healthy
23320.206445327207,0.0036164207425837553,0.2143908781339665,9.724055181704939,healthy
23325.223453880564,0.19278594856353254,0.11174909662685356,9.733219794220881,healthy
23330.272962440653,0.08317881936304802,-0.226043592942292,9.874353502204581,healthy
23335.142149527383,-0.42156031195827776,0.17687410309761853,9.71169530716055,healthy
23340.097804607867,0.06019425147628919,0.25097048294382884,9.83525783621916,healthy
23345.052841358494,0.1735562587136231,0.024751950419312357,10.062789735300731,healthy
23349.997908734116,-0.08994716009107916,-0.18910297124869693,9.8499912245416,healthy
23355.004787137863,-0.47093315698573124,0.01256583286028308,9.829135933636021,healthy
23359.982721371987,0.4755972506102176,0.41245550317998636,9.957937332247974,healthy
23365.01569219505,0.2698864021716317,-0.016171834993849665,9.796796473810089,healthy
23370.015562396125,-0.18158325430186034,-0.39883997968353807,9.775476288159151,healthy
23374.98466061074,-0.14373460980693054,0.02641263637511529,9.94060390451456,healthy
23379.926077831722,0.23240653712525283,0.313714531901329,9.846758917296462,healthy
23384.980267816638,0.21709809187969448,-0.2858007581958266,9.681419959231512,healthy
23389.97397467237,-0.10293776404027857,-0.15634488495484733,9.858393677184777,healthy
23394.94845356207,-0.35497682126781027,0.29156850948004204,9.794323255919323,healthy
23399.987698238958,0.30281010123718577,0.03128495621779101,9.83047131485332,healthy
23404.94164773176,0.10335056211043772,-0.2554177700513679,9.707192055877112,healthy
23409.88437448222,-0.09521559347421538,0.12789025758115422,9.843221917225298,healthy
23414.878138045682,-0.1990305791443077,0.20873440414879493,9.832381051881356,healthy
23419.846695403587,0.44085059213451494,-0.09073810776174207,9.86579342952534,healthy
23424.90519583279,0.025651822478578112,-0.2254499067810743,9.871282911293203,healthy
23429.93032862988,-0.2570111356100563,-0.10553730672926916,9.821603583231424,healthy
23434.86741048661,0.008758714894558414,0.17882266396258456,9.787540530815944,healthy
23439.86992842764,0.43958044644126226,0.1377346014018741,9.909515671457989,healthy
23444.84155533243,0.14328195056784712,-0.0803593275763822,9.91662448089518,healthy
23449.75938825692,-0.06957793513322508,-0.05115209102038795,9.929070144263184,healthy
23454.74110207507,-0.12202233571698831,0.3799481585171479,9.689823398605602,healthy
23459.722018069624,0.5507925903946645,-0.048302813852701104,9.855829740178516,healthy
23464.649990995975,-0.024468398376064522,-0.22059733450244787,9.898211926375662,healthy
23469.677952296304,-0.34363612223987466,0.047851958246147484,9.701133039936325,healthy
23474.70225346211,-0.04092494415014665,0.36274733564251016,9.686813413197939,healthy
23479.74410548555,0.12265271361124132,-0.026530803331329247,10.052549494363126,healthy
23484.772699173613,-0.07242371023268915,0.09187562548599357,9.867579418175637,healthy
23489.83566289101,-0.25886032718452184,0.1432482636681599,9.808163784046428,healthy
23494.94453878091,-0.12107535141490282,0.031321294230794355,9.884083160517859,healthy
23499.954403996326,0.011631878373483118,-0.12721650888020236,9.918681553979633,healthy
23504.870402336033,0.0815442123655093,-0.18508387725121372,9.79463276665751,healthy
23509.874380536094,-0.10209675287280381,0.2265012217788655,9.73459749654763,healthy
23514.934028820146,0.3674302217626516,0.08067724463073983,9.806654286210504,healthy
23519.91316338357,0.11541674338883741,-0.42477082774189534,9.936882061239173,healthy
23524.978809291715,-0.10070143955927932,-0.18123537218083852,9.806677961890449,healthy
23529.988364121815,0.042423655667604754,0.20608584008094846,9.811143990782908,healthy
23534.958761636477,0.31608029116893155,-0.04493006042893577,9.857335916413787,healthy
23539.921813307432,0.055551607013418866,-0.2532464785303056,9.847274488463178,healthy
23544.912163408124,-0.2240053447961495,-0.0400616457475569,9.78286856179524,healthy
23549.95526424683,0.03658365758023094,0.17706670490347773,9.781960743033856,healthy
23554.902050425,0.34445350502398714,0.04475070674647941,9.736902168762855,healthy
23559.91250792598,-0.007174379477709589,-0.1690813072866827,9.9326804956103,healthy
23564.9380034256,-0.43901450131479836,-0.2446856531157289,9.733444546290984,healthy
23569.96689061763,-0.17608819993773628,0.2417275795850165,9.851784889916454,healthy
23575.048361334262,0.15381005358095234,-0.06943141187302397,9.75134741563983,healthy
23580.053703382076,0.09160770179869876,-0.16888832183192298,9.913152515802034,healthy
23585.027680418232,-0.3067792601752993,0.09846770382725797,9.747253122993529,healthy
23590.036756847934,0.07493207125863907,0.13523918048100245,9.768785298906128,healthy
23595.06651171098,0.17754501382783547,0.18238623574633406,9.864915971001636,healthy
23600.136482446993,-0.012030026328475357,-0.23459580480062414,9.79714742982151,healthy
23605.08199381189,-0.28601700895710924,0.027264171497217105,9.716354852018076,healthy
23610.143186370144,-0.04489785910574211,0.025485976638471602,9.844083492821797,healthy
23615.08365291255,0.16369240239735974,-0.13790386054401496,9.825453941191824,healthy
23620.091296943665,-0.18554459651998612,-0.17219570136680198,9.828704417063859,healthy
23625.109072512365,-0.22514983681854556,0.25015415711666733,9.616840737615634,healthy
23630.101022618026,0.08805850329125357,0.2704364876002883,9.79227250737112,healthy
23635.143354717766,0.19481718442877025,-0.2254197829326556,9.792176033379878,healthy
23640.120367079537,-0.2871906625803491,-0.19789181427259558,9.886996338183703,healthy
23645.1730882902,-0.20367634681569374,0.05326847001156193,9.727116498066009,healthy
23650.259967474885,0.1349780223734925,0.14334859338615366,9.81935570637972,healthy
23655.207800325985,-0.079894522770588,-0.3130281148333117,9.841522778709816,healthy
23660.13927259064,-0.11550461509895328,-0.006137110450259442,9.808306197470438,healthy
23665.085686672774,-0.08618555480648785,0.30042421108649675,9.890548095873253,healthy
23670.130738688156,0.23492546527094427,0.07201255624435199,9.800546011552788,healthy
23675.108819107132,0.09486058692818379,-0.2856772034433624,9.854592068690076,healthy
23680.142201939492,-0.26948271161512427,-0.1269538283645323,9.867481476432692,healthy
23685.185726412677,-0.052547882813852816,0.26582719661428084,9.938030033354462,healthy
23690.23925653306,0.20400410572165076,-0.1805962061975217,9.793151628447314,healthy
23695.234655822853,0.049071485235588325,-0.247852329098621,9.84241424059533,healthy
23700.289243512445,-0.31544129466275306,0.019734226613083238,9.750135634705392,healthy
23705.310794490248,0.019861282886051244,0.0462365869289576,9.77487656828872,healthy
23710.329079170384,0.19574182815394198,0.04079618221726044,9.828027177058814,healthy
23715.382438682638,0.11627018393876848,-0.4371225201407136,9.926088852859651,healthy
23720.35405347314,-0.42316845113224344,-0.05438576800214401,9.82281762713843,healthy
23725.2760015387,0.20953844858152693,-0.06623841635457312,9.877118642902328,healthy
23730.29478534924,0.2560040082233949,-0.01581980184078491,9.840979502663965,healthy
23735.261377965202,-0.28264744415001075,-0.21162304423320324,9.842547421157198,healthy
23740.279200605037,-0.09106483409307199,0.13912532685172724,9.63521010181388,healthy
23745.381570088553,0.21798562798214943,0.15395624333887908,9.932294669265621,healthy
23750.320538864675,-0.015647541828644584,-0.18036692957446715,9.784156517463968,healthy
23755.346229681036,-0.17205240318636641,-0.13657726832473954,9.743037598976771,healthy
23760.407695795355,-0.24817706294787362,0.2001598907388751,9.652580628197788,healthy
23765.441890803064,0.108465683268755,0.10433074880263338,9.903086790167846,healthy
23770.512042917766,0.18740444520428115,-0.17608629348165164,9.889812026696912,healthy
23775.50858968228,-0.1055279687224186,0.027534178243139626,9.774252361366674,healthy
23780.46465491409,-0.24852336096477684,0.013711513968137606,9.99135963016407,healthy
23785.431862050656,0.34832609539507303,0.15797780487890714,9.710867572221355,healthy
23790.427531780035,0.08619647173900499,-0.01439800272682426,9.944474921755303,healthy
23795.414106253822,-0.08284443653469764,-0.02127185836752095,9.650915575270941,healthy
23800.509736343505,0.03418534197371543,0.1756412800419866,9.810442742886414,healthy
23805.516453344957,0.3508942710072652,0.014538557611902338,9.757849118258614,healthy
23810.5304559126,0.16716243136709968,-0.3392648129071839,9.729032061057554,healthy
23815.53012631922,0.02180255042255866,0.12967666268286152,9.677396356196361,healthy
23820.406145074543,-0.011476540132759396,0.25056645887443696,9.73551068590655,healthy
23825.430210203376,0.047638928107785694,-0.08155697307476362,9.82372829531148,healthy
23830.401572806837,-0.04835126039962302,-0.4484433783478291,9.817594664151725,healthy
23835.46066636213,-0.2289967354782477,0.12749251389442307,9.898377161902228,healthy
23840.42472490852,0.03331906267789671,-0.036175854180101136,9.862165638710346,healthy
23845.44869904869,0.19739873984636158,-0.09488926249171126,9.810126427593671,healthy
23850.478563480527,-0.0014640814800124663,-0.19099668313972154,9.761456671927,healthy
23855.46963109141,-0.05569883685652907,0.15531296666681643,9.813725007207072,healthy
23860.466555361138,0.314646717612045,0.25769154492885793,9.874100525281486,healthy
23865.506329232678,0.29032558819316673,-0.13167387226918276,9.871676740107993,healthy
23870.519161491753,-0.39331189373640313,-0.10247690208191786,9.929462463270125,healthy
23875.566465294552,-0.09519727382372935,0.25450524966576704,9.69654631230847,healthy
23880.547869759725,0.12182312543474069,0.15490019726445298,9.832477833362727,healthy
23885.577307340816,0.3274779118436122,-0.3093247368659609,9.781080647514399,healthy
23890.608394777355,-0.382311573655978,0.055429005192294795,9.668921106629634,healthy
23895.59216999461,0.15270253309403786,0.2746809026117983,9.87005897439105,healthy
23900.601817406558,0.25927044627434365,0.16059614009386095,9.727944369411707,healthy
23905.593812217445,-0.053980923301238645,-0.3530342421746511,9.870537648855933,healthy
23910.621849612333,-0.2643025840460087,0.08795082863641451,9.784214300255075,healthy
23915.688684811124,-0.03799221823060081,0.09412684755785208,9.74350285131095,healthy
23920.719954760316,0.11269088388521217,0.213324789571141,10.002770812083558,healthy
23925.754476041893,0.1055775922650744,-0.30644187656712657,9.788589279570521,healthy
23930.727763145525,-0.4687240968009056,-0.04151963405381556,9.893737536660907,healthy
23935.870372747624,0.11658265660951528,0.40464668560759975,9.837912855636,healthy
23940.924346664367,0.4371845116125287,0.016661835108740728,9.807704832584818,healthy
23945.873304933913,-0.11297417811213059,-0.41965444828766385,9.683638239275432,healthy
23950.84926322823,-0.15405097383437827,0.022703171921968315,9.793527552736663,healthy
23955.878114170533,0.1188976932273576,0.37017415735719894,9.748146119725238,healthy
23960.86064701174,0.028057806325831575,-0.006865427643869798,9.900026618481842,healthy
23965.89541058079,0.004586967970697631,-0.38587064797907056,9.912717179363298,healthy
23970.925075366,-0.4356329731604685,0.043534075993430024,9.848008698831059,healthy
23975.98007621239,0.14801458844996945,0.14011935047404112,9.892941364591449,healthy
23980.98587669217,0.3086191270910392,-0.24127683477534612,9.82544318377321,healthy
23985.99364279701,0.08307761266006436,-0.08478004627221174,9.827155447943529,healthy
23990.980661537735,-0.28128881781098136,0.18532958043957234,9.708027608442077,healthy
23996.019841299225,0.2006733336900354,0.03751848924043019,9.80623950411398,healthy
24000.992087003848,0.07693055431040861,-0.3057253695110147,9.759639151683945,healthy
24005.946693383103,-0.23556132146311543,-0.06546853654701681,9.68695268818539,healthy
24010.99799448258,-0.19715152082482182,0.30641059327028775,9.700225864514548,healthy
24016.076650776475,-0.11166497440675191,-0.13120050565147717,10.048060965764591,healthy
24021.056984281564,0.23698053253687895,-0.2303817949258537,9.747625269669646,healthy
24026.07557458424,-0.16707203708500237,-0.2441713858961627,9.57350709772223,healthy
24031.098868351528,-0.06224933304311875,0.3084033239517502,9.865993497886668,healthy
24036.106607689424,0.2818402204863005,0.054273930999001026,9.947378995691418,healthy
24041.156049612266,0.13641972311163236,-0.205395984755819,9.802046083053082,healthy
24046.18218746655,-0.24790365904854436,-0.1914549865915788,9.751321056825116,healthy
24051.243048921107,0.03093918663687306,0.3388841002287395,9.674018056367483,healthy
24056.22768283206,0.16052680277441617,-0.07466303815154883,9.881458142958767,healthy
24061.218973140913,0.012148827291441198,-0.5216484727961774,9.942256477762392,healthy
24066.191004707354,-0.4272959811067736,-0.07396396676576499,9.843944391425266,healthy
24071.25629966251,-0.09269762128235662,0.1542376366368907,9.884204115856946,healthy
24076.348467607426,0.2594094328513468,-0.15609064653124927,9.788651860983911,healthy
24081.29316790999,0.010108259988177631,-0.10785492310319061,9.728494707510487,healthy
24086.281737961748,-0.39201157485907734,-0.005468478425222925,9.82231374788834,healthy
24091.313542428892,0.29829159393045024,0.22943547503598025,9.80222031403857,healthy
24096.332476809646,0.23233999227484461,0.06186509088066955,9.780974195314093,healthy
24101.381167360178,-0.15321330252558685,0.007313440701498558,9.835522702000324,healthy
24106.33964621617,-0.35345497208114673,0.08416936542362932,9.873006744929869,healthy
24111.2369544285,0.2708480862817027,0.3135138741898629,9.808139285439067,healthy
24116.268361185183,0.1943996948477572,-0.09494793571754226,9.845423094998822,healthy
24121.303190092116,-0.31270687738616465,-0.2751510786941098,9.743517406597011,healthy
24126.259803501624,-0.12258291652184361,0.2858946739666788,9.804553820013831,healthy
24131.240107960093,0.3252108563519031,0.038680641258835066,9.796099944454959,healthy
24136.284227378022,0.047802339422718464,-0.14444457666245158,9.624393063100355,healthy
24141.31708228778,-0.24025990215108362,0.05218379583848137,9.749105311636182,healthy
24146.342357311903,-0.19153618892372615,0.37686752865646256,9.885192696805293,healthy
24151.332177583045,0.23217119033327271,-0.03818765274294466,9.697233040589158,healthy
24156.37302950323,0.10608739991606833,-0.34613225300026323,9.661567101181117,healthy
24161.41957722615,-0.33593573761960865,0.025901768650572143,9.713097590374385,healthy
24166.42734669941,-0.1570981287252879,0.24638349599426276,9.798888659022333,healthy
24171.421463339964,0.24420745390005313,-0.04867641961961611,9.79848514027199,healthy
24176.425859333285,-0.04998786560741121,-0.06495237793928785,9.874051879232356,healthy
24181.41285025817,-0.10089083815970323,0.2618937444621813,9.660324339374256,healthy
24186.422663327347,0.17349886044498813,0.101759450423933,9.866559603896855,healthy
24191.354806088057,0.382662608069079,0.01586054716644064,9.84460469828866,healthy
24196.28931964224,-0.19054862675010348,-0.32188135273051727,9.69199032584151,healthy
24201.351419153158,-0.3219935260764975,0.012858769302120446,9.655896610557193,healthy
24206.264679827236,0.10224827089023966,0.3242147503262899,9.839112829739515,healthy
24211.328227940114,0.4156131623036298,-0.039271719662422225,9.878145614053368,healthy
24216.32966017542,-0.14488294918536723,0.013735206014445972,9.621315907807354,healthy
24221.33983103403,-0.057668480061438654,0.2948168784253217,9.818593640569071,healthy
24226.410201339477,0.27867961039701655,0.19977229276351963,9.927360326378858,healthy
24231.46596191342,0.21750882415887796,-0.31968065989232164,9.758097636540981,healthy
24236.508344656184,-0.15548250288695548,-0.09857695954505108,9.707938833202547,healthy
24241.503680098005,-0.22226999453567037,0.16620228225592043,9.733503184386711,healthy
24246.5164889021,0.3396620305556424,-0.22674285933806199,9.89541791224864,healthy
24251.4130375878,0.011522759493310594,-0.1700481231881878,9.786888093573955,healthy
24256.37323904698,-0.2775694515084652,-0.14110953508724547,9.630862977475868,healthy
24261.380976390137,-0.08171954203307812,0.042103962279682494,9.787568719922195,healthy
24266.3302852477,0.2335576077152082,0.23663142631985645,9.876189588041994,healthy
24271.321894539687,-0.0676076214022127,-0.4404604471567161,9.902286195833124,healthy
24276.318899269645,-0.20891127205153526,-0.2598329069065034,9.770384904596648,healthy
24281.366038961118,-0.0458337395842606,0.2038519449038434,9.806124766379009,healthy
24286.379500740397,0.2802887815958434,-0.004503300381860455,9.952299450643174,healthy
24291.36578602586,-0.08489081403557892,-0.4391147271012268,9.78798537331731,healthy
24296.367917787105,-0.004004993824573616,0.06526861295467351,9.705961735996118,healthy
24301.3282841737,0.13118481884149563,0.248822666968158,9.817558060162085,healthy
24306.361782752163,0.32120662509064457,-0.1817477236795268,9.84242744965832,healthy
24311.339654069216,-0.2232309424357025,-0.13814442904910051,9.752159666185673,healthy
24316.34579395406,-0.22631336627195353,0.19214975067377077,9.656722873360057,healthy
24321.310761649223,-0.0019935021794831864,0.14890164476802037,10.003188190235251,healthy
24326.275083297387,0.3047626072229912,-0.08089057610215977,9.856283121825953,healthy
24331.285667907956,-0.061528789226787624,-0.21673323739455821,9.738270830749673,healthy
24336.36980657814,-0.18281881653166598,0.24560401245576247,9.688102300628767,healthy
24341.428909809594,0.044732321419876375,0.19755279179854462,9.840916340578879,healthy
24346.466015366754,0.1763963824475382,-0.2290001169272456,9.948711835988536,healthy
24351.382232226282,-0.35403661868562475,-0.1380669851685877,9.630698275517002,healthy
24356.40724968626,-0.31031004755621083,0.32074372656732325,9.749363080486335,healthy
24361.46976150302,0.167456663966284,0.09061700554874076,9.855401999698932,healthy
24366.457488287706,0.010416477773322719,-0.11110006326109034,9.803268164999714,healthy
24371.429767754435,-0.0756902178799547,-0.028693362433256306,9.670511081483168,healthy
24376.409609466824,0.024618039442949657,0.2411602773604538,9.99129794098518,healthy
24381.379131758582,0.5061752735913727,-0.13670263354178988,9.884911373194527,healthy
24386.400413025767,0.009616290854568901,-0.14171644764948996,9.769227869414683,healthy
24391.419830761624,-0.336355248366563,0.008118789381390448,9.70849127197852,healthy
24396.464572197026,-0.17678094329421906,0.19891196690027335,9.854859966127965,healthy
24401.47914336999,0.320506810800155,0.09374936209321649,9.941538541909573,healthy
24406.46115264757,-0.1198506452448119,-0.2737204177127658,9.910284067312679,healthy
24411.455055166247,-0.23487978507218424,0.17312173317676563,9.77586868360379,healthy
24416.348113357446,0.061142520691414515,0.19522641782613462,9.760031621457266,healthy
24421.263041104387,0.11161173962565937,-0.1352289721121688,9.882670017690858,healthy
24426.25212254846,0.04566924194233128,-0.13116509046630812,9.697111915718533,healthy
24431.2871669375,-0.2736369720729291,-0.027508468242154308,9.777533283396544,healthy
24436.294333598435,-0.02306830120373146,0.199742620967157,9.753532394243413,healthy
24441.215982376023,0.16568682822475062,0.154081151788764,9.918388919515525,healthy
24446.21301859387,-0.09480780378229817,-0.25334663407627095,9.827849355374173,healthy
24451.195356414475,-0.3199216611443035,0.10121237719514271,9.758521560328042,healthy
24456.325156893476,0.1437221184825059,0.017701991216425572,9.807824157767822,healthy
24461.404475335443,0.1280521706404386,-0.0709793544708526,9.80747588541364,healthy
24466.378374820873,-0.08159367779303384,-0.2079366503919153,9.850070045234242,healthy
24471.304063633048,-0.2322278905352641,-0.046650279967818314,9.981587970576994,healthy
24476.31660199531,-0.023541085419431562,0.29969714313486145,9.82102034076251,healthy
24481.30546219781,0.36117119677903325,-0.18199778166162317,9.998461934043195,healthy
24486.235593444304,-0.18831474352472985,-0.202544564352735,9.785021544356832,healthy
24491.26464096106,-0.031206789485454273,0.12736707811105058,9.672918172232379,healthy
24496.222609116212,0.22870738418239087,-0.07357106162852733,9.824594754209324,healthy
24501.257254272154,0.26889968827408106,-0.17146758811242857,9.811698714401047,healthy
24506.195669129655,-0.2242306192561984,-0.0785958924085486,9.733815438393835,healthy
24511.183358632687,-0.119964343096418,0.4085620435114174,9.83657279132171,healthy
24516.14963233918,0.24935596076862981,0.19530894414250932,9.864825243654893,healthy
24521.131150940662,0.10962803905211004,-0.11544872269630571,9.906798698575143,healthy
24526.138860724666,-0.18455590898302204,-0.12273305610181505,9.916115358743339,healthy
24531.100004175223,-0.11902016677900565,0.21119550175727406,9.722795759947696,healthy
24536.09343013724,0.11594003783296461,-0.01877148928343371,9.861899544161739,healthy
24541.125161490483,0.13494503687251075,-0.15544892983800912,9.74850817009093,healthy
24546.1561882493,-0.4006708085727663,0.22900827552241848,9.824172466633065,healthy
24551.12936831528,-0.016698695763167012,0.2944911333400071,9.800202478774622,healthy
24556.130709535715,0.1874571632021938,-0.09505821205630424,9.954989663720482,healthy
24561.116732269937,-0.04734370183782404,-0.0457145345009968,9.66394981778032,healthy
24566.034565951843,-0.23924386353172408,0.2404582290305628,9.708640977586821,healthy
24570.96570866189,0.2568741762794181,0.37665210256188114,9.91098857669949,healthy
24575.979712708962,0.1825199053683429,-0.014722967645023607,9.857938142388372,healthy
24580.932493350447,-0.045143702128044035,-0.24033214273872155,9.94240252859009,healthy
24585.90251330912,-0.30282448815121077,0.15436421353764168,9.855078303269144,healthy
24590.868733147647,0.1413884418227744,0.09877791251718535,9.874669209288157,healthy
24595.794982913074,0.2931360914653299,-0.13503571660433317,9.845094960328172,healthy
24600.811693481373,-0.09472980819475842,-0.2464125031579289,9.761648342538113,healthy
24605.915982074846,-0.3290037118530422,0.20533642596063267,9.812271418559646,healthy
24610.878234418582,-0.03745957396694191,0.17931937875147,9.849708331517128,healthy
24615.786018621453,0.19132342869952482,-0.2333707695894129,9.63735686919698,healthy
24620.750361653943,-0.21737979916587474,-0.08799931174135334,9.69674661907323,healthy
24625.823590712316,-0.23981170781950456,0.1668706703862854,9.711403199871782,healthy
24630.837381723424,0.200261449126811,0.22076834763682662,9.77886980800413,healthy
24635.876415471408,0.11319667597575991,-0.08973080549133412,9.841345935497964,healthy
24640.875013186454,-0.11199743624999299,0.018770515414948244,9.724681620698888,healthy
24645.891382259862,-0.023269659743655483,0.33108282581500925,9.80065078049011,healthy
24650.8680138567,0.27522473829620275,0.09112897690243968,9.705838685640467,healthy
24655.883749825774,0.23734641092592262,-0.29622137768136897,9.79199867101773,healthy
24660.865876614043,-0.2864272311080476,-0.3795397327151393,9.69087384954758,healthy
24665.872525739764,-0.12862746888853113,0.26547517532217146,9.762045851176417,healthy
24670.87899880478,0.262995651341695,0.022867963706680778,9.817946355451154,healthy
24675.817347833974,-0.03356268036518903,-0.2760532678243545,9.873404028393852,healthy
24680.8439051713,-0.17725217528685752,0.11386545962189792,9.836161914354873,healthy
24685.898420282778,0.04579562720799883,0.14892657101691364,9.859257624178767,healthy
24690.891344042793,0.19766347013896904,-0.07039864405198398,9.830465268807274,healthy
24695.783747514648,0.11789313739797941,-0.09979299924835591,9.898997980985836,healthy
24700.72183704623,-0.265938922630343,-0.060609352038931245,9.767656729208252,healthy
24705.71037288253,0.11204391698349121,0.3639332979417129,9.940326355746423,healthy
24710.710236055,0.17492529462419157,0.03807569938086067,9.87410297068235,healthy
24715.771272918926,0.11262253959089193,-0.20837644830586696,9.844591906881682,healthy
24720.82353742789,-0.35446320859175695,0.24160421130240972,9.838970967250738,healthy
24725.8266908168,0.1390015822422561,0.27360332951125843,9.88102200620581,healthy
24730.829364292586,0.23490764155773122,-0.21102429217521365,9.706243215069954,healthy
24735.763771476402,-0.07392545421716162,-0.33098296428217777,9.794668182714037,healthy
24740.807869516077,-0.1101100984914019,0.12558225617204938,9.858596898512888,healthy
24745.765066589298,0.25695454958041725,0.3882654122787831,9.802073077704371,healthy
24750.789330457286,0.1260065530069428,-0.28214378220615033,9.757045891640791,healthy
24755.641020470506,-0.3621829227838396,-0.2601554612714929,9.747438596836231,healthy
24760.615967777223,-0.17578528060611684,0.25080158561035604,9.894616805535653,healthy
24765.575440654127,0.2234351784158282,0.14832712827264274,9.961963494929442,healthy
24770.55944972689,0.23235967494734006,-0.2910089826700398,9.877216905668215,healthy
24775.643049716386,-0.07144883898623805,-0.09564910038541984,9.699754552819776,healthy
24780.55541199572,-0.09086384590177082,0.0374032105805307,9.686027659011367,healthy
24785.571093982526,0.42311130631996496,0.31387251524443727,9.90272826803172,healthy
24790.460645032104,0.11321475799731744,-0.2842332044720076,9.7538435761281,healthy
24795.4183329696,-0.4469458161142309,-0.06986138611510506,9.720971884271302,healthy
24800.367517985404,-0.1432219110307212,0.14648585189901264,9.870310590863626,healthy
24805.457519600215,0.09253317522725388,0.12511160441514085,9.983155108271706,healthy
24810.455514569785,0.19096551351763688,-0.20837226467560024,9.859875604901733,healthy
24815.536333707943,-0.06618782518945235,0.03340698037424214,9.78526836498662,healthy
24820.504810355695,-0.1863510672594326,0.5303608531406075,9.730048282071268,healthy
24825.50402128307,0.3001762029007651,-0.007064662725786389,9.684335536276127,healthy
24830.47765078912,-0.10102615617438593,-0.19005665342546132,9.741541055315059,healthy
24835.42491408542,-0.35458780205475793,0.1292987912145365,9.683975999587025,healthy
24840.38577470413,0.02235447509915832,0.2913606522232894,9.881858752833272,healthy
24845.34576080561,0.30082695637820756,0.02775802295310585,9.817856649027956,healthy
24850.307779252456,-0.002191157831723592,-0.32042761856317176,9.801760836164815,healthy
24855.28712098883,-0.134831008031099,-0.02380771753881615,9.791167613269355,healthy
24860.277647922998,0.04949322950903934,0.2698111364374414,9.812021979792414,healthy
24865.255116031076,0.20082308805127938,-0.031430091946183555,9.76274249360307,healthy
24870.285868340186,-0.13023821303457406,-0.073213697723985,9.93105027479127,healthy
24875.36416574637,0.0167297167887403,0.2395770066556628,9.726374760260144,healthy
24880.405187738113,0.19580904282676564,0.11243354028291784,9.903294099656955,healthy
24885.337068477438,0.1467096794589985,-0.10393417918813405,9.82264017762712,healthy
24890.331181485217,-0.24475557196227796,0.13033984676296467,9.834929534297501,healthy
24895.352220757934,-0.13727132499502945,0.0565811221112153,9.74720307023917,healthy
24900.356814911935,0.1903337560810085,0.21897030005410745,9.936910309874271,healthy
24905.323231373626,0.23813149276135076,-0.0072436084508738785,9.878623651861956,healthy
24910.240433751598,0.03585492621820044,-0.014123611078239479,9.791823698366565,healthy
24915.23253802356,-0.2828165019676416,0.07972644884554705,9.735270001130303,healthy
24920.253743915124,0.04863560564950764,0.058772238033136186,9.762438086614189,healthy
24925.160973178023,0.08928806089957528,-0.39184633516358375,9.823790054857536,healthy
24930.187853790343,0.038348202770777134,0.04716131499501417,9.656148981080221,healthy
24935.198873538415,-0.1549454547892779,0.19051017938052225,9.9549563580306,healthy
24940.24611661759,0.14686860724626277,0.2536283099234443,9.858179805486435,healthy
24945.345544355256,0.25323250091365784,-0.21744299207243015,9.80913409320656,healthy
24950.320947077842,-0.2254886037710527,0.24215655329282018,9.841749136471275,healthy
24955.38285020217,-0.10431563764283472,-0.03343556125994593,9.711922689026803,healthy
24960.370511588146,0.13909897412734074,0.0001335925809991187,9.887362292693822,healthy
24965.372505703795,-0.15943020425759596,-0.16211139956400072,9.725556402825404,healthy
24970.357122230926,-0.06669330458306746,0.061355931857212956,9.738158699722675,healthy
24975.384163742445,0.011391401755526137,0.2101232338258364,9.830226153141158,healthy
24980.46009913631,0.14718735726405358,-0.1955030233521448,9.778529033476842,healthy
24985.49595501106,-0.08391760510765667,-0.4805655283735001,9.848044471865732,healthy
24990.574126896186,-0.2623348275614614,-0.00805932892103256,9.80335461303344,healthy
24995.615396467754,-0.041360795730313676,0.15830518707124216,9.94518029912928,healthy
25000.62673801803,0.34220377003421354,-0.22358938793321165,9.868559921510274,healthy
25005.624595422058,-0.20536594418267176,-0.15567658060276415,9.82164737795167,healthy
25010.51804190242,-0.25097426688809354,0.5440415270234701,9.822870254195992,healthy
25015.517383432587,0.23933026262546922,0.01664194606732511,9.840596586867564,healthy
25020.529956031918,0.006063589028086208,-0.2687165944397403,9.728611599541571,healthy
25025.52788812884,-0.24729714811330686,-0.36677314097718144,9.689647290280316,healthy
25030.61608697803,-0.025211125326663864,0.30018704124828255,9.874629967010854,healthy
25035.667799819505,0.3059694038056648,0.08061783914341819,9.88961478528044,healthy
25040.69877820639,0.1218117824237194,-0.47063746532792106,10.010438545409427,healthy
25045.702085266126,-0.24686496496043447,-0.08031439100760557,9.718153564803838,healthy
25050.694285578098,0.06869378734411047,0.1548909562026637,9.882383196354832,healthy
25055.627502433126,0.07129694181813437,-0.07386632670589535,9.984918030782246,healthy
25060.674021937248,0.2458597869480688,-0.26938067255552756,9.799901522583088,healthy
25065.73971028312,-0.29072007454234705,-0.06906298081850037,9.74369071770369,healthy
25070.805280191817,-0.1912726051499168,0.3380029591757098,9.71405271532293,healthy
25075.73827151491,0.3286170281469145,-0.11579026419908167,9.801392280147423,healthy
25080.777406883302,-0.05717225341673675,-0.2546301692592533,9.700588393290511,healthy
25085.833007095393,-0.10110235240272472,0.018900748200365053,9.71865604596767,healthy
25090.788312199405,0.24237158757962746,0.3086477839094075,9.888702632292233,healthy
25095.863428748296,-0.02294489886360901,-0.05674450499726302,9.82332068969235,healthy
25100.799786973006,0.03269354156167174,-0.2163346182815626,9.84268944342365,healthy
25105.853881194926,-0.11259714478102907,0.24577532425835286,9.878220161325494,healthy
25110.860510250965,0.18871180590057215,0.07205465789436354,9.866022942353686,healthy
25115.906065714946,0.31641513960913736,-0.379810271998657,9.817891355689996,healthy
25120.9115038462,-0.41391720657666764,-0.05438347850731953,9.679741502295087,healthy
25125.883057151168,0.01611703152441049,0.3647255601767554,9.900532740598896,healthy
25130.95943956014,0.2004390207321968,0.27730363771306965,9.715788617371562,healthy
25135.9748591367,0.021330597780208446,-0.5022509483851112,9.941063126203538,healthy
25140.984933097065,-0.22499394778618168,-0.18227786827596237,9.739549051632029,healthy
25145.946578526342,-0.23626506152182225,0.23082372877175372,9.736553674571137,healthy
25150.934744067974,0.35448573530263705,0.11047760092342639,9.917239370312771,healthy
25155.88469116952,-0.07291831498076587,-0.17639737447573012,9.85890170610067,healthy
25160.8507231277,-0.23224862623808717,0.019995424255538533,9.697807009351749,healthy
25165.807110364152,-0.1580736719909363,0.46223095656375457,9.798910628516477,healthy
25170.79430457567,0.13107613328951778,-0.008078585424135962,9.9047904998263,healthy
25175.815590032045,0.3269883221582792,-0.21990061054338794,9.764647018095982,healthy
25180.74066114156,-0.16053459980808432,-0.12052765399425605,9.667162962234444,healthy
25185.81525832841,0.14480364187668981,-0.038671366501944276,9.915411371318735,healthy
25190.809750904955,0.3482233539891597,-0.02360976898560302,9.897147157243563,healthy
25195.78740873131,0.12249719939135718,-0.21280767914877005,9.87062928155529,healthy
25200.696065339114,-0.18367805437515328,0.15905321805501016,9.725877838881127,healthy
25205.65094494439,-0.06947367170681515,0.29542947381110957,9.873386964439153,healthy
25210.62667634748,0.2708261046651496,0.023085659908237327,9.685520741218891,healthy
25215.621544452595,-0.06675224162873108,-0.2946796371346794,9.855116008601547,healthy
25220.691853558776,-0.027969945999456625,-0.054917441679002546,9.706579990757147,healthy
25225.633185074938,0.14584050694634104,0.4815572492043583,9.604601834946262,healthy
25230.563604181945,0.2483573798269614,-0.3976785585277538,9.733558882174965,healthy
25235.682071283296,-0.0953769996510706,-0.10565108456730023,9.777211084573677,healthy
25240.651791328404,-0.384563963626954,-0.0014676350069498245,9.753555974568004,healthy
25245.666786939826,0.17998711464119,0.15697763582631277,9.835735649976138,healthy
25250.688299682,0.08885993668897649,-0.19513679300135903,9.94950181514548,healthy
25255.647858547192,-0.2296995395922745,-0.19631312487382124,9.712815912660332,healthy
25260.654789288146,-0.04909672412024746,0.176936973353124,9.698219887025651,healthy
25265.635462802402,-0.012348501350345237,0.2943135129855265,10.01296522668457,healthy
25270.592658700338,0.34619903216419917,-0.22063065049945518,9.930620712191681,healthy
25275.66780196444,-0.375442745123861,0.13679362663324002,9.78301816719441,healthy
25280.645125928266,-0.2476288892286037,0.2569240271779196,9.86572001205274,healthy
25285.623263228394,0.1796203766249751,-0.022039693429288826,9.756851787355172,healthy
25290.75059412014,0.18101314270255583,-0.17610997142090323,9.910301510158742,healthy
25295.726372334964,-0.24975195606650297,-0.06160234806478066,9.802583238897444,healthy
25300.77679869535,0.018049177104341126,0.34049795445501796,9.665460065810397,healthy
25305.868697308764,0.4232745648473396,-0.022719591903521057,9.92227147189905,healthy
25310.883683436474,0.10996066678223143,-0.31192018381258013,9.896893628190737,healthy
25315.855611542323,-0.24770232459027858,0.09045161143248122,9.722510690480668,healthy
25320.909426941544,0.07957868817784147,0.4102344486347972,9.894821081006109,healthy
25325.818231751844,0.24299420289036744,-0.053540256097030337,9.969219192229076,healthy
25330.891753268046,0.12572752258684528,-0.23068014073402698,9.9863624653595,healthy
25335.911447353148,-0.014298652266854894,-0.021915430739855996,9.794862307417237,healthy
25340.92560950896,0.28703832591586925,0.1667145956343633,9.935705628034144,healthy
25345.99094426329,0.18194856392789477,-0.29965606223192726,9.978323994859037,healthy
25350.99131086934,-0.09526406626150496,-0.2697171935395681,9.768330442639433,healthy
25355.980104128357,-0.2357520463697616,0.043631726063965356,9.677152252629169,healthy
25360.960697669438,0.06496148360987657,0.11884838023212137,9.884900766557092,healthy
25365.889964559443,0.05643816739275148,-0.29563775167838013,9.872773127202606,healthy
25370.81663193057,-0.11051899909977729,-0.4761966519325983,9.720913762319867,healthy
25375.88346601585,-0.23351106763699653,0.16671507604474345,9.76567746143715,healthy
25380.884098692884,0.3143948247857269,0.10444111152307012,9.880794980189622,healthy
25385.840583605004,0.17096092241308775,-0.211912785795017,9.924154953641509,healthy
25390.885092233482,-0.23758627954599265,-0.39957384254779205,9.773232975727856,healthy
25395.859106330085,-0.06581693611714161,0.1812883515210747,9.750561748703626,healthy
25400.84575670445,0.06445528789502028,0.2517177195142608,9.851964308083293,healthy
25405.859011883378,0.0771151519420969,-0.4005024615754486,9.810363720060586,healthy
25410.85948554809,0.004485055308359964,0.07760080552939766,9.815608631401206,healthy
25415.885854945158,0.05295173489469038,0.24578279851948406,9.77876102640425,healthy
25420.84720120165,0.364882330617561,-0.07664571831277867,9.796815801014885,healthy
25425.854901746286,0.030766272191529144,-0.566427510791663,9.793127460845533,healthy
25430.766524192095,-0.30871972162761485,0.11127364166266249,9.735698334279155,healthy
25435.774817957205,0.00673123081482699,0.19593225898972066,9.823045381365507,healthy
25440.838931554776,0.17704156836694213,-0.2597419625250397,9.687758512959112,healthy
25445.756035409493,0.1281844261944379,-0.2979142057024359,9.676765444353832,healthy
25450.7363206665,-0.19883341513435093,-0.12951484621240483,9.835982148005918,healthy
25455.762618887307,0.209520917174429,0.30616331739707137,9.83419371167727,healthy
25460.77026625527,0.20214689709811584,-0.040002272567774645,9.914573786855268,healthy
25465.750214557123,0.013012229956592292,-0.2939018502856312,9.929441524777005,healthy
25470.664297582865,-0.2523391946630759,0.164951300300384,9.69211164251929,healthy
25475.691498907454,-0.007497762671238556,0.22685081646615052,9.726137678813501,healthy
25480.690063153765,0.04625026394432516,0.055815469235132975,9.982644788499758,healthy
25485.637137238657,-0.37219540324335043,-0.17088658466924472,9.735929153568378,healthy
25490.722263787233,-0.3159187200857194,0.1795780924264859,9.800050741390399,healthy
25495.738000173624,0.29498101443875585,0.1267763669964232,9.758358112993596,healthy
25500.74674314775,0.2893849555014622,-0.2503874922525154,9.951453721550207,healthy
25505.758961798798,-0.31228743146670185,-0.17672862241708434,9.744061752879718,healthy
25510.783450896193,-0.030710083496684512,0.21069014141778275,9.590607492778375,healthy
25515.839435410184,0.22269518329075505,0.13255975239411352,9.796444300410837,healthy
25520.863934627618,0.1464271753612179,-0.2954527327564043,9.792810516962819,healthy
25525.778404792996,-0.3625731403597307,0.008626076511686231,9.788740167880812,healthy
25530.838931180748,0.0555861044444845,0.3734456381997989,9.818517753063924,healthy
25535.804628415117,0.4599466101343176,0.07071670230190856,9.749299628367957,healthy
25540.758530891653,0.30520448531110533,-0.26727283435952237,9.810053002677876,healthy
25545.706134134824,-0.28725197852751416,0.042241368157371416,9.764464295785393,healthy
25550.65378450485,-0.12147307909207364,0.24412241377822885,9.798388353461224,healthy
25555.709469400743,0.16228774088194994,-0.05216928957434825,9.850978932305852,healthy
25560.75332323638,-0.09505351486348734,-0.23705017447222682,9.662725126497557,healthy
25565.674833894795,-0.2597707313586409,0.010376908181114234,9.852407778203142,healthy
25570.71006526395,0.14976376879035969,0.2520610045187397,9.905364135470519,healthy
25575.66496526417,0.23879615047181096,0.05311562901232081,9.82127525480876,healthy
25580.76457268397,-0.11728853216755429,-0.40188093978526324,9.761636109076296,healthy
25585.804434157322,-0.34635228624742964,0.10669329654044674,9.91177022230021,healthy
25590.75630013555,0.062402439712025304,0.30873322926364716,9.978814803685694,healthy
25595.726642022415,0.23664312372147436,-0.0776120683033414,9.854817697949587,healthy
25600.69964160629,-0.1551786208524261,-0.06759583193084548,9.847589837844886,healthy
25605.664523574953,-0.18397001199985757,0.1312491000453664,9.771217978290354,healthy
25610.647398207595,0.2630239751464469,0.2929701149818016,9.790453969354097,healthy
25615.65981741254,0.2582397827131715,-0.1332842047437151,9.867870757841077,healthy
25620.69099991301,-0.28757727005289024,-0.0845598613864517,9.824809105064844,healthy
25625.70393649863,-0.17172932002321256,0.17441849552982244,9.917442933735213,healthy
25630.600224779362,0.27043103023795445,0.3635791511910349,9.84661674904717,healthy
25635.58321494202,0.06662861420566392,-0.24941077514921978,9.794524981794671,healthy
25640.696591307707,-0.016934754438553024,-0.1700511823154243,9.775543453917482,healthy
25645.736215750796,-0.1899938896856294,0.17805435557726837,9.86064047510061,healthy
25650.699614900852,0.18992002773468628,-0.1476313653350717,9.988073033527625,healthy
25655.65314167268,-0.10182587580209333,-0.48885582121295124,9.731267652561712,healthy
25660.58497637745,-0.5177234590848118,-0.13677978657615156,9.87525298707195,healthy
25665.503116708576,-0.13133974649402225,0.20530147831811982,9.779095432918469,healthy
25670.468725511022,0.1064663324733281,0.18234654254500585,9.901656006762009,healthy
25675.444274248755,0.11743800408336288,-0.4100822148184967,9.946005723591398,healthy
25680.476141997016,-0.03048360060637717,-0.436816103457787,9.82002412919827,healthy
25685.43673739597,-0.0378579423604868,0.28292376230686883,9.81789966946889,healthy
25690.464385307627,0.04961143058194853,-0.13367257983291034,9.952956593743176,healthy
25695.533929944802,-0.1405379633508839,-0.190680147231258,9.853634075244122,healthy
25700.515736051286,-0.385678868195522,0.022320073644867225,9.794138524725001,healthy
25705.506456523945,0.2726401082266674,0.21788411204075753,9.837046051342003,healthy
25710.481733288427,0.31409276158970817,-0.006922965699799784,9.838401797027222,healthy
25715.487060191903,0.16483603157932716,-0.3480713504802177,9.790526984921383,healthy
25720.405139709426,-0.47206448679261137,0.1604363418541046,9.648054464702561,healthy
25725.40966016014,0.30853314806612114,0.14771748771482715,10.01698952511105,healthy
25730.436835871715,0.23577480940583803,-0.025053433341866715,9.755404910314608,healthy
25735.468427068216,-0.14211856422063845,-0.2834014697937278,9.719995303210565,healthy
25740.40665521623,-0.4118787117778773,0.08298830602751234,9.891575689032472,healthy
25745.38278130134,0.057724830230746565,0.2600896722509611,9.80161321974383,healthy
25750.384775485978,0.26654674794965705,-0.08630675423146504,9.674939865272275,healthy
25755.33097950592,-0.06260957980751011,-0.09522609019323221,9.78240584893697,healthy
25760.311779867967,-0.20872248930336149,0.21918588100891434,9.789487645574267,healthy
25765.374418358027,0.45006631710771383,0.35159744216440725,9.861250741068133,healthy
25770.359397037337,0.10404738889265894,-0.39206878864121975,9.899368868586729,healthy
25775.30767509527,-0.11522350824927871,-0.05496406193589849,9.694287226529001,healthy
25780.319244451544,-0.3117289239425724,0.16783126038370472,9.731181440568253,healthy
25785.292220868283,0.2747558089522426,-0.09006477442701498,9.796391373540045,healthy
25790.26927680502,0.23576981812049674,-0.22326650115683,10.03624977722538,healthy
25795.343833102757,-0.506420977655862,-0.05570986687687221,9.69028453358776,healthy
25800.365640561035,-0.3315655012337542,0.185547980553039,9.667129256519488,healthy
25805.408092341553,0.18714309876122215,0.09632945630062514,9.812393766969993,healthy
25810.456928490752,-0.036212527699043415,-0.41647782412046247,9.7242783950843,healthy
25815.321262459376,-0.366101339185366,-0.1271609813309288,9.809568393244898,healthy
25820.30637613523,-0.17285966196633,0.13508851556502577,9.835597633282065,healthy
25825.37652638977,0.35584765070613633,-0.007633879405236339,10.013013808055595,healthy
25830.413794138112,0.08011699024216937,-0.21275894259098146,9.802038399171897,healthy
25835.461236621526,-0.19733024715887373,-0.023395803812328433,9.808108259868526,healthy
25840.55141261198,0.10726232373086314,0.20763909669689695,9.91564847379165,healthy
25845.56786661575,0.3105322459650786,-0.1593405483427367,9.741956500797672,healthy
25850.654026931777,-0.17531066745246576,-0.20227682704246425,9.871903060487956,healthy
25855.589169855903,-0.27608740426885275,0.0466773399706928,9.854613940620702,healthy
25860.640110615746,0.0251570194829404,0.39117346132642217,9.67400840898074,healthy
25865.5846567838,0.11935098671731122,-0.0580003407658114,9.836562575713593,healthy
25870.539896308575,-0.2467658702451499,-0.2843578440627317,9.678134065819204,healthy
25875.50784904594,-0.24937662032640687,0.07515367788372494,9.628269901472542,healthy
25880.467190820415,0.17935763229730506,0.07849853477433966,10.020757260883814,healthy
25885.45128290041,-0.010791090223353894,-0.38047759299766726,9.911626880385583,healthy
25890.43612622128,-0.2344374372858946,-0.23229071874279222,9.891405461836026,healthy
25895.426636266508,-0.1880791184207618,0.25171351712212875,9.818299504234089,healthy
25900.479300837356,0.1694815686697922,-0.14023737966630628,9.870071301758681,healthy
25905.476557390786,-0.04254811960141981,-0.3132594254766228,9.817563948545786,healthy
25910.46054994439,-0.3386734518718718,-0.1964323645588777,9.73774438959031,healthy
25915.530249107254,0.012171259295833334,0.1339401197831368,9.779574332236558,healthy
25920.450786075122,0.25798534766675874,0.0045650791156124915,9.878512331529805,healthy
25925.43887533506,0.09299476163058998,-0.24909381241314835,9.979478584722171,healthy
25930.477518640935,-0.31216879205149606,-0.013749016035935833,9.773051736536305,healthy
25935.389748950834,0.06599306733735275,0.21546593219239954,9.823061469815789,healthy
25940.411756303587,0.24152972252913602,-0.10467644202004671,9.76369753267258,healthy
25945.382345147227,-0.13507508839257681,-0.3541243405943828,9.88339111466279,healthy
25950.403597341,-0.26649646469493327,0.1929402848148185,9.81013563867246,healthy
25955.40130124907,-0.008849686100912288,0.2574749616257802,9.85267577141565,healthy
25960.431027574225,0.327769618818069,-0.07472012936759292,9.847801927081283,healthy
25965.461988682662,-0.0046987078286044315,-0.177489768956255,9.893961576585069,healthy
25970.358757322276,-0.1591346019673862,0.04211016248854638,9.719559830584592,healthy
25975.437642630146,0.1589272564802013,0.15136913377923789,10.034104652009857,healthy
25980.330418645473,0.13563897441802814,-0.20068911249058374,9.80320697826979,healthy
25985.354802033256,-0.17705426179549055,-0.30560480119212274,9.69867255550727,healthy
25990.27149110919,-0.3171769625518376,0.21053284199319527,9.723510289294305,healthy
25995.31621426435,0.3440805605581926,0.33446742850851385,9.788893275283645,healthy
26000.332245283895,0.15315209478696862,-0.17249463776713092,9.812991902686887,healthy
26005.29820840438,-0.36368899654336434,0.12350943637391265,9.89142858419979,healthy
26010.31126934609,-0.24712948910177385,-0.01868146040203414,9.621769193893636,healthy
26015.25973326645,0.5256048500568687,0.2385340493609921,9.825143924516247,healthy
26020.309703051516,0.1534695851069145,-0.30790058828951805,9.755096487428895,healthy
26025.230326720368,-0.10328911824032544,-0.09708970105140263,9.751062095646011,healthy
26030.233134794176,0.11365141143944604,0.1927286107376051,9.793467128986244,healthy
26035.248567620252,0.3130339240074581,0.17770955651835196,9.961427316845661,healthy
26040.17578524076,0.2050518771448672,-0.0179194965685103,9.73728352974502,healthy
26045.13550133704,-0.0970593492510308,-0.2865123469806486,9.68068925302021,healthy
26050.10852072114,-0.01826730970037896,-0.01127172698900425,9.921809314154414,healthy
26055.100061901696,0.3441790610798971,-0.04163165451568898,9.873077457885932,healthy
26060.110474759138,0.2507737841859038,-0.13163432074931614,9.773636161856595,healthy
26065.118041014393,-0.20441494338237154,-0.09536984944886265,9.689472468604084,healthy
26070.14978366355,-0.022386527907570897,0.2694673903070608,9.813664372234856,healthy
26075.126041614716,0.04983268822920223,-0.15121338015061261,9.832448334085797,healthy
26080.144780151186,-0.28408422552209606,-0.47276819678345416,9.906205306981315,healthy
26085.149304001905,-0.24730695149557674,0.038120812047065265,9.78028407473801,healthy
26090.13315172078,-0.05518261522709469,0.17391985430206322,9.851542343324859,healthy
26095.068762676416,0.1463826466408829,0.0013940763600456124,9.88364902251786,healthy
26100.036252798145,-0.24007566373838837,-0.3432527088880699,9.723340604092764,healthy
26105.00298612931,-0.28782879600690464,-0.1462399753431767,9.64437315821029,healthy
26110.013978277944,0.1706484980603276,0.2656228001264284,9.788549789829617,healthy
26114.98806917232,0.3444445525320763,-0.27017674714285456,9.929519556223315,healthy
26119.964448011127,-0.061137029901037095,-0.18422583380630678,9.644168185927171,healthy
26124.915424328025,-0.0807970796662458,-0.046976978342828185,9.714215115961283,healthy
26129.94717995766,-0.003375805438588786,0.2071319174166698,9.967456452064557,healthy
26134.93943111321,0.22891637790718222,-0.3802602538783313,9.952029278020202,healthy
26139.91663315262,-0.18656782095558144,-0.28223601391696224,9.842442780139477,healthy
26144.930893471486,-0.023506573625565907,0.09373163716692717,9.656434411799529,healthy
26149.92971441004,0.02717385287028032,0.1705746261575148,9.924658643130925,healthy
26154.963086482603,0.20478311821517484,-0.18281626475345333,9.749225133530855,healthy
26159.957765211468,-0.3931508778022951,-0.14023920303847603,9.71830283912765,healthy
26164.948165552083,-0.13580643657579847,0.3794311441784888,9.624423026385932,healthy
26169.897996968484,0.2847281473475218,0.20976063591920896,9.801020292376755,healthy
26174.964455410416,0.07217968882242888,-0.387680407659888,9.727114184527757,healthy
26179.881841379087,-0.2746603544761211,-0.31967048990697056,9.750244482381056,healthy
26184.92114742829,-0.007382748217444064,0.1601261633959627,9.829842864122021,healthy
26189.886192904607,0.04165052527398211,0.05060482861434445,9.915059016435492,healthy
26194.902745384392,-0.015041773890470844,-0.3352793094849282,9.774029946204864,healthy
26199.987117165754,-0.14905659859351617,-0.07272880295057525,9.716973810165923,healthy
26204.969849390876,0.10685280215223575,0.30878438744539316,9.895359722509104,healthy
26209.990201115314,0.3239046966358682,-0.027498641874102885,10.004873194911463,healthy
26214.9991672947,-0.02618476563991657,-0.35292147366736537,9.765296672481163,healthy
26220.02279347092,-0.3509444943307237,0.11523654981896582,9.68952447716787,healthy
26225.169449129906,0.1374598579031092,0.08523662619599395,9.809337026008812,healthy
26230.098536596994,0.24543618335562994,-0.22511598707198327,9.683400411103737,healthy
26235.100785774255,-0.04419328172315154,-0.2279624702068877,9.82329912772069,healthy
26240.102616351764,-0.2420217842163286,0.1468961911072943,9.79325776187852,healthy
26245.077599885604,0.10779885662584315,0.30293807631681585,9.795482976483706,healthy
26250.223289649195,0.3115017217647693,-0.13206127463439002,9.700458406192453,healthy
26255.173347290147,-0.2800109866326258,-0.34788504089169914,9.789401432674719,healthy
26260.185210264266,-0.26533363729935466,0.20033191733759514,9.836264040693866,healthy
26265.161961066493,0.11122003882843412,0.181836289616398,9.934692698996418,healthy
26270.152613379287,0.32143165269815227,-0.17344612585829675,9.741760085716175,healthy
26275.121600068233,0.03991007649398248,-0.29580033710190795,9.795368921031649,healthy
26280.15340273823,-0.03802501329975781,0.15775157759676012,9.62276992728588,healthy
26285.082284916505,0.37514418057438864,0.35800192705064005,9.805880919780828,healthy
26290.099572030675,0.141032974179974,-0.2917869395541508,9.85455853156934,healthy
26295.079609186178,-0.3155899341425997,-0.36720557567138473,9.626554071433363,healthy
26300.059558387195,-0.022228267761656484,0.47716104374012175,9.990958753984089,healthy
26305.02771327517,0.3755061278920823,0.05936169841103641,9.866283872550044,healthy
26310.018593342906,0.08782928134790521,-0.0887414358028949,9.689427098933045,healthy
26315.005460685312,-0.3550074691084086,-0.05844267389796849,9.695222475707203,healthy
26319.980506439235,-0.14336336218615728,0.1882685200692814,9.826819262426632,healthy
26324.99786531395,0.11576667979668112,0.05634279029331765,9.913827178520599,healthy
26329.964013787372,-0.05035210010963132,-0.1676688539749474,9.877504227751698,healthy
26334.9683018436,-0.36756781423728757,0.06987785595437793,9.710255755281898,healthy
26339.963005856553,-0.07592573022326586,0.3469018666416923,9.840496366830282,healthy
26344.934510561987,0.06871553203825875,0.06900373524353315,9.844731884105816,healthy
26349.901357214527,-0.15141800782019565,-0.16193852043752754,9.745851627852364,healthy
26354.83409639227,0.04757868071510482,0.2461577790553595,9.811022735962572,healthy
26359.8765117078,0.1599598822234157,0.39294132084445477,9.643996996746338,healthy
26364.826256794186,0.0658648310384243,-0.08872913296314408,9.861291473395822,healthy
26369.830992551546,0.05467950868837487,-0.32904058584468876,9.756879532307126,healthy
26374.78412919414,-0.38009831370634506,0.2146615250862085,9.726168352479396,healthy
26379.8892845709,0.2491063983345197,0.13224950580213568,9.790077077683486,healthy
26384.90216296896,0.4591927769355203,-0.11657441511547678,9.842738496500097,healthy
26389.93583250128,-0.1287724755962572,-0.13084924296660763,9.850779454929876,healthy
26394.938687973132,-0.06407036448390939,0.16748496048248543,9.778753012735692,healthy
26399.90038128457,0.20891726600354218,0.07010430601288488,9.817354562607028,healthy
26404.92696408152,-0.22549115387072022,-0.042703475035773236,9.748717429124738,healthy
26409.917694720985,-0.2833802364816782,-0.07939110659463272,9.861631181190067,healthy
26414.972560758888,-0.34629693542608675,0.18338500526254067,9.673405513407138,healthy
26419.946113820068,0.3743542199461263,-0.02042500998595853,9.724910244719217,healthy
26424.93435527227,-0.0269715567848844,-0.3365735029710233,9.821619082170647,healthy
26430.01784059207,-0.3467195515083417,0.13532068441648779,9.768014622756311,healthy
26435.003227898364,-0.00023196936288014808,0.026684237139612266,9.87290169783784,healthy
26440.04208228364,0.21600298056642817,-0.18966387202900492,9.916694576116589,healthy
26445.024280097907,-0.0917225577552442,-0.3310357089977233,9.778704035366781,healthy
26450.0411539273,-0.2510515145406344,-0.24864924968826746,9.695373866286173,healthy
26455.01113044174,-0.1539864666841012,0.14475167202140066,10.00978969181126,healthy
26460.039984311356,0.30533680641843974,-0.0986335948814951,9.91385721749614,healthy
26465.041636486498,-0.10213048087617266,-0.27679434967738764,9.925291160030916,healthy
26469.951593072205,-0.017415648833027403,0.19709116009794855,9.677511736569043,healthy
26474.99220990777,0.24950755849079603,0.07102186554983164,9.861336521767445,healthy
26480.03415822472,0.20052691845199314,-0.05093217230784685,9.969710074149496,healthy
26484.998085012252,-0.07310038842382446,-0.349517738189281,9.84709826596502,healthy
26489.9928923234,-0.33634563705181336,0.10272449518974315,9.754360772662181,healthy
26494.991692966618,-0.1557972032922982,0.05437172507217525,9.917039822587707,healthy
26500.007866290336,0.2629747701435685,-0.19707365437461943,9.737283082961884,healthy
26504.97876540917,-0.04594366472260952,-0.13492946767924457,9.690808735533958,healthy
26509.965180276766,-0.08134619011046258,-0.012942506881925803,9.72724456975541,healthy
26514.97519838443,0.3407307721659635,0.10983688770168665,9.812622961844063,healthy
26519.97607596869,0.0343444630792851,-0.07659449773462994,9.920742615273097,healthy
26524.999157532595,-0.07302103743642037,-0.12973549124855177,9.828205241331204,healthy
26530.02562407509,-0.1713429376981091,0.3034924939829588,9.714950687295705,healthy
26535.030784981667,0.1296086171916671,-0.05564113484334324,9.889636721389511,healthy
26539.989320388588,0.02476885732427128,-0.14338843578065885,9.752905049449568,healthy
26544.99249901474,-0.266177103509715,-0.06905671351659336,9.754213067915021,healthy
26550.01847806733,-0.2302942016262905,0.2409175258092631,9.814223597647324,healthy
26555.13078947824,0.3029941405160506,0.04418124983904444,9.921413430611326,healthy
26560.14121494118,-0.07451200318855065,-0.300132666065993,9.781255793071262,healthy
26565.049785802403,-0.08838046952082518,0.18006210423756652,9.875808553073302,healthy
26569.99644311956,0.09333590721369062,0.2921166077720522,9.742885986370862,healthy
26574.984443143418,0.23544460463161243,0.2224013746771928,9.79657788240361,healthy
26580.046230449374,0.06075127038519471,-0.38846265399486923,9.747029439554906,healthy
26585.06000640896,-0.22851632845939202,-0.16537977410738589,9.826436848196016,healthy
26590.101549535393,0.06638816838337155,0.1378840438160181,9.733611189038855,healthy
26595.037059139402,0.3481724165684533,-0.06140237026777825,9.761284626437675,healthy
26600.02477099689,0.05186705679252897,0.10883791289484121,9.731668742093118,healthy
26605.030086121922,-0.23488764976829576,-0.04873653484231029,9.775220835469964,healthy
26610.076183012454,0.2801280980135881,0.028550047647029703,9.720511027935125,healthy
26615.015580989813,0.012594319277821148,-0.21651883809087466,9.86579398159529,healthy
26619.992802607685,-0.3238182990230115,-0.2619995225380556,9.649129004027534,healthy
26624.932483670684,-0.2668982950725882,0.1520579190746725,9.831370483945038,healthy
26629.947626956717,0.3177630342884863,0.24962862898810562,9.808801123358275,healthy
26634.90837759234,0.10377588933377166,0.013255102017157322,9.857624815424954,healthy
26639.88550322129,-0.21458416230129068,-0.23745852311704746,9.726170630669023,healthy
26644.891938125966,-0.2055328978781926,0.23354192366510335,9.826866045951693,healthy
26649.89677335824,0.26425493278506296,0.33409374085225557,9.845515821786753,healthy
26654.939215476235,0.14077474826781233,-0.1993298300883156,9.879884978057504,healthy
26660.014169014103,-0.3668268827710327,-0.1978476335906283,9.805479614169217,healthy
26665.037544839157,0.10610439641657969,0.04160112736203711,9.667934345500155,healthy
26669.939800412674,0.0008469976182217676,-0.06688109547026652,9.675099184076362,healthy
26675.018685089228,-0.14855236584039944,-0.05671869706903837,9.6752368437764,healthy
26680.064447778528,-0.43382205935115625,0.0022886244652882554,9.857209577977695,healthy
26685.11589502195,-0.19209406393076833,0.2606288644553061,9.845807107941372,healthy
26690.113901540135,0.18133082313425816,-0.1438673748914658,9.825957029781557,healthy
26695.11293003044,0.23363628266075584,-0.5310868847359755,9.790771028606116,healthy
26700.035738414488,-0.3851420280925042,-0.022023530469137402,9.75170792471984,healthy
26705.058686840108,0.09910340034429622,0.07421817959013163,9.75223834663885,healthy
26709.97836891768,0.3800979271142666,-0.24941469414708378,9.903194663131229,healthy
26714.914524558844,-0.00832664066668904,-0.308212931508313,9.760570595310986,healthy
26719.969868834116,-0.3356667640204214,-0.06804987625800138,9.648115502285448,healthy
26724.921228602252,0.10829230479855002,0.44378920096594743,9.771810054598202,healthy
26729.8999430777,0.3339893616327142,0.0326059716784694,9.968670657727559,healthy
26734.829097506878,-0.0416077767487842,-0.09420633031720699,9.784767672205225,healthy
26739.923864744847,-0.26429180020233756,0.26201234851211086,9.708394991554993,healthy
26744.863613897112,0.16233018380704498,0.19706264967449375,9.767660572462372,healthy
26749.861908225925,0.09337663823902767,-0.2070934666485595,9.680077877778071,healthy
26754.901725985226,-0.28590222142433924,-0.2617533957638197,9.793047657950051,healthy
26759.910267685806,-0.13825303710419828,0.4206142121111818,9.766948367935814,healthy
26764.965473170003,0.25751901754559614,0.3727533804418517,9.920440143958809,healthy
26769.92965770415,0.32313352643247906,-0.2555570641676934,9.907355199641852,healthy
26774.823096504457,-0.027920321464265374,-0.15598815422139498,9.773335774614438,healthy
26779.69056058254,-0.0075364137682762955,0.19681985232962648,9.838132001708047,healthy
26784.69904892145,0.35309447529137583,0.3315338172675314,9.777530428938,healthy
26789.753629336556,0.20678294355992524,-0.12572217177056202,9.774669065891445,healthy
26794.735589830394,-0.10522382329118103,-0.018626891831394585,9.702971180649786,healthy
26799.809104254044,-0.29083806455660555,0.21594772456069267,9.81712373251993,healthy
26804.806472264427,0.28380252956707575,0.3177329320373847,9.795388685790773,healthy
26809.767464036162,-0.13378804999081703,-0.202568624832455,9.954102353757069,healthy
26814.81349936095,-0.32616575430737715,0.025656456153032997,9.757809010715059,healthy
26819.722311077523,-0.036516294237400035,0.37318462353087956,9.881965584208785,healthy
26824.65816042505,0.25910439130851703,-0.06230716882494282,9.893700452190977,healthy
26829.66380459634,-0.03662125048077469,-0.3199829349836981,9.787042793281683,healthy
26834.685704282256,-0.1465208320169217,0.041052821150520405,9.768077296640472,healthy
26839.746055137388,0.13785058170838355,0.11367519383039554,9.68775726977248,healthy
26844.773941239233,0.20104990950524568,0.03865873613094736,9.91157876708126,healthy
26849.800847264356,-0.09377668421851557,-0.19447588076172462,9.72392715133864,healthy
26854.854243480953,-0.3682038300755894,0.24816417838498928,9.768615370983317,healthy
26859.86434874476,0.2777592207797226,0.30668498152831647,9.648934835728504,healthy
26864.895162234196,0.33504347517714994,0.03837035118938277,9.87955031371645,healthy
26869.921914934836,-0.28676621015949566,-0.11675422399302984,9.727949790122354,healthy
26874.817351846337,-0.20841343455738318,0.17188202589970586,9.727870883846554,healthy
26879.773224487708,0.17799616162198775,0.131810043960978,9.778220860952484,healthy
26884.77755153207,0.06828229076693645,-0.300033614703029,9.985882956905234,healthy
26889.74476990762,0.030199480220268415,-0.26311842839133415,9.671662083664481,healthy
26894.628823513878,-0.08262770935586213,0.23198785384847803,9.72048410993651,healthy
26899.652176915348,-0.004954979434160511,0.25292288941628704,9.809687925696664,healthy
26904.63894298113,-0.04960048709517795,-0.14388449094886036,9.874889701572888,healthy
26909.631293375867,-0.2292680588741952,-0.14437848185015378,9.724337547440465,healthy
26914.73050264151,-0.18690862303018702,0.1429389464107832,9.859014961634779,healthy
26919.73692073891,0.38111738732651235,-0.02355653425920476,9.7334724214451,healthy
26924.755474505666,0.11092104315638875,-0.30352687522307026,9.758928008644396,healthy
26929.867961687505,-0.1984419347413962,-0.1576107299932335,9.684718159573373,healthy
26934.81848617436,-0.1697523399232918,0.2064415062267953,9.819870043811482,healthy
26939.87527702635,0.14468545857732928,0.12197689785317255,9.900224973988667,healthy
26944.930556879015,-0.027097061009808555,-0.18041340597446337,9.781951763504598,healthy
26949.95063616207,-0.13552361357816772,-0.0925279244053854,9.686782975330864,healthy
26954.938142814044,-0.1436084196545554,0.26245660460494374,9.853335346969093,healthy
26959.921184476316,0.3197876831488726,0.06706691763351114,9.885253005356343,healthy
26964.961941889058,0.06704552774922293,-0.19525785729452527,9.817416779684171,healthy
26969.902872938663,-0.16806695903601432,0.107620108694868,9.855961368484833,healthy
26975.008527338872,0.3311199107920674,0.37644370160892154,9.787020460662768,healthy
26979.996869073402,0.19537309123848046,-0.020634697640397555,9.87215069401558,healthy
26984.96910948872,-0.12276769838909124,-0.3033929110750543,9.750307458867786,healthy
26990.01589969172,-0.24746756547248105,0.11247649140661113,9.847543313203074,healthy
26994.96451046867,0.02389259774560526,0.09996532198050119,9.794372981861864,healthy
26999.951578297805,0.24437055507305547,0.06595826451177436,9.828530387234947,healthy
27004.953838605954,0.03800841353265533,-0.2060145964671083,9.85672175763426,healthy
27009.944366425058,-0.25936415967920523,0.28011135085994743,9.639318212962628,healthy
27014.95499643814,0.21832340268160108,0.2885965750201325,9.79431494199417,healthy
27019.992508747317,0.04296682594177481,-0.15449350858398508,9.884431040191208,healthy
27024.913087417288,-0.25574785676292444,0.03138056210812515,9.806860520837162,healthy
27029.893732582732,0.09417149444154899,0.0981078269805469,9.572773990363816,healthy
27034.897195166384,0.23821767104406733,0.19996112604695265,9.808815635036702,healthy
27039.903357955132,0.2521016445617536,-0.1829365990502344,9.783827015389518,healthy
27044.81551218177,-0.4517141324415811,-0.10308717333152594,9.88802243698078,healthy
27049.716029569623,0.08191491033050315,0.16806060536511375,9.688777405158357,healthy
27054.741770851382,0.08741042274944077,-0.08069472570147113,9.846401630743818,healthy
27059.75859434886,-0.0014768578051133907,-0.08897517981225825,9.667333146446024,healthy
27064.78612929589,-0.1466581444472438,0.11884928003777462,9.785037347011304,healthy
27069.72153606355,-0.1522246138862774,0.27491784718409346,9.843338570603986,healthy
27074.726308023688,0.22942023386679922,-0.07420832686277593,9.90386760711077,healthy
27079.689616080283,0.1783474479582885,-0.27194380073512653,9.643809139584809,healthy
27084.65987002914,-0.29283561841458383,0.02838716152268623,9.7841004361419,healthy
27089.66772432974,-0.14792565166390362,0.293642854351839,9.888732173913132,healthy
27094.672038559052,0.38960059279330833,-0.15452815414933613,9.898562924519052,healthy
27099.70695919237,-0.2382356914791366,-0.19682012131593424,9.75985016092362,healthy
27104.64516670216,-0.24399334875122705,0.06413623605131384,9.75428520025081,healthy
27109.62394899161,-0.09830228384262021,0.437110092179096,9.809253653286587,healthy
27114.664030221546,0.29483131383041095,-0.01734145197405161,10.058282721709672,healthy
27119.697562081765,-0.1457502505189425,-0.10502921415458973,9.916492981333533,healthy
27124.685171456098,-0.282858509551899,0.21179832778493507,9.767191273309233,healthy
27129.702669258488,0.23511653592901471,0.2541950537395092,9.754639671827485,healthy
27134.689312359304,0.025288273525270577,-0.2479015709488973,9.952847716671386,healthy
27139.660397818792,0.02923959506546875,-0.23243056102731857,9.866455045940409,healthy
27144.576340153544,-0.1384193286037785,0.14231654998129292,9.785985250983217,healthy
27149.590001435547,0.21946867763569866,0.22742321883780797,9.713072998158996,healthy
27154.55857750043,0.3078541632939402,0.06513384373182429,9.79112703968811,healthy
27159.57436273313,-0.09282400365710052,-0.042078237153306594,9.727467180121065,healthy
27164.587438080114,-0.08267829635706005,-0.0673237439999817,9.580693190579582,healthy
27169.65789036984,0.19493296216655154,-0.3000805687628383,9.821760967626807,healthy
27174.655865644025,0.14174173520201352,-0.15940168319638665,9.858347528932795,healthy
27179.682905018242,-0.22866632348373972,-0.1698856467976118,9.733743533233401,healthy
27184.63802166259,-0.01964561489796232,0.2426669031470577,9.797737978435212,healthy
27189.59818135366,0.2416214730340625,0.34958866122516785,9.942212941856761,healthy
27194.494501322635,0.05348665990283918,-0.3552115256962951,9.711546357977477,healthy
27199.537251544,0.008386878772305761,0.008894937429465566,9.898240129223748,healthy
27204.495891184157,-0.23727411935847528,0.27089487342768276,9.836433950415746,healthy
27209.51486543377,0.22810760337599628,-0.15860624015167216,9.962159300844464,healthy
27214.45924221139,0.04735372334264669,-0.32833271194277003,9.671774024378989,healthy
27219.437067486702,-0.3291704108168173,0.09637450811168562,9.85458494727825,healthy
27224.399166137224,0.16035370097834106,0.15551346064490215,9.809285716513648,healthy
27229.319119226453,0.41016742300918424,-0.08120258259954795,9.790921102456565,healthy
27234.32764769897,0.04937472881667043,-0.1292541965830895,9.748651104951835,healthy
27239.28167855441,-0.060638545048358944,-0.10050054226681882,9.79488697200048,healthy
27244.346963999673,0.017180848519158964,0.3996538287062199,9.947305032500955,healthy
27249.271562293627,0.07330950386666668,0.004393916300134679,9.961558236271388,healthy
27254.278728059773,0.04491409444921653,-0.2808104254808553,9.745666717426975,healthy
27259.28164414045,-0.15186010119497528,0.007950244961398942,9.747832799256276,healthy
27264.27547140232,0.1517217093145256,0.10958481090641647,9.754685288255425,healthy
27269.236232838593,0.19078966197213132,-0.09391366053665062,9.990502544664807,healthy
27274.200473592482,-0.156369662734704,-0.0827394027705236,9.96826033625939,healthy
27279.115515179317,-0.3780687736830699,0.11943746582582329,9.739578885782686,healthy
27284.096437408716,0.03836202384554996,0.10458004438135673,9.79061094135782,healthy
27289.079569049216,0.09544981361384926,-0.15613814545877736,9.969972143422044,healthy
27294.0890141558,-0.21209095792748225,-0.07673365218794394,9.695477798165566,healthy
27299.108416189003,-0.14073561864130263,0.16568076269863388,9.817122627901508,healthy
27304.068861841166,-0.0010451970738575012,0.07907642032300721,9.650209804677575,healthy
27309.04562724552,0.17065211411138848,-0.15932095681581057,9.933108769131323,healthy
27314.085649293946,-0.11001076748385898,-0.18059402703150146,9.732125222820668,healthy
27319.153136646088,0.08288925856845712,0.20848053607637393,9.832738097403901,healthy
27324.17111636556,0.1770560828757768,0.05084253263001709,9.667515470674282,healthy
27329.233995979746,0.1651003557546507,-0.045461205108663943,9.892387139413623,healthy
27334.28651132955,-0.1636139538592156,0.054601999993155986,9.790771735489054,healthy
27339.322041929285,0.1321072476260347,0.23721916222294864,9.66914827782103,healthy
27344.323162468474,0.25938139220342704,0.2335430605708618,9.894115399397833,healthy
27349.34273800122,-0.06915633654548914,-0.22366082949559263,9.864321126433993,healthy
27354.43094593462,-0.4570352377287419,0.010008824889070018,9.85374951648681,healthy
27359.543667585396,0.2513467811820141,0.2911629656845776,9.762130823136308,healthy
27364.525609770466,0.24101104404622653,-0.08506521430163623,9.84669992456883,healthy
27369.48641046433,0.07319113800295067,-0.3267287044382484,9.785663165094745,healthy
27374.47240690726,-0.1353326900723882,0.12481822872635803,9.877019616772767,healthy
27379.49336097116,0.11685941247808905,0.33909591161339575,9.860918088399123,healthy
27384.434525731747,0.2102032347077856,-0.14570438075482373,9.922078860290394,healthy
27389.437380166397,-0.4242214284033695,-0.26955328639921405,9.890437543817018,healthy
27394.49599624465,-0.21253593650439462,-0.07664139217543744,9.814311423681783,healthy
27399.416127528966,0.28263194376836365,0.4277640252355641,9.806886952178145,healthy
27404.377321686716,0.4000858564251222,0.025613335749228305,9.675470170109426,healthy
27409.387757297023,-0.22936983504076142,-0.16566263249784793,9.843638643363478,healthy
27414.30659621162,-0.2667105108842925,0.01759771312179345,9.74508052086687,healthy
27419.284340479477,0.22181087621237594,-0.053031226195532605,9.860390122455827,healthy
27424.291021717287,-0.002289749558347126,-0.2774605900615593,9.942157135565807,healthy
27429.30437382909,-0.00994513792492524,-0.23291779254311334,9.722854194804698,healthy
27434.319461178442,0.08071156998445861,0.14553896752029272,9.701189621152514,healthy
27439.276941506694,0.30488873584349185,0.14149403610628036,9.962663972633782,healthy
27444.265268340347,0.28139412451699375,-0.29828612986857456,9.692576398940068,healthy
27449.253523198146,-0.2901010506949283,-0.30549764909751637,9.74282361075481,healthy
27454.223294399584,0.06586745372981248,0.1800478835656447,9.785310692265869,healthy
27459.21396402287,0.2578628479933452,0.08216184918054203,9.998529557638882,healthy
27464.266018734827,0.06770352089236294,-0.24105729164837367,9.916494575022043,healthy
27469.33006945425,-0.17714294672884984,-0.1219898344030112,9.923856893093337,healthy
27474.422580778097,0.0018925789034601008,0.23989926899581368,9.932395353396917,healthy
27479.39632526488,0.25844093263755313,-0.10971847972733872,10.0204369971013,healthy
27484.370831235577,0.0189289289956662,-0.3385739956943064,9.717719909698651,healthy
27489.456765606275,-0.30450836972056916,0.05146477454384542,9.709864432252262,healthy
27494.436658218016,0.05561537006003969,0.2639203922438458,9.74925311889543,healthy
27499.471528617607,0.33726920973164776,-0.26067772663551025,9.924375232609897,healthy
27504.34582775331,0.0660124634905788,-0.10533748019237188,9.772170126985557,healthy
27509.321852302917,-0.24782618486346503,-0.07870572762531314,9.702434485623899,healthy
27514.299668163898,0.07622304082592393,0.21693645432143135,9.90616223777638,healthy
27519.397734146773,0.05192481815152439,-0.0494631078890725,9.790089587852183,healthy
27524.444118775795,-0.1897182834959521,-0.26599363847789026,9.807993970347333,healthy
27529.48658429588,-0.20122217677923346,0.3067655306708974,9.942547928610736,healthy
27534.5002684362,0.24978424834285756,0.11015526874799686,9.778901873518668,healthy
27539.439673168577,0.14623011859205245,-0.07773548175664191,9.869921211250766,healthy
27544.387209690965,-0.10230213826960348,-0.21415849701187056,9.715471375703745,healthy
27549.384044437407,-0.3067915302702053,0.3000136207504722,9.714442989968815,healthy
27554.309401794293,0.13806239435643644,0.2632659511335718,9.867843393082802,healthy
27559.268583540288,0.009059619406636327,-0.1692899991179379,9.82796839790686,healthy
27564.26429579316,-0.3773031445840192,-0.17633663655736018,9.725951093844273,healthy
27569.199513735733,-0.2042931213352332,0.3427062913961259,9.713395400498708,healthy
27574.244510549535,0.28943621598531405,-0.05106782069709888,9.822845178108452,healthy
27579.26322352091,0.07658068683161659,-0.30652886487966136,9.83007058755098,healthy
27584.27101279489,-0.39006884076291204,0.02800938662989453,9.752419874810013,healthy
27589.35742219538,-0.046678200732621425,0.21166790255843504,9.797480712027939,healthy
27594.225613194132,0.26528618712657376,0.005444918376889322,9.882229340826418,healthy
27599.256346568287,0.2630121576402187,-0.17966585566984686,9.777027497855121,healthy
27604.243390173648,-0.2173526863716376,-0.07187277057194794,9.671621497956403,healthy
27609.21283159191,0.03195945911278009,0.02019597005987883,9.62320955210218,healthy
27614.2443775762,0.19106974575716845,-0.0212207998275812,9.999871052066473,healthy
27619.244937590112,-0.047243041242245376,-0.30730178758977467,9.872066978052136,healthy
27624.229325809145,-0.4017237525207389,0.039997797285502665,9.799173209565188,healthy
27629.273456803625,-0.04316961468499385,0.13036605730549003,9.701382927603472,healthy
27634.38085140969,0.30161088531391933,-0.13672608098453395,9.953047589413151,healthy
27639.330589499597,0.0771536478730446,-0.1658671801025466,9.753110690366706,healthy
27644.410718884556,-0.11147968172131195,0.06452882184690267,9.80919490545841,healthy
27649.32905794288,0.3075778846798244,0.37177395261980783,9.898013260539908,healthy
27654.39813743867,0.05440005615530949,-0.33861513382319947,9.822013977842854,healthy
27659.347975454217,-0.20601087724811368,-0.13643565224231888,9.922503496943605,healthy
27664.30813050166,-0.27574990355884893,0.23015735814621235,9.783283161533715,healthy
27669.366916948515,0.09632855492110103,0.033676721616862,9.694699004048253,healthy
27674.347936860875,0.23349453154372588,-0.37014042453318285,9.974204960526473,healthy
27679.346612541718,-0.18583130641221685,0.06702998613361509,9.78180132695151,healthy
27684.299070262095,-0.19816795378583857,0.13389837273245794,9.85204629394134,healthy
27689.299148916576,0.25269525069714277,-0.0714921216868597,9.717767083581105,healthy
27694.340141087956,-0.051201420708122905,-0.24013565517032973,9.774849905172562,healthy
27699.32881431642,-0.15108746287490424,-0.1939834093308146,9.937905024367545,healthy
27704.296227528743,-0.056408522287256,0.5089464525604422,9.705994013122584,healthy
27709.26380564415,0.15879533367596044,-0.019483171125299424,9.92806899295548,healthy
27714.242882800798,0.09408874812329876,-0.23605474266376272,9.843432281899114,healthy
27719.24601181289,-0.2911200299450768,-0.08737297094022142,9.713114041400878,healthy
27724.173312870953,-0.12140417771789472,0.16154378581842654,9.718196699948063,healthy
27729.209372048383,0.5558994779454969,0.19716223085941348,9.766364540538639,healthy
27734.2184846656,0.2240233033435469,-0.07448999652912319,9.883173690071255,healthy
27739.12539410301,-0.41796977794925616,0.11018748683895194,9.746873759084702,healthy
27744.14415014701,0.045362548102561025,0.1485637114376278,9.939999426611545,healthy
27749.142737413807,0.10046878902144288,-0.020265787676695006,9.914934202234882,healthy
27754.129958654074,-0.07275122158705163,-0.25593964517809575,9.726910267431498,healthy
27759.180166000002,-0.10731373626384376,0.0039965611496269315,9.7886327258267,healthy
27764.142097283373,0.09318521198056365,0.20527806286109399,9.682211363401487,healthy
27769.189652500845,0.41594185557002455,-0.06339626051709168,9.778354670829545,healthy
27774.171913302325,-0.24549642918389664,-0.17867596718695933,9.869567334995619,healthy
27779.200729837426,-0.13415418058484516,0.24876770646730323,9.687697604130706,healthy
27784.18841839193,0.3139769557728319,0.16316104742819806,9.977182175700161,healthy
27789.2267771822,0.24721414972906344,-0.11686106284975584,9.786478138607533,healthy
27794.236759562544,0.033432160957748924,-0.22558354481736315,9.7346185782051,healthy
27799.251256328836,-0.2038921731053422,0.06489112890685675,9.643699079134226,healthy
27804.248896434452,0.28319743944970915,0.3219419084951528,9.711104396705588,healthy
27809.245013370724,0.09388112900344081,-0.07603607667317244,9.838593232158017,healthy
27814.257256774097,-0.27235330122036683,-0.12217539126059357,9.840817688804952,healthy
27819.29663766866,0.03862087880910264,0.21186981765868293,9.850955170704717,healthy
27824.28943038242,0.446752302668373,0.14992511509446643,9.85612199380449,healthy
27829.180683707855,-0.04213275027582561,-0.25889072912087197,9.780330631612685,healthy
27834.28041996014,-0.2175149070471993,0.14166061295979895,9.954546712167717,healthy
27839.1259718384,0.13123444834939915,0.2692018888436063,9.85488280190518,healthy
27844.15954969396,0.3077354204931628,-0.17781802002044866,9.80772936157566,healthy
27849.191341708414,0.19930483571324978,-0.26012583313767557,9.809554549837442,healthy
27854.23171866802,-0.24643085288663696,0.12343945632926433,9.750043811900472,healthy
27859.22902607827,0.1365893853696047,0.1596673143059918,9.882176818456601,healthy
27864.170216031358,0.09033036300208247,-0.11164792976031232,9.797796808863952,healthy
27869.184022798217,-0.2572943356700539,-0.20461743237072233,9.760550777379853,healthy
27874.149184707432,-0.2211464271166457,0.0472501261597333,9.694266178276308,healthy
27879.23287438288,0.20877729463825584,0.29963811816243113,9.861254274063558,healthy
27884.254956776913,-0.029704048400219257,-0.18042992015508935,9.933384469818106,healthy
27889.213867501672,-0.15621776251023506,-0.27754915203327857,9.804647314754266,healthy
27894.283658755692,0.12135173210464009,0.14906125913571588,9.67433340128339,healthy
27899.369111355176,0.002724974003268127,0.13237390135106628,9.749590322097287,healthy
27904.36248753375,0.30077877146017795,-0.1542600424422875,9.825596018039981,healthy
27909.373405356215,0.05230096567146983,-0.30578551216839944,9.840796776068476,healthy
27914.298073755144,-0.08498967168721377,0.20496262914773786,9.872094060370245,healthy
27919.238596470397,0.2640587413766561,0.1940446648880929,9.864205887858096,healthy
27924.296637796942,0.26376711759070953,-0.3111017285243058,9.989240045273586,healthy
27929.36464306552,-0.08224236124457843,-0.33410780159377357,9.630838648628687,healthy
27934.417553249823,-0.32332530307132895,0.3526724848088152,9.789783050104056,healthy
27939.373000392476,-0.009634974137160052,0.26292753935992147,9.945201583888336,healthy
27944.363104667653,0.044287001199660586,-0.3442319825378905,9.799780323063242,healthy
27949.38196029139,-0.37222378318656946,0.050235816950722365,9.777410753278325,healthy
27954.42129340705,-0.06868333491477249,0.1959012560319333,9.819126278478599,healthy
27959.421709026723,0.1867290671607527,0.09669776424921162,9.992500579039023,healthy
27964.381515964855,0.009210486368305907,-0.299284304935455,9.856430006179655,healthy
27969.374255069863,-0.30884167730928785,-0.16355397268700128,9.843996187462555,healthy
27974.317470671755,-0.2936977026215191,0.3852521248865307,9.67863427903048,healthy
27979.26975973922,0.27298153050317253,-0.16499591336959088,9.81913846327945,healthy
27984.32952576115,0.020293085469488797,-0.4048129708970601,9.910426355778373,healthy
27989.275623758964,-0.3479318605054402,0.09419502848112674,9.705928013728347,healthy
27994.28562822437,0.08589782450844588,0.18196467396912855,9.760079219417927,healthy
27999.35076308149,0.07852446910140448,0.016905554333053824,9.820979047253129,healthy
28004.387820506126,-0.3050083202934335,-0.34568678933204117,9.796170360216239,healthy
28009.41382391626,-0.02625581948317743,-0.002343500843883406,9.589667576557819,healthy
28014.365208391126,0.12696306304936367,0.028709590731142764,9.85052150479993,healthy
28019.40414575043,0.21612560227882924,-0.2634238938227327,9.867057596488447,healthy
28024.391956142263,0.00886835343510467,-0.10537190702683544,9.695498862007943,healthy
28029.374562671528,-0.22841932593448394,0.1292307397023193,9.693144884055762,healthy
28034.365903390553,0.15407856511592694,0.2997161933132186,9.83264787076199,healthy
28039.384641065088,0.004802591358984115,-0.2635086072930936,9.735724679558004,healthy
28044.289359102015,-0.144510810826963,-0.09343853893578452,9.844146380043872,healthy
28049.31956083746,-0.3711927456269912,0.3334609061689492,9.732954618087929,healthy
28054.31780795613,0.19608872628671684,0.25412550270651907,9.808663559310828,healthy
28059.317062691185,0.09432973224209776,-0.17861230401116546,9.702188226375055,healthy
28064.253195384175,-0.082127567768602,0.02740392843713231,9.751381032308704,healthy
28069.314601154594,-0.09856209015308418,0.3403021075128416,9.906478354103806,healthy
28074.346906534214,0.1581876873414832,-0.04190060671765948,10.013532332956844,healthy
28079.383719435893,-0.08295773120948918,-0.1629856702879986,9.733171503610464,healthy
28084.41523518951,-0.3516281269222203,-0.046971200755016485,9.643649503538622,healthy
28089.41912628523,-0.07424574161203595,0.1451454113404051,9.850432919238685,healthy
28094.35755526516,0.0684978751727216,-0.11854705205078508,9.778393969728297,healthy
28099.317766802807,-0.03473573735814424,-0.2452373774232629,9.856777925931873,healthy
28104.37689307986,-0.19085954958078516,0.06019906338934139,9.724084053598862,healthy
28109.33416919475,0.23996184206627597,0.3453079601417956,9.944697572692833,healthy
28114.320267905587,0.22859606979868868,0.0006121251853118403,10.02031394975236,healthy
28119.377475914967,-0.3097334095165789,-0.09338001524397063,9.854585653954738,healthy
28124.354991232438,-0.17168198337710777,-0.08451509364430326,9.951080955371575,healthy
28129.399783451216,0.03392045979485621,0.2471309950665188,9.853241774481708,healthy
28134.418955267774,0.07830888224280735,-0.23075516133910334,9.931002220170026,healthy
28139.38047700693,-0.021262850448339254,-0.35086843436954773,9.721409813879257,healthy
28144.390416175233,0.15004452859608433,0.197252978961176,9.699804532797241,healthy
28149.364386813813,0.15963462373176263,0.20414402113319646,9.809363617447856,healthy
28154.361013384354,0.14077560358274577,-0.29019836978394625,9.92838895723097,healthy
28159.42607835428,-0.02907600056093948,-0.11589215692237587,9.60142333376691,healthy
28164.30550877635,-0.08608743796183842,0.06727723915370994,9.719701150821377,healthy
28169.161728242758,0.2785040163461356,0.13824349213613613,9.880816265167795,healthy
28174.168012044,0.20404525107797966,-0.24488172360396981,9.932400762281524,healthy
28179.202020265362,-0.3477731294838935,-0.18687221233876755,9.793309000129051,healthy
28184.17616973578,-0.12138174403083649,-0.060332649441283054,9.668115462607863,healthy
28189.13150111503,0.16716922435494846,0.15112563133729817,9.791174723007797,healthy
28194.148943349403,0.035319848903950644,-0.3206411817027368,9.723858647712014,healthy
28199.083864265987,-0.06329465739706583,-0.05907949477631242,9.78142999688184,healthy
28204.057125428077,-0.15309475653399243,0.2860271110802259,9.635192663124595,healthy
28209.03150482237,0.31901124566814515,0.10404993764893167,9.962034911980378,healthy
28214.103079106135,0.044075566371442304,-0.35977079390329236,9.804410705365138,healthy
28219.141530450073,-0.3465015949746891,0.06981795310067901,9.723811524750056,healthy
28224.21753510951,0.07816074252718694,0.28489064152888366,9.724412761155895,healthy
28229.258085836842,0.14285931617228487,0.01931578576998998,9.892125193300032,healthy
28234.346375245863,0.008140534123437494,-0.11049574007067156,9.814888095491973,healthy
28239.377736545575,-0.3266723707150505,-0.05956138147818369,9.663580015091835,healthy
28244.43969244372,0.15894762123066902,0.33107562604952967,9.816162281203747,healthy
28249.488893962454,0.3291063698147571,-0.005670255010303313,9.872841409562794,healthy
28254.47587941126,-0.2064486035852784,-0.2768076378500211,9.81864336901343,healthy
28259.49834895117,-0.41289854090647515,0.22037811533625218,9.796340915020695,healthy
28264.553510458583,0.12262715848537062,0.3086281017491226,9.817237877903327,healthy
28269.547952111952,0.038697640830264446,-0.10424287767714766,9.890512701530387,healthy
28274.604033748823,-0.33902933744192676,-0.1625188288580935,9.591848211670442,healthy
28279.562705622688,-0.19641140614407507,0.22444321337404272,9.848295370827604,healthy
28284.524764727725,0.11563466583427728,0.12555291006488964,9.808679497412921,healthy
28289.542147355845,0.0728962194281387,-0.26518596240050885,9.833228403794429,healthy
28294.618776388023,-0.2938700491817091,0.017276725472247678,9.763627321476918,healthy
28299.751535541112,-0.03333969578620248,0.28040130206099334,9.818971772233192,healthy
28304.800577016547,0.30935496409127605,0.11115953626137763,9.80238281102653,healthy
28309.801520606856,0.05338436918667565,-0.00869016152925664,9.677067546850573,healthy
28314.836522530935,-0.21540556967247457,-0.21196396681609123,9.77609123785314,healthy
28319.805582736695,0.012469159945566716,0.34431446231956414,9.764227849792345,healthy
28324.749493813237,0.26141704222587236,0.10180272198712652,10.013444985272455,healthy
28329.7927506949,-0.11888303174578875,-0.2211413755053187,9.764449664149867,healthy
28334.709041324906,-0.22452642774010964,-0.11468333215986332,9.634626972117182,healthy
28339.7213018476,-0.10968543575797464,0.2782323280606257,9.803001078717076,healthy
28344.75513757768,0.3981131297665768,0.011035731876529845,9.885899514803318,healthy
28349.741192176854,-0.05576116870073933,-0.09629502125882142,9.82216513720201,healthy
28354.755953852135,-0.22918400247344714,0.27974875373823466,9.891276770329938,healthy
28359.817789731438,0.0019128839689550176,0.40459496957888974,9.907547549698513,healthy
28364.73289949383,0.08645980419521171,0.08126586088176703,9.888704454697853,healthy
28369.811080235824,-0.4182137532524346,-0.19543660984273242,9.652138584748409,healthy
28374.81082334563,-0.11080933440081962,0.27837506032799353,9.663166550855538,healthy
28379.924117621307,0.011912848277835092,-0.0931524764649376,9.93837244810222,healthy
28384.839957234177,0.15771719510264812,-0.13256640521109042,9.943269936886686,healthy
28389.83241187521,-0.21232405332134202,-0.009205133623500616,9.78678000460843,healthy
28394.790974042247,-0.2611204488245044,0.23571886129197223,9.750352472226606,healthy
28399.786734472927,0.08228235352008008,0.1985570965140843,9.847019900436349,healthy
28404.74484182489,0.31023889682112815,-0.1609868507296096,9.704409930571968,healthy
28409.71020059621,-0.316051058379269,-0.13086657055122008,9.850004249268311,healthy
28414.745496291936,-0.29866401478742033,0.4307734405553636,9.710191962057856,healthy
28419.693254776044,0.2721067293045681,-0.012645283311647049,9.854869980493495,healthy
28424.690363773265,0.09091482483769123,-0.4382404595378655,9.91847540204939,healthy
28429.665623960944,-0.08243958338546961,-0.1334622824011184,9.648156567245438,healthy
28434.61317825231,-0.029175864440469518,0.2758716326609197,9.921350962122542,healthy
28439.58642999311,0.2524007631591918,0.05902885337983096,9.848138422359359,healthy
28444.588605784626,0.05174870550054527,-0.16916733076286278,9.564200325715811,healthy
28449.573914451914,-0.3791542977194147,0.115386554893804,9.803150234636778,healthy
28454.56025571654,-0.12696017263416698,0.15138447391397794,9.791642271209856,healthy
28459.599067392897,0.3821274003740777,0.04202794708940677,9.94681724370613,healthy
28464.615007579956,-0.26386713969961234,-0.354768973951275,9.860066381107162,healthy
28469.59225724038,-0.2001029760541016,-0.17973944276299994,9.653423796988372,healthy
28474.563893943276,0.13416663567089204,0.3714973573242354,9.798145806098384,healthy
28479.5769359923,0.14684796897313407,0.12707779732795363,9.716646914887864,healthy
28484.660523113744,0.06743963426211758,-0.1740879272703526,9.955451206309569,healthy
28489.581766717227,-0.19570940145218893,-0.009244890754770987,9.849008896864673,healthy
28494.572934174423,0.20771357054100104,0.2225417413279513,9.99861049494356,healthy
28499.531218438748,0.240026345266755,-0.29473800165619624,9.747994025167598,healthy
28504.53975313313,-0.003321349466613596,-0.05695310401000814,9.822972038133777,healthy
28509.475254517034,-0.24313337999121706,0.21214223643963184,9.802496051772957,healthy
28514.488080094325,0.06038924595022513,0.14233309141990452,9.740629857882789,healthy
28519.459529817905,0.3332313901061682,-0.10662002440477676,9.906738558778535,healthy
28524.549700876007,-0.2918727409401144,-0.1007951381832474,9.908114691970214,healthy
28529.60894257628,-0.36920359487356125,0.3459823521120029,9.909233420525728,healthy
28534.53962081206,-0.08657792918249119,0.17169963366984975,9.891928427728562,healthy
28539.550842339617,-0.12213344470765039,-0.26060873320565753,9.776720945037011,healthy
28544.52458914994,-0.23476702091608595,-0.16621393728093115,9.712452063105513,healthy
28549.547304556396,-0.0512469765189722,0.06700809141987801,9.832808218848896,healthy
28554.568174538173,0.10084600990974112,-0.036374947271605826,9.994428855754544,healthy
28559.582610741316,0.08691671888259887,-0.3408224799134173,9.911948644896063,healthy
28564.639871479467,-0.3106980576461068,-0.0971727850885313,9.720368191495409,healthy
28569.758613738522,-0.11327600777249214,0.12831394563996798,9.911142340047885,healthy
28574.79191920972,0.21314511078055415,-0.011807516550220387,10.017825425514642,healthy
28579.783382422665,-0.08710649919320576,-0.24245511215560342,9.836100260463015,healthy
28584.773423127037,-0.059114874521739136,0.11637088822776478,9.67343441540767,healthy
28589.74215870764,0.05221196089314166,0.308120713584487,9.6682995402049,healthy
28594.680281581153,0.31520185118403793,-0.2266048034967273,9.938974597458857,healthy
28599.745328323865,0.0005230832802613147,-0.021057953715153926,9.780999297770077,healthy
28604.784626203753,-0.22931586909326937,-0.044307020133226654,9.773955642850568,healthy
28609.832168566743,-0.005897855257675999,0.3167120027914921,9.799677061777306,healthy
28614.822471405547,0.0763930951000357,-0.2469292273457979,9.954098038941066,healthy
28619.761601299117,-0.16867858296694427,-0.0037631402078747433,9.772265713907284,healthy
28624.768058704743,-0.18253009642973286,0.29094122815196094,9.838565652198406,healthy
28629.70924361505,0.2466400649503663,0.13541354666956312,9.731276768948133,healthy
28634.7197672794,0.2246675942707749,-0.06700934727967918,9.824180427938323,healthy
28639.74930745382,-0.2810212581568642,-0.06508392495105017,9.795205564961481,healthy
28644.777255368674,-0.16382507358552684,0.2753053397048639,9.70410927214057,healthy
28649.77428252852,0.18856523679238787,0.11551571777392292,9.949521728904108,healthy
28654.743521080007,0.1329574455157944,-0.17185197216387899,9.776965823079294,healthy
28659.711506497595,-0.06130471799308415,-0.26988593460522653,9.776597452332116,healthy
28664.82223420148,0.0002483695226981053,0.03235126747764683,9.732704794476184,healthy
28669.754943466254,0.3667369712954811,0.4058186000825015,9.888976410885437,healthy
28674.812489458804,0.05850109232501425,-0.1339765555068538,9.780337324793072,healthy
28679.80271929722,-0.2376489271788463,-0.04689980125598772,9.71309925869321,healthy
28684.86069189193,0.010589561814153298,0.2559795150889732,9.799951710337021,healthy
28689.903499599728,0.2710529591834225,0.03244047387706628,9.906490080432413,healthy
28694.86504496143,-0.15361991311864506,-0.2917238677898061,9.742702444462752,healthy
28699.80859287028,-0.03478333672558348,0.09347231238173011,9.654507464839286,healthy
28704.78960013687,-0.07558138549713418,0.20937369067589623,9.737706493334176,healthy
28709.791452383746,0.3819965541995929,0.28006957051574327,10.000181551606559,healthy
28714.769796852477,-0.1621088433315606,-0.3332987000825453,9.922197580436404,healthy
28719.81777497959,-0.11478787701822901,0.24149073583120523,9.862770901156106,healthy
28724.82051358671,0.08117127231070326,0.24943524508624537,10.046888977610534,healthy
28729.803259014338,0.27744678350511787,0.004750603133077097,9.958645174809513,healthy
28734.85701396927,-0.17137561432783194,-0.20900572197010528,9.741836006115198,healthy
28739.88079316418,-0.21957088193475455,0.08276955141311884,9.619222293731761,healthy
28744.845549478097,0.20867251099841083,0.10528633083866593,9.821584286152262,healthy
28749.82106366013,0.22787215082311837,-0.0009413014669543834,9.773692515701779,healthy
28754.834695710564,-0.17234614662267242,-0.13058095701229486,9.874153556840158,healthy
28759.858777599136,-0.31644121189842983,0.11396966945482645,9.675821489491119,healthy
28764.89482674669,0.20702830972226588,0.06367608507242566,9.785609354684036,healthy
28769.808358552327,-0.09246659953541497,-0.24907983326890196,9.735160511866765,healthy
28774.81276393875,0.02330932633912347,-0.18303157260374642,9.791622302001894,healthy
28779.91093704972,-0.038516371272727154,0.273445709404882,9.87948213810128,healthy
28784.907378882588,0.30330745054311037,-0.024417914365923693,10.0062742950114,healthy
28790.003553285183,0.0966684022247988,-0.3005817050011127,9.940499474377342,healthy
28795.013652296297,-0.4159768884860357,-0.13221346890886557,9.787775625720592,healthy
28799.998316004934,-0.07962195350824211,0.20397889499614477,9.801184986927515,healthy
28804.97721505214,0.30937035187676487,-0.0011934453954747515,9.731806717092404,healthy
28810.046404210567,-0.05248317517324744,-0.2641375484229149,9.80082093335413,healthy
28815.13882148156,-0.44615697668955,0.3158281297773117,9.706754772626207,healthy
28820.13664985857,-0.11729344081571232,0.3385510339630757,9.822995222164325,healthy
28825.135772579422,0.14368343800066896,-0.10363093741022052,9.710631718283574,healthy
28830.122131462726,-0.1381882243053737,-0.10407422034618455,9.584101816036032,healthy
28835.154438160214,-0.212861561346117,-0.22430361663756956,9.739646220011394,healthy
28840.13993924035,-0.12464104760678793,0.33479924428392016,9.8424770001411,healthy
28845.082873627132,0.2768770205836446,-0.11946946003960182,9.813851031330332,healthy
28850.046192268983,-0.038809238466491314,-0.3499485359431886,9.713050438767766,healthy
28855.037407140753,-0.1412170713338856,0.12127223204019333,9.83481804587301,healthy
28859.993235376955,0.03989399425368726,0.22407784447331225,9.732605402494501,healthy
28864.985073478998,0.18122533640930705,0.03766287995362565,9.98320473927488,healthy
28869.919253286644,-0.1923247414203313,-0.37184202098372265,9.721797081878881,healthy
28874.895647640387,-0.16558118309339057,0.13046913809614757,9.829677451647594,healthy
28879.89913385329,-0.24244133185147992,0.2572242444646598,9.919976527187819,healthy
28884.847746013314,0.10425069699311829,-0.18190340580933095,9.727128084300498,healthy
28889.82743617854,-0.20936697398637422,-0.3539407073949884,9.693078211606732,healthy
28894.91792411825,-0.25178142906576284,0.23028331829435375,9.7507701326446,healthy
28899.945777581175,0.031281945138585315,0.022639455533654373,9.779310885745183,healthy
28905.032485252457,0.2945398012715469,-0.1671215911569932,9.825441094584718,healthy
28909.96915115479,-0.16646000341342537,0.14108131190599843,9.717019722087025,healthy
28914.971529994058,-0.03814754338194154,0.256420047489814,9.752058585562118,healthy
28920.006841159768,-0.07779750820709813,0.32066886165203357,9.888542786814746,healthy
28925.01993604202,0.13438299870102927,-0.41877651962621343,9.747177443392673,healthy
28930.103573324606,-0.07700573420245502,-0.20100011846655846,9.75061996118593,healthy
28935.05375110691,-0.03351326362873885,0.2961671369140962,9.844168845184754,healthy
28939.97070011778,0.35772849325341377,0.2523234874714984,9.839411734844571,healthy
28944.956365306367,0.07576451101356965,-0.045472818405451615,9.72601514270336,healthy
28949.931349174567,-0.1663111551766497,0.11382156817943287,9.6452287236167,healthy
28954.971744721603,0.22643887872183702,0.10916564712219534,9.87237737193899,healthy
28959.896600224274,0.32032005950751397,0.09589538372876709,9.803672190817188,healthy
28964.898483898633,0.0717159557758118,-0.44369742062942713,9.749681637766034,healthy
28969.920128095528,-0.2824144204650727,-0.1021948332850121,9.52771856460333,healthy
28974.92312687189,0.18366098386499147,0.21426102637439925,9.756899387889653,healthy
28979.980284221117,0.22585404324516004,-0.2005318942329855,9.832111626216989,healthy
28984.97171051559,-0.006964641864995083,-0.21737744604737175,9.819024651996573,healthy
28989.913123957518,-0.08508357865883484,0.2055264751029579,9.737430858225306,healthy
28994.86352250529,0.08506256675671796,0.26066728474381173,9.82886292153709,healthy
28999.88642485442,0.1584502163023748,-0.26875181608662735,9.912577764286048,healthy
29004.854188740745,-0.011317070592002737,-0.31286031502984224,9.888728224249308,healthy
29009.936452530907,-0.20943032817308285,0.24580758251678203,9.743278720730746,healthy
29014.89055029042,-0.11018503892223552,0.1733817448889429,9.838758867985188,healthy
29019.850304293082,0.25218196139027943,-0.10919015584802727,9.814573339873577,healthy
29024.804028965627,-0.15806460458601487,-0.21572542623477392,9.779949261908527,healthy
29029.821583897567,-0.20278193545370965,0.23200341756577686,9.882755410827608,healthy
29034.850914060753,0.01122120265321963,0.32285308733699514,9.935864389625396,healthy
29039.91329390379,0.1592117964671768,-0.28469058276586134,9.893097940295435,healthy
29044.832840788524,-0.1575056035432555,-0.15449108403905648,9.869084352909969,healthy
29049.768391210753,-0.1776101188925941,0.09925532233960738,9.839043419431553,healthy
29054.656902306622,0.1737790334854049,0.30583737225816876,9.896843216010666,healthy
29059.788781692863,-0.18771900386609053,-0.2093522842364776,9.80147487657063,healthy
29064.679317552655,-0.17727544886874214,-0.126507319014998,9.745559348317224,healthy
29069.67304151373,-0.12014348582907192,0.09599857547160423,9.71446043479847,healthy
29074.661856614945,0.4076814362888048,-0.009541098622873029,9.841332355462857,healthy
29079.692772566996,-0.07471355135414748,-0.3018146318291825,9.86207849911071,healthy
29084.693604357988,-0.3431638151870521,0.044675711497778166,9.76875734586798,healthy
29089.624973621412,-0.014149390326131737,0.19477364583323584,9.78649517904363,healthy
29094.647858772554,0.19412687616758242,0.14650336422256144,9.828315708577064,healthy
29099.62968099628,0.0537272161762398,-0.19666378388408462,9.993604383403456,healthy
29104.61646703155,-0.31879363378915127,0.10428365298754905,9.655910804598827,healthy
29109.595613513953,0.13895413195404727,0.32239434145816126,9.689578945213329,healthy
29114.536322364147,0.31035547125215496,0.07543026498592445,9.92435359384869,healthy
29119.560179650616,-0.030106712507398506,-0.12661585302759804,9.812276840638695,healthy
29124.591222483865,-0.39127954688799915,0.11497234615286216,9.71260193683831,healthy
29129.54353408323,-0.12954654723107167,0.34596364900545773,9.869176726301736,healthy
29134.622165912922,-0.21287546806192523,-0.3429447596787487,9.854524525862805,healthy
29139.565990494597,0.009417664229948303,-0.27259450851949873,9.765028859991416,healthy
29144.524725489944,-0.3496652132530178,0.26041215118683014,9.730073262653331,healthy
29149.55187437123,0.05350051840434962,0.34576884912750416,9.78274937846601,healthy
29154.523409335703,0.1511207961433349,-0.18941747311635515,9.811462843537095,healthy
29159.492188382083,-0.24921859910477787,0.04406466992311328,9.920337654690641,healthy
29164.467336100843,-0.21963971832450252,0.14540394679695878,9.658025823846016,healthy
29169.423760839833,0.2148457575358583,0.1615331788059263,9.804023053878794,healthy
29174.394321383636,0.09980200354993815,-0.18261431091971636,9.802333769007246,healthy
29179.42692468352,-0.32431548770424945,-0.2336497040671595,9.81906538920761,healthy
29184.529176510823,-0.1026804450555175,0.04029299504401748,9.836962258774264,healthy
29189.57466370542,0.29429490185705454,0.11937037486563148,9.92937987615442,healthy
29194.619129906212,0.09445901536806395,-0.31669817067505823,9.829328443185307,healthy
29199.639162549738,-0.22751002219410862,0.004024060489959826,9.822682781458603,healthy
29204.71745910089,-0.030886297080762987,0.22143955377492722,9.868592329050495,healthy
29209.70839222136,0.41031732843721413,-0.1820855212297615,9.89957051811473,healthy
29214.698695614323,0.17305211654450087,-0.40694058508363856,9.8742097072423,healthy
29219.723304029518,-0.18550858575727902,0.2374662330623117,9.805846825681677,healthy
29224.711150634485,0.14825913565633428,0.2422944640364675,9.62190373662578,healthy
29229.773864813247,0.1519045879675032,0.07473329579058666,9.84676049808846,healthy
29234.86952452055,0.03153031287168433,-0.14139686356082093,9.701631242300133,healthy
29239.74828184616,-0.035984499899426786,0.21890321200584634,9.833616085550792,healthy
29244.62822724758,0.09556476543034957,0.21938969561723803,9.852695106141518,healthy
29249.57874797978,0.06827113800387918,0.0650623815915464,9.881661207561647,healthy
29254.557377926296,-0.23465634822847448,-0.2311881163702969,9.778599395103724,healthy
29259.508067528557,-0.19723003491643906,-0.2173612817652346,9.76345113107437,healthy
29264.52856640278,0.34469303018244324,0.20042623027411696,9.914056876489832,healthy
29269.5280594995,0.146332553330684,-0.2508339624684529,9.998519546632481,healthy
29274.531078528096,-0.13256366574961123,0.08411960043806019,9.679111724564697,healthy
29279.530099177162,-0.17845941014512037,0.19102679042821816,9.740479180269814,healthy
29284.53529426772,0.15183143895994955,0.17144295576942992,9.829951360534624,healthy
29289.534092044716,0.15269772205431698,-0.33013632146514593,9.652766577675617,healthy
29294.51638727128,-0.20379744962445892,-0.1269176424048335,9.832126326973333,healthy
29299.524047884403,-0.3190636849402584,0.27077150378755727,9.80898625443207,healthy
29304.46016971657,-0.015911201120261037,-0.21429185613770027,9.864354903954467,healthy
29309.512243405385,0.03996861162791175,-0.24463172737505756,9.723607505902752,healthy
29314.541138083638,-0.4394556625874368,-0.11800024908244297,9.774915441329744,healthy
29319.64892397726,0.06724206624919704,0.3004901187825707,9.797662720926933,healthy
29324.708195505886,0.24083100830812418,0.1016617526351821,9.79274597885105,healthy
29329.69300432576,0.23295069660647125,-0.12119170609054328,9.843704055979773,healthy
29334.712183327338,-0.14778174539131617,0.05438824474060025,9.717075034889483,healthy
29339.67271665436,-0.017275605745614764,0.17818711349797384,9.996026367129105,healthy
29344.645531375456,0.4065617729680266,0.007137202378329131,9.8725562552429,healthy
29349.589949178782,0.03907371990674268,-0.3783378999618274,9.729875545123457,healthy
29354.59193036536,-0.22781832566298904,0.09552246320002475,9.670950389207174,healthy
29359.54559514114,0.12630311371938285,0.10529492468527152,9.88432457519852,healthy
29364.534374030136,0.5190868604363459,-0.08094149273166254,9.700554725715392,healthy
29369.46511770839,-0.04303869385771983,-0.3308185809395389,9.84493032960612,healthy
29374.554976601976,-0.17518828713329432,0.08257325222983752,9.804581242009483,healthy
29379.59297901597,0.10699318101420366,0.3149496682617742,9.731674796375433,healthy
29384.612325351645,0.12616756736943935,-0.1596528782123557,9.902476797250909,healthy
29389.610123104118,-0.24457913302304196,-0.1622323919379501,9.778290205042493,healthy
29394.636523845882,-0.09826644644969583,0.2657437020996122,9.642507373717553,healthy
29399.659240147168,0.1713650223737021,0.44805307102485703,9.89391703446694,healthy
29404.647680936047,0.19819322199571698,-0.18226411520912936,9.850971613048662,healthy
29409.716935555614,-0.3272556624737179,-0.06673388056624308,9.750706974408862,healthy
29414.746924276766,-0.10162861356301461,0.36984277770027796,9.741173403999898,healthy
29419.717746675437,0.24381067808518003,0.03606761172588875,9.894036431616698,healthy
29424.740875680913,0.11471750965038803,-0.3123527033038608,9.794012501195548,healthy
29429.71309814511,-0.47004757196749647,0.04473251933263604,9.613934357271143,healthy
29434.739725695097,0.0653108960309247,0.33171137026068465,9.642971738855968,healthy
29439.840759231967,0.4721076648292739,0.10642476226971131,9.682297432568369,healthy
29444.90479001756,-0.1360198551250767,-0.27671307392963573,9.894675841003115,healthy
29449.879337893857,-0.273586625901011,-0.0807414706627937,9.71900439874937,healthy
29454.93138863437,-0.04642573640391482,0.26519163860180117,9.723672593495008,healthy
29459.943699076986,0.3271225876313055,-0.006835176840849492,9.857064178462712,healthy
29464.82328622415,-0.0977854957045731,-0.3594236268357833,9.918899208309561,healthy
29469.77478548128,-0.2514358154773627,0.15723207334804887,9.759360091250043,healthy
29474.75876382129,0.010141035469662635,0.2860819332006522,9.66660565970979,healthy
29479.78439039393,0.2597002051244752,-0.03811152407884327,9.892870431940057,healthy
29484.75950325081,0.12843286800206954,-0.27134819310428465,9.751126356130003,healthy
29489.873211045095,-0.28819602673317324,0.12063960725406886,9.826541910662165,healthy
29494.771700707515,0.13622872578175527,-0.07879484205689655,9.73358566147164,healthy
29499.774076097074,0.3695863140773003,-0.17120133718690717,9.86666185715461,healthy
29504.799077095227,-0.16898765839337765,-0.2936387573960553,9.884248897712604,healthy
29509.843003699734,-0.3386138260268523,0.11560262995944603,9.854233921191586,healthy
29514.84294611263,0.07765883420562816,0.007892133121323669,9.8291247095448,healthy
29519.864402773786,0.18735605724576876,-0.305332675754441,9.87411054819423,healthy
29524.857216706085,-0.20315830345202582,-0.16413174055809845,9.814667766291697,healthy
29529.822911785937,-0.20011160289993557,0.2900883246208881,9.832255524100379,healthy
29534.858356022025,0.28034910569427623,0.045768943688247604,9.789890583469031,healthy
29539.875216675842,0.3666986847113583,-0.03127710269926112,9.867223148376889,healthy
29544.924558939172,-0.26567437126165,-0.28581117791048405,9.754951574893788,healthy
29549.90688037296,-0.2050787575671454,0.053431059608181924,9.78822486072973,healthy
29554.907647035914,0.2595452665095518,0.14138000334269843,9.915520780391033,healthy
29559.896840673722,0.14045255362682302,-0.2736885958335872,9.876620373300083,healthy
29564.935857161243,-0.1402795604972717,0.06849191462036452,9.764281700798566,healthy
29570.00021088091,-0.1191788706334613,0.12553216381806215,9.746499667225546,healthy
29574.970275667492,0.15216318660150485,-0.12040156035577379,9.927332342069557,healthy
29579.98775838421,-0.09912456299536737,0.004222750037253559,9.882062203561997,healthy
29585.00140252183,-0.13426536153035926,-0.152027192924164,9.730657837411176,healthy
29590.01436574485,0.21993296871331736,0.25023633215126184,9.68683902699264,healthy
29595.041786864767,0.36706036734892694,-0.16697760394820835,9.93352555746656,healthy
29599.961963914164,0.059250167921463495,-0.22509085607323878,9.851818230332263,healthy
29605.007020078374,-0.2170993217642451,0.18562997198185427,9.75274878254773,healthy
29609.92039575303,0.1687460805804562,0.1695253852372961,9.776283730171508,healthy
29614.873288446455,0.10451505405586671,-0.27349047072771127,9.93407946904633,healthy
29619.85468639687,-0.035069366042919284,-0.3142067823778065,9.667522443782195,healthy
29624.800092453024,-0.14926877266770275,0.30239329947219457,9.731597950261524,healthy
29629.78397017336,0.18602718131127988,0.1323684034119028,9.762965896339079,healthy
29634.81650819239,0.25179267702760694,-0.18094798745388138,9.773782836858501,healthy
29639.780805068483,0.11455400967592574,-0.2820785593872322,9.737054977149256,healthy
29644.805050061368,-0.06430189340937716,0.2818138621275215,9.71334533735635,healthy
29649.79421007976,0.05852761362967246,0.11255881358449665,9.82380376099459,healthy
29654.790433181446,0.08387589233350141,-0.0877376899578198,9.922565268352189,healthy
29659.776698316982,-0.26850730677712137,-0.029428724612140286,9.79807679484689,healthy
29664.815493654576,-0.11305880709572047,0.16048795505441835,9.731740392271679,healthy
29669.86261484433,0.12312210648075682,0.014250880114848694,9.854074223918069,healthy
29674.905085672755,0.18196556723215035,-0.42704554309982207,9.798327897471307,healthy
29680.029046555443,-0.10934236635904143,-0.04081626059071102,9.737151029158047,healthy
29684.98800907019,-0.06275998753107535,-0.024344132496377513,9.845917940060138,healthy
29689.99251917992,0.21592843668876865,0.07134351256303255,9.836882306154815,healthy
29694.95737558383,-0.16160439915266092,-0.24089283946133128,9.806964071407304,healthy
29699.96194953487,-0.18552808283017255,-0.12751861252641883,9.662678987493353,healthy
29704.949820858976,-0.2051789662728542,0.11276906981168669,9.754404682718306,healthy
29710.029149473747,0.13725125360207835,-0.1536159773528901,9.752308219062279,healthy
29714.980188621957,-0.09572303090313414,-0.293975120189189,9.725708676863409,healthy
29719.97813987849,-0.20076031550738155,0.09211523189000875,9.672396994646304,healthy
29724.93967071688,0.15120132030674133,0.3983958220091133,9.75481509748879,healthy
29729.970702467075,0.20466051541650324,0.08469670396236541,9.829215788280326,healthy
29734.946873129757,-0.3370333273106352,-0.5030150384506838,9.755755400778419,healthy
29739.942800289493,-0.25480976715729314,0.10837531419875546,9.94479850490465,healthy
29744.846498505412,0.20513928363970746,0.24165024967838655,9.739033161614257,healthy
29749.923557640675,0.25591441958189143,0.20134602339995686,9.866592013367889,healthy
29754.811727622593,-0.1464832010038562,-0.2574489317108477,9.846986800215323,healthy
29759.86654856126,-0.045913459602862444,0.07844958856288341,9.862430539594643,healthy
29764.934718729917,0.025252643922164225,-0.08117977932515305,9.855428831973796,healthy
29769.98400146465,0.4242352869257961,-0.23714328067987162,9.860165582420315,healthy
29775.001294323567,-0.0745966399053985,-0.23776303320286546,9.749229140473313,healthy
29780.038494430537,-0.11698998603272869,0.21163864829363882,9.780144208940548,healthy
29785.002800195325,0.15876129176273734,0.05622434988619575,9.83100036665598,healthy
29790.02267310649,0.09452134549850533,0.1312798950842927,9.739571298884554,healthy
29795.04669294151,-0.00786012369418257,-0.030145170421955553,9.77249556083466,healthy
29799.9755676441,0.019323345087875102,0.197742016079519,9.843931955907925,healthy
29804.969156420975,0.295745141298322,-0.03041004698703123,9.87630913659816,healthy
29809.929025808204,0.1454340733419513,-0.2967362676527303,9.90934360947413,healthy
29814.98104681886,-0.3439227516353782,-0.17316096013181634,9.665047808139214,healthy
29819.989754677234,0.04664406167440713,0.22990396692345968,9.856032790510213,healthy
29825.012568365815,0.2655976688995363,0.07655578271174726,9.834417904707745,healthy
29830.099698816775,0.028328969075383167,-0.2824551111371864,9.762041968394216,healthy
29835.10087618426,-0.2409610590457722,-0.009360253943379231,9.661824294133272,healthy
29840.134215989747,0.23296828276050688,0.28922331475494556,9.739684318290239,healthy
29845.119765978736,0.22164991871878115,-0.09228035683080983,9.633807205978346,healthy
29850.134103293338,-0.11060893743823932,-0.16281522033859686,9.724629727404063,healthy
29855.118134375967,-0.32740922121338434,0.1218073871291703,9.805690753500583,healthy
29860.070481224997,0.06983818905055099,0.1999872631532786,9.907978235425123,healthy
29865.110303049067,-0.0057090476891400455,-0.2525845934343412,9.876310863885307,healthy
29870.083722128067,-0.014797557531137706,-0.1876399330663524,9.73586625672689,healthy
29875.130962908494,-0.07860323200369285,0.1612523618944159,9.771114987193695,healthy
29880.16165499885,0.20033887322587537,0.133876780040629,9.976933730146182,healthy
29885.18922827972,-0.0647934386979378,-0.15956323305660067,9.796087370072419,healthy
29890.259968578426,-0.20288614899988372,-0.06833125174435409,9.7605307366684,healthy
29895.263603539126,-0.11346877714560072,0.2591731961575147,9.796508463408637,healthy
29900.274616202838,0.3510086518941345,0.06365410035731138,9.865951739476143,healthy
29905.292244324883,-0.14794979592576085,-0.38740282908976714,9.890679425230484,healthy
29910.35182175611,-0.11875807637918095,0.02090271417220449,9.708779817131868,healthy
29915.38128865358,-0.07713321898256909,0.2582440857982534,9.81412629219807,healthy
29920.345732375667,0.3777774050435494,-0.017837769060534747,9.809542520710485,healthy
29925.356341692874,-0.04640968879573578,-0.31100734619474796,9.832158755842956,healthy
29930.37003219093,-0.16621797830444052,-0.10550983132889952,9.852646010940367,healthy
29935.416707052653,-0.049067834148664,0.26338822949790314,9.713795862828537,healthy
29940.43543611817,0.13562581818247313,0.10336704494233209,9.779436892794992,healthy
29945.406707756618,0.009758394078594669,-0.3858147559664932,9.86508120382024,healthy
29950.382807211747,-0.3106212213780977,-0.04714965957797286,9.882274127218517,healthy
29955.383431050326,-0.05695733631656316,0.23010454979447667,9.6795251515369,healthy
29960.43299601065,0.40890339538838916,0.06241570975151179,9.779718021228858,healthy
29965.413478284347,0.14240245684792957,-0.2632797796784421,9.782315219140484,healthy
29970.413266997806,-0.21935902707463914,0.06571830265446695,9.681023703278042,healthy
29975.414233615345,-0.10313981720009698,0.23673039334234536,9.758379826052984,healthy
29980.42832179851,0.08855763284326382,0.1417727974925198,9.839094932906745,healthy
29985.385939993124,-0.07743578947670518,-0.3643114627017674,9.729289335221521,healthy
29990.39914168751,-0.03906965807936574,0.16383357932147627,9.80598155284767,healthy
29995.409036554483,0.16624402306256864,0.15431740483112238,9.835374035343955,healthy
30000.425293359265,0.3063928672844561,-0.17969712230026777,9.915404544188052,healthy
