timestamp_ms,accX,accY,accZ,label
0.0007361556131267002,0.0023964591850669237,0.21125489758340016,9.695801049010079,healthy
5.052354645876164,0.300473840901256,0.09506198514028111,9.787917766596582,healthy
10.033870840411224,0.027748064663159207,-0.34630946111858385,9.870447421595197,healthy
14.962415565835583,-0.24405584236432024,-0.005033211912984736,9.860418994816031,healthy
20.020757604785988,-0.0020715646124099124,0.26480959358028966,9.819890316272751,healthy
24.929448183378096,0.42158586808454157,-0.035658263668718944,9.865975401012635,healthy
29.942996269323974,-0.06871948284909513,-0.23019778590399562,9.723825089314584,healthy
34.97190372333827,-0.33438622476694196,-0.0017720198714522434,9.703104050538455,healthy
40.005733893379706,-0.005285178713297853,0.4936127925014692,9.92089709681848,healthy
44.96570104099428,0.4548457525572356,-0.15687427857274305,9.871564521941465,healthy
49.842299834077146,0.13858717919269917,-0.4291010516357978,9.909091427017614,healthy
54.867674987975214,-0.3448281747652958,0.2063413869345257,9.688431754279913,healthy
59.8618099896486,-0.003262685514936081,0.3252783943244386,9.86031325240389,healthy
64.94915719177705,0.34211127548152653,-0.31569328840059624,9.885043113135499,healthy
69.9876645620336,-0.22237886864286183,-0.30995697390429455,9.856795258747944,healthy
74.90116217788632,-0.04190082503925413,0.04361539902247674,9.687660701057952,healthy
79.88993543643187,0.07014553344675233,0.2477085593642277,9.823885427899981,healthy
84.83048267414179,0.31142154502721053,-0.229311213021842,9.78724886203334,healthy
89.82686866883664,-0.3068239690131009,-0.02630570227385795,9.660488316554337,healthy
94.84874757836822,-0.09546919177002994,0.3414194359394858,9.908761924026848,healthy
99.89281223076783,0.28285812886932515,0.013669073029876758,9.811760892238512,healthy
104.9234467662281,0.06115093251116868,-0.10498882529223522,9.81971770694223,healthy
109.91206187546581,0.04421147119583613,-0.24855185654734552,9.729898848959037,healthy
114.94492020742422,-0.08690358208396752,0.35881404633784136,9.657169663935923,healthy
120.01621650648988,0.1413230814311027,0.036316797802343925,9.80240762829647,healthy
124.99416805457481,0.04198336182987575,-0.29897080079162386,9.729080434982567,healthy
129.95528363468048,-0.30051510475876014,0.28635359532832305,9.804775072409024,healthy
134.98336165638958,0.15464320958012318,0.45782873901670296,9.81995023609019,healthy
139.96974251426536,0.07736442549489975,-0.004811025690123524,9.879344785746722,healthy
144.91818989004616,-0.024939497680129395,-0.2738195438331718,9.797606965940817,healthy
149.91388781252022,-0.09965145566647013,0.05322750438377248,9.761812360683919,healthy
154.86076405373962,0.2520044553948718,0.06680510723102287,9.740903744903846,healthy
159.96468095203318,0.1303306657149194,0.031692560857056615,9.957494065867612,healthy
164.99799956847903,-0.32043066683929605,-0.04846382884990985,9.759667399634788,healthy
170.10161616679594,-0.23676196174791472,-0.073432738481326,9.73293004453527,healthy
175.12618821567722,-0.1007201877275585,0.24156979825637948,9.835492120811155,healthy
180.057938385879,0.216153902978993,-0.08974192088532884,9.711560764251528,healthy
185.04599221624184,-0.16515158771957442,-0.23821839461397082,9.846260362697688,healthy
190.03700249791495,-0.24467468970077813,0.22854182319056687,9.739611091271502,healthy
195.07798737283056,0.29844057794754636,0.2805841998180766,9.996959266608128,healthy
200.12479465742766,0.10560341689854512,-0.10002700396055754,9.90152913323606,healthy
205.1660602229862,-0.06331919377942374,-0.3117229963609831,9.733153180355417,healthy
210.18057329178697,-0.18396318125281347,0.14576721997194925,9.703425261863293,healthy
215.18817328483664,0.39470369072868755,0.19524935176791108,9.768211022668718,healthy
220.1801540629752,0.35353636707828795,-0.13452189875529919,9.825794917675779,healthy
225.2052825727567,-0.26120500499610577,-0.104618751517261,9.612771902561132,healthy
230.18949769631294,-0.2187903274987917,0.2243369210526485,9.740480006098618,healthy
235.23088406008569,0.31655828960760707,0.02521396817613247,9.897705529830299,healthy
240.27041894226826,0.15629383248594003,-0.32187675654690406,9.791055803924241,healthy
245.29697104453308,-0.10148770236849963,-0.001002758452772149,9.685518724578307,healthy
250.31448292705093,0.00026221365884514453,0.3115972409569432,9.802487226388841,healthy
255.2939975850596,0.3579178943210479,-0.06493161078055455,9.814349306486445,healthy
260.24618301344225,-0.09145730707429009,-0.15439572725213258,9.798074149968508,healthy
265.169600771806,-0.16013752150505386,0.13597362241509728,9.789076186027065,healthy
270.1233801018982,0.19634424798380917,0.31336929248982015,9.788493202945403,healthy
275.13466046563224,0.2347311439251817,0.0033715681212863613,9.878173096699209,healthy
280.1026059544986,-0.06758585925882486,-0.10710629667564658,9.722034744578332,healthy
285.1128014336289,-0.33632898422008833,-0.028809721666714597,9.824352247523835,healthy
290.0809457279929,0.09136062627224968,0.4504516053948776,9.90293957859054,healthy
295.07249114517646,0.39896387444609027,-0.11367161678973405,9.84859996117808,healthy
300.02234529394093,-0.21345378499072803,0.06313570951809988,9.63426320807184,healthy
305.01509297189295,-0.20645706563756105,0.21880699722344377,9.703676058909531,healthy
309.9663459616802,0.16504899852207472,0.3768377212499365,9.816994257075077,healthy
314.8961727102567,0.2458066067654855,-0.16897410831390858,9.965138312695947,healthy
319.8835011894647,-0.06287115679371653,-0.2658593452682424,9.729689567512395,healthy
324.9418165855344,-0.1207267923985218,0.35834499066000436,9.951515780010261,healthy
329.9522102496522,0.33187400556751456,0.08424675480305772,9.8023772800881,healthy
334.95113986955477,0.056594055399465465,-0.19111148303807898,9.855298549027363,healthy
339.96670868479794,-0.24771068460722098,0.0015696932654592766,9.872687046310624,healthy
344.97745282200844,-0.3224644723341134,0.19865215270646855,9.988794941182569,healthy
350.0126812407824,0.2973281008787527,0.3618522236677106,9.839148144755065,healthy
355.07443314959676,-0.012255141231052188,-0.407300646222961,9.78186833635558,healthy
360.1163705823604,-0.21394160050477534,-0.17817639601613391,9.774847780159046,healthy
365.05957649297886,-0.12984689118235299,0.15667082749319028,9.889130975214025,healthy
369.9852442250242,0.18884250494620564,0.23929826296657722,9.844163577142739,healthy
375.0386373477434,-0.12014249446495735,-0.14606177952680433,9.851671574003094,healthy
380.0359456047957,-0.22257646584272828,0.12808718299833202,9.73988623842029,healthy
385.1290100377077,-0.025562935141218192,0.09485376949558838,9.787909851129951,healthy
390.18698236425746,0.20236038861941832,-0.1690254691127631,9.68815636776647,healthy
395.1830821853245,-0.2761935188908438,-0.15929734261639977,9.710682192729568,healthy
400.11252949583684,-0.5221510850366125,0.030654388910680952,9.736110347507116,healthy
405.17009665064944,-0.025192078061496218,0.2850528056833896,9.846761271822482,healthy
410.1734879307799,-0.053268560908358825,-0.2921765950112197,9.842668556230262,healthy
415.1763910226875,-0.22014306245053142,-0.35319857125487086,9.823571937441136,healthy
420.21491033922,-0.3641280898935212,0.1598324654411227,9.910552776818768,healthy
425.140653192543,0.014924347194834306,0.43053408407269345,9.946763900436851,healthy
430.2430819198566,0.3859591395240359,-0.1342088967313426,9.80221794352827,healthy
435.2884655479217,-0.10139627836922512,-0.24356039958750425,9.78925536571208,healthy
440.2869560281905,0.0039307330460977286,0.1444069786281825,9.712389060415106,healthy
445.31371746329455,0.02379951099087793,0.014960815217176543,9.85667499109426,healthy
450.27450272159916,0.08531273871219094,-0.2560206205502131,9.723750679671195,healthy
455.2995702232581,-0.24797080229451832,-0.07369681470511566,9.704528446540916,healthy
460.30032414213105,-0.35633061274496114,0.32934384192820065,9.759215925374596,healthy
465.2806432355465,0.37802349797429,0.1493842286779178,9.766183776733598,healthy
470.29249040443585,0.2821969158002631,-0.2530716655232658,9.761471224282133,healthy
475.23835914024573,-0.3285350918331668,-0.21951250259937202,9.769459120340668,healthy
480.18780756087483,-0.10296884886739592,0.3869038500900509,9.755798844688636,healthy
485.13118642389225,0.46818108730982555,0.012644146600894829,9.869941663744925,healthy
490.116636448077,0.12805228046257344,-0.2517638344014932,9.897140172460356,healthy
495.1222675738238,-0.26504878736399956,-0.04125379901502817,9.787221163563373,healthy
499.9967790888108,-0.09166339069327589,0.31423538084443514,9.781613401877742,healthy
505.0047304683013,0.4268434682207185,-0.06643681713969296,9.85958146668407,healthy
509.9981611071167,-0.01783477629038787,-0.39987344983534656,9.87520529726496,healthy
514.9377473081092,-0.15914263835953707,0.34336850207114056,9.749129661339133,healthy
520.0042780539416,-0.014606504935359962,-0.046914414418205014,9.800114837856762,healthy
525.0726370518072,0.23635279569581305,0.00013374660385930687,9.839118166106731,healthy
530.0879075176395,0.05886012432695781,-0.4311346152284443,9.623472088545075,healthy
535.060526115335,-0.269925695430916,-0.0014440520686678365,9.780729152202353,healthy
540.0461285642609,0.16204262310070944,0.2574336210820812,9.703167497977049,healthy
545.0622906063472,0.25058846323369394,-0.1122182986995548,9.894390478341606,healthy
550.02575669277,-0.2766183524621082,-0.2427855634478221,9.870158264884077,healthy
554.9734964927716,-0.39195363867863037,0.033883591232315144,9.779983640322781,healthy
559.9640400919071,0.04912868594544613,0.3254864638834505,9.792351435386196,healthy
564.8846076663705,0.20091884241347543,-0.1821429518240997,9.734568269355087,healthy
569.9178814852124,-0.05233203135797235,-0.16300637513306615,9.920269487990307,healthy
574.9544867287308,-0.23299823243414863,0.025811766873533093,9.674303265147978,healthy
579.9864515875312,0.27859819896976334,0.010087551029963837,9.935675317496871,healthy
584.9641648037496,0.17396541291140918,-0.18053374114111237,9.978910667411352,healthy
589.9347857272136,-0.2388400485126246,-0.1365529417227732,9.797289243795182,healthy
594.9020677543193,-0.27391158328361653,0.2585483023922896,9.820009543885433,healthy
599.9535955281594,0.3804407752063631,0.2307912531749356,9.826771834401509,healthy
604.8768884913161,0.09867320898646721,-0.40129617300416565,9.893555580858683,healthy
609.9143941905804,-0.2452127423219887,-0.09425035613631805,9.78914399556097,healthy
614.8736707727448,-0.011218597341508298,0.294686812386251,9.808097427403434,healthy
619.9170521346743,0.3053478115669548,0.07758339319575605,9.699103688414755,healthy
624.8561040372371,0.03497298879717466,-0.12777795702984635,9.854394732171649,healthy
629.863996235526,-0.46369722918070977,-0.047092688804302105,9.783032279953352,healthy
634.815066138493,0.17433269984223795,0.12309632428895884,9.765208817672548,healthy
639.8052831643379,0.10035732220291943,-0.11379587527639524,9.875125585229094,healthy
644.7699401820807,-0.07924803479553193,-0.4895285676229192,9.799387054297675,healthy
649.7699408292898,0.012525438199355421,0.0355941815739653,9.760936521110427,healthy
654.8129592042952,-0.031266387353477886,0.08495081021308987,10.08399134679885,healthy
659.8552022228001,0.47693404329161404,-0.059692084782284556,9.972305998768556,healthy
664.7919397936259,0.05779168643112595,-0.4413078370788045,9.823457109403542,healthy
669.803861873622,-0.056283351727746955,0.04600918103037213,9.716175874016258,healthy
674.7384065983344,-0.002055884139071651,0.20092320140643377,9.759931125002069,healthy
679.7119694826968,0.1550175248789698,0.03601964619550771,9.820984720397693,healthy
684.6910862938295,-0.30380683617413884,-0.15895495571749005,9.694380265878054,healthy
689.6655966142235,-0.5133517755442149,0.29236576408808557,9.859278542698018,healthy
694.5053483055535,0.2620150183785494,-0.017628582624579947,9.960299238934986,healthy
699.5472604386184,0.1790755876074699,-0.07471620429401607,9.687082158330567,healthy
704.5241379446109,-0.37659741523794527,-0.2985706282122327,9.651628810646573,healthy
709.5425607199733,-0.1778553198010256,0.11283918345387156,9.716655039196105,healthy
714.5507753028459,0.1861806170400206,0.09020768820967906,9.833353374574447,healthy
719.449141346157,0.3209939305134537,-0.21507537366564075,9.941172944151727,healthy
724.4217021283515,-0.134772685192732,0.17231901952641954,9.707152687449803,healthy
729.4439391184953,-0.13384001210926721,0.17232088200012546,9.835470646510538,healthy
734.4928217129165,0.332652214078881,0.1162886118278095,9.865261998787437,healthy
739.5412904229062,-0.031554822341856095,-0.09216891976823563,9.785679663845608,healthy
744.5892652832982,-0.3727358787490327,-0.06746125452430762,9.802887861435432,healthy
749.6685192570674,-0.1565016386090739,0.04829963285981284,9.813413375478182,healthy
754.6726629000354,0.24560032660107617,-0.10700597303006455,9.904535454792619,healthy
759.67141245785,-0.051426175394712684,-0.20119940061278835,9.85347550324083,healthy
764.6868043708616,-0.3379898022046541,0.20776467703424956,10.005893395034779,healthy
769.7438333282854,-0.04850014057804494,0.1997203755159246,9.873012484128818,healthy
774.8003442179764,0.38327546529553375,0.01017917637311283,9.812136095816163,healthy
779.7890600589332,-0.10026639977389454,-0.40247898487255407,9.865031301502613,healthy
784.7197896339828,-0.2101725089841394,-0.08977272125298169,9.797639084425548,healthy
789.7921464572378,0.16136931390078874,0.012979167859508228,9.766851340367774,healthy
794.7566322553586,0.20417480226020537,-0.12107698567102568,9.829854838151721,healthy
799.75827701669,-0.2783698320018666,-0.33058837280611686,9.723077563176926,healthy
804.8100305924739,-0.21257375116035063,0.029096684925967134,9.654920909170725,healthy
809.7461407292512,0.19695187733786335,0.10386137578126511,9.740862440940422,healthy
814.6714705059645,0.13227257773374412,-0.3742347706275301,9.76880755054385,healthy
819.6159518606368,-0.021193649986460977,-0.20617338900894117,9.814395921737358,healthy
824.5694075266396,-0.21775390472242317,0.004107078142687848,9.754901052008902,healthy
829.5176019334759,0.2939501171119413,0.07184326814299692,9.820907550068327,healthy
834.4381953290613,0.3365781260926177,-0.10077540687392911,9.833621882795438,healthy
839.5308311853983,-0.20284986157053542,-0.02636346593910449,9.713448743459324,healthy
844.5315751133531,-0.17502502866442232,0.2684172476348143,9.766361896097662,healthy
849.5758523150765,0.13191585499679143,0.12071393985611223,9.876334843456762,healthy
854.5948272266261,0.14805951760684513,-0.3923622874730049,9.759222016309481,healthy
859.5376808614386,-0.19559167209129055,-0.1256226314114014,9.74748786885464,healthy
864.5063927800923,0.015702846994518585,0.3492121954179689,9.772512535995922,healthy
869.5675078515416,0.3419289855579232,-0.0383482998768644,9.859638999739905,healthy
874.528389115344,0.06342881937778651,-0.2767073756797576,9.694313984814157,healthy
879.5198163588669,-0.2110620061864638,-0.02222948953452289,9.778641190486686,healthy
884.5641091532261,-0.11341587975819051,0.09174258670412092,9.672408106774837,healthy
889.6108494204489,0.32050563707742635,0.025076292757014736,9.895910488600139,healthy
894.6351079214247,-0.24191772281493734,-0.11228565312498312,9.707740719530163,healthy
899.6583679737388,-0.23559434156396553,-0.0101571604840448,9.750584207122088,healthy
904.659467686454,0.009798689457922283,0.36883043893864537,9.828928038006902,healthy
909.6980885299464,0.18069180852415814,-0.07795299171180652,9.873537546216026,healthy
914.7387071659946,-0.05554998254346871,-0.5373697630788271,9.810512754968682,healthy
919.8226998633655,-0.10794923802252859,0.17482212814900955,9.687181403349124,healthy
924.8926265003802,0.17570737241577608,0.17445060395448622,9.800272308836792,healthy
929.8914116875006,0.03238607552718198,-0.2551965956707877,9.785160735478375,healthy
934.936810749633,-0.08604415990912496,-0.3557171731381676,9.790333187728857,healthy
939.9152238358386,-0.18064826939238154,0.18099858210144243,9.802142802086646,healthy
944.8800871995458,0.36148696217068416,0.15534993749502551,9.940140514027487,healthy
949.8775073234801,0.1057563293606264,-0.20837986018529633,10.022719672005847,healthy
954.8832186902523,-0.03188996166919322,-0.08178110492373807,9.754876266605063,healthy
959.9656553769029,-0.0627963202836596,0.11908256272025697,9.693429956044422,healthy
965.0703284707553,0.19894249632544744,-0.12787136423696335,9.943945628228164,healthy
970.0240463178712,0.1571547534244923,-0.034804764575133734,9.682241239576777,healthy
975.0726072606548,-0.24286147996731883,-0.14101161112172036,9.775098049413446,healthy
980.129109242825,-0.009911562505590346,0.3968035631768108,9.936678313095936,healthy
985.151363864114,0.41063275608728145,-0.18111487978099833,9.905863870614517,healthy
990.1835653002784,-0.09710439092906162,-0.1900837183469588,9.869180753162501,healthy
995.1557097540641,-0.15574602264580023,-0.044078392693066494,9.727524164797234,healthy
1000.1832721569488,0.013140482135825922,0.17275979150423515,9.899046055314304,healthy
1005.2512320788078,0.12725733342808923,-0.11388284112071277,9.910000781180923,healthy
1010.2379715153962,-0.0032460955584467897,-0.07600871400860701,9.926311526867025,healthy
1015.2757636270325,-0.2672706618186266,-0.05153254800515855,9.66884366551134,healthy
1020.2741693265463,-0.10634608125284817,0.3626162418286506,9.633346636347355,healthy
1025.2866683785635,0.29626930862712314,0.02548545834307668,9.859130454479434,healthy
1030.2657127944042,0.14151824732879126,-0.23475489084558604,9.770267403357941,healthy
1035.2835244902874,-0.22248616276360417,0.12694589970265135,9.772231924898344,healthy
1040.333373993814,-0.011594157614866402,0.4196692422341056,9.823184090130175,healthy
1045.4498184895765,0.12273569349676257,-0.006412105183420169,9.854220411528466,healthy
1050.4542386161597,-0.21321445245471504,-0.25761366879885444,9.776891929223565,healthy
1055.4753075855315,-0.5761832740956004,0.1277005906344608,9.634884958380068,healthy
1060.5705139663469,0.11945969111869569,-0.03248244846560416,9.831578122749683,healthy
1065.5134346911798,-0.06983016047133656,-0.027687748558153286,9.80743645136576,healthy
1070.4874057690895,-0.12005654755545107,-0.0741493708481616,9.764850479032246,healthy
1075.503860106098,0.1325738609862376,0.21029559838602419,9.763108172606385,healthy
1080.5084792736639,0.11584044822064549,0.14893680328574266,9.846985929888225,healthy
1085.4714365776065,0.18115214516354872,-0.28836257406577326,9.85050747392012,healthy
1090.440891306834,-0.2551745025632833,-0.28837102073150356,9.675163343453837,healthy
1095.4451122330083,-0.15867737762903317,0.14965379618045765,9.825811749038744,healthy
1100.3656942183961,0.2738144306434057,0.08467732997912658,9.92771606276178,healthy
1105.3981867760738,-0.11216288983518316,-0.3573551666210378,9.818671443324416,healthy
1110.3235420048939,-0.2560481685198773,-0.0496976161498532,9.772546552926887,healthy
1115.3511828833111,-0.11631601695453835,0.21745771398273128,9.707973971512983,healthy
1120.3454835953112,0.27468608364365105,-0.0587652486771543,9.826509735072154,healthy
1125.2287720416912,0.043794763963967934,-0.2099913999462548,9.929621849153872,healthy
1130.1765788363616,-0.47176787277857557,0.1717434389052454,9.688569138715565,healthy
1135.1321700737194,0.03128636811809476,0.38287152719981266,9.754912741481627,healthy
1140.1953924792774,0.15007995209214686,-0.13141363689299845,9.869871879327478,healthy
1145.130482158229,-0.08658344260925774,-0.2427559645887492,9.820728654713994,healthy
1150.0690633133738,-0.29836640016399296,-0.17086460195785635,9.772409448464218,healthy
1154.9415565120676,-0.04342411316937149,0.22821843156515523,9.714554639588872,healthy
1159.9191632489305,0.3556948579090411,0.014975869001495418,9.715031106525199,healthy
1165.0032983938077,-0.10676152844365236,-0.23337330879032858,9.735930667789367,healthy
1170.0101744757,-0.058773311322477456,0.12302606699160863,9.709545239974535,healthy
1174.9245018252013,0.11593731616081154,0.341852593667975,9.77895648823492,healthy
1179.8948580554254,0.243623441653736,-0.06301305353617703,9.799471809945317,healthy
1184.8565124716968,-0.07588085388954759,-0.11655298931864842,9.731656889185869,healthy
1189.9348355425614,-0.35796723647624085,0.23794153677626384,9.795511527514947,healthy
1194.9940230131488,0.12191798687387964,0.21498598290646087,9.896060961658716,healthy
1199.9783938053768,0.213963222532642,-0.09279789211598023,9.834802646278575,healthy
1205.0520316050831,-0.32023742440685643,-0.1617383508445013,9.837436706377506,healthy
1210.0526495555844,-0.09293694066133855,0.09443764183818251,9.810897719843423,healthy
1215.0018060979364,0.1828609493262198,0.28220853053617534,9.814343397805656,healthy
1220.0213815590255,0.22671739384941764,-0.5162969867495659,9.724718705592077,healthy
1225.0407540008944,-0.21135539308427337,-0.3198803560458853,9.689299828581664,healthy
1229.9328360966983,-0.10390212821251096,0.18952345390885553,9.778115610096533,healthy
1234.8967638331153,0.21624439049272773,0.1068694004634548,9.827556647251296,healthy
1239.895395682014,-0.06213531158017583,-0.25209733071480067,9.745822166217392,healthy
1244.8302898516367,-0.06561129042802535,-0.11665943272709173,9.720606806292482,healthy
1249.827789087529,-0.017716464876374034,0.5048970864788915,9.893323474562848,healthy
1254.855666580269,0.27961010932689084,0.1705810663554393,9.812390798335931,healthy
1259.9254864264121,0.012693525009864657,-0.3055053531982409,9.841225559702725,healthy
1264.9261844659457,-0.47588149449987305,0.1764481858661995,9.821112646520456,healthy
1269.9333321403362,-0.011755170044113167,0.0675766750303359,9.72363704739244,healthy
1275.0636907695457,0.11605329618544777,-0.07349477494550599,9.866525936197993,healthy
1280.104614565258,-0.25828643009503693,-0.4250775673116056,9.76139581714021,healthy
1285.1579279361565,-0.40222630278669325,0.09314339386575203,9.869148520441954,healthy
1290.1527476125568,0.07309217070791191,0.1698865100329335,10.019699071557401,healthy
1295.2019222914332,0.3834646044960154,-0.255388007247889,9.865266103596916,healthy
1300.256271534226,-0.1472801517588984,-0.3141939239744299,9.7765555612977,healthy
1305.1569543724645,-0.039408858128645086,0.17550813507596055,9.782689190297084,healthy
1310.0891223769074,0.06683264557950802,0.18245551215450967,9.834494748893642,healthy
1315.0936370122927,0.2741579227090487,-0.06456191995058286,9.816431171605519,healthy
1320.0938152294757,-0.29180129305068186,-0.31044671395267043,9.79154022457943,healthy
1325.0750644907646,0.006698779472249783,0.08578011309181378,9.719818100096731,healthy
1330.1119702225094,0.4139383235505085,-0.13578562671545788,9.826909174929607,healthy
1335.0835781821722,0.33359752709645296,-0.17898000231077343,9.834503621014811,healthy
1340.1253882981505,-0.21836254661960702,-0.03594366721480098,9.869510411442953,healthy
1345.117285281323,-0.08571298210544598,0.1800049946776187,9.830406261126308,healthy
1350.0374162201588,0.31617263004452356,0.10387176220074902,9.904660365745121,healthy
1354.9855735688725,0.15740109776039857,-0.19592321167537413,9.89663373870921,healthy
1360.0045941267283,-0.2841429676494317,0.1327657579431969,9.771994164270135,healthy
1365.0536438267989,-0.20308332847229127,0.2559874749549502,9.863095440458336,healthy
1370.1287484904437,0.3197965908830975,-0.11464894984268811,9.880794083358825,healthy
1375.1777912898094,0.014437785764798719,-0.15276142790818437,9.829103235671319,healthy
1380.138929197802,-0.22869383126981557,-0.029401119607230283,9.853701327662588,healthy
1385.1580627656683,0.002106675993394331,0.1702722369960042,9.837887191303748,healthy
1390.0361825591226,0.371113542986933,-0.27939535786452824,9.816559299611164,healthy
1395.1258191098127,0.14645497665804685,-0.1738392119116491,9.776927334994003,healthy
1400.1692281941146,0.031678376125648305,0.24550544022436316,9.630120991862881,healthy
1405.092094613857,0.055573256499552706,0.4103633365089473,9.979473518499251,healthy
1410.164466182335,0.3735013618741214,-0.1617336859962608,9.702297302470454,healthy
1415.2195753107276,0.0741669309863843,0.04005355933837007,9.703799622970765,healthy
1420.2443787593259,-0.4162234763643635,0.22034159184670726,9.72396067795871,healthy
1425.2577544013036,0.06644685838483923,0.0032061372993112958,9.805841671589848,healthy
1430.2474647572071,0.0960675762409328,-0.0941658271883107,9.824082071979756,healthy
1435.2335564813625,-0.14403251263920058,-0.08681722752932024,9.536589713499872,healthy
1440.2547751807374,-0.33534372854548733,0.15700571473606972,9.718667024647505,healthy
1445.242269506608,0.30048323457474085,-0.019881574440192507,9.860927268305387,healthy
1450.3126448621738,0.1261470953729095,-0.3649281563611306,9.855671448125815,healthy
1455.3680540916425,-0.22869158457125482,-0.05137103530484824,9.733319321538508,healthy
1460.389685660151,-0.27498198033558907,0.15017657146021104,9.828717656003551,healthy
1465.420136977693,0.18813820274590365,0.1995886430495145,9.896660486083219,healthy
1470.4257413288378,0.04566657074888907,-0.2797442460120957,9.810380132976455,healthy
1475.4063950264942,-0.1238490716546822,0.05452014011126202,9.535720862118508,healthy
1480.4176301766922,0.08799001811969184,0.085069470839186,9.678333326616157,healthy
1485.348616137925,0.27999434043881577,-0.022313813379483925,9.815760301975288,healthy
1490.3935546118084,0.07599063320225913,-0.2566084249469903,9.851742883748258,healthy
1495.3775472607444,-0.2762092389798969,0.08714003086703515,9.824885727535996,healthy
1500.3810518381197,-0.06810237853975713,0.29371999527370896,9.952778782871102,healthy
1505.3948297549541,0.190529501663814,-0.02946754758330986,9.841570143682546,healthy
1510.4366919991162,0.06359165793306251,-0.03645691888127722,9.880141058916477,healthy
1515.4138461075709,-0.37343988320667404,0.281812186711358,9.776463275814335,healthy
1520.466332246024,-0.20445789336958264,0.22953372521391688,9.931450164189606,healthy
1525.463106839287,0.28776939376526245,-0.03218824135008104,9.835037090757963,healthy
1530.5294793125095,-0.32853061816431006,0.02242005245649395,9.809887159755014,healthy
1535.4715237853454,-0.141009856007187,0.10715479902748053,9.827050363786288,healthy
1540.534425440698,0.19520586581895316,0.22552981334473185,9.927699133049606,healthy
1545.5520164990228,0.17551223553823414,-0.33622952306224496,9.860275438842596,healthy
1550.527302041052,-0.11012298693115928,-0.25653892859359695,9.680304356806626,healthy
1555.4936715121632,-0.1429038620336915,-0.14829382950688805,9.744218397236397,healthy
1560.5599442033385,0.26751262803777537,0.10844333456967865,9.810256241355479,healthy
1565.5977451897604,0.04333783471460602,-0.07738613968265094,9.811422940717728,healthy
1570.5827465114342,-0.24071948000785068,0.026953485744781208,9.890363801059852,healthy
1575.5741821137829,-0.25456729445287185,0.21038388641607692,9.828150240175304,healthy
1580.575966709317,0.3069402998981398,0.006817949626731573,9.788723430466801,healthy
1585.4960179283266,0.21678341906736548,-0.18401843199344625,9.800535986330766,healthy
1590.4963096609908,-0.1410589452460928,0.10102216797382338,9.790040800675408,healthy
1595.480207804573,-0.2285590693836534,0.21781673147896463,9.638874718499054,healthy
1600.5439195375495,0.29322482412988615,0.14997958669929606,9.840097850688975,healthy
1605.4538291024778,0.1908869091469033,-0.2945380204023597,9.870288123909186,healthy
1610.5193631598038,0.022107861320784877,0.04789037857389983,9.668884104293795,healthy
1615.483862565252,0.18943711935596036,0.2875746775417425,9.618766295385763,healthy
1620.5174530712786,-0.014685672499723773,-0.12739280450537246,9.799585565412078,healthy
1625.5306634970946,0.058064815104593465,-0.2367185916074104,9.800088531105219,healthy
1630.4685754361972,-0.38603213986880436,-0.1024366907524198,9.80708467872175,healthy
1635.4441559931854,0.1773922898643825,0.24470704486184663,9.90465558293227,healthy
1640.3988379536286,0.04993665726320273,-0.306236750009764,9.8211446881209,healthy
1645.3957750615039,0.008042881418218087,-0.39843539395769717,10.102545253000297,healthy
1650.381229518078,-0.3714465205018703,0.053618353381362956,9.821647723464793,healthy
1655.3815650875183,0.09552704992685,0.1904799944058566,9.939395052087631,healthy
1660.4136961549998,-0.016168190839177893,-0.2278524044303206,9.93449636640839,healthy
1665.3660408507435,-0.07086334161504639,-0.051528144841879425,9.878779777322213,healthy
1670.4308629975517,-0.1349656351904932,0.12533398897175513,9.794092500778023,healthy
1675.3988201399563,0.3289400926139853,0.18271712067093335,9.80630471133802,healthy
1680.3225731327177,0.13397043843648804,-0.11398433670364519,9.877677127015565,healthy
1685.3761598523167,-0.34706454839409784,-0.1551157674709116,9.882078257073164,healthy
1690.3766959725888,-0.13951205360599153,0.26904618185460505,9.839232870437117,healthy
1695.4565823357302,0.2820781412171016,0.38443576463229956,10.004602471721466,healthy
1700.4741306741678,0.10869354341128896,-0.16531248548063526,9.865896451567043,healthy
1705.5520300809183,-0.22403649066822318,0.056947715990012374,9.783420566471005,healthy
1710.6008376615814,-0.2083951219778522,0.30564578934209163,9.735810721739387,healthy
1715.6086351414644,0.1873082975821976,0.19057062168513328,9.906847063676826,healthy
1720.5864746194748,-0.07070187436400178,-0.32140848361052315,9.833339867298834,healthy
1725.696505611606,-0.3083800291351322,0.028087243571134554,9.676065268114115,healthy
1730.6768933097694,-0.15737914947011822,0.24197360997321185,9.826879946871117,healthy
1735.6324843367247,0.30341031413581177,0.25788449936873276,9.819309458922422,healthy
1740.5989502627915,-0.15828788825601917,-0.34028752471959994,9.803301116872253,healthy
1745.5804413709811,-0.1003469972565193,0.20820735119596723,9.74845015706597,healthy
1750.6450638304714,-0.13476839073364616,0.347618465525121,9.925063560365471,healthy
1755.5930793910677,0.30433587640575993,0.10125175998530259,9.898264819487157,healthy
1760.5951261022572,-0.2501821328370783,-0.261997854751878,9.728699700344983,healthy
1765.6344723640443,-0.294422194619346,0.05878241707533764,9.751755757683675,healthy
1770.6274322036124,0.014361892377473526,0.5319627428682683,9.801773538761932,healthy
1775.610607463125,0.19918263951173437,-0.06572341684835434,9.873494930134326,healthy
1780.6232126377972,-0.35443431267192305,-0.06949772903458282,9.921356345342446,healthy
1785.6444967223752,-0.09597130966522673,0.33189839648669645,9.684799548410052,healthy
1790.6843843045767,0.1773283184073789,0.2878870275348907,9.969364125417352,healthy
1795.684575848907,0.18924080769150803,-0.12846768050606025,9.809350817298968,healthy
1800.699516727959,-0.2386272492975391,-0.14741133179489063,9.730168232734291,healthy
1805.7506705488076,-0.352508913834753,0.345567909262258,9.798980789375756,healthy
1810.7774495103079,0.03825904114007583,0.1370615681599661,9.786779268510672,healthy
1815.7767181646711,-0.08267654819114284,-0.21476481745138698,9.872736421560823,healthy
1820.8602576444473,-0.2335590814750436,-0.01369308849109474,9.908830464951382,healthy
1825.9951801494021,-0.04294898448631985,0.05759742443819793,9.887622030739484,healthy
1831.0065399020389,0.2810407166718139,0.14493750236355002,9.880885104244834,healthy
1836.028830717387,-0.04112912959536835,-0.4490406203065695,9.838577135298495,healthy
1841.0291928356062,-0.14347315285193102,-0.012874401655865148,9.786247597015446,healthy
1845.9768849137104,0.06321698545678764,0.04431860887329367,9.737319343689416,healthy
1851.0017932893609,0.12203822075174031,-0.18295770435099415,9.977647060709002,healthy
1855.99760936231,-0.003979134019302118,-0.22979236920428325,9.785866627869558,healthy
1861.023523043521,-0.277937207441432,-0.010778715585942825,9.742564423898946,healthy
1865.9939794099332,-0.11051641028604686,0.3265673847007699,9.81329537851855,healthy
1870.965409497778,0.2978536273913716,0.03622152667807988,9.977403567202135,healthy
1875.9930672176827,-0.21032574020924208,-0.04489794047439721,9.780366107228676,healthy
1881.0070872531617,-0.40903137098520626,0.13244337724927047,9.974297130039103,healthy
1886.0428406285914,-0.07002924941135995,0.30804469102521975,9.753090072810085,healthy
1891.0020687350718,0.15812384183772216,-0.11284390992863531,9.915569042357248,healthy
1895.9742266028788,-0.2710792767763995,-0.3630315808343725,9.843667272864185,healthy
1901.039501615739,-0.13021884050182403,-0.06541017313632805,9.922602382290352,healthy
1906.0449479645881,0.250259026815876,0.29543782678926367,9.68074334184729,healthy
1910.979497101792,0.034860054048086425,-0.21561410567339173,9.908192875908014,healthy
1915.9197460764124,-0.295467618147937,-0.37622293846695976,9.823103805975155,healthy
1920.8869783341518,-0.21043677112249393,0.0928627793479491,9.553382963146564,healthy
1925.9420594715957,0.25208154882289396,0.09676501103002606,9.966387183351914,healthy
1930.981932242281,0.11011783545569936,-0.22808893342785472,9.973115117394032,healthy
1936.0419713126412,-0.08944426711709888,-0.1837391642485992,9.702453348061963,healthy
1941.0911047985096,0.0752385726406929,0.19530145064709784,9.84120614394591,healthy
1946.0942009800497,0.17422067670252922,0.36811894371133513,9.61849368462808,healthy
1951.0496873500338,0.23649415310551955,0.10189819007110423,9.833665338177969,healthy
1956.0472540581727,-0.20403651940441297,-0.06676279448963819,9.812860966042912,healthy
1960.984674178915,-0.18286697237636257,0.26855125342480923,9.751061557289265,healthy
1965.9352724828566,0.3272375736176259,0.11877435572730535,9.806214240761552,healthy
1970.9338824030344,0.07452440637828425,-0.3162274080224924,9.753537972319105,healthy
1975.9650407860897,-0.08083469499904647,-0.11847074067443467,9.882446484028481,healthy
1980.9694608753462,-0.03846959476113088,0.2772995902566519,9.902513443443302,healthy
1985.9338868004097,0.2530755428017786,0.15140958016596917,9.960503071758598,healthy
1991.0423736061343,0.066962865511972,-0.1662788158403492,9.680587608274683,healthy
1996.0416466925703,-0.40589543802215033,-0.03341952319997132,9.845906401532506,healthy
2001.0066409359322,-0.13362949311175265,0.15324042359851223,9.834312730014323,healthy
2006.013135022264,0.1691392749110362,-0.29784260742172985,9.979789772954195,healthy
2010.9486800841348,0.06121775329273077,-0.49252633467871787,9.78851047990586,healthy
2015.8858083096795,-0.2840696156722627,0.06994727336816334,9.667627264481121,healthy
2020.816369829182,-0.014375361540682474,0.3841324434141432,9.795739981016808,healthy
2025.7238722570494,0.4719782843677516,-0.2332347002897887,9.78798928473197,healthy
2030.8089847700387,-0.09758353109164696,-0.33652273267284993,9.695619007876031,healthy
2035.6654139645561,-0.2850375633277384,-0.1099870400331498,9.655653213769268,healthy
2040.6947576007005,0.002366271218171956,0.13514846240961093,9.810290033046906,healthy
2045.6616794319254,0.1563689798034836,-0.01343478254246458,9.86909916442698,healthy
2050.6783946335563,-0.05525285733728626,-0.15913978656482905,9.771333588472185,healthy
2055.6880187448724,-0.21368215415097164,0.4664153907162615,9.73742651783858,healthy
2060.722072321633,0.17231667122677088,0.1647542307729958,9.87051040106502,healthy
2065.7263159283075,0.3769406307966262,-0.3323359798986861,9.824998787198599,healthy
2070.7556425427256,-0.3167661836764387,-0.258955649505776,9.727910844193925,healthy
2075.6303368172057,-0.12101367653131076,0.38588440689527725,9.811354973967072,healthy
2080.671365977215,0.1857827106436025,0.17726976259144378,9.731777209488227,healthy
2085.7666414924543,0.11533398690038063,-0.17032788474592134,9.954077823129936,healthy
2090.771504278074,-0.188857948889935,-0.0017198263031684147,9.8373755168082,healthy
2095.7761112519615,-0.04059040616206449,0.19493175761927417,9.732096094609473,healthy
2100.8359880375992,0.3186289606988478,0.22015154435209905,9.969733086306341,healthy
2105.8635242964515,0.08479683266152031,-0.4295416616457144,9.752387011883284,healthy
2110.795451050606,-0.1826230735164247,0.14020108125681102,9.671122993363934,healthy
2115.823707417374,0.21654921088708656,0.30410923280675434,9.783014489599987,healthy
2120.848536575133,0.25393499505137646,-0.13582479523472415,9.91501084551985,healthy
2125.8294313086694,-0.04259891932649206,-0.3411247772792542,9.797317312193805,healthy
2130.812763419722,-0.14997683051591504,-0.000266310561148321,9.76077369980944,healthy
2135.8093439196928,0.07903476276121849,0.1599678909005574,9.78516506904112,healthy
2140.8061414138647,0.29155715380774955,-0.0018166018769410902,9.726177700556022,healthy
2145.7972708641646,-0.17391842954371473,-0.14935733452869965,9.844422597016123,healthy
2150.842474013399,-0.30006682294843046,0.13035481719461545,9.715286443923873,healthy
2155.801103433293,0.09260493134747969,0.19531693002463582,9.737927131737907,healthy
2160.737683725199,0.0913791175250114,-0.17757006191355995,9.87285720085108,healthy
2165.715872461459,-0.14763042355356648,-0.187441386558545,9.811606458985231,healthy
2170.7164939252457,-0.1472088949168367,0.1094613072882185,9.66643530195109,healthy
2175.7194007902085,0.11809538550432772,0.16952875138049076,9.886849300861552,healthy
2180.755035165148,0.2842953539854046,-0.12511665829518306,9.704269732574398,healthy
2185.733556696618,-0.18072255367729126,-0.04033508824545051,9.713188084972078,healthy
2190.808780616697,0.021461003610897117,0.11287019217103328,9.859083227277535,healthy
2195.7305741633354,0.2271697384063104,0.1274843605788292,9.863909183151906,healthy
2200.7678856594853,0.08912213967870236,-0.28675883672140545,9.897957120882063,healthy
2205.742965430665,-0.2605850536718772,-0.08677871961443119,9.628180115840804,healthy
2210.748815495643,0.09576880094701627,0.24513942377566605,9.775119994113087,healthy
2215.768646234364,0.2284301544098956,0.2009440982347987,9.806824196856322,healthy
2220.774222999615,-0.2302137809770905,0.048887968062458625,9.679061758578753,healthy
2225.775836054814,-0.1528991744480585,-0.17466199785245412,9.681559818625026,healthy
2230.8581661931858,-0.09437769971899536,0.24597815338444237,9.82753504757707,healthy
2235.8424702187313,0.2133492972437647,-0.19148386580800583,9.805011317647233,healthy
2240.7592936469714,-0.009320608389861611,-0.33531862420627817,9.836256997113596,healthy
2245.7102814354216,-0.3070895048782836,0.017654506460545696,9.830357625762101,healthy
2250.7939993751975,-0.05396353714870501,0.3016104435420106,9.697598450214718,healthy
2255.7454091007426,0.30977120851649065,0.0738158910255467,9.90210514173131,healthy
2260.698728709526,0.09870164794927926,-0.272541727305188,9.912380984203544,healthy
2265.7301200469174,-0.3578120390642375,0.2258856417202299,9.810706551652942,healthy
2270.708292386623,0.14852743357383225,0.3184705012998197,9.800686339785829,healthy
2275.8156696549045,0.3567735722553857,-0.16093241244974152,9.883557320786407,healthy
2280.8515868001014,-0.11098677750308539,-0.15516240818283172,9.737682725155203,healthy
2285.842754137158,-0.1555342570498895,0.36091394353513895,9.6853909664618,healthy
2290.81548379169,0.15612420510324143,0.05549466313292298,9.832149899739782,healthy
2295.8404069581325,0.17554514296965454,-0.06794540028060815,9.726715294254364,healthy
2300.840561886272,-0.14399539733320704,-0.3821753771243755,9.799873080026176,healthy
2305.876803937291,-0.11897772473035728,0.3103554093426222,9.72203798633999,healthy
2310.8990710759326,0.04079370774924876,0.1263719949973936,9.947342779664465,healthy
2315.9344355439657,0.015120955321989552,-0.4645692969095758,9.637076240256615,healthy
2320.965082292173,-0.40120801442935716,-0.19387206826654657,9.822639110338182,healthy
2325.9526566247987,-0.15924646937137588,0.26100057847352076,9.702808433015743,healthy
2331.067827694806,0.2319665585304828,0.024399082288555064,9.855354627776311,healthy
2335.9877776709363,0.2766474037126298,-0.030538442339379135,9.928384979634714,healthy
2340.9449488041837,-0.22365210602594257,-0.05589540238034657,9.8455761869697,healthy
2345.951406558069,-0.16002313544397073,0.18612088021167839,9.817608218530378,healthy
2350.9929144105377,0.6077024843964863,0.04014010180395586,9.922801588421658,healthy
2355.91595045069,-0.07410727763795842,-0.359905520967552,9.766894925256851,healthy
2360.9130347544674,-0.2648524768536748,0.21889463411883164,9.706979613502101,healthy
2365.9202577709425,-0.06650493342549382,0.15193994520706666,9.735955144733902,healthy
2370.881364091069,0.10471657622558536,0.12171267593777209,9.843934744450346,healthy
2375.852143587813,0.1221306407626219,-0.38992090048891903,9.68921742907187,healthy
2380.8393495725018,-0.27820393764044704,0.21250341985529467,9.762332914869596,healthy
2385.751030118391,0.12728710274227567,0.267488025437912,9.818421978872342,healthy
2390.7788451943547,0.0795917653193555,-0.07881378269223976,9.619414636822059,healthy
2395.8878432619417,-0.128272194910569,-0.3039831820035842,9.755082601182123,healthy
2400.9171725618994,-0.18907897050810993,0.13843111903042288,9.706219908521303,healthy
2406.0210730641666,0.1905478705670484,0.12492750640991028,9.979602834160515,healthy
2411.0722985539473,0.247279757162684,-0.1817240388881965,9.987075654849024,healthy
2416.1475628433327,-0.22446406708105296,-0.22108089020252675,9.797063449559914,healthy
2421.15127043618,-0.18105699039124584,0.2454880553363742,9.923063884226785,healthy
2426.1852388584784,0.1276039639320954,0.011485267437906843,9.98220633986598,healthy
2431.29042144489,0.13880797177849863,-0.3208442780348723,9.88762461412324,healthy
2436.2129268793265,-0.21929744339439286,-0.11436378859384108,9.675580641246956,healthy
2441.16809801715,-0.20898942550578029,0.214433513403228,9.840764059489889,healthy
2446.1773467279,0.0019677963689197497,0.041670270482264085,9.950501444544567,healthy
2451.1499341205836,-0.02490422862032307,-0.19378412653695212,9.934066144861555,healthy
2456.1943437718587,-0.21986103974851368,-0.008804611635751386,9.70048822299775,healthy
2461.225330990005,0.05087391899335978,0.09044195859286977,9.791589211209129,healthy
2466.2058969500617,0.22538910550338967,0.21093808702446246,9.955592438115513,healthy
2471.2046618821823,-0.12864253409528942,0.041348523340725724,9.727462994921776,healthy
2476.156751407068,-0.3848621407539019,0.07348237892130409,9.8430296530073,healthy
2481.1446374884476,0.13812943161494173,0.30108936175257695,9.742036794839851,healthy
2486.1298019750966,0.1807226676028483,0.07358633315808816,9.96039130070803,healthy
2491.088376751445,-0.026332416772933215,-0.15614011646741596,9.675153109267253,healthy
2496.1303148568295,-0.06641994272579399,0.06857102570551907,9.815239038431809,healthy
2501.0561744635065,-0.15060855486141547,0.29593930451379147,9.86423778007746,healthy
2505.988533873657,0.05675999126603737,-0.08265166604943781,9.774640319542966,healthy
2511.0305998751624,-0.07317090270743411,-0.2353165147465133,9.913721169406845,healthy
2515.9980747596483,-0.23922339426943948,0.14219924980456133,9.669302052230993,healthy
2521.023643184342,0.133552178480806,0.23365513699751606,9.701235427155527,healthy
2526.00951722608,0.23899799627687446,-0.11857074092942818,9.703090776944217,healthy
2530.968011809433,-0.12491281556294946,-0.24907666167247977,9.7400119993745,healthy
2535.977111504967,-0.22088679735883682,-0.08095984579173268,9.677991292869844,healthy
2541.003475036707,0.2007895040403942,0.07463057367052521,9.97224295294536,healthy
2545.989122656197,0.1457673280925677,-0.10123193863921469,9.780667634189095,healthy
2550.900030133772,0.004532632453124519,-0.271355727699541,9.714721005113994,healthy
2555.875377947006,-0.26770156458624816,0.12926706642797336,9.787414899864874,healthy
2560.9568298111467,0.08620931090739384,0.32969959069563326,9.918117661811593,healthy
2565.9571579986746,0.09607928570922415,-0.2526482886483623,9.908759046302771,healthy
2570.860726912999,-0.12815790058594656,-0.2954216165591893,9.710230999826324,healthy
2575.9271830698353,-0.17091023304158048,0.2176886270030965,9.670665162704177,healthy
2580.8876098004766,0.4103680152539869,-0.05910510359127859,9.814723160696317,healthy
2585.920411138061,0.17309358474487768,-0.35421628180314696,9.682132062800168,healthy
2590.9625348452514,-0.23743195876332326,-0.20436466778720552,9.835595999186593,healthy
2595.9502939833787,0.020339584381446972,0.09286635629085124,9.841781937557702,healthy
2600.991268893883,0.450715172797988,0.08676788976483919,9.935703385708948,healthy
2606.070787360043,-0.0090648249753673,-0.44072487316247694,9.849801624759746,healthy
2611.0317298504815,-0.18399674123751,-0.11175426275896178,9.728994211067823,healthy
2616.0090587588065,0.08083937790187969,0.2407161883642238,9.768553485385064,healthy
2620.9845787656564,0.16219685525326372,0.06301628845247556,9.913743990128992,healthy
2626.0368491445515,0.1061445470001861,-0.214052797186778,9.771533433693845,healthy
2631.053901971953,-0.43357733652950736,0.10954566443091249,9.592549375776423,healthy
2636.0493597023133,0.28182352256218945,0.2046507942028436,9.895804564633435,healthy
2641.0691007452556,0.2510684824068477,-0.04571024729426898,9.885595506377676,healthy
2646.096007416746,-0.227030011127545,-0.10976418442308886,9.833102851119781,healthy
2651.0205925439795,-0.09131601154780816,-0.01591343876581444,9.842531258343648,healthy
2655.988311125153,0.19715036632067204,0.20879109095766046,9.90272139079389,healthy
2660.926490147452,0.21900475165884867,-0.29567543466540347,9.831773509458804,healthy
2665.90323184044,-0.3152180968695954,-0.09823100033522134,9.812843497358847,healthy
2670.9128839422247,-0.3153869826846418,0.32656704688303073,9.798202541132508,healthy
2675.996422789855,0.2042976778124865,0.011679421187853506,9.923993300924474,healthy
2680.9363933470822,0.056026829588700006,-0.06985000473148328,9.815675382517197,healthy
2685.8688276778107,-0.2519933420851558,0.09053749414859205,9.785211771404137,healthy
2690.9028072626443,-0.2997624983342449,0.1317039947808746,9.696439598959918,healthy
2695.8462936874594,0.21301701122560268,0.07948845088998428,9.76373848251683,healthy
2700.8762905378367,0.0790914917641583,-0.15640241868577923,9.77797436824884,healthy
2705.8201733255232,-0.1738459300573962,-0.1660587366900772,9.645920678713082,healthy
2710.7887399637493,-0.013486809365648653,0.31142710501302934,9.751713500172363,healthy
2715.824151952289,0.25260914770543225,0.2825189539089853,9.771128138185418,healthy
2720.7573207948226,0.03202056833659708,-0.28684028600881645,9.76290513475384,healthy
2725.7047850324475,-0.2158888896475205,-0.19740499581213233,9.805432322514065,healthy
2730.75082890096,0.0549642847607576,0.2410394340842696,9.69526045266362,healthy
2735.7372786297738,0.2273224766398044,-0.021523670926701446,9.89683013932602,healthy
2740.7531755574687,0.021483758170018265,-0.29801807981207357,9.810271759961534,healthy
2745.6868470087206,-0.19749912106436948,0.025437641170260178,9.608547292426296,healthy
2750.727584537719,0.013352927352383408,0.07874177791321418,9.826257367264535,healthy
2755.6616415164467,0.22729181103371315,0.05355285596261513,9.867322383036568,healthy
2760.665033286931,0.08476380416215162,-0.15281436688728012,9.88715227541215,healthy
2765.702705742113,-0.019976078690962934,-0.17556260381697425,9.862127064425108,healthy
2770.729047597195,0.18630596670654503,0.08967493882456115,9.815179640388783,healthy
2775.678112539176,0.20899611185733716,-0.32636448105163646,9.774816659998235,healthy
2780.652895993423,-0.16229607663769313,-0.15242474058980182,9.911494418119235,healthy
2785.649212175244,-0.3048103706348898,0.14340119541850777,9.574776696018723,healthy
2790.6379805692654,0.2130750512835362,0.06640590262113036,9.905355568377868,healthy
2795.555080867043,0.17777369447528316,-0.02824651829348533,9.920554236853082,healthy
2800.5707699452596,-0.21560868722794604,-0.315068494405349,9.70616543024123,healthy
2805.5414115051462,-0.12215772942392078,0.038024503309320085,9.647049877227262,healthy
2810.5392509177914,0.4009392923264118,0.1870846102769555,9.77624703643381,healthy
2815.5771833994427,0.2760023037278655,-0.22949049932043936,9.851071896801113,healthy
2820.5479701607137,-0.32979702765905067,0.06435781957279374,9.77603337486702,healthy
2825.4928778094504,-0.07286625825422595,0.154036470373578,9.766397889844642,healthy
2830.595000062294,0.09667187480099601,-0.1658290480747986,9.872694461462835,healthy
2835.657055231824,-0.031765927614010134,-0.2078034164927508,9.846634819004768,healthy
2840.653399259202,-0.2668002610061333,-0.14317295252424644,9.623952935199394,healthy
2845.6717156829604,-0.004340936706542946,0.21323420830890077,9.705744632333525,healthy
2850.6352596459387,0.37722827305261764,0.21286456484235053,10.041429725193787,healthy
2855.7253469373163,0.01745535189055649,-0.425464050092483,9.710584583391876,healthy
2860.607281277754,-0.004961935613073648,-0.07549907294251298,9.84389331808621,healthy
2865.6463105744424,-0.06962594509689113,0.061998776917795706,9.905421947763896,healthy
2870.620698241485,0.12066144928602934,0.02814485901046812,9.925430417080344,healthy
2875.646762292553,-0.267134089185431,-0.33393914055983875,9.799349705172238,healthy
2880.595386990018,-0.1444312921909633,0.13654568154586147,9.81848256256504,healthy
2885.591001006007,-0.13099842581901855,0.1291827234594476,9.90977544838031,healthy
2890.5770662280447,0.2908804390170774,-0.07677349046324829,9.783658616403951,healthy
2895.5372767426684,-0.16446509997449746,-0.24802563682856596,9.651247084506739,healthy
2900.532288690346,-0.14332243435409037,0.1889266098327417,10.00127352411604,healthy
2905.471675095682,0.11622457374683272,0.1428252616235785,9.837323648671044,healthy
2910.5666148027058,0.22035706644482062,-0.10497356890711512,9.990473185702234,healthy
2915.4527553118237,-0.16922651203931519,-0.14219050494188754,9.877383495521116,healthy
2920.458426418694,-0.21020355804508858,0.06885521826353173,9.903428817005096,healthy
2925.4663582856288,-0.0015957048418746012,0.1439049498066628,9.80892028066191,healthy
2930.5046522917887,-0.02513072602921687,-0.234233382799966,9.838273643908284,healthy
2935.5181136573283,-0.18097364256198537,-0.07387386588086806,9.685283963905036,healthy
2940.411189102006,-0.04435862194234877,0.22273733904236004,9.829264185620746,healthy
2945.2985096447983,0.2678403128976088,0.33580744226030845,9.917669485145375,healthy
2950.2377277463584,0.24180647822811668,-0.19750423937372194,9.801042749680837,healthy
2955.091773989148,-0.19947399212950867,-0.1448801401996045,9.84825699881706,healthy
2960.0759465617066,-0.09666112727759399,0.2810450970211871,9.555540883064298,healthy
2965.0532218197536,0.23668627116374386,0.10218557700651595,9.807583928496012,healthy
2970.058404797213,0.0992549898114982,-0.31470406731601086,9.71933373881468,healthy
2975.1017747501496,-0.11477817323613142,-0.20782302918509976,9.731523817324126,healthy
2980.0769454272613,-0.06040365060355644,0.1567301162387725,9.843473765734926,healthy
2984.9303654125742,0.2521226597322187,0.021379069797037208,9.835524329765624,healthy
2990.003566354713,-0.024800793366536303,-0.18043494773097912,9.797441432450196,healthy
2994.971824579069,-0.2535349730475333,0.16193263339153735,9.706326485640101,healthy
2999.976099439158,-0.0308265486627565,0.2955550928228528,9.771552910202079,healthy
3005.0064113676303,0.15388405750029782,0.17218886518984577,9.833507883679788,healthy
3010.005247733269,-0.03524242368209327,-0.06983994524437453,9.724194455233059,healthy
3014.9886331509224,-0.29396696973388214,-0.16073518538060075,9.713716598862364,healthy
3020.0216530174366,0.059107945310088936,0.3510704632627539,9.853224972597815,healthy
3025.0803595157336,0.3194183808628793,0.010143416893690534,9.898642035099673,healthy
3030.1355143317246,0.015241044172706913,-0.32329107148071035,9.769085943193376,healthy
3035.153075643454,-0.14108475110683277,-0.03761968756413081,9.884785732924136,healthy
3040.182834896425,-0.002838024809225223,0.21411003075788246,9.726790371568654,healthy
3045.21852023963,0.15529751127985508,-0.3856784577205157,9.743400827628276,healthy
3050.214189491539,-0.3687567326930098,-0.285757120426791,9.75773373687284,healthy
3055.1972638861125,-0.10260682440268135,0.271951000134812,9.632029262452761,healthy
3060.1820528366434,0.2559475696586879,0.16160936798887465,9.835997024935299,healthy
3065.137295085147,-0.0196501604132458,-0.29936443481477937,9.755788661737187,healthy
3070.136226181678,-0.019889901672393795,0.15530548449193535,9.699175132850415,healthy
3075.1120522650017,-0.13697712030066672,0.1259904137326931,9.764587844888391,healthy
3080.159363477355,0.1829966317056272,0.18179941434828922,9.911735887392737,healthy
3085.2099979297604,0.26485129646363126,0.0022741641584097527,9.880494041336974,healthy
3090.199510414488,-0.3879620036799659,0.05332453519736688,9.678620490609973,healthy
3095.223161381493,-0.08235910215978971,0.23665086302415134,9.757825490029063,healthy
3100.1953599098815,0.12189317147487216,0.10037984933391063,9.850463026301965,healthy
3105.182724676279,-0.10196405242273186,-0.18993217977959223,9.783816705966816,healthy
3110.199253616808,-0.1364328252127192,-0.07160582189231342,9.784858968480346,healthy
3115.259848349172,-0.11845628095894717,0.2103378271999358,9.754871551134508,healthy
3120.326312604508,0.3733385010158359,-0.10413353614437038,9.944958586548868,healthy
3125.2566172576367,-0.12765960784470778,-0.33547086277198984,9.889818771331116,healthy
3130.1794460717856,-0.22920103403521094,0.08024518839439086,9.831511317478538,healthy
3135.140391462354,0.17880534380609048,0.3163760366153387,9.876429009465683,healthy
3140.070294532258,0.04829793148076417,-0.02439362461937624,9.85405257293572,healthy
3145.090081773799,-0.19667372158472018,-0.06015523780011517,9.743953916346763,healthy
3150.069891127048,-0.10930927061682252,-0.1172556314400734,9.75404385664344,healthy
3155.1290249861363,0.0004027571098709215,0.41785974459574604,9.732104556424318,healthy
3160.0894635282993,0.4355765633861588,-0.10482659029022502,9.793436482436087,healthy
3165.139975602209,-0.20152402859845253,-0.08996898380124571,9.680082475363143,healthy
3170.1471745549043,-0.5299219749287059,0.10680356928960869,9.712955740029058,healthy
3175.211933802534,0.2116173542995909,0.3532749659025247,9.70147191523586,healthy
3180.129397313036,0.30352480192147807,-0.2812101902369407,9.802117768282912,healthy
3185.1331700384235,-0.172622789266367,-0.06895016386222756,9.723145202811153,healthy
3190.1910170944006,-0.31044014062945163,0.3373985312423936,9.74166620103083,healthy
3195.150780479991,0.06322354818897073,0.01436390434218876,9.746070935999311,healthy
3200.1958319746727,0.06598205402680324,-0.053407243841519514,9.74494425426478,healthy
3205.1725066411545,-0.1308957278185141,-0.3481625555657908,9.761032897999346,healthy
3210.24920398876,-0.25179879530345073,0.2203942702205051,9.859555776565086,healthy
3215.183835205314,0.26004294736530353,-0.08110940859303749,9.791500129578216,healthy
3220.07346435807,0.1322654053563969,-0.4666862447342861,9.752664082561628,healthy
3225.081700287561,-0.038157568003123365,-0.08235333399704374,9.64568622084284,healthy
3230.1505159305198,0.052432777095406405,0.11257532121534411,9.767506943032727,healthy
3235.1570349736476,0.0042656670755288895,0.16894629152333376,9.832299604822671,healthy
3240.097637634357,0.025632023300535916,-0.271982564326273,9.781535370772316,healthy
3245.110907347218,-0.12327827371733305,0.14844028543826282,9.827947997614645,healthy
3250.0926148320514,0.04297366633110521,0.18778532193512132,9.72076981624914,healthy
3255.0361404360187,0.20008677600881458,-0.14189008705368597,9.917712523463619,healthy
3260.052729378939,-0.09728383704203117,-0.010375127999834283,9.731367453802978,healthy
3265.0174891652655,-0.11737677164299973,-0.009763768140647784,9.69735631717427,healthy
3269.9792953986107,0.16580108885835745,0.45000192674580375,9.883064112245252,healthy
3274.9938178347625,0.12174656536693412,0.014521725572307867,9.987122199881542,healthy
3279.9471497868867,0.023384267146760118,-0.3140629311047016,9.737818708772405,healthy
3284.9332256825533,-0.3129766711039424,-0.08168732285471186,9.867978979906415,healthy
3289.9821944955684,0.13426187706063267,0.2887304348007823,9.746047443603366,healthy
3294.9124373380237,0.2570787902881535,-0.0755100451594567,9.708833792562192,healthy
3299.880261594677,-0.10599098308491536,-0.10560466582031205,9.821207571527461,healthy
3304.866889443705,-0.2943590753705915,-0.07460327912644371,9.750223232979934,healthy
3309.851016263103,0.24796162524196702,0.34669587539318386,9.90966429147694,healthy
3314.823315085962,0.008472427156391404,-0.28276076261061184,9.854046129364722,healthy
3319.8545381811114,-0.2031295520564843,-0.2699414660270104,9.858620358090903,healthy
3324.8826397789107,-0.13251139985412239,0.08151346882701727,9.660712048189042,healthy
3329.877884287129,0.3990474664520591,-0.14721622593826866,9.827885778584443,healthy
3334.8386287734197,0.19265902192050585,-0.4560765440983727,9.802880147630972,healthy
3339.8570565219643,-0.04459715828334718,-0.19104002349218044,9.578926200144641,healthy
3344.8023971982293,-0.0818767433439894,0.23834670915030323,9.783384388895765,healthy
3349.817032237864,0.1662569014583382,0.21028494593819386,9.96000375007398,healthy
3354.756583888522,0.16090639845996782,-0.24238225502553923,9.754718193811174,healthy
3359.7485592943085,-0.12338262520476227,-0.09025428425406629,9.734329083440343,healthy
3364.7510610428085,-0.012227146951127747,0.32605141858919945,9.807008454494625,healthy
3369.792098285964,0.31856868289531076,0.06270278340004923,9.789279855369559,healthy
3374.833914100342,0.08775873455892799,-0.16509648070742605,9.672874700724023,healthy
3379.8672426016537,-0.31280498447916827,0.016632887164186545,9.775949027927345,healthy
3384.839072668598,-0.12332216555073303,0.3338560059387973,9.932721766028255,healthy
3389.871923949314,0.16179117322085154,-0.10835494620174839,9.985338799303578,healthy
3394.862472186778,-0.0467934490434457,-0.06737455178693655,9.666246340332158,healthy
3399.8358194684292,-0.09836506375718793,-0.04049143462379592,9.731714943540164,healthy
3404.8867533898206,0.1264429058069523,0.2986050894561094,9.754002870251144,healthy
3409.9510102946842,0.09039700668205988,-0.07284735732638062,9.806004189791508,healthy
3414.885944028474,0.09834573881466621,-0.052517520735119644,9.846426018967925,healthy
3419.791044196292,-0.0751534311302301,0.052685619867064146,9.69609456885495,healthy
3424.8126395543736,0.21311386630293522,0.023285808848709205,9.791315481501249,healthy
3429.8318599552376,0.2619299403889238,-0.031701485571588375,9.843402980593083,healthy
3434.8513209796774,-0.25470175815294194,-0.23161463190643933,9.793446302369329,healthy
3439.851673849789,-0.19445365481217655,0.15573449962868777,9.76995673329658,healthy
3444.8579223651855,0.22406087413809006,0.259270694168952,9.77979516201889,healthy
3449.8440416672706,0.0997440027518,-0.30018865347542956,9.919645729153373,healthy
3454.89575936952,-0.4116814780100646,-0.19322705750091584,9.767974916099721,healthy
3459.7994667787243,-0.018187756600256372,-0.02252133879341303,10.01542366353142,healthy
3464.8039234345383,0.20553928715835457,0.2358035744272491,9.937616552383902,healthy
3469.8068513624944,0.16443012724221567,-0.17531156068708778,9.904218410407289,healthy
3474.8140349662485,-0.3033465730490196,-0.3023210341602773,9.689992903478569,healthy
3479.8546459355775,-0.1216130868894586,0.10860723145678602,9.864127956584614,healthy
3484.8333014244727,0.3725613373143503,0.014787689840113763,9.951387505415243,healthy
3489.886819879397,-0.06492551488236353,-0.20266902645446705,9.815787185655932,healthy
3494.923740257928,-0.5026245457319436,-0.11669028488925659,9.70757685223379,healthy
3499.9122044771957,0.1718270997420641,0.39220573485759597,9.771260553367762,healthy
3504.921161588812,0.3421700657096757,0.21781479289122785,9.823736957855184,healthy
3509.990649283878,0.15149719651476617,-0.2198111776419109,9.815590616709367,healthy
3514.977085817184,-0.24292537553115134,0.1945739315652245,9.757677878863339,healthy
3519.952068672041,0.0035497396454329533,0.4790397829342402,9.748335543942105,healthy
3524.8766766578597,0.29951848379244406,-0.12582233438576151,9.96515235073099,healthy
3529.854895220188,-0.09622509009477893,-0.377218184950021,9.740206623760438,healthy
3534.791170876737,-0.2965590866278862,-0.022240767873364237,9.704132907073124,healthy
3539.835289919464,0.17505208767557945,-0.010985286970418368,9.841271326361657,healthy
3544.822539613951,0.10659115550627986,-0.20803239041892074,9.816713094500956,healthy
3549.755472900407,-0.12125187017717223,-0.332869225729838,9.847551450423868,healthy
3554.748986656531,-0.1931942134724432,0.05240050575657741,9.797314483502385,healthy
3559.7390638141856,0.1048272708861602,0.1958962259470156,9.809456324770872,healthy
3564.6663607661094,0.2217396247415669,-0.13423866940401655,9.908301587103919,healthy
3569.5734572795554,-0.3021142795812306,-0.11372264725154703,9.727327545269562,healthy
3574.602339109973,-0.4185064573349929,0.22475924345401022,9.70555677285659,healthy
3579.5634101315673,0.14280397002560677,0.3125135536457399,9.952588409567456,healthy
3584.560632887251,-0.04153699481590589,-0.16390254952946043,10.03075538578585,healthy
3589.4789152750736,-0.17938186281512153,-0.1457345159465417,9.788072770585714,healthy
3594.517215709904,-0.2433024749426123,0.2788869678517107,9.861340037318639,healthy
3599.576963822933,0.22423125079241504,-0.057440640647004104,9.911790814300838,healthy
3604.573437518976,0.2225839578489673,-0.18736678634000692,9.821225375114231,healthy
3609.619614452673,-0.3461627903792441,-0.20912853775351153,9.733513829681971,healthy
3614.638059729084,-0.3448907573253689,0.12880958813265744,9.73405113441342,healthy
3619.6167591439944,0.3617286827164472,-0.02301718015809673,9.795966432800368,healthy
3624.6356835115894,0.08547422941205887,-0.3457581632082824,9.772255514312167,healthy
3629.7121967380913,-0.37326401569541395,-0.32628046031747704,9.815526763113182,healthy
3634.7098512666116,-0.11831209205920334,0.25317517307880816,9.879989027077121,healthy
3639.663161854465,0.12414809484847461,0.03463644021969861,9.747864610226046,healthy
3644.633288494611,0.14570806121184482,-0.0016454442009359305,9.787628090897826,healthy
3649.580950407641,-0.34519808998967005,-0.18641037855466008,9.915431740784332,healthy
3654.6006984206847,0.02199839324357074,0.18947612905490907,9.845465460931623,healthy
3659.6759662214354,0.19943052019870247,-0.22485244318276637,9.91676196260991,healthy
3664.6467722683933,-0.2589449115992388,-0.3899654391834606,9.864997423281583,healthy
3669.651738510282,-0.35075388614724967,-0.021545248558806823,9.694846070737666,healthy
3674.6802439579496,-0.0028108838655290375,0.26326772053654424,9.97275815771681,healthy
3679.762282660434,0.3087387912987048,-0.1831913882114131,9.679508328116578,healthy
3684.7355238062773,-0.18346906306388927,-0.13690643000768365,9.756630509004587,healthy
3689.8105101260808,-0.21124117532751524,0.06587096830765429,9.89584289181366,healthy
3694.7592206100876,0.26146884841596574,0.2900008716909359,9.789466020669561,healthy
3699.70816158027,0.26640382964983084,0.14621381344442896,9.893039654553926,healthy
3704.673074721641,-0.30792589880811316,-0.16424544503482408,9.783162017897178,healthy
3709.5634432803554,0.09896659865872931,-0.013975803872933651,9.826848918062264,healthy
3714.5317587170334,0.13800620447302558,0.10033962941495339,9.795456747216745,healthy
3719.5204858507127,0.11994391160405929,-0.23606640438822335,9.817203665348014,healthy
3724.515011770235,-0.29081011554652225,-0.08175698861083702,9.73012118930701,healthy
3729.4974058621187,0.03793881855830879,0.25020263813516325,9.823167612277437,healthy
3734.488720665846,0.2745216318240452,0.2003217451923741,9.853651896647394,healthy
3739.485759729042,0.18758749994386922,-0.031248568956522338,9.827220996588556,healthy
3744.527871428744,-0.15517975390977645,-0.04525208332820567,9.641693866654217,healthy
3749.4791128951256,-0.1164677718884679,0.1536682941942873,9.779349897851734,healthy
3754.423007536815,0.4695509503942832,0.015047400753555575,9.847387349171537,healthy
3759.362110880476,-0.22861144756489624,-0.0944829443134585,9.699194032614065,healthy
3764.387085056477,-0.29996049480594905,-0.17805361629713376,9.768555645392404,healthy
3769.322256172718,-0.18773304023753057,0.3257898936636125,9.604264191093545,healthy
3774.3647856782786,0.2518407964407052,0.16540603223164121,9.925873767357224,healthy
3779.430763274898,-0.09714551863695317,-0.30872585603294755,9.747496629495402,healthy
3784.368608970423,-0.21377834256006534,0.05966516055068752,9.714712454807682,healthy
3789.441234084156,-0.12949940132872473,0.09306431509100369,9.90704656469677,healthy
3794.3803887852223,0.1264847718211805,-0.054082103688378874,9.821205287777103,healthy
3799.381178902542,0.06548097782179708,-0.37407692610210985,9.8371691732253,healthy
3804.300028940071,-0.34511308145079334,0.17042550729641542,9.709482029919329,healthy
3809.2528326132233,0.08817421629123916,0.15446677019975005,9.69746349702377,healthy
3814.290668706675,0.43036454457045836,-0.09496326789807916,9.863733115011252,healthy
3819.278943364537,-0.12390550242286255,-0.592546837270654,9.686752085751829,healthy
3824.3477565469893,-0.23961598582737068,0.16613199584274085,9.816570813029331,healthy
3829.385421300151,0.3095264397044941,0.23932271436344155,9.916884520426422,healthy
3834.358468983707,0.22810013594944883,-0.14698306168431188,9.742312902034683,healthy
3839.397363533277,-0.2341398288087838,-0.28458587397144486,9.70627316277017,healthy
3844.3754736667033,-0.2041794393417444,0.2527414796897867,10.008191711784304,healthy
3849.3870618007477,0.027311498528634404,0.20134600214771406,9.867133757415688,healthy
3854.4057435179943,0.02283783084888709,-0.23685088345699432,9.869711295053886,healthy
3859.4493151985207,-0.41268385433465915,0.09021010226885885,9.749284042851666,healthy
3864.49853065578,-0.08136493936235405,0.18461432549438914,9.745230052897059,healthy
3869.5433181682697,0.371590244145006,-0.1595374707543178,9.991971320602094,healthy
3874.47491949629,0.25248315253118836,-0.18432815215000026,9.776720193538225,healthy
3879.434335153025,-0.20287988013123315,-0.13494797791948063,9.698620773923215,healthy
3884.430561919841,-0.09392275485245882,0.14599688393815785,9.808615235620083,healthy
3889.461649258728,0.1954553372220628,0.06887225263673039,9.807672303011264,healthy
3894.475396096901,-0.12469322253463759,-0.31294870190589036,9.654263542212917,healthy
3899.483039311463,-0.2913585322134984,-0.052132150453489345,9.836629343723091,healthy
3904.475028891316,0.07668095600533535,0.38006390254292693,9.775583367950277,healthy
3909.4990856387913,0.378482388113619,0.06482101725600878,9.748500015239335,healthy
3914.4704887791695,-0.08510930641580614,-0.0978351443003041,9.83451731622956,healthy
3919.4720319351827,-0.26580349972271383,-0.012571300441713507,9.858972036286975,healthy
3924.5291477844676,0.15703032306522355,0.2409646260696911,9.886835066855111,healthy
3929.557833038047,0.2786671748717412,-0.1068910369547248,9.74370432197663,healthy
3934.5885675495733,-0.14288572663145813,-0.3772804429679043,9.877448023799845,healthy
3939.543376319425,-0.05099413048450144,0.07465579890081181,9.773798377910722,healthy
3944.5074260610318,0.2822628796603301,0.3675153923066556,9.809319331991066,healthy
3949.477253127394,0.1976864339428948,-0.09974217253864656,9.86345470932641,healthy
3954.444979332528,-0.213232245944257,-0.15750556545684946,9.712230770218591,healthy
3959.513228371765,-0.4197709767339924,0.03844007817351905,9.821581762003214,healthy
3964.5212803674826,0.2689849848867877,0.24287004376711357,9.869147057505087,healthy
3969.4013943037526,0.20860835208965595,-0.06539504998156201,9.881402588570202,healthy
3974.372745240194,-0.2226946406782051,-0.1299985730961668,9.774925044939732,healthy
3979.3384285066986,-0.0905888688408952,0.286640478084759,9.722984850355482,healthy
3984.313476433325,0.016901834245292152,0.17103355923390884,9.841555901639575,healthy
3989.310556575443,0.1419323824984401,-0.2070473420777708,9.975795619131587,healthy
3994.2536213342205,-0.14103732774450176,-0.11640113565184323,9.698662871282549,healthy
3999.262228633294,-0.1499562793407212,0.40153938329510774,9.653538543461652,healthy
4004.2969572605207,0.15222656449240188,0.036880925606326144,9.854010029128832,healthy
4009.271435110061,0.022322462386585674,-0.223143136144186,9.880194803763326,healthy
4014.299891456597,-0.14453262356904828,-0.14639240927609398,9.706898944323619,healthy
4019.3313788305386,-0.05738439653026657,0.1539613265297306,9.765733055338806,healthy
4024.2425738321035,0.18862955980290513,0.020218617499810465,9.93175956956168,healthy
4029.129837782225,-0.10144772063383224,-0.3795037073655645,9.709497525583789,healthy
4034.1819008409816,-0.24555172794058966,-0.08408759065272131,9.768326672494252,healthy
4039.1365920781022,0.24740801331622256,0.551959775173779,9.852439712077295,healthy
4044.2359421631345,0.3031561305219928,-0.25306864120812234,9.881772410677483,healthy
4049.2247964227677,-0.010211612416639516,-0.10627457746229982,9.770904563891708,healthy
4054.19790839069,-0.198162847871189,0.0778376134779353,9.804451853451543,healthy
4059.2320573583834,-0.11056616201528122,0.3267731192980718,9.734545976658351,healthy
4064.21293407862,0.2834295864567513,-0.22851184291728432,9.75948689895553,healthy
4069.130692776362,-0.10371723295499585,-0.3139263937060188,9.943148555786864,healthy
4074.0684119309785,-0.25619879686357816,0.18697868877377724,9.916240860005624,healthy
4079.026226208911,0.20251839312791808,0.3315493633142493,9.876104788493391,healthy
4084.006603563059,0.2920554979386312,0.12953092573734304,9.834805267710054,healthy
4089.0532076276827,0.031274349112580174,0.07418367986490823,9.67165765685556,healthy
4094.0445996368285,-0.21392089988149648,0.18600556353774136,9.681623886183774,healthy
4099.0195001620195,0.17806197935278106,0.2472456022698255,9.829597977767257,healthy
4103.959347511004,0.20591087278785597,0.11799054497572811,9.858637089165748,healthy
4109.035196357682,-0.23030579942671472,-0.2900958432284386,9.739255511105254,healthy
4114.003494050417,-0.11282044675608585,0.21652406633351692,9.814618259037939,healthy
4118.948203799578,0.20812482177732422,0.14859677761976678,9.785985657097964,healthy
4123.970993193604,-0.058103599714400225,-0.2221255371584981,9.820785877473256,healthy
4128.934660956669,-0.08434410925636238,-0.041347879984439916,9.735333577792254,healthy
4133.953595239474,0.03743823684201081,0.25264183331607737,9.716069910840355,healthy
4138.924127104652,0.24352267236014571,-0.2063911794871121,9.841592962360803,healthy
4143.995543853797,-0.23919995621125784,-0.06959468978393377,9.862976958761982,healthy
4149.061539928453,-0.4014205119714295,0.07200412346589655,9.874618358553949,healthy
4154.038379618623,-0.056466815271186785,0.31374918546844116,9.616520371386233,healthy
4159.101925893053,0.014559307358052553,-0.0646005760156843,9.797078255767374,healthy
4164.167079531557,-0.028912679612854993,-0.267947301444518,9.837740204901175,healthy
4169.202713112088,-0.18816769075123987,0.045035551283414035,9.691392672663888,healthy
4174.29567398864,-0.0021671912156513568,0.3893360538492477,9.970871200937077,healthy
4179.34470836884,0.012701951688953939,-0.14731161882155747,9.930383859841479,healthy
4184.38842028136,-0.3541417429984208,-0.29447437372440327,9.779314500663915,healthy
4189.445980320972,-0.39256693429823875,0.26556282056223024,9.695239566026888,healthy
4194.485672848959,0.02385145465775937,0.13304918331949728,9.870420983541182,healthy
4199.453062071333,0.2716249696220307,-0.18478651850076844,9.862335037767666,healthy
4204.490656639469,-0.15199546861267693,-0.1321835771962972,9.770135514037486,healthy
4209.583414759179,-0.2307898488140263,0.1393522953271315,9.626539723316062,healthy
4214.614718688688,0.3614429385796075,0.26826608368614197,9.990646843205218,healthy
4219.633246343201,0.006649157119021032,-0.48632322638545883,9.706087332898479,healthy
4224.620296514286,-0.3232622631744017,0.001026795433708122,9.802499031250882,healthy
4229.595845087126,-0.04505849672893787,0.2884574553173012,9.813608985474644,healthy
4234.568210473326,0.20343556756915832,0.15292967000299565,9.709229988377396,healthy
4239.553220904936,0.333076256540031,-0.323482962538888,9.850354918480646,healthy
4244.552949172468,-0.3120906693062742,-0.03761101907608529,9.739333909601694,healthy
4249.666207018909,-0.017607499335678657,0.21718344115231994,9.88447849201098,healthy
4254.661757963071,0.18064895256949096,-0.037464483888345744,9.817229887360464,healthy
4259.62906080193,-0.1095189946741186,-0.16157280118729514,9.730267892899027,healthy
4264.637967452618,-0.45563805431256277,-0.028656056904423344,9.817982667958042,healthy
4269.581672241322,0.19092386444574075,0.47763679701123396,9.744131729953061,healthy
4274.53361922325,0.1698670596871304,0.1103029464664757,9.847304728069858,healthy
4279.502337237374,0.15226943221123226,-0.1979259528065906,9.856051428775386,healthy
4284.4827857774435,-0.4031776577489087,0.02920645587001633,9.935822842809609,healthy
4289.5257851362485,-0.18576864625582307,-0.07731857987085688,9.71538239114043,healthy
4294.465110555055,0.2948977414989455,0.02327550000438021,9.824984167926337,healthy
4299.4361378285,0.15625623814834327,-0.037600546247906486,9.815273486813973,healthy
4304.518402046564,-0.3497137243209379,0.29437930402301643,9.793914303750523,healthy
4309.412393118019,0.09674807172649261,0.2968205217315876,9.783118612389606,healthy
4314.417009640389,0.030287316197602387,-0.060338740472708666,9.783471273451084,healthy
4319.4579284118345,-0.08933010667755509,-0.1987939638116792,9.692600426242958,healthy
4324.425505302653,-0.3614340621584331,0.15639514901474372,9.76023690398841,healthy
4329.417123390392,0.08786137897492181,0.10848833415703628,9.84727751825865,healthy
4334.492357800825,0.34304652014221404,0.03427171640866908,9.81836523427299,healthy
4339.4726327209555,-0.06779155720959318,-0.16911810951212977,9.717161363883005,healthy
4344.532730302548,-0.21988894099612782,0.305322204910074,9.839135676193562,healthy
4349.532394875448,0.36470046728065897,0.03781647007310443,9.809190372327384,healthy
4354.450350739665,0.022449901713152212,-0.2263164010682298,9.937973528563932,healthy
4359.415263826881,-0.15347143829588428,-0.06291728797382296,9.883066424509774,healthy
4364.425435145743,-0.08752876126755652,0.20514887178304983,9.867884432674101,healthy
4369.440004319011,0.15654922602976626,0.18061778155891048,9.812447196221148,healthy
4374.465985005578,0.02741040198524375,-0.32814606459479184,9.896556896523911,healthy
4379.411569576889,-0.3324734494479938,0.07333812724171968,9.841270182735407,healthy
4384.397887266089,-0.0025191933465408267,0.22060692920215802,9.873797882297735,healthy
4389.332609784436,0.30509399837522605,0.06359756103576494,9.876613058552326,healthy
4394.282701171926,0.04231620078077618,-0.20335529645175182,9.903653062694964,healthy
4399.305377715261,-0.36253481570730534,0.15717881140415446,9.720639316128626,healthy
4404.235170036752,0.0239876380729023,-0.04552455278201631,9.923340339344447,healthy
4409.254585939317,0.3914172922833241,0.15582413624869879,9.942062416072062,healthy
4414.218078876628,-0.058099480619784954,-0.08465697875783401,9.89385660589091,healthy
4419.207638866662,-0.14288326859701073,-0.043397327300347226,9.759399662258943,healthy
4424.203724913877,0.11634020538016654,0.11887927101212462,9.854629368360332,healthy
4429.261058415463,0.24712602391391353,0.02644214582695105,9.94675495305895,healthy
4434.284078351859,-0.16482787728041076,-0.18654140275050524,9.724928342922997,healthy
4439.271699482317,-0.48945983189492914,0.12243595306634536,9.715935703004298,healthy
4444.262589640317,0.14958316716094205,0.13672125333877805,9.870482063328108,healthy
4449.276806548666,-0.0743313031620996,-0.10719495105359869,9.936174789159884,healthy
4454.369909627557,-0.34152666535552123,-0.1556278581487458,9.678124927220445,healthy
4459.39054756052,-0.07985918316045784,0.3103626699852389,9.735073065048367,healthy
4464.3311718384775,0.20950377666122524,0.2128308847920714,9.862115581766489,healthy
4469.329231531562,-0.03599532384372553,-0.4517154005638111,9.930302219208853,healthy
4474.352533680032,-0.2711925355526219,-0.027742942934965015,9.78943171196761,healthy
4479.326297783973,0.14801185920938975,0.0486331348053155,9.885963691428977,healthy
4484.351180258711,0.19724872378209593,0.2157580863913071,9.818228245491701,healthy
4489.367097784501,-0.10433150297504366,-0.37507126341336955,9.875798030620333,healthy
4494.352808296425,-0.15735643947410577,-0.14693977400068414,9.757304764149033,healthy
4499.378439032316,-0.15668994366474695,0.2884372689929658,9.953649444759723,healthy
4504.311984735861,0.34945141151579295,0.012393897867775394,9.892040769934491,healthy
4509.333090414803,-0.10974799294159354,-0.35243009564309874,9.841554315649079,healthy
4514.344866919718,-0.13665044896400813,-0.1518987415172024,9.826198775107724,healthy
4519.28148176957,-0.07415188543553464,0.3119957292762559,9.74920816801826,healthy
4524.271024953993,0.41086562409433064,0.02839524796831274,9.899721168039864,healthy
4529.231306241285,-0.04733725760167985,-0.23254954667017602,9.750101011548944,healthy
4534.190952839648,-0.012805758937890543,-0.13020494455122522,9.827570156478012,healthy
4539.149800624955,0.05902363447448347,0.3161807303322999,9.873640558839666,healthy
4544.149380232071,0.09463787768841408,-0.16263509994247716,9.847502389962326,healthy
4549.179185632531,-0.07384666441783258,-0.1836184941067989,9.691098377453283,healthy
4554.201041883636,-0.3121427648731446,-0.041002435124471825,9.595267635057114,healthy
4559.147105717148,0.23181266197986317,0.03330566392999937,9.74659259445897,healthy
4564.254695614134,0.19207357636311156,-0.19766676652034285,9.76175469108931,healthy
4569.275652584337,-0.09497056829586081,-0.31214271483069966,9.713787157760793,healthy
4574.273450925104,-0.37619465561372745,0.3867856826853273,9.873887310960464,healthy
4579.3851617675555,0.29803388827757,0.18698354385603463,9.91069678869788,healthy
4584.333575396044,0.1867229565704291,-0.1034713889747182,9.85812189438047,healthy
4589.212623575543,-0.3203074234209716,-0.34900284230045986,9.809326598754259,healthy
4594.247896079838,-0.45285310423588915,0.1067009373104737,9.82589127649325,healthy
4599.297937268397,0.3333962272881523,-8.345655883390535e-05,9.774490656106831,healthy
4604.372178339102,0.08772477808352405,-0.09847715778196206,9.798741960370192,healthy
4609.472368523969,-0.3038658751251098,-0.08549942729696253,9.853517446989926,healthy
4614.534983498125,-0.09966676074197163,0.20561195906076235,9.869737439358202,healthy
4619.564895991806,0.3720626351122329,0.3438510472118386,10.004672821131043,healthy
4624.584649948184,-0.014845915313139897,-0.26008509845174616,9.823200861026223,healthy
4629.595142188501,-0.1956923319192133,0.048897818911738944,9.733589151210932,healthy
4634.612163959803,-0.12238967358331208,0.17381718407362892,9.780146099896335,healthy
4639.575035148605,0.47959184925048143,-0.043680960661678314,9.78377300656767,healthy
4644.64289890513,0.1658479349011454,-0.33965846204987665,9.840253763297888,healthy
4649.692454322814,-0.2667792503453769,-0.06481519855510105,9.702379899824665,healthy
4654.665352178183,-0.053991181769816765,0.2145357976951452,9.725320659981726,healthy
4659.616832149339,0.2254074581018616,0.10549983510934631,9.886349474968208,healthy
4664.674111120327,-0.2596080337511365,-0.3104371682768743,9.799777594003483,healthy
4669.657377429143,-0.4278035989940668,0.08377861927068733,9.802056275651394,healthy
4674.629663227524,-0.10243280900762453,-0.03672435795983556,10.045967069697596,healthy
4679.632876807227,0.1333162722305153,-0.1112645520974417,9.911468092673976,healthy
4684.663718464028,-0.16562147906855226,-0.3103272778206418,9.826701049047914,healthy
4689.586864042924,-0.0049967225374818736,-0.09207399733913132,9.735177407122062,healthy
4694.546477441166,0.16830309828095763,0.20960068187571837,9.7306857185428,healthy
4699.523343978515,0.09157877475536204,-0.12751873975421762,9.780596715786555,healthy
4704.645918819982,-0.3417792018135305,-0.1346845704946767,9.833264258437781,healthy
4709.6863974434755,-0.23712028176547845,0.17598503043794808,9.84071519493703,healthy
4714.772615294372,0.08592128282961274,0.14088768259794762,9.825353211425949,healthy
4719.7496136346,0.18553424517492867,-0.162184731869386,9.84042372989375,healthy
4724.819627487352,-0.16841950604417086,-0.20490955482950363,9.854569514788238,healthy
4729.814445952357,-0.1682301710403909,0.1450281462025722,9.837799861162782,healthy
4734.800927577995,0.3082148470431153,0.2283789713015963,9.74951252561131,healthy
4739.784333867915,0.34495795591204353,-0.21772476976871033,9.753604254874814,healthy
4744.756604566016,-0.1841938993555552,0.02627054377037147,9.862314930201496,healthy
4749.748462692289,-0.03745282939406458,0.14627652645334133,9.709362713372636,healthy
4754.790739659441,0.0882105547987107,0.008547381888138965,9.776709042552584,healthy
4759.802500778412,0.19934066391394165,-0.16268990639659392,9.804574885996395,healthy
4764.720295594424,-0.08855449767159645,-0.10367534420539636,9.744922671675214,healthy
4769.671405436433,0.14928680396637903,0.15074155957093746,9.782995275719939,healthy
4774.699185841512,0.08491262064516356,-0.2390779821971572,9.804618811276812,healthy
4779.702588627524,0.027859586537347124,-0.17081256577561754,9.685302382065865,healthy
4784.61636595677,-0.2211918268461082,0.15783517414819345,9.761185499350727,healthy
4789.682464392125,-0.01498672880859711,0.2960850267409379,9.915408688603351,healthy
4794.676466146778,0.23799809895844629,0.04222161988444657,9.905592397619804,healthy
4799.625360415427,0.04975239043305621,-0.2582242973636545,9.834783541482519,healthy
4804.536044779209,-0.12950707841126582,-0.09951464256391683,9.799747413160175,healthy
4809.523704174134,0.20578517381773495,0.2862979504344466,9.827183819540842,healthy
4814.482897304523,0.28802507630244645,-0.11217411314046022,9.802843912053632,healthy
4819.540619081108,-0.12506986501427644,-0.13675881758453026,9.80040721235787,healthy
4824.624076889668,-0.19684517635524043,-0.14622397730282471,9.856003256980111,healthy
4829.69063750859,0.30593772631522065,0.06180751280028601,9.930928036682959,healthy
4834.775445031511,0.14510899318500156,-0.38522767081122256,9.806840640730591,healthy
4839.787326258325,-0.28705399547024096,-0.2271605255019414,9.786268704003326,healthy
4844.717609203476,-0.33021330349235484,0.04917156971873779,9.737239400971399,healthy
4849.6884455857125,0.33391090275076,-0.1102672439085246,9.768328403475117,healthy
4854.680432961865,0.13769628160953196,-0.36032283964689216,9.816809441502619,healthy
4859.7358716703275,-0.3325583443801936,0.035310630834622714,9.861802223658154,healthy
4864.758543635508,0.2908402035878187,0.11365222010574774,9.915444121262377,healthy
4869.779221020156,0.21591879707431172,-0.04963384582905299,9.673679345762194,healthy
4874.705037990775,-0.005826456479810227,-0.30305030813913636,9.872710695249161,healthy
4879.783222430164,-0.3682570277950145,0.09978995829137417,9.702635886250428,healthy
4884.7816217885465,0.10211530780578756,0.24205228223588965,9.880219356359675,healthy
4889.774429283094,0.3523964067622525,0.07402000751700033,9.85613776143599,healthy
4894.740245714903,0.05370568677659503,-0.14784637104348997,9.86294745733296,healthy
4899.674299847426,-0.3147828506135236,0.12886668693987305,9.879894876088386,healthy
4904.717121283956,-0.0058619768644192286,0.13406873689465837,9.772289868801462,healthy
4909.726707002722,0.35778870189243894,-0.007157278234485885,10.007877216962312,healthy
4914.71230101869,-0.17797695289172577,-0.17471801349595129,9.863344001612736,healthy
4919.675670985624,-0.11782516102754437,0.0743256906903342,9.778421465958433,healthy
4924.587227837951,-0.10196806573277384,0.4788663843453847,9.832378275107335,healthy
4929.606080857686,0.33570547227561526,-0.09326309598972297,9.882891337134941,healthy
4934.562138603611,-0.10437123033461046,-0.22534664118342096,9.79431646234722,healthy
4939.536661129863,-0.2609341613275568,0.15242668170134688,9.748064339302267,healthy
4944.676702334783,0.2941274321518341,0.259785913907167,9.980793892446624,healthy
4949.703394287306,0.14430875575888308,-0.14585987850700122,9.86794277848981,healthy
4954.69810682299,-0.31010816937185925,-0.1341027299000109,9.776166287971083,healthy
4959.764448627041,-0.18255768219698587,0.16868608481608333,9.90339892083605,healthy
4964.6939497495805,0.2990632210801018,0.16109080257245592,9.834626870499452,healthy
4969.735811152379,0.10674293163717963,-0.09631956796172449,9.824358602070214,healthy
4974.726594112019,-0.37644487617196554,-0.05642441114589595,9.720683375539666,healthy
4979.744361789015,-0.09996566562253473,0.2501803384261908,9.76145527590327,healthy
4984.745364234169,0.09011706603298342,-0.01044320261938382,9.843351322053485,healthy
4989.769762483811,0.04865405147345219,-0.021089999432662182,9.8320188129031,healthy
4994.78977780177,-0.14363923504730564,0.12063634791203642,9.770973059557978,healthy
4999.7993249109395,-0.01389656786886663,0.06739930264410596,9.973065662632953,healthy
5004.813503879001,0.3344282731449728,-0.14077979506518715,9.84054972548033,healthy
5009.725845459801,0.13713350031468044,-0.3674267711975088,9.755984439299624,healthy
5014.7016259318,-0.24584089564131234,0.2526753372197365,9.594415629470328,healthy
5019.714446094637,0.04739953401469503,0.3916330170256697,9.908076538089425,healthy
5024.765011181362,0.1976383138559798,0.02418947914998181,9.763817493921803,healthy
5029.684821085578,-0.11820076139406145,-0.4183650941739271,9.821149485271048,healthy
5034.684038061202,-0.2861790503878145,0.07680831532003751,9.776788224737258,healthy
5039.691516941205,0.2264606063601992,0.19595664414593547,9.79311121749792,healthy
5044.706705158363,0.198650774118443,-0.2924061075824218,9.948594797356687,healthy
5049.719859128754,-0.031383523031848576,-0.23600999001624504,9.907909141056434,healthy
5054.716203042424,-0.276625131746782,0.2609363666214969,9.835482299409081,healthy
5059.722674199305,0.2873892900682255,0.3645516275345634,9.789251302742231,healthy
5064.766995883927,0.26079540751963226,-0.04880468064546904,9.97171686587803,healthy
5069.752409238594,-0.09673356875758618,-0.29781340477327434,9.848665280508362,healthy
5074.746081954325,0.012551644157094283,0.10780129503053389,9.85753876112627,healthy
5079.74182178612,0.37237202822332005,0.37046968496761584,9.782415822065836,healthy
5084.629745652081,0.17811735699077522,0.13356034138152018,9.916083154839699,healthy
5089.552779708157,-0.06558226541644457,-0.183330060651117,9.835506127596496,healthy
5094.530969627035,-0.25412528640305215,0.056597346082631894,9.799799697394299,healthy
5099.615729257416,0.1296468073367354,0.1756421394487694,9.826023055228344,healthy
5104.632121094537,0.2877823478627538,-0.3521935115172733,9.91007156728245,healthy
5109.662267667647,-0.27990293000389727,-0.1102963452204118,9.776973457765425,healthy
5114.680200890516,-0.12634612665139716,0.21901537534537288,9.72614713901617,healthy
5119.604697782716,0.37950644573097336,0.12413865993690443,9.921149830057448,healthy
5124.65520295054,0.23858357941537411,-0.2711909949552881,9.768650045860763,healthy
5129.641940737051,-0.13528031049441946,-0.042455729620481275,9.864029372640596,healthy
5134.588546849784,-0.060164444123689355,0.11024666805426075,9.681380069264833,healthy
5139.651056832704,0.31194274529927335,-0.21654173633135332,9.906577884242033,healthy
5144.663309501759,-0.11174567150523626,-0.18023614198756313,9.763703354561475,healthy
5149.627633375121,-0.3586179170397333,-0.06262974280328566,9.71740184624302,healthy
5154.634699856891,0.07544644008474166,0.15577865576362415,9.88545233645661,healthy
5159.689122086925,0.27729437141624314,0.020626784169747975,9.930938154242407,healthy
5164.723140810597,-0.07633354118749715,-0.3044139303985535,9.942069060607714,healthy
5169.648156948369,-0.057139568186317546,0.28760987078281436,9.82488120035351,healthy
5174.565787933269,0.21578099351021793,0.26043860132512764,9.843278525664758,healthy
5179.498252242863,0.26155265668350275,0.0568870656583267,9.882450835643454,healthy
5184.473104828479,-0.25263596381463815,-0.03170376894850796,10.005426977711204,healthy
5189.477386095632,-0.2512780991854425,0.06266513828375449,9.802623337099941,healthy
5194.47676214542,0.16196697627691276,0.10425595883146431,9.816839154610909,healthy
5199.518945878563,0.4886202017044636,-0.04185994833161852,9.863592458294649,healthy
5204.394736565364,-0.18107640073808035,-0.20118401272316536,9.880520282502472,healthy
5209.329524123755,-0.3716178988454669,0.16947726620143397,9.58155966368565,healthy
5214.285456354552,0.06851556639602359,0.09709166057789241,9.970613204329117,healthy
5219.261838184302,0.289777023130361,-0.3471643754736181,9.803694875485249,healthy
5224.261472015663,-0.26054929808411403,-0.34188755175320584,9.810635577614132,healthy
5229.386974212824,-0.16374936010215005,0.2665318463243028,9.768498994728214,healthy
5234.352135101937,0.3041734204592452,0.02817673662645967,10.003735758701957,healthy
5239.37055977877,0.07319531967968443,-0.1908339755949396,9.85637845758943,healthy
5244.385831471031,-0.3702429521753375,-0.1585702163003654,9.781022928259896,healthy
5249.362754817701,0.09799395023851344,0.3149564458223159,9.720235766971006,healthy
5254.433091452225,0.20537826949317156,0.023428470916141177,9.739063110513355,healthy
5259.3797419813545,0.06432551266154668,-0.38546505799901387,9.764574154080147,healthy
5264.286856258342,-0.349549307815893,-0.04240167225415117,9.765723171432155,healthy
5269.311780807744,-0.04533876553616828,0.27830257248666423,9.898324181285657,healthy
5274.269944573775,0.07021739314951853,-0.09714981493719156,9.657343414069835,healthy
5279.339684872606,-0.08738597243491113,-0.10942654069993643,9.797563750488434,healthy
5284.4198975132895,-0.18934528851920376,0.2894803435945182,9.831302341089131,healthy
5289.427435963893,0.07939687117582024,0.24684163437830778,9.838639059531294,healthy
5294.421328549116,0.2403366089977558,-0.28249911066482974,9.791922979804305,healthy
5299.428122678983,-0.003039041897375694,-0.20640526336172052,9.801984104130739,healthy
5304.4455988446125,-0.2630282185391584,0.1087398708255836,9.67910991495568,healthy
5309.451023061038,0.1869098669928992,0.262839174969829,9.948259090986395,healthy
5314.427946050668,0.10749845045775588,0.06942636155622844,9.819821433988405,healthy
5319.441055284471,-0.0949627972300252,-0.27683490320754056,9.647122103983035,healthy
5324.4589028731725,-0.19048204823965678,0.2834135746684468,9.791015960901637,healthy
5329.442717568548,0.2716862105063556,0.24817844511028692,9.874922631525965,healthy
5334.461715285813,0.15589439158845128,0.11863910305953426,9.788377380249932,healthy
5339.446212826522,-0.5154046790786813,-0.19341889264992215,9.744233671390814,healthy
5344.430357288318,-0.3160820859453102,0.1401939013096194,9.854646796606177,healthy
5349.515934930627,0.1993822323710509,0.16120132061077405,9.8301820861262,healthy
5354.463109225054,0.17719926885422804,-0.24367332451650447,9.607447671767058,healthy
5359.447346239779,-0.033277397204637515,-0.15680398700702936,9.76680480077836,healthy
5364.410294108914,0.11556973265889008,0.38806728198299667,9.707161985608122,healthy
5369.453170840266,0.0809402116351765,-0.09668739938293779,9.765185559825756,healthy
5374.57653496128,0.0007874237004917087,-0.049504935884330054,9.838814636024777,healthy
5379.604054582861,-0.34078635878233227,-0.012018598644212342,9.721960613187086,healthy
5384.681811773535,0.1189152202939731,-0.026084046573015718,9.701259734357528,healthy
5389.611778499436,0.30270164531672816,-0.054994942166934416,9.79627845285908,healthy
5394.668137573813,-0.1818406501082181,-0.21003291905146926,9.799737650142943,healthy
5399.675462919472,-0.06344135514505611,0.05183532374897756,9.711876544171554,healthy
5404.713575636521,-0.02065666050553641,0.12807877701023576,9.713978178771434,healthy
5409.77497382307,0.26199122590467777,-0.03230263516656611,9.755527719870765,healthy
5414.744891589168,0.06825451905383807,-0.25000032921774756,9.812510384281692,healthy
5419.8147917165115,-0.26369531479073943,-0.03574335040353856,9.685108093964335,healthy
5424.800887072166,0.17359138535586188,0.18998637202907437,9.825918907020235,healthy
5429.763504970391,0.3759124802234347,0.030577768276146486,9.806099045776088,healthy
5434.768316525186,-0.165306421685686,-0.13010968131394093,9.924569193252893,healthy
5439.77423665992,-0.25469533575218745,0.06844383905112872,9.67536929003617,healthy
5444.690001940948,0.11860544008349785,0.13425115173822466,9.84297946927261,healthy
5449.736561207434,0.21196848149958958,-0.23024755999659052,9.876435294402082,healthy
5454.804701272781,-0.2523880134730257,-0.08307558101459038,9.74724148941866,healthy
5459.82969246501,0.008895362894364878,0.36066890869859264,9.877918666812626,healthy
5464.734608266271,0.21848503898372867,0.04298544124630095,9.835224010304437,healthy
5469.6527301834485,0.20044236894901837,-0.14496126826929365,9.766856805281694,healthy
5474.650270226277,-0.24305071707598733,-0.10690812395916625,9.66078127793089,healthy
5479.567041788954,0.05010122823721089,0.19222634445301373,9.889280362072787,healthy
5484.549135640435,0.10824085466699494,0.059925760880192,9.909683152621232,healthy
5489.507746704828,0.11227990149419095,-0.34597135380953264,9.740339498026705,healthy
5494.438759972635,-0.29576080217520845,-0.08659404501167348,9.848027276375642,healthy
5499.490551323358,0.2947093541173363,0.3927358887280765,9.772850781186305,healthy
5504.535848944504,0.3456543744724633,0.05555881174149842,9.896900680124526,healthy
5509.520027916412,0.06518613950223252,-0.17596702774039186,9.939564013823752,healthy
5514.48602073445,-0.26996244864862606,-0.06045714293143359,9.730785494252828,healthy
5519.564163935662,-0.097816253455841,0.22209619576715758,10.03960073507741,healthy
5524.555873472339,0.13549405394143024,0.011281472268174175,9.936348781836235,healthy
5529.604460333113,-0.024125293629158988,-0.22484663495664076,9.91036778203798,healthy
5534.689681676748,-0.36676748069211923,-0.0734798571223015,9.771010176433707,healthy
5539.715490607145,0.1979011208724828,0.1972063438259204,9.764490734331403,healthy
5544.705855843188,0.3971010719449706,-0.13868371841670868,9.906056982435395,healthy
5549.750167652671,0.02939680672969125,-0.19689354220309196,9.826625487410645,healthy
5554.702101776992,-0.18233600409792605,-0.060425203977717334,9.721039032740098,healthy
5559.732095040115,0.1104840374460084,0.162493687085497,9.768780902819062,healthy
5564.7070540711875,0.2096926376559993,-0.1613148832342165,9.945598941578668,healthy
5569.640260887356,-0.07559381436168915,-0.04086005749696789,9.826455642826366,healthy
5574.609240155833,-0.09461208634305905,-0.027944165558217965,9.777046868380268,healthy
5579.630312623714,0.035311823373511575,0.28408502083373827,9.91157661864244,healthy
5584.609919556079,0.41235370119661796,0.169574489540783,9.866809978448797,healthy
5589.643662479597,-0.043912727123878836,-0.23787063438108952,9.886253243536782,healthy
5594.545342669285,-0.16449431641046358,0.2395037315021995,9.626115552555751,healthy
5599.605707156876,0.17225618479487437,0.11619929440313123,9.863107858532587,healthy
5604.604125974334,-0.0665029865230758,-0.2290143383472741,9.749867724712882,healthy
5609.466080641472,-0.2866296019474228,0.040236970149150134,9.74642312677714,healthy
5614.4772090868455,-0.11105149609618944,0.12847681800633873,9.721195941747443,healthy
5619.431039864504,0.44511223517778287,0.09947737968590696,9.892804883013264,healthy
5624.3914814371155,0.07076313278259136,-0.31690331981136843,9.764320136846504,healthy
5629.394961829192,-0.21448241461157327,-0.20489993997208508,9.75814095188311,healthy
5634.455127350842,-0.042391376979599646,0.2347610164322895,9.910159518302242,healthy
5639.463662058255,0.1956179029713043,-0.03969918600144949,9.689074087864773,healthy
5644.499616612142,0.12558621413771073,-0.10870378504713371,9.886921229402196,healthy
5649.441213633442,-0.011866972778984991,0.013255426217402992,9.747869080648448,healthy
5654.361067346363,0.25307481194999826,0.068433527383362,9.804706734935072,healthy
5659.364862854604,0.24826240668772817,-0.2067137346332628,9.859908069744614,healthy
5664.322576668522,-0.017084006086888003,-0.5340901814242123,9.61949294358464,healthy
5669.295313996554,-0.283951056863765,0.00765876136084799,9.742353607231328,healthy
5674.268219935506,-0.0770926391498414,0.3022384099876175,9.753047049522639,healthy
5679.229258712666,0.11076582913619785,-0.2960852446888367,9.897435982333521,healthy
5684.248998447632,0.12379139681114726,-0.39609296881382844,9.934369101977776,healthy
5689.182751322885,-0.3880788062336725,-0.10210920827183677,9.718795807740996,healthy
5694.1491085697935,0.07428851444252971,0.26313835141270203,9.781400176746292,healthy
5699.145942306602,-0.007992843184720488,-0.21072346260536134,9.855249330708777,healthy
5704.085718688015,-0.09533554170551117,-0.1418154690244273,9.81778827983104,healthy
5709.096080506731,-0.3947240456327209,0.09807979294003741,9.628366057668224,healthy
5714.012641039188,0.30622313725879236,0.33208261583385357,9.968838537219805,healthy
5719.0248834152535,0.16007408378370586,0.05951135471572469,9.819448752941572,healthy
5724.007229699035,-0.1527731595292258,-0.1165763123891066,9.82195068794751,healthy
5729.0092771578775,-0.23009102699008738,0.17285827661728942,9.788870036121097,healthy
5734.037852598906,0.35486602385707067,0.09891665581378616,9.837213005961592,healthy
5739.032114636161,0.08297152270354219,-0.5049348139163008,9.960646521213052,healthy
5744.021191084898,-0.013851141037241721,-0.3059264240203296,9.737726445529495,healthy
5749.027904669253,-0.053560928530521475,0.6336977894185842,9.699616766385581,healthy
5753.971665989313,0.38914295139510535,0.018518636742810277,9.893104799732871,healthy
5758.9774389380145,-0.009094550421333975,-0.2472273949274287,9.798073449679391,healthy
5764.020210364212,-0.04786482487566546,0.0368310537770648,9.817805800571525,healthy
5769.020068810696,-0.2018553850098228,0.36385529160301416,9.893690496910754,healthy
5774.0799100458,0.20407005904918454,-0.04766558856420258,9.884640161389346,healthy
5779.091663727761,-0.12603665342112488,-0.36202798152705373,9.890896127284517,healthy
5784.039258977684,-0.2562462625622468,-0.06089691367328311,9.70924650242666,healthy
5789.049593663682,-0.08874391325284683,0.22609094818248393,9.615151469854068,healthy
5793.98482461714,0.1643638948569476,-0.04555150444046316,9.892130822621217,healthy
5798.8800159325465,-0.24357099496240642,-0.13028156458789908,9.937749518946351,healthy
5803.915847223867,-0.5025795435157153,0.06098762655983788,9.732617209113302,healthy
5808.870489696046,0.1279994613639854,0.4015852933238192,9.787345043853147,healthy
5813.845622042258,0.05196430953951092,-0.13287096748957505,9.84517447765497,healthy
5818.820840752073,-0.05891060630587418,-0.06389932396597445,9.7945945065497,healthy
5823.90327977519,-0.10799564417837937,0.18517304812894253,9.76485018522477,healthy
5828.935574536813,0.14269929073548698,0.20118094390705182,9.760419441647203,healthy
5833.903197276319,0.2174673797630691,-0.21440526271528643,9.820951774996455,healthy
5838.930739131911,-0.3202950448515846,0.004789821299489849,9.698559279077102,healthy
5843.9180071923265,0.009483846435972887,0.21486378899165853,9.731086780220094,healthy
5848.994473165609,0.17965798611255265,0.08144148873561065,9.679067576757973,healthy
5853.982549454338,0.35600627444561883,-0.12854110407048464,9.876472958006532,healthy
5858.922361355997,-0.19206012043224643,-0.22494812122799937,9.798326992589429,healthy
5863.957131291174,-0.2716498452774962,0.12431067152119642,9.69045020499381,healthy
5868.8919406485065,0.3583950777311724,0.25363619239630025,9.890423331727819,healthy
5873.895230975916,-0.040864745218963106,-0.25809305543810046,9.774297467126216,healthy
5878.886436485615,-0.3688340324141941,-0.2756694391808371,9.87621405121698,healthy
5883.929091671785,0.054173508785189256,0.2675246614263539,9.827360837499848,healthy
5888.90859955388,0.26010607109205836,0.06254477634569766,10.069828108835386,healthy
5893.870835059945,-0.01630761628805371,-0.20818479727789213,9.897887452736251,healthy
5898.809644020466,-0.33876656921008047,-0.30186228549162214,9.669359018607842,healthy
5903.828100785381,-0.17368975246143606,0.16330219796026835,9.80833070581575,healthy
5908.765445060969,0.24470969918010543,-0.03725264997820765,9.87974424546408,healthy
5913.685612030355,-0.06435228032850075,-0.22678621972220964,9.836105896112809,healthy
5918.685050063476,-0.1435473145701944,0.1071265232847842,9.748053311650947,healthy
5923.718243038587,-0.02964267710504669,0.08420720054387365,9.808493336325181,healthy
5928.664221431259,0.04132181503547297,-0.10766226062425385,9.952602873614437,healthy
5933.704709662695,0.0005244371125580558,-0.2737715042838046,9.849355276533421,healthy
5938.681668479515,-0.4095618313730508,-0.07883968325415532,9.745502489534172,healthy
5943.761864268801,-0.06769060506572991,0.038478359009502444,9.909828881067332,healthy
5948.696418950424,0.357879116674836,-0.13627555849067202,9.982080363087462,healthy
5953.711334557271,0.041396772397685924,-0.12544852861091765,9.81158890779819,healthy
5958.662990494512,-0.1747851717606332,-0.18600197443898348,9.87368257047369,healthy
5963.641191551778,-0.018967161428962764,0.41321072386011903,9.959096006048908,healthy
5968.626069052124,0.3127809554998147,-0.14918469663329859,9.861824755171238,healthy
5973.595726122775,-0.3687614809514479,-0.20308075120346075,9.654507454332327,healthy
5978.6010249686,-0.4685090969558384,0.10483468171354754,9.706959399064367,healthy
5983.605835406884,0.23735203612839476,0.10103388515208492,9.882025538360773,healthy
5988.565388286629,0.2422630289609416,-0.2509376827321903,9.950331669289193,healthy
5993.567422725152,-0.2746128569392337,0.013219371239410083,9.823857124320153,healthy
5998.5500337654,0.012548562102325744,0.22734502714468896,9.66335197515369,healthy
6003.508515365073,0.2997878266139745,0.24901048128821474,10.01588165106854,healthy
6008.516482183021,0.06135377889647264,-0.20654306606033457,9.836527164299696,healthy
6013.486819077489,-0.16486773998980125,-0.11089612741016465,9.960797689140835,healthy
6018.37622100384,-0.09780735388648205,0.10818252732556558,9.759117104179936,healthy
6023.434590438933,0.12975425005626462,-0.04176226508855406,9.820470306449872,healthy
6028.434079645151,-0.005433094390683145,-0.2593525543594257,9.844529392668667,healthy
6033.354650889267,-0.31382659921488076,-0.04996283507381901,9.810034565229119,healthy
6038.439819874648,0.08968625833860591,0.142543338139181,9.7045984995044,healthy
6043.505242170528,0.32670021013886563,-0.055454244505134156,9.806151991054135,healthy
6048.523777616147,-0.17436534147273441,-0.4348903541434769,9.930726849044945,healthy
6053.531516995868,-0.18932403294986302,-0.00998047881278067,9.774182297954953,healthy
6058.5284999867345,0.04173595540798257,0.37404752718726414,9.757736813863762,healthy
6063.521645824634,0.15153129895716563,-0.008427106638944665,9.805186595367534,healthy
6068.524808165826,-0.28877171851248007,-0.3186619235538687,9.800422260796623,healthy
6073.533319611468,-0.33524778091655333,0.08403639030675372,9.751155909005574,healthy
6078.4865901484645,0.24100871868375884,0.2984517128966043,9.842554978438134,healthy
6083.503463777607,0.22397548156740824,-0.07925544985923835,9.678046219204269,healthy
6088.526810767084,-0.1651034608466141,-0.07556690848632172,9.893618893756102,healthy
6093.536599380611,-0.18644559959421553,0.1174170194348327,9.866467382799588,healthy
6098.57869070798,0.09538299470284943,0.35100220356699385,9.76507283101662,healthy
6103.672433736049,0.1578671928122042,-0.31097342940970885,9.844122439273757,healthy
6108.636359242692,-0.2460481115683111,-0.2730132730823099,9.63346722516796,healthy
6113.762002894575,-0.06261769241271159,0.17896064596656847,9.654613838194239,healthy
6118.704531172671,0.3709717656250152,0.11140850761207072,9.987111446123151,healthy
6123.72778288956,0.027655001294702122,-0.23901814273525346,9.733950794143,healthy
6128.798654770491,-0.24760323893967773,-0.2304515099291793,9.773518019876757,healthy
6133.871290010725,-0.06809909080251031,0.21294384198353783,9.806517474989825,healthy
6138.871972195514,0.18433994703603257,-0.006821085503346883,9.85881919200628,healthy
6143.873810489355,0.019789724765840344,-0.4071972835713003,9.673572971996752,healthy
6148.878491236095,-0.3228246895001501,-0.06824190371435138,9.90848288528718,healthy
6153.928316690842,0.07665422592877033,0.3106972555769326,9.772417329676655,healthy
6159.038309276681,0.20365282155623182,-0.14142242335093191,9.867806993204539,healthy
6163.951209574028,0.17140790889397767,-0.370885585808022,9.744275222611515,healthy
6168.895792326981,-0.23769859248466657,0.1066098157165294,9.785518269300354,healthy
6173.92346432941,-0.05096350472645359,0.22172828797916563,9.843275775747701,healthy
6178.884490999223,0.344131416524872,-0.004331146084464936,9.876694275997481,healthy
6183.883119322388,-0.21609202491716456,-0.20334164277755976,9.842310655347108,healthy
6188.798260963912,-0.27842068763469724,-0.09684024756505319,9.761374461337805,healthy
6193.827613143157,0.06991493693275155,0.2950588365410453,9.808100710782455,healthy
6198.85335368207,0.10595694107840938,-0.24998591884110677,9.795085328672867,healthy
6203.8398363963815,0.004686138046797905,-0.084039568584405,9.638086576928435,healthy
6208.786312201051,-0.24898638096185102,0.10371728503247221,9.844368638602614,healthy
6213.845703111945,0.18849572963029376,0.2193493171384771,9.735131536322823,healthy
6218.845751300621,0.0554163512725771,-0.18155566551143615,9.94413983795542,healthy
6223.837391167057,-0.28626043387934896,-0.37644710234449985,9.78670367461606,healthy
6228.937130969446,-0.33862289845274685,-0.05168080495043992,9.79178589036067,healthy
6233.89741625891,0.2660987252639487,0.30432727367710033,9.865435022894513,healthy
6238.844532127559,0.12528637770610263,-0.31927393402840454,9.920526829310502,healthy
6243.840197597305,-0.43258197121777986,-0.16758425174418295,9.712931889282775,healthy
6248.896909714665,-0.07588691068725462,0.2602037518689502,9.760263407270717,healthy
6253.883266957819,0.2714043763531384,0.07993422507351525,9.809272634970364,healthy
6258.816661728559,0.08237300250612738,-0.3408053651549947,9.816555891690495,healthy
6263.889926631242,-0.36128900820692034,-0.09887522944131652,9.740089914926026,healthy
6268.87024630415,0.05637193916163885,0.18018583101230012,9.736974793157119,healthy
6273.828036761407,0.11488696397786219,0.16447649273019144,9.865718107716898,healthy
6278.9295519409025,0.07322987432899566,-0.3405213273260271,9.720301189960525,healthy
6283.954789161876,-0.46042906482941803,0.07386128227170988,9.78270005179398,healthy
6289.009524378145,0.019829766641569685,0.19830894984061267,9.68566485692021,healthy
6294.027909324316,0.1079812505816366,-0.015728645166820297,9.826976302284645,healthy
6299.073217002899,0.0869834064077527,-0.2053332449593026,9.878499761361432,healthy
6304.028526061584,-0.23221346615315053,0.10034804930214153,9.747437721025886,healthy
6309.007393387461,0.13435552259415645,0.39861401115852385,9.84899002117474,healthy
6313.994270785675,0.20894569142075198,-0.06893061839825708,9.86916796788926,healthy
6319.007738937003,-0.06554897245797789,-0.31476548461583415,9.72884132173785,healthy
6323.969392834777,-0.12403485468880669,0.2841250455739125,9.874159010036822,healthy
6328.919455297515,0.02296216152225221,0.19913147880021773,9.75713355549811,healthy
6333.918134420466,0.1426544055048609,-0.26481624430256717,9.818028596079369,healthy
6338.9681758590605,-0.17776912718285603,-0.28250630560100104,9.678139140806644,healthy
6344.004542145544,-0.22250542428278916,0.17331499084774216,9.662570154951142,healthy
6349.056400001223,0.17771450886700063,0.35595185245832195,9.845676056110145,healthy
6354.0013063410215,0.0843325436682868,0.1808110610098125,9.746179680068526,healthy
6359.000894721115,-0.2812328964950304,-0.23101638446416878,9.691402320915289,healthy
6363.995783350269,0.013714964396290608,0.22838059587815898,9.572483587067186,healthy
6369.007153036532,0.006526811868274696,0.03462856431264735,9.750138162425655,healthy
6373.996742632349,0.07515035643256963,-0.24743283005922143,10.052931740891063,healthy
6379.001401831995,-0.040085785616168296,0.05736006230381596,9.855030164839437,healthy
6384.0296494883205,-0.237261830073635,0.2463904870234663,9.796830078294573,healthy
6389.07714453592,0.339211548461987,0.012857887856828516,9.854453645932262,healthy
6394.068359332949,0.07955051255458759,-0.2391748425238654,9.794691102885709,healthy
6399.171101219574,-0.35453750132305095,0.2504892679893071,9.757717220635447,healthy
6404.170678413924,-0.0412259997135236,0.0904743057730781,9.738737305167227,healthy
6409.152442771029,0.07305890229685952,-0.13727517873984788,9.7191027994664,healthy
6414.052179945939,-0.11663791500130552,-0.07805178356625589,9.77753221680174,healthy
6419.10292819732,-0.31131059796441163,-0.13470373892599702,9.82192858545393,healthy
6424.1668638688325,0.2873825207265535,0.33958057552184023,9.714245624407488,healthy
6429.192925520279,0.26821593133024163,-0.07113668632400122,9.77472146150237,healthy
6434.187510733236,-0.2820948967445652,-0.2783791770788982,9.738078496405434,healthy
6439.171629425452,-0.42308993931985045,0.01960157974750626,9.732887768161765,healthy
6444.178667880666,0.13455175419535204,0.21148500924106498,9.937431539540771,healthy
6449.234222399089,0.18558479273459227,-0.21236088956488888,9.847961757267047,healthy
6454.239402275648,-0.3712207062310886,-0.1902323045338723,9.681924200864088,healthy
6459.283257867703,-0.22777932817821409,0.04248055688578592,9.895021128286658,healthy
6464.289349551279,0.19012731976036581,0.2526934773742166,9.719129086871735,healthy
6469.40756212762,0.366899505807576,-0.24088510697422283,9.648010016132028,healthy
6474.377245322953,-0.006696426482493634,-0.054914717839742846,9.737418062656204,healthy
6479.341836851223,-0.018995464056440772,0.14510820004616992,9.88208172914801,healthy
6484.346192282519,0.20479499055009012,0.09859072358872736,9.865066053724789,healthy
6489.28512029218,0.13649314186562939,-0.1906435928169804,9.741701009129198,healthy
6494.238638828121,-0.17529199726734743,-0.03941087812923598,9.664388912457106,healthy
6499.238877432498,0.05513958901738496,0.2562071139893207,9.652915514311195,healthy
6504.183746032967,0.2126795636560197,0.1028674696286526,9.954758180856011,healthy
6509.192907076196,0.2950239060852204,-0.1564171381407703,9.691792020688856,healthy
6514.12979508516,-0.29049154897855445,-0.008201269185038038,9.628601677017448,healthy
6519.153889889393,-0.1477670880431849,0.40822760659095614,9.769303018009753,healthy
6524.089535141422,0.3862601034209604,-0.2511904093101195,9.781248616385646,healthy
6529.0630894691485,0.21716579313158652,-0.34862821887166784,9.900275435838035,healthy
6534.085742986015,-0.21490010247842203,0.21504289372011212,9.862598977312086,healthy
6539.134932701731,0.10232767689642919,0.3192831348794525,9.909570655143465,healthy
6544.109102028041,0.34747239347420333,-0.1810738774975641,9.853383377074357,healthy
6549.168622645773,0.039974121718367756,-0.4350287499450911,9.744945714349234,healthy
6554.223044500121,-0.2655339263802184,0.023494701834395566,9.79037371645978,healthy
6559.16518627307,0.22309518918478224,0.31115284373236185,9.825017225201476,healthy
6564.1219311710975,0.23855437126241413,-0.05958776292900389,9.781451120828713,healthy
6569.177550424706,-0.201190398042008,-0.18358779624875088,9.891041445564655,healthy
6574.15967690903,-0.305463067173636,0.18828087041821367,9.718401610043278,healthy
6579.219724092752,0.11541141402871916,-0.04390525197994291,9.83222045272605,healthy
6584.222306491181,0.1755029238093589,-0.08024841458072576,9.795901098433875,healthy
6589.314120447996,-0.2613465508254683,0.010755404919337769,9.990246001316077,healthy
6594.323221288145,0.0005451827093231332,0.21684153008463397,9.736617721208228,healthy
6599.3410095693935,0.14064542243984732,0.1871655917325998,9.771804295858946,healthy
6604.338209799692,-0.05965653535818738,-0.007901768181601737,9.894564231193387,healthy
6609.300571988585,-0.4042185177397887,-0.24749581261305498,9.96554895336237,healthy
6614.323475007538,-0.32441542578748095,0.34064918095468655,9.792915043082571,healthy
6619.317013233715,0.11051668343319308,0.07986709247492646,9.906444443888867,healthy
6624.387222526664,0.28569566580694095,-0.45481532967753424,9.86350422817782,healthy
6629.391036079413,-0.14907854692100184,-0.07581443400472661,9.795989226802385,healthy
6634.450281642968,-0.41380115977630805,0.4270317852336367,9.734389537266086,healthy
6639.36603987322,0.2191375448616735,-0.03434277297698196,9.856768403073765,healthy
6644.378553451168,-0.3852216547110082,-0.4230388744926782,9.970248316099063,healthy
6649.3658452368945,-0.3053030975532872,-0.057123308602520045,9.812088147127536,healthy
6654.344115707472,0.09900376604057848,0.21126151560595283,9.925440538718993,healthy
6659.334119512547,0.3293789507441184,0.01150136873315092,9.853048905853063,healthy
6664.24993166509,-0.12688314303330206,-0.22500197846494172,9.813925301899237,healthy
6669.281436011362,-0.20872740052626454,-0.16815024820341953,9.68763149685582,healthy
6674.305911465628,0.055291762315620274,0.17358289852752332,9.963920807509579,healthy
6679.286273943541,0.38193990154344115,-0.11050865908730334,9.817698443742833,healthy
6684.281614419878,-0.1146739743858765,-0.3632185678421602,9.742317017424234,healthy
6689.323653345358,-0.24083102740156445,0.13294731264679188,9.68261639909359,healthy
6694.300889524983,0.28977687376841477,0.21202672141266332,9.772056235283255,healthy
6699.300434423636,0.4585680216386697,-0.12532100988517453,9.924713896329624,healthy
6704.3584965845,-0.07143685598726986,-0.3101971207813838,9.797829789988544,healthy
6709.3356596579915,-0.25726781987380914,0.20886921439157172,9.75844786661685,healthy
6714.256489970026,0.25987412850862585,0.19723759675544297,9.702223515263901,healthy
6719.193111067242,0.10819880851008745,0.2699640146514738,9.909750784287713,healthy
6724.215428219343,-0.15715974040886288,-0.20364519729354974,9.863425823532772,healthy
6729.243541139898,-0.07981583638544854,-0.007253132031320081,9.915319764888757,healthy
6734.30461411992,0.22427714407863072,0.05944730601341233,9.85292904545444,healthy
6739.222675526813,-0.022798100462180754,-0.24556186437842573,9.786461667615175,healthy
6744.296230526307,-0.12346255204062105,-0.018079707789351585,9.757780103797472,healthy
6749.283494526962,0.03404791142049117,-0.057484784267842204,9.716487396713903,healthy
6754.255712097396,0.21720634007013423,0.12691157578128356,9.952445594062235,healthy
6759.287269281823,0.03177662289400984,-0.4801421848799106,9.791770865427392,healthy
6764.266831239403,-0.17959954679135998,-0.0463452603333467,9.690073483435828,healthy
6769.167464780897,-0.05940896759064562,0.1395890561334696,9.810948354350161,healthy
6774.102771747022,0.27846955363807985,-0.014018240518054115,9.925536066855438,healthy
6779.033619525267,-0.07499489090893682,-0.24607168263504325,9.882410959074443,healthy
6784.110543897545,-0.2470413493714226,0.1591760120238909,9.825902119832953,healthy
6789.200271129726,0.20161204015913883,0.34581505607853585,9.778303487215839,healthy
6794.123727453443,0.1495048325954113,-0.04610214055929173,9.769604956402741,healthy
6799.100876847596,-0.1982981485473975,-0.09553352284893862,9.838294861533733,healthy
6804.149632447074,-0.25935562456093375,0.094501861264139,9.67389539828194,healthy
6809.166641070094,0.054439877217050674,0.3754587975369737,9.899860670888017,healthy
6814.070407792892,0.24171926750960013,-0.011874428441099705,9.782550505811065,healthy
6819.169918640929,-0.23372617713871113,-0.2139680055275642,9.676949579111826,healthy
6824.225626273844,-0.5372035280764584,0.16786972097639208,9.711409312228911,healthy
6829.18510372871,-0.0018686960716119694,0.2639296941556214,9.75341903319401,healthy
6834.167390077656,0.2336037784102665,-0.17415101636676616,9.825084066580846,healthy
6839.138843754624,-0.24924674739248878,-0.048332709282356806,9.733548193902568,healthy
6844.113001776312,-0.08999932083120282,0.06259299573677991,9.708580545441189,healthy
6849.141571027143,0.23154209487987037,0.12116939926133896,9.841852489925254,healthy
6854.212030445395,0.215399721461823,-0.3159783061680685,9.715808052013845,healthy
6859.201356567146,-0.25499075458703374,-0.2336576292445992,9.832829321384004,healthy
6864.273379158571,-0.06945779975326824,0.3425002217699903,9.820387369371074,healthy
6869.3055401584215,0.3846413612821308,0.1853664845583193,9.943911167617038,healthy
6874.312397358092,0.12579948838087499,-0.21509657900267806,9.919618810680802,healthy
6879.193500363068,-0.4698264136792081,-0.1624574315542685,9.905878254961094,healthy
6884.167683950738,-0.1342662409167862,0.05747854172084352,9.747244249023376,healthy
6889.128914346676,0.17879839190659902,-0.12697441063654974,9.706051534807846,healthy
6894.10421417513,-0.15322397335826496,-0.3031322312023546,9.787704466050071,healthy
6899.171264655851,-0.22785281791405776,0.17936594221496946,9.828682758040085,healthy
6904.171895988007,0.19531785930086787,0.2491754893508655,9.714326525099505,healthy
6909.147206163471,0.2480773632192064,-0.08782162428322918,9.904332000854302,healthy
6914.186326939395,-0.10849700794318956,-0.3555046167835791,9.792023797873417,healthy
6919.239106362343,-0.16401926826564772,0.277520183630443,9.763252673899544,healthy
6924.237951005623,-0.004354992627517332,0.06903350703947786,9.764886657662133,healthy
6929.227220166503,0.17759509796341372,-0.02780900864814812,9.803437627159484,healthy
6934.244655764173,-0.036273227134177174,-0.20900680584848025,9.780489507489689,healthy
6939.301652432959,-0.14008017166939435,0.23022067225606105,9.745765164258785,healthy
6944.312867913196,0.19330328518496792,0.3129650008544662,9.691005638847496,healthy
6949.276833583523,0.2595811843169057,-0.13115412503238755,9.830295330105642,healthy
6954.337532888151,-0.08474259424765425,-0.15426931431646404,9.625234211916455,healthy
6959.325338866094,0.019501731251203858,0.16350083057804424,9.748189089053044,healthy
6964.288618624752,0.15051621207932406,0.09630214468597258,10.050697511142443,healthy
6969.258329723303,0.06819604731416941,-0.08655037709261229,9.81721033147471,healthy
6974.294244182554,-0.19976559519157017,-0.0877028386203804,9.760913758974665,healthy
6979.306316925168,-0.1442544997748987,0.20984985653973098,9.794481728707652,healthy
6984.350344620786,0.2802722662055932,-0.0780535806795663,9.882096548924098,healthy
6989.26424992015,-0.022866609959349693,-0.28503290597619946,9.849777317226389,healthy
6994.243890413499,-0.3919645570784707,0.005607515678565447,9.82457439145254,healthy
6999.256765281237,-0.08644329944465101,0.19430694740857085,9.744900396708797,healthy
7004.260271204648,0.17937265043056272,0.10195211691553985,9.851201744463344,healthy
7009.247637691762,-0.06397589368488657,-0.04490811204199491,9.97916238214073,healthy
7014.190304223697,-0.4694374512174223,0.043602709784851895,9.722993452629206,healthy
7019.141756466219,-0.04192200573097053,-0.009086617080175358,9.814101804005423,healthy
7024.123408668662,0.21805723083098824,0.1903523386343932,9.932650560686527,healthy
7028.991613122148,0.07586192666754518,-0.4004544211386369,9.793257267017882,healthy
7033.94284492842,-0.3405245284558152,0.02198122174712964,9.591417199723397,healthy
7038.919002473397,0.1468300573742726,0.2535496916764442,9.67672838447616,healthy
7043.870478374537,0.3788921791895199,0.040371452071809075,9.850949468026126,healthy
7048.892117798017,-0.21338429173052564,-0.28484580518542735,9.724707873078655,healthy
7053.842333112323,-0.29273974052080604,-0.00847293726881064,9.821141404602619,healthy
7058.871919540658,0.048062446667393,0.23077188788463562,9.764733129716662,healthy
7063.902711910685,0.3900427571399373,-0.03737580264889742,9.834614498648882,healthy
7068.917848705955,-0.247032407996311,-0.33664163051959684,9.68239697670757,healthy
7073.961022139406,-0.15189995252732724,0.3958941612778436,9.827342788376141,healthy
7078.976122997318,0.09930622442736395,0.14125452497454152,9.757645217184756,healthy
7084.0974097417375,0.05912627837330331,-0.3666150815221751,9.821287019636902,healthy
7089.054866729182,-0.08339357589739227,-0.05934878204433336,9.829342771056504,healthy
7094.076757217766,-0.13602813846315406,0.11690835863913908,9.736028987561873,healthy
7099.161535834392,0.34040709914589407,0.29191680505166917,9.763428391844686,healthy
7104.2429849853725,0.13668017924378495,-0.17769867533150716,9.846096348132674,healthy
7109.317197705583,-0.2793249575532645,-0.22441705799136658,9.805976879160157,healthy
7114.348154317951,-0.14891777623900984,0.30062789856827554,9.800235418843926,healthy
7119.413207866114,0.18611971924256565,-0.03586926222166591,9.713190330418957,healthy
7124.381251446644,0.07593760891265323,-0.3892837400182337,9.906123267264121,healthy
7129.338276009252,-0.12033217193150046,0.14222336998514182,9.833381947809443,healthy
7134.341320050705,-0.19752143418059892,0.11546818547233184,9.628358153111002,healthy
7139.347753665429,0.0870481221451446,0.09227741824898794,9.939505485744894,healthy
7144.2954359936875,-0.030137850531327406,-0.3408530236548692,9.86476704026115,healthy
7149.244330700019,-0.2922922210212979,0.07116765253579443,9.7374619682061,healthy
7154.293549161017,0.04773236424289882,0.3707482138366479,9.749902920080412,healthy
7159.328784756724,0.2810076221192586,-0.1378493941444128,9.993345983421303,healthy
7164.461010869834,-0.08908842085485022,-0.21447726925561472,9.737767441635993,healthy
7169.472612270507,-0.15911748398244172,-0.14430188224134546,9.72756438836639,healthy
7174.404740397208,0.31174907967676935,0.3277354507776759,9.839490778082833,healthy
7179.34384995409,0.36929482978282313,0.029577138354927188,9.79572390954503,healthy
7184.336917885012,-0.3577196012697389,-0.3958262237884935,9.638589402466078,healthy
7189.384601273947,-0.3150167479197331,0.18214531470810733,9.793807578364207,healthy
7194.395605705116,0.07654820054615404,0.009789709818845804,9.754384154026484,healthy
7199.322980316011,0.4669077024552985,-0.10926337016920734,9.832935725438245,healthy
7204.349921622433,0.012711005433072659,-0.2795442159818448,9.76809493928304,healthy
7209.348721619558,-0.05127929999398262,0.36310230828822876,9.771984938798335,healthy
7214.349118967367,0.039233950987932836,0.07350115341221204,10.01964119238269,healthy
7219.333146110787,0.11461064524091809,-0.3196576102338047,9.745822975981735,healthy
7224.315274847925,-0.12110475648296397,-0.1296866232580626,9.700301604817696,healthy
7229.3445819342605,-0.012277274319562978,0.12495046036284443,9.783922644122994,healthy
7234.350662013668,0.39226792191001025,0.07613753158122658,9.933241413217052,healthy
7239.2945214521915,-0.003567884663134749,-0.35359923735284293,9.944787236759025,healthy
7244.273681009232,-0.24645083150257902,0.11701850050140335,9.864786776884802,healthy
7249.281080372725,-0.07856945458226779,0.17558946390018654,9.7377261661701,healthy
7254.227954403615,0.030832012369975764,-0.03211479567206432,9.863379465053452,healthy
7259.228238885785,0.03951291591339908,-0.21890599392661103,9.844332267632794,healthy
7264.235152664508,-0.08539799067741319,0.1017114885095249,9.773125393109927,healthy
7269.276683287282,0.02501478659991402,0.46787716112834365,9.851309831619092,healthy
7274.285430299597,0.23806967047100103,0.12933327994558716,9.783980029909733,healthy
7279.2619742054485,-0.009710262745463598,-0.3593237464478094,9.7965177700037,healthy
7284.251466543905,-0.30383834256466447,-0.2750746637125791,9.809421522786232,healthy
7289.266848166626,0.05724564930905784,0.32033920753395284,9.754214805358728,healthy
7294.258139226941,0.30975782362190674,0.027074182747267903,9.917750321918815,healthy
7299.238421021667,-0.18863264099886792,-0.25745998874578463,9.868978709938647,healthy
7304.129789680414,-0.02088779799422566,0.014215302401205443,9.704277904277546,healthy
7309.093164801065,0.20908681556387115,0.25445827657724285,9.751228965371851,healthy
7314.077988795137,0.07960581448490556,0.14227051245449346,9.987272577299324,healthy
7319.115643762743,-0.00798868754150206,-0.13003278916501176,9.648963459590238,healthy
7324.110843039971,-0.13074819797287662,0.04114010418045931,9.856956802268183,healthy
7329.1055620356365,0.12657555547937066,0.22310599329746028,9.86369576426583,healthy
7334.11472197183,0.1959366548184461,-0.12938639594341966,9.916289417071562,healthy
7339.042253546351,-0.17471370444272927,-0.23438562068814664,9.711156362551383,healthy
7343.953639778845,-0.047311338548576276,0.10360338029621134,9.814701389632722,healthy
7349.017869271037,0.23845904696667547,0.3411533569987354,9.843508400090531,healthy
7354.085476524044,0.37078207474291036,-0.48933326217696016,9.875541718750096,healthy
7359.1228131075595,-0.23240133384344905,-0.10665908405485285,9.71343016306153,healthy
7364.116928736809,-0.1492039531799353,0.14168417038436643,9.729738189112098,healthy
7369.160614771342,0.4089589128684291,0.10715422278618392,9.807159405570525,healthy
7374.110018654997,0.05360147152306979,-0.36423311693276306,9.771408274394425,healthy
7379.109787995407,-0.2770239029831507,-0.10817261486609367,9.897481918684468,healthy
7384.086947569956,0.3669070188756519,0.10801100914480125,9.825889281810667,healthy
7389.075198589967,0.21230281298325404,0.03445371165889073,9.963558045792631,healthy
7393.988856379449,0.2737675946407182,-0.25918984628412844,9.745174172998425,healthy
7398.945356845476,-0.2659395147463329,-0.14420742074456366,9.76344430772563,healthy
7403.860370557526,-0.09055150150782315,0.45079592777238836,9.83092218881326,healthy
7408.903617007841,0.3034348245306856,0.08903532321362306,9.840195590572163,healthy
7413.859964752799,0.13463003085209307,-0.16213448570340833,9.8161819529547,healthy
7418.744936601786,-0.4496858895338952,-0.09618193631757445,9.830757279240713,healthy
7423.708800247219,-0.018546380915458106,0.26730974510865696,9.709272366301569,healthy
7428.697940512637,0.2243913681476406,-0.09982262344464096,9.812454237706113,healthy
7433.7948949421525,-0.04426541116771451,-0.2796045384404268,9.793837119319344,healthy
7438.731403264749,-0.1947270499138501,0.29396004161215356,9.747902616534537,healthy
7443.790723041802,0.10493854173868962,0.3103990263448939,9.859096009676295,healthy
7448.839214216746,0.39570240865442075,-0.044233923407668616,9.67920725111773,healthy
7453.843189195805,-0.12329677239334004,-0.3580974773805019,9.77634173505661,healthy
7458.812735287267,-0.27234815010094054,0.27909241658903056,9.654353311281586,healthy
7463.820392653469,0.2546344159086582,0.2902526042577195,9.808887440285357,healthy
7468.826487730577,0.32763719023847715,-0.13235668652134264,9.887905304415092,healthy
7473.769894785562,-0.1440902803847373,0.07800679906052066,9.781454094785667,healthy
7478.857418435171,0.05275267203353351,0.1649157122133643,9.827443836056561,healthy
7483.869141474016,0.30383405295304894,-0.04041267812591759,9.961236922280651,healthy
7488.841778737605,0.0759188110479266,-0.17648521348628005,9.837670171135871,healthy
7493.931203797582,-0.24000894372610926,-0.061646409401648554,9.805618382303948,healthy
7498.994727025392,-0.14584542371369294,0.3831470154405294,9.928393643788828,healthy
7503.943720481289,0.36209841188381564,-0.13335928917282125,9.87521676766322,healthy
7508.9636637086705,-0.04489857409434127,-0.49564414966200643,9.802619295903344,healthy
7513.967803839567,-0.1993797927358593,-0.07145770333268744,9.682540483999407,healthy
7519.039295441711,-0.19836141210407474,0.15979584867741753,9.695168166325557,healthy
7524.014353783937,0.29258879122119924,0.021238929876329037,9.83562817718398,healthy
7529.083250120731,0.026098871819196696,-0.31396558908474714,9.74127713177562,healthy
7534.071294230565,-0.36476190475633363,0.26949080949172105,9.819976698866165,healthy
7539.096335521484,-0.03190181959894808,0.13570656415555288,9.671918063405604,healthy
7544.162548854044,0.09737708476938381,-0.12549888218312139,9.78411275372768,healthy
7549.196924217648,-0.058145759902590965,-0.3954148713779907,9.760200803804564,healthy
7554.079960989711,-0.34168988541899153,0.05043790979147256,9.732656096076783,healthy
7559.0876867342595,0.11726289685472614,0.22119901469463207,9.824484613649446,healthy
7564.128061941134,0.03086111131176897,-0.31207457465690336,9.863743220862323,healthy
7569.091382123569,-0.14906527823324217,-0.20993319955018278,9.804501957862238,healthy
7574.031560519604,-0.09505956398216425,0.16331096738324452,9.695370681407843,healthy
7579.008548164669,0.26596247077345814,0.16624599480526106,9.749612793210414,healthy
7583.959598172026,0.1978596595863012,-0.18774597288860198,9.890639368577563,healthy
7589.073686688155,-0.19811976670833856,-0.37946908364113474,9.703878018293794,healthy
7594.053273344786,0.05646990208885472,0.15238572689102503,9.826967252481813,healthy
7599.09207649601,0.15330856989021152,0.016104429601035697,9.739571050262356,healthy
7604.117517428031,0.18495597426865135,-0.25919349833756966,9.919793736045264,healthy
7609.148341473564,-0.30786884165299366,-0.014582931807261154,9.812841843322389,healthy
7614.117374725316,-0.34974626016225696,0.2654127651252176,9.641664717469565,healthy
7619.038945368154,0.14421902549918098,0.09303914333588906,9.96698206352782,healthy
7624.072526659552,0.09932556056271245,-0.3581387576635908,9.802297296770352,healthy
7629.053111603237,-0.14427586655401087,0.027136191483602592,9.672542950320771,healthy
7633.983798833867,-0.18491591483584396,0.35116616449382826,9.816081573775127,healthy
7639.075954348983,0.3682933476374896,0.19279907934602677,9.814750250216694,healthy
7644.040511120164,0.13824629687112924,-0.10158077986034253,9.872520920165217,healthy
7648.985013781284,-0.1655357235857762,-0.10284090622837473,9.734328337857669,healthy
7654.004909194468,-0.10515553840063398,0.31343634155935807,9.921282502956085,healthy
7659.027403391525,0.31690186030760725,0.03832020770679935,9.83729303809541,healthy
7664.0068916910295,-0.0730062651319088,-0.24256462217369223,9.83468512317443,healthy
7669.027233379225,-0.43597427711931613,0.10993245385994388,9.711308997873358,healthy
7673.977807290186,-0.031681018217733066,0.1611576271988785,9.691854515941882,healthy
7678.936188993456,-0.05767813733041913,-0.1796549943771552,9.824154224383962,healthy
7683.922637287023,-0.09768842138665303,-0.3166842574877625,9.715561722804862,healthy
7689.025967259171,-0.24011138307436736,-0.22873905342662376,9.807896097321978,healthy
7694.106235190755,0.3231813616081542,0.1629936207817065,9.69443227760238,healthy
7699.053481637102,0.2944421768954802,-0.1424460142121041,9.9498741001747,healthy
7704.009118067986,-0.2691396841565324,-0.28340030933120786,9.833460021882136,healthy
7709.029678259409,-0.20489664082577877,0.1384251231081444,9.72346058271649,healthy
7714.023727886992,-0.06699272573708642,0.4232891462234687,9.935489331193693,healthy
7719.045465923846,0.2046885713384278,-0.10305738025138125,9.875955756325254,healthy
7723.996504661026,-0.07725648330236035,-0.048915053375855444,9.921044420813939,healthy
7728.9687856490145,-0.3456830818428325,0.11962389599066621,9.713509385831014,healthy
7733.913314317841,0.19129973419150823,0.09069980656140864,9.754899217987425,healthy
7738.830136591743,0.14309991269449085,-0.30359898957760123,9.836106400628095,healthy
7743.769541170017,-0.18314496286401738,-0.21511652186709332,9.69119420771059,healthy
7748.677953376781,-0.24199642910445426,0.2196193803143063,9.74125245595947,healthy
7753.716367358176,0.015987474864125606,0.25848341440108236,9.83926518668847,healthy
7758.6977477115215,0.07866705648161394,-0.20738477895721072,9.825221885247428,healthy
7763.683144857022,-0.36636582936809864,-0.055701597373385384,9.763402975902485,healthy
7768.674068306345,-0.344008766720613,0.38435319117255035,9.802144073962209,healthy
7773.738253056191,0.44628130075732675,0.20593272131241888,9.993074752501895,healthy
7778.7712689145055,0.050383643367820245,-0.14499011760743144,9.783879704326974,healthy
7783.842375312266,-0.12844151157706085,0.017361275684411728,9.788565127760993,healthy
7788.812988450654,0.2545411979087459,0.3308321542002515,9.749174826371384,healthy
7793.833191555045,0.09374212686381736,0.38712990368993055,9.938324762262381,healthy
7798.820910554327,0.03295211027860474,-0.22799301086612972,9.940782804696381,healthy
7803.697908159384,-0.22914134753509974,0.0507427616616746,9.817575757863937,healthy
7808.699993249358,0.2674594793812154,0.2766058823480273,9.83867650565438,healthy
7813.671476242428,0.25042816128573664,-0.1801630803102889,9.845527571292854,healthy
7818.646610072097,-0.12416781071430325,-0.31773723604782006,9.803336843549745,healthy
7823.630450842188,-0.24436993322887485,0.06345961699109837,9.940380399212001,healthy
7828.654231492322,-0.0808618720577737,0.18527040950864354,9.925420519047389,healthy
7833.6882639304595,0.08716602958475242,-0.1750493219155722,9.938668712774101,healthy
7838.670087141216,0.036600393527620984,-0.106590070442852,9.680668251301862,healthy
7843.582751753869,-0.15931854691739078,0.09315704338344158,9.698132619245783,healthy
7848.6454923538995,0.07219825241038151,0.09712187597770702,9.811558992124683,healthy
7853.70771907594,0.15847907268749956,-0.2497738466336278,9.715789436811962,healthy
7858.755600131256,-0.22432735572064635,-0.16238371732071635,9.82825651917738,healthy
7863.763590350933,-0.18494646018639016,0.23145127138544938,9.721141187132268,healthy
7868.783888082583,-0.012532283292580187,0.19738637877837228,9.86569543554309,healthy
7873.769868343134,0.25368886646178185,-0.2395797229395924,9.920168391856102,healthy
7878.717075789764,-0.39365256166290563,-0.1517632492388676,9.760387039863915,healthy
7883.691060130103,-0.11101090986146851,0.43348358454075503,9.671240436694756,healthy
7888.734794763867,0.20243192654197392,-0.12477522174473023,9.966273908889693,healthy
7893.737199642534,0.2275905444950838,-0.27776206191085895,9.791597650506368,healthy
7898.76171351997,-0.06748477251137683,0.06450084507885863,9.941483225595789,healthy
7903.792583783518,-0.004216824488443252,0.06742969763130385,9.695611135409285,healthy
7908.834357490773,0.08022533753675515,0.01054139431869263,9.893498384041582,healthy
7913.855900773727,0.29480168115260963,-0.18091130770208508,9.849727542749081,healthy
7918.908676399148,-0.17293440003286167,0.01699577524654393,9.715067867263814,healthy
7923.885291626486,0.17151036052001795,0.1732306056941317,9.819754142974757,healthy
7928.947989749889,0.2732670298163504,-0.05760798278923592,9.981639071348463,healthy
7933.8533398133095,-0.0023185010944123535,-0.18894223657086032,9.907308548697163,healthy
7938.847165710634,-0.2613582713299705,-0.048258692726908636,9.778535920443328,healthy
7943.865166163581,-0.03118065296130415,0.24978482750641773,9.966648436431077,healthy
7948.871292650086,0.3325156713063988,-0.18572426626416133,9.854931523417775,healthy
7953.901865155097,0.10066109862902609,-0.04405763289285533,9.847688611495052,healthy
7958.9604916999015,-0.21976588674383152,0.1048063706181227,9.739192029399504,healthy
7963.906966230529,0.18609698100180833,0.04720828574714794,9.947558036841665,healthy
7968.851508884544,0.31211353848768736,-0.2868488399504785,9.7879788849834,healthy
7973.945060616168,-0.012106730340056326,0.07623970620168696,9.758662347032876,healthy
7978.986091161191,-0.0842515192957912,0.2088742340257731,9.806103082251305,healthy
7984.028240096484,0.10693335549176172,0.39451251799444603,9.818143691061263,healthy
7988.98011282617,0.4568917497274117,-0.15978223092989172,9.89496190889958,healthy
7994.023554842249,-0.40410184821504735,0.045178759110087285,9.77422458582534,healthy
7999.0629020113,-0.30438201716853697,0.23291421997152145,9.729043046941685,healthy
8004.067491386221,0.46561805120415906,0.11923833943936471,9.789030182049151,healthy
8009.022788062158,-0.04529106777158903,-0.19381791582530286,9.860050582902037,healthy
8013.965057805183,-0.3713420881933255,-0.09485740704864101,9.792304260164634,healthy
8018.982276420226,-0.023584614870920322,0.14814367029547387,9.835854141938837,healthy
8023.927231131962,0.20755460798331446,0.1607314979633143,9.9287626297709,healthy
8028.926772984386,0.21686553739254036,-0.2830794174313127,9.828211654038174,healthy
8033.968732285945,-0.5478620936587343,-0.003918714659682751,9.69521914140127,healthy
8039.122678327125,-0.05865268692734055,-0.015014935154245429,9.759347661964423,healthy
8044.044544078668,0.31367730918765696,-0.1741925965089789,9.868350321547224,healthy
8049.096102014266,0.04125402397047936,-0.32773994368598436,9.872308247088414,healthy
8054.037684053231,-0.26754254023420804,-0.034029899832318494,9.862580657021892,healthy
8059.066911933668,0.05847965259307282,0.23025673898554289,9.7647643901162,healthy
8064.008459204645,0.3339650290851453,-0.005309996632929165,9.8489126109602,healthy
8069.037526985016,-0.1148258760806847,-0.10079066320220509,9.866996090555917,healthy
8074.1761604557105,-0.07028004742578844,-0.18003989632614134,9.74938200860769,healthy
8079.1851696398035,0.24686058318853338,0.2031059376245093,9.701180719987264,healthy
8084.192531772463,0.33223510599484907,0.005796413540402778,9.977379179087567,healthy
8089.247208504096,-0.13994790941713903,-0.27891287225110134,9.745661539360432,healthy
8094.2167928667295,-0.22957956478911712,0.04680702294091835,9.808499950288182,healthy
8099.292194846614,0.13887290335439806,0.21088230058558283,9.904758348297644,healthy
8104.272506649735,-0.07124174071806522,-0.1937258847271508,9.88399188421931,healthy
8109.213791425925,-0.32285553951658696,-0.054325091868493394,9.747503851812334,healthy
8114.204049252081,-0.1690378627733554,0.0673082752962969,9.761456690711716,healthy
8119.258382980068,0.0064398131877689835,0.20250923260861534,9.806185855026408,healthy
8124.314812018676,0.12190060391432302,-0.28457497462248615,9.781040841764915,healthy
8129.291713427197,-0.34319995981702045,-0.2738242731633861,9.693285061707885,healthy
8134.323484091327,-0.007044327004572526,0.16264487151997153,9.89900126874486,healthy
8139.29401362064,0.29099529128970014,-0.010848952007141435,9.777975701624229,healthy
8144.17366348968,0.04916982481809488,-0.513009343008293,9.843596344734543,healthy
8149.241234409834,-0.09555217335625923,0.014705148340487088,9.82958062681593,healthy
8154.229138975584,0.05978689504835175,0.23769208662843166,9.743656724927277,healthy
8159.2496921499505,0.19585681520999793,0.015641610146541314,9.824501895449735,healthy
8164.2237008034235,0.13240198324643476,-0.18125778246413027,9.838602203077393,healthy
8169.226181587163,-0.2943165454165788,-0.12075824094424419,9.761079326328604,healthy
8174.198828007988,0.07568442813804402,0.22322220212750563,9.810921921294245,healthy
8179.220623869644,0.35409100235350516,0.011456067004872894,9.897828978750548,healthy
8184.175796841425,-0.088976319245888,-0.08731971789550941,9.74070101668847,healthy
8189.134194079793,-0.28381516950908586,0.08582442358260432,9.637374386962007,healthy
8194.18179870917,0.09858116479499579,0.10128234813863651,9.80337921324729,healthy
8199.217184468518,0.36579952203564997,-0.05441694640062998,9.844261559374454,healthy
8204.180168029818,-0.26881674361952623,-0.2041333095825622,9.755620298235353,healthy
8209.130747640542,-0.1689579678396614,0.03068904088938862,9.718999685041172,healthy
8214.123627191708,0.18580628476809563,0.27078139290923425,9.864056184284527,healthy
8219.101702118205,0.1856508661686276,-0.3704861678032261,9.887452244992907,healthy
8224.048733613105,-0.41874595232955863,-0.021180819708975313,9.701691679444748,healthy
8229.086048305082,-0.422825072271362,0.2945053849788025,9.857845771286858,healthy
8234.109920412931,0.2700412866056744,0.008614339802828247,9.856513412981323,healthy
8239.1305733918,0.10703652198224842,-0.2180187676869113,9.76019871889812,healthy
8244.134542370557,-0.42901858985736796,-0.06504131383417713,9.708830786429777,healthy
8249.078039759333,-0.17095154713865607,0.0685795534596026,9.70607912033011,healthy
8253.984430195937,0.1468220668424821,0.2054441651749206,9.902561375742206,healthy
8258.91008232965,0.1269393081072284,-0.2276529106904991,9.950765941208026,healthy
8263.798718479691,-0.1446976485065668,0.1702483411077751,9.711199280517171,healthy
8268.744441460001,0.044087952268843024,0.18647096680514894,9.907404602145817,healthy
8273.791566861539,0.35655674949802446,-0.03229229611689722,9.896732942150212,healthy
8278.754685941543,0.05516214134061066,-0.13441293143758454,9.788740214275942,healthy
8283.78616611896,-0.4612496280343086,0.1560805780248517,9.779011833706816,healthy
8288.810020673407,0.013072385563384383,0.1448419077285427,9.922525317032411,healthy
8293.721480811568,0.04847008560902255,0.15213630519067328,9.975376511024798,healthy
8298.774907288278,-0.009478801308477513,-0.22800986457979805,9.752142514203912,healthy
8303.799953901584,-0.25672879609232135,0.062159898314530226,9.82724213623246,healthy
8308.752891166834,0.2825687369399458,0.14216707322471317,9.834028903195813,healthy
8313.785618556753,0.287512071301188,-0.10946187426547455,9.86910737405335,healthy
8318.82787927852,-0.04404996923160612,-0.07944781268974632,9.932140370899583,healthy
8323.84780206946,-0.20134522890284196,0.005971472001076103,9.961110805661475,healthy
8328.898761979228,0.11502673825047827,0.2312978231053603,9.801837826572331,healthy
8333.914319166985,0.1667413505823653,-0.09932706020625867,9.735980783136423,healthy
8338.968844137447,0.2895887916668183,-0.13487206572873925,9.888556557608707,healthy
8343.974343844431,-0.2032318113270701,0.12131478925701761,9.616833304070248,healthy
8349.033725579779,0.12838826632387804,0.22603766073442502,9.86085495216665,healthy
8354.133353527726,-0.02797555809715105,-0.19379395141563888,9.77736851535888,healthy
8359.106275341288,-0.25671531650780455,-0.23792731493878788,9.672944212304978,healthy
8364.227750892866,0.13000789894943596,0.3344493091512127,9.700723053119445,healthy
8369.211189374328,0.22877096377773504,0.11771056863311785,9.83816754937544,healthy
8374.25800148961,0.025997951389580137,-0.46160741076999096,9.864243736298679,healthy
8379.18624200529,-0.09372857020089012,-0.18243560185360486,9.88276165647496,healthy
8384.170332571945,-0.27253827286721327,0.02852788689250263,9.968588607225216,healthy
8389.190008966994,0.27656579936936776,0.02630978199152916,9.953679324522659,healthy
8394.211956342842,-0.11220686840988542,-0.2901323661870131,9.832999877894865,healthy
8399.360478277034,-0.28641140153133837,-0.0871683572717166,9.58561062466301,healthy
8404.36291131341,-0.12220607779296569,0.091141001176298,9.862028228464258,healthy
8409.340471256546,0.27055652860823354,0.011426463383920796,9.757519463740218,healthy
8414.355351800972,0.019920110453021132,-0.0987364782860028,9.820282368062735,healthy
8419.389466765197,-0.2862661828505222,-0.0563890353518299,9.65259315930803,healthy
8424.41081838894,-0.00116839323947604,0.6484741305252364,9.81294051651333,healthy
8429.374449024588,0.1914770957170314,0.10364909434363495,9.778905190504764,healthy
8434.321063733683,-0.2740881986000273,-0.2311519964850996,9.8895036295049,healthy
8439.373567601442,-0.36630910783215753,0.2664164622584424,9.731344023997199,healthy
8444.309597455458,-0.14381090583708755,0.2664055363798465,9.819788154437482,healthy
8449.253807130704,0.0014218048540800832,0.048122653351749395,9.829110335145836,healthy
8454.220060761618,-0.23797598339377746,-0.29810432791348584,9.701111032578844,healthy
8459.209752256605,-0.38517381900239533,0.1465650156626655,9.7485044989608,healthy
8464.215402572305,0.1608781132608656,0.35200458596372197,9.897207998010801,healthy
8469.193129885147,0.07020202842158159,-0.30490989399048146,9.85635783662558,healthy
8474.132866386024,-0.25361260892830845,-0.28812593873674336,9.853118401390258,healthy
8479.161031772452,-0.08691764630073082,0.39877971970266723,9.672512865734008,healthy
8484.181097942303,0.2866495870410685,0.24273397485255524,9.70760976604756,healthy
8489.168594778403,0.13562833653848244,-0.034430846159700934,9.862893735375964,healthy
8494.074636954025,-0.007826592606522298,-0.0894792622171114,9.649389386967664,healthy
8499.146731361085,-0.09595552618013455,0.30216403996969604,9.68068669188336,healthy
8504.167301146079,0.1995679843991326,-0.05139001018193293,9.811563057931375,healthy
8509.223578543846,0.06732295186445028,-0.3974171291510613,9.795589566886125,healthy
8514.193200771486,-0.1740794166341284,0.005761946450826318,9.770869647235203,healthy
8519.189684057299,0.02310249753429034,0.22145664232305737,9.76504065893286,healthy
8524.183190564496,0.28759723494913214,0.09158542158468767,9.833255514255569,healthy
8529.181549073088,0.0015308959050735786,-0.3636539773110376,9.938809571727516,healthy
8534.18386463538,-0.38709141096028876,0.1392006538824005,9.792614526124842,healthy
8539.217134600649,0.0627155383560078,0.4028216560193769,9.792169912465956,healthy
8544.213680250192,0.10137249034191914,0.05869833272691464,9.902542972542077,healthy
8549.22339825837,-0.2533209723224026,-0.18152018537146036,9.796986533772625,healthy
8554.209935592908,-0.4294086837888409,0.46717756941471367,9.962720911903673,healthy
8559.230009911387,0.05565926278277263,0.18943222055526793,9.845371465520937,healthy
8564.17169904525,0.19442276868715305,0.06201267910757341,9.69362919909294,healthy
8569.200945573331,0.0097114491946301,-0.24024532404981763,9.86750218946969,healthy
8574.163915796342,-0.16931801064126925,0.08380211238891311,9.679899767783509,healthy
8579.15647181338,0.23922526931001337,0.2563683946925311,9.91738690024722,healthy
8584.151509015428,0.46251641225719226,-0.24779676294876474,9.975406057991949,healthy
8589.100875492803,-0.0023493226146322765,-0.3938263754030117,9.688969825897715,healthy
8594.073598549168,-0.1491947219253658,0.3606150218886365,9.903602585321183,healthy
8598.992473169186,0.19032724701043474,0.1528458786885989,9.777289689033596,healthy
8604.032843560495,-0.10567207051801342,-0.20747753679783784,9.834032895164654,healthy
8609.03727201487,-0.2448145881308742,-0.19720605918254658,9.873490392663165,healthy
8614.057066818134,-0.1015244104447331,0.3263040681133544,9.828823169129059,healthy
8619.00785819497,0.28851033767669587,0.06675901258548117,9.847913166185995,healthy
8624.066173241934,0.19775310656951867,-0.15878539065935754,9.831308889352224,healthy
8629.064930500175,-0.4348524128937047,-0.1024852989530643,9.58947331136785,healthy
8634.053242393506,-0.058641196120253106,0.2788719272854937,9.727002863965298,healthy
8639.05419290316,0.10566930277504677,-0.10708074916210261,9.977788255920998,healthy
8643.964811782127,-0.283017369553761,-0.20615524658506487,9.722103578859189,healthy
8648.922000046325,-0.21490771904649164,0.019801724957358054,9.873835942990173,healthy
8653.830982712374,0.11629393552483908,0.3667184086397924,9.921382139962532,healthy
8658.881037470117,0.19189717271369744,0.11565546926520952,9.83139867649912,healthy
8663.914170728944,0.003515918328683443,-0.232770072513617,9.851527478544115,healthy
8668.939815395872,-0.31776470405020146,0.045487021493352736,9.826418596807647,healthy
8673.961982077148,0.012379181507702439,0.12211213559870325,9.777705301270698,healthy
8678.849385932619,0.3128925282908302,-0.051601633629583143,9.763516748519459,healthy
8683.830306885082,-0.1482757400185417,-0.21394535813159937,9.838639880923353,healthy
8688.817918742649,-0.14631070295892062,0.20806790588793558,9.67740546218341,healthy
8693.891065824982,-0.03564979253954015,0.18380003692384117,9.830754434191217,healthy
8698.920187245978,0.1280208580363923,-0.05199959837941606,9.846095292331936,healthy
8703.990155013384,-0.1296112428151649,-0.009705029324873826,9.79294870632931,healthy
8708.967133960663,-0.2654198854797482,0.43677313224300107,9.572149437456382,healthy
8714.051992332352,0.11520082243110702,0.09283597038987679,9.91221126041031,healthy
8719.10335018969,0.07857816251479609,-0.06312521814378605,9.842940572325228,healthy
8724.142344152657,-0.16279670653246991,-0.11894981305932775,9.60785136036223,healthy
8729.15411453207,-0.08989081235568447,0.2573725019778571,9.943404421168346,healthy
8734.16420405831,0.34284283347178984,0.21469714403392584,9.852931177131392,healthy
8739.218620025575,0.2749177400510567,-0.2113468516132884,9.810844705789473,healthy
8744.224084680984,-0.2674479773196386,0.02610381559474477,9.706718772310829,healthy
8749.279082609006,-0.05399629670486633,0.21451491400954753,9.832587812799503,healthy
8754.26421680377,-0.0030370996738669775,0.05823981826614656,9.936897235543704,healthy
8759.204016069372,0.15178987418248135,-0.2730385517477491,9.938838961272547,healthy
8764.18044437673,-0.4358803166039398,-0.07828959480175582,9.73048992453118,healthy
8769.208564093555,-0.0581200637589836,0.1968648590712712,9.70296482964404,healthy
8774.154506612653,0.2163697334143928,-0.023362717641679704,9.867914905849535,healthy
8779.173755990481,-0.1774774116575751,-0.23386895611019506,9.814263547867402,healthy
8784.077013036152,-0.12891146311328236,0.2487776287090051,9.646720996389725,healthy
8789.043488174442,-0.30982328725926284,0.31732023922460306,9.828989941106299,healthy
8793.996308482474,0.367827308157332,-0.1881439947517824,9.814267527769246,healthy
8799.056535159247,0.036236206757858345,-0.3815672875025361,9.87251470781365,healthy
8804.046839660192,-0.027953999488442904,0.03699913284335506,9.91750039938517,healthy
8809.001449307943,0.2551299791899943,0.1279935129014032,9.798798474029821,healthy
8814.001088454259,0.10478538468013379,0.14821125721978645,10.01697357616234,healthy
8818.945976016683,-0.07106547451343084,-0.13240078038721817,9.761712304551818,healthy
8823.95923157916,-0.42308739750085966,0.3641235693034538,9.801619072917633,healthy
8828.91020787028,0.03761942615696738,0.25810673163014514,9.882424298526885,healthy
8833.908795943207,0.13878202592000705,-0.07766592847457439,9.913688165213387,healthy
8838.901458267583,-0.27229035983750366,-0.17417744312697284,9.81837353938535,healthy
8843.899813728247,-0.21262780767815034,0.07871877749030094,9.876927141072445,healthy
8848.865891746742,0.14929677752963724,0.06378607687117548,9.797509618867537,healthy
8853.879581217181,0.03917929699242438,-0.05111157020482604,9.814608062747462,healthy
8858.879005537136,-0.24311183946046327,-0.3220836990005289,9.676803214098664,healthy
8863.845398205029,-0.047111668124684467,0.23577732898364231,9.639659880917382,healthy
8868.869424641663,0.10033956702360183,0.15530905081639915,9.695536898990353,healthy
8873.903557199363,0.08673953295722062,-0.27064300530169927,9.95591678981845,healthy
8878.873316623585,-0.005501130438416824,-0.015938893791798053,9.642346597553193,healthy
8883.892001136137,-0.396812104735268,0.21425343806840014,9.726184558380803,healthy
8888.846532082427,0.18321109740121788,0.047480965178471606,9.839911787571657,healthy
8893.809185772578,0.14763621949681788,-0.3481240605709515,9.611490924129043,healthy
8898.81532367616,-0.2270259359988015,-0.08336781040651073,9.61043446626836,healthy
8903.819020287545,-0.15962844413855326,0.198503608152255,9.683826133358158,healthy
8908.924322078796,0.356105131993975,0.09292661416759639,9.889642760107181,healthy
8914.019241191823,0.2348442521083396,-0.25861937431293447,9.893099891863072,healthy
8919.118922788124,-0.33816375062820175,0.017859066550760368,9.805993513948849,healthy
8924.132547913377,-0.13348833078368272,0.17125417027381915,9.76232976688188,healthy
8929.143528773784,0.2607197864185681,0.14136193349265627,9.85193107459618,healthy
8934.093958500998,-0.13418189917010145,-0.3765658358155754,10.063178771474558,healthy
8939.017768469796,-0.1494053389473029,0.04817244990039855,9.776127280445682,healthy
8944.057980654792,0.06351386900117388,0.20036600837967053,9.790290088021493,healthy
8949.045000638773,0.335878553600725,-0.075672612678415,9.914378491569941,healthy
8954.000759149903,-0.007856283843391404,-0.39353872972027204,9.722167290150518,healthy
8958.996897237883,-0.11252321798355806,-0.06215120980955649,9.775860240786574,healthy
8963.989354327961,0.20824157524494494,0.24351297451710252,9.757420943978966,healthy
8969.005416461863,0.05693385409051441,-0.1447044895671782,9.908070225226794,healthy
8974.037557542024,0.014028627564463297,-0.1820552765744957,9.730075035274991,healthy
8978.957836256017,0.14830496119342068,0.04059839262347331,9.99617801235956,healthy
8983.891988472807,0.16660230734455425,0.25054878424668836,9.794908194379671,healthy
8988.81905060323,0.1541551584139698,-0.4971036756269772,9.941607278191789,healthy
8993.84827843583,-0.26144775211872523,0.002584528813856818,9.692117188732377,healthy
8998.82651346449,-0.10473396164996401,0.11286684141955147,9.81973492422758,healthy
9003.752912251051,0.13815495248728715,-0.139508703480748,9.845882333634188,healthy
9008.782911986607,0.38608295684376803,-0.4746537328102385,9.797925933013566,healthy
9013.771846648433,-0.06184891938371634,-0.2236543842373817,9.6846039615403,healthy
9018.75550760382,-0.18407400176193106,0.2782192005028498,9.817319030685853,healthy
9023.748831464789,0.27388913590091496,0.057249781232155,10.00277745281951,healthy
9028.81646070173,-0.044243079451595654,-0.17405851148688886,9.885194355173837,healthy
9033.793205904474,-0.3261236448031616,-0.086835861259119,9.749497464682438,healthy
9038.780928130209,-0.0024303211671375573,0.26643952400683507,9.778455301780841,healthy
9043.713607564841,0.24736857274353588,0.13076236991588966,9.97880154405078,healthy
9048.736505712459,-0.058956175921954436,-0.25776000949388167,9.876773123536315,healthy
9053.75604391063,0.08257779760036851,0.005997764069730724,9.83862811566277,healthy
9058.72338748256,0.05194792038742642,0.3385980121650516,9.819021641585474,healthy
9063.756050406468,0.13972556278163584,-0.04859184876624594,9.923414762894238,healthy
9068.724697495878,-0.04846278424062935,-0.06222813335244484,9.788538243542778,healthy
9073.699823202922,-0.07044402493737939,0.1308819703277922,9.792969686110169,healthy
9078.654439758644,0.22283062747651813,0.09641009272165993,9.842945845737939,healthy
9083.730321394367,0.08006410289505786,-0.14614749659520726,9.789379397035287,healthy
9088.681243346015,-0.10337028093742284,-0.39958690677298847,9.788448900115522,healthy
9093.717324994763,-0.33282896092056535,0.19229031236516442,9.737858210190407,healthy
9098.603386912382,0.3959463199532522,0.21677075657501385,9.826844761594153,healthy
9103.611396257258,0.10360196965409868,-0.030815467258737295,9.869996042211035,healthy
9108.58206780654,-0.17131030793650273,-0.15657963903849006,9.744696430313994,healthy
9113.493544645995,-0.12145525148894451,0.20579528102941935,9.741164417258288,healthy
9118.503497293808,0.2841651989525408,0.27320016926867885,9.710317317331993,healthy
9123.508085596848,0.06819037377661348,-0.30312887925000964,9.864902255374723,healthy
9128.431072961981,-0.38904225081906574,-0.05827705585472327,9.716259045186968,healthy
9133.417300160769,-0.1597202899165426,0.2833142038321221,9.854112561428451,healthy
9138.460166490675,0.20475909516577107,0.20713784325268214,9.783408429767698,healthy
9143.399154814064,0.0691733467071645,-0.2400738341729116,9.889465693397238,healthy
9148.413043528475,-0.36606064402936667,-0.13428895383078326,9.757886356420672,healthy
9153.427332782676,-0.2683896008453964,0.354070956140986,9.887062319167171,healthy
9158.39541165543,0.14365380019247223,0.12227414015491495,9.83583482334476,healthy
9163.346618363501,0.12095607771999739,-0.31870787066730627,9.82157950484254,healthy
9168.397095595805,-0.12307324279988294,-0.010418881095241271,9.623804033780635,healthy
9173.423390192853,0.18097846980234086,0.20111606406061439,9.876673449381563,healthy
9178.420757131955,0.2728316658093531,-0.052426650119033455,9.86196248834491,healthy
9183.499804301426,0.0827269636714187,-0.11718340505350278,9.797452069208475,healthy
9188.49794990279,-0.09417067680916877,0.2112258783868329,9.72548140362029,healthy
9193.449929077107,0.01712133237570694,0.22093139763792524,9.78575555505942,healthy
9198.476458171648,0.32627995583278313,-0.15093835669240585,9.936862913480493,healthy
9203.350033604745,-0.007341766626949353,-0.20444323421985866,9.836307694252262,healthy
9208.409969989814,-0.2847976881802126,-0.02224015366133346,9.754551050457962,healthy
9213.477746518436,0.22694353612666202,0.2259235232682149,9.846237308820102,healthy
9218.462613904854,0.4162013458113884,-0.20762094453458843,9.828551890629193,healthy
9223.456636158558,0.04050067376204744,-0.0967590800865945,9.903053811671533,healthy
9228.375917517315,0.12188194984722242,0.18515274331683193,9.72489139885254,healthy
9233.408729231562,0.12346791032554158,0.31883346114030386,9.842817931697056,healthy
9238.421090576892,0.14694454824684372,-0.12376390839757692,9.780473523935123,healthy
9243.442097794208,-0.1531538588975172,-0.15960996376616599,9.901976277938697,healthy
9248.363383084446,-0.05658290179688709,0.091108490470007,9.685545590565656,healthy
9253.28586428777,0.3317907981214374,0.2637165284510589,9.935489457258607,healthy
9258.298097537358,0.057357470232967,-0.17023842428922017,9.945595660253838,healthy
9263.315827297658,-0.22319244993772336,-0.2635100436987614,9.802161943210642,healthy
9268.380095800674,-0.125075570302186,0.09971305326166968,9.896648231337194,healthy
9273.249867015964,0.1648490983559558,0.12345588031146101,9.879079998586013,healthy
9278.229203021234,0.20217650608549603,-0.1659537268392253,9.685141313215679,healthy
9283.18095424189,-0.3080888959090372,0.13979698757243061,9.70252365938037,healthy
9288.271091222718,-0.07921637112871814,0.19082616898650862,9.81115075492146,healthy
9293.32087409933,0.3595717097709383,-0.06278664271169626,9.950524394514543,healthy
9298.316003884376,-0.13026408638672132,-0.17080509815684264,9.81422906982557,healthy
9303.273619054205,-0.38815814443538066,0.22165473350745754,9.757596418525475,healthy
9308.202907885336,-0.031520865370920574,0.28786464319625293,9.704468096818395,healthy
9313.168513191033,0.1263879544451894,-0.17955019805657932,9.692830628144584,healthy
9318.235502065643,-0.24720517456254104,-0.23560917056884578,9.758234923589175,healthy
9323.194658737779,-0.12855452329127978,0.0836930727623169,9.771064475179251,healthy
9328.235159527898,0.1574074365254737,0.29846030362543163,9.63701231885852,healthy
9333.298121346965,0.044040342919227704,-0.1194725215757242,9.977984368354782,healthy
9338.307276497622,-0.25144469931243824,0.11885669607040425,9.756754884657669,healthy
9343.34039078779,0.045241052010608684,0.2392311480814041,9.625247304519473,healthy
9348.357875309337,0.10370685443287952,0.2947882987210244,9.846470429083624,healthy
9353.368336693062,0.370779312583989,-0.09493428104746614,9.796379443488286,healthy
9358.409359152318,-0.24140063588527289,-0.1502760760352189,9.75982351725351,healthy
9363.416148298493,-0.2272868382164039,-0.01742033247137159,9.793433578427823,healthy
9368.433870143232,0.15669535590320532,0.19109735685935286,9.803904412453132,healthy
9373.389774684512,-0.07741704197228447,-0.25815574441282846,9.809839514310848,healthy
9378.441052676553,-0.2037311935444298,-0.001319411950491095,9.739379001937507,healthy
9383.401232810622,-0.2774248687259377,0.32628309883737217,9.914142035045717,healthy
9388.33221636242,0.17459312215365405,0.11497787874046628,9.890566561188924,healthy
9393.31505742194,0.3916002094337151,-0.34778792439004397,9.795500637720368,healthy
9398.358123343874,-0.34769188130789924,-0.1837729035604274,9.762934298661216,healthy
9403.428249321565,0.059095617811949545,0.3142133748922513,9.88291321046585,healthy
9408.442713909484,0.21622242922460871,0.20892274253039936,10.06997734266606,healthy
9413.449038540832,0.09003172152790652,-0.15508078109129744,9.83163563641144,healthy
9418.390796412648,-0.20313145503481916,0.09289470531188854,9.777806206384522,healthy
9423.4145676289,-0.0602580895200532,0.2862140731161015,9.874752708740703,healthy
9428.460633661643,0.19902729428535004,-0.06309500122447687,9.86070075685583,healthy
9433.536476916093,-0.08278717426004856,-0.08699009095234334,9.970023688225993,healthy
9438.53320265799,-0.21519423540271787,-0.08063081750071271,9.640946818543625,healthy
9443.59183978702,0.11491731168993483,0.029126715469908332,9.908971832059281,healthy
9448.617570705754,0.28375589100327286,-0.006973540444729476,9.931636710516262,healthy
9453.637908058903,-0.028100764742818085,-0.18504646828114985,9.79567639085039,healthy
9458.61722871481,-0.16585368095911993,0.17737127197902433,9.785546655980596,healthy
9463.65848838262,0.08876157820565322,0.18585827539604358,9.952447068487034,healthy
9468.700615480026,0.12706084775245569,0.02728685760851693,9.810876369863463,healthy
9473.781153216201,0.01468416741264561,-0.3691904538296845,9.60967940995475,healthy
9478.826540348573,0.0625000582161716,0.15173469465101957,9.838997377739553,healthy
9483.844715147214,0.13461040929638377,0.18423370493438598,9.853721634740731,healthy
9488.909514361678,0.1641198853380652,-0.28236978750248554,9.851229446898863,healthy
9494.003531774939,-0.3416145256003666,-0.019844796855785496,9.869102393065415,healthy
9498.945918746807,-0.05113997544659416,0.07245537878549255,9.768493972548347,healthy
9503.926500447653,0.23304903620065048,0.017294910260718915,9.934230008658272,healthy
9508.96254451431,0.13441869354467723,-0.2573712149405177,9.764519938490013,healthy
9513.914631914964,-0.372870611304154,0.0643952951985407,9.738011232887308,healthy
9518.908007800961,0.00966252121583161,0.2179778391258572,9.914111248263072,healthy
9523.90882764746,0.2655889296588828,0.04685506350715878,9.798747757295478,healthy
9528.9126150794,0.08335675155721328,-0.2706030636100609,9.696462071709833,healthy
9533.98910106518,-0.23487434117558736,0.03714460121193576,9.76019616446705,healthy
9538.863807197917,0.07520699954701707,0.39906775852815296,9.972466569949779,healthy
9543.862621261735,0.31737805944997893,-0.03680902790303127,9.908179787683341,healthy
9548.847809274044,-0.0929061470764991,-0.4048895116185408,9.958730180985677,healthy
9553.809461415956,-0.39451035177698224,-0.24010677181981202,9.832175802542903,healthy
9558.787864399243,-0.044088194388086296,0.16279494775007006,9.893514382161213,healthy
9563.805050086876,0.28760607060858934,-0.06694369671623995,9.870191113826756,healthy
9568.844404563497,-0.11728756121345565,-0.2699944975694749,9.801967868828653,healthy
9574.019229584817,-0.3592116316439571,0.07338594518454628,9.896635024064938,healthy
9579.014913936753,0.10180433334545608,0.2448086665868774,9.822270789927911,healthy
9584.012890572922,0.09554713360608515,-0.3234112271910075,9.84679920362437,healthy
9589.054682200423,-0.03770212851448018,-0.1354092726786305,9.77711119375909,healthy
9594.137800470431,-0.15329621484549066,0.30010891106367493,9.74930281424317,healthy
9599.126272055284,0.08107301767584744,0.28178824725963936,9.897190215944914,healthy
9604.11138652866,0.13441854531637631,-0.5219253768945064,9.708248357828538,healthy
9609.118335068964,-0.2266977230708602,-0.06602820508950315,9.811243958326463,healthy
9614.169754064189,-0.29738666781015716,0.34394815079554153,9.96284454381231,healthy
9619.162153469313,0.032737440810356705,-0.12060516827037954,9.873009616202499,healthy
9624.107291569482,-0.03076627796710607,-0.26647300248014616,9.977384919592799,healthy
9629.109533632769,-0.1432722845615707,-0.15756436466834653,9.645279688130318,healthy
9634.047731796278,-0.13447401101206247,0.20872376151852762,9.762227838054043,healthy
9638.991626125933,0.26477121977561,-0.08969136887717755,9.75513632730409,healthy
9644.006220210807,0.23735454627151675,-0.2416202270048228,9.861794126753088,healthy
9648.985577692998,0.03846508909084739,-0.2543312008339052,9.843672302166953,healthy
9654.015307061987,-0.011478506321893874,0.35182227776987246,9.842401411474283,healthy
9659.061511195849,0.33931942956838895,-0.04941953772895769,9.920542832957823,healthy
9664.051614865957,-0.21922750801862256,-0.011963768099532507,9.727078762052983,healthy
9669.042349675601,-0.3339422807511758,0.043168781043901636,9.937576647159778,healthy
9674.002499051765,0.10594272033818647,0.39484589071443676,9.811040675633128,healthy
9679.070638623401,0.17998857852049438,-0.12712864139036562,9.829260309399125,healthy
9684.096909104486,-0.09286678906944612,-0.16093522508069702,9.740118291456499,healthy
9689.033590018718,-0.10863631288348985,0.041797306570340226,9.698026937440797,healthy
9694.03123703776,0.03430031914105393,0.2647303084113482,9.792518713793914,healthy
9699.023643541228,0.14945173612910562,-0.13261895254246242,9.834278551466767,healthy
9704.014487487599,-0.20103428118911998,0.11855094572218916,9.693855291994977,healthy
9708.988956510517,-0.35417714432790554,0.27486814892465805,9.876133052342654,healthy
9713.881696944847,0.2004693036928859,-0.08306602318276274,9.989568124783164,healthy
9718.94299284594,0.14693256849047714,-0.07600890810527149,10.047202182773903,healthy
9723.898336221968,-0.2018494990734977,-0.28380779081799923,9.685855061046182,healthy
9728.902004102754,-0.08035133443493982,0.2024378406170116,9.652304451995057,healthy
9733.892712312962,0.08862269504243987,0.05821677772722353,9.790909364522463,healthy
9738.874932492625,0.0758320790316934,-0.2280694019532756,9.735047521983246,healthy
9743.88333258972,-0.19850528358625777,-0.07288510877022972,9.751740331331114,healthy
9748.790062979744,-0.03518434811188373,0.19862032468700547,9.72440296790355,healthy
9753.840545296867,0.3693120106664647,-0.07158413867649689,9.779030490833438,healthy
9758.878470451604,0.030816307348148386,-0.13696575841058523,9.86760620007963,healthy
9763.965677338758,-0.09304581580654789,-0.2174058897522647,9.814425478055487,healthy
9768.967560241921,-0.2966842738349805,0.17960486087642472,9.830290690152871,healthy
9773.943961444445,0.38432262530178274,0.10778652959553128,9.783413613246875,healthy
9778.995610350767,0.18608337887795676,-0.320417697697164,9.843843488075779,healthy
9784.086122090026,-0.1301276584136735,-0.0670330300630362,9.656442620723364,healthy
9789.087510928997,-0.037501799762696596,0.2035647829744583,9.952731341215811,healthy
9794.053567887591,0.5757573474653582,0.04865182325457227,9.917819756858192,healthy
9799.021901467537,-0.2011980421823261,-0.22901326257028704,9.757475968720712,healthy
9804.025939078432,-0.46455749582634676,0.14289143282419361,9.813511671497636,healthy
9809.058146375737,0.15116523809153745,0.21708759806632372,9.824744091810773,healthy
9814.022117823217,0.372463035945587,0.1326527603187777,9.818300590214019,healthy
9819.02721705065,-0.09532081945409021,-0.15537601426876074,9.615235505465291,healthy
9823.958832225982,-0.13696968860101205,0.2583876433418318,9.904773536879725,healthy
9829.033320487699,-0.1364452072762955,0.2631150846207036,9.87880973232682,healthy
9834.050639280495,0.059047744532775504,-0.059041873980989173,9.721273301162597,healthy
9839.132985318856,-0.14236622750456437,-0.20063277633483034,9.793555845532735,healthy
9844.09597740723,-0.002736299464843134,0.08521961466201515,9.613922126559657,healthy
9849.075869242304,0.15481548445989188,0.2871136135440683,9.866557839789698,healthy
9854.11360589415,0.1892213392164901,-0.1577948608810456,9.825807750756502,healthy
9859.128408325281,-0.3467983580291938,-0.1570367082360681,9.651467602901517,healthy
9864.134239334444,-0.28117342573532844,0.4204228451761831,9.759560637678867,healthy
9869.159339325837,0.1348959462964917,-0.01985488426394523,9.884851177242247,healthy
9874.192383367079,0.1313494199778893,-0.3654965390730419,9.859094189273428,healthy
9879.17571517026,-0.1657268214145486,-0.2615757126849767,9.728787006178118,healthy
9884.267122905234,-0.18204031791387648,0.46073641029788825,9.81257530594438,healthy
9889.24531480557,0.011513720355240759,-0.054390559220717616,9.970206567547203,healthy
9894.255396022687,-0.07571126566719673,-0.2116730285761967,9.859821010275535,healthy
9899.250044546632,-0.2551115736367669,-0.083478369792456,9.761476794622059,healthy
9904.134909912944,0.019479924443035715,0.12322392515600153,9.71906481870831,healthy
9909.090967307346,0.3272120922501299,0.03066017089688582,9.90612260466088,healthy
9914.082615509278,0.09915017020328537,-0.14927661920627944,9.838911532418011,healthy
9919.084248442183,-0.24862765507244944,0.1736614522246013,9.815308716233995,healthy
9924.091017847892,-0.09195583865261146,0.4769145326454378,9.832179875064028,healthy
9929.015939422889,0.28895350871389236,0.023497263485608794,9.86820100896568,healthy
9933.995848908524,0.02981798036868176,-0.11661289425153623,9.714774971891325,healthy
9938.929560735605,-0.2750919054580362,0.16635841234787593,9.784251630974488,healthy
9943.940702077984,0.04817824570259357,0.18488236105460512,9.675889247410675,healthy
9948.96037593389,0.4031332300853526,-0.17197656410807635,9.90075297336858,healthy
9953.947648029256,-0.10703611368974475,-0.19324078073332024,9.881015056431007,healthy
9958.903816765012,-0.21443480955205496,0.37692156953808104,9.753792954897797,healthy
9963.926327800804,0.0695458753147328,0.1522979371549052,9.951020712606356,healthy
9968.811316334843,0.24674303265185837,-0.1345023948560513,9.867756696519468,healthy
9973.842039396604,-0.20676149693640472,-0.1287493691905378,9.796111311535302,healthy
9978.837302976175,-0.1384490260171895,0.12091396382536962,9.852481418355511,healthy
9983.844907694785,0.1476476160236243,0.1425210123976972,9.941840862678315,healthy
9988.79126958414,0.16860802146767676,-0.1895322540091337,9.754601389082254,healthy
9993.731261499508,-0.09304875934613169,-0.3183443592889915,9.831502755404317,healthy
9998.641993498828,-0.05123491392071648,0.3902266766739275,9.780695667545192,healthy
10003.680737110837,0.25888802741554384,0.14294312888846122,9.834385070088269,healthy
10008.686505685293,0.08572564165527749,-0.22799158371991146,9.762370797166986,healthy
10013.6394429983,-0.30741397728489084,-0.05105803126531432,9.783343216056572,healthy
10018.605239306407,0.04280934715751561,0.21757375761496542,9.82948600511302,healthy
10023.599484803555,0.1449478532769048,-0.06503771059779466,9.984434126633978,healthy
10028.609628551663,0.004037473454068907,-0.4015217635751379,9.747144120742925,healthy
10033.55416316065,-0.3211482953069823,0.12062433404081993,9.795374058775861,healthy
10038.5797506495,0.24562766444842135,0.24095609996802358,9.75444124550719,healthy
10043.506747113488,0.338131114526515,0.016826672214710542,9.750981971440154,healthy
10048.473601129555,-0.11873600460627591,-0.4643346112599278,9.8727524238667,healthy
10053.429022675118,-0.3645294583123919,0.11405493339412606,9.76716042118195,healthy
10058.467452036562,-0.03951674491762901,0.3587457059334128,9.768691054940295,healthy
10063.41167524847,0.2055409902099297,0.009753232031228756,10.013439402467709,healthy
10068.398090166218,0.007570956280789826,-0.33489931243379933,9.730629829107194,healthy
10073.45316728983,-0.37446152023351903,0.14379301547987564,9.84333127258167,healthy
10078.468735366703,0.08683146093210885,0.27834213203652575,9.620206843732655,healthy
10083.513538714906,0.07197489377518637,-0.09808299453816698,9.969945408055626,healthy
10088.45980868969,-0.005550428283452313,-0.007067985874020494,9.81478958511199,healthy
10093.471370695757,-0.21764599191473574,0.058547444741322396,9.744357791586722,healthy
10098.414728752474,0.18709743290923908,0.33443472233505095,9.863550838655353,healthy
10103.40960760972,0.16145829571429202,-0.08963003460744642,9.689093692974426,healthy
10108.375204480733,-0.32046907440020833,-0.18901799967124083,9.664407819247991,healthy
10113.390734385894,0.041382085776770106,0.346399409889562,9.832992733803895,healthy
10118.41501513541,0.15977972694905662,0.1159711791777159,9.791337095999953,healthy
10123.477532052102,0.20838734986286872,0.059764123483429715,9.86082901391572,healthy
10128.567505075678,-0.19517870127720657,-0.11546989991089349,9.885399272931087,healthy
10133.672527830639,0.028223345360849902,0.3616373825395738,9.749958179160462,healthy
10138.602872303238,0.17709444793211618,0.12818261834235897,9.92127000731759,healthy
10143.531863528284,-0.05056723545473853,-0.21021763451724546,9.765895250025952,healthy
10148.522859518016,-0.32803389371475045,-0.1223753543701237,9.582847781237378,healthy
10153.488173418937,0.08712554447948331,0.07840138542054448,9.810390514234447,healthy
10158.436730583679,0.196112953449177,-0.07714301890998708,9.758454454482255,healthy
10163.464291119084,0.039757934592189084,-0.18995441223414322,9.830517733070176,healthy
10168.45503712216,-0.2980059812593062,0.2124812592859447,9.8591018781784,healthy
10173.41298567275,0.023791312301318913,0.18794962470551263,9.739779734747797,healthy
10178.447087536619,0.253732465911241,-0.03629356782613307,9.900050774291318,healthy
10183.55907920841,-0.15462271106600456,-0.2848679295739307,9.62422060024213,healthy
10188.518447412245,-0.3315878420619743,0.13886211234143198,9.683762118464397,healthy
10193.534120194416,-0.04334671937083458,0.35537697491532616,9.857500557875001,healthy
10198.540866176425,0.16999977835513613,-0.05172992589118326,9.862589858175571,healthy
10203.586831751634,-0.04616038643251251,-0.12875448180622928,9.84564332733288,healthy
10208.561223809673,-0.21951010073085367,0.19631043111426422,9.712357517680724,healthy
10213.508548539305,0.09724611018713417,0.23377308604415517,9.76095480044576,healthy
10218.570539075465,0.20110489069711968,-0.3779708234296908,9.779585032707324,healthy
10223.591205472,-0.1786541604787021,-0.10576416016173432,9.788928423699089,healthy
10228.638872322734,-0.16266501416107143,0.3954742137162002,9.906063795146085,healthy
10233.706135773036,0.20559499791949223,0.18731744661193955,9.862427704768402,healthy
10238.649223088616,0.01140387069046836,-0.16983655145054202,9.827097768579648,healthy
10243.558000903857,-0.29853912750775774,-0.24442171397899876,9.745877042666145,healthy
10248.610219285103,0.14569086974137468,0.08793790651297353,9.6618182779941,healthy
10253.754711314094,0.11880865394797975,0.010898256320344649,9.764076533239448,healthy
10258.648651513739,0.19092613666190272,-0.1941749213633592,9.901697482145979,healthy
10263.609045783835,-0.18295287844618446,-0.15988513927642117,9.848595091786686,healthy
10268.569180310595,-0.08811008295971763,0.3768023315829644,9.742664379574867,healthy
10273.58738799122,0.30336924610630633,0.04890184067555718,9.904886609921613,healthy
10278.599046445286,0.23271212040125286,-0.1526688701777969,9.770324813629093,healthy
10283.53079512971,-0.163426122883143,0.15016748093756577,9.78545092435069,healthy
10288.51517975429,-0.1070965570999594,0.26045576833842027,9.896916456814562,healthy
10293.578895031862,0.26201888738422097,0.04920147635902212,9.807520016561906,healthy
10298.559277924636,0.09278201141350101,-0.18689862134718713,9.832865209354507,healthy
10303.572830536581,-0.1611361431419934,-0.01833280540114815,9.864760399179985,healthy
10308.595651175336,-0.02759024172520303,0.5572577017762379,9.764229782382694,healthy
10313.554676977,0.19253358051743014,-0.08442726150224869,9.766862952209493,healthy
10318.554574276606,-0.10339750626934015,-0.2528852272449852,9.725028311094729,healthy
10323.513017333591,-0.2253094573123364,0.2307054031156648,9.814298168356236,healthy
10328.550386740017,-0.14252188738900268,0.32177221935067024,9.813831485040414,healthy
10333.563073109939,0.23983330305976538,-0.0102915513975788,9.889848939863821,healthy
10338.568745988392,-0.21449735893905117,-0.463345052304748,9.767296723171775,healthy
10343.651092100901,-0.12888929374873573,0.07261887581228646,9.7631182280673,healthy
10348.517859218413,0.2552431657119785,0.25715697331482307,9.733905634150602,healthy
10353.494873638505,0.12638950793532447,-0.28439480244139614,9.846188232528643,healthy
10358.4539887335,0.13105802616648773,-0.11627475379674,9.73078656533727,healthy
10363.453747422414,0.006123119209785033,0.2594414397572933,9.777712343482484,healthy
10368.409056683804,0.27147539066758014,0.15453954784623355,10.009525641491829,healthy
10373.36352709974,0.10735258143243087,-0.12874492344303023,9.762610687608944,healthy
10378.411166188367,-0.4810935561204584,-0.12006127688304599,9.783823708471619,healthy
10383.405574605657,-0.09250288234424577,0.03931205681099911,9.78025833780868,healthy
10388.41620308543,0.09632282127394512,0.008896298383675671,9.978692291503885,healthy
10393.439280873987,0.17225143991643355,-0.14344630867319785,9.863693462636506,healthy
10398.439997906364,-0.18087320401531973,-0.1983853657996803,9.827945383505142,healthy
10403.506038309102,-0.1550948960138749,0.10767779471252509,9.664665425290805,healthy
10408.504982167859,0.5177429546999174,0.11674597948035387,9.877366644727818,healthy
10413.439816022134,0.05317917329118047,-0.29956467920397845,9.904436094295269,healthy
10418.456873472347,-0.32266422629178426,-0.038074954369588354,9.789687473114766,healthy
10423.48403461276,-0.07756013212672591,0.295024334958671,9.706540451694675,healthy
10428.493448165162,0.2555814769512123,-0.019531582812110867,9.887765436098817,healthy
10433.50968181233,-0.00812064674260566,-0.4308859635645199,9.788369982174196,healthy
10438.52537876324,-0.06584115800860751,-0.05190748213010363,9.710347817668707,healthy
10443.517921191975,0.2345518976095614,0.5290815007079884,9.842094220623686,healthy
10448.652532698103,0.0036154115476427218,-0.2339207602683877,9.801215072166501,healthy
10453.694421299373,-0.3124030742034678,-0.19644144000850122,9.870906808262824,healthy
10458.727691880653,-0.219294525977493,0.01694537864079096,9.697319419662241,healthy
10463.638441359673,0.071496423303174,0.1438811441922571,9.922968109458909,healthy
10468.685006105798,0.12751580630848525,-0.03950626362655704,10.0138909381954,healthy
10473.698607203904,-0.13829939241347927,-0.37211828779363176,9.811252221072893,healthy
10478.732062410538,-0.355187285585186,0.06876044006545486,9.680949389286415,healthy
10483.685601241255,0.1525992011446527,0.10903470653959374,10.035400178513953,healthy
10488.629447101375,0.11910691525195088,-0.068299334828433,10.018928709569236,healthy
10493.64504216271,-0.3798247622809903,-0.11854839977716565,9.95156925747069,healthy
10498.59777971623,-0.08603169068587212,0.19627218142719824,9.861952414364168,healthy
10503.685188864227,0.34726502509627316,0.09629210882204,9.858858033961058,healthy
10508.630609208201,0.28027592145212543,-0.298761765769107,9.801901899724427,healthy
10513.639774842448,-0.26725186811212726,0.038832581810658184,9.723550654220512,healthy
10518.66253319751,-0.1272542394113922,0.3852868694013998,9.739387493548232,healthy
10523.709990532006,0.11126612130600014,0.2534547651060342,9.826280457221909,healthy
10528.760559854622,0.011589739875056865,-0.28645945263269407,9.83751485500259,healthy
10533.751582361914,-0.39658860922372985,-0.2810856204526441,9.903482304043594,healthy
10538.754522643592,0.0599348836332119,0.32558359058914715,9.64547405090672,healthy
10543.782391627583,0.35138745321743525,0.10947982437669246,9.759359756872765,healthy
10548.80383724404,-0.0674755299292935,-0.08274398386696918,9.835287047701659,healthy
10553.779609958352,-0.18141540652170274,0.16170323291962702,9.560946365952262,healthy
10558.807823270094,0.01351867825610157,0.38911191264997946,9.823465645106571,healthy
10563.761619904119,-0.046552342008423786,-0.03553710284979645,9.88124120122887,healthy
10568.723723289308,0.039006438714209335,-0.03706174523861322,9.869961309429078,healthy
10573.713716882088,-0.2156003415873841,0.16783425557067128,9.694548411858849,healthy
10578.710052605406,-0.051089421798510365,0.09369484089057831,9.797134865782056,healthy
10583.796466079768,0.09048134385242744,-0.2519278898046797,9.955702026529519,healthy
10588.73298918011,0.00963472100289231,-0.1400735432987059,9.711464701349607,healthy
10593.750962104381,-0.3057214836097193,0.21931831394317622,9.668346908147612,healthy
10598.713216292297,0.26524554892120167,0.15164381193100746,9.782217775613749,healthy
10603.714769580087,0.2359549905690112,-0.2738617054352315,9.963100006162534,healthy
10608.67671350131,-0.01277958139497229,0.08751289320502903,9.857659172406107,healthy
10613.684916230424,-0.27789550410705155,0.09543821291403748,9.868456240859143,healthy
10618.698179561336,0.27051746632942825,0.3671114486839994,9.805202705066415,healthy
10623.691443937154,0.36518410598410755,-0.3740345774183472,9.94229566614076,healthy
10628.659198018284,-0.4308933543100494,-0.1046810402633345,9.849494499930708,healthy
10633.656195371648,-0.10513772811182452,0.18210967920525145,9.710637532448224,healthy
10638.621971695778,0.20815606139754786,0.13809899375503043,9.892972383872197,healthy
10643.60850379516,0.27341596829826786,-0.0980320962532707,9.808715177522773,healthy
10648.547457693327,-0.19383153259661778,0.025446062675389756,9.845683111902272,healthy
10653.438863742738,0.09427857316244828,0.20285179488100308,9.853354531073146,healthy
10658.44957452421,0.1363143669739123,0.061021017877248604,9.941722628676494,healthy
10663.461138669261,0.017874431681542076,-0.25867669422640166,9.947724857748643,healthy
10668.387091868812,-0.4010443909992215,-0.12340601910837763,9.710388644975975,healthy
10673.374393772367,0.035358519911860696,0.27060046185954195,9.825819844727183,healthy
10678.467917230535,0.15038498835763014,-0.0045881333884775395,9.739610295094154,healthy
10683.467734606083,-0.04018679625201378,-0.12742868323626005,9.828963852739381,healthy
10688.433469604855,-0.24763313483647,-0.09277255535874761,9.764018992084521,healthy
10693.446018805447,0.021116455709584807,0.05027843134719512,9.89032258929245,healthy
10698.481861896484,0.13941323688254073,-0.3790799667718361,9.772566511268506,healthy
10703.473305033616,-0.2824935527071586,-0.09340633841789817,9.699950615175728,healthy
10708.457956738512,-0.11430457989536313,0.20123918739455832,9.771065249364806,healthy
10713.400658883287,0.2900938933577334,0.0783886586947456,9.965155549549955,healthy
10718.391482168694,0.23178177241064946,-0.11450415006089742,9.819703998990148,healthy
10723.428876348358,-0.10261147270102243,0.018881427671867068,9.955590008175163,healthy
10728.435151024058,-0.359997923496191,-0.11938546599103958,9.773397411507537,healthy
10733.427574958103,0.21928683676027147,0.17099892779819273,9.730106348766432,healthy
10738.48888525268,0.20079684390578953,-0.18125607997569332,9.78577806731969,healthy
10743.484663640133,-0.4366029044534646,-0.13103320715777295,9.721053051498936,healthy
10748.488048626372,-0.19089861978330394,0.20119925390741453,9.753388117125251,healthy
10753.548535700833,0.17052683848368042,0.231446131461558,9.759198395305742,healthy
10758.521597958332,0.09923116743499444,-0.057878885969995325,9.774244925307892,healthy
10763.59847180423,-0.23474908745598805,-0.035983839928367484,9.727562055383087,healthy
10768.60919119529,0.11441286802419283,0.11195664670074554,9.92234297892834,healthy
10773.62331485654,0.3492464428898547,0.1088574608746517,9.747946310543178,healthy
10778.691392995916,-0.141719298467021,-0.35460255651224093,9.808071658717864,healthy
10783.636018504432,-0.4261984582370256,-0.27957943396264184,9.58823571469396,healthy
10788.655592141056,0.08879473176321356,0.2864773713552066,9.73515030450797,healthy
10793.610985538757,0.17928237347403234,-0.02073972003908578,9.782392618337033,healthy
10798.606157150616,0.23121164711599212,-0.26109693473522605,9.905376611556742,healthy
10803.614020789066,-0.3554561827285308,-0.03748797387102507,9.77145522924827,healthy
10808.676308639822,-0.025284014848371485,0.18085015250687037,9.760840674435013,healthy
10813.668772543826,0.3852236854430244,-0.23764186070112703,9.936317718720211,healthy
10818.568882263267,-0.10814395045491794,-0.24120216034974182,9.830115465538235,healthy
10823.533575170048,-0.26553314787661914,-0.024973759983989832,9.699232078525025,healthy
10828.43324517156,-0.01795590147214056,0.11540601755665013,9.818378957731616,healthy
10833.39582797493,0.31168230309251915,-0.12079919875947741,9.9062233530154,healthy
10838.418176263067,-0.023786316639327468,-0.15815660943565546,9.752809855952696,healthy
10843.341386698901,-0.2209981584566735,-0.08160772961727372,9.607727886555708,healthy
10848.311999688989,-0.04792006053091258,0.09637843224911759,9.862186616289597,healthy
10853.239785853997,0.38310816021016286,-0.07585815688073717,9.865987352275422,healthy
10858.247937262298,-0.07111960054976953,-0.12142297652087586,9.776770549278572,healthy
10863.255817094765,-0.4100689853875654,0.3366952574487291,9.773428247465466,healthy
10868.250524345292,0.278147946568307,0.3081544894794574,9.812514178239477,healthy
10873.258215476166,0.025161681065762442,-0.33460486234083275,9.907889997839991,healthy
10878.2759318976,-0.2787380935645649,-0.06284005667135281,9.709484815767128,healthy
10883.249341240442,-0.07313498392643206,0.13929275458366827,9.615067680566163,healthy
10888.229950380188,0.12160051305287777,-0.02569092427589205,9.803492024631904,healthy
10893.205491152647,-0.0989149862355446,-0.12765052375717684,9.844190455420817,healthy
10898.185866983973,-0.3789834641821289,-0.016360170852057876,9.776306975071439,healthy
10903.245810634657,-0.05027790599811251,0.21234440936502913,9.796970529117129,healthy
10908.180747494089,0.12415004180581143,0.1465688836308042,9.889650799048713,healthy
10913.178848073576,0.2123729741687452,-0.37405293832403946,9.856389591918747,healthy
10918.202817090636,-0.4255263192178287,-0.04236094685330817,9.86378559253914,healthy
10923.15717748224,-0.20614001750909508,0.336173929940458,9.777337561056019,healthy
10928.066686535434,0.3985368355122606,0.07542916679152382,9.859924374803166,healthy
10933.116305000442,0.0034639599133108167,-0.39476644373935565,9.79381522993079,healthy
10938.074477383796,-0.1558886882484194,0.11254554904968932,9.803569755264572,healthy
10943.008209635784,0.21183039392864322,0.39385397267522726,9.92149825083611,healthy
10948.029818523442,0.0648752414063648,-0.18498117114056534,9.885100627315843,healthy
10953.055157510955,-0.10202980908306414,-0.3051908393778509,9.791423898924736,healthy
10958.036494580669,-0.406244570935237,-0.03652984763906472,9.78356799449977,healthy
10962.998591500655,0.21580858299850922,0.24284485809701084,9.924759697192115,healthy
10968.046245615118,0.29663193315959174,-0.19365752012982215,9.936664235875094,healthy
10973.05519249276,-0.2866343020264148,-0.25233108895536194,9.78766985396426,healthy
10978.073665089229,-0.31416058787898005,0.12964843589686062,9.745246222202757,healthy
10983.08199067724,0.09940495539086469,0.17115343949928294,9.7184411000514,healthy
10988.063704281203,0.15191996781147607,-0.23820432010787784,9.797129745058182,healthy
10993.175326813467,-0.27379475404741443,-0.22597302707272876,9.761634406499368,healthy
10998.166168195296,-0.3506086988859474,0.2476903182064497,9.762911676355742,healthy
11003.171578958498,0.2075133744685204,0.09636236929731083,9.727800482829728,healthy
11008.20256623738,0.16616161204844102,-0.2823991620847442,9.912684481147217,healthy
11013.208889258205,-0.258348355362063,-0.05718579373584309,9.808130275157582,healthy
11018.159598823682,-0.16307440974680049,0.33813473403566885,9.839285439302424,healthy
11023.161855624869,0.27172965669102134,-0.016222614389901524,9.830850925500064,healthy
11028.2253613751,0.2113365217184331,-0.37816038021489096,9.82271572747412,healthy
11033.234605490357,-0.43648476705883466,-0.10831132731829243,9.814930522754816,healthy
11038.194209704909,-0.09209386959548421,0.1436627495524385,9.818479523403346,healthy
11043.183852373244,0.29253101941149023,0.07330035128455185,9.747232475973195,healthy
11048.149354717321,0.04248883778803744,-0.23816086962441452,9.919922722063651,healthy
11053.140656803913,-0.21746979689382095,-0.163179437613688,9.779656276280315,healthy
11058.182605146854,-0.06356602788562529,0.12341346879819809,9.790024298312778,healthy
11063.177227977063,0.28353914711588296,-0.03596552942852593,9.954573442690378,healthy
11068.096891218924,-0.11947574604455857,-0.11154468668875189,9.826911125691872,healthy
11073.057508198883,-0.28508961681614914,0.08477898798262393,9.848041786108846,healthy
11078.117024546129,0.18487475851616575,0.1505987130479842,9.67791208818277,healthy
11083.094791304238,0.3422703706132425,-0.08074382139925385,9.88359905369177,healthy
11088.08716409153,-0.3843250980715926,-0.26647717294154233,9.732604092094412,healthy
11093.02798592807,-0.06263892835333743,0.08698212750697064,9.865062614199141,healthy
11097.94880714183,0.04974968003321671,0.4261679865427879,9.917945764598123,healthy
11102.90272266946,0.40880679681260723,0.08881031236424522,9.992402321489859,healthy
11107.87581120758,-0.282362139305103,-0.17785474985190267,9.809141589840904,healthy
11112.897830069289,-0.17792394146825322,0.06172260981323374,9.784680125229988,healthy
11117.859368943706,0.24860227576878033,0.36305157031619845,9.96914268233036,healthy
11122.9356713135,0.036324413457690996,-0.24669103201416148,9.749486767278155,healthy
11127.900054296259,-0.2683031663402996,-0.13758611696198636,10.045637236212425,healthy
11132.917233933933,-0.156736754092058,0.31188235764465266,9.735027042134957,healthy
11137.948570381714,0.3845125062147654,0.11738357372456637,9.708839206348527,healthy
11142.926974894042,0.16396826586586827,-0.14666777889625088,9.908300148121619,healthy
11147.904442738645,-0.15613065247121125,-0.20398698655563077,9.732566788068407,healthy
11152.880270536796,-0.15833416684101104,0.26175531584970346,9.967780268322333,healthy
11157.903316615913,0.26381460606219315,0.14289564304002433,9.898062865384064,healthy
11162.831234368297,0.012381616621727883,-0.13836662687618578,9.751513224368946,healthy
11167.865539828965,-0.17948412882721237,-0.03614526772903884,9.756202390863388,healthy
11172.975490616804,-0.005203254554262991,0.11701624197479485,9.870364360576772,healthy
11177.972821004343,0.1469339969833347,-0.0042671446518144605,10.053962237818585,healthy
11183.00673679872,0.18939438886940999,-0.1729211129196372,9.86589259505704,healthy
11187.959663631402,-0.1549595648153641,0.179335561611865,9.768350254102574,healthy
11192.903116973783,0.16996926232727694,0.32091914947908395,9.676917385365352,healthy
11197.845660282821,0.3120087873677082,-0.019247876733860265,10.02308811992226,healthy
11202.9250579989,0.08545851044766037,-0.16635035070733112,9.867929833963379,healthy
11207.87186304975,-0.33967167015043626,0.33559681291234655,9.71507331527499,healthy
11212.944550550958,0.0586407855962412,0.11207261796683746,9.819195652621294,healthy
11217.99379011234,0.1446025657406309,-0.09254287448449126,9.755911802878707,healthy
11222.956109552257,0.005007460938841926,-0.20036640626052,9.83016071429771,healthy
11227.943012889242,-0.2504131813844076,0.14239459205013377,9.781416457183967,healthy
11232.922550147958,0.18194461376906237,0.03434445515844908,9.773156908540665,healthy
11237.961686678791,0.11526458140716535,-0.032539417907830714,9.824278526439866,healthy
11242.981623203907,-0.3035048758626636,-0.4812231914937778,9.907451515433285,healthy
11247.959927286944,-0.21414702816239775,0.2957671910576035,9.760001841857914,healthy
11253.04815594083,0.133741582662477,0.10115765617922738,9.887144079880343,healthy
11257.992550913634,0.3170580597053815,-0.22827849382625226,9.852561956261518,healthy
11263.030455217502,-0.09994966174837212,-0.12718468889123524,9.910510565264659,healthy
11268.066519274393,-0.09336283458363397,0.010862347446321391,9.80772660865446,healthy
11273.068397427713,0.1217608662134836,0.17858813564853634,9.876332764167108,healthy
11278.067421780386,0.043921146385964185,-0.26982277320889253,9.895279680455852,healthy
11282.989432915689,-0.298090888099181,-0.1436773247415185,9.832960402121627,healthy
11287.927124081021,-0.04663493273993078,0.29224533422745796,9.60846532862925,healthy
11292.890229819006,0.17651073623286417,0.11439646185881544,9.92967748611246,healthy
11297.852079013343,0.010976921160920083,-0.355227368699489,9.780001378330594,healthy
11302.885035652904,-0.19389149090500446,-0.09817438520579663,9.760251056316859,healthy
11307.85627066464,-0.09548061550329615,0.059176594504727204,9.72547456208722,healthy
11312.822422492472,0.5415568046717398,-0.27058695812901845,9.952303970019784,healthy
11317.915865839812,0.003742846459083793,-0.3125956340744307,9.92442940569654,healthy
11322.823667327322,-0.19081403666047467,0.27316208426796273,9.808471489800313,healthy
11327.840896662923,0.07407353043584972,0.172541097604542,9.8831980290687,healthy
11332.797996112226,0.43592669879601004,-0.1708126580048921,9.938230523975815,healthy
11337.760489693072,-0.1461656596326636,-0.23314982111245697,9.764065179992352,healthy
11342.74982589698,-0.23514234744049547,0.13662468638474456,9.84356267694094,healthy
11347.894682183114,0.15628655279172043,0.3214376670471143,9.782989126957336,healthy
11352.872710103631,0.35569307063222066,-0.07510604150626227,9.885981714792294,healthy
11357.90627133262,-0.24153967116764885,-0.12161844998796562,9.790585352497677,healthy
11362.88745500114,-0.377525051350906,0.3335468126221504,9.628530576551018,healthy
11367.79853355691,0.07490089847168613,0.12311410847505265,9.82053129874526,healthy
11372.820528600676,0.05493935332163215,0.038083831972881454,9.992832827203742,healthy
11377.808941693847,-0.1540268716781874,-0.18570252663455483,9.758924491982341,healthy
11382.8053792107,-0.02460322570532708,0.22163732854514787,9.728020789424159,healthy
11387.846660177263,0.20765375049589987,0.048402460511976275,9.825904744957604,healthy
11392.848376616588,0.07529373242747169,-0.3031035335317886,9.846295001964503,healthy
11397.880693946898,-0.29675425104937764,-0.029873504860296593,9.672585619483382,healthy
11402.889507044265,-0.02538848812400704,0.1712440229853467,9.777666625897549,healthy
11407.952962619347,0.26758335628129754,-0.08452241535956444,9.818505335168448,healthy
11412.905703838529,-0.004619281732260311,-0.06370066500078292,9.778063754175388,healthy
11417.911637662542,-0.5056773638342906,-0.07046589160626711,9.619327394868742,healthy
11422.88236721422,0.09006637413702633,0.2973662019418714,9.918345083823505,healthy
11427.94290628121,0.29963921455679954,-0.10312024501382856,9.870333549247603,healthy
11433.02917147609,-0.05184844484584406,-0.3458412948881553,9.8745100874763,healthy
11437.942717739263,-0.2782793936797653,0.09069380368359053,9.65353931651199,healthy
11442.887966249618,0.012303847627535242,0.11915700736809254,9.789686729795827,healthy
11447.878550265545,0.510224945679856,-0.20863722457210782,9.851470937072062,healthy
11452.932317756136,0.00849151794874059,-0.4095800543845612,9.695324076256199,healthy
11457.911994764847,-0.07742631812487788,0.22119756603591742,9.836545713312336,healthy
11462.827281136038,0.02893421867720345,0.06957713053143097,9.850399817680655,healthy
11467.873952423664,0.15135008560815089,-0.2924152201093299,9.787396213305954,healthy
11472.874508135086,-0.08455432966963491,-0.10341219359339561,9.86799940413265,healthy
11477.875996998615,-0.1198723477798301,0.21847818566673657,9.729644497022804,healthy
11482.85395388041,0.041075292069479005,0.16886651710495595,9.839097061826461,healthy
11487.860041917205,0.21122695947982878,0.06743242227489163,9.891448388881448,healthy
11492.920587712337,-0.23015021912964945,-0.24460461256309088,9.700504621339046,healthy
11497.947360193053,-0.2666568086402872,0.145454092231153,9.743445703628701,healthy
11502.991018703857,0.21495530046141836,0.2728919488074911,9.868107512196849,healthy
11508.003127660537,0.14549136427742154,-0.15226615301982815,9.916686503280907,healthy
11513.048285063269,-0.5672543859574704,-0.2638798968916064,9.828692152877187,healthy
11518.10340408812,-0.12190509826697699,0.20331801875380437,9.941670407617616,healthy
11523.063326859814,0.3573538157418601,-0.07355277529980563,9.739467011152092,healthy
11528.041935908417,0.15837270392436162,-0.2250969684227702,9.971089413429247,healthy
11532.99409015439,-0.16944556802560748,-0.06408512365214855,9.713781269110761,healthy
11538.011916315863,-0.028756136045151655,0.2985040118033512,9.834951529883677,healthy
11543.02073002703,0.24684841448427164,0.10086102518890733,9.855251361019354,healthy
11548.00229555385,-0.1382580198325092,-0.32667294269281266,9.747799223444876,healthy
11553.06113866835,-0.5047833934274104,0.21205095333107804,9.74894367533241,healthy
11558.068079976832,-0.11549803323372194,0.2326662095155767,9.732462408098565,healthy
11563.055660487147,0.16586482738307382,0.036572809699547994,9.913752394361252,healthy
11568.089969164943,0.21670524009696768,-0.13210163789749096,9.753930311733201,healthy
11573.133081023581,-0.2483506454982839,0.19475008052926526,9.868724374924478,healthy
11578.07024518458,0.23587587935100163,0.10887465326052573,9.585373937039593,healthy
11583.065011669343,0.5701730238970726,-0.22714268302928944,9.893578246380795,healthy
11588.032072799355,-0.11683144386605407,0.033431783275105376,9.898481862138446,healthy
11593.052807795053,-0.37681972654748425,0.31755851439896765,9.71339698517722,healthy
11598.062314991175,0.045115970380739084,0.21187910762216486,9.934889331947634,healthy
11603.108734191714,0.05200082895939895,-0.13309790889647213,9.88757413169131,healthy
11608.017447693459,-0.2567497494390756,-0.36837950430478744,9.69734223186737,healthy
11613.087632803079,-0.27667910688519776,0.28548411537128676,9.68116160186651,healthy
11618.045322913229,0.21964807596090183,0.08695801858693883,9.788540409968615,healthy
11623.02431503611,0.20300475499172166,-0.25265345529070327,9.75181440507759,healthy
11628.026718059164,-0.26653972367274165,-0.2644397364726568,9.720810691049044,healthy
11632.973060505301,-0.18218773492957843,0.23499619349200887,9.76723601476959,healthy
11637.939880007705,0.029843234480070813,0.19514462201123772,9.964940273047064,healthy
11642.803682905378,0.04790455436210203,0.012362457065228177,9.754329113021715,healthy
11647.757496756363,-0.14869242809542976,-0.12052704960738773,9.699114034806092,healthy
11652.658245975068,-0.07991578401071693,0.23877837751903247,9.807378656095556,healthy
11657.659430164053,0.3972918089726334,0.2296945519886005,9.920769580522924,healthy
11662.678641877217,0.29165619468769766,-0.2371269654671227,9.784265286112532,healthy
11667.617244950994,-0.13959972278512545,-0.25275384254488753,9.801113493457695,healthy
11672.57200999608,-0.08542457088070618,0.3396666377374406,9.806804723999045,healthy
11677.528256341093,0.28721762811234736,0.2177339909035699,9.692222445900155,healthy
11682.516720938187,-0.0054652150668503055,-0.2715150280684585,9.829603417721591,healthy
11687.552232489077,-0.2254947770131821,-0.0762484914771501,9.693762682811956,healthy
11692.554782147397,-0.09904565007107508,0.16876591818034906,9.76478105200148,healthy
11697.480761127988,0.23707121191789268,0.1564576662849996,9.792792514166136,healthy
11702.514823406573,-0.1544208516878948,-0.20153008553651433,9.791721975155497,healthy
11707.516256469866,-0.5166607820408917,-0.001852645967838941,9.834852700145353,healthy
11712.57770089804,0.04578507278410085,0.29094695699817585,9.763100465948943,healthy
11717.659913307525,0.27679265811302006,-0.08055417820179868,9.826232409584843,healthy
11722.758962440024,-0.341838856941139,-0.2299037211560384,9.66145108391998,healthy
11727.80520452166,-0.2781986830215125,0.1733044300791191,9.793375866230143,healthy
11732.805959461813,0.24898576653670765,0.1412414545613761,9.82862448587397,healthy
11737.874563046025,0.0703287147139543,-0.12085518913524455,9.955849782296857,healthy
11742.870607602235,-0.21963211238426614,-0.18486080235872615,9.702289963635097,healthy
11747.996360438745,-0.16160304812201495,0.3447026604512399,9.727571159707313,healthy
11752.978725369208,0.28619939315796583,0.025802881904197966,9.846372833821933,healthy
11758.078725123982,-0.044773520961940066,-0.19137682358505562,9.895327804141546,healthy
11763.170197418967,-0.10336617786086938,-0.22987889508085102,9.783512226919003,healthy
11768.213514280285,-0.34189558835268624,-0.06784133799313044,9.75689628364579,healthy
11773.174944993129,0.1718535902379352,-0.0934490738635376,9.895105300835283,healthy
11778.197789915845,-0.07878938154321952,-0.15105625665293948,9.941504324067724,healthy
11783.237115473006,-0.0751463241190099,-0.12635610853198928,9.914260188003084,healthy
11788.177885421417,-0.23292032312188257,0.4056354150228893,9.82859428929807,healthy
11793.116889092065,0.13586640210781997,-0.05146999977849639,9.787475637152053,healthy
11798.237825142642,0.2719644914831151,-0.20084609482347068,9.843932867504375,healthy
11803.132774317122,-0.2746911919201474,0.02864050157681662,9.676729808387844,healthy
11808.139613574489,-0.09327479033773359,0.4678153768069442,9.937100538543024,healthy
11813.098755397956,0.29244519287447596,-0.00970643427795586,9.919598023816395,healthy
11818.10201769709,-0.22797979138423757,-0.18457481701709388,9.769966081889654,healthy
11823.110977207256,-0.4358637896175078,0.10636075036488979,9.85899435540175,healthy
11828.145106530646,0.038882542964884546,0.18407199803472712,9.806619088947299,healthy
11833.142523474302,0.19006593893519327,-0.20614011562739376,9.759230197674924,healthy
11838.16372565138,-0.06932864767850161,-0.3383261079301498,9.911760668793917,healthy
11843.118413827131,-0.1986828755802203,0.10306012617508874,9.753753419557341,healthy
11848.074496916068,0.11865559661245761,0.05824226976352276,9.782844518456894,healthy
11853.051628998803,0.02932481989879876,-0.132547855178485,10.045453995373261,healthy
11858.084307948653,-0.23972774650000953,-0.17718156675425725,9.672764847846414,healthy
11863.058937172756,-0.09466626755546648,0.14947961358027573,9.564921440611588,healthy
11868.10715086194,0.2246812029462612,0.195602908284664,9.821836555896969,healthy
11873.08728971881,0.18067450158239048,-0.10991212703133103,9.977532627583235,healthy
11878.164994679797,-0.06988623872953292,-0.23333654154906006,9.744956188329667,healthy
11883.126721927874,-0.1892972120676054,0.35940406354514254,9.702087805994177,healthy
11888.184494272358,0.08641864782409939,0.2683298243398649,9.925628414715757,healthy
11893.211351979979,0.0704675369372543,0.013066524352130848,9.840285129893484,healthy
11898.248475462911,-0.19512218551139546,-0.090838502394186,9.829524113742075,healthy
11903.23276086189,-0.1402769646760277,0.2813009654265045,9.807879497453243,healthy
11908.2460765521,0.346350281617946,0.03352981793105464,9.883844455369696,healthy
11913.336087998863,0.015794658502216678,-0.17341187979923017,9.804660004245756,healthy
11918.337430588856,-0.511462550754463,-0.17068756856798964,9.783545192086434,healthy
11923.388054313407,-0.22626038944232527,0.46442932792898917,9.929525031381642,healthy
11928.324132040036,0.06248938435255977,0.05736514608318885,9.930748527421159,healthy
11933.31023310134,0.09940933090730901,-0.3943312728989163,9.88327958405989,healthy
11938.275331839986,-0.29166003822885384,-0.12374128970543585,9.69273755621263,healthy
11943.256989377376,0.08021095019304406,0.44732628782924744,9.855868706428382,healthy
11948.223955423333,0.22991817140840246,-0.0033953468884236615,9.915521072138173,healthy
11953.170577875491,0.05853973153210022,-0.14222129154898366,9.903204094668725,healthy
11958.208289298462,0.07364734946375784,-0.1866747436929227,9.884706415794275,healthy
11963.216293152518,0.10534249624914258,0.2566330215666666,9.98461411079578,healthy
11968.220385913608,0.1385867354927103,-0.12218137894106976,9.820560840846152,healthy
11973.14232389146,-0.043910412187390446,0.029737532832662256,9.784192681130344,healthy
11978.110670937616,-0.451512486650241,0.37709069305289067,9.869443254572209,healthy
11983.118600187108,0.26837764190147506,0.3077357122932005,9.749161338201391,healthy
11988.153296515575,0.3321690304792574,-0.3956170234543181,9.744725723782718,healthy
11993.118868007705,-0.18506505839714738,-0.2690349346416319,9.785301161959548,healthy
11998.062134289625,-0.33711499175805537,0.2932332574752814,9.770596467974007,healthy
12003.16587909013,0.33129997229676567,0.08644601708250821,9.887342161627654,healthy
12008.095972165593,0.10157831154403622,-0.3258369660691198,9.81983082446025,healthy
12013.097474608852,-0.25398027886524815,-0.128615525754663,9.816498458606459,healthy
12018.100587708666,-0.24009267169239432,0.19227098324147848,9.726796220238906,healthy
12023.084129283787,-0.03814921842510863,0.1402737109427171,9.948737632151094,healthy
12028.0514877504,-0.09372351384417829,-0.3621854926558933,9.796664635328169,healthy
12033.102626273647,-0.21312864509496146,-0.05132359635327832,9.716750869974552,healthy
12038.060884540315,0.13922298515066625,0.1961655273180859,9.828549926625145,healthy
12043.03003416068,0.0075046322197507564,0.07333057033409378,9.764746654536667,healthy
12047.940930740635,-0.06076699802748667,-0.16932482564303225,9.716936583173704,healthy
12052.945464130393,-0.20999605633311166,0.030138949400525344,9.762584713202747,healthy
12057.996782422068,0.08845782086411137,0.38181610116123527,9.855141675129708,healthy
12063.036876843826,0.4967356362931422,0.20666781060590791,9.920129514076107,healthy
12067.958313471087,-0.1608255319604459,-0.14309342897843652,9.765697891053941,healthy
12072.934242826344,-0.2685242873425588,0.06851526809432738,9.7890822052286,healthy
12077.885256167549,0.0740758160975592,0.4783271393326187,10.011656602254867,healthy
12082.912311511294,0.16171134429976086,-0.15593389656499915,10.00619967152863,healthy
12087.940154139527,0.010763049736747313,-0.10484859585312506,9.676023991270867,healthy
12092.866854852473,-0.44405190341583867,-0.11634617967056053,9.733629191053868,healthy
12097.817674579801,0.061806944927195434,0.26316125441422134,9.794028911794486,healthy
12102.850502253332,0.3992954446301886,-0.20882136012972563,9.918269036550116,healthy
12107.788107112785,0.05834461745020833,-0.2230118390109055,9.776516819613194,healthy
12112.737490463576,-0.21349908141360666,0.18762772547284068,9.720758147031693,healthy
12117.773840312584,0.29265838297455105,0.17780832569644045,9.865121388707845,healthy
12122.748309557472,0.10951690598812847,-0.1272040714010947,9.806633362352242,healthy
12127.811783414902,-0.24676525405050154,-0.07976325020987582,9.746038599767811,healthy
12132.81321295333,-0.16202337825420615,0.2394149379589482,9.711744668880826,healthy
12137.739327314133,0.2900968994888329,0.18271379309767735,9.804913612138337,healthy
12142.70748736428,-0.07116817408352735,-0.338565642535131,9.908644848336962,healthy
12147.61252202785,-0.3360877648541566,-0.01759243620860307,9.770681252167309,healthy
12152.584779805915,-0.19708140347737763,0.10026511073859867,9.799076247711724,healthy
12157.511103318975,0.17615462905918938,0.04149943555803372,9.907074625859211,healthy
12162.500105074876,0.11148542121734431,-0.23215400993883242,9.844228941867495,healthy
12167.5755435147,-0.2762952971254927,-0.02731609166761096,9.775429677046665,healthy
12172.547736573593,-0.251046618198601,0.22938636799697643,9.849519638129443,healthy
12177.552430185537,0.26964310969957694,-0.050995240819493914,9.866124978432458,healthy
12182.51769195144,0.07856781894839257,-0.2868495166145418,9.83573288988216,healthy
12187.51961217305,-0.2539814974199987,-0.016928610206463357,9.702757721181868,healthy
12192.536860419214,0.1660570704416249,0.05695483469315296,9.58650996221217,healthy
12197.553942465207,0.07730318200884864,0.03687970703344942,9.989511343935058,healthy
12202.482583317113,0.003915656434144481,-0.12635392539226317,9.86932178348131,healthy
12207.438605462803,-0.12172319171546159,0.13229197610533827,9.797244872285994,healthy
12212.479643782126,0.11944428493255106,0.4077587731311926,9.824003495879989,healthy
12217.52193639074,0.2819482971174074,-0.19621543775897746,9.869379212382345,healthy
12222.508206408056,-0.06342979304805363,-0.3191845757470948,9.808157451448347,healthy
12227.518731739945,-0.18834846625268142,0.06632434718565469,9.670264524995066,healthy
12232.625092314542,0.16285765607100877,0.41234636832466987,9.833960056319517,healthy
12237.61507496001,0.11906573390964885,-0.24385486208052762,9.639112738108164,healthy
12242.566227582894,-0.10417479358248408,-0.511646337401812,9.81239520524884,healthy
12247.469333348206,-0.08117086534406347,0.25073328955320573,9.696653004473488,healthy
12252.4268153886,0.13960844475566442,0.32594572626123886,9.74372769682711,healthy
12257.3652013281,0.17161035583091733,-0.2099382769812808,9.818353981469128,healthy
12262.32496086171,-0.17465482090778017,-0.06177870167514751,9.792852329920148,healthy
12267.328688981543,-0.1558518387527819,0.2527478515317103,9.779876849955008,healthy
12272.323958870456,0.14984523849012857,0.24388563928812765,9.865785019137444,healthy
12277.313227560475,0.24791080587121977,-0.18328993242776537,9.756362172281516,healthy
12282.396841196802,-0.14267238991899672,-0.4017898385903613,9.780454062185107,healthy
12287.400646990229,-0.14666552176119568,0.29554348977599465,9.710898653907448,healthy
12292.439944931333,0.16995461537237977,0.0881993354364105,9.840234500198427,healthy
12297.367694862896,0.03938697720971958,-0.23490754403228498,9.986326910046294,healthy
12302.342938579353,-0.06806136993523088,-0.16429994008509996,9.786510847860109,healthy
12307.418406709645,0.12978091911224643,-0.026099242679556406,9.789601627955898,healthy
12312.358342230991,0.2495857357739928,0.024486331676794013,9.880302565758658,healthy
12317.335765863258,-0.027728185153772556,-0.3097939093311487,9.837663697939576,healthy
12322.347709575222,-0.21153737638127315,0.009911961829773054,9.763917104114679,healthy
12327.300980722268,-0.20795618179748013,0.3780769037888433,9.954498584479282,healthy
12332.342519440497,0.1773349372824083,-0.03916323664658869,9.939995371493644,healthy
12337.34449136005,-0.15703742807978383,-0.12606308177950198,9.92866095613041,healthy
12342.353398148074,-0.1918839932781391,0.06680215655553787,9.903422695399394,healthy
12347.457003505835,0.0914117142813526,0.2623670052266638,9.835312641803378,healthy
12352.38715630732,0.19467722917793603,-0.32844954023212614,9.947546577562154,healthy
12357.313609752728,-0.03377370931760039,-0.2147487449745639,9.751432663645364,healthy
12362.386498406859,-0.3436863924930381,0.21485479146693484,9.75069453872094,healthy
12367.378314301952,0.2429363024246758,0.18159577326477064,9.764393133895929,healthy
12372.358179584431,0.06071914257276226,-0.2499627183222953,9.908752489009203,healthy
12377.325674524038,-0.2998443955245027,-0.2459866999995668,9.800604251094967,healthy
12382.261445512653,-0.3190790452548917,0.2862471462409706,9.892388037833264,healthy
12387.303020770183,0.05477825290099521,0.15763557907956363,9.86490814686106,healthy
12392.309922118502,0.2529888849509635,-0.22264368887781066,9.878500354103567,healthy
12397.278709397804,-0.30044812503897533,-0.14730561224120353,9.761245623077238,healthy
12402.24295683725,-0.1527648781966159,0.23596926659018372,9.831479947054936,healthy
12407.307511748675,0.18151734856052892,0.26746033841644,9.806342168160558,healthy
12412.261310046704,0.0858379219416503,-0.22290517654096648,9.814902350647914,healthy
12417.200522387713,-0.22358613710408512,-0.3532246427092153,9.691241349065407,healthy
12422.172652901054,-0.13561244490633004,0.32315894076323326,9.691873326074498,healthy
12427.165240095399,0.11186111481385375,0.1351374600947778,9.788395322991507,healthy
12432.141843201794,0.30298740682927033,-0.05444913473516133,9.848983663513126,healthy
12437.170592665376,-0.25509445654700685,-0.08081939230624849,9.72016302888813,healthy
12442.168412745888,-0.17553622915394082,0.2523527107748291,9.696569812525174,healthy
12447.167078545692,0.20844510606224284,-0.10921215690846003,9.924078672159371,healthy
12452.211823567844,-0.06970397611848698,-0.27270806374575113,9.712368689094964,healthy
12457.132093604961,-0.20869774126683113,0.02455589071331016,9.785056794278134,healthy
12462.126523951443,-0.07265017000985655,0.17271872094960594,9.70036862984534,healthy
12467.113901305884,0.25013542812872025,-0.02801477283377834,9.676073250373431,healthy
12472.026533738293,-0.04793463072056284,-0.46210961104816095,9.84293678692259,healthy
12477.055771844643,-0.37293398696075963,0.17441886753196637,9.900817172684185,healthy
12482.140931315245,0.07016887165505344,0.18695186421349289,9.692164991279942,healthy
12487.139863088365,0.07115366124089453,-0.02458894074853668,9.76643866651735,healthy
12492.16383825392,-0.13621965578571624,-0.32554458683438064,9.803146128143126,healthy
12497.072308629913,-0.40202980188209225,0.20782064793500604,9.763726911948556,healthy
12502.027233335386,0.18879037381660643,0.24314697523393636,9.780024806948418,healthy
12507.01498641714,0.15014388487453895,-0.062142807357790694,9.976991292701815,healthy
12512.099813562629,-0.10543525833222958,-0.4400135840885343,9.75948513043073,healthy
12517.006033520009,0.10680719419048401,0.16941251285815578,9.784484753800106,healthy
12522.029858015743,0.03153221507367457,0.0924534780918377,9.750128832813756,healthy
12527.009633438938,0.23590103269302087,-0.2148134642696295,9.69009453964814,healthy
12532.026074305648,-0.1657117468576933,-0.4329957095598799,9.842560076227704,healthy
12537.005230870278,-0.21233169046016248,0.35835354932048313,9.81283391334551,healthy
12542.002517806932,0.3731451452925779,-0.009727226433475483,9.775797151601232,healthy
12546.987484458083,0.028953726218835754,0.06366995316834509,9.774822720306261,healthy
12551.927271200937,-0.2323673151039031,-0.04855147967123182,9.735651940331454,healthy
12556.956339474304,-0.013651216237490715,0.25650754914013996,9.761675111371135,healthy
12562.03598151346,0.21854111775542207,-0.09757104661021553,9.786830819910904,healthy
12567.007035576627,0.07005768118488558,-0.36861724504715665,9.77059312909504,healthy
12571.943027471676,-0.18436902002556455,-0.17997854370139957,9.776704435996695,healthy
12576.905918861617,0.08675568609625783,0.28684888256552016,9.777821702638551,healthy
12581.893734982556,0.277814182786228,-0.06604952122175427,9.869387897692596,healthy
12586.899361649464,-0.0675242582712194,-0.1808464817210298,9.827556544346232,healthy
12591.967371605655,-0.2290718175421858,0.07394609804548168,9.784099279576848,healthy
12596.963232749951,0.12953722476226112,0.31513138716835476,9.756035299455714,healthy
12602.036236082378,0.12275234783891778,-0.11281328678307634,9.933751337981338,healthy
12607.08558064891,-0.16803660700703807,-0.21450731351523622,9.752071246967695,healthy
12612.0672302351,-0.26327206026410255,0.079455947189874,9.798842649383936,healthy
12617.06917309436,0.10792296355345775,0.11087383186113442,9.870672740954717,healthy
12622.00692146682,0.014237322968552457,-0.056243081630763525,9.810106003216418,healthy
12626.936299953135,-0.13053997319461624,-0.19300376706904454,9.775842736580772,healthy
12631.898976686807,-0.052213368517611075,0.20764237365449761,9.824677401458095,healthy
12636.80673152651,0.12056261152302332,0.221126046168265,9.859597516718427,healthy
12641.74212393332,0.1733907205584667,-0.19837337899787033,9.775961539232744,healthy
12646.723449899782,-0.2628017320883015,-0.08366397128761265,9.905076462466088,healthy
12651.74319701895,-0.30674227255007847,0.14340716286620264,9.775799777419392,healthy
12656.841179155826,0.19301005125984744,0.26180089549436547,9.88302951723296,healthy
12661.697282527235,0.11393938465350838,-0.2980041020020214,9.865667164959989,healthy
12666.746198759993,-0.026523396132683064,-0.1792909983282192,9.765009387871183,healthy
12671.810266182312,-0.12005533692180365,0.011738501681565566,9.771273850918497,healthy
12676.812409232623,0.18658885076086762,0.05467906736759703,9.83192479876234,healthy
12681.825158845815,0.20141334216417894,-0.15209775765740793,9.88727328280064,healthy
12686.763109867634,-0.046077128941559076,-0.008380815582060788,9.805379722506235,healthy
12691.773189011677,-0.12872534967713245,0.09421366593850658,9.650197750577068,healthy
12696.679622539572,0.10071752729066094,0.31123997819688703,9.921474215494072,healthy
12701.764444622379,0.08152925866002943,-0.07668453890005192,9.819357229660415,healthy
12706.741718493737,-0.30960628838521714,-0.08203751007597457,9.839230168556162,healthy
12711.761004705468,0.018791653246607087,0.2930235978467022,9.85668208149028,healthy
12716.827720482645,0.3468673251546456,-0.19035485226678472,9.752265137980597,healthy
12721.76225955094,-0.09888372542919048,-0.15471225488762383,9.697238341474966,healthy
12726.7139232087,-0.34319443122372606,0.029548719506739776,9.7257130800806,healthy
12731.742818437584,0.18781369744195542,0.3335630811012655,9.792358413352735,healthy
12736.737689898413,0.14325575814852604,-0.034851147348647575,9.93753224856242,healthy
12741.77054755997,-0.055575328245914116,-0.5088289291993748,9.778395925968264,healthy
12746.79543022955,-0.10480721314000215,0.17928069960886217,9.834600861747774,healthy
12751.791843919267,0.2235763002143657,0.2625707102729341,9.87864607344227,healthy
12756.853214649249,-0.028334275710510115,-0.02135790276223884,9.970083348520014,healthy
12761.893499874192,-0.21558848037627898,-0.21952413025802717,9.739918917732416,healthy
12766.933006096175,-0.1204142334461041,0.1197222771558581,9.940185574652448,healthy
12771.945398688067,0.2730760159214074,0.477179686069596,9.852583696711159,healthy
12776.977133088036,0.30499239775012865,-0.1630739412662406,9.727998904342146,healthy
12781.961093344205,-0.2073195682267758,-0.09265201287678868,9.649828535414894,healthy
12786.880082358579,-0.5469575438508273,0.3315324663722117,9.930327594615555,healthy
12791.879170477088,0.41256043207750026,0.16480762618784053,9.805655564301336,healthy
12796.931709534701,0.05273498300453266,-0.07487619180150809,9.866477232733578,healthy
12801.916751860605,-0.3513299664511118,-0.0632495306691464,9.717036673778704,healthy
12806.95356437262,-0.08744090254896267,0.40597986645283923,9.655389738928225,healthy
12811.849348990865,0.29746190195775857,-0.02136757977423666,9.740625041746569,healthy
12816.96576520343,0.08763945583625993,-0.32702847195664614,9.915677363864809,healthy
12821.91915265653,-0.34798745282352805,0.08227512787769624,9.80317166492039,healthy
12826.952899148087,-0.09472544854286818,0.136117662892142,9.880672936844599,healthy
12832.010691508882,0.3981628483154118,-0.00020926105926828372,9.83693712745087,healthy
12837.046233491523,-0.19610727997433305,-0.420764503727024,9.701547456317611,healthy
12842.1057200472,-0.16386319003355526,-0.08782184536612776,9.672630857551924,healthy
12847.153162088318,-0.02405677263100582,0.26311330552779516,9.952142951279756,healthy
12852.1827737288,0.1546163852465601,-0.19424373868798753,9.805663460409292,healthy
12857.254684566253,-0.20105122438627715,-0.41300840605648936,9.830947444348968,healthy
12862.221619161404,-0.0561238745657536,0.0024618771601856576,9.858440841730019,healthy
12867.147714052873,-0.06841583504080809,0.3172050589275169,9.83377778042677,healthy
12872.224627700985,0.1161625379088778,-0.1890775886871232,9.943053806022958,healthy
12877.277326927948,0.010121654657851198,-0.23226720629839692,9.872653220645109,healthy
12882.264057165858,-0.030856912567611722,0.16043262639915465,9.701594092258873,healthy
12887.298455969469,0.12395488909476111,0.4358810379649306,9.874575617374232,healthy
12892.33730717061,0.06562066374233225,-0.004799518442383216,9.863572675607891,healthy
12897.26753058513,-0.16163799073975643,-0.21722814658687675,9.668083178349526,healthy
12902.240782440193,-0.15502152638614905,0.25731967203570427,9.845310179153422,healthy
12907.272348149665,0.5140869283284357,0.2717660222926269,9.941088595651175,healthy
12912.3140431161,0.16956689217137522,-0.33747161786275215,9.793128513712487,healthy
12917.268361960663,-0.32750140465061245,0.021983680379133896,9.722144938576076,healthy
12922.343472204571,0.13619697314182477,0.0970623964188265,9.670269243616728,healthy
12927.341606372182,0.1927918955135,-0.19066231702344483,9.763673984484736,healthy
12932.296502841651,0.2296888591815302,-0.3376488517076173,9.769902470593445,healthy
12937.302187137944,-0.05826917566436687,0.07542246343104733,9.710481458755059,healthy
12942.208683304278,-0.14350992835280757,0.25270036816806263,9.64100423542546,healthy
12947.270409218527,0.16818953854445834,0.028405411949652674,9.954167359936031,healthy
12952.313216354856,-0.17624996433256407,-0.2941224505088877,10.010553570184385,healthy
12957.256731831409,-0.36501564698093986,0.1163944294805289,9.786247248770191,healthy
12962.223534888535,0.16748363939835892,0.3491813119595223,9.682219001554524,healthy
12967.267689326103,0.3480954532938249,-0.1252448931278605,9.931704147475925,healthy
12972.243427854659,-0.16173630527088945,-0.37744724474266167,9.694727310138989,healthy
12977.23041647889,-0.18517919289154897,-0.004488041293529824,9.659794004126798,healthy
12982.246004652532,0.3218322530092407,0.05447263239555364,9.79913945194591,healthy
12987.23892252778,0.07401757262057432,-0.06754588602817332,9.782419167043603,healthy
12992.268800475818,0.04061114150525286,-0.30113083250692163,9.734974741503049,healthy
12997.309106374272,-0.27750297314178884,0.05168156702345102,9.752921716795976,healthy
13002.375360466136,0.15042072781572202,0.46433796536289806,9.710418313088969,healthy
13007.342734365078,0.15691460574622157,-0.08022699687178234,9.781874057218298,healthy
13012.355217451954,-0.35278062203052,-0.22302908429020885,9.664412555588859,healthy
13017.385487442121,0.01864015524454868,0.28103766557763954,9.783366503083508,healthy
13022.381372043901,0.1928592337313681,0.167901182623339,9.906369547007273,healthy
13027.423439114766,0.06596386771555073,-0.2661073024162242,9.829758177619425,healthy
13032.464665172809,-0.4168419781181337,-0.027218762478205566,9.681336714477574,healthy
13037.474607387385,-0.11358094756822144,0.19957908705363353,9.761222547768082,healthy
13042.445081669468,0.20900944871725982,0.18285715059839203,9.86682034148502,healthy
13047.41547698555,-0.08823041596035927,-0.2492387623033213,9.668654493686821,healthy
13052.359919255368,-0.15006436505411946,0.018562824063707267,9.829433817744913,healthy
13057.414890488511,-0.04659413816262435,0.37033081780128524,9.940810790748724,healthy
13062.412932089695,0.3400590786921792,0.07730549519289868,9.871241130275383,healthy
13067.376292747593,-0.09152991638766518,-0.3650533061185297,9.79143934471083,healthy
13072.370022637599,-0.32360975512593526,-0.01954535174200478,9.834815676138042,healthy
13077.297127170217,-0.08909598606120872,0.07733218530490676,9.691423340416284,healthy
13082.290374516697,-0.1277902149282885,-0.03636360868973305,9.733066698764993,healthy
13087.292191187304,-0.009745385971438262,-0.18578647315669003,9.80507107089045,healthy
13092.280871255338,-0.09853427519842414,0.061832446209952735,9.63353420792092,healthy
13097.191497012118,0.0060065722648165384,0.1930818078418952,9.772721698407878,healthy
13102.072562016216,0.13262499796558205,-0.1370724549111162,9.868381536696324,healthy
13107.076009038814,-0.4699673674492526,-0.44319179612927173,9.728429724032818,healthy
13111.999927486972,-0.14257509776849292,0.08664234568568366,9.688909544608908,healthy
13117.015543870406,0.2226720219122377,0.21528677000050805,9.899791088734355,healthy
13122.032764097052,0.17394375180217064,-0.1984941994132684,10.003208650432782,healthy
13127.086892879981,-0.15719626177223778,-0.2953215947028354,9.660580097984264,healthy
13132.113500719757,-0.25889747858822126,0.17883875835304072,9.827551032086086,healthy
13137.163460027154,-0.03599483033439374,0.3350574630958243,9.802110923857082,healthy
13142.251908842984,0.16339930009739861,-0.05636908826792003,9.915482027388036,healthy
13147.11331001001,-0.11757463264576919,-0.1719584877075896,9.808163651267837,healthy
13152.091675245741,-0.4433761664285424,0.21861074360317234,9.833305119068186,healthy
13157.14370640012,0.04182944222463969,0.021751860244186433,9.779576974841252,healthy
13162.193415118656,0.25142589907503404,-0.20742741931306394,9.79783808576661,healthy
13167.207135235956,-0.22613395199038927,-0.17375766680550048,9.767613292722263,healthy
13172.188730653583,0.07175139091512452,0.32840672552734074,9.639809499033166,healthy
13177.15395480935,0.24831950258686925,0.07972905571755186,9.908755536203477,healthy
13182.222298582816,0.13625386111231255,-0.42190692943007196,9.898180781956809,healthy
13187.16705291741,-0.0441342209342612,-0.136794265997657,9.783343654451055,healthy
13192.197206095027,0.09512018951143622,0.3255641468376707,9.838576889245108,healthy
13197.12422917565,0.2506843255678509,0.18232490085192102,9.764094334245993,healthy
13202.160865242415,-0.16918757475185417,-0.2251771636217951,9.932273985179139,healthy
13207.213343568115,-0.3048441909171317,0.1573781737743325,9.617180125467529,healthy
13212.146288803904,-0.09797324847359502,0.2218360871904415,9.905117089438452,healthy
13217.120294971282,0.033467983656678496,0.031635250962477934,9.893246591683539,healthy
13222.106732281156,-0.001813698405355689,-0.3440462532828322,9.844009866366386,healthy
13227.054470850073,-0.3761649236105844,0.28865608784171476,9.790360352622722,healthy
13232.055141115268,0.06781647965043705,0.18431276678865552,9.788182984427573,healthy
13237.030737669465,0.21668662904327277,0.013387381374075316,9.925633907000885,healthy
13242.071583240013,0.01997654822953457,-0.05942337606122183,9.804014237714327,healthy
13247.18532552006,-0.04871206524411817,0.09774545431872622,9.78774461625694,healthy
13252.252219888282,0.18670539480043735,0.18089015862001095,9.858306413518703,healthy
13257.305074908385,0.23526551992671102,-0.224864353892157,9.744725353673244,healthy
13262.282963239913,-0.2822118971800269,-0.20408154432511655,9.695843850978964,healthy
13267.27746989344,-0.030273756464229473,0.3106955447773286,9.798419244370127,healthy
13272.285358176832,0.21782250182453064,0.06018905199453781,9.850900295090273,healthy
13277.275740575958,0.08624012051253964,-0.4425867148197494,9.787050700426189,healthy
13282.243300232167,-0.36277927586038833,0.0007390136145648263,9.671489823153147,healthy
13287.220317854964,-0.07736260335188953,0.15622601761086027,9.802062106460442,healthy
13292.190319619463,0.1822672597248612,0.11968869984236993,9.759246812135547,healthy
13297.244549113908,0.02823418825793972,-0.3164709440854581,9.924026628353698,healthy
13302.271429569513,-0.4442145419063005,-0.14631502456721143,9.933752990445191,healthy
13307.256062915949,0.007889125663643803,0.1763407883228663,9.710330974777682,healthy
13312.217298396272,0.3755336619905913,0.05645139560499139,9.799385514977365,healthy
13317.200950721643,-0.06330199294476925,-0.040428713034278335,9.785584543521054,healthy
13322.208451981276,0.020695038156565176,-0.024233582975870152,9.693259560440671,healthy
13327.242261167314,0.025533160044075506,0.01073172370048392,9.785265326344858,healthy
13332.2494760295,0.2764629511995055,-0.19883042567175285,9.863814730438298,healthy
13337.27839655108,-0.08076337202924787,-0.057742413369997636,9.73948113577439,healthy
13342.229093801006,-0.21615783006328243,0.08316248857244447,9.683193785820174,healthy
13347.224572699834,-0.12561405494643807,0.16413224256708886,9.688666064404696,healthy
13352.153985894873,0.19987186200828355,-0.040792140631049065,9.7876638602569,healthy
13357.14931559061,-0.18396040666518354,-0.3444111118331739,9.781876520376201,healthy
13362.164453233838,-0.4908055511285271,0.24590884179860645,9.679778560897027,healthy
13367.250711685263,0.1184244652021531,0.3152315984106262,9.970052435887714,healthy
13372.21818504095,0.28941786299672934,-0.05138350937423668,9.776641685583618,healthy
13377.173446223967,-0.22317808169064451,-0.1634550459418864,9.658003247233887,healthy
13382.162653334304,-0.17786689390615965,0.40767667159750476,9.76935874245891,healthy
13387.136351697103,0.05111482382167426,0.15288098512544196,9.919650026598609,healthy
13392.053752699365,0.008758468530151386,-0.14127625281915068,9.767271034924942,healthy
13397.084467736147,-0.4223430113049764,-0.22199649800901464,9.797817565473153,healthy
13402.066482417658,0.009287518276442447,0.3155547634886506,9.772953915038563,healthy
13406.996624772399,0.16561104588475326,0.10714812633156036,9.854007419336087,healthy
13412.054390466143,0.09898997008215583,-0.485518871046915,9.826031139042312,healthy
13417.20204901599,-0.07064362989053871,-0.3545377411009191,9.845340892449947,healthy
13422.07633240472,-0.23034485744417046,0.38145033446935755,9.735487697113536,healthy
13427.056740952568,0.0850629550555081,0.17324739901414338,9.769194404975474,healthy
13432.034529588158,0.04833820001702502,-0.18481892834557542,9.755587134508321,healthy
13437.037614406221,-0.10049731868739478,0.020445472132124408,9.850779855474858,healthy
13441.970510671106,-0.12480054422433853,0.1613808016692129,9.916958573187609,healthy
13446.985173432846,0.2866715361006776,-0.10174558592934231,9.936218801087598,healthy
13451.94095868058,0.10704399700011152,-0.313506414098173,9.857200113301385,healthy
13456.91077791222,-0.2905603224789411,-0.0458575789504649,9.67199844115623,healthy
13461.922288869031,-0.04636212943938515,0.07243613725844789,9.825318527234991,healthy
13466.798145645307,0.295257900361119,-0.06714866180897439,9.872284555422844,healthy
13471.78831420866,-0.2056253209347206,-0.15421223758237418,9.865495216970325,healthy
13476.773846718204,-0.18107661142701334,0.020123931444063242,9.851578554303517,healthy
13481.728205404163,-0.09213743596083956,0.19814731556744214,9.783825068454568,healthy
13486.716297262918,0.19938116561371216,-0.060955182481918266,9.803108850096947,healthy
13491.76236111734,-0.08174515546950019,-0.27324614621390075,9.616550960634239,healthy
13496.811563014633,-0.2748289661058109,0.24890587389602317,9.787886683841723,healthy
13501.858252660946,-0.15806221254443537,0.31151131306986035,9.837680334842709,healthy
13506.875263735952,0.10525868339683259,-0.017959673992208366,9.844488841130415,healthy
13511.879099478147,-0.13473356454433993,-0.14699285205318496,9.864682842431481,healthy
13516.905724805814,-0.09134314657301365,0.17774421656409292,9.656420184951967,healthy
13521.856306423828,0.3329257677945472,0.08720094916603882,9.820368454574833,healthy
13526.797548178258,0.2737172914498859,-0.1130975810994592,9.948541564279644,healthy
13531.791688123092,-0.10572457653709899,-0.23061423595723035,9.753365263319628,healthy
13536.782160574568,-0.1265086466693539,0.43822693380049915,9.802089215749334,healthy
13541.794337695377,0.23174243381683293,0.0056649859634813615,9.965960593247456,healthy
13546.83358241197,-0.08135698915783264,-0.021639595288024865,9.844417730104096,healthy
13551.779417345697,-0.43860509460368996,0.16312076040506746,9.695634059847091,healthy
13556.773133143868,-0.05301494307043422,0.17128185838302484,9.667103753686094,healthy
13561.621409549422,0.34622935655562853,0.15393562398105276,9.856318002934566,healthy
13566.619042050908,0.23912596956583998,-0.17962371234690033,9.830148266307464,healthy
13571.606478559595,-0.3380180633579499,-0.016249383725708895,9.724150832964852,healthy
13576.629615052416,-0.02838079446208219,0.28411030665153814,9.802062521421885,healthy
13581.59583711803,0.38488997178117795,-0.0029188324872485016,9.938006046946041,healthy
13586.578646509444,-0.20975220503400024,-0.191714679585339,9.830591110771518,healthy
13591.60217027201,-0.27997986466093355,0.049267719635487324,9.749499122117486,healthy
13596.649032523332,-0.11737743959894897,0.18726389414974393,9.741758653831702,healthy
13601.636822209222,0.23396587450623252,0.043054575546454414,9.88712378700304,healthy
13606.632580259615,-0.31065640504202485,-0.2542714210710893,9.666983027399098,healthy
13611.738281437816,-0.03693966583218522,0.01580219737574108,9.721588066025642,healthy
13616.744943901876,-0.0517053945687604,0.2489097279239204,9.772087718657186,healthy
13621.792315952154,0.23037366725695152,-0.2577847652067676,9.922761172029949,healthy
13626.71398689117,-0.08140482899152104,-0.208449238072966,9.686835858864322,healthy
13631.66392050732,-0.12167240658408592,0.2166103882972576,9.875186101147404,healthy
13636.558671273842,0.35869409707988775,0.25051794095400903,9.771624466568287,healthy
13641.489673754502,0.3342571535368922,-0.22137439540884973,9.621363169202763,healthy
13646.577168533186,0.09151441252027206,-0.15249270996592115,9.81616658483403,healthy
13651.541265111231,-0.2191965067794991,0.206205556084498,9.88908325218591,healthy
13656.6464707999,0.11998371841611254,0.08813791191512621,9.9543334586431,healthy
13661.695277164565,0.19624641027506207,-0.34735763394462116,9.831424106953746,healthy
13666.659324261322,-0.12119600459412419,0.10983076233480421,9.756228056254661,healthy
13671.627178884692,-0.07595996771602528,0.20899059105573156,9.638565909393298,healthy
13676.669142793751,0.20908573526758703,0.076884213474504,9.944544963204175,healthy
13681.682526751305,0.2686382803667254,0.002860097989297039,9.835152610754006,healthy
13686.71287484642,-0.20612329179273398,-0.1599358284561438,9.775928314242481,healthy
13691.661612057544,-0.09845784218109001,0.2503768015489155,9.810708695987453,healthy
13696.637756881719,0.19495956777327883,0.09818311039116814,9.853123545248017,healthy
13701.630492599343,-0.13823192084836936,-0.36506470664801804,9.756199521598738,healthy
13706.60807108905,-0.1423780902753931,0.2021090056239697,9.687878260661199,healthy
13711.663217562875,0.2190767135473264,0.23495128515658223,9.815337073256611,healthy
13716.678180900542,0.20244431373112187,-0.162784864175827,9.80590455096461,healthy
13721.58003045144,0.16233242553881796,-0.358669672073729,9.733301159437724,healthy
13726.657588267055,-0.2355504504113184,-0.043209774115698985,9.72715828010061,healthy
13731.655121846428,-0.1103107061469798,0.1284865361642442,9.820716670783506,healthy
13736.578255332206,0.23015995479541904,0.043650228466917955,9.981870374572287,healthy
13741.533369336006,0.09994630441264978,-0.3931556978568651,9.843759064473984,healthy
13746.544555841856,-0.14796037020755615,0.07347238656105758,9.849159151545786,healthy
13751.420279398037,-0.035725112855007735,0.13525006303724232,9.91449070873293,healthy
13756.488179825927,0.14179664589147187,-0.11947190036833594,9.796190008071896,healthy
13761.42254755913,-0.13874358914477944,-0.44254373301803046,9.628765259709265,healthy
13766.439302899671,-0.17961983518652216,-0.04341783502316529,9.763302496488214,healthy
13771.482991075132,0.30344216472301044,0.21814064871146768,9.786242797860238,healthy
13776.386150102797,0.3532434052841687,-0.09300097391826874,9.82138518265913,healthy
13781.433795132245,-0.09629235341358161,-0.3058838836984074,9.671415528597095,healthy
13786.466075622002,-0.24086131569914837,0.26193158644676745,9.770277005787639,healthy
13791.423674721003,0.13531402695319883,0.20001710263088865,9.911832197175512,healthy
13796.4409322388,0.2090617403035409,-0.38115843220253864,9.820889781299897,healthy
13801.428196569794,-0.30661525614975954,-0.08527994359968369,9.823049147136834,healthy
13806.492108638351,-0.023556686864670676,0.1933024795801222,9.650269064876309,healthy
13811.506361179325,0.35683180958246147,0.2944276918277576,9.917849903692165,healthy
13816.413760553647,0.21978580500304412,-0.31244376680009245,9.718776203721724,healthy
13821.343126656866,-0.11722916109092454,0.038878645285847654,9.699830591364414,healthy
13826.397189635944,0.01804473705866927,0.3710244993364154,9.687249533766664,healthy
13831.37912901691,0.15468056603798525,0.15234276408455016,9.830854627463827,healthy
13836.299550856034,0.030659474374494126,-0.2951689914334266,9.807565646286072,healthy
13841.328324041608,-0.25450057701212725,-0.09698686324647338,9.815200849818883,healthy
13846.336977257672,0.17749174117749034,0.35870792699815673,9.688415846242632,healthy
13851.278574196043,0.370925027413277,0.21064175619849626,9.80277193337782,healthy
13856.226080458728,0.133961100928392,-0.23410931509949492,9.7829035826489,healthy
13861.238089105129,-0.36963552463381244,0.004515464367543201,9.97876148100852,healthy
13866.24726619946,-0.06667574313166968,0.21137251901257878,9.853332099652638,healthy
13871.243251684054,-0.02585670695775033,0.07774181291790323,9.824505702357305,healthy
13876.268013006576,0.030463144267856943,-0.12324247048795865,9.695933737310472,healthy
13881.287090190557,-0.27155602369902454,0.25104578736780137,9.67876393699744,healthy
13886.24326085137,-0.008563702287930283,0.19520845864940004,9.838896617191018,healthy
13891.318641911681,0.234009638894233,0.12549258252435172,9.930045561817705,healthy
13896.315283431692,-0.18491445340258503,-0.30660691612705915,9.726784696686392,healthy
13901.398474805097,-0.1061222461777853,0.1305425913447703,9.721036570229865,healthy
13906.426663351682,0.13850061151294812,0.27902062138605543,9.809758323318885,healthy
13911.399371986627,0.30732021975233226,-0.02394515863177843,9.790708891228386,healthy
13916.35434310449,-0.33023756088311307,-0.16324491503597358,9.730367723586358,healthy
13921.32577910369,-0.33962126455744557,0.38524459065179695,9.784450226688914,healthy
13926.319888130176,0.11782315138450428,-0.07321463100968129,9.835803790070708,healthy
13931.30771092627,0.08241786441165444,-0.4062008802825894,9.798742134919937,healthy
13936.380208155206,-0.329523470297308,-0.14658003695052196,9.745112706546708,healthy
13941.448504653272,-0.10267675933467664,0.2847481191372882,9.823712617754977,healthy
13946.477703518787,0.13915728192351257,0.01767661796584246,9.88153924547924,healthy
13951.475084312986,0.1847332276398866,-0.24976532947370217,9.834571499996475,healthy
13956.46606583544,-0.31479081772328493,-0.11247797857452677,9.802205982701766,healthy
13961.441544737054,-0.166758093113741,0.21714869240709475,9.70078194912248,healthy
13966.368483245813,0.21854734601480721,-0.009201444865176218,9.773079348751121,healthy
13971.424722402344,0.1995445132558317,-0.3701250907986293,9.778770229823238,healthy
13976.403379666339,-0.2919657552137525,-0.16631956926744296,9.884931894089911,healthy
13981.458267940183,0.0768649113686357,0.1117442281883744,9.774455823506926,healthy
13986.498697399806,0.22523096025516187,-0.29344941025379406,9.756441542831501,healthy
13991.37972166278,-0.19809294805331093,-0.0020011844807310553,9.911630711372215,healthy
13996.365016019708,-0.20430882186333305,0.0567917804348691,9.832332699896606,healthy
14001.399188958141,0.0969583741375261,0.041930483668786905,9.808264615201287,healthy
14006.368368947455,0.15041487584493435,-0.2127421053529707,9.824574020656996,healthy
14011.471302780717,-0.25581512672241546,-0.36748687429917615,9.928847660000198,healthy
14016.481472514472,-0.02049245108082337,-0.035955603284612475,9.832771636585568,healthy
14021.497761723806,-0.055440136045119714,0.31778791969067893,9.847828861029342,healthy
14026.494548414028,-0.15883482362031592,-0.09295588582810349,9.93849629319498,healthy
14031.393610217203,0.13062329731218889,-0.2653117740188281,9.88258984998917,healthy
14036.359115316596,-0.21229891415754032,0.35295623443183116,9.630544341824255,healthy
14041.38211263404,0.2281447899963723,0.21789256748519173,9.752433871724604,healthy
14046.37443125755,0.28472502436864755,-0.31497273993903907,9.941352367823225,healthy
14051.33755634378,-0.32471676970824803,-0.19144090439197958,9.719424680730173,healthy
14056.29630770848,-0.1162154728127523,0.40702931699928635,9.839240237026145,healthy
14061.227478043662,0.3817501784639873,-0.05128970609220146,9.664076494092148,healthy
14066.220763425721,0.13984679910372527,-0.1971612216195501,9.85255910567226,healthy
14071.210890049375,-0.0441512210729012,-0.15783360083274972,9.70117057817395,healthy
14076.160791383661,0.04658517275563627,0.3991939613016126,9.85559247266384,healthy
14081.118126963349,0.160440321699403,0.16797063767767276,9.79677824872411,healthy
14086.115722460165,0.0973060161706181,-0.3031169655343787,9.68239875885268,healthy
14091.111059975061,-0.24575126953035034,-0.0887474312595927,9.769804775724529,healthy
14096.09014254469,-0.01640525384680675,0.22481089053014153,9.683141412864522,healthy
14101.061704928023,0.16382369415074077,0.018507167712291557,9.786654623380421,healthy
14106.021670917537,-0.00536831471629173,-0.15408314849169336,9.693042829886963,healthy
14111.035915679799,-0.2068614298906011,0.1610587583500565,9.728426307873141,healthy
14116.045858357971,-0.03370195371605969,0.2039052872121177,9.894480415539343,healthy
14121.037551382738,0.20798248128714675,0.011049851295481257,9.799699369554807,healthy
14126.12687763225,-0.08712129158613739,-0.2696206935725391,9.854196401369471,healthy
14131.089323763577,-0.16980990596410678,-0.007705385726020031,9.71357112537913,healthy
14136.07528973291,0.09354241070787431,0.32301141678683354,9.684849908477577,healthy
14141.039666317636,0.35240876204466937,-0.12281394427429436,9.995396107392523,healthy
14145.99992047916,0.03005204721644024,-0.39163251136855004,9.730159160781541,healthy
14150.917375028166,-0.4880294398649213,0.44179789421902416,9.729893963049932,healthy
14155.874585235835,0.2538736215269508,0.48440681693152193,9.82552372207742,healthy
14160.936556707982,0.11629800813692164,0.13896082324709197,9.972647287924884,healthy
14165.937782213698,-0.11898471142983563,-0.40031165511134675,9.77753623739998,healthy
14170.945909317426,-0.07521799241700422,0.29107952072236953,9.645986418289528,healthy
14176.050372916812,0.3253773573002985,0.24581899905212812,9.978068912602605,healthy
14181.070609193035,0.20596496017983187,-0.2233728737003406,9.939871800503804,healthy
14186.17321529269,-0.08362964989269289,0.10146905988754504,9.802228793748467,healthy
14191.229342336646,-0.26298526841288244,0.37848060793677857,9.808569215881626,healthy
14196.143428334599,0.2464012520431668,0.08951683522878859,9.856386520478342,healthy
14201.057977245548,0.09029733793736107,-0.1941221967469366,9.859255114814204,healthy
14206.05441921424,-0.16437490363741755,0.025827192371355015,9.845455279537816,healthy
14211.113354877774,-0.07170615650062975,0.12746029268332915,9.766297426547922,healthy
14216.124269378663,0.21368299089027895,0.22812438215677178,9.886690343932077,healthy
14221.157669021157,-0.13973148679885533,-0.16427091074056585,9.883352846674217,healthy
14226.141051482617,-0.17001984398244707,0.10800695053404558,9.720016998637785,healthy
14231.096509711055,-0.050747285833971666,0.411511593182591,9.798721414269377,healthy
14236.18112280867,0.23568187348902256,0.0935505794347708,9.71744970966759,healthy
14241.238502719532,-0.015030796918062792,-0.07288801915159712,9.805542080430067,healthy
14246.201028401376,-0.19861501290386452,-0.09793066555552873,9.730554775529468,healthy
14251.115585269948,0.3992148462327682,0.2014368547675489,9.835186168987978,healthy
14256.077176157207,0.294409870358203,-0.20537029812718094,9.87151990268999,healthy
14261.127471939406,-0.18610199403316338,-0.4152549839525178,9.920691401401825,healthy
14266.127576331139,-0.09126254616767099,0.22077016045983977,9.865785168873003,healthy
14271.141646162754,-0.019214216833795622,0.11583517792537383,9.753086024295971,healthy
14276.241498635483,0.21147216892384688,-0.04208519502834902,9.801928913017296,healthy
14281.234975871474,-0.05413400872998084,-0.23162927238685332,9.738634338678386,healthy
14286.137680555916,-0.16326339119095143,-0.10617575567688811,9.79000478639115,healthy
14291.157805984956,0.03880883880241229,0.05911405980663374,9.758927916035539,healthy
14296.150111464498,0.1645100814181572,-0.33966789957902116,9.892296268928714,healthy
14301.103448662176,-0.2188558956877907,-0.3128237703867439,9.738644444741212,healthy
14306.132084425557,-0.02136712763532797,0.07799433712960316,9.763288289937034,healthy
14311.098872856486,0.3683909008197964,0.32047728763258687,9.8736711675503,healthy
14316.098490424538,-0.15508349826478648,-0.14121739595620197,9.85909230767155,healthy
14321.087443742854,-0.3646892814276769,-0.28255477881012814,9.628593099291317,healthy
14326.155177098095,-0.35441767167583543,0.21256511325659677,9.76500238856907,healthy
14331.135401911839,0.3303718765887569,0.013559799289055971,9.863434272373992,healthy
14336.162527058008,0.08427758946897836,0.05557834550103227,9.910911996200973,healthy
14341.089893849978,-0.3165867091875328,-0.13116606913401246,9.672620374551087,healthy
14346.093802649073,-0.2619423968036547,0.18525124167422535,9.733153881318431,healthy
14351.080070125347,0.22131426932153583,0.012100643309893178,9.934965498956851,healthy
14356.037189199236,-0.06164719806168906,-0.10555380969364853,9.756968487916911,healthy
14361.091287548123,-0.08839600002953912,-0.043242634198289706,9.652640606618357,healthy
14366.077973458347,0.031314107949657326,0.47044094809675424,9.895469046917507,healthy
14371.118702473304,0.1598695251274987,-0.14916945626834577,9.887915153409995,healthy
14376.038231002718,0.15074694475289294,-0.27418949110293034,9.871185022769623,healthy
14381.035833853046,0.0031091992186733086,-0.12751611221589565,9.749826705342866,healthy
14385.994135131774,0.12042271071441768,0.29953224233598824,9.909745340434064,healthy
14390.93201262521,0.24442705911304835,-0.07605781036822964,9.786763503023495,healthy
14395.902823031274,-0.0830400822442741,-0.2520002928848218,9.696680946365474,healthy
14400.962542798885,-0.3839790737968854,-0.10528036138338348,9.8013852884913,healthy
14405.92089107297,0.34776050388161417,0.16051228596180234,10.014949693225285,healthy
14410.947859923222,0.3109697794600882,-0.10618231378235346,9.871436142930275,healthy
14415.988270667947,-0.13910835521432918,-0.15162471001800565,9.73584619768573,healthy
14420.940786328867,-0.3919207094199867,0.01914263718691986,9.863442027768015,healthy
14425.894269722443,0.04819963331915067,0.023353953975774028,9.886482833851499,healthy
14430.865609786799,0.25166015315115986,-0.06238155667670428,9.691960849989723,healthy
14435.83648483631,-0.3287685286578807,-0.10223772946528879,9.82308167862435,healthy
14440.862347461116,-0.09105143894338641,0.43467300591792063,9.682396894796394,healthy
14445.88351416016,0.37471864731355947,0.19551975369492663,9.90982294036084,healthy
14450.900961590141,0.059159339268271036,-0.37449296393783804,9.809094586232245,healthy
14455.94115998299,-0.09528338741552395,-0.04310086592163758,9.765378604010337,healthy
14460.91408380904,-0.03474415514695719,0.18164311523902096,9.770254972692397,healthy
14465.904982960803,0.46396284015006156,0.0999998937842475,9.76823202991019,healthy
14470.890377683028,0.02751988842507302,-0.17911034484797306,9.702983966105755,healthy
14475.924296644558,-0.32165617058069296,-0.05900819986564,9.797823552997208,healthy
14481.020072136047,-0.1445437491017316,0.22424178618809265,9.774469689547919,healthy
14485.944889426006,0.2236872397343792,-0.056495953389686895,9.931257330817155,healthy
14490.924334455,-0.1659458793855276,-0.2620031399033746,9.80574608463027,healthy
14495.995455350305,-0.17351702394553042,-0.20722505936176974,9.781578421037054,healthy
14500.956910731278,0.05478253142438439,0.4537006375395912,9.821421489143072,healthy
14505.868352817903,0.1063326822657989,-0.04760428690448355,10.010870508794733,healthy
14510.873665632058,-0.017277749376464535,-0.17362430819042857,9.706907847555891,healthy
14515.908118861646,-0.2918682570326364,0.005019870034271082,9.729831101669639,healthy
14520.90807014896,0.16901267696354857,0.3728860797341107,9.772160860727265,healthy
14525.857197325086,0.1806935379915561,-0.24215276948166345,9.784753676497097,healthy
14530.849533422712,-0.15913900089329633,-0.4152002204110083,9.828520461729697,healthy
14535.862177885105,-0.320754863381325,0.22417124162617166,9.779612299969928,healthy
14540.88603887786,0.21132421563408177,0.18771751588174757,9.62420721519519,healthy
14545.877630364177,0.1988249944143658,-0.020310016249669494,10.018006943020172,healthy
14550.823809418189,-0.2597032692849949,-0.241776792748928,9.643320235925566,healthy
14555.823113033073,-0.15714181746805225,0.3237350628611353,9.725137764768489,healthy
14560.866045749497,0.18015655550899545,0.08621345046208584,9.654511209012762,healthy
14565.90349722838,0.24757694194583174,-0.2952429739266391,9.830222962186546,healthy
14570.999474037011,-0.07756847043844173,-0.16715778298906042,9.762622717954125,healthy
14575.966204349723,-0.12366627528365595,-0.02719776191801021,9.67919487842811,healthy
14580.967924738676,0.29022315981026003,-0.013334419401209732,9.83118843710852,healthy
14585.912997399895,-0.036742320546516646,-0.4580738372579502,9.796239636498184,healthy
14590.911801465581,-0.32922702379752,-0.0677063942876844,9.784668537602824,healthy
14595.947395697573,-0.025927031083618976,0.30161042267968385,9.869892975095281,healthy
14601.00342607162,-0.08103936928789854,0.005032500372484493,9.824171255286963,healthy
14606.06039929201,0.006906079637092858,-0.11263972413553364,9.871218637359902,healthy
14611.137339178,-0.35117745290426244,0.06705762127086151,9.663679097824705,healthy
14616.106118560016,0.053850092531282104,0.47419377881353625,9.869777709034366,healthy
14621.106916476361,0.31260104981101705,-0.19245350790123794,9.85478729299117,healthy
14626.142426104241,-0.1511837544792986,0.029692177819093113,9.618279518715013,healthy
14631.119706238074,-0.3796508167606467,0.3265081273710445,9.770094361802057,healthy
14636.119685505962,-0.11699015252902986,0.3534895258522489,9.731997568870606,healthy
14641.125111225503,0.04711207708733331,-0.03904183998864934,9.833723336739789,healthy
14646.120031215629,-0.09740112664693219,-0.2362298916785543,9.722465496061199,healthy
14651.140734427225,-0.21747533937153302,0.14366774197177193,9.835833300340912,healthy
14656.138862994672,0.15298523198400948,0.11574963947095745,9.847754553276415,healthy
14661.096529778204,0.309700580675035,-0.030337933071108936,9.788530866087054,healthy
14666.14974542929,-0.13131716991421288,-0.10179711014062516,9.812471895017909,healthy
14671.110662343186,-0.3186537837214844,0.21196338567713538,9.597863078989574,healthy
14676.139618283672,0.1996680525239429,0.06324354128883178,9.820210161453403,healthy
14681.163189787212,0.10104642251340842,0.08471933139611382,9.806325474978077,healthy
14686.130803412292,-0.24109545715746314,-0.025417167991499415,9.856629244426427,healthy
14691.104304540439,-0.0732083918339609,0.4425627565228585,9.975479963748093,healthy
14696.122651289445,0.2092522852936462,0.2598255728581714,9.832430668771343,healthy
14701.129062051185,0.19379998051689953,-0.34622981989249046,9.903698587175608,healthy
14706.108935724818,-0.26868761250292794,-0.06338448443324715,9.730430302493174,healthy
14711.060379063865,-0.14863781755129746,0.2572842544279411,9.759635740434048,healthy
14716.124481365774,0.399935601742744,0.024363649207675045,9.868153693612262,healthy
14721.144322702723,0.07596824928535496,-0.33340358033596296,9.749443669828272,healthy
14726.168255031542,-0.32231401480446364,-0.03978816789154539,9.692631514685482,healthy
14731.191016903667,-0.05234605657672751,0.4137203263437117,9.953196284170364,healthy
14736.158128736593,0.26728071657876123,0.16046247677168513,9.872779120912309,healthy
14741.052983629263,-0.02653134044201775,-0.2125142657779589,9.779726831873418,healthy
14745.98894280995,-0.32304381634641643,0.12260800983857753,9.75613066612538,healthy
14751.007028828732,0.1738932316528387,0.03387320425374149,9.747380105293626,healthy
14755.977196398582,0.23283586687186195,0.17329630068417323,9.904430084457488,healthy
14760.973771950314,-0.08667564629967756,-0.2439406317834757,9.850800271226694,healthy
14766.002573601669,0.0743468989309386,0.09622513856397112,9.58739263862375,healthy
14770.938297097367,0.26028771632404335,0.2295929999354879,9.931128962851323,healthy
14775.983935412622,0.2446218004064934,-0.08835514064422709,9.901909617688727,healthy
14780.92391718007,-0.07890971119187842,-0.09206241274841272,9.697524657683822,healthy
14785.98952544069,-0.3190989639445022,0.11628137838076227,9.692002763769052,healthy
14790.98345729486,0.1446130088345849,0.015604940516536686,9.804824874094649,healthy
14796.06505211942,0.15828114360892573,-0.28878422252235053,9.924074038314254,healthy
14801.044759631117,-0.11416224404960935,-0.26707943281381186,9.742673938631931,healthy
14806.014906738788,-0.29170904270298303,0.28470261005154324,9.860135336388957,healthy
14811.001511599192,0.1385702903855562,-0.10260363561275268,9.838520811313996,healthy
14815.988471532439,0.12326439486629112,-0.2879476268821131,9.703142655364875,healthy
14820.994348929315,-0.14453858025475586,0.11026272864957408,9.80731926552121,healthy
14825.958811077238,0.07140760381328207,0.28060824803822626,9.831378647915924,healthy
14830.936799182782,0.21617385585948898,0.13118739447962438,9.86391900606906,healthy
14835.874154086036,0.11352232252191137,-0.1721702204877768,9.799473785013866,healthy
14840.859012474337,-0.23759722070913486,-0.017442048277716345,9.613747312860005,healthy
14845.879041640457,-0.012990826226065871,0.4703707541355354,9.776197587565237,healthy
14850.783853378884,-0.14506313025679562,0.09022368464616047,9.84546512409778,healthy
14855.760224524724,-0.08918867792708131,-0.5344143645026402,9.730299365225324,healthy
14860.691679099375,-0.22800503690290044,0.0941829025282929,9.716810933095932,healthy
14865.745185423231,0.06784922313977189,0.12599337277859723,9.751688864548223,healthy
14870.700010920675,0.16803120622625875,0.0874678076290036,9.922326663438023,healthy
14875.683523590358,-0.12798316420088668,-0.3129599262493085,9.869495650316322,healthy
14880.702055389711,-0.193530931546646,0.04560335917350615,9.824931924467336,healthy
14885.712601268298,0.1434137791196179,0.17113930965125368,9.882998825337902,healthy
14890.75597384965,0.2651245470710221,-0.18794895437282175,9.88919967251981,healthy
14895.76678959298,-0.29257546708758875,-0.12001645861825638,9.765205781841626,healthy
14900.763141048174,-0.14833346657693225,0.07431490875871873,9.799753015663985,healthy
14905.723538460961,0.08170168386821018,0.12517945521347965,9.872262614182098,healthy
14910.693170793023,0.2712629396170354,-0.013547411696800044,10.01248534735418,healthy
14915.701849507162,-0.17718402218711923,-0.470236063701687,9.899186846208522,healthy
14920.713263909349,-0.17007306163932437,0.03796605851975446,9.880911859498129,healthy
14925.67548510233,0.23841078946399125,0.09224787747905196,9.910688587202381,healthy
14930.688535630446,0.09200415533904921,-0.3072230668957567,9.781628979767413,healthy
14935.676383567752,-0.2884350384256778,-0.0728251836901391,9.718299399751515,healthy
14940.64312857862,-0.13694167013964023,0.2012687289623608,9.73894398109206,healthy
14945.758048752221,0.08888867852255167,0.10644476489215712,9.847176003629814,healthy
14950.76137473779,0.06100615281590011,-0.19177682704083132,9.970433720174956,healthy
14955.716628179942,0.0469335790808246,0.16724492055104806,9.755089909801505,healthy
14960.681702158654,-0.04375280022527667,0.24677252395668894,9.773866962343483,healthy
14965.742720956481,0.2574227111989624,-0.21665115512566135,9.833738539791485,healthy
14970.722998575471,0.07050569097609975,-0.23101429106970783,9.865249650115343,healthy
14975.784248957661,-0.3830975460582269,-0.1597942138644327,9.771125427014908,healthy
14980.64138547239,-0.09780208717740205,0.3529102978306526,9.907824195296593,healthy
14985.67093700724,0.0035797782771372633,0.153272994731415,10.046816527291252,healthy
14990.626617837714,-0.1653563234803634,-0.49030601479402636,9.886005221630066,healthy
14995.651662271279,-0.1618387611598881,0.07363647839323405,9.821058118238653,healthy
15000.668861823151,-0.23334169363485022,0.26592676660376297,9.843101189892552,healthy
15005.66401512267,0.364393978314649,0.22335283969329178,9.889084664427862,healthy
15010.64966330866,0.23661110335893745,-0.26622291098823436,9.784515209334483,healthy
15015.661355789462,-0.2926705728246554,0.06309121772916479,9.814687444844948,healthy
15020.699061482344,-0.09839134666953034,0.2651750729872771,9.79873447760359,healthy
15025.68825931958,0.14663996532573878,-0.12267662738199682,9.874745485919195,healthy
15030.71826018229,-0.22148623430173567,0.1084587337814105,9.743316264639796,healthy
15035.75106138017,-0.2845537619032133,-0.0993500704408603,9.808987881687624,healthy
15040.753233163954,0.17707514459092963,0.3601389983772746,9.939197877356285,healthy
15045.719278607348,0.13016631760403108,-0.10502962320267534,9.864878780584641,healthy
15050.67814392416,-0.2522032508493891,-0.08733121608379045,9.721426406272226,healthy
15055.668362711729,-0.3170757793897149,0.21939222142495693,9.761123314160223,healthy
15060.610103207175,0.11250794135972464,0.22024278099717787,9.735792766124009,healthy
15065.642249346492,0.01109335885752552,-0.22753470702035203,9.963883228346578,healthy
15070.67983068014,-0.1888134337343377,-0.09724505595761285,9.897053754305775,healthy
15075.69576471614,-0.04555439717273038,0.14441155749803808,9.671731819173662,healthy
15080.71071311035,0.2449292217839206,0.19671184858463503,9.927572074999691,healthy
15085.69138223594,0.009866971008510375,-0.28911366107063613,9.810998686604899,healthy
15090.712680001016,-0.24784074867468042,-0.17837086989492026,9.667272037958826,healthy
15095.676031936744,-0.10251862372058886,0.5217097646378022,9.760432836545236,healthy
15100.676214948478,0.37634133710591516,0.1419835108242339,9.844251353590447,healthy
15105.601810871722,0.0842630435350155,0.006684029141415776,9.856670398284388,healthy
15110.622973912663,-0.3840895503113959,-0.12821986695589,9.81584398887948,healthy
15115.546417154337,0.014462689333608565,0.21445914230583993,9.71135263954384,healthy
15120.505492278104,0.2539273766302908,-0.023658847592366635,9.836957961183272,healthy
15125.554532105563,-0.11271521906187895,-0.17929080070027736,9.880845879282678,healthy
15130.68166109688,-0.14195655891932388,-0.062406203081196376,9.856530192351688,healthy
15135.627023041035,-0.007390289195742,0.3635914577243778,9.718037921399658,healthy
15140.55447304948,0.21194817649537212,-0.25146464296828763,9.93367430105801,healthy
15145.56559545614,-0.0400397344871595,-0.3267292709540928,9.939931109222565,healthy
15150.532501162972,-0.18963321878278142,0.07758229139024522,9.739062080444828,healthy
15155.533441017034,0.307074280976659,0.2321192019667407,9.951327283798362,healthy
15160.525875089828,0.12649690379373119,0.06070619807720115,9.891284871214163,healthy
15165.496446307176,0.004364207464802622,-0.25288425311883306,9.808513705105861,healthy
15170.484941020057,-0.17147953050374423,0.17298496786522852,9.70299492280248,healthy
15175.524831460425,0.25557675690717474,0.18889890058629752,9.77771790574711,healthy
15180.521809390275,0.20670053805551938,-0.3290570317609645,9.720450711680236,healthy
15185.471311686726,-0.1880498751930546,-0.2675770265226261,9.734104455186072,healthy
15190.455882226093,-0.22742502746468202,-0.10081541902055335,9.78271391745824,healthy
15195.395127228765,0.2829796138750899,0.19289538658189054,9.739187645033251,healthy
15200.375378797658,0.22581717059370326,-0.26510957478594305,9.967358177415909,healthy
15205.38134893178,-0.2528940339510632,-0.13563555315240014,9.630984058658875,healthy
15210.401943690475,-0.052318009337879605,0.2326182281186972,9.749890102762484,healthy
15215.414762033164,0.34868987170886734,0.20486972527060393,9.832204717736163,healthy
15220.335086011639,0.1802274967328451,-0.3862729569148574,9.949670202336478,healthy
15225.250039252005,-0.2596925901046725,-0.05522678853771426,9.6078795913622,healthy
15230.293936452803,0.11779212292871923,0.30939177879180624,9.774517225169932,healthy
15235.383716021628,0.2921669818100511,0.06107718943998179,9.898083839119419,healthy
15240.359858379148,-0.00355394590985917,-0.2785432518348453,9.976707811423598,healthy
15245.399668245864,-0.23549233162007138,-0.17384163876828373,9.68619432481447,healthy
15250.379489338598,0.09530318478757557,0.4559651386725151,9.83620011428004,healthy
15255.285623417349,0.24248243062998298,0.19652709110820535,9.930509616350575,healthy
15260.344934921068,0.04387647908244873,-0.32139028713554296,9.735626477821045,healthy
15265.275462385833,-0.09630167881289553,0.1069545736318952,9.738086653306924,healthy
15270.271841707941,0.07815012663132252,0.28618065034154916,9.789220955632574,healthy
15275.327029960252,0.218871312689301,0.007003121807463347,9.83640066320927,healthy
15280.239258300453,-0.07980402099867874,-0.05522330217852006,9.886724998000012,healthy
15285.25562091071,-0.41732114681602495,0.03410849522720033,9.769393594083834,healthy
15290.25474522823,0.09321543540122006,0.22617804806067818,9.80842859727763,healthy
15295.20594156882,0.5232862887714826,-0.27774906592526993,9.915362111151147,healthy
15300.253355519406,-0.002730725995792299,-0.18579256604295286,9.810491059299661,healthy
15305.271298894273,-0.41921524062147086,0.10655507910993528,9.722786146170636,healthy
15310.257861618982,0.09836646981293726,-0.04153311596815895,9.907185439837226,healthy
15315.280717807398,0.160509441774133,-0.10378481969758858,9.867166107989927,healthy
15320.28538970592,-0.2608040889977829,-0.10509396943776489,9.833116372226119,healthy
15325.225138082857,-0.15572336595042546,0.05709805472161528,9.849178716315894,healthy
15330.186523443157,0.36194445579627116,0.1473299540335676,9.918062123281608,healthy
15335.214184345396,0.19509793821281918,-0.05356206825915111,9.698068187506271,healthy
15340.229944058714,-0.002261514741283388,-0.2959148521663046,9.708793665431982,healthy
15345.116380879706,-0.14151478974129625,0.16367198752553697,9.802097975587975,healthy
15350.088227216102,0.4229321778291006,-0.07314082996130947,9.786909195146444,healthy
15355.05642927886,0.009122413683006425,-0.23131251092284444,9.763825804909137,healthy
15360.063336538089,-0.20194232016637534,0.01164925809272134,9.795019857229306,healthy
15365.016642006278,-0.31524322688247164,0.03349367302659398,9.785890699972091,healthy
15369.999250484352,0.17282652646108382,0.005358417422117706,9.80440323314314,healthy
15374.950571308776,0.2372659600836941,-0.19467592102377945,9.959032126005221,healthy
15380.022272879974,-0.2894531957132432,-0.06092905224077744,9.672615293144823,healthy
15384.943559872165,-0.024962846117264334,0.29525186551236743,9.937739733858296,healthy
15389.933378074766,0.241508236168864,-0.07316814242329876,9.937476867465097,healthy
15394.90329663216,0.15307764391657058,-0.22694710780668123,9.725774827866971,healthy
15399.958627747395,-0.27955818730253906,-0.14305628667169706,9.720870430985947,healthy
15404.949146243414,0.1599595240525603,0.42287012299646054,9.925198687935149,healthy
15409.914357507814,0.3897160943773419,-0.1194281978003781,9.935655145732225,healthy
15414.898811220886,0.050298877891341326,-0.10556437529746798,9.934745559663433,healthy
15419.832470556485,-0.18749017369944135,0.07204794012503155,9.62316754071908,healthy
15424.816403282244,0.37624106861842704,0.4909700557492289,10.034727818650623,healthy
15429.772088746256,0.2443819306732539,-0.26744537378127303,9.9773315082338,healthy
15434.843425061126,-0.26418411443739614,0.058546573360457266,9.676073165221945,healthy
15439.796267925769,-0.11102294895042088,0.006637504087794427,9.776597970226227,healthy
15444.768461138774,0.06785457717243551,0.20599072703282645,9.957948715676054,healthy
15449.638856502355,0.23229559104954428,-0.09160891197068208,9.863008531152426,healthy
15454.671004741636,-0.09657641100937153,-0.21511936112880345,9.785388489564724,healthy
15459.660397427966,-0.15511337130143582,0.19128386937903474,9.670141119267802,healthy
15464.684836407769,0.058998727397178014,0.0473315576659671,9.662585494260188,healthy
15469.754918104692,0.17318992127961955,-0.12839495503370407,9.952872471858974,healthy
15474.77862248624,-0.27945383930434264,0.1394146931623416,9.698336685530407,healthy
15479.747034695063,0.02592294225893474,0.30754111894774594,9.878358550540884,healthy
15484.73282992414,0.3355841395906657,0.18622280456929036,9.844700708962556,healthy
15489.647568905111,0.22729284895219676,-0.3016766987162812,9.990552895828328,healthy
15494.5990696067,-0.2520907838374916,-0.1931390604987536,9.80136116514823,healthy
15499.476083675127,0.022997455274500506,0.32837185571875055,9.741286195406516,healthy
15504.489979553131,0.28247482529015505,0.02261496622077437,9.904441388110676,healthy
15509.591709705344,0.07893774562472715,-0.27061220435008143,9.807428801852051,healthy
15514.60983481237,-0.31600493191649615,-0.08419726125552124,9.702010913839226,healthy
15519.624627922147,-0.05778674487659049,0.3829210279070512,9.688806349729362,healthy
15524.595158736269,0.2487273456482339,0.10226230281718554,9.840272101181503,healthy
15529.530308487572,-0.2119107072373605,-0.24291213608495738,9.920800701282744,healthy
15534.492034611834,0.05589644449140532,-0.13842290959015643,9.721124948119105,healthy
15539.418992777062,0.21185045097610544,0.21851731962273063,9.743911331704345,healthy
15544.459993748247,0.40914733018805804,-0.20815711132099338,9.963908015324323,healthy
15549.473629005508,-0.16985623252706222,-0.27647590991104914,9.772889904130263,healthy
15554.483833110427,-0.2626791680320463,0.1335885478682693,9.606570093252236,healthy
15559.435476704883,0.18098965909438108,0.29394263978703655,9.817977980258561,healthy
15564.4567671293,0.31845892521800534,-0.15500002185916237,9.849614153605982,healthy
15569.407020283454,-0.2274769258478393,-0.23246618646659298,9.945465661634676,healthy
15574.36246787414,-0.17782320154652964,-0.014038380890711383,9.827096048731233,healthy
15579.3401809095,0.046253417782196146,0.15050963911751264,9.85075588973062,healthy
15584.340226521535,0.4035434188742626,-0.20499527920555402,9.893603505580769,healthy
15589.312458618944,-0.27448096546024137,-0.22003678068795884,9.955156116637735,healthy
15594.380105824805,-0.08992821846335221,0.11448634247051816,9.868063968281254,healthy
15599.346115523154,0.34836693896737414,-0.011768682179170986,9.76768494926988,healthy
15604.333469796096,0.3156354810520285,-0.30511323719894895,9.778868013262537,healthy
15609.30141205937,-0.1487324827560988,0.1576112808032607,9.798141570743955,healthy
15614.275196160432,-0.029127848104213858,0.1408154075244593,9.86411555169921,healthy
15619.343296773308,0.20004310138962741,0.36269740977011233,9.774511085604706,healthy
15624.410619722976,0.044140304841335756,-0.23773121398068692,9.787894558678854,healthy
15629.431416318512,-0.355231606351334,-0.05884937742118868,9.683627151437054,healthy
15634.398105145467,-0.25997864870841575,0.12203406187270878,9.851757574777078,healthy
15639.317195447587,0.1497850485026624,0.008947323218960114,9.812642204823533,healthy
15644.290099354583,0.10908575721979928,-0.20173186533791135,9.868371494077946,healthy
15649.36089589325,-0.29358682453126966,0.015110162295605462,9.77328513575563,healthy
15654.381747796633,0.07268975319695614,-0.07465546825633615,9.908880081908867,healthy
15659.371706116131,0.32208118262040725,0.25456081936582736,9.827049368984065,healthy
15664.32730924026,0.16355868852146577,-0.2409222636506656,9.6368745169901,healthy
15669.353418212966,0.008868559742809479,0.16104688303740966,9.73224125746093,healthy
15674.40246597716,0.09431972758641943,0.294865967471845,9.826439564847856,healthy
15679.462114540796,0.23508937423081294,-0.2601381568491652,9.84830187996216,healthy
15684.50604249826,-0.02161099724181717,-0.2732810339883663,9.771505100342049,healthy
15689.525987091418,-0.19856312783391278,0.11474314318414465,9.70080963501766,healthy
15694.556792164478,0.4288942961493929,0.18177753625750107,9.95805031743089,healthy
15699.56820571529,0.19316545574236332,-0.04028076546512506,9.95878036125701,healthy
15704.58940572927,-0.14252057221188802,-0.2128696562951129,9.798635897175233,healthy
15709.594174118447,-0.28619259534872726,0.33893994958284324,9.753730388051533,healthy
15714.602548831539,0.3288031595901356,0.09590663134724653,9.731166066263022,healthy
15719.55510028488,0.1323987565370602,-0.18204735530434862,9.838169491849689,healthy
15724.536878167062,-0.09015224068816761,-0.21349295160234671,9.719619967489681,healthy
15729.555993157197,0.06420472986207344,0.15374339867043227,9.745633138134957,healthy
15734.549786977617,0.23040776454757045,0.0996649763566843,9.787454459327583,healthy
15739.482249011606,0.1486905892075907,-0.3547638054925839,9.853079061852538,healthy
15744.506606407514,-0.36673239444221084,0.1365793384847372,9.823988523208651,healthy
15749.448623456634,-0.06132728200274873,0.23835854143958476,9.893895017042464,healthy
15754.484049973762,0.23687839386059173,0.07629942594294108,9.851980991139222,healthy
15759.485155256642,-0.0702913352670843,-0.3223749254589541,9.826384465224692,healthy
15764.525961175312,-0.2702906902940784,0.12118706721764902,9.900436623122879,healthy
15769.671758107348,0.0670498602997052,0.15763060559747885,9.86041166933946,healthy
15774.740843512029,0.2466931528357474,0.11158943406212743,9.88982745686608,healthy
15779.79952962401,-0.013059132813394728,-0.39158476053676966,9.739819923560896,healthy
15784.788876534025,-0.2379663368102604,0.030585878432465123,9.709685533702952,healthy
15789.760192184269,-0.0438022010471521,0.2238716594554164,9.845267137044942,healthy
15794.717850860574,0.35934700395647207,0.13490158461087287,9.839800226838749,healthy
15799.712386400428,-0.04892155552109809,-0.2786452418909646,9.893098379942922,healthy
15804.678721536511,-0.268538700964756,0.13883215688387632,9.714649596345085,healthy
15809.644080211548,-0.0395664080056182,0.0194497108442733,9.890391032637979,healthy
15814.598941877633,0.26236806114071143,-0.045773606658495905,9.925748587436265,healthy
15819.692924836469,-0.14512449136230732,-0.14453473878835424,9.822492952027934,healthy
15824.682277991573,-0.16118902057012124,0.13036045329224796,9.727321595955212,healthy
15829.625646268278,0.0782415959908776,0.31608766028880253,9.889498090233882,healthy
15834.662681921734,0.11713549170488907,-0.3529436292706969,9.851833802981258,healthy
15839.6488014232,-0.13889104275949488,-0.20282583569390256,9.686412383430826,healthy
15844.608019812604,0.02266017503176307,0.1673801728290186,9.794922985130507,healthy
15849.578009120043,0.44570486261174513,0.12880388730652897,9.958339216323346,healthy
15854.577580387135,0.14562204345939125,-0.10757346634420152,9.953656826112761,healthy
15859.616622721687,-0.07721295594594674,-0.07570026406273704,9.757503924356477,healthy
15864.659913005202,0.10233238183549115,0.24014268373076705,9.589493271731854,healthy
15869.765010275652,0.39682056788716313,0.17393290484241797,9.807765676492586,healthy
15874.72464847725,0.15687840695009805,-0.35900576782410826,9.728225081654754,healthy
15879.687612507174,-0.17143718620913395,-0.1493980695795479,9.786457244478385,healthy
15884.644468528119,0.07948597327666607,0.17383826127763258,9.840594254647064,healthy
15889.641763502968,0.07483178636444193,-0.08898453445267417,9.87792121389231,healthy
15894.57182728229,0.06106807002864094,-0.2693105152572449,9.961630321793624,healthy
15899.530467483148,-0.24469891016831938,0.12651891344471905,9.807871852509177,healthy
15904.494915398775,0.07341676920085088,0.2973914773186288,9.720261137572498,healthy
15909.490058735993,0.27707063455811487,-0.13961874933822324,9.849081868042575,healthy
15914.570473287062,-0.019411940026211223,-0.3173126443908304,9.745255923891758,healthy
15919.516616228637,-0.21094733938901375,-0.0063631841591663685,9.69539677293873,healthy
15924.5128259827,-0.07402439150753602,0.2740638709924313,9.75172374109855,healthy
15929.506766088643,0.37096587846402906,-0.060884853359114345,9.845543235166822,healthy
15934.58593158825,0.05181690162397662,-0.08546549999539907,9.791986883240742,healthy
15939.6615402963,-0.1638851172908737,0.1482138267887236,9.798947385287157,healthy
15944.62956552845,0.2768206891656583,0.24403745390758336,9.757453891382871,healthy
15949.586374578581,0.16448530158322625,-0.24072324460621924,9.788979705615299,healthy
15954.740006032314,-0.3812308622849021,-0.5601685469425032,9.831361772589892,healthy
15959.666995764115,-0.0056657091184894315,0.030150496934950394,9.846308485396262,healthy
15964.723469918123,0.04032324235654336,0.037787086070679696,9.798474559012208,healthy
15969.680893570787,0.1917702261506166,-0.27649763421538476,9.722661783855894,healthy
15974.744588359952,-0.32889795442930825,-0.02226860972463944,9.836169389085557,healthy
15979.803781120092,-0.2739000159401618,0.22861828870337042,9.805445127107632,healthy
15984.781250122915,0.3504825453132704,0.01117609251986125,9.781109939846774,healthy
15989.76599459329,0.3172189707315536,-0.14906769401022674,9.782226406065329,healthy
15994.728818951842,-0.08233684877885308,0.028717626402871878,9.664535732933588,healthy
15999.728389604898,0.0025558484961050593,0.3261339116215447,9.756521932485734,healthy
16004.738852053733,0.36341402281668334,-0.04985407758467156,9.714925535797503,healthy
16009.727823902625,0.07467655559266058,-0.20408811873720342,9.781946030056632,healthy
16014.652002977144,-0.3465802946719285,-0.08301910990733628,9.66679625539672,healthy
16019.656406362326,0.15806291895501884,0.3541656037461823,9.83864060226668,healthy
16024.646117583181,0.5291839909679694,0.14437103455873507,9.862518517967976,healthy
16029.569564902658,-0.19087497678674017,-0.07097545001827613,9.826837285796577,healthy
16034.600167140305,-0.262283915370509,0.14427543492135714,9.81970404282129,healthy
16039.592995354471,0.048278623260893314,0.201968652549542,9.678883535761768,healthy
16044.620752400342,0.19794947040439717,-0.14126023112018593,9.6953618104058,healthy
16049.627544231991,-0.1709626374363557,-0.09405842623945382,9.747286788585816,healthy
16054.612567786136,0.03572014920252506,0.06665371040639889,9.76989319468831,healthy
16059.62879502897,0.018548775483852503,0.2052411132791217,9.862279068997319,healthy
16064.625172349566,0.19272976061177804,-0.06577086922615212,9.793804744609444,healthy
16069.631770398175,-0.11386350905597857,-0.24399458227470064,9.76415214119469,healthy
16074.555067286376,-0.5639332310847136,0.3477467946397551,9.793369855661096,healthy
16079.48455388287,0.1545145956239844,-0.0012020310843913196,9.780360501469989,healthy
16084.514551477583,0.10747738148163791,-0.006346683433408801,9.910310307945064,healthy
16089.5324604259,-0.2050873420524993,-0.23801957733766782,9.721262746933089,healthy
16094.560266127484,0.09016765682930603,0.37270558664566417,9.871046631680628,healthy
16099.507194192338,0.2635954099765097,0.2758072888154035,9.691782081251645,healthy
16104.521110263608,0.19290576063992515,-0.207100088418177,9.897538416529262,healthy
16109.551958062437,-0.10693909787034489,-0.253745921427927,9.822991616926211,healthy
16114.632508523215,-0.09326869893217249,0.23267775978931143,9.727960979452057,healthy
16119.594367125948,0.44116668380678814,0.13395276793790706,9.96980094948448,healthy
16124.63030295186,0.13512211970692917,-0.29005084491321315,9.760429914312304,healthy
16129.638209803737,-0.14654085188899627,0.07753501403051485,9.810354934613223,healthy
16134.702091847323,0.1502641988885584,0.21539477685631034,9.677656030708311,healthy
16139.72491489951,0.4975829389071183,0.09703443660471114,9.839408091144081,healthy
16144.703649869687,-0.09324829354789405,-0.28590683579448145,9.730062427357913,healthy
16149.828706948301,-0.21087615210507596,0.12728865392074074,9.738753249441604,healthy
16154.869559516548,0.1441266036635952,0.3358060345117623,9.852685083240623,healthy
16159.780052184078,0.29521857116538486,-0.20319197507360337,9.79851786134545,healthy
16164.760130936362,-0.029085004843625417,-0.20990987085400079,9.61236185838165,healthy
16169.738525143572,-0.16506260964097982,0.23598701723394838,9.826478144276408,healthy
16174.770267474343,0.058896907567292024,0.2621602737569485,9.78690159374431,healthy
16179.698109717883,0.15847920069943683,-0.16032765461941634,9.925674902752203,healthy
16184.640905766912,-0.056034635252275575,-0.2490460810925077,9.834431446516318,healthy
16189.681722433257,-0.13671267114846883,0.12515355350969143,9.755428711385115,healthy
16194.665886545397,0.07352702270028863,0.10482861178637037,9.72589883217925,healthy
16199.737327066763,0.23066728274452009,-0.2641758879559264,9.867910365146404,healthy
16204.799241411862,-0.16087618117111238,-0.13346861527624737,9.82999955989536,healthy
16209.731411404757,-0.16048544241079465,0.37638928429111107,9.742871695963824,healthy
16214.76187942498,0.2516730987631452,0.14835044609109507,9.856840727829953,healthy
16219.787298714093,0.2424279025271865,-0.29688874405000576,9.845049691795545,healthy
16224.793636243096,-0.28162939991547103,-0.0713552951808469,9.65836839091525,healthy
16229.754682773571,-0.13485819715785594,0.15544685631613375,9.85266552379156,healthy
16234.753378948053,0.3542477142680262,0.16919464961771963,9.775482540725848,healthy
16239.780134898496,0.3259041323747835,-0.16445538995783013,9.823020399873233,healthy
16244.824005435245,-0.36828060877557983,0.1826284360062619,9.845366297048939,healthy
16249.915187688963,-0.0037438631453963513,0.2564399210999454,9.774394198105812,healthy
16254.942009929344,0.2588157870647687,0.1737262485793273,9.853015270114142,healthy
16259.895960429902,0.16296667474326526,-0.28704731795458466,9.82225368849698,healthy
16264.845685282726,-0.33003739992994197,-0.07896720352877389,9.754096250279126,healthy
16269.808496867434,0.03133138672067766,0.24682400896203088,9.850564211215616,healthy
16274.913030705282,0.09783148056107516,-0.012884966846443698,9.707674397606468,healthy
16279.951416044521,-0.21079211060998498,-0.22809213791251234,9.782558722703836,healthy
16284.902702070678,-0.15703750129308938,0.2282036628909379,9.742949172451734,healthy
16289.811935335607,0.012639029758091336,0.3107738002033671,9.935103582568985,healthy
16294.795041508543,0.279096664638109,-0.24403631501328354,9.916411544109328,healthy
16299.871242680265,0.08919192783922265,-0.26485350363030746,9.870272437360747,healthy
16304.898735087487,-0.13108024322915235,0.20287602404332647,9.800907801979335,healthy
16309.92240763658,0.20647697550193864,0.300239109103903,9.834503323740188,healthy
16314.936671690792,0.23355661214792076,-0.09611772820560535,9.769375382695996,healthy
16320.01077307936,-0.09155992106266056,-0.26455596928964475,9.737037686421687,healthy
16324.95649225195,-0.19293416142053188,0.19502508990774256,9.85805630554502,healthy
16329.934764661533,0.11210409446825106,-0.04146232677973191,9.81333087680805,healthy
16334.978157314496,0.1486875172415908,-0.44543353514425693,9.819809207774398,healthy
16339.964779255943,-0.20112194321218393,-0.24889916678717305,9.721444725446455,healthy
16344.945585083135,-0.16431414192270716,0.209326533577279,9.80827552113704,healthy
16349.901164224651,0.42431386179647324,0.1138149815123728,9.845052625758024,healthy
16354.863055400006,0.03406337511295955,-0.1463599678330388,9.874741450753575,healthy
16359.922090514292,-0.06052168599566801,-0.05784978474308462,9.78711525609907,healthy
16364.837531569925,0.03919756996031479,0.21471036956734327,9.7759188424501,healthy
16369.827798815923,0.36270058038582653,0.0509242668567992,9.914805824787551,healthy
16374.83464214823,-0.0821696714835785,-0.13038755606146024,9.853811496397382,healthy
16379.79279477828,-0.303697946739597,0.18419471385518257,9.764388510476474,healthy
16384.817922166585,0.0890752422541563,0.3005800325928848,9.85594838880298,healthy
16389.807306479157,0.0649675083796693,0.12094561279676365,9.683413107762238,healthy
16394.850027009412,0.11541490237466275,-0.2513155691239642,9.717873956968553,healthy
16399.855564182082,-0.12586685286144156,0.07693610723379382,9.694272141484,healthy
16404.88202669472,-0.015459279206356709,-0.09152525116533264,9.807924892577283,healthy
16409.88692865913,-0.02079357095329687,-0.15941706844499176,9.794064124695298,healthy
16414.841657458564,-0.044064785769299,-0.2690407043806755,9.92221485610767,healthy
16419.76774915285,-0.04400471224345057,0.19455306935614688,9.8170433887288,healthy
16424.795043895734,-0.030083856956983027,0.08828736639806048,9.876390805166851,healthy
16429.770097110628,0.169326256717366,-0.21475563489979,9.875690314765542,healthy
16434.75146193535,-0.3671043652912173,-0.21579310598287124,9.60958821634009,healthy
16439.81289004815,0.016245113879818168,0.12221345407519937,9.732220748259277,healthy
16444.860259521905,0.23501154312598582,0.2720043262979746,9.879496225774375,healthy
16449.920604558105,0.20335958813446642,-0.24534785774071738,9.916796696820485,healthy
16454.87802369206,-0.24900768061217388,-0.00455752744607732,9.773112383177633,healthy
16459.90192346894,-0.0006113293789898333,0.31100993635254637,9.848743161429754,healthy
16464.9352896068,0.2570220456023416,0.07936909197975223,9.84463050547954,healthy
16469.948335045894,0.08709455409824662,0.026039128280909762,9.888927837731492,healthy
16474.961158856906,-0.31620203992783313,-0.021836321717181917,9.671150161129752,healthy
16479.941122354267,-0.1351894667476123,0.13610002905411211,9.876283814210066,healthy
16484.999451339972,0.32417624033710996,-0.028609568701172677,9.891224008783292,healthy
16489.95194477617,-0.026027701524457762,-0.13768690287126684,9.814444054423921,healthy
16494.943376643823,-0.27237022028949026,-0.08175738553783099,9.9690848988825,healthy
16499.96952515958,-0.15663957020154773,0.29927916726271,9.911551847933513,healthy
16505.00191288248,0.17287083310166607,-0.22708495159512332,9.93302061922086,healthy
16510.065319452253,-0.2355070604042165,-0.3134109520297141,9.821222155006513,healthy
16515.106280425232,-0.01841957608112557,0.19394623439922254,9.966295450317428,healthy
16520.1028111497,0.24602222233627738,0.13474071556165151,9.66144626910906,healthy
16525.027308915895,0.2555896445514944,-0.1653177212400791,9.787723962204279,healthy
16530.057614467587,-0.1705141085557746,-0.17481178148039206,9.800983429807996,healthy
16535.037292093435,-0.37383821056153343,0.18085512591778313,9.694961151495708,healthy
16540.063315906555,0.14547700499552363,0.23092051303337657,9.822833828741313,healthy
16545.06572784835,0.2544260753685792,-0.0742964520549299,9.890199231353257,healthy
16550.011361426827,-0.10699293077343017,-0.08232816967858447,9.879338352905835,healthy
16554.987289500445,-0.04604301807033584,0.06964883024907458,9.723246036916125,healthy
16559.94573475393,-0.08066257753522765,0.37429991466246887,9.832722602748122,healthy
16564.93678087564,0.024596879187491344,-0.11093285601958086,9.77927821266183,healthy
16570.06142031867,-0.024664201494120436,-0.014430620510946207,9.943626495742526,healthy
16575.006464889095,-0.23263920141025168,0.2840955211643417,9.763410968264601,healthy
16580.00075621454,0.2708291830534232,-0.024442186697797297,9.888031095972233,healthy
16584.888864342338,0.3163978696773071,-0.3982393415678328,9.846241826611154,healthy
16589.80617710407,-0.2730579030889912,-0.15014029245687485,9.819657765981342,healthy
16594.850529569496,-0.03375360913084775,0.15821498529440237,9.723560818311785,healthy
16599.894458018705,0.29668184431808,0.30456546854043776,9.892654401766242,healthy
16604.88484942922,0.12084230427715026,-0.03279044386694965,9.810214488756356,healthy
16609.899189384192,-0.04030970079164678,-0.10687675618519044,9.753962700579574,healthy
16614.959798353444,-0.1652282730570954,0.3169863965105175,9.797438206655446,healthy
16620.023123396833,0.14327620694686966,-0.12605649974104577,9.85078139386032,healthy
16624.98963259577,0.0163703409853872,-0.34639211009750115,9.814877287471452,healthy
16630.017893572334,-0.24848813972998188,0.23811121553033435,9.811010276147028,healthy
16635.0756190586,-0.02529502146809305,0.16332898475419283,9.942964750891852,healthy
16640.011113063734,0.4424484404282186,-0.1832603476844199,9.906117419461124,healthy
16644.96581837147,-0.10886050323128778,-0.2985364832465148,9.936820725010904,healthy
16649.979216321524,-0.3627623888708689,-0.049251075246614345,9.710451938925196,healthy
16654.972798894814,0.10276644593235192,0.08828266722272876,9.961769638297932,healthy
16660.00169550823,0.3562146171209304,-0.08222529560784102,9.872037896272664,healthy
16665.0409457746,-0.19756580818032093,-0.21956806897676484,9.711605738346762,healthy
16669.908007342478,-0.033862819958111745,0.2775090161830106,9.84248993755111,healthy
16674.865224917463,0.08870999084431697,0.17737290435155345,9.67717145848022,healthy
16679.85220351433,0.20610237042749968,-0.09354183570769378,9.878608464987428,healthy
16684.832931431196,-0.1543069680601135,-0.17456450415001107,9.86484495729574,healthy
16689.780921551028,-0.24692953245901716,0.047576760779694915,9.77180452191065,healthy
16694.73426572428,0.010888959569095996,0.2454393871714469,9.83707691340254,healthy
16699.693957177627,0.3048102898488827,-0.11436089971953715,9.794831995257823,healthy
16704.653596236025,-0.3186715487083873,0.017865253319913205,9.920014443122751,healthy
16709.721364319437,-0.01427911436859014,0.28514946812064196,9.770820962735632,healthy
16714.79154140549,0.252190887472528,0.28101380923668595,9.949509212535682,healthy
16719.802006870905,0.131223338558334,-0.2705840877472083,9.819204051186457,healthy
16724.78662234907,-0.09006959586592636,-0.13484908894071929,9.816183874383636,healthy
16729.672928190008,-0.06610672481061919,0.2134777365784628,9.829342150602924,healthy
16734.64821859357,0.23284890959883464,-0.041765163191336996,9.833171550324897,healthy
16739.64684132442,0.14797348404052563,-0.1940488531074131,9.838227890177365,healthy
16744.706405543824,-0.2980255724908587,-0.11165484910202468,9.753069181761234,healthy
16749.71242993563,-0.21273334019219042,0.20178149409780327,9.701515303170025,healthy
16754.745985021418,0.3055513268841015,0.014979163657173798,9.941698604121584,healthy
16759.800694510974,0.041312767505323256,-0.39555627961458384,9.69441738201126,healthy
16764.817605738288,-0.25660374613550735,-0.04113587826031914,9.881574709996292,healthy
16769.77568967473,0.0545820273094698,0.25763190392312235,9.837530942884797,healthy
16774.812761338573,0.24340288929003764,0.11642062389160432,9.727229029714106,healthy
16779.794117320584,-0.19986701463745044,-0.21448292639281422,9.836252632695642,healthy
16784.81530356886,-0.29936216757166806,0.0549496882098217,9.825313759178908,healthy
16789.68415991434,-0.00907139529746484,-0.020520238917638073,9.863222985391257,healthy
16794.72553344637,0.13608035272189242,-0.18345289765724132,10.138600350101264,healthy
16799.744532467856,0.06394663180322073,-0.1240273909312836,9.823822482524298,healthy
16804.766546205163,-0.33811168925167445,0.029277298961714243,9.743748547023461,healthy
16809.67640375692,0.29963376620952953,0.4172153389069668,9.874807005702609,healthy
16814.636431523217,0.29944458036626154,-0.3917506873802278,9.860421372561506,healthy
16819.677111489018,-0.1119710497718297,-0.2514670146965722,9.867661595027434,healthy
16824.739870745518,-0.38641793144847886,0.14964442584240514,9.787206747650552,healthy
16829.663202250533,0.24952938509193695,0.02654164675875087,9.876655961649202,healthy
16834.699257947537,0.23165554627521512,-0.07446701730568954,9.792984261558372,healthy
16839.731687994434,-0.03795152153646328,-0.32415613932793497,9.767949597274926,healthy
16844.743018167588,0.009550684890926447,-0.015233776546198285,9.650000223670329,healthy
16849.76924127257,0.4137751638275319,0.07675810542483408,9.868789891780512,healthy
16854.74381453961,0.16990127161958601,-0.01998716024050351,9.810477014460757,healthy
16859.76585325433,-0.20158512118164323,-0.08932799082183199,9.921076828050072,healthy
16864.780260212352,-0.20616787667147737,0.2567659863115645,9.78605145487111,healthy
16869.901266899924,0.15768356562829622,0.039515875692329165,9.863634410152596,healthy
16874.87439952488,0.003582561824851841,-0.3647038927871763,9.856434934284945,healthy
16879.83560076996,-0.0635534724429899,-0.06967539461012985,9.723046455794012,healthy
16884.826634712434,0.08553209782263853,0.23885743378358837,9.813944485887891,healthy
16889.8050192781,0.23470344107027016,0.030331531383896604,9.796751181392569,healthy
16894.76482897945,0.043924746255069036,-0.22160250394739794,9.746942394829018,healthy
16899.87534396261,-0.14119122496182868,-0.030943077950965334,9.70878846667489,healthy
16904.855980394204,-0.04151381109049746,0.2156690001224547,9.819385660015605,healthy
16909.89983147885,0.4536993439890432,-0.13606048346241095,9.91125102100775,healthy
16914.86473267914,-0.04924605179304267,-0.33851456796635504,9.671590900038526,healthy
16919.796277160905,-0.3686906888498598,0.29561080791052047,9.753063848053424,healthy
16924.70383746629,0.04736146390497829,0.1591170061811556,9.924631221528124,healthy
16929.845439533,0.1503418253839276,-0.08616508677079913,9.698620239125995,healthy
16934.924041221107,-0.21550285375089817,-0.18194191457983455,9.80249887908754,healthy
16939.909099113866,-0.23373024711620838,0.23173856506557616,9.63125755992844,healthy
16944.91559871864,0.11137470402344457,-0.003296155724091615,9.925380530972921,healthy
16949.934408648016,0.30045318210875227,-0.3169664292324297,9.918839258113637,healthy
16954.89193533562,-0.12473289556751672,-0.06490413548811705,9.755243785780987,healthy
16959.872218045246,-0.02581975321471204,0.2710388132249072,9.749840694401415,healthy
16964.892029380666,0.1479589416200963,0.14816953364337185,9.807632260212813,healthy
16969.824422382193,0.032940685908914843,-0.18004765567070669,9.893312510660726,healthy
16974.835201358357,-0.2514421121034609,-0.10750342226630066,9.784831360087466,healthy
16979.82717111088,0.04645122079119213,0.35891057675413396,9.899725286257109,healthy
16984.78353084543,0.05129481613510917,0.01810507294253104,9.935912620227132,healthy
16989.769543737802,0.09463883372830618,-0.06660465833735446,9.712267918242969,healthy
16994.743633439484,-0.3318776058580686,0.10971753443502838,9.68662273272781,healthy
16999.907763434505,-0.048161795927995285,0.3720989813296062,9.936511629440204,healthy
17004.870325143667,0.1562166627758167,-0.0574792025489159,9.940697726671925,healthy
17009.82536114399,-0.17149217411094742,-0.32473035278114865,9.831523365002557,healthy
17014.887833223707,-0.37638629416151514,-0.1074336873631566,9.802730866456452,healthy
17019.850673348243,0.04315018173144282,0.24213493765607813,9.756176493660803,healthy
17024.85678532737,0.3180749042067182,-0.034486262275803606,9.799105912561865,healthy
17029.907633480998,-0.17853416705207,-0.2676985330629662,9.838402950054808,healthy
17034.913748534374,-0.1904268935884194,0.03325669509920685,9.809140605526856,healthy
17039.855956499403,0.16096193721901841,0.30643892689006413,9.757716926563182,healthy
17044.89886161488,0.3625955448426589,-0.04481142821805598,9.797226344194842,healthy
17049.914426400075,-0.05236483931761873,-0.16295752074676118,9.81362858039925,healthy
17054.90634714313,-0.19974999639641117,0.04856818271902215,9.938810062387267,healthy
17059.95706673355,0.3217447180438231,0.46517123491232926,9.7991114276759,healthy
17064.973276073564,0.4528301973015095,0.006737342870663493,9.780886978903338,healthy
17069.946820060984,-0.08512090005726865,-0.4773376855823318,9.624982257509354,healthy
17074.980076657484,-0.3031995089461354,0.2643674198607513,9.78825604833734,healthy
17080.016701093573,-0.0717238512043624,0.0817902450533137,9.930369227034202,healthy
17084.962375563693,0.1404616111972737,-0.14527981331762457,9.833195177073456,healthy
17089.905431263192,-0.3022586854570748,-0.01246295693722288,9.677484309180395,healthy
17094.951945870205,-0.3327015246350645,0.29253523235324974,9.68520788816822,healthy
17099.934153764803,0.22386425461965745,0.042822315257730316,9.84451100461001,healthy
17104.911699965935,0.03428719426507717,-0.3364000355862899,9.797141588016318,healthy
17109.932148441505,-0.31415132809768426,-0.04588118667696435,9.758122015475394,healthy
17114.919044052098,-0.16678726450168882,0.4112538717156229,9.805122119487685,healthy
17119.9339123119,0.1347176770907025,0.12188532034538754,9.76509947388953,healthy
17124.963379501463,0.13638013130541154,-0.2535715908849051,9.885334270707776,healthy
17129.896198041006,-0.23423672704384726,0.11511599724040394,9.807126950899422,healthy
17134.883143457446,0.08079397538180108,0.44634796574524593,9.842511607927841,healthy
17139.862495908103,0.39722336977100714,0.05898698186466089,9.76384482368894,healthy
17144.855297203216,-0.08691315289638858,-0.07943240212626401,9.811825915936513,healthy
17149.831976281974,-0.37596646166264064,0.004910460782827322,9.731133537883858,healthy
17154.75152295917,-0.074132351216283,-0.0012149314098670594,9.988819839911708,healthy
17159.717585072496,0.19800268721082306,-0.13593856963962775,9.880508700641498,healthy
17164.746333597137,-0.11290060959433532,-0.303840265255251,9.875183566276533,healthy
17169.68396079072,-0.2571383475289026,0.1252486137358222,9.795647122492278,healthy
17174.707887509838,0.30461070175321264,0.14290722157405034,9.78574983942272,healthy
17179.679467865397,0.25175244147779163,-0.21308196729972395,9.849599852979159,healthy
17184.685111291845,-0.14753093228259756,-0.05093024185108766,9.806441204894735,healthy
17189.69666477885,-0.17653764846364345,0.2846374829093168,9.658923052672627,healthy
17194.842832289316,0.14383631790979967,0.20899075828117133,9.721011099224512,healthy
17199.74722771595,0.25299235905336326,-0.25214622139759624,9.859108787467724,healthy
17204.76674749113,-0.17429011791354623,0.09498025514574507,9.776389938575573,healthy
17209.85086187965,-0.2803884265515445,0.10724433852129957,9.550026529815357,healthy
17214.826567273456,0.5320349566746025,0.2286586581382987,9.707537376599188,healthy
17219.8378260375,-0.13444359418616228,-0.2211567398897001,9.81421982192682,healthy
17224.86742223795,-0.18169541239641726,-0.12462895687261798,9.682320603733654,healthy
17229.886793458238,-0.05876695207856744,-0.05465313225407928,9.897175854935774,healthy
17234.93829690989,0.16087750641977605,0.12561724207238678,9.675019977811417,healthy
17239.894396148946,-0.17391581768343795,-0.29979420927388944,9.825734251048013,healthy
17244.89929316758,0.028422519101475308,-0.2033532833106641,9.623310631376196,healthy
17249.94196646346,-0.1314683009793436,0.2153485556805845,9.891415137532034,healthy
17254.957909883276,0.1579310311740441,-0.006482442234066351,9.76648496787463,healthy
17259.90340408533,-0.0812312002020238,-0.3224678658534945,9.737172035750792,healthy
17264.900376229216,-0.29135487590929415,0.10653321514759716,9.899318137352052,healthy
17269.9565048374,0.16888391526826735,0.30792471858929543,9.871398570793628,healthy
17274.944214463594,0.10115227328834164,-0.22459350937407588,9.73790047770741,healthy
17279.968167221068,-0.027877059111819737,-0.4754653931724774,9.882622717010726,healthy
17285.013092366018,-0.20746800169464874,0.21062329584012485,9.719750333113033,healthy
17289.97940139973,0.10257971893027389,0.2469398988267012,9.858690713094026,healthy
17294.930825291816,0.25266279116849116,-0.020604933776656273,9.822214595524375,healthy
17299.94816617982,0.018909026849654245,-0.2044049505842988,9.94255032366354,healthy
17305.0442258794,-0.33566537206927144,0.24806803856315507,9.674401403726662,healthy
17310.048290984014,0.25131859663902373,0.207676694858321,9.965792339638423,healthy
17315.050310346047,0.23329328115680084,-0.2575225301298154,9.879770533447433,healthy
17319.978651551373,-0.25074796765801666,0.03631592654971513,9.716000157987413,healthy
17324.976577809153,-0.2418072257909989,0.18454856611809498,9.846428666976076,healthy
17329.95608076917,0.3047983088757419,0.3382280053926855,9.961032198744249,healthy
17335.00893744387,0.04150997166578754,-0.20164158411111385,9.910027239661643,healthy
17340.022708068875,-0.370236373750058,0.026734271009265648,9.719579063984995,healthy
17345.06193116468,-0.2415557410978153,0.30053273020544236,9.786141231969784,healthy
17350.04292342901,0.09031201517380744,0.20250106102703497,9.814775570640576,healthy
17355.14814373206,-0.1319703650153928,-0.22961199910347588,9.891766186004817,healthy
17360.133374202826,-0.24621608866223402,-0.07584480127832723,9.868030337673668,healthy
17365.22182568983,0.014650332771586505,0.41043267640805353,9.955679639717724,healthy
17370.19130028784,0.16683937467981444,-0.0013837789807217005,9.850264708433471,healthy
17375.128983072223,0.005229574322778956,-0.0596909487298731,9.869951234758878,healthy
17380.111537148034,-0.3741910749802854,-0.07053463070591469,9.821809811503197,healthy
17385.093454855116,-0.10525564942201618,0.5896239783285652,9.88953991252802,healthy
17389.9509374247,0.05700332979875494,0.026427673318199358,9.995574211736358,healthy
17394.953632465244,0.027741431027023727,-0.1984710182405262,9.699867032276206,healthy
17399.97679014729,-0.352547698755252,0.2517225964179573,9.83571124604328,healthy
17404.95833563248,0.08270079098933349,-0.011621391734493086,9.830206325649662,healthy
17409.882303344948,0.18128417486791742,-0.1556330200348544,9.878525580614427,healthy
17414.9040416887,0.09353081982541966,-0.23843776110131656,9.711563932314142,healthy
17419.877533921615,-0.348355420160961,0.2833594427528623,9.728414426863232,healthy
17424.882975509856,0.1227496396951285,0.38700151972591634,9.816227224646369,healthy
17429.863949368257,0.38681816081612375,-0.33162898371953276,9.923555972658786,healthy
17434.82521937894,-0.2626244099211278,-0.35506727865128607,9.774504624904445,healthy
17439.91944273634,-0.08460267237798014,-0.00947365271179737,9.84788818956486,healthy
17444.93766197956,0.073806859736099,0.11566030601647544,9.95654553527318,healthy
17449.958204330072,0.09958347917306845,-0.3947455485872292,9.902479753416367,healthy
17454.927415312362,-0.3042738812246908,-0.05935368128813817,9.849312843061387,healthy
17459.88853868404,-0.2244638019721081,0.12040530582120341,9.870684364482802,healthy
17464.882015326995,0.2931412843881408,0.17309761505165872,9.765600470817335,healthy
17469.817187370947,0.007660713203531372,-0.2905937843896871,9.77108080965428,healthy
17474.88686831961,-0.3716160691854,0.04981726570037627,9.75286649067146,healthy
17479.813416086985,-0.23651755280981074,0.28864770555001223,9.887319387197877,healthy
17484.748905358945,0.339814027183845,-0.03890286975355872,9.87922181498113,healthy
17489.724106522888,0.13099905803371187,-0.41807930226723355,9.782615885437062,healthy
17494.691990900308,-0.2297409469972937,0.055728152618828214,9.54196270274127,healthy
17499.728680623524,0.1527710865493554,0.4077242350943416,9.882844863168586,healthy
17504.65557108303,0.23639946837475395,0.11028840072267403,9.85636140206932,healthy
17509.6479456632,0.10312541702924982,-0.39100312044862195,9.782420320634742,healthy
17514.638257097482,-0.36362491812079983,-0.17775430244974985,9.688608472726504,healthy
17519.54691820418,0.33924687370482753,0.018817251184223366,9.667027709727634,healthy
17524.55635605834,0.28406694802711574,0.00516143301518502,9.64332206349422,healthy
17529.578444344083,-0.1920697256969601,-0.2279263619719346,9.89876170575694,healthy
17534.565195448635,-0.3112081687699288,0.11635023475171369,9.747850716163713,healthy
17539.587480813338,-0.014624883587692511,0.10707544450557258,9.878183088908647,healthy
17544.63886225972,-0.035131463092739096,-0.12049419200541922,9.843391904586436,healthy
17549.598956530168,-0.15158279805959488,-0.42148724893026124,10.051574535284344,healthy
17554.672615652573,-0.25553963873536734,0.17701289422116312,9.889459420669661,healthy
17559.63952936768,0.15525584462569644,0.18039777204068908,9.822460855493857,healthy
17564.630350998108,0.03070360018793364,-0.1264788244638838,9.73825557810547,healthy
17569.657098336553,-0.20677500552003628,-0.246887036070025,9.819680772496863,healthy
17574.663959295835,-0.11952033824115034,0.18276960306136614,9.793989238018556,healthy
17579.698558366126,0.2054853644047838,0.3116269264165781,9.841528862994918,healthy
17584.726965964437,0.1898540919429304,-0.31260508682978944,9.956859559675921,healthy
17589.77985214825,-0.15294560492923176,-0.09096082939566298,9.673830116540199,healthy
17594.7225385675,0.030106010868381106,0.019197668350340813,9.944171390311524,healthy
17599.738936705922,0.18961796990841207,0.05012244200816368,9.83150803728529,healthy
17604.728609188485,0.113435887643301,-0.3772076452554316,9.770500448617346,healthy
17609.7159383984,-0.22745819646906698,-0.07614381666969572,9.707548305409071,healthy
17614.7074862203,-0.0916840360639566,0.29814922806111577,9.802226657542922,healthy
17619.711801242924,0.41460481178716335,-0.04461537285016058,9.866203193226392,healthy
17624.742622764254,-0.11363544037878023,-0.09840030099169508,9.87457225859306,healthy
17629.67802511877,-0.11658331564008367,0.034182059769591065,9.712237214972868,healthy
17634.714330257706,0.008296793764307064,0.34767638100983767,9.788978275387702,healthy
17639.82379845107,0.30963664993985174,-0.16200106488814253,9.756278873066565,healthy
17644.871309574195,0.1378285749305307,-0.2771479373155916,9.69392208663002,healthy
17649.793313564267,-0.4024975832773265,-0.10717672896712964,9.722037865049149,healthy
17654.811771447214,-0.05914397361847622,0.31603313070507066,9.725218678704767,healthy
17659.770344216904,0.3962927113347251,-0.08063480036045523,9.89666668080208,healthy
17664.77136606035,-0.10361122037936586,-0.19864030386736561,9.813378429438897,healthy
17669.716296521496,-0.310290840277813,0.1091089245276124,9.775525432624262,healthy
17674.706819380433,0.07752665901658129,0.13463613328823676,9.900838725873387,healthy
17679.67519287114,0.08013973038727437,-0.280798076740603,9.762696054618681,healthy
17684.728155199624,-0.18150834447693345,-0.3946358612116,9.813308802879224,healthy
17689.726372528858,-0.14335549152621588,0.08398786698192091,9.739074776464767,healthy
17694.71625340527,-0.039916260270005666,0.25564410522190445,9.790803343040624,healthy
17699.705934203823,0.14654540307045344,-0.18715777144316287,9.758009305422588,healthy
17704.681592090536,-0.21310563782914427,-0.2743527482569536,9.85125103693318,healthy
17709.623887457492,-0.17835019228579738,0.2785704736376735,9.581325678459603,healthy
17714.547032904396,0.14039201735922452,0.18779030799140412,9.83426158999948,healthy
17719.526597588298,-0.007857610027952017,-0.1960515461875798,9.692945191004066,healthy
17724.574082787538,-0.3110093150190538,0.012002669796606885,9.693649157865936,healthy
17729.547191665246,-0.04862940531992216,0.3952003730358344,9.840882356825604,healthy
17734.489163486636,-0.1294384125179268,0.3659301475131843,9.851272769249768,healthy
17739.40184854241,-0.11296485800240862,-0.21025361785383087,9.908009210839632,healthy
17744.367582212577,-0.3648096442245237,-0.058108470668813514,9.769448512116035,healthy
17749.298309186393,-0.008325693367477557,0.21621565729430234,9.85875248339463,healthy
17754.24216646772,0.17840307372565514,0.15768032261666676,9.9732971088392,healthy
17759.193746127166,-0.016863876727986733,-0.051321586443581535,9.893653443665087,healthy
17764.177988864292,-0.4122054255728286,0.08431566388265713,9.760765606348077,healthy
17769.25715506051,-0.0300516689682683,0.2350342348251476,9.920779858133903,healthy
17774.224716352972,0.09027379522993406,-0.1460343095580806,9.79592935541855,healthy
17779.217735133345,0.08044625542095188,-0.06985697611535194,9.671812372174282,healthy
17784.19196577984,-0.3607221737769638,0.3020545379275408,9.780746159441959,healthy
17789.21496513833,0.10474143612551302,0.20196712713399506,9.874039126540929,healthy
17794.113640099946,0.040519289988617646,-0.1490612923898925,9.93417973108898,healthy
17799.00299817308,-0.049235616991511494,-0.42940060782913214,9.784813256781607,healthy
17803.987479818115,-0.2740116180228682,0.23691818898306952,9.82200116869222,healthy
17809.007807421425,-0.023623604876618146,0.40145357325793296,9.773675401946893,healthy
17814.088319576265,0.3753083842124963,-0.27135993057462143,9.807132618437183,healthy
17819.11765731016,-0.27349561075445794,-0.19179887238986834,9.748326152444575,healthy
17824.138798354645,-0.23961669642887756,0.2537994581277535,9.662273125910666,healthy
17829.165088182268,0.24317260090758586,0.08278602252828424,9.788174023085997,healthy
17834.175263829507,0.35368981194453936,-0.15642989801170867,9.997753167926454,healthy
17839.08477843312,-0.40247314143628116,-0.40488364161025936,9.678404186438522,healthy
17844.05367657059,-0.03798792072927701,0.2720964525360716,9.774421775711758,healthy
17849.015160845815,0.18739501730171085,0.1091262486451332,9.847358407390658,healthy
17853.909906859513,0.2626115111759927,-0.23812134874981278,9.918954731463606,healthy
17858.909977024337,-0.13022704524045192,-0.15734382904005195,9.695877520099957,healthy
17863.945411811543,-0.1486558444362157,0.11202348764688354,9.699146149991154,healthy
17868.902173897946,0.2140278529850996,0.09465798668717239,9.83535729722224,healthy
17873.88325717492,0.08404859202753695,-0.29570198505096407,9.849002955138696,healthy
17878.920223181667,-0.0871896571827383,-0.19802250870705462,9.85708332104543,healthy
17883.912321327378,0.07090665441224064,0.21906918757168686,9.865081370246843,healthy
17888.936190063963,0.35818478102789975,0.10719217814306979,9.86764938463502,healthy
17893.876051756928,0.07773394941793846,-0.2988767941862553,9.817213305674159,healthy
17898.866204245827,-0.2791325766577151,-0.12914708627636848,9.80788560483151,healthy
17903.87474666536,-0.0340481366110582,0.40587862452370504,9.871807098646856,healthy
17908.841880189924,0.14054626979087947,0.0910252227133546,9.90878778247324,healthy
17913.817883522912,-0.18896143791509606,-0.07615474098590155,9.79728995856279,healthy
17918.82656778226,-0.3252002565656258,-0.014857854342388496,9.90719869070417,healthy
17923.75726888924,-0.1979908416348946,0.36998804546650044,9.749601199430126,healthy
17928.717208995204,0.23158365976606377,0.027656845778271877,9.857412133300146,healthy
17933.706789194915,-0.3025389516467239,-0.1876845456645413,9.955339106295375,healthy
17938.73073315236,-0.1473351538894398,0.27096381665328334,9.700485097754072,healthy
17943.769028397957,-0.020205670810831605,0.1485792387230166,9.928401206664164,healthy
17948.759678386185,0.19939539514250376,-0.02755604222016994,9.808431989432174,healthy
17953.794410357106,-0.24432946086074955,-0.1767552892850149,9.869111918416284,healthy
17958.75240849046,-0.12357835225934809,0.083636433669941,9.87992918625763,healthy
17963.758086911046,0.05651703577502541,0.183914851459886,9.889151638276573,healthy
17968.73141515902,0.010668977131576052,-0.2488565042746358,10.045442271695908,healthy
17973.693173232146,-0.21215334979969047,-0.18578115698408737,9.759497218144823,healthy
17978.65529321664,-0.03520334489945229,0.22151934666308556,9.796244854714795,healthy
17983.6995040476,0.013523601911554328,-0.03463039729951059,9.829088443367374,healthy
17988.714793199284,0.30371255795817853,-0.1917642186503732,9.733269383298106,healthy
17993.718768813942,-0.34629240578940146,-0.09922841919727429,9.7815891539302,healthy
17998.74906543399,-0.08681705921156277,0.11973063628600891,9.812349232908408,healthy
18003.684505946952,0.31497377573539903,0.14022576124408348,9.814605349964488,healthy
18008.67608878077,0.10740282255936812,-0.17105906994917583,9.887282541179756,healthy
18013.66764635774,-0.28260592365950526,-0.10998508362917586,9.69276023662606,healthy
18018.585207396576,-0.09672124983511196,0.1847129168285615,9.81452949806206,healthy
18023.589731480068,0.23926202513065797,0.01927444887731311,9.849832024913148,healthy
18028.52295647958,0.014406064579844571,-0.3138142935818879,9.821274278613513,healthy
18033.476882553376,-0.01648642349901344,0.17757786698007763,9.668598976167214,healthy
18038.57264394514,-0.024749929639064427,0.1989917687827918,9.88697106135803,healthy
18043.572016292226,0.29185315686765145,0.15826780312771258,9.929107954483586,healthy
18048.615401545474,0.1009711789014469,-0.3886736752451557,9.866567641814546,healthy
18053.707148573587,-0.4222090024617292,-0.01297603930730696,9.791752204452472,healthy
18058.75854588848,0.12139430082609215,0.18611789644554394,9.831617830079157,healthy
18063.853696670543,0.030188502315665944,-0.05369606267522713,9.975905000231046,healthy
18068.790410850932,-0.07882908943543196,-0.1944694192398875,9.829735218425972,healthy
18073.785379469035,-0.3126219748790099,0.11370552777460496,9.829757193086806,healthy
18078.87698092193,0.3677347915668774,0.24280652511411438,9.862221677102584,healthy
18083.922649464635,0.055968570636810655,-0.15901641571214237,9.865626816347316,healthy
18088.846095063935,-0.001960947785104389,-0.05515694905330634,9.979933818191684,healthy
18093.841780430346,-0.2793887151522036,0.21005640027438283,9.786694866339795,healthy
18098.859816142176,0.155277034388543,0.038123060370808676,9.819119908838296,healthy
18103.851284175624,0.14934372336028556,-0.13537441245946855,9.754013715890459,healthy
18108.86480947824,-0.44537827891640447,-0.1605240298977687,9.729966443710712,healthy
18113.885542972384,-0.21800513239930178,0.23053998281018337,9.770213366278568,healthy
18118.852251193963,0.3407724367820017,0.1894552451160058,9.798180926398837,healthy
18123.817740749993,-0.04922706583370601,-0.229012493569747,9.716210457270078,healthy
18128.78288071004,-0.2967145939315489,-0.23866530219341914,9.750542298900571,healthy
18133.701414599138,-0.0118315528820183,0.2978877434845248,9.926686890186215,healthy
18138.698343320324,0.05330662466800484,0.033210590118203064,9.946490900379711,healthy
18143.666772310924,0.05131944642625634,-0.34929577087189917,9.826821721890752,healthy
18148.667287045584,-0.6288989030707172,0.08278941803611235,9.613012001561986,healthy
18153.652366424412,-0.23271893260347842,0.16401826862119873,9.739522276926532,healthy
18158.59102852469,0.014889929783520245,-0.16931613074019525,9.824581470050031,healthy
18163.65823120895,-0.055282531537192856,-0.20125026672497295,9.897977948131995,healthy
18168.643722478373,-0.36057302368071364,0.17693803849882747,9.755018650722318,healthy
18173.637204712548,-0.1718414507901829,0.17723700614415955,9.888078067720286,healthy
18178.727105457798,0.2766868404232773,-0.11551418785629106,9.817560808519179,healthy
18183.619586061646,0.09036339018505418,-0.3167728736918456,9.708780267949994,healthy
18188.51673815401,-0.12266391540589079,-0.031625545503092975,9.838516850910054,healthy
18193.532564877583,0.219644378294806,0.20715498613676128,9.794283263656965,healthy
18198.612622117333,0.031618711614826184,-0.12702790303135364,9.955027606744293,healthy
18203.644819663525,-0.2440000278119572,-0.2556850557159484,9.75023152389099,healthy
18208.717533101113,-0.28115352656570436,0.2423470994364467,9.809870706113369,healthy
18213.754085965516,0.12851787914296187,0.3636560094859445,9.812338487570399,healthy
18218.69757976811,0.3351324208395682,0.07805701997987244,9.841098001907254,healthy
18223.68709135043,-0.025209605377204153,0.0163841414883652,9.69212782682881,healthy
18228.692233254646,-0.3877382547680608,-0.1283989060222142,9.841966866422451,healthy
18233.712896495203,0.3224877255549778,0.11865327656585214,9.859570431276016,healthy
18238.694705672442,0.24916231285027823,-0.15831756126366667,9.897304882728111,healthy
18243.727294131877,-0.1751925264854451,-0.30192678095865677,9.831799892757804,healthy
18248.682484615612,-0.1824125640475247,0.41232012610809265,9.766027923569123,healthy
18253.717507172893,0.3594428120640034,0.2251822872069124,9.881712695346764,healthy
18258.73694217783,-0.13929322197292676,-0.16537845378374344,9.918625489486509,healthy
18263.75715162076,-0.21803722398905803,0.0677457411970589,9.617300847312295,healthy
18268.76698491288,-0.11844783057017585,0.19293341381999057,9.80990052374047,healthy
18273.665146669406,0.22822200356407596,-0.08082441852824516,9.825353100407117,healthy
18278.603906443062,-0.11869651027474763,-0.2539324913512321,9.725857329580652,healthy
18283.61321532083,-0.2713210090741927,-0.09622972691475401,9.763607705030314,healthy
18288.58608585266,-0.2064110449113999,0.4509746675879156,9.880398410530168,healthy
18293.5434749628,0.14581034746313162,0.0016967502222020102,9.747614644711295,healthy
18298.5661875108,0.09136090179117527,-0.5258196448654245,9.748374509708475,healthy
18303.575621997756,-0.43037503868341687,0.12856855394013006,9.764784171513398,healthy
18308.57132940535,0.08504769901331102,0.06253548558390695,9.931954079262443,healthy
18313.608408418087,0.4907777776654927,0.12441051485311834,9.791742775675186,healthy
18318.58686756415,-0.018456867895647724,-0.1748691794949357,9.79592232103618,healthy
18323.547294976404,-0.26150313801919917,0.04426692128340903,9.651246727803587,healthy
18328.52933645672,0.057443143817560396,-0.020988652561851007,9.618012614876994,healthy
18333.525195266993,0.2491426925147959,-0.08589041136785831,9.858409413746738,healthy
18338.458702698816,-0.14306332250688172,-0.19436791530278225,9.960648630779831,healthy
18343.387393733163,-0.24484606021126637,-0.10948436602518341,9.783236027173283,healthy
18348.353050929873,0.0662449298526262,0.31266572127645675,9.791308459027418,healthy
18353.334733312684,0.2804433946458683,0.08918576323938637,9.850476908574294,healthy
18358.197445041107,-0.19787268023311383,-0.13584122056350273,9.727028199828295,healthy
18363.09423886631,-0.25824694624691247,0.15633241909338436,9.94753645535699,healthy
18368.117741413298,0.08289307768247134,0.2562649029808135,9.766082852718364,healthy
18373.17279965364,0.2363885474442084,-0.0621417417856672,9.714847425351742,healthy
18378.174196826145,-0.09900736701949552,0.0839129205526315,9.79062460431107,healthy
18383.227109194097,-0.22682421842630857,0.10247943584074211,9.81042113674821,healthy
18388.30087210544,0.13019713800323052,-0.0779050822848109,9.843607032222986,healthy
18393.236563863815,0.1284119168379338,-0.25314359397123687,9.784905429263347,healthy
18398.19838841017,-0.2205119850836309,-0.18237850457086374,9.827868358938908,healthy
18403.191637282387,-0.042663031722256425,0.36393164013944823,9.863232324537277,healthy
18408.233773129374,0.22501223240937773,-0.05657222915154939,9.855395598233304,healthy
18413.182226478013,0.21260909482692716,-0.22521199832118965,9.90004257744203,healthy
18418.126762080083,-0.36337767583409386,-0.05402219033354863,9.689493488098979,healthy
18423.184671074425,-0.07230284601604922,0.29156564689951314,9.740081921492436,healthy
18428.22075939005,0.3176306157407395,-0.20140823642676886,9.919854977789775,healthy
18433.23678668824,-0.19191285726876023,0.00917856185486457,9.898523400046878,healthy
18438.21446745009,-0.37424414103019776,-0.12958619998906926,9.662994797584913,healthy
18443.158508674045,-0.18454025087962347,0.28270345729408286,9.833535663533059,healthy
18448.084351286663,0.22469563493342623,-0.1817010275909658,9.938274309180663,healthy
18453.009550887215,0.05062714891977832,-0.22584704588610682,9.698097962470694,healthy
18458.041172573456,-0.40444032830252086,0.18522066824937572,9.768794337342785,healthy
18463.099055017654,-0.05322885000435322,0.21989071988947964,9.737768119123814,healthy
18468.103565041536,0.3575370279663545,-0.11063152952035958,9.940729827544116,healthy
18473.03417182406,-0.14038735222051643,-0.2929062646540487,9.790989323671353,healthy
18478.074941722276,-0.29535173228773093,0.11705719497557965,9.779492015300308,healthy
18483.010232408193,0.174777836488177,0.21415816226192516,9.845073315179734,healthy
18488.030576231966,0.19204770809440766,-0.2943260108421578,9.881095804158832,healthy
18493.032115127564,-0.18391740297182002,-0.36640113236279187,9.773308156656842,healthy
18498.04656266491,-0.24378413443098096,0.07042889498348721,9.914448769677135,healthy
18502.96835365673,0.10149372931380737,0.16162138634415543,9.913771919904153,healthy
18507.952919079944,0.09515341862543977,-0.17748380126849464,9.743677321737053,healthy
18513.033296498204,-0.2824896824086358,-0.2339730504052388,9.732231956467812,healthy
18518.05190220121,0.016477217847609263,-0.11260060615403791,9.77819750653821,healthy
18523.061166868905,0.0010842229208255227,-0.09768060733954192,9.830882955695206,healthy
18528.123315164197,0.027577139140869247,-0.04094851388026838,9.791155468668096,healthy
18533.149963671778,-0.29939978207917756,0.03917952148489377,9.694548580721788,healthy
18538.008964566554,0.014201865684594486,0.263128529056221,9.907473467499434,healthy
18543.065826948925,0.13330440132883709,-0.03357698213355696,10.030042687466036,healthy
18548.0624612415,-0.11427523505760814,-0.4014526342631899,9.908030233203455,healthy
18553.044545662764,0.01993133566568639,-0.12474047296559354,9.674491671992165,healthy
18558.087503093888,0.16437093738035477,0.31922329817877804,9.722454336802311,healthy
18563.15133781413,0.24299373569001095,-0.20002196501418354,9.891749040040189,healthy
18568.10832812382,0.01898689048591856,-0.3353297793335166,9.71164403115504,healthy
18573.02243863481,-0.32000616485138067,-0.1532304429527115,9.702943144664017,healthy
18578.07610503644,-0.03900705926212983,0.37335983132534334,9.816574038555524,healthy
18583.172849550738,0.14983819046551047,-0.04130321058760532,9.859175024536118,healthy
18588.238659511087,-0.06382621352245477,-0.32620568415114387,9.773578306268277,healthy
18593.25570179712,-0.1622245415090695,-0.02973234891030846,9.861924918860895,healthy
18598.29990410008,0.24462294516489866,0.17059623133967627,9.794872848971186,healthy
18603.284911554787,0.25312058422561295,-0.23657931603714633,9.864344197805838,healthy
18608.280031006685,-0.0565483919424766,-0.21225721340749257,9.829667505237573,healthy
18613.294370059248,-0.20263251087153156,0.12245388076199648,9.90194102536358,healthy
18618.34137225986,0.08053277950156726,0.23809205221241966,9.854665902306076,healthy
18623.402784106293,0.046106063033731576,-0.32372910858172715,9.813200868008567,healthy
18628.347646536495,-0.07076596889569547,-0.25946926524465586,9.755075778349639,healthy
18633.358480210176,-0.05441073552347042,0.025493592304098367,9.7802329576149,healthy
18638.35981625777,0.10556916423474037,0.3238117695712519,9.698147051905703,healthy
18643.300911677266,-0.053219779890321534,-0.3533280588170349,9.784474226294634,healthy
18648.351657703763,-0.19097755597070795,0.028931581082600563,9.962398432067735,healthy
18653.406180263868,0.015455866683715846,0.5276282012567449,9.766548338789969,healthy
18658.462970313598,0.2195760940037771,-0.08660040549668593,9.988427422349249,healthy
18663.458846776968,0.07939301288332623,-0.22144583073489538,9.8852878827145,healthy
18668.518487067595,-0.1601219026986772,0.11997242604807118,9.748423901751025,healthy
18673.539834892916,6.13262682013678e-05,0.3440461883671265,9.716814027818392,healthy
18678.655410629526,0.2312272918869983,-0.18705409188403596,9.983321273900996,healthy
18683.74738995827,-0.27399703273223497,-0.3783896975972181,9.772809644563562,healthy
18688.648145830204,-0.2505953989969378,0.010958616999454843,9.725326579946968,healthy
18693.64041701894,0.21557696824393333,0.03687771657054037,9.787423466854147,healthy
18698.620723037442,0.28944776012187284,-0.051602397305640695,9.867636925754349,healthy
18703.67553568477,-0.27723027492226726,-0.21018296179884863,9.751282641476905,healthy
18708.64489198504,-0.1501653996169472,-0.007615743585301704,9.755954587767164,healthy
18713.592762841123,0.0633062410101541,0.24898564901621695,9.93321062450373,healthy
18718.57108495292,-0.0833756281285788,-0.03937704910779509,9.816050333100764,healthy
18723.639109309614,0.009736270003887937,-0.21259883614108338,9.792628351083371,healthy
18728.64811094969,-0.13169865749384896,-0.10761523144644483,9.884909883745749,healthy
18733.610661172977,0.21864796211212484,0.1325543036955332,9.748641248428168,healthy
18738.571502715007,0.07697372470140881,-0.1107446482923891,9.871539832467858,healthy
18743.465091415106,0.0030278305827666496,-0.046865175713404414,9.612644005150319,healthy
18748.46709463596,-0.12316418304464846,0.19593338757928136,9.86037466026639,healthy
18753.35377188155,0.27136604723580304,0.21468757326797377,9.855599853759644,healthy
18758.370378269534,0.02432471203102328,-0.3997362938241846,9.815139295555591,healthy
18763.388472628572,-0.1970859997833458,-0.12046705990096018,9.875304632244985,healthy
18768.371616259294,-0.06584960641902224,0.2135895348394078,9.713014162378851,healthy
18773.423548670915,0.3836292737089137,0.03773590806768301,9.936584374278794,healthy
18778.38815323851,0.013589319675508624,-0.1676429507589739,9.876911322592138,healthy
18783.415479947158,-0.189275113599623,0.20166771972226114,9.718461798255671,healthy
18788.467071439667,0.10082159937483358,0.11816125091776972,9.687848299564287,healthy
18793.479333404845,0.1638655456264366,-0.23493906108340168,9.787732976092801,healthy
18798.473057125215,-0.1361217431501221,-0.1595171453370039,9.78745915251242,healthy
18803.38661773286,-0.25595431237910987,0.005150279846110042,9.828329985548226,healthy
18808.37032171252,-0.12259786985972448,0.4362556412234486,9.912340081375238,healthy
18813.33344567457,0.27391106942269966,-0.1502761635066624,9.779455545336909,healthy
18818.310552518997,-0.25048881310225973,-0.38934315967679944,9.752499277038226,healthy
18823.324407391476,-0.3495241173322383,-0.10595974570006195,9.869955177325023,healthy
18828.233049682785,0.05432160059112208,0.1774573227670611,9.826255553441568,healthy
18833.163338454055,0.1842305840944993,0.19580739145380568,9.809417497959378,healthy
18838.100936773237,-0.034783024849174476,0.008415263964738073,9.796035419683049,healthy
18843.08019761577,-0.2552281642824278,0.333346565384952,9.869814827992537,healthy
18848.102683896308,0.2600536879895003,-0.02057304022334233,9.915197887117387,healthy
18853.05878025553,0.08997745710121008,-0.04281277050752201,9.837711852758842,healthy
18858.054600695792,-0.29986782975826887,-0.3752601153661502,9.783261360098427,healthy
18862.905157415367,0.12934609102944247,0.2012700396358303,9.64612865831046,healthy
18867.805531812846,0.26996572216926035,0.17442919911045973,9.791846309891898,healthy
18872.749355564672,0.35653047839768837,-0.2684081689990719,9.833228293333296,healthy
18877.773634468907,-0.38160804807487214,-0.4075162731699985,9.819341335852581,healthy
18882.75142799262,-0.1497609518184121,0.057441866864430924,9.971538786502112,healthy
18887.799725097248,0.23105746553383844,0.36965908978752005,9.759881540262906,healthy
18892.715287655297,0.09566454722248899,-0.2911694616232794,9.857534280556335,healthy
18897.70995559634,-0.19493589617628496,-0.39819311624530696,9.925822749608598,healthy
18902.65230917358,-0.14598066915063865,0.3155820239705849,9.91088917265398,healthy
18907.605713371202,0.08832548899499051,0.2915399341185646,9.865779266493561,healthy
18912.65683792533,0.09855916197845214,-0.26881237471545405,9.792050933255863,healthy
18917.728631614857,-0.43850692770643285,-0.12770169689103655,9.773048223046908,healthy
18922.71041781481,-0.10177340606436633,0.406457802261997,9.823442873719546,healthy
18927.642585952908,0.23788977991798677,-0.10278553260415806,9.77328599314792,healthy
18932.695432032036,-0.1749080000243377,-0.2303924456693009,9.76722734865313,healthy
18937.66588627281,-0.17996284955237823,0.049601714108703863,9.815244211206164,healthy
18942.653359834825,0.13702265291286436,0.13916240803603502,9.817052064306177,healthy
18947.62673329982,0.042749358728154135,-0.08831934070261521,9.860778017030217,healthy
18952.58966925702,0.2172024326165321,-0.07289500548803321,9.823527898753497,healthy
18957.611141146514,-0.3120711330173903,-0.21350386852662592,9.859051146167015,healthy
18962.626298840398,0.21086734046587138,0.22509241127258467,9.842070138663448,healthy
18967.587781211532,0.09882968992052824,-0.32745312460310516,9.87774388654067,healthy
18972.574948155703,-0.12046239421853064,-0.2595520803108257,9.844333856304209,healthy
18977.50694875527,-0.12262971388598574,-0.0023740086849990266,9.732678969098362,healthy
18982.523710833622,0.10176211948527425,-0.016145540237303496,9.818765737709283,healthy
18987.487521401446,0.14713656115795054,-0.29385847119159847,9.888532658648755,healthy
18992.429396327556,-0.2059032661692149,-0.10162302370844611,9.843826831677715,healthy
18997.421096498412,-0.3290096341053985,0.11114728556120737,9.833785872899172,healthy
19002.371931090463,0.0293489299336967,0.24688977374261442,9.868753576058982,healthy
19007.411820882342,0.3144955800032081,-0.007783545610162812,9.916870731501358,healthy
19012.321614187473,-0.28303214859082626,-0.38976214464633707,9.77480208512317,healthy
19017.292839329897,0.07966526926157308,0.2956486193762443,9.903524323588572,healthy
19022.324216420653,0.08267067343449822,0.27302124419996837,9.910938504400182,healthy
19027.28757752463,0.2560891484180633,-0.12081310617013577,9.777224180224849,healthy
19032.226098317296,-0.3415478253442348,-0.14181887948013067,9.68820726389035,healthy
19037.175059205663,-0.14398879960718358,0.0012061958575159681,9.793164437365656,healthy
19042.144200113955,0.26878438811483557,-0.02728583462709215,10.00104067637442,healthy
19047.09311902167,0.08546414849872996,-0.29543648809067957,9.800836037076088,healthy
19052.069212495022,-0.35690510886502164,-0.31770512419627644,9.763628937785333,healthy
19057.07614178549,-0.07442114078107837,0.2620663761796782,9.753010124418061,healthy
19062.15932256386,0.2842756115391212,-0.12715167869125144,9.937645918596575,healthy
19067.15820450813,0.03941637472308308,-0.39023206484482537,9.776674506184333,healthy
19072.168064074423,-0.026841283209602745,-0.038091672104628674,9.770056885173574,healthy
19077.196625287666,-0.04275610285952433,0.18641740617494137,9.925970932596575,healthy
19082.24673574206,0.2831043085560495,0.015568573550962712,9.854281740521662,healthy
19087.16317897552,-0.06440754125187463,-0.2735588168929666,9.824989049531993,healthy
19092.13990453789,-0.2836925328165368,-0.12399980889592536,9.791372387043342,healthy
19097.11103880928,0.054446072536238364,0.21883889407114682,9.83428833645757,healthy
19102.155070505793,0.09336598043078681,-0.09739791232164188,9.851645923276187,healthy
19107.13726420503,-0.12379644034950979,-0.125729480085302,9.862125549138339,healthy
19112.12276647566,-0.21729639666382072,0.20132548363057512,9.790694172788676,healthy
19117.13107486441,0.03454900111431214,0.16777635801539031,9.849719346046735,healthy
19122.081322600174,0.2894629927034578,-0.1949374036874875,9.912301231465012,healthy
19127.02179174482,-0.11383667869310209,-0.34297103978032006,9.881907676504632,healthy
19132.024844467596,-0.08929672760774321,0.07711138908645326,9.742470277289861,healthy
19137.115208893178,0.13847048757669375,0.04839699353403856,9.855295922963435,healthy
19142.161930327515,0.2835361270741941,-0.1827588863737623,9.755322027692905,healthy
19147.175804835002,-0.43810778999655786,-0.1453857127395967,9.873507538253689,healthy
19152.19972271038,-0.1337780625663559,0.1549861922645442,9.91802234310806,healthy
19157.24204707575,0.2038807382335068,0.24153295982408662,9.777331625548227,healthy
19162.25984847007,0.0465817274141446,0.09252261507349069,9.727618067541842,healthy
19167.236277053194,-0.4160826740588283,-0.28145142614084356,9.714255312727639,healthy
19172.217139226374,0.04008720263249896,0.18339072785681493,9.806256180093829,healthy
19177.23565338806,0.14504554752097637,-0.2128622889231106,9.847177328421036,healthy
19182.223579810547,-0.022585247881313365,-0.30747072287098576,9.826825654320142,healthy
19187.296185048817,-0.24114834922211784,-0.1894744416086989,9.866579784162537,healthy
19192.34064075321,0.14079346639386847,0.23211673414384723,9.797971997274203,healthy
19197.338730310963,0.16875373271131833,-0.028301109037431514,9.873405770577332,healthy
19202.31438755355,-0.047397873930703,-0.31668813466439716,9.757061532767118,healthy
19207.316126334405,-0.27110808883843124,-0.01937193393098941,9.805435605257761,healthy
19212.32506202438,0.0789946038089846,0.09396584777362879,9.846945258495575,healthy
19217.335438074773,0.18872856870537236,0.2654409092293769,10.066557411334864,healthy
19222.312538298844,-0.1645927049840121,-0.41606811522169795,9.747084105891634,healthy
19227.311992881336,-0.06903747634795354,0.12331129629495874,9.636038908227677,healthy
19232.29466737213,0.13396338053659873,0.45259156005815787,9.868849077767036,healthy
19237.26743919663,0.4410014603243624,-0.22946906738057987,9.813405168467057,healthy
19242.31612749731,-0.14301854411455733,-0.14428091834690998,9.720094832102737,healthy
19247.313775974588,-0.13959742201042774,0.03406908678982311,9.638794872888477,healthy
19252.237337269184,0.2597943555444923,0.14793028349237639,9.818459241776193,healthy
19257.224278529084,0.20328803605151177,-0.30878744350514586,10.003127533081633,healthy
19262.161782080595,-0.12003608808060978,-0.014710729676783968,9.853215512549092,healthy
19267.073702606252,-0.16649450580944553,0.22474928438867878,9.719503081578416,healthy
19272.028836367022,0.23002107545060685,-0.12179913044613208,9.691016752071466,healthy
19277.005450823202,0.2054323461127132,-0.08851958431476845,9.877832099845063,healthy
19282.02603529719,-0.1862849908888024,-0.2986920535117192,9.824870139154132,healthy
19287.03152466114,-0.16373805756586013,0.2706952585019296,9.80899059621257,healthy
19291.997428879207,0.09615581552528457,-0.02713898303510695,9.845444174531288,healthy
19297.020648515343,-0.023810146128784376,-0.27344500946405137,9.899125845343429,healthy
19301.98381093154,-0.2457718273508695,-0.14708147914598688,9.585118744463305,healthy
19307.009287227356,-0.06369833214463846,0.27414913252549655,9.90193140948166,healthy
19312.05124922108,0.3496079996986909,-0.14301632860373353,10.061178992754373,healthy
19317.069703497087,0.12810957928067168,-0.19947589787208103,9.839318120526412,healthy
19322.01050088719,-0.18322776675501887,0.055722250980246246,9.769240353304198,healthy
19327.11638982843,0.01619964697820145,0.25539650943822273,9.90019849273977,healthy
19332.088057961904,0.18720422696156097,-0.184423675819813,9.884147313176609,healthy
19336.93843144949,-0.11185835432059225,-0.10694620118488429,9.83937618750964,healthy
19341.925900437676,-0.20787600653256627,0.21005430034835204,9.854214749685353,healthy
19346.819446430563,-0.0038506305179481434,0.27391615772791567,9.833087989949187,healthy
19351.787714950482,0.3122000669973881,-0.06568836466555121,9.736475505523922,healthy
19356.694996544087,-0.16418628498222632,-0.09626002764442654,9.79762915499658,healthy
19361.698752971355,-0.029059775420635314,0.10527336748959815,9.75422629323656,healthy
19366.715585503833,0.20345247022997492,0.270819920268477,9.878683482833512,healthy
19371.742784771403,0.20598061968114306,-0.22492485775393345,9.957294872132543,healthy
19376.724341603753,-0.15541149632895118,-0.23859471185184158,9.702568256816484,healthy
19381.67258207963,-0.4303569893235163,0.15665095685492098,9.72210912769874,healthy
19386.610733349997,-0.1654902179078249,0.2820540120483235,9.802222633471024,healthy
19391.597246580997,0.17988632005839977,0.031927874797467254,9.775420731036395,healthy
19396.57122693403,-0.22998261945195209,-0.24095801590799665,9.783992005959936,healthy
19401.5796305075,-0.17622299582728757,0.04512828216402273,9.736455879535566,healthy
19406.44849793611,0.19995097086590297,0.04776192010520841,9.847205598674375,healthy
19411.55047406011,0.14713116413086474,-0.3985109057268148,9.923317932982318,healthy
19416.51789049779,-0.28848471265740894,-0.1403007014453913,9.772669729798215,healthy
19421.552569587584,0.12206523029487626,0.25692149315005314,9.826612256153238,healthy
19426.470688147794,0.2517311525178424,0.2041612498518705,9.815578279586395,healthy
19431.479560577707,0.2826215474438247,-0.03822726373852825,9.846519793472249,healthy
19436.50492541194,-0.1655284443161919,-0.19511796756372513,9.837658940704296,healthy
19441.45211161345,-0.07728939527075691,0.2665419231913059,9.710002113256083,healthy
19446.45832162384,0.16757986575346953,-0.05990618511979057,9.936741185767524,healthy
19451.452580914,0.11086471187554527,-0.33299444060707684,9.779633892478572,healthy
19456.489354558402,-0.3289837176604056,-0.005105415505817154,9.812468470717707,healthy
19461.485740930617,0.08292868750294001,0.29491485136819057,9.628310686982015,healthy
19466.413998132633,0.21441999984458954,0.07888809679959008,9.770616531976561,healthy
19471.443193396,0.16474578003363094,-0.3748315809568957,9.662929074165396,healthy
19476.44271958213,-0.2874626113831412,0.0710281951440339,9.80454317004169,healthy
19481.401336924857,-0.054810806698479354,0.1807018257850827,9.918407109508005,healthy
19486.33922147802,0.44056680018774014,-0.07108386850976867,9.76436234380751,healthy
19491.384606472635,-0.28220217836021144,-0.41676722045813946,9.667967305700328,healthy
19496.40070476006,-0.28529230790629967,0.031388912518206975,9.747855953522436,healthy
19501.351900169982,-0.04909926383083403,0.049176278765641596,9.733734563834245,healthy
19506.284359246874,0.30158278044992237,-0.4170173126524001,9.88116319077489,healthy
19511.235118081175,-0.05682095959186957,-0.20834741823521002,9.90065668544052,healthy
19516.258336883,-0.07519383848785663,0.005801640777526276,9.743221326195254,healthy
19521.303715439633,0.2884677207282297,0.05635069008692353,9.862764703179968,healthy
19526.318104083053,0.09841049833405108,-0.06164785933637279,9.875602651744957,healthy
19531.254759144074,-0.1299904611995889,-0.08371784856128513,9.876763925652288,healthy
19536.247696379713,-0.08830948480850725,0.017327425330562612,9.719414055224918,healthy
19541.246312608993,0.13480817242472093,0.28841541468951193,9.868094432575706,healthy
19546.290074390996,0.27549852782452466,-0.2567854484051228,9.916359826042733,healthy
19551.273807295398,-0.22060373034191,0.019935272621082883,9.737731116732661,healthy
19556.228838908126,-0.3297873744397697,0.2030990098128559,9.792063212829516,healthy
19561.234344304103,0.18539853184566987,0.18513998760549175,9.877048310769945,healthy
19566.240216130383,0.10224135766359482,-0.23886546518642424,9.765592612152581,healthy
19571.227441628816,-0.1665068341789202,-0.19169912806143521,9.609680106266078,healthy
19576.153426591627,-0.1510021275121234,0.10956015650242124,9.65709428719338,healthy
19581.111852744143,0.2758907325252949,-0.1475235619440443,9.92039035167226,healthy
19586.113465080893,0.1758708718853647,-0.15821154304612337,9.90850627228546,healthy
19591.12748451045,-0.14443577085641057,-0.15388988575443655,9.702568357002825,healthy
19596.130887138486,-0.12435909825204154,0.1755739258841752,9.761048142591068,healthy
19601.13554412144,0.22918123962737463,0.10644627149641867,9.914767751310617,healthy
19606.187352459063,-0.08586685717719188,-0.026002704952563988,9.862638321734485,healthy
19611.285354980762,-0.3312495112522061,0.06640622592135659,9.7027309667777,healthy
19616.20986645386,0.041116796133041644,0.33416533622830574,9.923196550266725,healthy
19621.244261141353,0.4220507663679286,-0.1561366833366551,9.961698463447876,healthy
19626.241418230227,-0.0501598635573163,-0.3565641985745178,9.709279551490042,healthy
19631.171744551055,-0.14040424507861618,-0.08520668403695213,9.79149091492069,healthy
19636.210987895105,-0.06961983002788716,0.18240769091411463,9.800955190640417,healthy
19641.149376673526,0.09976953692563703,-0.4974421884340709,9.810490979852252,healthy
19646.131712054193,-0.2234134507638416,-0.23995990309529164,9.99659919554596,healthy
19651.13410440407,-0.38518408370115254,0.15313535831722358,9.771995985864372,healthy
19656.220284411385,0.1868358703999085,0.016760483638051327,9.83261485239402,healthy
19661.231402688936,0.348599490044995,-0.3054582438680276,9.92565101324136,healthy
19666.18089858571,-0.25037896619437694,-0.2060646853580315,9.83798985375703,healthy
19671.199928194263,-0.09573825533350139,0.1514804162346517,9.691154795567986,healthy
19676.16974365594,0.24325849371901676,0.12804067008034734,9.880944973752689,healthy
19681.17262196218,0.32623535517380786,-0.21024439504503514,9.901763758050143,healthy
19686.115270792456,-0.21817996988434285,0.030935287120349014,9.83303448313862,healthy
19691.103833864294,-0.14562804098960658,0.2967398615747666,9.859456580320959,healthy
19696.13063548082,0.17218409709745108,0.14546181075480316,9.857933793261305,healthy
19701.14023489958,0.014655376997335587,-0.19095382754063553,9.796072189877702,healthy
19706.155256390757,-0.319198759460995,-0.11539117039070741,9.699438035265015,healthy
19711.204331495945,-0.0180929605553741,0.2710587896115164,9.8273498544949,healthy
19716.236025715036,0.4313969812944116,0.06105705666533322,9.90087584295302,healthy
19721.253787605798,0.2741268076917021,-0.15231056336941928,9.8512855640638,healthy
19726.107153791163,-0.17838436949363184,0.2909510816421893,9.748397794982308,healthy
19731.049063144997,-0.02180400435096985,0.3786027886436265,9.832856420835723,healthy
19735.995875636014,0.32200761931867267,0.0479695028762281,9.886855859082932,healthy
19740.977959945016,0.061927795369910776,-0.3568984616605531,9.905432864066881,healthy
19745.894050889183,-0.334600831508366,0.06490368710029268,9.621300855763113,healthy
19750.895248174405,0.11307802029327985,0.31927904803697205,9.861515332480044,healthy
19755.92105635855,0.3143174033221942,-0.11828813912128054,9.83724769833305,healthy
19760.869160413204,0.013114502277777648,-0.25338793769343587,9.725819237133267,healthy
19765.787866698203,-0.43523627614758614,0.07241313062313251,9.868346945909913,healthy
19770.69199170659,0.0626247658418394,0.09467105282537544,9.768179231697154,healthy
19775.594750532204,0.19880893577280662,-0.1550850180320175,9.738638410590738,healthy
19780.56090002232,-0.17747650705395823,-0.12438170895423827,9.722896699216072,healthy
19785.473649704218,-0.19649804500603055,0.28566751282922026,9.9610148076582,healthy
19790.495974598893,0.3548187526265818,0.07221372879246049,9.87740324416584,healthy
19795.51808403911,0.10722661791952334,-0.2376703836739176,9.848833541937045,healthy
19800.417800930645,-0.24198991401890718,-0.276558791184458,9.722604372078436,healthy
19805.420205142807,-0.2201472281393967,0.1895140771711459,9.798435446099262,healthy
19810.434783359302,0.3709389474491668,0.21108764364888052,9.988666383211632,healthy
19815.377056899168,0.09317257805519706,-0.3074851160561036,9.827573559428414,healthy
19820.40102327902,-0.20037380375284994,-0.09050839253273449,9.778359162399184,healthy
19825.41147221615,-0.14302852113304576,0.20854341810743887,9.683436332046677,healthy
19830.431068648773,0.2870095869335141,0.05476712362467838,9.984288259418602,healthy
19835.489509211842,0.14506480869803468,-0.1379802158775778,9.753604065716354,healthy
19840.472356224658,-0.17680011694531397,-0.02731299859661826,9.788733150325598,healthy
19845.554163455156,-0.09520659312932535,0.2915764722937011,9.886309564412741,healthy
19850.607590805987,0.26861715799486774,0.2798474193138342,9.933115184271992,healthy
19855.601036102293,0.029789538190234298,-0.27627375066817994,9.8801692425694,healthy
19860.629877548778,-0.12201635151724252,0.09702524155968265,9.754962622040482,healthy
19865.705798144616,0.24864549017556,0.3081468342099825,9.842650331229063,healthy
19870.733254749142,0.34634171092781996,0.020018185256567234,9.824449016442456,healthy
19875.73821470574,-0.11949161681460854,-0.5615130329553815,9.950495503540472,healthy
19880.734090056365,-0.23916136332207835,-0.053108710643126465,9.803830058761308,healthy
19885.763806610383,0.3416565817819232,0.36821842904827007,9.954434192804358,healthy
19890.731896536105,0.18050583278780225,-0.175206287622799,9.813219715691845,healthy
19895.69298641189,-0.2187185822629611,-0.17921106166116918,9.866669448281705,healthy
19900.683284409577,-0.4962863323510557,0.1736898775399055,9.73739824513652,healthy
19905.692667221465,-0.1732958223729671,0.2185534575401055,9.82663650598212,healthy
19910.76361699919,0.13651974886557564,-0.23666376796609748,9.729109685596837,healthy
19915.733466983278,-0.36440897402029515,-0.23518930886613498,9.813487211316243,healthy
19920.688192171427,-0.33718311906804666,0.06423190696473115,9.680330673023136,healthy
19925.7313214117,0.14128956371420176,0.3264381879678132,9.795434725533305,healthy
19930.686278882997,0.06697283763907705,-0.19539935639622863,9.755173699238888,healthy
19935.723365415408,-0.1895753315493116,0.036867827633704664,9.882821418214316,healthy
19940.688916760286,-0.19264851183970483,0.22962904898098577,9.7711986345717,healthy
19945.728470857215,0.3362340505942677,0.24426955925175858,9.828477473891581,healthy
19950.78403086174,0.19459241228496124,-0.06685692214389222,9.73284306881558,healthy
19955.75745018851,-0.09665136824906634,-0.13351602165633897,9.825400853230713,healthy
19960.763329824054,-0.020911241822574075,0.20241008499606,9.713486513543911,healthy
19965.83620336557,0.27195063060613767,-0.11040376244376648,9.710836171696258,healthy
19970.874178317797,-0.19010472130164863,-0.23779779114263436,9.786379182361864,healthy
19975.82555618322,-0.32912049843363916,-0.012221981406226008,9.795230953736498,healthy
19980.818145991932,-0.10014870073467215,0.18828695213841376,9.769697207551117,healthy
19985.793332017125,0.3763229309184667,0.11184327841998312,9.824982866687911,healthy
19990.83979265169,-0.010123801991472444,-0.2497051270989377,9.79630744529888,healthy
19995.883645527123,-0.2401043528243932,-0.17184588836710463,9.912786954691864,healthy
20000.92278617921,-0.002417746802748026,0.11483704311584492,9.902485384138465,healthy
20005.883456841842,-0.14031999167240417,-0.020982013104632054,9.96221687152639,healthy
20010.848142428178,-0.04488938221345019,-0.19726804468223094,9.870341376429945,healthy
20015.888757461944,-0.1839248423684661,0.1343792237007015,9.675677091820695,healthy
20020.90406630159,0.09246563758093387,0.40825072820360564,9.850590303716487,healthy
20025.927049514128,0.2933101255298347,0.009715314746301135,9.914548662480103,healthy
20030.9165507726,-0.26384666606600793,-0.19467827781683034,9.90371757427859,healthy
20035.90382471381,-0.23488917592180464,0.07229339129660013,9.761500421019536,healthy
20040.929451885047,0.17240023180326125,0.17685061706403898,9.7879256814557,healthy
20045.942048592187,0.011320102559596645,-0.29377985112881383,9.837703029796314,healthy
20050.936760617624,-0.07927522278380442,-0.1064308220365049,9.935599038237724,healthy
20055.942705969843,-0.1220571111891808,0.002047755291052833,9.782354893419619,healthy
20060.890094860362,-0.12307986930238249,0.21181768508392249,9.82455231194478,healthy
20065.944626313256,-0.020558732959227694,-0.5187457773593307,9.953294240605915,healthy
20070.939719387025,-0.21347600511723247,-0.06317677541133368,9.825301423722246,healthy
20075.94285879553,-0.06302393420556125,0.4104421238168361,9.738764460866054,healthy
20080.91013955245,0.27049002257004323,0.25259302019073554,9.872346834763032,healthy
20085.92064978767,0.16339772396972657,-0.3319522169983097,9.911463357797743,healthy
20090.95281278913,-0.13496900987790578,-0.10835539656041883,9.655965184153906,healthy
20095.961383240152,-0.015480579819543025,0.35070824211203,9.691105103357888,healthy
20101.04672565228,0.20801105285545568,0.11566756150272373,9.794172621272496,healthy
20106.031487433058,-0.10082963139557559,-0.45220925576194837,9.749964873414246,healthy
20111.048300872975,-0.23609665135970898,-0.24322950147985567,9.598557492627382,healthy
20116.052276498533,0.035174446488039364,0.3439394841375991,9.862017971147115,healthy
20121.087676822273,0.045549055824276874,-0.0750332588478661,9.976937871446738,healthy
20126.08695132523,-0.14366272798086888,-0.3072017313323206,9.830623084766101,healthy
20131.14058557785,-0.15237073840201973,-0.1200983431877102,9.78812238492817,healthy
20136.17550119618,0.10249795944660313,0.36848645765298516,10.096302036651851,healthy
20141.084060290916,0.22402299265307046,-0.15637088294099252,10.039495369073995,healthy
20146.057005363604,-0.2529410724360661,-0.409633647175148,9.71122303165995,healthy
20151.09377033857,-0.17686623104717616,0.20134654318398337,9.675017332366082,healthy
20156.069899498554,0.15639588236006774,0.2234934700372568,9.787059145407135,healthy
20161.035179172322,0.0029516572323070867,-0.24985453583280273,9.77879622832243,healthy
20165.97647576889,-0.277724960460049,-0.11002208275994547,9.775159706516288,healthy
20171.00999935409,-0.0854224032487858,0.23922667146324214,9.8188072124814,healthy
20176.040425587733,0.33090459002013006,0.07077767888358798,9.74483214668089,healthy
20181.05325999506,0.10231957798346131,-0.273059383072472,9.862772522127429,healthy
20186.00005993184,-0.4027367065286905,-0.10530671313380352,9.938867492717723,healthy
20190.952760769946,-0.14080439751534896,0.29004307169056603,9.686486698304332,healthy
20195.99546536862,0.3172033730902576,0.019892561338377066,9.775632934266671,healthy
20201.04025269862,0.046944845455909726,-0.1664906009178066,9.726196382525474,healthy
20206.00786367054,-0.24260187839393463,-0.17456635781900337,9.719655199381444,healthy
20210.912789720616,-0.007584524880758614,0.21149597321799113,9.887044610476288,healthy
20215.923019555015,0.43720492673083616,0.11268503233177596,9.920665631246637,healthy
20220.87103789666,-0.002201574546011942,-0.4206462653807742,9.759896086660401,healthy
20225.84525632448,-0.17365035160446632,0.22738000783208195,9.897728357377703,healthy
20230.9385162974,-0.13424011089706903,0.3220796118038825,9.796910894063055,healthy
20235.945667883912,0.16719167754580927,-0.16707088501613968,9.846069226527533,healthy
20240.976258322848,-0.18119891364553475,-0.1535636193787894,9.83153130379064,healthy
20246.006496707218,-0.17530970633304985,-0.0647881080336918,9.802124288214447,healthy
20250.997617562818,-0.045068716406041355,0.06120367778210392,9.739806025015644,healthy
20256.003268561402,0.14834930816339825,-0.16528379675105465,9.775388447947366,healthy
20260.947193480566,-0.018023434700055824,-0.19727987961611662,9.814726857088706,healthy
20265.909264268856,-0.06771006528286722,0.19395552001099448,9.812124298152838,healthy
20270.873268422223,-0.01586520553856348,0.31854388604856826,9.802437361958388,healthy
20275.925850417032,0.08228464429840493,-0.038611073217179326,9.86509304764363,healthy
20280.86385602272,-0.13739118890899366,0.052094900777489184,9.72525589392753,healthy
20285.896056283833,-0.2711337027639872,0.15205956730751033,9.767722680262958,healthy
20290.887687553233,0.20952944895585227,0.2956100339960464,9.932208141426786,healthy
20295.84831449573,0.24738906401452454,-0.21644410048299373,9.833524803503089,healthy
20300.763590859104,-0.07736425370765675,-0.1968351670882833,9.762428639054827,healthy
20305.823088952868,-0.2530279441131245,0.33790286306462924,9.791365051145236,healthy
20310.802147918093,0.42926043465622354,0.33484911463558165,9.7314222961619,healthy
20315.76691043872,0.0885185984719496,-0.4364961816182814,9.843350830598387,healthy
20320.681924539105,-0.18281994896320816,-0.15812889321622048,9.566915436595933,healthy
20325.702510082057,-0.11727197073605283,0.289621315641268,9.883011375070794,healthy
20330.760325991363,0.2232728564422733,0.1528314124788077,9.841135909669404,healthy
20335.688247685754,0.009039450759061401,-0.3109216212257915,9.83031705130802,healthy
20340.749671569993,-0.34166173485316925,-0.20499497621935103,9.849314728163067,healthy
20345.83468857325,0.044446283093697636,0.45667166072080606,9.846054113826682,healthy
20350.846076695707,0.329032365662646,0.21704780225474504,9.738182938504579,healthy
20355.90868700281,-0.027857752060488572,-0.18194855061779208,9.790703926221527,healthy
20360.836104466016,-0.0701649623913056,-0.15721920895923605,9.717159606974338,healthy
20365.73007922657,0.07872833333961274,0.21436636236825057,9.850940741466705,healthy
20370.726244275036,0.23469597634703582,0.008630209447375727,9.881604677823834,healthy
20375.70692186911,0.03828533387572367,-0.18903057904395298,9.802732261336823,healthy
20380.722841962182,-0.23342587581268442,0.1740484705980005,9.756156015001034,healthy
20385.75940915438,0.1836495018676434,0.4205426741530507,9.771277013780487,healthy
20390.66792442874,0.23748413898615758,-0.10432776742507734,9.78933924369697,healthy
20395.68170197996,-0.16494759551960803,-0.45719179924545694,9.723133385818478,healthy
20400.628626112117,-0.32751129927566525,0.0018008359556383607,9.76242198886772,healthy
20405.679225242704,0.07373979790612999,0.2778266678630472,9.747110113608557,healthy
20410.741047141688,0.011428587560336129,-0.04869220601693092,10.032595028649382,healthy
20415.681221399373,-0.07150882564344176,-0.1803360299002258,9.778134059862557,healthy
20420.631209674695,-0.3937252238013079,-0.052787329446328274,9.815620458948718,healthy
20425.524699647245,0.18698619082539877,0.27737266885451434,9.845530464969146,healthy
20430.59121811948,-0.05628973252956948,-0.2299558076518079,9.798194630345245,healthy
20435.48438251668,-0.022187037972822038,-0.18744673125732858,9.812906556729983,healthy
20440.6032694017,-0.04790981058925686,0.37255311833498395,9.78439969312237,healthy
20445.598140377402,0.06982544943543109,-0.01759604380493429,9.916307557664112,healthy
20450.526757898944,0.13995430113082225,-0.23545899601368647,9.765617763874165,healthy
20455.541127277455,-0.38031506433702367,-0.21455769691582505,9.684573473983347,healthy
20460.580009068282,0.09372397994194334,0.2892855509234789,9.897171760618992,healthy
20465.521299353168,0.0733215907315806,0.10131379055748382,9.778852570580858,healthy
20470.563569851154,-0.10429245692916271,-0.15841470435403776,9.855314098700868,healthy
20475.531717230893,-0.25994642016064107,0.028937681805677372,9.817727814390032,healthy
20480.508428148634,-0.014882776065556162,0.3409502131544996,9.869114063315969,healthy
20485.52978679162,0.26649188616528086,-0.0813737578953932,9.863762902567354,healthy
20490.551226057225,-0.06202591385175982,-0.48462964719502233,9.806924699999477,healthy
20495.61833673961,-0.07067312294715791,0.10651122754152767,9.729763888002946,healthy
20500.630353272183,-0.1717303876960493,0.3195879831716094,9.69456639909671,healthy
20505.65625349805,0.2453223313904424,0.019493141896475857,9.891102852678584,healthy
20510.611994065315,-0.30690642730889084,-0.3612839353704971,9.84485674114903,healthy
20515.596181379806,-0.24502172493217478,0.15847269518036272,9.77304117141212,healthy
20520.56462659634,0.22916710499202247,0.10345673234626346,9.758367811197038,healthy
20525.521018845855,0.26990893567325425,-0.2443484148550979,9.901957564362993,healthy
20530.412225374166,-0.09329623260446075,-0.08576978579978395,9.689787653969049,healthy
20535.453803538156,-0.09094857974584805,0.03739465345288638,9.799534525333584,healthy
20540.419756573443,0.2717221125338496,0.1106518751035961,9.841140837621625,healthy
20545.40723838905,0.12716574656845142,-0.224679500272495,9.928995861952721,healthy
20550.375261984405,-0.21913074401314364,-0.3732957018907319,9.758751541452124,healthy
20555.42834989977,-0.26971004810753485,0.25092150812739755,9.808587665347991,healthy
20560.41077646758,0.2832648649639177,0.10660655348182439,9.741900371745192,healthy
20565.47516133719,0.09512063092969247,-0.15525174697830083,9.823747604224286,healthy
20570.553994139995,-0.23719963204845312,-0.22610672570093954,9.90863266929771,healthy
20575.505810127608,-0.0949061021295951,0.0641138650235071,9.856613753769787,healthy
20580.573081223694,0.3945940564787272,0.2274810555349538,9.940654922184576,healthy
20585.625386593678,0.14038204678791794,-0.25444281834202515,9.95445058099991,healthy
20590.700416501142,-0.39260721911815954,-0.17356240938470585,9.800901929135401,healthy
20595.699411915524,-0.13294288165153312,0.2646112086680174,9.640553151518867,healthy
20600.732390434263,0.35480948217985764,-0.06249254179112407,9.812855109441186,healthy
20605.7497769688,-0.09710000534974622,-0.1090865165728328,9.929187788095053,healthy
20610.778215624654,-0.33397968474880135,-0.046872455506345306,9.759081447488947,healthy
20615.68318635538,0.029548017533867918,0.2610492032045282,9.83057602438917,healthy
20620.58384609296,0.24913004350078605,0.02897657163530524,9.823646160166316,healthy
20625.57095805651,-0.08648666729529103,-0.19599474640758527,9.82970873981804,healthy
20630.566854746605,-0.27434436233197934,0.042142012372302175,9.751361772789421,healthy
20635.559180442593,-0.027085098105548377,0.48299589500633877,9.767936554987617,healthy
20640.493034120987,0.292689254877055,-0.10096375107899819,9.742072581534918,healthy
20645.522113235915,-0.006176228568011255,-0.36143801770336464,9.91982624722224,healthy
20650.53694074911,-0.21186205019085969,0.16233029955130807,9.8142895999793,healthy
20655.49380448407,0.16531014902829594,0.48612733746618053,9.87736618211073,healthy
20660.5424243313,0.19659568989371268,-0.09648659350255065,9.814427282568477,healthy
20665.539001127727,-0.03818652865662425,-0.2399798941208225,9.762321020799158,healthy
20670.607741562366,-0.3045206388370278,0.15144820943796028,9.86466329368447,healthy
20675.621710687898,0.2526675642128444,0.16956851614060617,9.879923238712566,healthy
20680.54766491544,0.24150689647104062,-0.26401439014417005,9.920242438651552,healthy
20685.517273131278,-0.18386777220437633,-0.1374276970551937,9.817114011586149,healthy
20690.49896695813,-0.12858540389064713,0.3695534108819022,9.875101874835629,healthy
20695.50388540308,0.05675782422054987,-0.07039891653835842,9.845011462021759,healthy
20700.451264168634,0.3336650172908511,-0.11541245430236605,9.774458877614068,healthy
20705.428494803054,-0.45828695978702094,-0.11999736899467994,9.763876086296305,healthy
20710.43943318053,-0.2522540901783943,0.219614234128117,9.75993328846779,healthy
20715.492213783225,0.3885173024800314,-0.028522265184989862,9.829734596400204,healthy
20720.456987157442,0.06963321496302269,-0.25539243037118203,9.84410105356497,healthy
20725.508971884534,-0.13881320613184306,0.023620437515589753,9.868544879234557,healthy
20730.508741786638,0.06211867477039873,0.2600128606938384,9.800935338992339,healthy
20735.514702524117,0.19047553873266682,0.25347061850816044,9.838908762572904,healthy
20740.60019079058,0.02581129221540035,-0.37124904695682603,9.696073645104342,healthy
20745.529929334403,-0.24183455872202825,-0.003303093260777482,9.73865792554072,healthy
20750.609947053952,0.07547893281793192,0.40334845323962687,9.59335544859784,healthy
20755.582383665856,0.34281686533173883,-0.20299054116378237,9.958231756423034,healthy
20760.50532272891,-0.22997340110934125,-0.3190318224397145,9.835590796071063,healthy
20765.46843434254,-0.1520492734836888,0.06892625204692528,9.767332754077438,healthy
20770.497348139073,0.31491550201209484,0.11397895191034639,9.596276190320284,healthy
20775.5725826649,0.06780004304704684,-0.034435701621363515,9.791905456240885,healthy
20780.57757235614,-0.10779612212962955,-0.1646588400851648,9.742375463035916,healthy
20785.515566811362,-0.4693754548704794,0.17459429620626202,9.866664022698131,healthy
20790.393331772175,0.34407082257953403,0.11709999150900952,9.861688587515877,healthy
20795.388724609893,0.3358320235344049,-0.3068294072181347,10.042511502643292,healthy
20800.466123543967,-0.14674126856134412,-0.008158910997241725,9.804341359033247,healthy
20805.50275473926,-0.026475433418159194,0.49942217006292067,9.705484940948654,healthy
20810.508573355397,0.29289832125979964,0.23678354097111956,9.971198428202857,healthy
20815.483059173715,0.23580515365374322,-0.34527690112325926,9.829261448365266,healthy
20820.50513156442,-0.1443046772626851,0.05611549101980742,9.658314925397644,healthy
20825.56628769193,-0.16086520168657384,0.3402561253646895,9.758825225065895,healthy
20830.56565962722,0.07726957448342608,0.0285330577110164,9.843416279396122,healthy
20835.596560116865,0.00037595126654051125,-0.1508000626536674,9.87388106608522,healthy
20840.615721968104,-0.29352740967653174,-0.2681179436574055,9.721065081906387,healthy
20845.51978554837,0.2354362251537475,0.040897833528167005,9.838246525450183,healthy
20850.50229457957,0.2538475670234393,0.05237162368742808,9.82745052250396,healthy
20855.49435790608,0.11289143383083877,-0.13488137613602927,9.780566998473319,healthy
20860.44743258128,-0.2614705828065034,-0.21425137954380427,9.63449729286621,healthy
20865.430215196757,-0.023808284961053985,0.16312140015049376,9.901491757118896,healthy
20870.36140724831,0.040152578128926225,-0.19119707021147558,9.927833885591253,healthy
20875.390736880385,0.03734429973963156,-0.46083441630900834,9.81116738624733,healthy
20880.400240352108,-0.1132756467956578,0.1898452972689084,9.804037401007308,healthy
20885.333096070528,0.06795715612020276,0.20618573752656655,9.736434883443595,healthy
20890.404877108773,0.2182517805601627,-0.20607818141785414,9.872369079266095,healthy
20895.416713108567,-0.02920268979925135,-0.20508074479622437,9.783890095272211,healthy
20900.440818095838,-0.27752565296446996,-0.05323802124064239,9.6390138019908,healthy
20905.406044325966,0.12508470620487588,0.30192213628016334,9.79167864269521,healthy
20910.434668501253,0.28049728690234144,0.018565740263135816,9.708022953705678,healthy
20915.430845940948,-0.06454225892505769,-0.07027210594968877,9.6671403989645,healthy
20920.429960930687,-0.012818084166233423,0.08945563242366127,9.773941380617892,healthy
20925.325044024667,0.17155668643381244,0.09243842074840895,9.739153236134479,healthy
20930.30072405048,0.2037168496873189,-0.1588811173750508,10.030560879226924,healthy
20935.305483654975,-0.10555451893020897,0.026576233024121015,9.779019041289361,healthy
20940.297637828062,-0.20952107232503575,-0.11306254441712826,9.868913315372335,healthy
20945.338355133194,0.08371176901399531,0.2908885859700766,9.797663049613426,healthy
20950.375129352804,0.18933483271387128,-0.2932372070952215,9.8461859929247,healthy
20955.32103876285,-0.1163366989650692,-0.2834658248823626,9.793032323468005,healthy
20960.312407442925,-0.18271185675918483,0.17294423696095879,9.756236827629547,healthy
20965.232373680064,0.2309553208643335,0.2310001665780502,9.9638663356304,healthy
20970.313031795755,0.07286643611378613,-0.187683954966044,9.769575590143852,healthy
20975.219122100774,0.03686284171974871,-0.18280285027580442,9.68512014464597,healthy
20980.1849174074,-0.09440712842187286,0.2994799442375604,9.889537271239696,healthy
20985.114839357233,0.303998613321632,0.005355100741573492,9.859473549603774,healthy
20990.17312754646,0.18026854073698492,-0.3672046598800993,9.91140239787774,healthy
20995.219351462943,-0.1290389581939239,0.1532148567966168,9.736734863684825,healthy
21000.231112012854,-0.00401051816369762,0.41583407301778463,9.971594692420823,healthy
21005.230474737098,0.1278346565742521,0.188985535693883,9.8460981565447,healthy
21010.271159845568,0.1393032319609964,-0.22115065819493684,9.765022279956264,healthy
21015.28609748813,-0.2008092544450013,0.040006736882998634,9.754096222522822,healthy
21020.28670571388,-0.06944162006923625,0.1188562564859951,9.979273127517093,healthy
21025.289697441363,0.34867644638917267,-0.10729054053099418,9.953156789516836,healthy
21030.282582532214,-0.19957446075431326,-0.3085716525808449,9.713170717041432,healthy
21035.298768915764,-0.213369668128847,0.2830125839734958,9.66151748271797,healthy
21040.298228626172,0.0358761620995689,0.18648306952932397,9.871009358052476,healthy
21045.320961082183,0.18179834017690533,-0.14125819853331387,9.864752501261647,healthy
21050.280775291158,-0.05191001390741226,0.015518890825795578,9.774257116449581,healthy
21055.319599912185,-0.3442753208436057,0.07236193709416588,9.75483974720875,healthy
21060.35943048005,0.1179536969452053,0.17238302855215568,9.818829360735473,healthy
21065.356788813177,-0.01382984392206038,-0.2648690348880586,9.937557352189012,healthy
21070.368915405157,-0.2994608753132485,-0.05669971061573001,9.692804216051584,healthy
21075.369650090684,0.12935584580862006,-0.06853697156235347,9.779455667361512,healthy
21080.365484147635,0.23650378277614778,0.19722210758914,9.825516540970797,healthy
21085.439171584738,0.146789771019956,-0.3097916213573825,9.823378894996994,healthy
21090.43816383327,-0.07224864628654526,0.06188722838240576,9.707371087644502,healthy
21095.44433998688,-0.14832088464403348,0.3820739874409028,9.729176957767399,healthy
21100.44077171591,0.2554529313108792,0.08412006259302228,9.89808004863212,healthy
21105.400197168896,0.08760834855135607,-0.19699124453529343,9.948039397744493,healthy
21110.36454933358,-0.3351534419086797,-0.1552748129952679,9.78530642684683,healthy
21115.348449388475,-0.019480525878498307,0.17273875397646246,9.875378662627263,healthy
21120.258090033945,0.37290316849538513,0.19105642239772372,9.808626856488193,healthy
21125.223296788987,0.04008231383116757,-0.27728516225362754,9.71346565682127,healthy
21130.24456514245,-0.2835350749843644,0.015531723905711841,9.799897137027047,healthy
21135.19443894615,0.08238882797307913,0.1476972043184441,9.898659852847205,healthy
21140.202790009385,0.020938518497982506,-0.1351713858974013,9.954470479526258,healthy
21145.281735578854,-0.08423905369391069,-0.11262749511300862,9.72312988127558,healthy
21150.297465942254,-0.027216151207794775,0.27593231908898125,9.775911363700732,healthy
21155.310061366952,0.13057337214893755,0.25704583836498124,9.931140842160843,healthy
21160.30116579647,0.2485432401698445,0.02487905951918845,9.764280923831949,healthy
21165.31475788056,-0.1152415451308413,-0.15643845430293407,9.790925654860043,healthy
21170.368440969385,-0.14552575429293285,0.31952787046677245,9.852094753109995,healthy
21175.388932867107,0.10258048168726214,0.16667964914255656,9.767655475133095,healthy
21180.49965543028,0.09017612336994649,-0.12732722984934192,9.769168978197005,healthy
21185.62470368604,-0.24070229471427457,-0.05004755312409093,9.857150248890601,healthy
21190.6794498442,0.003977945899546226,0.3834571357706238,9.83519924342229,healthy
21195.77721643563,-0.043039016575915856,0.05824441026375249,9.914426723442457,healthy
21200.754403038725,0.1388662908365394,-0.0601385007672926,9.761576005952977,healthy
21205.68749310145,-0.2676379809693308,-0.25062731063336396,9.848864169424882,healthy
21210.605758316287,-0.19448000589344028,0.2043273118174972,9.945984117872065,healthy
21215.635227720013,-0.13033143510406064,0.1541681890448957,9.892198780071698,healthy
21220.66453511011,-0.10567501994654988,-0.26779061879059984,9.790014860463739,healthy
21225.664835557927,-0.2563881672285281,-0.01632192158159699,9.703769263324292,healthy
21230.682701463516,0.05630803032973264,0.21150575493913895,9.78083641603468,healthy
21235.610097548633,0.06049871811039145,-0.0937517372229024,9.822379942758086,healthy
21240.744065074872,-0.08726703911285964,-0.24876597956152854,9.810510659990383,healthy
21245.72137133394,-0.3456612973036685,0.031834762966710284,10.008133978420755,healthy
21250.72284945466,-0.06521906924127344,0.31718673367151085,9.78057239051853,healthy
21255.64387153692,0.2571485735763784,0.013996381382486482,10.0001465973147,healthy
21260.694218984743,-0.04670131453191968,-0.15121103201926983,9.690561629052471,healthy
21265.828227612015,-0.17311485104491214,-0.19715238354213024,9.646340626532767,healthy
21270.79310323298,-0.14584131836213315,-0.023217967153543212,9.72547597230118,healthy
21275.821537030235,0.4076596568104338,-0.19500510667153295,9.911866498438137,healthy
21280.78900009361,-0.23484117800066912,-0.25123101460267044,9.82366307812434,healthy
21285.78555798636,-0.21895107348124804,0.20162114546484775,9.844886492148847,healthy
21290.78110115878,0.29770177115254437,0.09227581758440025,9.964278792948956,healthy
21295.6967644162,0.26504800497296915,-0.17363975556450775,9.812294530864028,healthy
21300.712700694552,-0.4588652102192999,-0.05878117631105924,9.783895789733121,healthy
21305.707657995314,-0.3244713598685617,0.19216797743869343,9.751575813818235,healthy
21310.782237828713,0.08958754479023609,0.22103496056886876,9.776669598280423,healthy
21315.806226734236,0.08737791209649962,-0.017394627556952535,9.749451255281318,healthy
21320.77122891224,-0.27274822883259336,-0.10506228175079967,9.717814804484565,healthy
21325.82736312699,0.06217397807724277,0.38780266566600075,9.834434800074012,healthy
21330.819527780397,0.3101822044621023,0.16284330741908803,9.813685013088163,healthy
21335.794450430883,-0.06867436920297686,-0.3682796559948046,9.87855543272436,healthy
21340.738260952177,-0.2282652689712339,-0.0023637612027399835,9.77543586698709,healthy
21345.798550616575,0.00819628761426134,0.40536654086135065,9.823685159182459,healthy
21350.83726306622,0.28514724647489953,0.1758401994754839,9.907581586973237,healthy
21355.835870831357,-0.08948966293596548,-0.1817714707072275,9.87926936118359,healthy
21360.837153210516,-0.04559187415452498,0.04157496444661942,9.837855286861291,healthy
21365.8475301908,-0.15624998449591393,0.1967460671373702,9.861008439125476,healthy
21370.81067306704,0.33109771020307954,0.22754977963245657,9.816908200979027,healthy
21375.809330672375,-0.13117273273162317,-0.3655645684362661,9.83427444308085,healthy
21380.815752117345,-0.27175312843265476,0.07036117900175431,9.685013725946696,healthy
21385.86192977352,0.11363214094982864,0.12091928480605507,9.665154800397131,healthy
21390.83947187983,0.03694210214200705,-0.18611553776253395,9.90364746986715,healthy
21395.69128776599,0.0008006077778203724,-0.4506821208959977,9.762234409407522,healthy
21400.751684108323,-0.15088949309115618,0.2638738241750117,9.731860637637846,healthy
21405.717061064854,-0.1865863262661723,0.15664127876583356,9.928253304530822,healthy
21410.650620174158,0.026687809772828558,-0.06140345582038921,9.932254171779757,healthy
21415.6232150586,-0.3011606346373352,-0.037522572384079494,9.761090134230948,healthy
21420.641826731062,-0.27143470016727056,0.1708916142653516,9.800234993919071,healthy
21425.718354518645,-0.09365778885973905,0.12858022118418283,9.712317937375277,healthy
21430.762628368113,0.2094200759628943,-0.2453881019263331,9.794575365484688,healthy
21435.82754854884,-0.24317562029626866,-0.004030773717741798,9.73622615032665,healthy
21440.79132232113,-0.2976318410903782,0.2717173051221663,9.726697219783134,healthy
21445.83551610241,0.32950102284838684,0.1476511352055091,9.89762710775622,healthy
21450.941069411372,0.27991745078734726,-0.26947144611573925,9.84995574780075,healthy
21455.867265092606,-0.4151779311699105,-0.04145224385211072,9.750295811621104,healthy
21460.938534130102,0.061421363350960836,0.19328477480822862,9.755268429421987,healthy
21465.909538822907,0.28973693133968614,-0.05920558185017065,9.877137390570661,healthy
21470.877829812078,0.04954354093222399,-0.13130768494509432,9.767014829567726,healthy
21475.90097023556,-0.35342590169115484,-0.05227162348435065,9.901085820852133,healthy
21480.88428871115,-0.09290513391878007,0.22639750818594667,9.78948852064453,healthy
21485.891558957388,0.5212754650939122,-0.08910977978539206,9.896803689648033,healthy
21490.897873190257,-0.039575384782358114,-0.35990067543202925,9.7700565991417,healthy
21495.89213099803,-0.3017433977949614,-0.1571732722063709,9.647789803472996,healthy
21500.859190044535,0.2026026760317632,0.44160442289095814,9.938674373655193,healthy
21505.849772855585,0.16015883214988186,0.13472162154872266,9.816253923038664,healthy
21510.900404477885,-0.20078729692439917,-0.2546467648825582,9.789641163113393,healthy
21515.992098850318,-0.21272909897028605,0.2060015684066414,9.745044628901052,healthy
21521.020601631088,0.09273290024676914,0.14136304494687996,9.756006438409422,healthy
21526.004237564368,0.4627823460439835,-0.3384906456893316,9.856645936954152,healthy
21531.02162487796,-0.12278394194298531,-0.024134241468906942,9.83433431391935,healthy
21535.979844733516,-0.3740401719262392,0.4367567957330083,9.79592280479537,healthy
21540.96021040573,0.142537668733413,0.24635216536903232,9.974813456561735,healthy
21545.94245061463,-0.07687793986846064,-0.2788714827316007,9.821522457503642,healthy
21550.93124942491,-0.12956843253866202,-0.2589098080164231,9.888319702121779,healthy
21555.927037820602,-0.011043146292541384,0.3728167785453491,9.875947686585153,healthy
21560.92564477421,0.3853223249134863,0.2954582949131794,9.874140860018173,healthy
21565.921342753336,0.1838290553715404,-0.10670135851870582,9.870189644057048,healthy
21570.89455304781,-0.26084884273107867,-0.2643492487675452,9.837057897283398,healthy
21575.837060376085,0.011153640318779648,0.24451391493224955,9.765340965807795,healthy
21580.78098917825,0.23372984910416314,0.1597333568948682,9.882287847881724,healthy
21585.77696470075,0.11281057280882605,-0.13867762512682802,9.891853124600303,healthy
21590.762041821778,-0.328601316054013,-0.15617099557454261,9.676397941665154,healthy
21595.74425522131,-0.24537212708609848,0.20627622571567783,9.750873834640448,healthy
21600.74933068662,0.32330744731536626,0.002684386853317504,10.085207448965043,healthy
21605.77252577043,0.04044276890746208,-0.3868120554272112,9.885500054999243,healthy
21610.723192166406,-0.3847110545073845,0.047465132181298615,9.734261496319592,healthy
21615.682412839484,-0.07168607098536442,0.21093783286185314,9.780805422713568,healthy
21620.697932429735,0.35711300167174653,0.17167298682916735,9.902446980799061,healthy
21625.61813964333,-0.10177976421207888,-0.2668738458484033,9.829922640281083,healthy
21630.57372430273,-0.053134920967870675,0.052626563934146525,9.79268416203515,healthy
21635.563192306137,-0.14172105930918333,0.3794270477127965,9.87809009554279,healthy
21640.549189929774,0.3094506199595604,-0.23964963673869732,9.847731855430874,healthy
21645.492820272968,0.0652245198863073,-0.09822077391123188,9.83758673002139,healthy
21650.52589061727,-0.24563375212426503,-0.04008715057461673,9.74080276942348,healthy
21655.523305917286,-0.009261211200066732,0.09523731399567076,9.76092849327439,healthy
21660.566855504512,0.26697115295699325,-0.0710086697192796,9.778667820485921,healthy
21665.683738127387,-0.2621103405657518,-0.10803346998992207,9.855328945664482,healthy
21670.725289377202,-0.15394895757231394,0.21955542438091238,9.739445729153994,healthy
21675.6608758537,0.02749592869634715,0.049609463668236986,9.903439196324484,healthy
21680.662151071272,0.18235119385688087,0.013519565239429626,9.761511444880046,healthy
21685.66496754141,-0.20302755986384335,-0.05689719294374668,9.7021504940399,healthy
21690.648110691658,-0.19043090666883256,0.20703808304319704,9.658878742842194,healthy
21695.71321428317,0.44452422531851893,-0.12218763313191047,9.929141112445475,healthy
21700.771829398982,-0.06499700421006552,-0.1995507569418963,9.947909457291193,healthy
21705.821262746744,-0.30574559533163326,0.026005223265970448,9.698949067733842,healthy
21710.82677182682,0.23422627955924713,0.32091843984676277,9.746771862760228,healthy
21715.88944772936,-0.02551649980308887,0.08832190192226233,9.835981845922724,healthy
21720.868568512342,-0.06528004940621669,-0.22267893332706523,9.764952297983722,healthy
21725.854001238917,-0.11981371075545447,0.010800568694959947,9.64635820527866,healthy
21730.817732545947,0.042372063883242814,0.17629343911583456,9.78726651390289,healthy
21735.817186009517,0.3137597226203015,-0.054021553217345114,9.904743328112085,healthy
21740.794713903084,0.02430879517063875,-0.21087729995287346,9.84132599841461,healthy
21745.794188412317,0.011897434474356372,0.12093995148677163,9.84724787232168,healthy
21750.859992347476,-0.05858833740278123,0.30424724660649016,9.850732904723099,healthy
21755.81609116441,0.03279311951285005,-0.0299765318345568,9.864232220525194,healthy
21760.81151029248,0.0023688622424412054,-0.26808955722172445,9.868469654637,healthy
21765.840216075976,-0.18981012423444546,0.28600140322484874,9.944724929287121,healthy
21770.77764102143,0.25922940259482447,0.3547476747092547,9.87081895220001,healthy
21775.799091103574,0.22647142982665128,-0.25382886224837337,9.850932614031363,healthy
21780.83043152106,-0.3053279639106482,-0.4930455619361369,9.818938574143374,healthy
21785.7876411336,-0.4339480773267437,-0.011498755300134472,9.770913182914294,healthy
21790.744374448306,0.2710287224670449,0.18928765136528625,9.891369536925318,healthy
21795.786631643645,0.2372415264779134,0.015851797817902052,9.89823143251165,healthy
21800.806946499517,-0.3935725859979189,-0.39312942077295177,9.664913831648533,healthy
21805.76394465385,-0.4197191840937082,0.0804342897152339,9.773235642462003,healthy
21810.68089862267,0.20005051512280808,0.32645471459060843,9.935779850876738,healthy
21815.56844981574,0.1350029082818162,-0.4009893122081993,9.753223512456902,healthy
21820.540624251244,-0.12753107207647685,-0.44959058889909786,9.84112653130842,healthy
21825.510934895665,-0.1166951226788806,0.19045943484087044,9.825166944792052,healthy
21830.539711002566,0.15026515839222954,-0.10059421589743216,9.805991746419435,healthy
21835.558416872977,0.31047504262167247,-0.33122762833201097,9.898158951048952,healthy
21840.56199813729,-0.10590224515466007,-0.04440959919617308,9.588554257461617,healthy
21845.549210937555,-0.12376492182325183,0.15609971543266016,9.763597709550018,healthy
21850.568019396622,0.10071186670271415,-0.059051609693103815,9.910770586885603,healthy
21855.652251515545,-0.049888160302077114,-0.3120818632651658,9.839111700609894,healthy
21860.50412515501,-0.40223919061367863,-0.05029293226218673,9.74301177320559,healthy
21865.48741952219,-0.20500841360061733,0.18844584552884175,9.821587281322977,healthy
21870.37263645535,0.18947715472734772,-0.12446959477621938,9.842311296306152,healthy
21875.342956280052,0.1466896502181643,-0.1705366558011369,9.876453686785823,healthy
21880.267934058724,-0.2321819450118026,-0.021225462779389456,9.724232076213042,healthy
21885.21148387093,-0.025742252016082177,0.08799103031123112,9.740306857252813,healthy
21890.228918247554,0.459349606122172,0.04031256257743058,10.078855762191447,healthy
21895.243231352786,-0.09590662098587718,-0.24919941375189525,9.841668315793386,healthy
21900.230546763967,0.017592718239159366,-0.0860832881748345,9.735695316128675,healthy
21905.246632030503,0.1456079807771286,0.5668949361354192,9.894228938847599,healthy
21910.213184397944,0.3645353442700129,0.26780534832309927,9.756706005293182,healthy
21915.17296732735,0.018054880236723123,-0.180634882747112,9.918921767519052,healthy
21920.13601526513,-0.1613501758791394,0.1961889094641288,9.718366406560154,healthy
21925.107090879603,0.01258510678656298,0.311456607867525,9.887494031019633,healthy
21930.091411556103,0.11345532358229199,-0.13342949110741145,9.750059956024591,healthy
21935.189144751563,-0.04304113037694665,-0.3238056394016047,9.780583411393565,healthy
21940.261220351495,-0.24898995727943796,0.04763392703738023,9.72757584375417,healthy
21945.30916586167,0.24148456177871272,0.19817331564671894,9.878120390673091,healthy
21950.30066483781,0.12565737587600456,-0.12311417033366615,9.867202817261926,healthy
21955.310250584094,-0.16523009299205127,-0.0748761939303311,9.666027590385292,healthy
21960.29005955514,-0.011126791556464857,0.2625245158171478,9.801329723388355,healthy
21965.302923599924,0.14012472980995688,-0.009755323141098504,9.835304553988191,healthy
21970.298090911438,-0.10420196077873149,-0.3345346739377031,9.823723187035336,healthy
21975.270178763374,-0.38191509141020796,-0.062092427858166904,9.643986982535154,healthy
21980.260083560555,-0.11901849124458481,0.3627005122643925,9.927443876412623,healthy
21985.25995598431,0.24903513451434198,0.011376760594307304,9.862682153097776,healthy
21990.302299599407,0.11044546076705115,-0.13392968902001468,9.856053824577389,healthy
21995.328332043828,-0.1972016365058517,0.035361300363114655,9.72947099320893,healthy
22000.28205505403,0.006758187871205727,0.43146187724879637,9.709146436552988,healthy
22005.259136437813,0.03316049413922367,0.040517057276264534,9.941658159949768,healthy
22010.27175242012,0.1456595160377938,-0.39831184000033104,9.868438964784469,healthy
22015.258014831303,-0.3439579704664286,0.06785967837618859,9.768819355876806,healthy
22020.255456086095,-0.10986050292358687,0.39109122148688136,9.83078226824445,healthy
22025.260948009603,0.05697418501446461,0.06011811160209163,9.95583709128337,healthy
22030.247564290836,-0.054679135477809365,-0.3602834580293194,9.891645047426385,healthy
22035.334601845774,-0.2902091137208807,0.1038885052752029,9.722586465696764,healthy
22040.2282547835,0.15133942591391436,0.271578936637976,9.812455158133387,healthy
22045.260625526495,0.17612899010450844,-0.30132836314953804,9.778661630203693,healthy
22050.206227796054,-0.17050607657980885,-0.17443728910888118,9.851435739412448,healthy
22055.194569511405,-0.08994221659374366,0.24693728778830282,9.765041738419468,healthy
22060.16297078822,0.07392361138962036,0.31472128237205876,9.817624351588318,healthy
22065.201077642898,0.12306270298189544,-0.5061388264086646,10.075735097770675,healthy
22070.271368178666,-0.15719747530233913,-0.19223112432860023,9.854136574177643,healthy
22075.27781236962,-0.3201114106929086,0.18151280970758926,9.79314719182734,healthy
22080.171963213128,0.23481956464711579,0.3469442448072104,9.843262856209869,healthy
22085.188603558086,0.2419127477767675,0.07211527489922384,9.857839351922776,healthy
22090.20298130794,-0.10234242224487478,0.05157455353988988,9.663850335680861,healthy
22095.19057370687,-0.15393608409601267,-0.05907288944123257,9.757263839113508,healthy
22100.253643979795,0.38134146491454274,0.18958328487408993,9.8108791516984,healthy
22105.24243876748,0.3618436655360954,-0.21860153958729805,9.910728892488107,healthy
22110.241186760606,-0.27184326879891973,-0.2594133508076363,9.746888419415265,healthy
22115.3081972803,-0.12053221729829595,0.29814897213548885,9.853913936477051,healthy
22120.341078681904,0.29188064564614136,-0.06386674931883723,10.016635461988296,healthy
22125.37134205652,0.12969419051043055,-0.33622725970012607,9.952000906468552,healthy
22130.383494321508,-0.08307933465908196,0.16518484675418627,9.699243397832076,healthy
22135.385421948173,0.25687610465572885,0.21738532747179576,9.786254644736987,healthy
22140.34722135322,0.08225840774503887,0.08477753977372773,9.86991222096573,healthy
22145.358273182155,-0.10511966417657984,-0.3919276532467898,9.85823744179688,healthy
22150.346248627717,-0.19120264203350462,0.04573504701832367,9.615651323240657,healthy
22155.333404470024,0.3491613273514052,0.2199372074941276,9.830744762976247,healthy
22160.368905422634,0.185225619307705,-0.06734606524615927,9.816669013039219,healthy
22165.351410054736,-0.20378030246647263,-0.2873787068776001,9.762632226736077,healthy
22170.31213602972,-0.40658369732349586,0.03848599049858491,9.6979265263492,healthy
22175.28966815194,0.24853687548753295,0.1867880472302195,9.892597272179222,healthy
22180.351700485895,0.08976869763709061,0.017584476140021954,9.861597864231177,healthy
22185.309069175306,-0.1681065120048389,-0.13232647430681027,9.681834962264887,healthy
22190.31061960026,-0.17773212960443202,0.19133634900729818,9.64711485862343,healthy
22195.319137214647,0.3730566803546318,0.39662794615469943,9.775429092784496,healthy
22200.305901109532,0.2642499436244376,-0.10466169426273443,9.91292177821901,healthy
22205.308284988012,-0.12454174185797764,-0.18760229005829343,9.639134792795428,healthy
22210.396709862885,0.016394378453967157,0.09248339702858577,9.676609178601574,healthy
22215.38559492791,0.12041173906451884,0.03897936160650946,9.793898590174287,healthy
22220.408298154853,0.05226536139460902,-0.4563624723017438,9.814308410412718,healthy
22225.477213921666,-0.19912736360039512,0.11566296952458421,9.75312546139044,healthy
22230.62851552672,-0.14390037028758382,0.05130054757080155,9.835137836325082,healthy
22235.56717917584,0.17704351151341302,-0.020305295294553157,9.956256674880745,healthy
22240.592553734008,0.12077777453271954,-0.40639733654737786,9.71380403660453,healthy
22245.63863579438,-0.25758883789196585,0.23532126626972155,9.880150936086748,healthy
22250.563136195953,-0.08918579910755013,0.29923743958396765,9.901355864814951,healthy
22255.459646890427,0.42958355715550633,0.025944204704783168,9.839065782089019,healthy
22260.457214900194,-0.3083677254162936,-0.056244170669034144,9.658556800046783,healthy
22265.36917159913,-0.3594181644542368,0.060403925185705934,9.749675584197378,healthy
22270.375248816737,0.02151324321497626,0.08936916549552112,9.77569909108021,healthy
22275.416175694987,0.23530369617984387,-0.05984871830806275,9.90865313595376,healthy
22280.368352951402,-0.04465688095368133,-0.18413470593802447,9.894673226783365,healthy
22285.378094930587,-0.36176065627179893,0.10039217698460894,9.765244681138876,healthy
22290.44875780396,0.04734672937584651,0.028915775931642795,9.907752750293204,healthy
22295.414080130227,0.4452021478769906,-0.03560007668856281,9.75851116488048,healthy
22300.528936303654,-0.28016339842064064,-0.09940956504455845,9.785223622903517,healthy
22305.462662516453,-0.0621484141930307,0.3499737064132178,9.857534196754376,healthy
22310.42614147374,0.12743638952245068,0.28977435381806893,9.792222970970736,healthy
22315.45346344042,0.2517391867974719,-0.1764920689789537,9.85796490611504,healthy
22320.442028880036,-0.13462574284241155,-0.22242834935190037,9.801375118107561,healthy
22325.44364987897,-0.17930419213499293,0.1674479346934998,9.678282286368916,healthy
22330.461607003617,0.2645610211909569,0.016700504572363467,9.931885583079824,healthy
22335.426351943694,0.16397220038236127,-0.211953488085159,9.707401501096413,healthy
22340.385336173335,0.008150358109091094,-0.3420007183752959,9.8160236218959,healthy
22345.3508000781,-0.10131581307459561,0.09752642324681343,9.614339980925473,healthy
22350.390696123246,0.2749391779600837,0.10889544821210628,9.834910888493704,healthy
22355.425359598972,0.04774460506489632,-0.2271691330982511,9.93891133602682,healthy
22360.459051712227,-0.16178345409487935,-0.14911693168133267,9.824708931233284,healthy
22365.475006205073,0.07972507215584455,0.27269572683584103,9.877210584144978,healthy
22370.45927826139,0.17032772411179545,0.023617156064908284,9.881530594880227,healthy
22375.53662130574,-0.004193190264502301,-0.17600531368405326,9.70947186133172,healthy
22380.55135434884,-0.34580648791267193,0.048259601647445936,9.794364823966822,healthy
22385.51247583565,0.036847977323902006,0.26644093624567755,9.75950418837918,healthy
22390.483623436652,0.28113477036125717,0.22399994909286397,9.822321575719378,healthy
22395.55197271396,-0.21941422506718364,-0.1328138243386645,9.836705981599682,healthy
22400.478988754745,-0.1143176357543873,-0.030594937461744826,9.794397652291016,healthy
22405.509566806584,0.1048779191175819,0.18553321508622642,9.863705591114988,healthy
22410.446503186915,0.2773256115161691,-0.26279290975818537,9.911020636822546,healthy
22415.443889963826,-0.16991851374803502,-0.20057099497898348,9.808315847836928,healthy
22420.402533348926,-0.2998969323097311,0.25791464460117836,9.767248323572277,healthy
22425.296009908674,-0.1117858310494152,0.21427129063740535,9.929380428901958,healthy
22430.274697535177,-0.023267660016378117,-0.17448749588838094,9.718348555761528,healthy
22435.25165352135,-0.01898314053778072,-0.21809664756976782,9.755996684472263,healthy
22440.236608766063,-0.15921174345672776,0.22997121340139481,9.720794988462341,healthy
22445.315853984343,0.11280663824074161,0.09624462062488076,9.810510924715533,healthy
22450.341749142553,0.1688320908247305,-0.07354117839026819,9.888740940131928,healthy
22455.365669802857,-0.23665882755465392,-0.020062764039697922,9.767820445378314,healthy
22460.432779362873,-0.018088847112791684,-0.039327795891690276,9.84126969640384,healthy
22465.52630232104,0.21969733462769084,0.12187384134178728,9.927157407507595,healthy
22470.537283649923,0.12927310130359054,-0.21183798464853246,9.91996503020227,healthy
22475.5100234291,-0.15356528207778525,-0.21708223759969175,9.733002075105622,healthy
22480.52020746366,-0.2142690105822668,0.13772351366806046,9.721022318917532,healthy
22485.559436637315,0.33613385326366707,-0.06288544762351825,9.829898063833637,healthy
22490.544714951327,0.19442150300117853,-0.2803826147724234,9.811920010566489,healthy
22495.471649470383,-0.1925346294966086,-0.06410961510481013,9.732727569368306,healthy
22500.551461804906,0.19125903825998963,0.29091352899595274,9.957928641191845,healthy
22505.54222869457,0.24701477598562713,0.015735139263720707,9.91646094948403,healthy
22510.687330614885,-0.15958810797262862,-0.2593029571483464,9.691921472836466,healthy
22515.665863442424,-0.3263503974663521,0.19541629164058671,9.830480603289558,healthy
22520.639399707725,-0.05883684898626705,0.09150035952524133,9.850556128578011,healthy
22525.646789622493,0.19687757278030438,0.004847471892706484,9.82571557382247,healthy
22530.591729856125,0.05297820369135681,-0.1647499249836842,9.809708558020807,healthy
22535.60951941733,-0.22518240468681255,-0.04835197269845007,9.80113432340015,healthy
22540.516653677012,0.1868690450732043,0.42079775307000755,9.816941398227717,healthy
22545.461400450782,0.2097370048180461,-0.15821637192727894,9.735068539148287,healthy
22550.40846520453,-0.15253131123693456,-0.44609452103303904,9.784887268962862,healthy
22555.442974468264,-0.08547619003733496,0.2199585458967634,9.751114340444174,healthy
22560.30670934486,0.3147083496043242,-0.01846809391904869,9.833051804312534,healthy
22565.392867177132,0.06182310004959478,-0.3047566915752834,9.796347881386268,healthy
22570.345031409455,-0.17148517499990557,-0.18429307579173812,9.665137958833503,healthy
22575.349177129327,0.06296909863697359,0.19987662204374773,9.721585310510896,healthy
22580.383823290347,0.02928773673302304,0.049051255512725905,9.975539095238286,healthy
22585.37340340389,0.28616742604964535,-0.3960649820697023,9.995544840315414,healthy
22590.379764523754,-0.12288095539726102,0.11765254452263156,9.690140149156042,healthy
22595.373300124626,0.028733335808606014,0.6481813503279042,9.689692822397316,healthy
22600.432952987096,0.2843695421453938,0.10235317258858057,9.867286362489985,healthy
22605.394525427157,-0.03562864173449193,-0.24240842591448414,9.739654235219897,healthy
22610.42679391303,-0.2445945470859508,-0.21421267179679088,9.670840801532252,healthy
22615.386257167887,-0.1816073294277128,0.2248097582622888,9.84911786377023,healthy
22620.367051218953,0.46795576724384014,-0.04550520057573476,9.918588681562074,healthy
22625.307797889684,-0.11954291459293723,-0.14323729729191892,9.82041733250063,healthy
22630.442575009387,-0.2849504458970649,0.12180599625386765,9.74236089328241,healthy
22635.450088212365,0.19782626245570975,0.09695197965067867,9.69466148152388,healthy
22640.395774624343,0.3150728856580053,-0.20943960864320355,9.843552991011787,healthy
22645.334537403796,-0.18105112078276903,-0.36781547126314196,9.846580141295831,healthy
22650.228791721507,-0.1622150096499852,0.1411384888448512,9.717976463787819,healthy
22655.224590993308,0.18249897464984788,0.03363261284558289,9.732587788057145,healthy
22660.230332334348,0.5497195492691086,-0.3062937765184591,9.923799539510425,healthy
22665.237124716677,-0.22653069232936962,-0.10358762867821926,9.908056138857656,healthy
22670.228435922316,-0.3105477125089633,0.18424951828780758,9.775376845440949,healthy
22675.259052019184,-0.06559584379691238,0.3818041034800731,9.87244620853081,healthy
22680.248630841746,0.06027605518908652,-0.07155644084101465,9.82275005598771,healthy
22685.335619018915,-0.23963114906627345,-0.19943795646273876,9.769764513291355,healthy
22690.33340918139,-0.15996767314461957,0.27321730115236736,9.917973859754717,healthy
22695.32164127634,0.23201898212568256,0.20975318561542824,9.83835945117392,healthy
22700.27887704077,0.08537939707983783,-0.20162267975058487,9.911747579196586,healthy
22705.267129087948,-0.1431665108349031,-0.11753869153583658,9.71566778091321,healthy
22710.309305294028,-0.11844836963092864,0.29391198346090003,9.708007626353947,healthy
22715.41115770908,0.2993489070502989,0.221171322557901,9.913007979521513,healthy
22720.38511017383,0.17358448456247355,-0.14839688367264403,9.866474386221364,healthy
22725.30037254738,-0.18206300742393997,-0.1464015155319618,9.765026516868838,healthy
22730.279934437378,-0.01654727100647809,0.018517616854379526,9.620997879442987,healthy
22735.220523316733,0.046416795635935426,-0.08108798607461354,9.8028802648569,healthy
22740.13180585979,0.01915614313639222,-0.3395010608965083,9.889281850358316,healthy
22745.088215899123,-0.19637547009402742,0.1321793856863929,9.877388971608267,healthy
22750.123588993247,0.16857550225753556,0.14297722966318233,9.961507443546056,healthy
22755.119554477842,0.27951170628233685,-0.042118269455818334,9.766434728308107,healthy
22760.09938790081,-0.18723439163923486,-0.2831792174003457,9.90446276796492,healthy
22765.06734180107,-0.4219495219766962,-0.003993667228449783,9.663859320326587,healthy
22769.971136789045,-0.007438290549700445,0.27220666274528416,9.708789533155374,healthy
22775.052209495785,0.34551320358893667,0.13125200875250606,9.800705807657154,healthy
22780.08269653566,0.04590119642406086,-0.12843632335857774,9.74744080299187,healthy
22785.135821664786,-0.11787703706509906,0.0782154051737119,9.669817144344963,healthy
22790.19075013749,0.11462803474894676,0.21618559724027603,9.888247813447833,healthy
22795.224647344836,0.15759304265589485,0.07640122542718722,9.8927152792429,healthy
22800.22819172705,-0.195822325813983,-0.2599905435738916,9.849661150923804,healthy
22805.27112474199,-0.18574370294327652,0.2605383969624133,9.643620588642763,healthy
22810.35360042075,0.08633762636686587,0.14862184472306458,9.874089440287522,healthy
22815.34807048395,0.07898823909308329,-0.3668876293520469,9.774788328758826,healthy
22820.308204188295,-0.40368845106651585,-0.21488776240879098,9.758105371361303,healthy
22825.314829849092,-0.15116641211874207,0.44502720512185984,9.736671798421773,healthy
22830.390409363044,0.38416069408649656,0.14380598347157525,9.856110971111013,healthy
22835.41361289689,-0.14199790303229043,-0.28375429219933185,9.760594299981781,healthy
22840.33683559498,-0.23809687176555128,-0.17763912794853187,9.664319103600352,healthy
22845.43827797923,-0.09412018052538729,0.17208621539011454,9.715413763708641,healthy
22850.485716689884,0.21291567594935382,-0.02145793984858005,9.846559337407792,healthy
22855.440001421848,0.20466475681896848,-0.25371191854621605,9.957943687772188,healthy
22860.41221929244,-0.08561355329682885,-0.11378257051752425,9.791090581738308,healthy
22865.347220547243,-0.20683584002949143,0.37028695322241517,9.741247564814769,healthy
22870.313347864303,0.1446896449366805,-0.16632422785709583,9.747708001140134,healthy
22875.330384559493,0.06448545173958743,-0.0029086276224423724,9.759369567002317,healthy
22880.30563075161,-0.3154412925424781,0.08613458354804994,9.62651341924822,healthy
22885.320013680073,0.10356103543907652,0.05884983017836501,9.907939544713352,healthy
22890.347775723025,0.1654960950996225,-0.3407465240341929,9.799224797602525,healthy
22895.375272541456,-0.08781284633081243,-0.2264169403609476,9.788777241841284,healthy
22900.446431353383,-0.34287976531039793,-0.03811477548009132,9.915046835675392,healthy
22905.41199445926,0.16013142238396758,0.17248594319677146,9.794918445022661,healthy
22910.383684404725,0.3302369948382251,-0.11503846658026337,9.881914785080241,healthy
22915.44818519492,-0.1694464459154646,-0.1495372224587997,9.862026417827458,healthy
22920.569085040624,-0.2500213402613056,0.059555201568575494,9.58455929921353,healthy
22925.53623577762,0.013733820600316332,0.23277595466943582,9.729493174101439,healthy
22930.40482972785,0.4252334096047024,-0.1022430915688051,9.876699717937372,healthy
22935.47138253904,-0.05722182482085558,-0.12667007587033047,9.919389693627336,healthy
22940.38925619978,-0.18343814613730478,-0.11810179005275925,9.776581478349094,healthy
22945.441721621715,0.15133220656183116,0.2009379036477516,9.765387670836292,healthy
22950.520923573695,-0.25385952864465755,-0.21925271873239224,9.921314995380715,healthy
22955.52905825549,-0.2812593358048542,0.026825193873589906,9.819313576192188,healthy
22960.459124457506,-0.19085772367678067,0.11259899986078799,9.910051698225024,healthy
22965.415063181008,0.23561647809714573,0.21617316436327247,9.894965477041243,healthy
22970.51394276318,0.19931391839248824,-0.29790431813438556,9.658468354068802,healthy
22975.52780058298,-0.2928891162214067,-0.20333958794735063,9.667091901167964,healthy
22980.527475904957,0.10078842029588486,0.3164744502341418,9.718793408380321,healthy
22985.5965407772,0.3511467477302473,-0.054137956607542934,9.73763854488017,healthy
22990.558050737673,0.010233610796966029,-0.19297671500022553,9.789137565707026,healthy
22995.476768247237,-0.39610191910359305,-0.0871196145807219,9.701464229505767,healthy
23000.47054325054,0.04222846953748459,0.18301759088693573,9.890743008668606,healthy
23005.501466999558,0.28078520573831656,0.24306792744743605,9.827862277781993,healthy
23010.50894497636,-0.00994218832891354,-0.31160260519105965,9.937476793354094,healthy
23015.408400271608,-0.022153779957500536,0.07565714641790025,9.612870673656298,healthy
23020.434584189752,-0.07184425202807072,0.20364111486275155,9.83803511044674,healthy
23025.410674406587,0.17811373961533558,0.08043678632800198,9.795637410376488,healthy
23030.387736465196,-0.05381362174785373,-0.06872608759870338,9.817610872768679,healthy
23035.293735424155,-0.2004323067346428,0.21092652606156992,9.70378062393887,healthy
23040.238234717683,0.19200624515864745,0.16817296996502099,9.732450732775504,healthy
23045.27373111581,0.05442855036665736,-0.14674322707911336,9.803211702694608,healthy
23050.320871478743,0.03597137737383496,-0.30992384550311913,9.742939423759882,healthy
23055.323216675028,-0.20192657859314947,0.25132907438203966,9.720253781393053,healthy
23060.288350357085,0.13107576882111435,0.24520123028322505,9.806493906997114,healthy
23065.28227843144,0.16595325788406687,-0.47131142689545286,9.6927163780807,healthy
23070.270091237035,-0.2248032551972706,-0.08263900310569662,9.69191517503564,healthy
23075.26802509524,0.028483458657748317,0.465023922699381,9.74616593400718,healthy
23080.338512068,0.21827279015309198,0.20020134400663098,9.861018139840802,healthy
23085.333666983188,0.20852449005790605,-0.39482704995311224,9.829131134598816,healthy
23090.261308142315,-0.25250248759843785,-0.17833694284154966,9.780774101508811,healthy
23095.293494825833,-0.12158905707955157,0.13190458992996526,9.740760397838569,healthy
23100.26348165358,0.4239221221402376,0.10350461930192988,9.871289283204346,healthy
23105.24083769627,0.03727948302192635,-0.2854377450863578,9.855951307077513,healthy
23110.2345854595,-0.32362272776047696,-0.08403158779943479,9.662655719069472,healthy
23115.219351277527,-0.12488622034652212,0.3103259362482478,9.731285733169566,healthy
23120.263485811924,0.11167961409942018,-0.05933965960262406,9.822094521768632,healthy
23125.383325907587,0.14476728207035672,-0.22218748684859202,9.722390737992901,healthy
23130.356618223672,-0.26429117622123355,0.15859945745209478,9.805986507573996,healthy
23135.348322868962,-0.002354042582507772,0.15664067028570144,9.87502764317713,healthy
23140.387029923677,0.14589008751510077,-0.005142215557909238,9.900446593652926,healthy
23145.359322489698,0.011256814090528991,-0.03969859288941996,9.937077513905226,healthy
23150.30155268363,-0.027616600457556983,0.28388172557970115,9.80239120590802,healthy
23155.252247313143,0.052604187950015695,0.19945041767872765,9.887678244856554,healthy
23160.333389956028,0.3687147504655025,-0.21393669110628577,9.74915601345487,healthy
23165.34098345049,-0.11488641084517537,-0.19722193736424581,9.849246079153748,healthy
23170.397401045684,-0.2880456728945443,0.31147971249061224,9.794440715537371,healthy
23175.4210709976,0.28132543320957226,0.2288545545412442,9.846887966005326,healthy
23180.41377434103,0.1608309408973855,-0.13365131950137357,9.841052915962834,healthy
23185.39230664482,-0.16481856690560326,-0.1812347233316005,9.827139203100806,healthy
23190.322640425882,-0.16934514620377006,0.24633420470080092,9.80892729807412,healthy
23195.32499217355,0.18147052304036274,0.27584278809690416,9.82247940192541,healthy
23200.311444071864,0.2809695746487622,-0.10735213696305287,9.9334345825955,healthy
23205.281397110477,-0.19524183265150802,-0.18264928890151363,9.769350469559344,healthy
23210.26551471363,0.012933199091582276,0.19614832624282738,9.854202974993019,healthy
23215.22259806985,0.30126951624184695,0.1585203106462638,9.830438729708689,healthy
23220.17847830966,0.4019536954062774,-0.2696767946720147,9.896852571095458,healthy
23225.075637295864,-0.20063018996932402,-0.13826661184363812,9.72922597731344,healthy
23230.10334990802,-0.011836386898977924,0.2568646526553153,9.791641740477855,healthy
23235.164393399373,0.17496275031283487,0.1612167126291161,9.947585191633332,healthy
23240.170338520275,-0.061235002748866424,-0.17933561631859413,9.709566486831818,healthy
23245.16442567465,-0.18383783449657237,-0.09104293300937717,9.90432450278092,healthy
23250.12803910157,0.08006778251408173,0.11018572265956356,9.809116325587373,healthy
23255.156781859216,0.34492522931746294,-0.06681691873643268,9.875663787671778,healthy
23260.10997242218,-0.09043739400491632,-0.2748833158462006,9.863572674673598,healthy
23265.05090672741,-0.19117250876465347,0.018427327136690454,9.667302830039967,healthy
23269.96505940694,-0.083828736259149,0.25575048852525084,9.710194433072944,healthy
23274.93229831469,0.2528175976534562,0.03748425306167414,9.7994318450857,healthy
23279.924522723177,-0.3562565419069894,-0.1055823096140166,9.653776056229185,healthy
23284.98551842908,-0.192220992301505,0.06999883266227482,9.733257756155453,healthy
23290.069350066777,0.23146540829459927,0.13356841027581595,9.860873965532791,healthy
23295.080389815885,0.38248995017719933,-0.15061411859739554,9.840304721062765,healthy
23300.103042389797,-0.186068559537296,-0.11143621806857519,9.698010285918002,healthy
23305.148378852748,-0.3329975655834416,0.10466290100252412,9.665067440653218,healthy
23310.16946028239,0.03334022719913474,0.23389162232685987,9.853985043036708,healthy
23315.123549865915,0.08444728794404129,-0.31281027323335275,9.887110361794083,healthy
23320.08057902037,0.01547840575902415,-0.02452241715489123,9.78177210314986,healthy
23325.086983785754,-0.14633679565768995,0.1132704748921877,9.775202472354666,healthy
23330.043127803478,-0.04942674889772819,0.16319001525324803,9.881590439963867,healthy
23335.010707618523,0.062283764185834006,-0.03220313122441751,9.842661267480732,healthy
23339.889349154775,-0.14441148977893198,0.09179744063838355,9.69182585061893,healthy
23344.87661343499,-0.01652977759114782,0.12427395152708887,9.826012613651441,healthy
23349.803670498997,0.267830566732276,0.02519259703490581,9.863149710939652,healthy
23354.82613371105,0.05815643400281082,-0.22451753490891327,9.916553822421733,healthy
23359.852481309423,-0.4639531567289179,-0.05746252455247648,9.756903809283873,healthy
23364.88032936771,-0.2857445788781222,0.19595093979224787,9.747045289657178,healthy
23369.923459361675,0.15142577768733156,0.08592318677917678,9.945540987052803,healthy
23374.941729848586,-0.16293728267117885,-0.247107881571822,9.829614924166805,healthy
23379.97603422377,-0.3087624309910492,0.05620659741455332,9.72925558645924,healthy
23384.945127020546,-0.012063058091806711,0.2564725065416887,9.716072801626902,healthy
23389.922669799267,0.3667217472483941,-0.09479199749257841,9.824397717289976,healthy
23394.905616449352,-0.03530075827129176,-0.4996863833846606,9.707780721823841,healthy
23400.04389333889,-0.31286536456193315,-0.14455732940959218,9.701637664663172,healthy
23405.111398781548,0.07040844488887892,0.330601181323395,9.650242228563283,healthy
23410.071502263676,0.3094983698478783,-0.2856919009487516,9.878109924950978,healthy
23415.095549895865,-0.2040681120774362,-0.2521019396824903,9.903233243892775,healthy
23420.050889614973,-0.251516504404626,0.0755336111286678,9.924994508957047,healthy
23425.069580843294,0.09675550676629927,0.08278145922108124,9.935693137624751,healthy
23430.126296324765,0.06891003884594116,0.18665716261157228,9.84873221859359,healthy
23435.168070764892,-0.29989973855724117,-0.38240764439186137,9.702078835776875,healthy
23440.194657043565,-0.07926410503919572,0.041103192442382,9.773399166281898,healthy
23445.23263922421,0.2123732523937799,0.08343254011858567,9.781692103181609,healthy
23450.253726590017,0.09302233827935766,-0.07025484822752778,9.808314889738392,healthy
23455.27059854106,-0.22802759449835522,0.14733899880144236,9.736190125580725,healthy
23460.248014085846,-0.033783836940509404,0.35301371486010025,9.894904121885183,healthy
23465.299633131588,0.1891892772506937,0.13975366525710384,9.9802051180385,healthy
23470.2400609427,-0.07590581502815738,-0.3636348501454062,9.880718338976216,healthy
23475.258306664666,-0.1767272199587788,-0.3702489187636986,9.641529156348522,healthy
23480.224398200386,-0.09330818773806002,0.21506666222887938,9.77966191195202,healthy
23485.23349741391,0.15582708159754882,-0.0018304875914443644,9.891742127444392,healthy
23490.204203935384,0.00513682030503769,-0.12986037534833242,9.83551087915191,healthy
23495.154763812297,-0.15124359371229135,-0.11367384168814193,9.770344217339533,healthy
23500.104368184595,-0.17153316922098896,0.38675163938390733,9.801800832788068,healthy
23505.10890937956,0.2104787844150026,0.10920057154241201,9.771505521104164,healthy
23510.13461656624,-0.013004104715753377,-0.18851847719760778,9.835510137121215,healthy
23515.15840138992,-0.30686009656964586,0.18667323600879365,9.668293184292576,healthy
23520.13703525931,-0.09736324645114017,0.25016155243845356,9.68698626064222,healthy
23525.140445853027,0.34581423073046447,0.0004831801329040486,9.792564757641047,healthy
23530.1002347251,-0.061154147764657406,-0.1104253541100724,9.717067829594544,healthy
23535.178876278307,-0.19147572137602611,-0.017334899889645566,9.919589890975269,healthy
23540.184520950825,0.1285828101757171,0.13416603869503768,9.806900766834973,healthy
23545.16430320779,0.23012862553252872,-0.17815218041319045,9.817202716582102,healthy
23550.117130676965,-0.11028006523650391,-0.1889459767232329,9.735045181267177,healthy
23555.176478554593,-0.13064359291637054,0.025469497720049056,9.933164324512653,healthy
23560.24577346452,0.17082053368586547,0.20233904937620953,9.942759575492115,healthy
23565.243602539125,0.19387381589740801,-0.17676057609366064,9.784966596911882,healthy
23570.18410913073,-0.24643729444888568,-0.15580426347557802,9.761238976372027,healthy
23575.21882838355,0.03919201069398512,0.13073958517190004,9.870744352057775,healthy
23580.216764844095,0.1595752567866007,0.008945765799681316,9.851571009135803,healthy
23585.214179255006,0.13410605955715768,-0.026570938466307814,9.821568463802436,healthy
23590.18082234582,-0.11083803064011373,-0.1703585897236101,9.631564623918816,healthy
23595.228046551852,-0.10736830765098186,0.21018226476488444,9.615730808385083,healthy
23600.26512542769,0.15597865482847711,-0.1120452772141318,9.925722060099714,healthy
23605.25431590569,-0.009910921913433901,-0.4361603817328624,9.675862780274697,healthy
23610.173886429206,-0.27292591185040493,0.0013980377972736685,9.734834060605955,healthy
23615.16970413291,-0.06242313730300304,0.1702042295745327,9.823507952884336,healthy
23620.181070522984,0.3270253203576807,-0.030101828767827975,9.748365322641725,healthy
23625.216466318314,0.06779861363002744,-0.08383929575908272,9.791829588153389,healthy
23630.155907688168,-0.22227552743240048,-0.15524441208277773,9.61534286030607,healthy
23635.11978698234,0.11744817132718988,0.32571944201486613,9.838633642847817,healthy
23640.12207900426,0.30869410996800795,-0.09912927090453641,9.790350417381706,healthy
23645.032627883033,-0.1597872951412733,-0.2932839828816337,9.773198936970116,healthy
23650.001234241612,-0.23595954008456513,0.1399839773126086,9.929425501489323,healthy
23654.936902792375,0.04518985627522259,0.11553510483049981,9.688523534912072,healthy
23659.970323689526,0.0385165139995276,-0.047310716452611846,9.876709041865434,healthy
23664.934708475943,-0.07111912057854824,-0.335646747611054,9.730517366616196,healthy
23669.975565024124,-0.26899551402833183,0.048228369936915066,9.918154485014526,healthy
23674.947072479015,0.004738287806753505,0.11646150853742039,9.794077570451643,healthy
23679.953688856465,0.27102355575757303,-0.19202504153670494,9.940238110566085,healthy
23684.942594627355,0.005517313064941215,-0.18891800113316937,9.844362940718165,healthy
23689.97197496612,-0.30934031169914,0.07799465361005382,9.729013973203793,healthy
23694.973345996197,0.3103122963503796,0.28424556529100775,9.864195689403138,healthy
23699.963767962126,0.14283669711273883,-0.10898089369885355,9.72337419059341,healthy
23704.92459443804,-0.12544293746829072,-0.1789520564496508,10.054445456211099,healthy
23709.979692216595,-0.019307962585521338,0.019672894054205275,9.781325393537845,healthy
23715.01561616532,0.34799837972265346,-0.014740552884662972,9.830104419292589,healthy
23719.931059424183,0.09802662475359059,-0.2569709228429085,9.837177073188325,healthy
23724.94828732034,-0.5035974267965648,0.12999166842353943,9.769077452430626,healthy
23729.944327348985,0.006750684779561561,0.2979140321379673,9.685946245052266,healthy
23734.93647531114,0.3833142192565277,0.03954875901384886,9.812395555591134,healthy
23739.9262951741,0.3293165018659549,-0.2668211561062499,9.79363528447619,healthy
23744.965527684544,-0.2919992589688668,0.0655141979937569,9.784710382758615,healthy
23750.054635179786,-0.07110865596046538,0.1342675324862096,9.767971567753339,healthy
23754.96691696379,0.2131104930024032,-0.16657544831033202,9.86309032875614,healthy
23759.9072744271,0.08861573968600782,-0.12052405290364537,9.818299713642814,healthy
23764.93444207829,-0.217580184619174,0.1065898078386451,9.735236178062335,healthy
23769.87454282629,0.1923405417206887,0.17372668066513422,9.875782632165693,healthy
23774.818356859632,0.3344264528463424,-0.027306450886041993,9.823123028121735,healthy
23779.80034295156,-0.12088807737437235,-0.3433131763538198,9.808173614268082,healthy
23784.86347933595,-0.506499347053244,0.14790034498711985,9.745997063603275,healthy
23789.867662329445,0.007212682119522043,0.14884035690729125,9.805301852303629,healthy
23794.772891645858,0.21095161125450881,-0.04349471747192956,9.95015795455472,healthy
23799.778891935795,-0.16832456952710334,-0.3762052109567694,9.629399918194643,healthy
23804.86183068122,-0.33922590576064027,0.10098465257594427,9.76433645062985,healthy
23809.891217893677,0.1030326725735631,0.09617639833581808,9.815749735722886,healthy
23814.955080397536,0.054891276701800024,-0.06959312942546235,9.876214115546254,healthy
23819.996957074894,-0.10691663385365127,-0.2647276719310626,9.685210105000841,healthy
23824.970140140995,-0.12005218749619592,0.1838643337651192,9.791809115386544,healthy
23829.915873280315,0.057748463717231385,0.08563021497005734,9.796224832456835,healthy
23834.908091708287,0.14699555815218235,-0.12007759455376435,9.768914405601661,healthy
23839.980616369263,-0.17315742255848704,-0.27270001482326967,9.746627887375434,healthy
23845.040048149436,-0.079406251818366,0.44175809564296775,9.78360423017785,healthy
23850.034733780943,0.3024579728834915,0.12235925365519026,9.82780569162313,healthy
23855.003145577157,0.27983916686485377,-0.2389643595190756,9.92330092739726,healthy
23860.00348132051,-0.2667198049268688,-0.09021779295665437,9.806296910414519,healthy
23864.993070072567,-0.13813894408233604,0.2315759470857638,9.730441485232278,healthy
23870.023166921903,0.21625511027040337,0.01490669664663561,9.790451332152376,healthy
23874.992487850344,0.04448743065635002,-0.27573985388707584,9.858852275613705,healthy
23880.02040002157,-0.21077526683824008,-0.25663537724840146,9.743579825571132,healthy
23885.0420759824,0.0005616534041780093,0.40233295515450607,9.895897048274854,healthy
23890.074897113394,0.3876750893193658,-0.15681129483046866,9.851997256060992,healthy
23894.970391904284,-0.10992562219121207,-0.3600520798913529,9.572385451041235,healthy
23899.99366523475,-0.05117812808265629,0.20639595501224614,9.806280236371341,healthy
23905.00431717692,0.07586443942872481,0.09107401913709598,9.777099110759835,healthy
23910.009664452667,0.305180349973599,-0.18694085900051577,10.094426135858132,healthy
23915.05207388281,-0.19382865703508273,-0.10734465421996486,9.726521005005592,healthy
23919.997632191804,-0.15671865161676146,0.17568298913038977,9.884143686889548,healthy
23924.992102379398,0.19393044653062952,0.4549454196115933,9.785989816091895,healthy
23930.020467656686,0.30952240712342904,0.04434818957933462,9.64730519363463,healthy
23935.033783134593,-0.14334915784138916,-0.2655143764290149,9.679441380730093,healthy
23940.042653024146,-0.19854423725578696,0.13997398911093095,9.961670118515745,healthy
23945.09507854148,0.29541918198193845,-0.05923631710945346,9.819255030502603,healthy
23950.02886727247,0.1926116709600001,0.05204323392879043,9.724122313815112,healthy
23955.0474544064,-0.32630827194222334,-0.08777880401263213,9.74484462261164,healthy
23960.039141681977,-0.1572568934383215,0.2920837697210077,9.722125298806924,healthy
23965.018817895067,0.12599425331406677,0.0958065569831422,9.826992650537786,healthy
23969.932171879416,0.03957998481341937,-0.15706358318002267,9.844592461032107,healthy
23974.97823051351,-0.2415161679531856,0.049713293945925524,9.757708342046627,healthy
23979.923427946185,-0.33375371847017893,0.16184118410987702,9.818364444910827,healthy
23984.87274282987,0.3004009317103594,0.20695193222985092,9.744607796703015,healthy
23989.952985582575,0.15809231018900202,0.016413933656005908,9.853840828021903,healthy
23994.992908383654,-0.21921733565261678,0.054340038584582084,9.76107805012423,healthy
23999.893029706374,0.0729304753030683,0.4470807158819943,9.887428930584077,healthy
24004.9173705494,0.20448454797368693,-0.18672103802187473,9.911486785194656,healthy
24009.874222325154,-0.16924662581337246,-0.16310777988860925,9.991646230782369,healthy
24014.857391391844,-0.3311864858530986,-0.02223540877738483,9.71863335918988,healthy
24019.833379671807,-0.10615974402965561,0.5021053024981619,9.792178027787518,healthy
24024.83910224268,0.23155859289075964,-0.1992719468885722,9.981142465832331,healthy
24029.865946483504,-0.025894530605515373,-0.3644594877196575,9.66203019665137,healthy
24034.790726945303,-0.37109245769896526,0.14590521670814632,9.743966125352495,healthy
24039.72064677226,0.08228495690553357,0.2639409182568192,9.872256533417923,healthy
24044.768821150243,0.0754875261992248,-0.023027021734978184,9.878408216170438,healthy
24049.7672741031,0.09888310634222817,-0.2905309479294741,9.797135348147236,healthy
24054.752244467945,-0.2267041992468688,0.0649502402693026,9.940083611743683,healthy
24059.739795139394,0.24668533663932446,0.08549338764565412,9.827329707850993,healthy
24064.783761948776,0.30392407746706984,-0.3095920188424759,9.958136858851894,healthy
24069.769790617742,-0.03655096984415784,-0.06969260609422903,9.802507069524506,healthy
24074.761352698784,-0.0793126729082656,0.20497298004932152,9.869166922148615,healthy
24079.768447096343,0.3001798773775635,0.2094588544839872,9.974460990679253,healthy
24084.77677835034,0.09495909828156088,-0.1172921124805628,9.927389935329826,healthy
24089.843038976203,-0.3953303825866308,-0.08874987669994168,9.713215978825028,healthy
24094.81011926239,-0.1868762175546928,0.16552000895199792,9.815200125073604,healthy
24099.895828326225,0.16231905042837794,0.13513383056124184,9.805224173557303,healthy
24104.824911874894,-0.02107382937991238,-0.03186461648844163,9.938573837453852,healthy
24109.740693733336,-0.34063125776799097,-0.033440373466216984,9.741688031366843,healthy
24114.7574526022,-0.2822361503242472,0.08091215630088425,9.843654203264483,healthy
24119.759561345854,0.12681457611685484,0.0800569144737035,9.750638602292758,healthy
24124.78614006545,0.09653296435797756,-0.14867526633613237,9.769458788372047,healthy
24129.734761853288,-0.4349275611904171,-0.07365857231826808,9.669415290172156,healthy
24134.813746272004,-0.03611607859370861,0.4146191280347086,9.71004964985735,healthy
24139.812733853312,0.22811247031504356,-0.11712574190458364,9.95792294526754,healthy
24144.80838298396,0.1052591991625702,-0.16240192411796228,9.860427501896998,healthy
24149.726426048175,-0.3240019181654106,0.040233125443698545,9.646514581386677,healthy
24154.78500329683,-0.08342756596415435,0.49008958102019096,9.731498027170755,healthy
24159.74386377844,0.3774484131271373,0.11704485634633702,9.77290411536658,healthy
24164.775928394323,0.03133762889086536,-0.26471943112512053,9.843064480913872,healthy
24169.78821407397,-0.090552628898323,-0.23725055637861076,9.698611846003248,healthy
24174.71276740253,0.01300011818557667,0.2551170901348601,9.820191988944675,healthy
24179.71447705796,0.3511080958017546,-0.05992154160646606,9.838480823078655,healthy
24184.74084447217,-0.020815421806273396,0.016569125815770552,9.807424554113414,healthy
24189.803816548374,-0.28714217276603793,0.30452112657414254,9.880184132811474,healthy
24194.787687909244,0.314329930739268,0.2646708752751681,9.83414680958462,healthy
24199.73100757678,0.2801434297997632,-0.18821235908332093,9.938874525774285,healthy
24204.797943360703,-0.22237433704469103,-0.32815653869461153,9.662226206369231,healthy
24209.78194580474,-0.1709250925288296,0.4175329484395841,9.78940549538078,healthy
24214.830682773558,0.13476878319864705,0.2006125376225355,9.74130636490882,healthy
24219.748227327982,0.02402012047907688,-0.20218239246082464,9.760934311999112,healthy
24224.76770045822,-0.15119357033037814,-0.3385553110526739,9.834276250025173,healthy
24229.768704038343,-0.21457575465934253,0.18667219937257798,9.786107543548658,healthy
24234.89131703154,0.31053439850143244,0.052178099557643895,9.845906607049438,healthy
24239.903263515276,0.0607057466197369,0.04578292502809564,9.73067924425198,healthy
24244.849416609402,-0.26400060061836966,-0.0980185722363982,9.707227320680403,healthy
24249.857127457628,-0.07436977091078026,0.4472038195286834,9.896147118316676,healthy
24254.892423418758,0.3320761482269106,0.06591554976518056,9.805741457943856,healthy
24259.86046783621,0.07983968046558969,-0.22811988819921583,9.763180420645883,healthy
24264.924103764544,-0.05139724051137176,0.13922417212589028,9.786046388477995,healthy
24269.88051157011,0.1264609101370569,0.11981738990137913,9.794560276549815,healthy
24274.896757615697,0.17505060085425178,-0.19328398326360396,9.888879387489341,healthy
24279.901432628307,-0.2523765126253402,-0.18877853303181416,9.824183336722166,healthy
24284.90317844678,-0.013116403612462746,0.005883474154298518,9.759790900927547,healthy
24289.927509456895,0.11976052496532424,0.24306712328524044,9.975174277556377,healthy
24295.003799737326,0.251866784554777,-0.15760791078154834,9.931614309809449,healthy
24300.044930607757,-0.11665736686346542,-0.4361125959721682,9.88500094309308,healthy
24305.040328423762,-0.19827219679872266,-0.005020267242315329,9.823067273450528,healthy
24310.09543202952,0.31527118199487314,0.13059098058300228,9.840217271788614,healthy
24315.185420698795,0.2374574696453295,-0.17693018576273647,9.971182432408172,healthy
24320.227729574293,-0.03769909704505031,-0.20305123565241467,9.756841726653043,healthy
24325.18849303571,-0.29846334103109207,0.12311349274180558,9.786546536116052,healthy
24330.19922268204,0.27977964098192043,0.19577129564934875,9.801197201785937,healthy
24335.1252076911,-0.01708083552900519,-0.14440865483726995,9.751219279529984,healthy
24340.139863744,-0.1639921830429416,0.12045594384796283,9.690506429387442,healthy
24345.17370043694,-0.14500678250578306,0.26642270839916427,9.892106499479496,healthy
24350.180824870033,0.050993931301865636,-0.010042554760764238,9.808731751332651,healthy
24355.154599963094,0.2935445356668498,-0.20122039663151284,9.833944358562567,healthy
24360.070628456615,-0.30096172925653847,-0.08439956405832667,9.834365600731719,healthy
24365.05189184739,-0.13030493909065605,0.3345556566077866,9.846589531058347,healthy
24370.03926895643,0.285764193763398,-0.05234309642946348,9.784155206996779,healthy
24375.041257304045,0.07956236102351798,-0.3871147200441682,9.784211443881416,healthy
24380.10043087395,-0.21573831691675627,-0.14735089256675796,9.864889382460166,healthy
24385.124487211404,-0.15114182100688434,0.03686808151145829,9.69161036856843,healthy
24390.175964775015,0.1957728715560696,0.04045198119882591,9.93258434540378,healthy
24395.157741491144,-0.29827134358020496,-0.3303298443784525,9.893786768281123,healthy
24400.138852380835,-0.14433798200494463,0.03559483226563963,9.923865857975839,healthy
24405.123051321072,0.14211677306923132,0.08900161242970292,9.839811026761268,healthy
24410.12000689754,0.3260098526000277,-0.1222422464590279,9.838735315609947,healthy
24415.085463369505,-0.07633540921401508,-0.31268824090627195,9.771672433756912,healthy
24420.076170614728,-0.1214754627586945,0.1559703177688578,9.85199971093775,healthy
24425.164733201058,0.10824397239945134,0.10329296214131001,9.79405122152511,healthy
24430.210826602794,0.1641595992307798,-0.013851022365179877,9.802606924866573,healthy
24435.145871093722,-0.15632354409190613,-0.23989588950948443,9.873293628687257,healthy
24440.102115648475,-0.05675023155412719,0.3208302847318657,9.764612110408091,healthy
24445.112181951576,0.10159229945477988,0.07940424188862488,9.804028037781979,healthy
24450.153016834596,0.23591260742134446,-0.2742320218439608,9.963580154901955,healthy
24455.031659303135,-0.35901227082567966,0.061239282215877155,9.76570669329809,healthy
24460.087808204556,-0.2160652801208337,0.2655174658089521,9.97975308494329,healthy
24465.159057257773,0.24153964298999497,0.26004578627533353,9.854362472839057,healthy
24470.11988009056,0.1540435388460656,-0.17209322596197565,9.92457393376149,healthy
24475.10995329982,-0.11674877695963591,-0.0435038683077235,9.681672445284145,healthy
24480.11983308914,-0.03393470705237801,0.4039910458348401,9.839635326986803,healthy
24485.072180795243,0.07322091774855433,0.3574120242694972,9.92027378988751,healthy
24490.099063774993,0.07778774058094576,0.025875190044208768,9.764598911952737,healthy
24495.144187951035,-0.12462900385182431,0.010265060657837215,9.70826239979555,healthy
24500.160898253205,-0.036467093214075465,0.33399995592716003,9.852077607823029,healthy
24505.158421225948,0.14315850098077573,0.01800401027040493,9.841683046061222,healthy
24510.08211806031,-0.011838211895724577,-0.2379996846283403,9.751144945955383,healthy
24515.08011214944,-0.27285118989976664,0.14571639254174665,9.799371296469277,healthy
24520.141571660704,-0.027332058206906762,0.12301882846994597,9.733680178276442,healthy
24525.085106295126,0.05634273857255648,-0.10279994758110547,9.802993850630935,healthy
24530.01841255824,0.041797819502064126,-0.11372202709758325,9.766390358100645,healthy
24535.023083888762,-0.27606474344294635,0.047345329990733084,9.656823889282999,healthy
24540.00873314854,0.0008490748671563658,0.13299530579556687,9.889054113473458,healthy
24545.023974040407,0.5057409395203543,-0.13832617100788802,9.891995577281614,healthy
24550.087880274743,-0.2796669406136021,-0.039187689057806424,9.884687390970686,healthy
24555.125766154302,-0.1733526703046005,0.032044291081990375,9.774333745357003,healthy
24560.165711236794,0.19199394387136448,0.30254117521920687,9.611363219435672,healthy
24565.11134244456,-0.003660554073598693,-0.45276256289655803,9.799592414664092,healthy
24570.07085685382,0.014037472726940864,-0.08708215046028488,9.83257071551497,healthy
24574.992350238965,-0.14265407723549792,0.15577601214285805,9.944955920457776,healthy
24579.923766308362,0.33463438293577097,0.24924983716456767,9.898283039244774,healthy
24584.938939030366,0.07419701182304159,-0.20517990305819228,9.896268448487007,healthy
24589.910805215248,-0.35768094783526544,-0.00040939986582108623,9.744940581578092,healthy
24594.79231821196,-0.18164945070304503,0.2036843511673053,9.728477435391238,healthy
24599.84638878823,0.28884259941415413,-0.12857221726384088,9.895701599300006,healthy
24604.88218201643,0.2474344966627432,-0.128766513349089,9.698654975962988,healthy
24609.86567659815,-0.1977992246310137,-0.11011076086446189,9.749563760366746,healthy
24614.879430515935,-0.31902380937373165,0.0919268635039395,9.769156729817258,healthy
24619.901764375674,0.2228195511258004,-0.05263831446486179,9.827523488197434,healthy
24624.887645658295,0.27103630175165455,-0.10730046716551786,9.770007202169394,healthy
24629.90394467998,-0.5030719164743462,-0.19079893113248,9.825468568506105,healthy
24634.943327468012,0.23744207866174058,0.23687145328852838,9.931768040669015,healthy
24639.96210923822,0.2858719117508496,0.0380917631398316,9.892382241583112,healthy
24644.89826846768,0.010050575104779524,-0.18755477234892434,9.786791975694255,healthy
24649.914936624962,-0.2949891467089087,0.06435553023626248,9.792664948688664,healthy
24654.948162384255,-0.06452346153564756,0.2943902399795173,9.791047617396512,healthy
24659.926400631084,0.31438781065460136,-0.20813418131684086,9.811875764856234,healthy
24664.96101476741,-0.0666428450238714,-0.21062505495529893,9.824249017569562,healthy
24669.904347319603,-0.13159228330429662,-0.028709209258931168,9.831368860154898,healthy
24674.984497227288,0.03486697276271296,-0.00873887291788683,9.9584821024131,healthy
24680.110717173266,0.09203615994415192,-0.1527084464733969,9.80844845309629,healthy
24685.074600115717,0.06943492883940108,-0.1403674179912473,9.72292490539278,healthy
24690.110129407716,-0.2393331389757558,0.3234486544528944,9.86510377001567,healthy
24695.08235679034,0.08153639962033556,0.3044923126418658,9.904150516659127,healthy
24700.126015951228,0.09865978383261223,-0.25056471131457253,9.856685591750256,healthy
24705.189291066974,-0.22556838133909218,-0.17146949715219642,9.584035037647736,healthy
24710.21967807836,-0.13896044251775466,0.27496382272885495,9.791611494407487,healthy
24715.238601032874,0.14685847727124374,0.025274448385576118,9.930733821243042,healthy
24720.25007626073,0.09792592888584982,-0.1928027350543304,9.894955323734708,healthy
24725.23248980751,-0.11335025849005671,-0.004603222858507491,9.700934601636158,healthy
24730.251323659428,-0.20505203258613147,0.3623212610487383,9.779000476306225,healthy
24735.22953034106,0.03204670049370892,0.20562086555928602,9.947043956110976,healthy
24740.195573531302,0.028980588885539966,-0.5079972715161878,9.928840603672324,healthy
24745.110511572908,0.05359231675614948,-0.24857324435988593,9.813173389046653,healthy
24750.170397228834,-0.0055744718749420295,0.23200234040886492,9.71788826868589,healthy
24755.23413402099,0.2891548452391215,-0.03822692707209583,9.839964740069167,healthy
24760.254633033135,-0.19810754843732165,-0.09954761195874698,9.742270410870917,healthy
24765.19029972194,-0.27751463786565844,0.21030848726418594,9.928177003813845,healthy
24770.226097187504,0.0455112589777151,0.32889459982565417,9.750529620700544,healthy
24775.306247575587,0.3099652226271572,-0.15983087586090727,9.712417352149007,healthy
24780.303759899576,-0.16468150149311392,-0.19344526803052992,9.779801378591975,healthy
24785.30507359789,-0.3692166138167037,0.04813686747106368,9.733565409272934,healthy
24790.25877104784,0.1617199705106359,0.2742830566615899,9.946234376490489,healthy
24795.290851884627,0.28193070719698643,-0.1639148396348616,9.915767745515968,healthy
24800.304477679547,-0.059689248433806325,-0.2939790951238334,9.788305857875345,healthy
24805.30881106826,-0.257144630623246,0.1728351632467235,9.910622535936595,healthy
24810.29916164736,0.09299071166829136,0.314542842823484,9.809002464023884,healthy
24815.302521663372,0.042784562821050864,-0.4768536784479355,9.933183652103823,healthy
24820.271980494595,-0.09851721465738651,-0.012899960172146563,9.770731963438333,healthy
24825.241844712004,-0.2454765093643287,0.21929909710688,9.803152598879585,healthy
24830.207674887497,0.32000431637794025,0.1745068157882925,9.760405301150879,healthy
24835.133939539075,0.2822180786843861,-0.24009555777869407,9.745351355563686,healthy
24840.11920755635,-0.17072720356352436,-0.07643118918764155,9.837026826391961,healthy
24845.161442452856,0.0015752889403005954,0.31779657479648504,9.77708353139612,healthy
24850.248746647787,0.1864406569309619,-0.0024793727513712227,9.76681919844985,healthy
24855.231748764698,0.07271109674832359,-0.1855956272899926,9.817691285157784,healthy
24860.16056040725,-0.3363038897004014,0.10830693409843653,9.942115433508974,healthy
24865.23418590176,-0.00660232744406903,0.4566243482667468,9.861445340640943,healthy
24870.293425790274,0.24040252031384146,0.05964446725409858,9.915929789003126,healthy
24875.3867923487,-0.2036076323288164,-0.36429754942499254,9.835828979754083,healthy
24880.452410292608,-0.28165185296737516,0.0696403779268005,9.77173184116473,healthy
24885.492821036576,0.013430363180700303,0.15660702816643643,9.750483625553308,healthy
24890.520645174332,0.15451209303816923,-0.0918952057523411,9.698569689943279,healthy
24895.556180411728,-0.14024878675549796,-0.4219476680128055,10.077320944487319,healthy
24900.64563568414,-0.43102069458915876,0.4365875974795829,9.802029188136723,healthy
24905.680931311155,0.2823625117972686,-0.002246413877795894,9.962067779922764,healthy
24910.807368362362,0.07890693932883122,-0.07132658134099686,9.852642765897969,healthy
24915.758794123158,-0.12106126804812803,-0.3814630603258232,9.7825763070651,healthy
24920.76192022826,-0.3836538275071687,0.1434998464347364,9.786482135917314,healthy
24925.76418881124,0.07808473811025891,0.20039375488324848,9.784906003425549,healthy
24930.73307770074,0.16999489527809727,-0.2562307240834083,9.797013054578374,healthy
24935.806883734072,-0.2227300612513967,-0.14708455384540006,9.655034058231765,healthy
24940.907468876194,-0.15990228889615524,0.20147317019832808,9.798751371164784,healthy
24945.870408861276,0.30861032471238375,-0.09630640048564572,9.819609760531291,healthy
24950.84725692343,0.3057026848071525,-0.15201871304708067,9.797303318422761,healthy
24955.938314598374,-0.14180597708739762,0.05308746574051888,9.734136489895064,healthy
24960.945053579217,-0.05658417343671529,0.37264688987466554,9.99649080403507,healthy
24965.91558227177,-0.0036180415951340417,-0.08284766866487428,9.791693595991726,healthy
24970.942997970626,0.12726519443590695,-0.13308194472039053,9.851244713774781,healthy
24975.988059947875,-0.2250344212259088,-0.02075657703446228,9.789505848194361,healthy
24980.98597734334,-0.07883172048221349,0.09775858430842466,9.847854430788615,healthy
24985.976963531702,0.48642728825085246,0.14536135694918256,9.760111505365252,healthy
24990.890974415604,0.057493608442460695,-0.1254850015869306,9.844045135189527,healthy
24995.814361282526,-0.35172496687598365,0.10184028805473691,9.814870815271375,healthy
25000.889239612698,0.04216114667600229,0.18080467296278732,9.740152346991195,healthy
25005.907191417322,0.3684493548608696,-0.17835029725369478,9.895791649695543,healthy
25010.858585740134,0.017279869617453106,-0.04977090319955585,9.889997816244081,healthy
25015.95274143837,-0.26068999580014485,0.044460421061623484,9.81579388755694,healthy
25020.985096053966,0.19146838063257565,0.4150900434384951,9.67498764316626,healthy
25025.98894142348,0.06999267274125134,-0.0984965937596455,9.781391380319933,healthy
25031.021245608885,-0.09877843636123304,-0.08832124485087119,9.873622784978966,healthy
25036.02785764399,-0.08800046971914506,0.07273454252637752,9.641529373301482,healthy
25041.008764148566,-1.9246866087979653e-05,0.16282523004233482,9.955863169646362,healthy
25046.036172227596,0.3213440184606534,-0.22342799663165464,9.981405062179645,healthy
25051.134704585475,-0.08690231937656348,-0.00733326901607656,9.836020240492294,healthy
25056.06554845887,-0.09995378474883065,0.16160000030101115,9.753275530913145,healthy
25061.01929046302,0.1902634339762117,0.10536798907177529,9.88757649952361,healthy
25065.981649180634,0.021891037659644036,-0.24847550081684555,9.89255352681203,healthy
25070.9929416261,-0.2673242691503519,-0.06075803276645786,9.756319230710785,healthy
25076.062297842902,-0.09870034118857417,0.3368339326780315,9.756337579752511,healthy
25081.114052792313,0.23986139639220322,-0.11708546973458164,9.663460168996968,healthy
25086.15700184982,0.21699027154217138,-0.21427791060032297,9.878254553384581,healthy
25091.27878506078,-0.08952599962105229,-0.22829791104354136,9.607791733255347,healthy
25096.289997749478,-0.23668921553334876,0.4261725249737974,9.847171469193299,healthy
25101.34537003395,0.21410660256599182,-0.010202881386387157,9.798332477038867,healthy
25106.298980203115,-0.1466593014377395,-0.2556670977384074,9.600652017582751,healthy
25111.361403984218,-0.33355056412470885,0.14089985292249568,9.791104721630418,healthy
25116.39995899886,0.16113698486984834,0.43075546690554667,9.888594381769796,healthy
25121.348122076826,0.4254638688283423,-0.08785989324487181,9.780974490181585,healthy
25126.307846057964,0.0807741259842881,-0.17121169608820574,9.798858916258027,healthy
25131.24660544581,-0.41016400955285326,0.10077238427863812,9.698243928476362,healthy
25136.301062713414,-0.012630275684645573,0.19577332760612934,9.861343813250084,healthy
25141.20727425284,0.27851302813532697,-0.07423716983402426,9.87507289225245,healthy
25146.34331039352,0.1347324556626589,-0.22942310012332193,9.91891730674799,healthy
25151.398638792267,-0.04159717513953762,0.17971434593302651,9.796555863587107,healthy
25156.378413591574,-0.10571420742875881,0.3303173342834498,9.73310393552309,healthy
25161.317704082274,-0.03947196116174917,-0.030779726937058216,9.748909800568084,healthy
25166.331361655062,-0.04931498472632187,-0.10295810447401481,9.834917929477145,healthy
25171.354962954378,-0.17903823655793472,0.1644975502166324,9.804541763900431,healthy
25176.341603822675,0.14985581481077226,0.14726662050607464,9.870056280158146,healthy
25181.287356831224,0.0867110682165808,-0.013568081126311166,9.904558144785653,healthy
25186.281916651747,-0.23877741849066586,-0.26684057468155753,9.79108384120834,healthy
25191.31719390007,-0.0287473063135857,0.05564758345639767,9.813153257110226,healthy
25196.37165708307,0.6282198161573522,0.029230819423872546,9.833000221919285,healthy
25201.537673502142,-0.10404451783905169,-0.2622515424314863,9.829761254765451,healthy
25206.56711957041,-0.30685397539936443,-0.21396662537836159,9.949244644411714,healthy
25211.59014543614,0.09135649125866271,0.22835000294959348,9.752505202428974,healthy
25216.61253142045,0.3788972309606518,-0.10149148330830077,9.87315321640322,healthy
25221.561568904614,-0.27667758613721205,-0.2601349427540001,9.872438349048032,healthy
25226.627082379837,-0.11761480658304743,0.05180893616191755,9.79347862060528,healthy
25231.7089793266,-0.02677465616559952,0.15427476051084282,9.810754776841733,healthy
25236.765842896522,0.09606464482801044,-0.13085526692428973,9.76438039439222,healthy
25241.720864626663,0.20751526642580528,-0.07407272234466675,9.810694091862874,healthy
25246.75880407489,-0.12193845081354272,0.2143495219313958,9.725421664253096,healthy
25251.73669741371,0.22577781330896213,0.12354252191359492,9.764472517064151,healthy
25256.69893071126,-0.00645151639579547,-0.09338717306038699,9.909602245072588,healthy
25261.635144112428,-0.14506580631400365,-0.33186195286492765,9.764500803390664,healthy
25266.601949355496,-0.2908710395173956,0.18998467158468443,9.624283442321682,healthy
25271.50232672013,-0.010279393773375611,0.05916993958833339,9.824627406155166,healthy
25276.528620800545,0.3111878046585226,-0.12539296767853803,9.813148508559014,healthy
25281.671045591753,-0.17063329514127157,-0.12739234806290942,9.928168575364623,healthy
25286.672695744157,-0.16560708502838328,0.04902158541808596,9.772603204790084,healthy
25291.675963446316,0.17219158696932615,0.07688484169225195,9.925815250011029,healthy
25296.604053645897,0.04340951981398197,-0.1260844828833798,9.759734178680803,healthy
25301.63609011542,-0.20470703545946284,-0.05208051243015771,9.74856863617999,healthy
25306.582008089576,-0.037249308234841794,0.21068425824015194,9.831986283420768,healthy
25311.583783771206,0.323506687099385,0.004271622307675041,9.76132419855548,healthy
25316.58534556469,0.18001541414661287,-0.4178486995128511,9.80322447903398,healthy
25321.610258454304,-0.07825929922875507,-0.046569955658187556,9.6582479287779,healthy
25326.539304203263,0.0005120379796497085,0.2288442166232867,9.840210324783255,healthy
25331.515209834204,0.09400716255348748,0.11747266476382584,9.905363152354917,healthy
25336.56135522285,0.21745606202570059,-0.14993506969986642,9.763753150537871,healthy
25341.608537831464,-0.10305896262316325,0.06455194400327177,9.794606773709207,healthy
25346.61434850914,-0.037458526726415566,0.3684331238645004,9.744709820236725,healthy
25351.692722859603,0.22244827176767196,0.1369808734595892,9.878518780691666,healthy
25356.701931392086,-0.35682407724759535,0.057583032797751926,9.740771626151956,healthy
25361.722730904126,-0.3122062030484566,0.16114747856917588,9.58981964650246,healthy
25366.69475266004,0.24266680368271168,0.215668015695171,9.738350815359738,healthy
25371.67188323132,0.2143844765013371,-0.010218989737292766,9.865094690870304,healthy
25376.63448378664,-0.05682436581010728,-0.29988456953899906,9.77347423654574,healthy
25381.692959099713,-0.22962034756874683,0.12871533177732367,9.796762037909247,healthy
25386.691732699637,0.25107140393313143,0.36098835035114324,9.765607454357731,healthy
25391.676578528077,0.17696226183082733,-0.16215194379043713,9.814539282248594,healthy
25396.605208021047,-0.10777431108587966,-0.18196205375025692,9.811117543225237,healthy
25401.60479537768,-0.364283398841551,0.0846610481312483,9.710523550847826,healthy
25406.5928827601,0.27943320145725514,0.28454708211830976,9.930637055054854,healthy
25411.557999919743,0.03194707268468333,-0.2908537330015223,9.840217032564443,healthy
25416.523306506126,-0.13973918674269825,-0.14021507199459338,9.687643735910724,healthy
25421.510127164845,-0.03782425615840479,0.06522848086757163,9.900388883872221,healthy
25426.49682065587,0.16402979386094585,-0.09116787536304949,9.795424444525173,healthy
25431.564570025945,-0.013998492878476529,-0.3241467055517235,9.957819204946386,healthy
25436.54113793714,-0.2832344429240741,0.028114927084483876,9.868117414219743,healthy
25441.577720735546,-0.07466510462844872,0.3256463630679364,9.719940075972826,healthy
25446.520270672823,0.17306007044235178,0.005218239551579448,9.945466580592944,healthy
25451.473819929983,0.14804857758072423,-0.4282620772475816,9.87418161948039,healthy
25456.319893182703,-0.1039429325178226,-0.07955166335727462,9.824359372961643,healthy
25461.242997487738,-0.29721035269682106,0.1638198547238422,9.86898000328048,healthy
25466.20276497788,0.14925254062929144,0.036514146399359966,9.839020362768329,healthy
25471.1889153583,0.12814467267616964,-0.18218321633268772,9.749519566328503,healthy
25476.17391509401,-0.4113722975108486,0.006993479896671172,9.821409707936368,healthy
25481.053651723236,0.015272097203929365,0.3569771995328625,9.827561848436178,healthy
25486.063579012123,0.0270830203995015,0.07591328928486421,9.979230384182621,healthy
25491.14328486971,-0.1702196688037954,-0.2489727856369373,9.79817561361598,healthy
25496.220488156087,-0.1981818664070465,0.24990751606304132,9.604845560106682,healthy
25501.261831555483,-0.05402537823680119,0.27541155268032597,9.713253478429271,healthy
25506.26575683932,0.46864501620753335,0.006774271529784812,9.894177618369527,healthy
25511.190148047204,-0.31065337906550516,-0.29089395175939126,9.735789905177763,healthy
25516.154622559836,-0.16851651580051463,0.1840524195204923,9.844460823982772,healthy
25521.180763870292,0.0758448305199621,0.24724745021136627,9.80685883741952,healthy
25526.241196259645,0.1350564767704892,-0.08635029030980587,9.77357807934683,healthy
25531.297026916818,-0.2841223045537262,-0.01040082211430951,9.796350954862937,healthy
25536.264688148887,-0.11278072211933123,-0.04708901507025762,9.703016607278535,healthy
25541.29187772462,0.1130093996649176,0.11293881100255398,9.64068762182746,healthy
25546.34367177139,0.21658105057515403,-0.10067173743588599,9.727953673643455,healthy
25551.27740308759,-0.18078191740045385,-0.20580125924524295,9.8296486205471,healthy
25556.245884570093,-0.17543711322277514,0.23316563615445654,9.881135639564022,healthy
25561.283361795984,0.22267454950133034,0.2668467606383744,9.755396016671531,healthy
25566.296248395713,-0.00852224317309773,-0.21143630183593032,9.673332388523187,healthy
25571.29971456351,0.06434573374886621,0.0751777910236617,9.782515829129968,healthy
25576.32539141642,0.018287565023870064,0.33200839316490616,9.776940584576792,healthy
25581.261755307318,0.24940807254058228,0.06525558046208624,9.801331493130709,healthy
25586.243771680412,0.07761575239851949,-0.19183532384732624,9.797006894929924,healthy
25591.250463674063,-0.29017772109143264,-0.1765816643000247,9.654330592104893,healthy
25596.25523726496,-0.019625786935262082,0.19405836350586242,9.622888301686178,healthy
25601.228385857325,0.2083440863166154,-0.0543603874992202,9.807953572804198,healthy
25606.210141793577,0.10317512441006588,-0.24381398155820816,9.786577308911264,healthy
25611.22232342477,-0.4357377064427421,-0.04041542424578923,9.709307155108144,healthy
25616.24001091623,-0.005473480881819717,0.29095522229361054,9.70485256252707,healthy
25621.247334740307,0.3230934916778835,-0.15483350254347644,9.950062813715885,healthy
25626.248331609215,-0.2885351136709061,-0.12134858020454231,9.873390729435139,healthy
25631.187306120177,-0.02754301690929231,-0.13725994893568033,9.840622095964452,healthy
25636.19200247251,0.2954768816531081,0.31538689731151415,9.918253856371582,healthy
25641.188511250737,0.07630748307464547,-0.4251914403424204,9.753054430562312,healthy
25646.111411012862,-0.40980433529131366,0.03186945695409499,9.810401458812855,healthy
25651.173661491397,-0.32759885283709284,0.043331206774785636,9.871278286233295,healthy
25656.18540181687,0.16212491327649656,0.2750908434819183,9.85713897354754,healthy
25661.125123110036,0.12792395261960457,-0.373958298473291,9.848022947099487,healthy
25666.154047703378,-0.15926217174082,-0.050320149238668205,9.766785607143374,healthy
25671.11644220826,-0.08281278106682352,0.089750269612271,9.910272937328852,healthy
25676.10876482248,0.3586774620154606,0.12817061927932716,9.862503811750994,healthy
25681.04956036255,0.11557964697746456,-0.21290652726383735,9.847033795440316,healthy
25686.087275803053,-0.18259908482820694,-0.1691014999844126,9.78750066721207,healthy
25691.141186610963,0.06389908820828645,0.2110762958439117,9.676528534858019,healthy
25696.088512839855,0.6085287131704106,0.17444204605419783,9.931317654220416,healthy
25701.080114408815,0.025666242517812077,-0.30748291945346784,9.825855452253622,healthy
25706.091408679004,-0.23689548438682967,-0.19671704017030917,9.742525065511838,healthy
25711.218665359047,0.19453833053954794,0.20463002284965962,9.644545125384104,healthy
25716.227825888476,0.36866633376763536,0.0851161637807006,9.830905721924415,healthy
25721.21413672426,0.0461767297640369,-0.2905937763600259,9.936994292773814,healthy
25726.269602566732,-0.47666801477268916,-0.13221954690856816,9.87794690134574,healthy
25731.309070033753,0.046496742587002135,0.10915277598079798,9.796160144506977,healthy
25736.223147489287,0.018717042281001378,-0.10378503273354553,9.890323070675628,healthy
25741.20327181668,0.11180367691697624,-0.16601773219218388,9.822730999219086,healthy
25746.23160471145,-0.18177882707720402,-0.023003501274353577,9.86917694401706,healthy
25751.286245384737,0.2397404625387296,0.2342367920615368,9.791184314748982,healthy
25756.320497300305,0.1109713708932436,0.007873625477689064,9.871699604093505,healthy
25761.28234055737,-0.07473830352422184,-0.4145093136552678,9.763654986831318,healthy
25766.198111997222,-0.03178437958517652,0.33090904251032455,9.774804640756829,healthy
25771.20422213247,0.09553879670798762,-0.042958171413498225,9.911633275435863,healthy
25776.153913432616,0.04333372508074451,-0.10077128096612617,9.868928523303376,healthy
25781.112392555457,-0.3608367722872563,-0.17725399197422018,9.798170228347592,healthy
25785.998253010566,-0.29862874237009907,0.05262666851137153,9.720221686149022,healthy
25790.98082796814,0.05697157140965502,0.13014990926928757,9.686430889054543,healthy
25795.948046441757,0.08094776150117629,-0.26202952254520756,9.88073922973126,healthy
25800.92640615868,-0.19951900295637842,-0.06131464593842752,9.775782888237122,healthy
25805.877406631942,-0.02556172973693774,0.2363604789424286,9.824045835003792,healthy
25810.884559641945,0.20703775894841744,0.14957857673973887,9.771843314625782,healthy
25815.91562077866,-0.044334671734615694,-0.16058795448330093,9.75211141643162,healthy
25820.907796069732,-0.030368711036123236,-0.08561652789461509,9.854419476332339,healthy
25825.963584467365,-0.054933330601599585,0.18538182781286855,9.701021265122643,healthy
25830.89122771481,0.1975657117384098,0.052036394030734186,9.914233870753975,healthy
25835.91567506254,0.13681285048461309,-0.16550285534048326,9.676320132684795,healthy
25840.981296549853,-0.401525041934625,-0.09532287105283838,9.830303219478829,healthy
25845.974534819554,0.0401424419581368,0.3043876204525279,9.743631242478239,healthy
25851.003649346556,0.17568810056740924,-0.05220104004789877,9.973615922094808,healthy
25855.983906168567,0.12055171731334528,-0.13624040736581744,9.846985532019065,healthy
25860.92086736461,-0.2257196945340765,-0.09458102633394919,9.755483630006873,healthy
25865.83020743511,0.1791851310647271,0.35496265198256133,9.712439481244468,healthy
25870.826879523727,0.1989556904031624,0.02528255745694378,9.851311843444558,healthy
25875.78753126117,0.09293524756695107,-0.3961268823193621,9.839315902239399,healthy
25880.78076300789,-0.4489560989960064,0.23517532775949967,9.612307910750202,healthy
25885.791973122272,0.04526879343057634,0.3341563613258667,9.847956588941102,healthy
25890.79602125372,0.15725461333682894,-0.05819188199431144,9.790326235491191,healthy
25895.7867090315,-0.14468684124026815,-0.031519682460549814,9.706181956995838,healthy
25900.69367454734,-0.38213443727880225,0.30297525063804764,9.740686783341307,healthy
25905.646806042947,0.20993563904680757,0.2506306740234791,9.936705826924655,healthy
25910.634092645414,0.2474384123537125,0.0668747024515566,9.895248691543525,healthy
25915.660887373728,-0.29260686832741434,-0.18695794759202167,9.778013612393549,healthy
25920.70381471557,-0.12490302106810026,0.24021199229415063,9.77869486096445,healthy
25925.719552392267,0.1056823747443007,0.2516980050450981,9.837846373426624,healthy
25930.665345429024,0.11118770359291208,-0.2744425810687396,9.83988567833695,healthy
25935.60347200555,-0.25730283235451656,-0.134004452984999,9.651882708098066,healthy
25940.637515283466,-0.17725418461886935,0.2727922764743963,9.712760051536321,healthy
25945.73311001094,0.22360588806234585,0.2014136862557123,9.872574766179715,healthy
25950.722254275486,0.1916744995862189,-0.3236222331912055,9.946931203041592,healthy
25955.683905894784,-0.19978985222088352,-0.29919405930116394,9.801293015254757,healthy
25960.715185372344,-0.18818787928860237,0.4339385204722567,9.654361646813756,healthy
25965.747399350174,0.13713146569535412,0.19248510055808443,9.80871250013751,healthy
25970.720772731867,0.09085221663167314,-0.27684998979797076,9.82146377564783,healthy
25975.66633180847,-0.6008243295981318,0.001514817148142375,9.72042883177827,healthy
25980.68844962989,-0.027406789245711258,0.30372168227117696,9.919160398365111,healthy
25985.676580159437,0.23577707455118393,0.08288934712200574,9.863977555088033,healthy
25990.6894778963,0.05209933771459237,-0.33635446697744253,9.866864144356473,healthy
25995.67247009586,-0.18185748344361452,0.08630025203096092,9.768818540928281,healthy
26000.626242086975,-0.07146152926335603,0.2187554010297037,9.820867909263672,healthy
26005.560042104305,0.46329495441906643,0.05565319732742563,9.895256815573607,healthy
26010.54096465802,-0.12101037174407078,-0.0901773023877804,9.787855465277831,healthy
26015.60398532828,-0.24625545896532314,-0.08690612850709319,9.759339814910396,healthy
26020.566029358473,-0.09179021530979943,0.0504178571221334,9.886761441578617,healthy
26025.55524229074,0.13256583722529974,-0.055645317818154814,9.698137046878088,healthy
26030.545197925425,-0.1958314181852297,-0.20373550568774185,9.828398581612065,healthy
26035.551755344168,-0.2770611970910267,0.15831487456141066,9.767078492594662,healthy
26040.54163887369,0.06798257544414654,0.24162760755228896,9.74656041505996,healthy
26045.489994678697,0.24295360121466247,-0.28124370456137826,9.924325916148563,healthy
26050.461345233878,-0.2874903412622983,-0.11918834623033656,9.657234463048557,healthy
26055.47395490148,-0.2181591776958931,0.20738388075335998,9.796151035818697,healthy
26060.47612362705,0.005518397512206397,0.3835868310072712,9.699520705536981,healthy
26065.535842829642,0.11235688747440781,-0.35973433685707806,9.89644346531953,healthy
26070.494069690154,-0.26846081650215087,-0.24687636550317807,9.817117150649475,healthy
26075.60316263799,0.14784181297062682,0.2773744963255594,9.813269709765411,healthy
26080.622783153038,0.3412878366772467,-0.1346283788578233,9.753301163427183,healthy
26085.58368177935,0.3159846762751717,-0.33452385561054293,9.780807260572084,healthy
26090.62134116142,-0.489586502841291,-0.19491431418377575,9.780229040424436,healthy
26095.66812232744,0.004835529220411798,0.302278085140333,9.874582404177524,healthy
26100.675599442366,0.32257675764219,-0.06831067877274034,9.893084263933028,healthy
26105.659254313447,0.051825143780523206,-0.1813334356686291,9.76523759288495,healthy
26110.70288341927,-0.3503062511642977,-0.09309183629542951,9.685802204515932,healthy
26115.7474801693,-0.1521954748485687,0.12984584993901443,9.841541679654561,healthy
26120.751436832023,0.15317341307740753,0.1726799136055464,9.949543031247925,healthy
26125.695171958443,0.08445815754390057,-0.29544056849293554,9.698765922349462,healthy
26130.662188963397,-0.22051637927030232,-0.06734818399611325,9.74538560360889,healthy
26135.65871645185,-0.033691536246100134,0.11964377086895596,9.843190183446877,healthy
26140.66175397955,0.2168733250462662,-0.040528932460179676,9.793224412104426,healthy
26145.649556429376,-0.027152073886132902,-0.2167294666314303,9.725620179375852,healthy
26150.71956046054,-0.3265045245882019,0.16131542045061703,9.89705227738716,healthy
26155.689447539913,0.3267640384899637,0.008547148229247903,9.962679941901598,healthy
26160.617391899574,0.023531399510656137,-0.10151355964257269,10.037114670932384,healthy
26165.608119872635,-0.05284234247365162,-0.19274860980946706,9.698270898810327,healthy
26170.635223740766,-0.1904176411129524,0.24167639494292364,9.667496835241428,healthy
26175.561812742722,0.08260403792398603,0.2227108449242228,9.922340807468993,healthy
26180.57547735395,0.21374427818658387,-0.002505287605651746,10.055753095500416,healthy
26185.72544118226,0.09867204907137164,-0.05699958538084046,9.87648794865824,healthy
26190.712320659783,-0.08938855087910519,0.3536460648862627,9.82984664780571,healthy
26195.77427553688,0.191779132509013,0.1283332131431087,9.853365741067808,healthy
26200.775329156353,0.0717598361190847,-0.3092097039438946,9.887024893128332,healthy
26205.83064014978,-0.3205508033245338,-0.1586580641574466,9.638342395265315,healthy
26210.84795296664,0.14302871096810837,0.2925342545364919,9.889758029720648,healthy
26215.78157519511,0.24599145633954328,0.1969527707527394,9.875226407350445,healthy
26220.77730265259,0.11663212282659116,-0.1666799749862768,9.775547538584716,healthy
26225.871018928105,-0.19773357330212474,-0.030995538578422598,9.738148091993622,healthy
26230.854230235098,0.0062932281653277425,0.29828212504363893,9.808497668629451,healthy
26235.764328108682,0.21763347775594727,-0.04239365180580148,9.794800892791928,healthy
26240.84969259837,-0.11600464904368916,-0.2088974754450314,9.794238020847374,healthy
26245.728342877406,-0.26668960255838114,0.11147625481285356,9.593692696343282,healthy
26250.683950952134,-0.00877278703376589,0.21712155383156517,9.616068757903513,healthy
26255.605984884354,0.29316468831659126,-0.09931195421920226,9.89036668092273,healthy
26260.58603026015,-0.1717141980150979,-0.22539547646325078,9.75035647043197,healthy
26265.5711065348,-0.24511186217979067,0.2241211627895125,9.831864123338539,healthy
26270.50603218341,0.0992561729811636,0.2143787350465661,9.9250782607337,healthy
26275.484904815967,0.1921090510564697,-0.018617067831014716,9.892732680969758,healthy
26280.492399451698,-0.1881627917162501,-0.2846967029086465,9.894637946127279,healthy
26285.652705116103,-0.23807989851979838,0.2213135780398996,9.688596116187155,healthy
26290.662967590757,0.43159150087135845,0.2775728585996253,9.805634245560734,healthy
26295.708217768333,0.32752115994145453,-0.05651179345073937,9.709757619166808,healthy
26300.656774839914,-0.23718491515147375,-0.28119431295456704,9.815846227302076,healthy
26305.696708518284,-0.14259935416572297,0.3014477179963764,9.760960292166446,healthy
26310.714449610816,0.2571514953742952,0.16874597358117469,9.904922767134227,healthy
26315.695055005854,0.13569003452490164,-0.10658519408995946,9.849625432761702,healthy
26320.6405702064,-0.13135386662129703,-0.2840177640775579,9.60866317709594,healthy
26325.656127502225,0.10397645907131509,-0.0674679302821562,9.886956926918586,healthy
26330.654470104953,0.3379542454266854,0.26582562837169,9.93380212079483,healthy
26335.71814703236,0.10166860260247665,-0.2746492955698204,9.659930560798848,healthy
26340.626167028495,-0.029604798368836227,-0.07625706037486885,9.883519766062491,healthy
26345.636043758856,-0.2162989325929247,0.176477961505714,9.746227235624588,healthy
26350.705378604704,0.2154157646437012,0.12234313844668745,9.974549834728155,healthy
26355.63235319623,0.03249903633020977,-0.3342100654103229,9.72651201316391,healthy
26360.657350406185,-0.30766905628029073,0.12263305505942637,9.71068391204122,healthy
26365.66865419812,-0.10375746839327309,0.30513396277018207,9.71563156708999,healthy
26370.711957621606,0.18206416604887238,-0.05965463667203584,9.722162785786537,healthy
26375.662150676962,0.022159827321454273,-0.268650478034573,9.891759973237551,healthy
26380.72218648423,-0.2704419844200141,0.11778574400118344,9.81160424022909,healthy
26385.72842579698,0.029184161818250925,0.2112653568185945,9.805815707708694,healthy
26390.759889867404,0.1930129868770019,-0.16831290746029068,10.004075907566017,healthy
26395.721255105236,-0.22544005159209757,-0.3206884778231773,9.924016883314483,healthy
26400.723165912634,-0.19398803864869613,-0.0948115368023695,9.708056687966133,healthy
26405.73172654268,0.04747219985111335,0.12253311986374048,9.880155602144354,healthy
26410.66102357698,0.1479728796606307,-0.2187356846642367,9.72051584045618,healthy
26415.627912587443,-0.22729755150950323,-0.3037629441201992,9.919312181713648,healthy
26420.61478894731,-0.09754786254820336,-0.00972066458593479,9.80739963830057,healthy
26425.557157383868,0.1870196948383696,0.0925860230307383,9.732016173123734,healthy
26430.583562531596,0.11233043841583212,-0.19974623583578394,9.838932734228589,healthy
26435.671614146257,-0.13682258410449974,-0.3071374509327742,9.796537288889049,healthy
26440.695116720457,-0.15526378629267926,-0.051125772683568466,9.837534841140819,healthy
26445.613754429778,0.24732013682881468,0.37218078984309777,9.82759953274854,healthy
26450.57428427788,0.2659450793008962,-0.30830339959509934,9.86129746449043,healthy
26455.584697939437,-0.1406366583526779,-0.30329019969793863,9.813917350187607,healthy
26460.557352263848,-0.016524120036269255,0.3434827651474488,9.68553908886426,healthy
26465.53727747131,0.12843258805210325,0.07523927453472919,9.9775062583519,healthy
26470.53992961208,0.06543033561866447,-0.20527927214567462,9.88599296444924,healthy
26475.45632479433,-0.3008851065441751,-0.24264333595947457,9.802296889939582,healthy
26480.4504284059,-0.1424253836816745,0.0632622353657202,9.758502739539706,healthy
26485.496001826592,0.3432139125074294,0.01022262113712646,9.954008314734745,healthy
26490.502608433537,-0.05183859329748634,0.059653508069323985,9.815088385009979,healthy
26495.52861347557,-0.2624561709165917,-0.23550352980966344,9.750506473662247,healthy
26500.520098725705,0.04721640553333245,0.2708192349977232,9.869462483609448,healthy
26505.520405228002,0.16927436186246286,-0.04026259612080155,9.83667886641736,healthy
26510.468014789436,0.075053912906301,-0.23758755050616143,9.955412206723672,healthy
26515.46789106957,-0.10647939171110496,-3.0368981253844907e-05,9.734617550129702,healthy
26520.357917147267,0.09083775676405219,0.2637998742081617,9.669802035063828,healthy
26525.405895302676,0.4056134704318136,-0.09521676962831088,9.970720402177852,healthy
26530.345987659777,-0.10432654529925953,-0.28180525698852027,9.862855942987903,healthy
26535.372095417675,-0.4003771495459091,0.13881539958996147,9.759850946457872,healthy
26540.33025987182,0.15703821258233816,0.17813224594283236,9.813029923833431,healthy
26545.40558661552,0.29584757477652823,-0.2616973058677826,9.740041916050513,healthy
26550.374026759473,-0.12010249614387311,-0.24179554699638572,9.772987724647113,healthy
26555.371652807935,-0.17902320047475254,0.4548968578012559,9.864083927471086,healthy
26560.41294230615,0.0001279126752863069,0.26390607111137415,9.776883863753019,healthy
26565.372286398593,0.18368758491419765,-0.41692621429941107,9.63382899547475,healthy
26570.406909960624,-0.314515723619934,-0.2010895615126526,9.879181393984954,healthy
26575.358858652948,0.004092415735541616,0.3057187834031065,9.727282310811301,healthy
26580.472056544644,0.1528150602585157,0.18774790635636757,9.91610958135597,healthy
26585.47601104364,0.1429958170170398,-0.1726686314583688,9.816758501815745,healthy
26590.4358366667,0.003631182505461128,-0.0853792302935275,9.68991686206488,healthy
26595.55764637365,0.07424782430754642,0.3650233538913761,9.805440294301645,healthy
26600.53746095976,0.47822942320964595,0.11577091633914453,9.7853004906444,healthy
26605.549915623502,0.09730411373721456,-0.24907474429115678,9.7789570782835,healthy
26610.45845362945,-0.2016830398032618,-0.04898436936753858,9.662305593615953,healthy
26615.44125725797,-0.09665620639235953,0.3273368145633756,9.650647557764943,healthy
26620.47741131689,0.16650319269497757,0.09321816421768601,9.922280415687982,healthy
26625.50895126148,-0.07754215216447649,-0.3698108576960695,9.905597711158078,healthy
26630.556313986937,-0.14609579373989418,-0.123297807926752,9.762624050073176,healthy
26635.53701761003,0.17899443963781886,0.16810888572140903,9.816131372473922,healthy
26640.5211184808,0.2623472624863285,-0.17668963608031724,9.85333641913023,healthy
26645.495698556053,-0.058744592230212306,-0.11056747915692919,9.770972551102298,healthy
26650.574485126264,-0.22943756608713337,0.34407309300154926,9.711271145269565,healthy
26655.6317850425,0.13126542029232516,0.16281358412641672,9.772102702041582,healthy
26660.702348732157,0.08465733517144357,0.015489572143309316,9.84090670165157,healthy
26665.753131465153,-0.12535187917252674,-0.08569820605288796,9.882450199455096,healthy
26670.78728409442,-0.251725653304382,0.2340717750114943,9.855826537135586,healthy
26675.76772002924,0.4369048285947134,0.2284313374312662,9.762004692515802,healthy
26680.70015112407,0.1369608985755507,-0.3246717391680531,9.802569045013536,healthy
26685.676794256407,-0.26004410725577815,-0.08393012399173748,9.855107638739744,healthy
26690.68249296823,-0.16449437814458429,0.22501059955972982,9.678660547031791,healthy
26695.66180389241,0.2640502822134781,0.36696453864101836,10.066592473351166,healthy
26700.637052402366,0.0599234432920456,-0.008984539582856277,9.820556260260679,healthy
26705.60437226553,-0.26855296820359487,-0.22930396286572774,9.668710613600894,healthy
26710.52422879412,-0.14963462068829142,0.04398312960797676,9.827226804762251,healthy
26715.62537206194,0.21022298806950512,0.0990393714077886,9.933543915138204,healthy
26720.701512545373,-0.1406696550721065,-0.2037283911285236,9.933382799266438,healthy
26725.697021612883,-0.2695021638191236,-0.039082040393330617,9.860663713546165,healthy
26730.792608804262,0.020030049044673044,0.35538508068156743,9.870566665644901,healthy
26735.65928634108,0.27883334130236326,-0.05466189274309709,9.78822883684097,healthy
26740.726583061787,-0.15912022455750993,-0.24980618506746652,9.843370526141966,healthy
26745.712821099543,-0.3752014258472064,-0.023989264201308147,9.81249823796993,healthy
26750.753336570022,0.054427998428400855,0.28423163698468534,9.794140961212165,healthy
26755.791232049476,0.1402838792560125,-0.1755303285364585,9.966407886162957,healthy
26760.642895656005,0.06169470763917738,-0.21670385986986745,9.888970414074645,healthy
26765.67256153462,-0.28853700604803073,0.1391126765661819,9.725504627181252,healthy
26770.77362038875,0.1637347987989045,0.18383977643267516,9.783234751804113,healthy
26775.809706782842,0.24568874081603692,-0.10142815773931936,9.866492860469297,healthy
26780.815058118296,-0.2032836839405403,-0.30451805661030956,9.821847835895621,healthy
26785.74790526442,-0.3201768261998187,0.10115130214500892,9.781663691540507,healthy
26790.774488364954,0.04235618519704547,0.18406250845732652,9.845338395550934,healthy
26795.739399034293,0.3028217113213237,-0.014866584068449484,9.862411487581923,healthy
26800.775560702343,-0.02733163311500736,-0.3988189488954367,9.804088824192608,healthy
26805.77077007981,-0.06966865724052229,0.013037188467046185,9.656440499546235,healthy
26810.75175281973,0.24907356593429414,0.34836253164943465,9.799506018514732,healthy
26815.7339380461,0.050378643896881944,-0.1792063530104658,9.822895391856898,healthy
26820.618054427978,-0.06546879849061962,-0.1703433707885061,9.793489701229692,healthy
26825.629255375483,-0.31003860494036906,0.21326537832721756,9.792176872644276,healthy
26830.612717943888,0.2220512848458895,0.11231530464682425,9.89728877833966,healthy
26835.599941386765,0.08808362004205436,-0.2508014411449103,9.814702004925106,healthy
26840.575511005947,-0.38148410769710506,-0.2040900982255397,9.750684322516062,healthy
26845.580350298937,-0.021679624529896413,0.2984206927432207,9.830309843994884,healthy
26850.599676493217,0.3023306438841918,0.04581619582010707,9.854852113915966,healthy
26855.610727704225,0.010096358557230109,-0.3697605939328159,9.728400361898917,healthy
26860.70034129236,-0.49524484440747674,0.01597616227075242,9.741910471866769,healthy
26865.762397326595,0.048903834444242046,0.06661203420831394,9.905124745325773,healthy
26870.70558469901,0.033519073521235454,-0.1598313324520827,9.77912875926461,healthy
26875.706797172537,-0.3031458507836375,0.023196898852318654,9.798496605538782,healthy
26880.66626231707,-0.08863516513544073,0.058268346689427514,9.850803915047198,healthy
26885.70473028673,-0.1644990162421423,0.17764989982410728,9.980797010334287,healthy
26890.730567979703,0.18891303582050356,0.08778086805469743,9.954905454442823,healthy
26895.67506951252,-0.1937449247008501,-0.35652404673017407,9.82116642217676,healthy
26900.69254155189,-0.30316659232858917,0.24080165476737303,9.7218007234993,healthy
26905.747538519205,0.10603634801193472,0.10131784156793724,9.761722855735231,healthy
26910.735034969235,0.20027349927043656,-0.16080639232017555,9.993321092189726,healthy
26915.83876660524,-0.09019036970753712,-0.3082055761209404,9.697751624439306,healthy
26920.83886546677,-0.043446237492917705,0.10506968413960081,9.789316123462662,healthy
26925.857513835155,0.1402137954805771,0.21857398794438776,9.871906179755323,healthy
26930.862303721548,0.17251745126854148,-0.023798855111396122,9.812247049946546,healthy
26935.89780139173,-0.041685870949668774,-0.19579723811374872,9.789960391501987,healthy
26941.008927245784,0.014070370415996958,0.0798709087077435,9.818410662080298,healthy
26946.059155881336,0.373230423641675,-0.043718670881008365,9.906260033948241,healthy
26951.082238963507,0.3047708519283855,-0.32335575738505873,9.787946695380866,healthy
26956.181043379373,-0.29998515694288097,-0.10865032248348558,9.796565151043634,healthy
26961.165830685994,-0.022830751555052653,0.13016072241175522,9.763159156485564,healthy
26966.237611394252,0.2137746361808654,0.02760213756496203,9.832275385153078,healthy
26971.190955560596,0.12753518899134703,-0.33317976521584924,9.729310583519926,healthy
26976.189583868636,-0.2001893349741794,0.11797098095822008,9.709740814366256,healthy
26981.19679242294,-0.05081011971478698,0.12239637005274198,9.745173759132053,healthy
26986.227890245973,0.2466819130986886,-0.02247983283162244,10.00432958774823,healthy
26991.164156218903,0.029762378568974922,-0.23902315958664155,9.926678415000861,healthy
26996.116733043666,-0.03994956585896084,-0.04040634722705919,9.72897269572289,healthy
27001.19703936917,0.3642790302275876,0.203810138355715,9.816059860339061,healthy
27006.23421910764,0.1630300120049269,-0.17445543857878512,9.932204428565141,healthy
27011.264469320704,-0.27108234035840306,0.0602050647331453,9.670685138953816,healthy
27016.248188120804,-0.3296949590980715,0.1299119004478101,9.759065901255857,healthy
27021.33323833722,0.13918048624050255,0.34108323878278257,9.771196301775523,healthy
27026.315435007116,-0.011399108155288246,-0.0017732742596908158,9.81026430061765,healthy
27031.26500922009,-0.13790849483988427,-0.19241416984495238,9.809013189507308,healthy
27036.164358648195,-0.3622260145162738,0.19612972488050454,9.853292181135238,healthy
27041.115133492633,0.19785764583860144,0.05568029669906814,9.910858507560249,healthy
27046.10169493959,-0.053736016235304745,-0.1308352549993645,9.871247089526202,healthy
27051.159289079482,-0.3499451074053094,-0.18711269277329493,9.678483737710456,healthy
27056.057328200095,-0.12878142466280748,0.2387728713749419,9.821027025949649,healthy
27061.07943480251,0.2364620998164913,0.088168263073007,9.872421807848673,healthy
27066.137128878945,0.11160766601787044,-0.18599144226692793,9.893974181547723,healthy
27071.211048152894,-0.2020328732837005,-0.15643900803884345,9.79462501427785,healthy
27076.199593247187,-0.05557162454854362,0.27102425725148566,9.86126784151685,healthy
27081.230453948374,0.16057088261285776,-0.039466554794990893,9.750873118021921,healthy
27086.23675254778,-0.17491542847896616,-0.34264785876113135,9.80262594905932,healthy
27091.274173503305,-0.2689661059883755,0.06954209876443476,9.776887360988688,healthy
27096.256758107313,-0.04228494546144523,0.10546289615783416,9.710117784128764,healthy
27101.23260979493,0.3372026543407374,-0.1741793675152034,9.956499283890786,healthy
27106.244087797662,0.04706514543458905,-0.14266755205727044,9.815633464521538,healthy
27111.30081669466,-0.23178411359305184,0.15536653778131404,9.738560233278225,healthy
27116.34722548911,-0.1803093900532469,0.16578673993698345,9.813464185272188,healthy
27121.38362639474,0.34660220428635835,0.05104000727240139,9.86688359034742,healthy
27126.391349271795,-0.01890326678158749,-0.330660611336476,9.889543087451406,healthy
27131.33276612928,-0.21394244319166172,0.11837889771846889,9.89961895149408,healthy
27136.302053952473,-0.014866749000456508,0.1689250277051252,9.865768234958844,healthy
27141.336412703342,0.41190871797250994,-0.3761010369896586,9.837054824689316,healthy
27146.364400418337,0.03625517489101743,-0.12174766617791348,9.870129961744508,healthy
27151.346929708645,-0.38452037908896614,0.18658551260354922,9.66196117811416,healthy
27156.266996578648,0.26088153451222557,0.19127894019817135,9.975981120001748,healthy
27161.163506876284,0.1972984474584121,-0.004438541796032425,9.746861754101692,healthy
27166.21205853915,-0.20744137821514622,-0.18755695990437532,9.878665773660328,healthy
27171.272611881326,-0.29960151198170903,0.09306553230275678,9.76136215022241,healthy
27176.32638400785,0.0386001458904294,0.15718567234217182,9.921019991331793,healthy
27181.26915329794,0.20741264865236234,-0.288611469313142,9.93121056102012,healthy
27186.26845293871,-0.13672104685158687,-0.11598542544699532,9.861828158129144,healthy
27191.323587738538,-0.20190108750956692,0.19818586928799586,9.715961379666036,healthy
27196.30297947833,0.1532540039955594,0.088245554352751,9.966601724045393,healthy
27201.318782309154,0.046496908068694026,-0.27801948188589065,9.865569225728999,healthy
27206.382057685536,-0.187560079990853,0.13866965417550545,9.726684139240387,healthy
27211.38718140224,-0.22063899216494454,0.1326166747664597,9.677716606678999,healthy
27216.295013884435,0.30097876708892046,-0.2865441459920327,9.763825357868251,healthy
27221.25183590845,-0.17522714178315002,-0.4371642906331551,9.659637513841947,healthy
27226.273136568936,-0.24798849520300068,-0.07031905508274487,9.68097460959497,healthy
27231.314381095744,-0.1398971206819153,0.28885790765492286,9.757286411466643,healthy
27236.359180756343,0.38358999449742404,-0.0008954763605466889,9.88348735952895,healthy
27241.301266100967,-0.0026102990900916945,-0.24247494334822794,9.794547044000796,healthy
27246.26623696666,-0.1618771862260348,0.13583104404531288,9.793018182063944,healthy
27251.31951359605,0.15300567039429647,0.2804065115882386,9.563733885932589,healthy
27256.353029282447,0.29066043122012375,-0.1541920768931903,9.87590533859298,healthy
27261.338132406276,-0.03557505895029517,-0.13689096979118393,9.746609097171785,healthy
27266.340338438502,-0.055577161474553965,0.10902041252659256,9.762803389829362,healthy
27271.338533645307,0.09146435894355436,0.08550875721848702,9.931637485684925,healthy
27276.35871385642,0.02302031389817613,-0.15374881908624582,9.965365235586042,healthy
27281.328716165397,-0.2759368177695708,-0.09827751091847302,9.888360397457259,healthy
27286.28541828607,-0.3224910933260177,0.021991338928976173,9.698856194811887,healthy
27291.293773173635,0.21354685946580398,0.284162435671995,9.746101270235076,healthy
27296.27878017247,0.13197805879885557,-0.15164972910464894,9.878692659534435,healthy
27301.31313853006,-0.20604050288042056,0.005760259109129223,9.907618411309757,healthy
27306.265649284887,-0.290393966182093,0.2540796761660763,9.746195816520471,healthy
27311.277910064782,0.33054541815366245,0.08453370272458631,9.87962856201124,healthy
27316.26119621429,0.018731031607537113,-0.3801357149674013,9.947087397608831,healthy
27321.22701250008,-0.26263715398032045,-0.03637452568196219,9.77182555197615,healthy
27326.21240934735,0.00993464329066622,0.2913281091354486,9.915923669459902,healthy
27331.305531782178,0.20095742562831426,0.08930671372421153,10.016610119485295,healthy
27336.27540541312,-0.09618822626336354,-0.17557618600732985,9.815870002436604,healthy
27341.24357256048,-0.34033966218792533,0.12795042394327535,9.787912975039882,healthy
27346.259669364146,0.0988490908880981,0.31556166304201316,9.86181279289692,healthy
27351.274650393727,0.4687833153654659,-0.03779526553936453,9.843096080620796,healthy
27356.307759654086,-0.024551225146769606,-0.28492645946513057,9.899542042386566,healthy
27361.283292512107,-0.2311632317549899,0.10634859114790249,9.730710259861125,healthy
27366.256727091266,0.11724172306410424,0.2631105361589014,9.828188646100942,healthy
27371.24725085114,0.2734103661833402,0.11001372610567908,9.926322928674765,healthy
27376.210133114946,-0.09645338987117905,-0.2983300142062942,9.764204385637242,healthy
27381.264231792644,-0.3739777071280628,0.048682361080577406,9.658908335493903,healthy
27386.345999663194,-0.015077998302087545,0.19178748693361147,9.847315835244384,healthy
27391.33817440728,0.28282627363529134,0.19341869631146189,9.78332688467216,healthy
27396.339132862187,-0.1928969466628169,-0.42000448116342803,9.830442287484505,healthy
27401.28694642588,-0.12236740529912891,0.207836325441198,9.637545888676874,healthy
27406.281185971915,0.2123526036834853,0.20516771246062576,9.714334876051252,healthy
27411.33789399426,0.24941122738284693,-0.06394579152427646,9.833365357254644,healthy
27416.32758053912,-0.41747149343362355,-0.1176297315970071,9.682734594188275,healthy
27421.416535564218,-0.06891302486683594,0.20871030521234255,9.832412977512694,healthy
27426.434018278444,0.24048489103803075,0.22269332835086497,9.898754407360498,healthy
27431.57325781493,0.13568076013303296,-0.27469976885147834,9.71868521282701,healthy
27436.528976042515,-0.475729424894617,-0.019217450044336767,9.625294220269534,healthy
27441.553500638423,-0.15436098366274356,0.08824178697717991,9.884796942641573,healthy
27446.560370331805,0.12006464476386737,-0.04242512275720567,9.893594927833849,healthy
27451.50242872676,-0.21519436643300568,-0.20128070150496988,9.869632273555851,healthy
27456.504312135523,-0.13442939926055814,0.08227334839185722,9.671794523274624,healthy
27461.511248801402,0.21119304211494527,0.23693266028029777,9.819162538886706,healthy
27466.509372203207,0.25466822650425314,-0.02598553339011777,9.98517089679511,healthy
27471.54265210899,-0.04677480950467326,-0.17972269405384317,9.791521279904906,healthy
27476.546187694392,-0.24809089816252952,-0.10143904563484245,9.852884038828659,healthy
27481.613740800505,0.10076070289690947,0.3285145430793379,9.881739128833484,healthy
27486.560689989707,0.20621490800864417,-0.027812211932750762,9.9003480747003,healthy
27491.56358039892,-0.29696204599208714,-0.25454142866409574,9.573237867343135,healthy
27496.529904367937,-0.03837968395198249,0.2674324794235643,9.705816188613072,healthy
27501.49445169618,0.1019579710295334,0.3265308184357254,9.847320549247767,healthy
27506.47776597917,0.19716964230395279,-0.16886602000188905,9.80569666513917,healthy
27511.532855542206,-0.1292286128090728,-0.15224902536962626,9.816165889803683,healthy
27516.478240297685,-0.14009013220048294,0.17792941613822452,9.640861476210501,healthy
27521.44163403795,0.2194094338676303,0.432424339505823,9.946539813639328,healthy
27526.452558696234,0.3027246711834486,-0.20354295467830635,9.789521857275512,healthy
27531.37360890055,-0.009298473610752894,-0.12790710127380603,9.716001666287632,healthy
27536.46722099509,-0.3329893996617407,0.2544676041920676,9.867274100454313,healthy
27541.491930102882,-0.009242866190655286,0.3053907907739874,9.843425972753016,healthy
27546.546765956,0.3217910379468405,-0.21710619187461563,9.847580731172865,healthy
27551.52978151128,0.07884833822460077,-0.1253511276385989,9.692276496193996,healthy
27556.508144040785,-0.2597391565793204,0.22120265789118873,9.727727326911651,healthy
27561.489736968673,0.3426486932992303,0.04573999891147142,9.888274507998894,healthy
27566.535464408567,0.04368438846860014,-0.28428273003320015,9.777704194300057,healthy
27571.533345146247,-0.41759635457923494,-0.19815675136626074,9.740327626940788,healthy
27576.5282674979,-0.021765651349391048,0.21314162988205068,9.879030536533934,healthy
27581.59439203282,0.26991829238549825,0.04075202370233044,9.796470204388287,healthy
27586.597362603618,-0.15386286820692419,-0.26399197638192134,9.827793576186414,healthy
27591.667925867478,-0.1370066569087393,0.11116814068512718,9.77244923223605,healthy
27596.646713382856,-0.06927445577959959,0.33619359962892054,9.84962220281745,healthy
27601.63689932324,0.27491151482313975,-0.04309232981027453,9.918728228972975,healthy
27606.730416011058,0.020341758769572393,-0.4162667486219782,9.941745764766718,healthy
27611.781854185894,-0.4604082167925935,-0.036479874733092846,9.694141207968952,healthy
27616.708978480125,-0.020204009721896996,0.11885197827216006,9.910468841559837,healthy
27621.691649497618,0.16183435396329213,-0.019769420582259126,9.935858445824048,healthy
27626.789749869,-0.11906796678857634,-0.11777138149413656,9.874632434846845,healthy
27631.753821214927,-0.17532881409090037,0.19920026575310834,9.678383117322,healthy
27636.696777677145,0.20177244022596394,0.22859499404385739,9.86160731929701,healthy
27641.702037206185,0.010472927184708769,-0.2315786654726781,9.697173989845407,healthy
27646.603020102193,-0.10742315230501406,-0.14346803940995553,9.710763399538394,healthy
27651.619973882185,-0.2344823106176741,0.4132937976987674,9.933550799317576,healthy
27656.6112634885,0.15923600799659376,0.24303107744999075,9.813084977625662,healthy
27661.5778650177,0.1251072462656808,-0.02900839816405973,9.855645196899735,healthy
27666.645784544955,-0.37050514306231846,-0.251143729090161,9.762149093212797,healthy
27671.576004023398,-0.07655201562209409,0.2204361493253013,9.803227278849187,healthy
27676.54928894463,0.08844507313697408,0.15570073364933776,9.763259513541039,healthy
27681.614493771536,0.2647092518574984,-0.2936935120391865,9.940497984199515,healthy
27686.57873625688,-0.29475298857222604,-0.28177511938122807,9.79663148329328,healthy
27691.592747958268,-0.14130657333823488,0.13745303046434548,9.887227379339254,healthy
27696.612408023117,0.579326567480476,0.20633158780678157,9.938385124233928,healthy
27701.631388331785,-0.035367828676937725,-0.3972938609864421,9.862285032357693,healthy
27706.63629563408,-0.37510881542389773,0.02648184822444873,9.777086660811571,healthy
27711.58284970994,0.028781593118421964,0.23045740646605983,9.658205455026792,healthy
27716.566638921533,0.4045788181876986,0.05660068308792529,9.58004704117354,healthy
27721.5509506718,0.09606317128633757,-0.21963266958837382,9.899373348162323,healthy
27726.53977453537,-0.11954558336993237,0.11340339812984286,9.720198057422618,healthy
27731.47013343887,0.14798828289253407,0.2684274999333068,9.846857259049498,healthy
27736.425532840036,0.35686999443655165,-0.10922825645724965,9.97812231118725,healthy
27741.387655310817,0.016111443599137992,-0.3042404039047475,9.698866521379214,healthy
27746.48530111472,-0.41636340799761057,0.22779315504043124,9.678827254472667,healthy
27751.568485140702,0.10473078358362643,0.24696213116421947,9.781254474872776,healthy
27756.729449049348,0.16820377455711352,0.0151269644736296,9.817454888607749,healthy
27761.66195964305,-0.1730768900286503,-0.1791548758594791,9.86726318649804,healthy
27766.713094319417,-0.15457217031676515,-0.0004898642782054374,9.738347838091654,healthy
27771.661941978055,-0.04104186951658009,0.19581590166290808,9.68336044511784,healthy
27776.527300472226,0.2579075865109837,-0.0951958628772818,9.907895208458816,healthy
27781.591952976363,-0.20130151657409953,-0.10740498389325354,9.776936277137745,healthy
27786.52737110226,-0.19954889418629354,0.3083492938357397,9.747084481880163,healthy
27791.580910835637,0.13781428366649445,0.30741991224266985,9.76033384450125,healthy
27796.52999015337,0.14330193316304304,-0.42747891668863036,9.742558270229987,healthy
27801.59370931892,-0.2876950902894839,-0.09629239589734163,9.833858581404483,healthy
27806.62587687766,-0.1275044736561166,0.11866487152886242,9.835032026831382,healthy
27811.67694019174,0.5031749948729209,0.02908995463573484,9.751716907290572,healthy
27816.62712183348,0.06824360575785046,-0.1784646649003772,9.727432973098699,healthy
27821.56541636455,-0.23387610222820476,-0.2913143761835448,9.835633771786021,healthy
27826.65659318041,0.07118358139684428,0.23919591508015522,9.871348110210008,healthy
27831.66826239853,0.042764597407025734,0.07642724447964322,9.876583899684558,healthy
27836.645573921054,0.07670877065453877,-0.15475968246562105,9.87022505224362,healthy
27841.697388660315,-0.23384592173917515,0.23076867470909923,9.673963623956435,healthy
27846.714297077717,0.015895879931233974,0.2334911169039143,9.84962309460644,healthy
27851.697488209575,0.016795377821488072,0.13032298482130789,9.859889530934492,healthy
27856.61504555559,-0.1289894432630019,-0.19673724088066896,9.767309031992776,healthy
27861.57555040003,-0.35204326049490076,0.1967207627393751,9.74899784681933,healthy
27866.60917164544,-0.06145113948887379,0.29884194372326817,9.761490124610464,healthy
27871.631246463443,0.31137845641403267,-0.2001682673655067,9.9120266748417,healthy
27876.616436608485,-0.1270667987747433,-0.10351187667258618,9.841206301206464,healthy
27881.63867058195,-0.07405971808407036,0.11851757882106013,9.773507165332603,healthy
27886.540497385267,-0.001534908942872587,0.19222180524542548,9.808497858607335,healthy
27891.545662476063,0.28493788266646336,-0.09943082968012243,9.79172892162788,healthy
27896.608986992815,-0.11479949919645872,-0.08449663967992477,9.698935447154936,healthy
27901.600579990663,-0.2052646851070509,0.13917973442428033,9.65727575107942,healthy
27906.56830982503,0.018630127724114376,0.335218989596536,9.843273829588066,healthy
27911.54915835007,0.1890247565126277,-0.2961044761315859,9.91211380666271,healthy
27916.526851444763,-0.05536881107298183,0.01973131949107526,9.687242208363879,healthy
27921.517195735873,-0.3213831441959155,0.14551152855126917,9.714381224043768,healthy
27926.47116228685,0.19782317714781372,-0.032603816952988834,9.724145509891347,healthy
27931.542003060567,0.3145112646138438,-0.46034282697139617,9.777152327486032,healthy
27936.533574139954,-0.2723536313437595,-0.1281419704237839,9.77420044486696,healthy
27941.544185324434,-0.19014567400893562,0.38650158689124425,9.810065543933773,healthy
27946.496767895376,0.20876364467588995,0.06291992265971597,9.830690073367288,healthy
27951.536360279257,0.12378849188559723,-0.3347591384113467,9.682350430676138,healthy
27956.489004888637,-0.0964871645854318,-0.09229401886236074,9.72445933557013,healthy
27961.45747005735,-0.17342130809000209,0.4219167234560748,9.831764239981057,healthy
27966.32587479787,0.26262574202441125,0.06916456546954655,9.886148333360708,healthy
27971.3737868833,-0.002404713679677651,-0.38136184150313723,9.679066404096705,healthy
27976.323916585497,-0.1797761151239931,0.13883699679656852,9.849875352560487,healthy
27981.267974012604,-0.04113734630508405,0.07975711288189727,9.83013642354187,healthy
27986.26047870566,0.3427778507490186,0.33878389421804084,9.90652233082988,healthy
27991.315239771677,-0.13474574882205234,-0.42910384707470534,9.772668353178736,healthy
27996.313599556088,-0.08952315066405889,0.0975558527544241,9.737581001691265,healthy
28001.22286895636,0.11451399178391607,0.21439212432417887,9.759750963800807,healthy
28006.202308446536,0.23794147358196635,-0.08776801645229136,9.91836649525606,healthy
28011.285351629987,-0.07331052814529723,-0.27844202347200575,9.877359581177654,healthy
28016.344588656073,-0.3472202726192647,-0.06356521553740979,9.704779611821372,healthy
28021.363805964054,0.2539748678646575,0.23364234432781467,9.706421770890673,healthy
28026.42518184782,0.28003386888477866,-0.3369861132942475,9.789668460564206,healthy
28031.42436494654,-0.24927818186783857,-0.055148868947026225,9.718578128583585,healthy
28036.437722284594,-0.3141633355580912,0.09884866483669721,9.71043933706782,healthy
28041.425247299154,0.14386723744084295,0.1435855872255105,9.902070535492175,healthy
28046.490952598368,0.120332051537363,-0.13689550459464292,9.871245320382151,healthy
28051.449007848783,-0.32968400239448226,-0.1580090926892762,9.580504071644892,healthy
28056.453312921996,-0.2398994482274578,0.12206033172643566,9.745983100379389,healthy
28061.51511870627,0.07513852540775906,0.03842130904131632,9.849459531813196,healthy
28066.508036244963,0.07341226336676979,-0.21859152015821962,9.9531305181548,healthy
28071.553262320915,-0.2674020875304775,-0.04825433214156224,9.80864795189978,healthy
28076.566196551812,-0.09609740899095823,0.40731780501560316,9.76677630799527,healthy
28081.53774006071,0.2795177504062283,-0.16364438637933376,9.806918696765585,healthy
28086.617960911935,0.13131168307732977,-0.35685939221273605,9.940242341939571,healthy
28091.550273327546,-0.2570412959106082,0.08215741118583633,9.79970974472931,healthy
28096.516661282014,0.0032218835870303705,0.3714397224777037,9.942383420482178,healthy
28101.50893965157,0.2942872743471691,0.014548728657696776,9.781542876247181,healthy
28106.4771139875,0.04242002586231144,-0.22034323580947163,9.889788040761795,healthy
28111.46219198511,-0.07579272507822818,-0.07507677401801686,9.813569777272665,healthy
28116.443930866757,0.05353668850269104,0.24754745851164853,9.880893793641755,healthy
28121.41731616163,0.06523493987470275,-0.01965473921079463,9.872175771899618,healthy
28126.526360574346,-0.1486951863342916,-0.19653436360963117,9.815545764133791,healthy
28131.53100576934,-0.21185991232882034,0.037589847106625024,9.916362886292271,healthy
28136.51068017287,-0.027727343393770948,0.12846014589480087,9.994852826116166,healthy
28141.476389995023,0.291317792171885,-0.2643862295694899,9.802896422673006,healthy
28146.570241469817,-0.09461388704844778,-0.0601678187331918,9.620591167528747,healthy
28151.571930357135,-0.2520990702482193,0.18654946475579293,9.815630482703206,healthy
28156.60968404038,0.03591545793652651,0.04264940492788008,9.87616597917879,healthy
28161.584832473745,0.1744815520594897,-0.32789485625755144,9.85932078099581,healthy
28166.627215577024,-0.16567990354522882,-0.2299287623570826,9.881277009363336,healthy
28171.584309961352,-0.0009601647777013889,0.24436056420216093,9.81085588254851,healthy
28176.506568508907,0.24747681555226247,0.013131418294703726,9.858746632091773,healthy
28181.526613276725,0.07201529717814063,-0.18886399974600485,9.60647280992824,healthy
28186.439171311642,-0.3338943861938899,0.0406048369691373,9.612348847905626,healthy
28191.48667613387,-0.163464504571613,0.25143762630848,9.917193442023857,healthy
28196.455637822284,0.17683813432499443,0.2045204875208716,9.883085930169853,healthy
28201.366687744936,-0.1584581388854,-0.005385814229311475,9.945073022777835,healthy
28206.421321143927,-0.14797504886177865,-0.46825693122154055,9.584558567665045,healthy
28211.346791540913,0.09719924922119219,0.3135233030694658,9.720008451781636,healthy
28216.38267103474,0.32280840595893096,0.0827165209454914,9.837683295119623,healthy
28221.31194446552,-0.002273597400371403,-0.3930559109119774,9.79594239902834,healthy
28226.306744773963,-0.31726352044780465,0.10614881348134785,9.66201058549918,healthy
28231.408677578584,0.17598174251327633,0.38736067018370235,9.81323913333714,healthy
28236.422437933586,0.39533332760807344,-0.09647922239792164,9.91330579762944,healthy
28241.38145298893,-0.35214642658521733,-0.3537102987029518,9.848731581804701,healthy
28246.402282775703,-0.2261707517833436,0.1513678896228044,9.656221309253404,healthy
28251.389461041195,-0.04678009894180332,0.5594458093983627,9.811939733022403,healthy
28256.339450125855,0.24716580798521443,-0.00882354376583401,9.86231674801236,healthy
28261.355194530708,-0.13161113775683897,-0.04273458329468158,9.89001921217936,healthy
28266.4054099392,-0.2824918203240701,0.11420501009587018,9.852236569887067,healthy
28271.35160141281,0.16829391760901508,0.21756257086636177,9.870155709509156,healthy
28276.34334963667,0.11460663029614113,-0.3122877479406001,9.920254871046362,healthy
28281.25409017873,-0.13359938414704825,-0.30301616560415756,9.75625377214268,healthy
28286.40398363115,-0.06071310751296355,0.3550271943089204,9.75698035554374,healthy
28291.36073107743,0.48647208382335616,0.2836535570818653,9.822907498412674,healthy
28296.28863153962,0.3369025188871871,-0.38864521844240596,9.862381250912252,healthy
28301.35620776627,-0.15620067343992983,0.02859189942895557,9.734570132721247,healthy
28306.278191685476,-0.17407570037498216,0.2019525333899374,9.723112509905729,healthy
28311.28228926302,0.14489177705777756,0.0395883927623806,9.886589622234393,healthy
28316.32131423772,0.0207077419456429,0.016791994683146627,9.721437216214381,healthy
28321.30318151525,-0.4302840007888742,-0.11489918284874867,9.72695818218011,healthy
28326.425103993224,0.0385116166592383,0.12899981299323543,9.76378520839,healthy
28331.441970643733,0.32995614763935194,-0.24697681208454636,9.83106466710185,healthy
28336.481695294802,-0.039293310688574265,-0.3170560498629366,9.765873888380522,healthy
28341.592777825445,-0.13805066819213946,-0.054379955836500425,9.629086549685752,healthy
28346.58878132397,-0.03157895304111119,0.35676966397884047,9.963437285586727,healthy
28351.561677260528,0.06124817337758909,-0.16776046429014874,9.804788487846345,healthy
28356.674635727868,-0.20875128368319926,-0.27555936037886436,9.886637613660872,healthy
28361.59759922641,-0.2756047987522369,0.03327447801461311,9.493929086522957,healthy
28366.637435967943,0.07577062329900064,0.06336139672793195,9.734712001392175,healthy
28371.608708195618,0.21257793003478048,-0.07573429295980941,9.85661321787978,healthy
28376.634977479353,-0.21125665639913405,-0.32091490292382563,9.924636081799715,healthy
28381.66181428791,-0.18221046479859115,0.030601649075155696,9.871973053967393,healthy
28386.721710183072,0.14002935833858224,0.28633309885998237,9.755918026984016,healthy
28391.697452285625,0.06048090551969401,-0.24170994558576342,9.922135231556219,healthy
28396.828078474562,-0.17407997714556683,-0.004236383976142677,9.662018868595313,healthy
28401.895663975698,-0.13869045100915697,0.20747770880544575,9.732792607169108,healthy
28406.932872734233,0.26396636543076146,0.20443765511768885,9.683073980955891,healthy
28411.944502479673,0.09184971057189946,-0.009594946198594745,9.886657286842684,healthy
28416.985496757887,-0.137984246905335,-0.30165606172060777,9.748675076738873,healthy
28421.969224405268,-0.22532036390736637,0.12488482475142273,9.872237059772814,healthy
28426.981022717107,0.47667189343775385,0.007494400594146508,9.78162868741888,healthy
28432.03799442311,0.13578370625502445,-0.2999212032957133,9.778883756243234,healthy
28437.02761639826,-0.10182330988293015,-0.030499204481678813,9.829709978706388,healthy
28441.99539647305,-0.10291083082868181,0.26209122246208616,9.782916750986102,healthy
28447.042543563326,0.25518026812543226,0.07019562792152885,9.861192416044831,healthy
28452.055669518075,0.14208249238830442,-0.42058139204937806,9.768740097857986,healthy
28457.10030131109,-0.31337496479015375,-0.036032247983004494,9.762667600527285,healthy
28462.053017789207,0.05550491120278887,0.045611482610649234,9.73212398233851,healthy
28467.15717440996,0.43459001871288483,-0.20351173798440603,9.926803451733374,healthy
28472.128645780293,0.01604672578836968,-0.21949025179393827,9.825721991169193,healthy
28477.170856424425,-0.48338547536976584,0.08957768551603512,9.738395019700828,healthy
28482.146610549426,-0.03916242703395974,0.19981844276621977,9.778510090948705,healthy
28487.169107925405,0.19076291346045646,-0.01195380851959739,9.78360329021353,healthy
28492.042547480098,-0.1407663638005739,-0.24342691656185797,9.829264030054915,healthy
28497.09908776245,-0.07852211463999936,0.025303203488028336,9.751269412176674,healthy
28502.11193564912,0.13660937276743795,0.2653200221272232,9.86003617918204,healthy
28507.058832355237,0.25008591319521145,-0.04170108976916363,9.907031440631492,healthy
28511.999713553694,-0.17060022521226603,-0.13769148866322192,9.723798331987615,healthy
28517.073486784488,-0.27172235941649897,0.2188433522281639,9.671330461104192,healthy
28522.055103204755,0.10250879036785798,0.08568226717696416,9.902183814642894,healthy
28527.086439153394,0.06881833981646712,-0.3615943951589652,9.80506294935774,healthy
28532.064028978686,-0.21059736809936339,-0.0749043977533461,9.76372460459225,healthy
28536.990984286083,-0.1421514607286358,0.3572990607489308,9.81681555861454,healthy
28541.974941278848,0.16479069555481674,0.15847052777268067,9.741838069594948,healthy
28546.999319378396,0.1664774814572904,-0.21287278891355654,9.80677238063702,healthy
28552.00086028356,-0.15862985350650072,-0.18291336029491062,9.76088753550329,healthy
28556.906474032246,-0.2833717336885777,0.5198907851084965,9.769261562927591,healthy
28561.9338569536,0.4260141408927798,0.3065927390251151,9.837498073851199,healthy
28566.99413383987,0.04578558166643155,-0.2743240510659197,9.935254520072558,healthy
28571.94867855479,-0.14098852477896104,0.13609235039219925,9.925445199263942,healthy
28576.96571609297,-0.053583036962721695,0.30101101349864606,9.855207239842088,healthy
28581.977399157575,0.07529623374452393,0.003209929823546398,9.725055474754614,healthy
28587.009225509584,0.049291431777654424,-0.23976832535222692,9.889589131322568,healthy
28592.00580268911,-0.3103024128203493,-0.056141798352782823,9.800139050892675,healthy
28597.084847038237,-0.18619843172749712,0.04150506251517247,9.943464629209998,healthy
28602.066220179542,0.3020308415723319,-0.10656787828063581,9.815751850044236,healthy
28607.108345997978,-0.052742781042594444,-0.07615836960890382,9.801801023251945,healthy
28612.16211370276,-0.28958700913744684,0.03201098367656248,9.76395584130271,healthy
28617.14732685893,0.15313613225073247,0.23592532644981457,9.88888612122362,healthy
28622.11690720832,0.4414507061827402,-0.15662217627045166,9.717990294076458,healthy
28627.140593426695,0.0011303294479744486,0.0422791046346675,9.725508770551462,healthy
28632.234479391886,0.011077975900938175,0.36739680664467433,9.908388265669618,healthy
28637.214683515682,0.006297169083686577,0.16635515751491742,9.887166606376915,healthy
28642.218464087746,0.11906855280730153,-0.16708423392364338,9.856675502107564,healthy
28647.272007021176,-0.5477633538487297,-0.026659396180962247,9.75255272877198,healthy
28652.281683196943,-0.20483414012426923,0.19325458620758007,9.801231541907216,healthy
28657.269630389717,0.14237582014158506,0.22009387832471786,9.834192961368538,healthy
28662.19102722656,0.009199000694244744,-0.41691241813859464,9.866810571362882,healthy
28667.220596169962,-0.324616239414999,-0.12250070152098673,9.67983881997558,healthy
28672.223927696246,-0.1837048364953961,0.21199762259975002,9.640235569602117,healthy
28677.249805499847,0.23443786857571772,0.13158025346774505,9.841938301174984,healthy
28682.207909044282,0.18941634845890298,-0.3812023280971457,9.918601799152475,healthy
28687.34217406112,-0.29692326539749825,-0.12587363937747914,9.747509653897477,healthy
28692.401100675655,0.1126552709245833,0.30020845041093563,9.845445977038333,healthy
28697.44694154153,0.04545738593117252,-0.06907004664157072,9.895468379798196,healthy
28702.388329408328,0.06633761151650493,-0.2231814513718213,9.758748649068226,healthy
28707.4564023585,-0.15543144793744207,0.24409201807788625,9.862294743417747,healthy
28712.449061530602,-0.07950137078778849,0.4977992561017761,9.823025908329335,healthy
28717.376620842584,0.30772915847845944,-0.039428479905989286,9.978722617439187,healthy
28722.400201216922,-0.19789591679230595,-0.09204275443705359,9.845480808199929,healthy
28727.28519694899,-0.11719715200934225,0.11800741713638835,9.785100781441418,healthy
28732.250238551653,0.13907307929366924,0.4358093566337434,9.670807123624114,healthy
28737.223846648263,0.15806667449300357,-0.0318149918208943,9.916986542301327,healthy
28742.273787954597,-0.1183425058756306,-0.002448681709683237,9.867853320904361,healthy
28747.27934092495,-0.18441007253629124,0.1731073197400467,9.658003946904662,healthy
28752.243915547075,0.2311957256808958,0.30633383649198054,9.925038033959575,healthy
28757.30311133776,0.09269162090502489,-0.1249993717797599,9.870188060703628,healthy
28762.224470633657,-0.30656862376131194,-0.2857325325059747,9.77721328137153,healthy
28767.312178980777,-0.05779736772997002,0.5531847399983691,9.70933898431152,healthy
28772.31710607211,0.18662178824295647,0.23587758490474248,9.768755099443135,healthy
28777.33850740399,-0.1025865034032486,-0.3477783057974808,9.896668084645464,healthy
28782.33780941168,-0.40477120715476467,-0.1176160753473896,9.772246511564775,healthy
28787.38119591109,-0.18314531933987255,0.263401909051901,9.793613008253661,healthy
28792.403920872446,0.10165791400835034,0.3857691838757241,9.899292196902493,healthy
28797.401957192964,0.0393072114116845,-0.33912991693753514,9.849364061967227,healthy
28802.378683584426,-0.24058098253907315,-0.007580938326615445,9.798473506392826,healthy
28807.43393822421,-0.06282289562895037,0.18040091978093037,9.746215590716526,healthy
28812.46606607064,0.5359695370356837,-0.012316471406337504,9.828348863868053,healthy
28817.51706994133,0.02011422272729195,-0.46247390346521,9.698124556502812,healthy
28822.53256937221,-0.4184934754522827,-0.033906404086123845,9.758362001086903,healthy
28827.506865332794,0.24852267155350047,0.2689485161776067,9.854320257927789,healthy
28832.451132929247,0.21596702084843195,0.0479103741947659,9.810365311782112,healthy
28837.49018004367,0.04980284767946163,-0.30820688432949034,9.897034568962704,healthy
28842.470528259815,-0.40171239440691975,0.05228872398678025,9.813159672040559,healthy
28847.54197235443,0.2673777704353507,0.2621378220251109,9.816093189844436,healthy
28852.52003844039,0.3256689561642523,-0.10548638077811934,9.915031825699996,healthy
28857.502836275078,-0.13917647201749914,-0.21275844502482594,9.779078267418361,healthy
28862.545244897457,0.04769617122806247,0.0837218954493188,9.7108190406799,healthy
28867.498684250975,-0.06315182614014977,0.3523900397465712,9.722927714655823,healthy
28872.525922011122,0.11205347629177656,0.0035514351696809554,9.937251580420773,healthy
28877.563444681018,-0.2589997931620334,-0.11349734562172771,9.714565905128849,healthy
28882.684338261322,-0.19591339421684487,0.2670221097077041,9.766103011054563,healthy
28887.768028456736,0.17446463098820456,0.2093969705422218,9.831985445870288,healthy
28892.819173958964,0.057559417616623934,-0.19709678539514633,9.903412269001137,healthy
28897.810209505427,-0.23835943935528,-0.1607873515439431,9.805769156461778,healthy
28902.736717455216,-0.12756099394401232,0.27576518088206625,9.783065862561822,healthy
28907.806712195033,0.30341728735055695,0.08306520689758091,9.95358270697062,healthy
28912.803207559427,-0.013894892523014499,-0.19530038615392128,9.950196353637155,healthy
28917.743433741234,-0.001701600563215444,-0.14991044008179813,9.635526954754555,healthy
28922.723228884206,0.06841496879844228,0.3458897926497648,9.718116318376945,healthy
28927.748421996126,0.11657578812726233,0.18043718508585488,9.896192281857136,healthy
28932.699479615643,0.1994916848242586,-0.1328981973537436,9.791758955976023,healthy
28937.64681167038,-0.09048099418533745,-0.021303563995970803,9.746474743752888,healthy
28942.66588113492,-0.04632378040126574,0.292840793968708,9.854799451354713,healthy
28947.707763098653,0.3109725762811676,0.08982413648371655,9.91942936145069,healthy
28952.70945524855,-0.14488104634097193,-0.24555375687908104,9.823043604141976,healthy
28957.753885953487,-0.08113132393834355,0.04828039065144865,9.838948986560922,healthy
28962.83168353707,0.1457736240639374,0.274749536462999,9.85554065687493,healthy
28967.8300037799,0.21369906618523685,-0.1394732005095416,9.901828642366723,healthy
28972.83630654108,0.12465725363913989,-0.2950181278965792,9.742859858921111,healthy
28977.78630667716,-0.2673157679210987,-0.03031850838698255,9.71135344052797,healthy
28982.831181637877,0.3522333196428531,0.34765487346434254,9.683574030566076,healthy
28987.797588068708,0.2695446133522612,-0.3212803694885077,9.87600293047646,healthy
28992.823384805317,-0.2645966467204244,-0.09703195784410723,9.932471127324982,healthy
28997.843022053697,-0.24832537214245448,0.297117880526941,9.747861878096742,healthy
29002.874813271614,0.003932714023912903,0.2221955375488998,9.751822798952949,healthy
29007.9001847253,0.07987238041087295,-0.28400362041317756,9.82182742685706,healthy
29012.973831496067,-0.16797624386586693,-0.0523475728630339,9.830773828478328,healthy
29017.953023425893,-0.2044907043687343,0.4064778802861308,9.785249622452522,healthy
29022.92774185523,0.20524266223698198,0.055797809739564955,9.862590911102393,healthy
29027.992698425747,0.11900813256437719,-0.259909947602903,9.909380800062069,healthy
29032.998626972207,-0.2279188591922592,-0.1937510586067131,9.781140737831329,healthy
29038.14540596699,-0.03300936836271097,0.12582672471235698,9.823882151945735,healthy
29043.239258790098,0.4930581278661974,0.08394949878045185,9.774146268526483,healthy
29048.28429541027,0.0320570547958409,0.033039602976822624,9.81180485867585,healthy
29053.264368868444,-0.2212308567866494,0.1301424030490265,9.720816122022589,healthy
29058.269991027937,0.25000450152625014,0.15407481299109888,9.870854110166455,healthy
29063.28852112898,0.24774532533886026,0.05527070451668545,9.910143691092335,healthy
29068.252746198472,-0.19842374238256283,-0.3731349520516526,9.76380466463857,healthy
29073.311487378327,-0.2333503891901266,-0.0695905037489445,9.799648581292901,healthy
29078.30367059397,0.17934346920658686,0.07309441949874479,9.836397718830453,healthy
29083.379679272417,0.39051659490427104,-0.1747542100623145,9.76721068491355,healthy
29088.40901568997,-0.15857515817145723,-0.2842083472351564,9.73376706951186,healthy
29093.44213943909,-0.25118151205979505,0.059896297060569606,9.76340319092764,healthy
29098.496995033736,0.33436977518134603,0.12305673693892834,9.866408284990186,healthy
29103.524772371078,0.19527675896664717,-0.03840538711300587,9.684857534823905,healthy
29108.543586573345,-0.1041935165779953,-0.1451032120104896,9.875574354940108,healthy
29113.588866419013,-0.020684918304537836,0.1333281557193598,9.717662219980474,healthy
29118.566149273895,0.22458342892383143,0.024161407010771407,9.795498761966442,healthy
29123.525736331205,0.033807827086440395,-0.14152274291223343,9.670455640852598,healthy
29128.418408000678,-0.186074111464445,-0.15069999034302767,9.830800349184818,healthy
29133.395865142462,-0.11001229744329488,0.2847692417499468,9.854596149565523,healthy
29138.359605801066,0.27260241113333294,0.10187698836021931,9.780442107243271,healthy
29143.338809105127,0.2566659834112635,-0.45058546811915634,9.725697572779092,healthy
29148.384159441903,-0.23491045966415888,0.0355088346210847,9.884286320702957,healthy
29153.33803622431,0.18911704928950596,0.1539160785541784,9.809091625106023,healthy
29158.397072703618,0.22299696896144341,-0.13693409344821503,9.666935508514744,healthy
29163.381385789264,0.08258609757477638,-0.4054753484874624,9.757079183433676,healthy
29168.36086298254,-0.28879650933457607,0.2568742344888964,9.726021793301463,healthy
29173.294190570738,-0.04469303652829249,0.366600082636805,9.803637214561007,healthy
29178.349600840887,0.13028297676288642,0.05144244998552586,9.685807188478952,healthy
29183.397674556523,-0.2054890291472195,-0.12157669301215251,9.915618740603097,healthy
29188.31810203654,-0.11253814467069134,0.10210161768860135,9.744139144395039,healthy
29193.324850365676,0.04702654871200329,0.2565472001221174,9.712695689481192,healthy
29198.33046211871,-0.018913010539131803,-0.24921469849893457,9.822896814529077,healthy
29203.30827551171,-0.28201579494217144,-0.18079243299090172,9.738904849344415,healthy
29208.349459473757,-0.021926483819462467,-0.026124897253726104,9.618157775716496,healthy
29213.295929697964,0.09748349555685457,0.18145247872376882,9.972750077629497,healthy
29218.309999891015,0.09677028913247115,-0.12499591361279236,9.866541936839862,healthy
29223.32114546884,-0.09887453761345312,-0.14305188860632367,9.781015231180296,healthy
29228.31167568328,-0.05360776571752823,0.11558679037946205,9.654296717000623,healthy
29233.28375577785,0.21419789979512777,0.32044416212136007,9.802765430443944,healthy
29238.312869346282,-0.1099735546892939,-0.31480560737478014,9.921039610566519,healthy
29243.389238850785,-0.18763653928255816,-0.26416602523994237,10.013274302672874,healthy
29248.42552626654,-0.13046099318142448,0.19610023394302759,9.819529880092208,healthy
29253.476836285587,0.07808282338310735,0.08416754793462118,9.859772331164653,healthy
29258.399447842094,0.16178229219977078,-0.3509132797289479,9.808184077199735,healthy
29263.404782476264,0.08545832723826471,-0.11618008541506063,9.721087290792447,healthy
29268.392316424663,-0.12849108173387086,0.17382008222925016,9.863479406052752,healthy
29273.462506995038,0.40339870750202367,-0.03100394615167125,9.722958215843597,healthy
29278.439388937764,0.12108669376530669,-0.2588502342289629,9.716351864660085,healthy
29283.464862888995,-0.20592087627614375,-0.09832710244686028,9.789544671028533,healthy
29288.48709363227,-0.2559093603688152,0.22099149701424595,9.791782385036665,healthy
29293.53928079795,0.19354580986883646,-0.007224596150695902,9.771595766557091,healthy
29298.550457429727,-0.16274891115581114,-0.052957796607577406,9.66018515241602,healthy
29303.426614870346,-0.059274189075394335,-0.21097893378809418,9.881787037995583,healthy
29308.404488389202,-0.14450235231905662,0.2833186451700862,9.800686675544448,healthy
29313.432141638354,0.002736669464774605,-0.0541547561565219,9.80476755962935,healthy
29318.465391161473,-0.10897320966959445,-0.2560778003262129,9.88233973438367,healthy
29323.53076377195,-0.2628639745052351,0.17417765958812864,9.734656433830205,healthy
29328.60280116522,0.3137806933342496,0.18687610031395469,9.795892233675005,healthy
29333.401375569778,0.17808750756153438,-0.10494543054509747,9.785183320681481,healthy
29338.459252736528,-0.10984753672247231,-0.24145350577579322,9.875777582468912,healthy
29343.35288559428,0.026598611564486146,0.18682644296132514,9.894415970810654,healthy
29348.368229713196,0.1132150088729322,0.1654295827903861,9.76798509338241,healthy
29353.385682673113,0.11828399774278071,0.08319899288883056,9.858077602482025,healthy
29358.325962396408,-0.0725580295003005,-0.27960172126745575,9.82154027820606,healthy
29363.34080602403,-0.036629305234729875,0.24944499292757602,9.803086727958368,healthy
29368.265772972674,0.20795305324170504,0.21981831365032412,9.687605439106093,healthy
29373.37081273382,0.2500440008688413,-0.3906883103768888,9.811209774230454,healthy
29378.381716653414,-0.06640953428469287,-0.06799283663493877,9.667432049044383,healthy
29383.455575728953,-0.18566044261602632,0.1065828782493944,9.761551931851047,healthy
29388.468659510232,0.24996449927940975,0.26267715502722466,9.880890471346065,healthy
29393.574784637483,0.1284765682214791,-0.31901578944122194,9.653817147644903,healthy
29398.580008478177,-0.3224866685921539,-0.012441811402586551,9.690769606190564,healthy
29403.650054080477,0.008051236948742622,0.21742346549349953,9.83397098695341,healthy
29408.62932342682,0.2237275425720843,0.08838739042888094,9.880714074045343,healthy
29413.674823833455,-0.04804133083757645,-0.374918765672947,9.858176672999948,healthy
29418.637622986527,-0.2428457926581471,0.06005259145123046,9.806068058507408,healthy
29423.608634308253,0.30997571848243566,0.2298140888814693,9.861679274690356,healthy
29428.591831599897,0.27518520745801617,-0.18853216417798196,9.991679877940758,healthy
29433.55532781559,0.07770255244210156,-0.28931445522475213,9.738800320211139,healthy
29438.5413512163,-0.23060532496969618,0.10548963253027063,9.888688086146114,healthy
29443.584880550945,-0.027977186467442752,0.11505081761256486,9.767858208965444,healthy
29448.633815693112,0.37085745899630596,-0.29724876008993334,10.02183063422289,healthy
29453.667224081688,-0.14688773290744395,-0.24337582701133198,9.824534291869842,healthy
29458.636772655027,-0.29628895866687455,-0.13933009098179105,9.78236430330518,healthy
29463.621139535793,0.19734535816748983,0.19458865369962333,9.71262204267396,healthy
29468.626300821525,0.056917551950461,-0.22462726219819718,9.85636596803936,healthy
29473.744355489936,-0.23794738030059454,0.020784036512605186,10.021124719366815,healthy
29478.70150565892,-0.2988276404056227,0.3489414613761369,9.679521356714277,healthy
29483.72872597844,0.46671518476332585,0.33491732662922824,9.814703889098151,healthy
29488.740178964028,0.11581880336657584,0.028268933564736226,9.836454896044554,healthy
29493.70581331404,-0.1825327864359371,-0.31086885659491803,9.875684562828711,healthy
29498.68943134278,-0.0207306891143752,0.2863769870093416,9.794964578683913,healthy
29503.713199089983,0.22970006077878802,0.016021411746045003,9.956645092120823,healthy
29508.59183212423,0.17895174295385885,-0.38592619210225754,9.928757499361017,healthy
29513.603618785426,-0.2999659328246012,-0.025971191783908207,9.800486364725698,healthy
29518.549217343734,0.013530452155671877,0.2142063536470483,9.749717502047867,healthy
29523.53626437618,0.26433190973536264,-0.11492687583640877,9.886537352057847,healthy
29528.50229766791,0.11410194193171004,-0.3321342802374157,9.889591317402319,healthy
29533.586438833663,-0.40809087649304465,0.03255399951742116,9.753480190201515,healthy
29538.518359707083,-0.253230862984175,0.41040189812421357,9.711415385791874,healthy
29543.520227159832,0.4995221521570242,-0.0474627407375641,9.71048761619555,healthy
29548.522981165614,-0.021667193167858097,-0.15328308589034778,9.822647065480773,healthy
29553.51866774376,-0.46783402632507276,-0.09011682045351058,9.766284326137292,healthy
29558.479960040608,-0.05979559673783217,0.3869838408430791,9.739478171485565,healthy
29563.462692874706,0.23474996096927495,0.0581534598084645,9.987545466222777,healthy
29568.379275095733,-0.13184849824429157,-0.12245988315830902,9.802258369938595,healthy
29573.2694441792,-0.20726522876848183,-0.029901903105641156,9.721630461345951,healthy
29578.27641778286,0.014043366321154827,0.03278573010734906,9.799840032268278,healthy
29583.327930927204,0.11306389624042326,-0.16030176557422132,9.901698940396088,healthy
29588.3100707716,-0.06190043300427238,-0.028799487758549402,9.88431077897488,healthy
29593.23084450444,-0.09391001749578443,-0.011892294492260314,9.856882787383443,healthy
29598.249836017018,0.17932326267137522,0.2909740428744756,9.751201902189568,healthy
29603.301381220594,0.18564621155911284,-0.03372141812483649,9.926955251174263,healthy
29608.247128580795,0.026255281732955105,-0.08354211153535497,9.76777801689326,healthy
29613.176554562146,-0.3394962349364481,-0.02199823478611687,9.773998481207284,healthy
29618.19809872847,0.15929093333995847,0.12566053905659258,9.879071700550961,healthy
29623.2569998212,0.1255468328879763,-0.09347938070078539,9.754928783265115,healthy
29628.258764138063,-0.22052387650087818,-0.2326404648614026,9.70519112209699,healthy
29633.27613632355,-0.07071327408489766,0.19509466667824502,9.752356950155347,healthy
29638.289167881012,0.27276829511111184,0.11455679290972304,10.005345893282007,healthy
29643.287486613044,0.014938430978005401,-0.10106224562281396,9.826589860635407,healthy
29648.245582585838,-0.15792303604786723,-0.2800010920875454,9.751552665917155,healthy
29653.361992516468,-0.09085127245401745,0.4291002954460745,9.741912985076556,healthy
29658.388894151285,0.09563249927647191,-0.13689509415588239,9.82021090885636,healthy
29663.314328299777,0.07412163127270852,-0.31700835556032436,9.915962346288731,healthy
29668.374288671206,-0.2518487990370898,0.059129262793653214,9.814930227645684,healthy
29673.36702885523,0.2747739396620868,0.29057845523528064,9.705658909656615,healthy
29678.36200877936,0.28963073408357054,-0.040460679044172304,9.72187076476323,healthy
29683.359500191167,0.0736593943492926,-0.3061491688701459,9.741105302527524,healthy
29688.383666117657,-0.40896026254757656,-0.11146975955188232,9.700929272138676,healthy
29693.30772639177,-0.08949193479225312,0.33354136666052003,9.734160649127986,healthy
29698.28974229059,0.2539272701049883,-0.0536355195487027,9.907864418909554,healthy
29703.270467336097,-0.3289108048296814,-0.09681981334371151,9.785832886462968,healthy
29708.267728877476,-0.18403149362963284,-0.15415894542026592,9.78893508347605,healthy
29713.24762476607,-0.018643774865839124,0.19800408763811903,9.87979349894013,healthy
29718.08363655817,-0.08160096827850286,-0.11251618135630648,9.670649711150482,healthy
29722.90826076086,-0.1759617426337689,-0.39663126812300503,9.810205845005083,healthy
29727.87406341491,-0.30482288589403567,0.22531925372004136,9.738862319808764,healthy
29732.82783686306,0.12234994977515948,0.023290817314419593,9.924965897470663,healthy
29737.806412674287,0.2839290238915251,0.005875498818999597,9.794089464100173,healthy
29742.835024756056,-0.2629408858117436,-0.12609808245727994,9.732549247025004,healthy
29747.82003526443,-0.16293736432159273,0.06494060394114708,9.8311156771897,healthy
29752.763100227534,0.14693362879017016,0.14051018638992843,9.782166806482604,healthy
29757.696901303985,0.05653201608514338,-0.40433602942101676,9.965935418309302,healthy
29762.694732209104,-0.10227843726656095,-0.15142791704381434,9.813375251624658,healthy
29767.697174428056,-0.14090076821067754,0.18993928332948917,9.827881895873801,healthy
29772.761569299157,0.3395586939293998,-0.004780787863263886,9.685962038061268,healthy
29777.762951085304,0.07143419201181268,-0.17943651332942256,9.842026238159713,healthy
29782.782813854337,-0.2301357780850077,0.02625671071335292,9.661655020055207,healthy
29787.705015707008,-0.17907549950251211,0.28593643873726154,9.774412035759989,healthy
29792.742635258182,0.030216396256318362,0.24140654041331236,9.996063487848259,healthy
29797.766380428897,-0.07791866231209149,-0.2757038342128721,9.683707957842277,healthy
29802.736102134862,-0.1224215435283014,-0.04725725619595967,9.607666442271482,healthy
29807.735488822505,-0.16368066083554844,0.1739036449446637,9.77504806231945,healthy
29812.817446596644,0.31305043198749855,-0.02638714720188825,9.867021303660065,healthy
29817.82399614461,-0.21661639400645083,-0.39398178632753444,9.774090768932243,healthy
29822.79985166926,-0.26339876610728175,0.07286593409632239,9.650117673707303,healthy
29827.773673676857,0.2899281890296011,0.2091647371351505,9.796209268999446,healthy
29832.681357329246,0.4004743319987701,0.012312362299720825,9.758979557796748,healthy
29837.711557686285,-0.07194392738095566,-0.12251395091239191,9.750948098178316,healthy
29842.704450922043,-0.2909143733361718,0.20745032215204595,9.740277609774315,healthy
29847.703686538902,-0.08055280979469936,0.23628157606485767,9.877667645570707,healthy
29852.84508333519,0.039627700911937125,-0.2862143589387679,9.965196936600972,healthy
29857.851527967083,-0.24538234238575052,0.009326184948048932,9.812869294310433,healthy
29862.86404810318,-0.274554327606047,0.2613784418260619,9.832403345689182,healthy
29867.775010956,0.17986864312428041,0.2251953332460827,9.801162008160658,healthy
29872.779707670164,0.07399759849906339,0.05906832001816276,9.780512099444586,healthy
29877.786801799524,-0.4031880138353835,-0.10080693636078014,9.853495315758419,healthy
29882.763690425414,-0.015961596664978844,0.1232944658508825,9.796036134824156,healthy
29887.795384382247,0.17127113282987363,0.06148498987840233,9.842936713492023,healthy
29892.863754630464,0.11123111385462603,-0.2654608291673296,9.948157330248744,healthy
29897.913086193905,-0.1848597481635137,-0.14589402793948328,9.772007114991906,healthy
29902.938377401624,-0.16116648273384596,0.2663002946567391,9.891349305816505,healthy
29907.912472738422,0.11711966240550091,0.11028271827808811,9.804413934179857,healthy
29912.95905383431,-0.027303303864567016,-0.3343121672538217,9.795632515727783,healthy
29918.016364895993,-0.199775829256783,-0.02560931565926269,9.771194373287768,healthy
29923.016942962877,0.18780075836460264,0.41108165501858984,9.847297371564704,healthy
29928.01215528898,0.494450149464278,0.19363103767853967,9.916493452783067,healthy
29932.997028281792,-0.16123418756045418,-0.29226044842866394,9.842192871983956,healthy
29938.052607306097,-0.20032122790653756,0.080829025050341,9.776937650068845,healthy
29943.070609543192,0.14543949786318658,0.439968376809556,9.758927425401268,healthy
29948.07764011781,0.2047761424590368,-0.012407801758006973,9.850939312273871,healthy
29953.025331436038,-0.024180189507063847,-0.45607749496674443,10.005528671433119,healthy
29958.090976442447,-0.18807608810928672,0.2755709131830298,9.577832744744974,healthy
29963.05855219059,0.17632380624462435,0.3704388299281151,9.879996604445068,healthy
29968.12993296441,0.438127794301606,-0.0021394185122020765,9.881812502082703,healthy
29973.18370254567,-0.17390882611933736,-0.26035986328454186,9.773615771386766,healthy
29978.086333027877,-0.34661780416736543,0.2851907416408054,9.625999162635722,healthy
29983.00305062682,0.28551918014687594,0.12131480091195589,9.768379374622794,healthy
29987.957703615368,-0.11610012315441745,-0.22348002173669906,9.85828710685954,healthy
