timestamp_ms,accX,accY,accZ,label
-0.09986401063993865,-1.1739890221263132,-1.5677006302268548,8.101897612792703,obstruction
4.902847695600085,-0.9890800582504424,-1.1497144159688228,8.54997273056941,obstruction
9.917005462708627,0.8768140703042043,-1.187511100553469,9.623283036146757,obstruction
14.858595178233955,0.7206649326033762,0.8218307057856273,10.819005091083238,obstruction
19.842340259498044,0.02684460916317044,1.3902735764956313,11.489486002551562,obstruction
24.73886691226692,0.8351176921012611,0.008308528295201012,10.211839769274219,obstruction
29.769023924150225,-0.514862872635319,-0.3458932923582946,9.298287992922031,obstruction
34.83604527624582,-1.5837793300970484,-1.2036997644056269,8.100101880943006,obstruction
39.88122172163915,-1.839308508893493,-1.3966008555078924,9.051708727618228,obstruction
44.873732777557564,-0.5457383363614352,1.217017362714144,10.144104499052327,obstruction
49.81469808730504,1.9176804250678865,0.23511435571070116,12.211681935456333,obstruction
54.862148286163524,1.460106642209165,0.7402631979533115,11.079437249910063,obstruction
59.847594520549336,-0.19220046533838447,0.004243897191086199,10.041080655555303,obstruction
64.74117993250236,-0.5806184901216831,-0.6797895903406633,9.120528966242397,obstruction
69.82530023929768,-0.21323813829262772,-1.7130909668750154,8.763805055089238,obstruction
74.91906375135272,-1.295268716663521,0.12646585161057455,8.915288647213183,obstruction
79.97545779057992,0.05144640053424587,-0.09227078423998125,10.405305238350929,obstruction
84.9949768821446,-0.15600686691808652,1.2103464674499784,10.928471846603802,obstruction
90.03528890501464,0.2982198699311193,0.4875102997844107,10.49897442878782,obstruction
95.03851554693946,-0.4582894719544168,0.5594011425967014,9.728648636975565,obstruction
100.0944734762441,-1.3513133653163825,-2.613162335664464,8.57520157607076,obstruction
105.07524047232424,-1.4131621363033857,-1.1370411225160593,7.710024187771002,obstruction
110.01417630080175,0.4901443295312949,0.47288798857731856,9.8304758412602,obstruction
114.98162279644325,1.176823755339327,0.32972927202969127,11.415754461073115,obstruction
120.00009025610699,0.7952339123434956,1.555305332046402,11.555093664825778,obstruction
125.02549976186283,1.3578636464029787,-0.6209785329767126,11.30950817418438,obstruction
130.04736603586616,-1.2999735844398685,-0.4881320348442401,8.713641802581746,obstruction
135.05703081869578,-0.8068506128050819,-0.7389548738222498,9.094477743574464,obstruction
140.0707400836089,-0.7688362924458203,-0.8714001013433585,9.448987372891626,obstruction
145.07294511908677,0.06078306060068378,-0.5613222449738889,9.572803835149273,obstruction
150.05084699002455,0.5920529099380407,0.37893779277284756,11.23505164802614,obstruction
154.95231057486393,0.6916138897623558,0.7521401014923783,10.620754117765456,obstruction
159.88119369760898,-0.36243653483834054,1.6408288232559916,10.139139243322502,obstruction
164.87793922462419,0.16210088778133436,-0.3807189813764863,9.08692342544898,obstruction
169.89502474372037,-1.192326371524465,-1.116790234950442,7.833221728215981,obstruction
174.9247013886771,-1.5626268407691188,0.04406028042461907,8.226529428337361,obstruction
180.01587659829244,0.8870174592406441,-0.17942988641157565,10.248898438586671,obstruction
184.99593957893202,1.8598462741180664,0.4812316359754072,11.441433415389891,obstruction
189.9387058924548,1.3714196404104744,1.1508373016176403,11.229060718639499,obstruction
194.9933212515808,0.24143354010486365,-0.488405726783195,9.977774716079177,obstruction
199.8919611352881,-0.6231954381244194,-1.209450918852222,7.646219215193013,obstruction
204.87529593531775,-0.41693282162213763,-2.1726682276483507,8.399957111495748,obstruction
209.8564544749489,-0.18670441732300014,-0.6161556101562252,9.215558802822327,obstruction
214.90937452604632,1.2486562413263107,1.1285186685449209,11.205162594483607,obstruction
219.83519171015456,0.32380545086532087,1.051284926036692,10.96310630355424,obstruction
224.83682205569983,0.3916122004733188,-0.0687948776223214,11.00507432595192,obstruction
229.90336607823255,-0.5214450584321915,0.4685209232870387,9.702855539537518,obstruction
234.94809877185344,-0.9658145953592082,-0.20408831863597698,8.563460316747198,obstruction
240.0189501081788,-1.85281742658477,-1.2069149725485708,8.372333301612871,obstruction
245.0262383574061,0.4026000311832004,-0.699885681558317,10.117342377698991,obstruction
249.96437924488148,-0.047346855408379795,0.7647350466386976,11.345363938221336,obstruction
255.03283269601957,1.4517228329789698,1.529267206816347,11.661018651761916,obstruction
260.0365378206446,0.2273328179795043,0.6647228417105826,10.929928352228385,obstruction
265.0491608813566,-0.2583359829823656,-1.0414889137693515,8.829874958879742,obstruction
270.00419230692313,-1.5170107409182665,-1.2927972999964419,8.32162283841742,obstruction
275.10337720627894,-0.7353316842297423,-0.3304245532661426,8.488312504643403,obstruction
280.10936054381955,-0.5986238835251056,0.9549555412652447,11.751702836995303,obstruction
285.07050452065795,-0.0006568784357223745,1.4894039821672003,11.326851093096412,obstruction
290.05147150459817,1.4366513627529334,0.04988318122643198,10.038388646561929,obstruction
295.13056406973965,0.3804971112143222,0.38463404143981106,8.449604469374037,obstruction
300.1200804351968,-0.6875072862388627,-1.3915261537609183,8.752521933663845,obstruction
305.1275384781167,-0.781966678214868,-0.9191159968493359,8.465466507868722,obstruction
310.18919119501163,-0.2545020598421196,-0.11520355359904788,9.799521386151198,obstruction
315.20141510530976,-3.781128302955743,-5.015317021895466,6.826581960804908,obstruction
320.2429534163885,1.7566537899303707,1.3071561689718296,11.476373963796096,obstruction
325.21587425751596,1.1869759572094571,1.6387626942267612,12.38370864202935,obstruction
330.2335476141092,0.5110560731080176,-0.16657459276594982,9.811576377967668,obstruction
335.19458866858514,0.18501679355128997,-0.29208489992079234,9.82897079506293,obstruction
340.2109464656012,-1.7966313670654561,-1.3990087625080647,8.355855110444493,obstruction
345.15681824492043,0.009482451480382292,-0.29104979632919065,9.28244032660298,obstruction
350.21318162609015,0.5008487017341927,0.3978138023088783,10.492591420803715,obstruction
355.21429327967275,2.2518394187541695,0.8332441330701081,11.483767515637147,obstruction
360.1635561985092,-0.0510992481292144,1.052979228685863,10.30365963101531,obstruction
365.194874523219,-0.5946623134462352,-0.24657231860375137,9.178096375427561,obstruction
370.25524508099124,-2.4942143277972217,-1.9971343306220126,8.750499163268131,obstruction
375.3145545357422,-1.5135645621815708,-2.590345991267492,8.482573056448928,obstruction
380.30130015350613,-4.297039120748647,-4.534039587116254,6.0398704248637225,obstruction
385.36020202809266,0.5676439500278703,1.2860134370886487,11.2063890273713,obstruction
390.38531941826886,1.5169703456519732,1.3364642231891697,11.177445096821613,obstruction
395.4279556863928,-0.9508598462720355,0.9892884704081693,9.677743075482594,obstruction
400.355514929976,-0.05416798548769286,-0.5417394646790628,8.867745784045029,obstruction
405.2898429333163,-1.7868207270442884,-0.38592395370415744,7.97770626823099,obstruction
410.2976777925594,-0.5451540283986535,-0.8568050126398487,8.552869727844966,obstruction
415.21548043783446,-0.27610681386059366,0.436680393561625,9.79455014143993,obstruction
420.2350631187225,1.239043199714036,0.5740213679291095,12.567366469384114,obstruction
425.18817673198197,1.2687576895954826,0.23814704174858348,11.871741889950192,obstruction
430.0908064231896,0.7982217360359115,0.2848529367921663,10.65480184793098,obstruction
434.96297973882577,-0.8768724793362308,0.20047693039750647,8.256561260092022,obstruction
439.86822000239204,0.09782282213635707,-1.7789713997498113,8.711389815610849,obstruction
444.80274588723404,-1.1619992816817857,-0.46123606201041667,10.190375504904125,obstruction
449.77488386252173,0.8134975937564326,1.074056794900713,10.638675338615961,obstruction
454.8388826791494,-0.07271227758043652,0.7648089979512663,11.7132225264735,obstruction
459.8931496739683,-0.24643483371567676,1.738650634893153,10.202934210024809,obstruction
464.9412457651624,-0.39903629797140394,-0.10017639753067714,11.272226257845608,obstruction
469.9572672801565,-0.2642914877258772,-0.6393440838055571,8.725222812350417,obstruction
474.9736656233988,-0.894983516702149,-1.1122762763014393,7.973186522526267,obstruction
479.9607093448684,-0.30984108034025815,-0.6198198415531263,9.546655762273783,obstruction
485.0198434720802,1.77967495500863,0.4628917738296751,10.46554247212181,obstruction
489.93587516781093,-0.464180357913212,1.4734522454526728,10.821408560971028,obstruction
494.8323108816348,0.17549562232525895,-0.5491562007361754,10.913040344129865,obstruction
499.8017054016186,-0.5216635770028699,-0.27953599971507015,9.253216758933961,obstruction
504.8475540635889,-0.9233922422602661,-1.443942342380078,8.722244299438213,obstruction
509.78445016462905,-1.772270477294156,-1.9693507570726045,8.430565944788496,obstruction
514.787565539796,0.6235017446499216,0.3070178719779321,10.314796238356413,obstruction
519.8716575982704,1.0713322316840208,1.1151764823450425,10.881408346300672,obstruction
524.8578151275932,1.2444693965601754,1.0341331494103811,11.060531504479933,obstruction
529.8861797677029,0.2012185216009089,0.08371692026298197,9.46364436910076,obstruction
534.8947038161224,-1.209488343407736,-0.19310689715596208,8.889104024174875,obstruction
539.858447217393,-0.8224111638259333,-1.2554842380967148,8.022369871205438,obstruction
544.8653979716782,0.08223970011017334,-1.2214809576032422,9.984353752614263,obstruction
549.8510900890237,0.5741034697378101,0.8589108334942852,10.360010475391242,obstruction
554.8738283180951,1.5962184532978143,0.9132818093414061,11.073506891977598,obstruction
559.8815737316212,1.559818156161365,1.2622900812213653,10.836743656340595,obstruction
564.9565022089947,-0.20407785684388083,0.23682336215039107,8.661607150482128,obstruction
569.896011116207,-1.4676531899234682,-1.5408324479766087,8.34479294794951,obstruction
574.9175516015963,-1.349917249344979,-0.8517559883524234,8.786203244481117,obstruction
579.8326144390551,-0.11335753154491313,1.1592412252368072,9.995841108674677,obstruction
584.8086632804572,0.5452730751659016,0.9985715961202459,11.909464876943224,obstruction
589.8420420819529,-0.47181963058941556,0.7983606638723116,11.558609422559085,obstruction
594.9094553539271,0.614066724460814,0.2854857985524001,9.610427550379512,obstruction
599.856660228521,-0.27818628237525317,-1.6084816210000712,9.171933237377072,obstruction
604.8678445711223,-0.5421839516726279,-0.6591561158795132,7.45739332837514,obstruction
609.7921851263908,0.17009394575169334,-0.03829165367241916,8.633787267588483,obstruction
614.7400837340263,1.2088844630185085,0.1054632934190905,10.505505950247278,obstruction
619.7534355792435,0.37920422856739744,0.6088973909770405,10.982703898021017,obstruction
624.6881150474018,1.2819226171388645,0.9392954647548548,11.766070430191318,obstruction
629.6872977344912,-0.09813917678205776,-0.989635690315517,9.639000623224991,obstruction
634.6720372503904,-1.4749979223908776,-1.3337164417477638,9.077796013335636,obstruction
639.5652695331701,-1.4928835907796711,-1.1254569273458497,8.248227409634362,obstruction
644.5198891030617,0.0870124504050736,0.7019445288074007,9.075889453961747,obstruction
649.4675724988832,0.8520646632398576,2.0837192353617735,10.481340448843339,obstruction
654.479560081515,1.3467846665631598,1.342973878001951,11.222836643469144,obstruction
659.4309121291258,1.9379692485401598,-0.8811169054689244,9.914659969282193,obstruction
664.4786192019651,-0.8249371399698768,-1.2944480273293908,8.639298883485576,obstruction
669.524628676153,-1.8149082929257205,-1.53020129240996,8.113395303181258,obstruction
674.5470059642397,-0.44156089065941073,-1.7181877430375243,8.986593631174586,obstruction
679.5296414091725,-0.7001139681944666,0.29828960987304654,9.637894920035276,obstruction
684.5661701256029,0.5038279277073292,1.2413973916226508,12.038965674404286,obstruction
689.6291353047387,0.8748027831534136,1.2469112531882005,11.138271778940307,obstruction
694.791374200558,-0.2180285143308323,-0.16564577641965905,10.21273901679831,obstruction
699.704087948508,-1.0978795642231771,0.388858661955774,8.690494236030196,obstruction
704.5584233076759,-0.9932056664862623,-1.3379590198145548,8.129687237948442,obstruction
709.5488774570954,-1.0584337780227075,0.3367507776422408,8.377707622766632,obstruction
714.459958571511,0.7053878433410498,-0.017710742721884443,10.708323061668752,obstruction
719.4386504779627,1.1484806417347815,1.6867717514381768,10.94410591295341,obstruction
724.3714905265217,0.9956848078693336,1.411106848083079,10.623700386236008,obstruction
729.3489391318894,-0.6811554530059138,0.5010101859380874,10.097969787639997,obstruction
734.3296815773074,-0.18901869142289607,-0.38552892694151425,8.4693641599529,obstruction
739.2817453532872,-1.1093005243153637,-0.8239779606014219,8.1300517059733,obstruction
744.3135155974284,0.28890736320538746,-1.1913706228190217,9.406900364348962,obstruction
749.253171204074,0.12340045647284531,0.9718438042189379,11.277182451663762,obstruction
754.2975063557953,1.5000969417472945,0.39084190446526457,11.611517279711773,obstruction
759.296395805947,0.84995188756735,0.4859169856061755,11.202502254033893,obstruction
764.328677647867,-0.013206929062447803,0.3761634334551118,9.68970262756471,obstruction
769.349463303539,-1.039420020140828,-1.7407114401871635,7.541955300169488,obstruction
774.3977004024738,-0.7295379180560413,-0.8940571872601886,7.789564789055496,obstruction
779.3896120514972,-0.6388325005860475,0.23733102548326224,9.576575720448607,obstruction
784.3106802593617,0.8878208991562138,1.5846562453816238,10.426590481987562,obstruction
789.3573553393446,1.0699505303356551,1.3747919617905806,11.599864569303678,obstruction
794.3621199049959,-3.3166270235779365,-3.4245577284953224,7.640038727762392,obstruction
799.382055476494,-0.6382908245723009,-0.07333005734787346,7.825495199514268,obstruction
804.4169224544422,-1.4661271412887866,-0.7561438062870892,9.06906276370149,obstruction
809.4286860973904,-2.045964636356313,-1.1031537552110524,8.570098994008088,obstruction
814.5599731300923,-0.2599567215319891,-0.7376105480269093,9.759100784961223,obstruction
819.5446315899533,1.7460250434189764,0.6677375335808873,11.048412995739998,obstruction
824.5222112346377,0.7488130747099601,0.5036791550142103,10.788361708843919,obstruction
829.5608611274579,0.09093453502498339,0.4341605526530851,10.066122610259864,obstruction
834.6042550350622,0.16387100770336727,-0.8511100427772802,9.29286772767273,obstruction
839.624298501119,-1.1228406735741339,-0.09182712594955555,8.390928780300765,obstruction
844.5788460004474,-1.3425954361653871,-1.703032336292876,9.259110630461,obstruction
849.6204077973606,-0.199009293183595,0.7122055499551865,10.198079154678531,obstruction
854.6643762681006,1.0799641449632973,1.3309269419728331,10.550681361287523,obstruction
859.6463455080021,0.4977438758860883,0.4315363804043791,11.336382555600151,obstruction
864.6298618169709,-0.5441432245211852,-0.9706943255141723,9.647487466198386,obstruction
869.6205254300268,-0.8954011108626605,-0.4180481535913694,8.818039411502765,obstruction
874.6532476188196,-1.5887260100087688,-1.0932820948331534,8.801107738906518,obstruction
879.7305759773994,-0.3907379644967398,-0.15545369570305076,10.946573390500113,obstruction
884.6254458805693,0.3272715648251754,-0.188156913265638,10.782888032830895,obstruction
889.6138058543937,1.0396391339666986,0.955759456107518,11.052525092627116,obstruction
894.6309983448941,0.5136915353947575,-0.07300452468997065,10.509550597607355,obstruction
899.698549053694,-0.5885012454980157,-0.4439178439567122,8.473805069194421,obstruction
904.5529445627426,-0.9767854379369914,-2.394758021783691,8.201875560728704,obstruction
909.5345380457383,-0.4501120742171496,-0.9053096554901582,8.746536197888132,obstruction
914.5471712640601,0.623049314855055,0.8943862456006072,9.42566691845099,obstruction
919.5166310124412,1.2359669119515602,1.5472058568475164,10.642119053999673,obstruction
924.5449334745704,0.09330683127140493,1.8424966009988761,11.422599496386677,obstruction
929.5424693222808,0.2646248688884496,-0.037150039591680645,10.163477596205523,obstruction
934.55951994998,-1.0489233190107425,-0.8443025965846279,8.648889880945362,obstruction
939.5643680575301,0.5750735255998889,-1.8043061709629624,8.45515592006187,obstruction
944.5606852375785,0.13600690552679545,-0.882827537011156,8.984851533679524,obstruction
949.5905127020679,2.118550564966086,1.6323850490897858,10.424302621139672,obstruction
954.6977486252223,1.4582416207989095,1.366317203991434,12.204902071649562,obstruction
959.67700457989,0.3340155835692392,0.27337412853187715,10.193763197914715,obstruction
964.7313840446734,-0.5568553761401605,0.03810697852648659,8.284480095472096,obstruction
969.6513493477352,-2.0181380968862093,-1.2403794736543625,8.475331907698326,obstruction
974.6931541834773,0.250131610038307,-1.0799285936277694,8.533394932255105,obstruction
979.6887733166695,0.6481192039468142,-0.3786334540452354,9.804803069698243,obstruction
984.6657796792631,2.0889026678595766,1.5731377599223244,11.200305827585275,obstruction
989.6863408500602,2.2363943699367232,0.877865776673848,11.309516984398034,obstruction
994.7016506017843,0.08685124804648157,0.17900403518298247,10.778322303277488,obstruction
999.6291859589554,0.09436588485034592,-0.5369558602490789,8.600742042855508,obstruction
1004.6459019179905,-0.578257739352876,0.1647474559527058,8.8689458013298,obstruction
1009.6941441248697,-1.1641805785617099,-1.57696450550969,9.174932056769208,obstruction
1014.676011359029,-0.2589081232284025,0.6867153804791393,11.047999363638294,obstruction
1019.7106426128266,1.9671110870876345,1.5987359657070737,11.37436744515218,obstruction
1024.7422049357822,1.8311672396096093,0.4654456303764948,10.920441463476047,obstruction
1029.7635138561507,-0.03346917065569083,-0.7419029632671881,8.802428870420421,obstruction
1034.763722448494,-1.4477429582862715,-0.7899801987744547,8.835881518080942,obstruction
1039.755297034597,-0.19715164143373143,-2.1277245102596813,9.136307407620428,obstruction
1044.7258947707046,-0.12223236624937589,-0.687280970061491,8.530302289133038,obstruction
1049.7643952720935,-2.738848512173958,-3.328635990427973,6.4762812758158,obstruction
1054.8967547888692,0.9557910671430243,0.8953659978788977,10.633826949337756,obstruction
1059.869619932843,0.8755280002971866,0.1489482837409265,11.26759572424297,obstruction
1064.9323163183656,-0.9235556319660746,-0.4738949939818137,9.673834060856613,obstruction
1069.9674105474044,-0.577256514264815,-1.0241497773213681,8.074975450491136,obstruction
1075.0317859907686,-1.753861638829613,-1.156181325043488,8.93593291215441,obstruction
1080.028760190705,0.11737845796666735,-0.2641427309645823,9.846534196089742,obstruction
1085.0352852158878,1.082378247797681,1.2551021156589248,10.727875364110329,obstruction
1090.012809292554,1.3191316023685673,1.5265677859026476,11.839344215243015,obstruction
1094.991690187837,0.22048892672486997,1.3972987447701728,10.946812852519686,obstruction
1100.0003080815184,-0.6709512997905274,-0.919146261548399,8.764191174139905,obstruction
1104.955593289503,-1.2785657891540587,-1.8331490039210774,8.899043282552958,obstruction
1109.9436027351783,-0.8837072251345948,-0.4306273918480805,8.582851941994123,obstruction
1114.9579223731916,-0.993283811837293,-0.01985254028302066,10.213879431869355,obstruction
1119.9537206575415,1.2110881036872143,0.25873978551568355,11.076760884324134,obstruction
1124.9422336180382,0.13748301454919787,1.6574486969699467,11.883127717744548,obstruction
1129.9581614252681,0.3471708010895563,0.482980387507148,10.8511323247229,obstruction
1134.8944607758613,0.13930399576183894,-0.7203298771593759,9.103561118610893,obstruction
1139.9424434220462,-0.7579835387539906,-1.131945309505855,8.354073353216844,obstruction
1144.9174871630694,-0.4814788616497243,-0.7390630017208687,8.916331006469827,obstruction
1149.9575159091328,0.2911135266722842,0.2427576922358395,10.438733029146768,obstruction
1154.966625262423,1.0800434241611347,1.489890587311943,11.274666127355248,obstruction
1159.9502737772389,0.4172262129957311,0.980723374187124,11.352448611374045,obstruction
1164.9543657483964,-0.7926077869549216,-1.145941546889988,10.814980950666996,obstruction
1169.9297183310211,-1.5222035903007365,-0.9279892563777806,8.556624369785135,obstruction
1174.8259792902968,-0.8783080190164096,-1.3465646489157164,8.173317962015064,obstruction
1179.8010328059217,-0.7418037225194776,-0.19250606048316765,8.597110469699059,obstruction
1184.8457995835415,0.23482457717872213,0.8029209951094484,10.796235201481885,obstruction
1189.8340825287376,1.5927145331781905,1.4572374901360732,11.327486331585984,obstruction
1194.8074593955278,1.7948469188344527,-0.001174500064056283,10.177894750347408,obstruction
1199.8223031613134,-0.6743989709704125,0.21618263286914274,9.215344783007644,obstruction
1204.7512662279714,-1.4357005211052356,-1.9919859397565292,8.794369343118536,obstruction
1209.8043188508168,0.01393142091658528,-0.9572994095134404,7.95116489225509,obstruction
1214.8187420242325,-1.1428268103254369,0.12981429351609483,10.480869334174898,obstruction
1219.8407473600237,0.461105271824915,0.912913711687029,11.16040436118183,obstruction
1224.9446232581013,1.3056133539154617,0.8059729740597057,11.853349695609651,obstruction
1230.0015573253415,0.20949087790806714,0.39059953100354106,10.056176237607811,obstruction
1235.0123755310426,-1.1054734674239344,-0.8858138155146175,9.414726465291643,obstruction
1239.883676837872,-0.8457949226081372,-0.525877610855286,8.254337416867585,obstruction
1244.949523558326,-0.9884780227075034,-0.7363741647263942,9.61011102837292,obstruction
1249.890800398474,1.0719167639209812,0.8839445288715184,10.058941632183194,obstruction
1254.8918997718486,1.5612978626455307,1.4316994486313739,10.88480203343434,obstruction
1259.9303596985317,1.61934002536689,1.0021021755864947,10.4694603837783,obstruction
1264.9180787494909,1.1644113491353867,-0.8838519764070323,9.515599858302446,obstruction
1269.9393240401887,-0.03482871597175352,-0.5314943453193736,8.157463472935842,obstruction
1274.9345140368528,-1.9315887941945526,-1.5879438029942476,8.947176261967735,obstruction
1279.993882790636,-0.21483557673168766,-0.2925014058445906,8.61734337735013,obstruction
1284.9997358534729,0.8896697866845666,0.6546014467989045,11.32369016575899,obstruction
1289.9438783776784,1.3417097562354945,0.14985653325538162,11.934892573877395,obstruction
1295.005576695024,0.5894907240624792,1.111151688146396,9.574183264303578,obstruction
1299.9575932077994,0.5362953196120546,0.5373203849591861,9.266614145735351,obstruction
1304.9010654754834,-1.7814563939247563,-0.39859250257448053,9.265261145673897,obstruction
1309.8360178519983,-0.9427210238711371,-1.1090840424440014,8.519358053434368,obstruction
1314.8315495603879,-0.022253305923403185,-0.38480409521421816,11.217570640559227,obstruction
1319.7882109770594,1.7866063687910865,1.17687000059136,11.811659346092176,obstruction
1324.7824249473397,1.6544022603852033,1.327616124110206,10.179199028397807,obstruction
1329.6444477392504,0.6596207527977325,-0.055634944225181115,9.804332984712875,obstruction
1334.6551691653342,-0.7020474626330951,-0.03482241342857373,8.821367663748246,obstruction
1339.6796564102274,-0.9139067554113964,-1.5744732958565832,7.585104698596296,obstruction
1344.6221192835676,-1.0681574540743033,-1.6819904662137746,9.116354917668236,obstruction
1349.529613314722,0.3503021320143752,-0.8984388079096285,9.93030672560967,obstruction
1354.6528362474885,1.2288877973437058,1.7758644919895983,11.46216416585419,obstruction
1359.7266253644962,1.0546718929223267,1.6559508753531167,11.496024632192443,obstruction
1364.6403805915256,1.5376729890697962,-0.4543869084891284,9.616659559520082,obstruction
1369.6590539015078,-0.14642399417609542,-0.9303025575718029,9.039787385309184,obstruction
1374.6548495510642,-1.0516773581040095,-1.1664244923802176,7.722409676617433,obstruction
1379.6085078727715,-1.345095581191027,-1.2467574840027484,8.648832134844188,obstruction
1384.5225144838753,0.7567620665798777,0.1727089418711159,10.564853770659566,obstruction
1389.6201505636186,1.8215745133119619,0.7365989257484413,10.93585264812816,obstruction
1394.5735065810977,1.057564776145891,2.0708271957126727,11.129891026725808,obstruction
1399.5156582669945,-0.46218997405923695,-0.4898359176304881,9.302213013839113,obstruction
1404.5274761798448,-0.7821642460323749,-0.600111387408464,9.400522655737896,obstruction
1409.616615409943,-0.5511147416900007,-1.1639186470643554,7.789842438860548,obstruction
1414.6157165246286,-0.22778712423842645,-0.2546276087007542,8.633834602634876,obstruction
1419.619238104816,0.9655513497338111,0.75215089513618,10.522030926829045,obstruction
1424.6638057706941,1.1486335768071188,2.6880565892427435,11.681971434353498,obstruction
1429.7027287394087,0.44159103278106004,0.45441192210829817,10.147718956209477,obstruction
1434.676406444865,-1.0532207630365455,-0.18337222328512276,9.571346191370989,obstruction
1439.6781970901577,-0.7763676630988856,-0.9532614286864753,8.5840034995372,obstruction
1444.6522989854025,-1.9514671638987613,-1.7428216478955736,8.67086400014486,obstruction
1449.6728524502428,0.014455470392405478,1.0936653791206157,9.44984897400198,obstruction
1454.6511160314758,1.327020078826684,2.228732256761642,10.796432971726794,obstruction
1459.6782624575496,0.9444422987817438,0.6603510540645591,10.240188195492102,obstruction
1464.707176897347,1.3952760909851385,-0.23863287351215712,10.879661192667651,obstruction
1469.704555989445,-0.21785961444348362,-0.5828082137208093,8.81100224282321,obstruction
1474.7080016472496,-1.176631265694409,-1.1899909356190694,8.241042128836254,obstruction
1479.633211817903,-1.2792275922414926,-1.3137549152662014,8.93152858516413,obstruction
1484.6107096954831,0.08738440864530489,0.6137853424466548,10.811960710898388,obstruction
1489.657270553824,0.57863666065178,1.666550483806776,11.818299377430632,obstruction
1494.6366560277306,0.871923136765804,1.735885496278931,9.771919110070064,obstruction
1499.6195571906019,-0.18861887192293528,-0.12031691906617789,9.960694658364325,obstruction
1504.659491620814,-0.415857584609304,0.4477218546597381,8.622090790622416,obstruction
1509.6470761644748,-1.243492577764932,0.14956548184579832,9.08947466757331,obstruction
1514.6433062139215,-1.1389318174346017,-0.8225854836853264,9.531288513042432,obstruction
1519.6183866738586,1.2963025653812768,1.375914050708757,10.795563608729372,obstruction
1524.5759498246487,1.2239650853139927,0.9524925209493132,11.569084381727905,obstruction
1529.5472247587961,0.5761109936224978,-1.1348518879508402,10.333395986064565,obstruction
1534.5835160921104,-1.1112706661979863,0.1692680624046914,8.062900362555027,obstruction
1539.6275940393416,-1.0767130396373878,-1.4358532690734616,8.233159711122466,obstruction
1544.755009667294,0.018421384704666477,-0.4303679265254444,8.265100435782585,obstruction
1549.7761448210194,-0.6133355036371955,-0.2691005340551472,9.898840238737723,obstruction
1554.8050254952743,-0.3617127277724135,0.3155118168679285,11.502848792169278,obstruction
1559.8054955177536,1.8248580768639382,1.0887535538488118,10.90532449455334,obstruction
1564.7493511224761,0.871114512937678,0.5769479546502607,10.269297360367,obstruction
1569.717340788849,-0.8436368958237492,-0.9098002257006044,9.332769412822856,obstruction
1574.7110305964095,-1.3352667246952759,-1.5730911990752943,8.838680855092106,obstruction
1579.7561590423345,-1.43873797714588,-1.059264024318926,8.908844711819468,obstruction
1584.7583283011386,-0.2485910162560908,0.5744013841872238,9.816141043742382,obstruction
1589.7456280845845,1.296170556164947,0.2571137596593378,11.657461516146608,obstruction
1594.743018268024,1.0230674476191772,1.2927077814319903,10.540198148898437,obstruction
1599.7361704097584,-0.418441491248974,-0.5449970185605996,9.305225580396485,obstruction
1604.7183697799812,-1.5767657096666963,-1.4325171984913172,8.677341840942884,obstruction
1609.7005171484184,-1.9863317705187404,-2.029644772922673,8.84880775613022,obstruction
1614.6227153265045,-1.29372288884244,-0.4956666129851651,9.758251491130112,obstruction
1619.5108835970623,-0.21644413109240213,0.5749756648106487,10.222345355439836,obstruction
1624.4024492025073,1.5420213556648286,1.0059356431981383,10.888296012982194,obstruction
1629.383556167512,1.078620647143795,0.1603850727427233,10.307764428345319,obstruction
1634.3534816682354,-0.16375418043690504,-0.3281780098065725,10.10649927720087,obstruction
1639.4394853582253,-1.0881769207475234,-1.5452782207172333,8.836159285170874,obstruction
1644.4265627648074,-1.0681129021383888,-1.5346093887053496,7.345150311525568,obstruction
1649.3596922739646,-1.2118715915832428,-0.3090607322463183,9.303289346049283,obstruction
1654.422763215606,1.136016607244624,0.7943529137065775,10.438373878629088,obstruction
1659.3042677673734,1.1188462438319184,0.5506121957580877,11.49967841492319,obstruction
1664.326389293647,0.049028887955408385,0.814878342747286,10.875089575588145,obstruction
1669.266363945352,0.0608964055209176,-1.232402061104382,9.524896215220927,obstruction
1674.2547028734905,-0.8060442154329512,-1.3697603625146424,8.13589594900377,obstruction
1679.214382090025,-1.7404904591743775,-0.5713184817014914,9.270818614095957,obstruction
1684.2042135487736,-0.4266928433848206,0.1337679655694032,9.84126693234454,obstruction
1689.1214742552263,1.446764293457459,0.9516657282170107,11.625204823607973,obstruction
1694.0164594223152,0.7942131760301321,0.8763034838126789,11.528402458042063,obstruction
1699.0322200605822,0.15896340768108363,0.02297707775976765,10.063784206293462,obstruction
1704.0609278435772,-0.24341867134176187,0.8102215580419134,9.401716598746566,obstruction
1709.0539824912341,-0.30348253607817044,-1.207666343323239,8.524611284439345,obstruction
1714.004185457165,-1.1197799227341712,-0.5890960603924849,8.107721403281387,obstruction
1718.9867659979427,0.6749386985265422,0.43375707185194406,9.275527132015148,obstruction
1724.0777475434431,1.346577629816112,1.7475292859175946,11.433714638738314,obstruction
1729.0330941380535,1.169743793014891,1.7983386047257004,11.186264096630996,obstruction
1734.0479891182335,0.4576540683934785,0.7442789614514809,9.907707889912698,obstruction
1739.0412584999776,-1.6885588793690063,-0.5609285877603678,9.269219165669698,obstruction
1744.0777707593004,-1.148554306607603,-0.7369551298106805,9.316210511891082,obstruction
1749.0487079296772,-1.1084006257478214,-0.46896359271477894,8.03227753553648,obstruction
1754.1245949265078,-0.07972247591561488,0.8257789904350398,10.347327849209366,obstruction
1759.1292325786244,1.3680132029832845,1.0196151530962618,10.436357678783304,obstruction
1764.1065242015425,2.014016978323428,1.3155981097109244,10.748128806017782,obstruction
1769.1109222143025,-0.8117009750257694,0.5288578412263076,9.691172084954504,obstruction
1774.0233767444413,-1.1392375015812466,-0.5115650608468255,8.463178390420895,obstruction
1779.0584223295568,-1.997447576330507,0.0870541959397555,8.259994545287125,obstruction
1784.0596541278103,0.09685313672036033,-0.4092269894944842,9.130752112146986,obstruction
1788.9650233932823,0.7259473876160754,0.1431666612008186,9.600376573887365,obstruction
1794.0271161481828,0.593386984074339,1.3078617202114209,12.115355804350846,obstruction
1798.9362000448416,0.9557028161012942,0.5556040407575777,11.42640022295885,obstruction
1803.9330447086613,0.08308682337411662,-0.24756075702354258,9.647562213872023,obstruction
1808.8848318633588,0.616811470023741,-1.5195761770222118,8.110804545246499,obstruction
1813.8540185758302,-1.7623161364177626,-1.4236296630802607,8.897419793145154,obstruction
1818.8577798963242,-0.7467651666221403,1.0861034608276305,9.35476427898612,obstruction
1823.799524783652,2.1947277741622737,0.4282001494646371,9.28901021105025,obstruction
1828.8411798947345,1.0773186831729686,1.2603466017836757,11.128850455335504,obstruction
1833.875649884074,0.09273167635337987,0.9341261246975909,10.377426651891932,obstruction
1838.8603077156358,-1.1048120793372207,0.12360997637787025,9.218688020191497,obstruction
1843.8542849016083,-0.7064150919300147,-1.142632052012212,7.600311369779416,obstruction
1848.8540102646275,-1.6341093863144827,0.04648125247929369,8.335629439506176,obstruction
1853.8196079912427,0.8280606470590648,0.16229297941831528,9.288217548180077,obstruction
1858.8761991118113,1.4281422325499975,1.534040190771531,10.617713676155624,obstruction
1863.8575029834485,1.5200857157774539,1.5499675733825997,10.135361300818069,obstruction
1868.857983446391,0.35379034196431136,0.1501385528603825,9.795501407368986,obstruction
1873.8595012230971,-0.8574017688239244,-1.4637024329912838,8.900182109261811,obstruction
1878.8094347060776,-2.141342235658077,-0.837866787620926,9.437194295270938,obstruction
1883.8183836607077,0.2766910130394149,-0.08243583064713644,8.45398269448496,obstruction
1888.8317971368854,0.40267663363663,0.49079283437286225,10.018339578321289,obstruction
1893.871276555025,1.8159653754147875,1.2231892202393901,11.958127787952845,obstruction
1898.8573008052626,2.0671598562829896,0.6814139187466963,11.71635188343693,obstruction
1903.8808870913128,1.2408272787155827,0.1477453037499803,10.197493679264602,obstruction
1908.8545851175693,-1.1901288411443889,-1.067222526078267,8.237464973006507,obstruction
1913.8420058570225,-0.7109072870125321,-2.0257861053812647,7.695073789854733,obstruction
1918.8616072757156,-0.26876227915378575,-0.0011385667097212893,9.266482946159247,obstruction
1923.9128248937018,0.47879456252583763,-0.5318931101980926,10.954878160666878,obstruction
1928.9845070077938,1.7662765856181228,0.31974536063265646,10.911339582787821,obstruction
1934.0504838913555,1.572851227994196,0.6807105587530673,11.291555066382461,obstruction
1939.1140548367782,-0.39201486181274525,-1.3507220040839591,9.706642211623205,obstruction
1944.0647433723582,-1.0223317110251282,-1.7558278489497796,8.053244284566524,obstruction
1949.0732474291287,-0.18991332830161534,-1.4373296491794063,8.440354194775082,obstruction
1954.0752622104033,-0.05523105816872409,1.1837662547284546,10.984307596464374,obstruction
1959.1211600740357,1.1031014555407863,1.3626937702002098,10.321896694593786,obstruction
1964.1547150585186,0.7160484987584755,1.588208070901143,12.420745492455616,obstruction
1969.124382638644,1.2892351050361726,0.4499550147857106,10.574929415114772,obstruction
1974.0682787183323,0.03428842873077553,-0.8406237269066703,8.641238788246682,obstruction
1979.0384965851808,-1.8845832766338206,-0.37688251991130794,7.973815990850179,obstruction
1983.9583660953892,-1.1947477140689458,0.06259238969352354,9.738838295599155,obstruction
1989.0306134337268,-0.26382643786008125,-0.28625685092333625,11.088968768196542,obstruction
1994.0557802358592,0.6925059787583057,1.5218579957178175,11.2429856613966,obstruction
1999.053446903579,0.6169001089110538,0.5662815778488246,10.923905643492253,obstruction
2003.977694707209,0.3184661314243983,-0.3902875973049586,9.76118074337716,obstruction
2008.9853511786284,-1.2324378151973439,-1.21665660276782,7.059764696011397,obstruction
2013.9090081071297,-2.4112263023565204,-1.111980279332523,8.267793851628879,obstruction
2018.95340486252,-0.7594748214662217,0.35466126237258633,9.219174939026393,obstruction
2023.9220166549217,0.5610848467958226,0.2903803742381513,10.593535505268457,obstruction
2028.895577472576,2.2942655580179068,0.9431622856719287,10.630214593085432,obstruction
2033.8648683180054,1.2797023091130617,0.938602838403586,11.095883141672875,obstruction
2038.8869902315844,0.03878333494423791,-0.19188359838355018,9.515832289813192,obstruction
2043.9292804030238,-2.993344720994392,-0.8084210793963805,7.84837870331216,obstruction
2048.9422017090415,-0.7838621194144673,-1.276400190828977,8.736038598062974,obstruction
2053.877010951368,-0.6104451433438708,-0.5966132826830314,9.572094269381736,obstruction
2058.875882837271,0.8113246856015346,1.1405368252886159,10.018176530917618,obstruction
2063.914884163326,0.4287743189982346,0.9924799528853493,11.050118251641301,obstruction
2068.9199921041472,0.062258537929138935,0.9145886940363237,11.492574364119108,obstruction
2073.9360470086954,0.1699993477323759,-1.4508373291821242,9.30877710308138,obstruction
2078.9531002926,-1.5492183015410277,-1.2358297792665485,8.365652994428993,obstruction
2084.037843744821,-1.8031391209838774,-0.1444794174359113,8.889642402141583,obstruction
2089.013198342895,0.3233519821039137,0.5907855037361243,9.786402465250845,obstruction
2093.990401340539,1.436068233615321,1.431955625921542,11.198700920272868,obstruction
2098.838037327654,0.31312288568872126,1.705594008146158,12.038195845917851,obstruction
2103.838280122205,0.5179112780389646,-0.22400262841293878,10.621144660430181,obstruction
2108.8214794110395,-0.969244807223421,-1.6775739727151306,8.977884618665458,obstruction
2113.7901671559653,-1.8956658082461528,-2.459037550237049,8.39184120471008,obstruction
2118.8116844340075,-0.7964671487818517,0.5774923790275969,8.345005604789627,obstruction
2123.8622075612675,0.22180853414381796,1.1787274155458118,10.090114295759516,obstruction
2128.7838997112653,1.6435943786682121,1.2009250743195905,11.275554183313243,obstruction
2133.836307558815,0.8027837312589772,1.7055121158917224,12.094894753799082,obstruction
2138.8499557495024,0.19247862867625626,-0.14365380107248557,9.880284706467606,obstruction
2143.771538448024,-0.4610095705936753,-0.27671719367942005,8.84850006008315,obstruction
2148.7303624330516,-1.3202053942309164,-0.883370773680541,8.743968496879326,obstruction
2153.6820697155295,1.3403557218732396,0.03703517492512609,10.75111622520209,obstruction
2158.657669592633,-0.16674726216497016,0.4938949967987256,10.349782272755153,obstruction
2163.621056715289,0.5574267866442685,1.6985706497486026,10.816085359512048,obstruction
2168.5558373644776,0.5168196716837791,0.5937025345268194,9.934330477494116,obstruction
2173.508024541423,0.2800352794434873,-0.7559845588953742,9.794687795241801,obstruction
2178.493929347842,-1.618663137653981,-2.0899164631364897,8.559274530878572,obstruction
2183.410628140741,-1.2357852400260003,-1.763967187560023,8.121629783463671,obstruction
2188.3876165002403,0.4745318790911097,-0.4788471029274396,10.249162087600906,obstruction
2193.3983792544404,1.6648319865171652,0.8537331072183777,10.900476667964893,obstruction
2198.4828137148247,0.4127316064071106,1.3331252355615006,10.959443455360956,obstruction
2203.4751473219853,0.9788715607715159,0.7117473951653025,10.76203105402589,obstruction
2208.580249622858,-0.822669411155716,-1.3816295944184966,9.397613012131085,obstruction
2213.5711473094966,-1.8056709001404436,-0.8437997350098214,9.423800153306292,obstruction
2218.6361704714777,-1.2321662673056184,-0.656960959733895,9.068571669116583,obstruction
2223.569990665067,1.4046936017322995,0.11228832162991287,11.751605438780041,obstruction
2228.6625435087376,1.859696087832853,1.4012555357615764,11.555983918978018,obstruction
2233.6491718801453,0.34492648330040576,0.8270627930951675,11.028717338034957,obstruction
2238.5775092164604,0.2648626786890365,-0.9261166172550939,9.842652768211142,obstruction
2243.546038256726,0.25086634790004836,-1.7840034526672006,8.838849458182874,obstruction
2248.56333202172,-1.3608555596035241,-1.987348257222511,8.375224655836877,obstruction
2253.653830446321,-0.47684060329360267,-0.4786140154326677,9.107584099517139,obstruction
2258.626498170265,1.271279352708801,0.3644278256006691,9.897598709202038,obstruction
2263.610857837353,0.7869730349152257,2.1498734435050757,11.394501562766404,obstruction
2268.522020108714,0.36488809455327736,0.9254495218782581,10.819137212402323,obstruction
2273.535480842749,-1.8753314796359692,-0.3035995150531161,9.61364813914422,obstruction
2278.5055755723524,-0.7036084544114793,-1.2508080878323669,8.801347587326731,obstruction
2283.571222895554,-1.4658909598705518,-1.2297724204024332,8.455896267713356,obstruction
2288.635018573717,-0.23170010972181004,0.2553322646213093,10.17594466084501,obstruction
2293.6166164211836,0.504219626314556,1.4089286387896667,10.680139085936055,obstruction
2298.641997356205,0.840736608063298,1.3306214729178978,11.57190972721687,obstruction
2303.754234219015,0.6887625192083882,2.2152352098404116,10.889559927694227,obstruction
2308.6492517643833,-0.3868215231336172,-0.27717887560958515,7.766924116550975,obstruction
2313.6369340582714,-1.222613595617389,-1.1325705063332347,8.340348424693744,obstruction
2318.7412813250457,-0.7958345318065609,-0.1533859877485474,9.17648771646188,obstruction
2323.72510422333,0.35698184772402175,0.5915499134293815,10.078673784307409,obstruction
2328.786954507885,1.0369861884608111,1.9401287564839849,10.546024562740293,obstruction
2333.7471260574625,1.3106063948574422,2.0110517516149025,10.730485745715397,obstruction
2338.693828249906,0.3176522551823242,0.3782298097286915,10.095690514191666,obstruction
2343.6167852697417,-0.9387092607895773,-0.4527523573386583,9.01027705479701,obstruction
2348.6326082015207,-1.5727965235809618,-1.0044052451614722,7.905325519028552,obstruction
2353.6837236652013,-0.010420878648032983,-1.1574967354237915,9.71337163669598,obstruction
2358.696672023861,0.15957694960772184,-0.0016456939418308947,9.959457357896463,obstruction
2363.7740907043826,1.4476594020125662,1.8037713007471705,11.111789397268394,obstruction
2368.8600282890116,0.5875374278910281,1.5676849141243725,11.2775374862031,obstruction
2373.786238931072,-0.12229532800366044,-0.0183494888847599,9.163566160636105,obstruction
2378.7387464592593,-0.5547516044423437,-0.9768983848322141,9.024997665856315,obstruction
2383.7705261667743,-0.6177263440229646,-1.3892245753508696,8.237000525503657,obstruction
2388.7469122504153,0.060112997721041256,0.5022924535436174,9.736768089049821,obstruction
2393.8045509298463,1.6112466879114127,1.240266903183442,11.740257765968456,obstruction
2398.7935767011886,0.8682160299506763,0.7403773964710065,10.458963995457264,obstruction
2403.8583530637366,0.5812780706968772,-0.8479669115996863,10.693610696039627,obstruction
2408.821273544345,-0.4855826661381861,-1.2739810069752369,9.575322120740093,obstruction
2413.755318254047,-1.17986763727366,-0.8667442638354732,7.451621036752124,obstruction
2418.8108553525367,-1.3169235547114329,0.15099143275522953,9.054570967096593,obstruction
2423.8068825973746,2.1314891473967945,0.8569904838147098,10.643526530501422,obstruction
2428.8619294180644,1.6595602399519316,1.8259716995419257,11.447912132879381,obstruction
2433.8556291705786,0.6618585835624788,0.9139526273403574,9.835672551258126,obstruction
2438.8640536567905,0.020411018254049784,-0.8469091217056495,9.453147176300517,obstruction
2443.8837661309567,-0.7994558903687599,-1.0334588595772591,6.903564044574395,obstruction
2448.920169131938,-0.841844637304554,-1.1312012496536263,8.311072809995446,obstruction
2453.980030225143,-0.6925337156507645,-0.7194443846082783,9.297483629011612,obstruction
2459.038621312826,0.7282291468074048,0.20085316554262211,10.67294684421008,obstruction
2464.058392597509,1.2878106177587596,1.701608194410082,11.513911356357042,obstruction
2468.9751012696966,-0.07352116249997509,0.546723211154195,10.70092800184254,obstruction
2473.9194162158283,0.3105955156222729,0.38809756258928124,9.04453502445646,obstruction
2478.8588933266697,-1.0920558877736706,-1.926345428627845,8.288047727581791,obstruction
2483.821744561085,-1.1655443465023976,-1.4986226703847927,8.338139628459455,obstruction
2488.819577944271,-0.13430162675716434,-0.8668147391793962,9.527842647206917,obstruction
2493.789627729649,1.5830610256335405,1.0712822137732108,11.410765368328429,obstruction
2498.7776511398947,0.8803319715651947,1.0739042618509438,12.67301235871448,obstruction
2503.721923392033,0.012320242351234578,-0.1077700758663287,10.859173044325797,obstruction
2508.7530381630354,0.32004269873925806,-0.1902609081460293,8.977405639390982,obstruction
2513.815075724362,-1.7159087276214566,-1.3524763474706396,8.454996759513271,obstruction
2518.8517933244652,-0.7289973084568139,-1.2229504525369532,9.095705467420629,obstruction
2523.8465261851625,0.23525510308378328,0.9040302474432458,9.74516289661923,obstruction
2528.894052326133,0.5092261087167202,1.9082206256203684,11.978865972057031,obstruction
2533.9059072306823,0.24133198197605765,0.1041834059725395,12.015121804274948,obstruction
2538.8914907339104,-0.23012369998579685,-0.27571244300212,8.75641345716778,obstruction
2543.8054717385535,-1.570528303133424,-1.5593516432648196,8.318257483358027,obstruction
2548.781057389569,-0.9938044519523044,0.14586491447305705,8.63665545298665,obstruction
2553.8050824008587,-0.2498080374748754,-0.1636325683211905,9.266388178987718,obstruction
2558.9063184778065,1.0554985066040734,0.9572846354411869,10.20190436535787,obstruction
2563.9258068849936,1.4362209409760365,0.769904475311596,10.937255390823957,obstruction
2568.9826080260896,0.3294873110132011,1.00834092310801,10.12645066000131,obstruction
2573.9467225818776,-1.2784683877337737,1.2701240348355622,9.949244945341762,obstruction
2579.0237994306185,-0.5381367948482957,-1.6308567494819448,8.90203455236474,obstruction
2583.9546882970153,-1.1086181886734048,-0.38941621155562867,8.715114780041546,obstruction
2588.9926693432076,-0.28610621825912524,-0.35682323551569173,9.50374739914736,obstruction
2594.0976754920252,0.9717319318120246,1.1818456220825613,10.576674141009931,obstruction
2599.0928200789303,1.0774848789594549,1.9052956266063756,10.56693569203285,obstruction
2604.1756171662355,1.1384096706704734,1.3566657470446226,10.798116235031006,obstruction
2609.174631672053,3.0323688463912886,4.0880983856741615,14.294397864060839,obstruction
2614.259709890323,-1.9685617300195999,-2.032118367564521,8.962052288484855,obstruction
2619.2371821434945,-1.1869282358258304,-0.7479697979675137,8.898620596799546,obstruction
2624.215497215704,0.38075858556304165,-0.3595635956561005,10.05710983085635,obstruction
2629.169878484296,0.3641794096000912,0.8002813640672748,11.389179325045099,obstruction
2634.2903492235996,1.252113293197976,0.9803697478155405,10.015762669481042,obstruction
2639.282751664474,0.11552900480596899,-0.4376506616862591,8.96877259742108,obstruction
2644.284216057488,-2.179590109291893,-1.0061750665730673,8.608788968126575,obstruction
2649.355780543063,-0.2698936879062701,-1.905939122010739,8.743986269462333,obstruction
2654.3912893245642,-0.24359356164907153,-1.098820493796382,9.653389033806853,obstruction
2659.4188749897007,0.9880204533405117,0.6108809506109264,10.179099352617857,obstruction
2664.4196130643368,1.2400084877986037,0.4925626176250597,12.073692803165393,obstruction
2669.4297082107228,1.078832065534577,0.02116504698313193,11.15096929332196,obstruction
2674.40347352149,0.5444548265179074,0.0015251238560420322,9.45817296149477,obstruction
2679.394732044605,-0.5952985877403492,-0.9656336077468268,8.365959012933837,obstruction
2684.287875373168,-0.7029212835556031,-0.8125020387109764,8.638083307544546,obstruction
2689.3159173144227,-0.2799042883748185,-0.27017716756633026,9.2890608432318,obstruction
2694.2841031681473,1.2657781293621835,0.44427071296400394,10.706145908350946,obstruction
2699.315910522236,1.4666588716596858,0.6490043387888643,10.847668408432568,obstruction
2704.368687756386,0.6832400958365853,-0.18409940711826245,11.05695642120988,obstruction
2709.3420582523786,-0.5051130293648466,-1.0860170022484916,9.838550605965901,obstruction
2714.2798166059147,-1.169080502553718,-1.8958173871337685,8.586902014693615,obstruction
2719.251183265964,-1.7216845603813553,-0.7117225588303757,8.457038239550352,obstruction
2724.2355062923452,0.16418037084073764,0.028302573521348046,10.950590355846424,obstruction
2729.303548068678,0.2521591880129095,1.4313967496249607,10.885254746051812,obstruction
2734.207794933088,0.8062361516563363,1.309121024475922,11.465286950542989,obstruction
2739.2453550236787,0.9610479835089722,0.43546393058460686,10.912787536691518,obstruction
2744.3367824438833,-2.0546754977531654,-1.0017361026640246,7.5243587879192635,obstruction
2749.278256336812,-0.6611530292835537,-1.5673765562522144,8.598360119145296,obstruction
2754.3199098292603,0.33405708356692326,1.3214833917931272,9.529167825495433,obstruction
2759.360307187365,0.34790055299184214,0.8222135550309866,11.13566071542704,obstruction
2764.426453722578,0.2727822656944049,1.606004448247107,11.828374830628592,obstruction
2769.437165610606,0.8374233186068845,0.3389484385593099,10.072068952693849,obstruction
2774.3965033344643,0.7966379414525158,-1.7954755136948701,8.817468473975369,obstruction
2779.4237926390883,-1.6366250662868504,-1.774606193944972,7.936220832221957,obstruction
2784.409166480494,-0.6985904363625506,-0.23517391647530816,8.250954288392574,obstruction
2789.356451259148,0.3293788543069774,1.5358403377073744,10.209727936851836,obstruction
2794.389817460435,1.857373762338418,1.0684977334279897,12.193736708426885,obstruction
2799.416789088929,0.20129663233593809,0.37899301921765005,10.086771231154167,obstruction
2804.434440192504,0.7166999641648587,0.5246043428856016,9.498021211455532,obstruction
2809.5171979882925,-0.336592799269129,-1.193424315940239,9.092331406189885,obstruction
2814.5196578927753,-0.894119723204532,-1.0383110617527576,8.949712790908862,obstruction
2819.620400688561,0.9707678716338644,0.5163006427429736,9.167538014581703,obstruction
2824.6173370883434,1.0331035690608525,-0.3526117788174098,10.433481845424744,obstruction
2829.6359036450963,0.6934038900183779,1.4173524600523288,11.262878158646949,obstruction
2834.6553673964895,1.2384316587242743,1.4731371965074613,11.141106665618228,obstruction
2839.779341890065,-1.133387577409522,-1.7175296451923223,9.207736166869845,obstruction
2844.868903304194,-1.0585597601023826,-1.588894396496521,8.245015619315682,obstruction
2849.771519440978,-1.1399254785440398,-1.6454232677165188,7.969949738655318,obstruction
2854.8124345043398,0.38151959540509506,-0.34227388083358284,9.93118369271209,obstruction
2859.787761473317,0.1369644833751369,0.28442380483970797,10.912336817843553,obstruction
2864.751555086837,1.33804267337997,1.7537857322947088,11.5783742571819,obstruction
2869.719684359886,1.344606849235236,-0.37381520433088755,10.931834985744567,obstruction
2874.758780837046,0.06556998130302416,-0.41543065220458214,8.371553795093469,obstruction
2879.6942043864356,-1.8367421253607268,-1.793327195370742,9.034981879704059,obstruction
2884.709250316023,-1.3016166816974994,-1.1808612730765926,8.78566671843126,obstruction
2889.597081089544,0.8253937217015742,0.9134955510494884,10.018504637010919,obstruction
2894.606903647646,1.1436691159056562,0.2732806735685245,11.668390524009205,obstruction
2899.7082904844447,0.9087216561856811,1.6990231651510297,11.418637540758041,obstruction
2904.6565010847976,0.6196215244738188,-0.3774139880847497,9.175465983980693,obstruction
2909.7179831886665,-1.4337982217649183,-1.102156898783283,8.192926073843333,obstruction
2914.698765163626,-1.2997892654025074,-1.5023199501090196,8.660276725611848,obstruction
2919.712907649712,0.35184700054984946,0.1633051147407678,9.700390264126916,obstruction
2924.69738322663,1.7086134479354325,1.1254153664099003,12.075094112990815,obstruction
2929.6988780747556,1.1019364302984884,1.4781415822388069,11.103063389769849,obstruction
2934.6852010514267,-0.4446733408771034,-0.6553238921486354,9.823372307014782,obstruction
2939.722022923562,-0.5094820623729812,-1.0167536655303093,9.047218972947892,obstruction
2944.727726165448,-1.225209288409894,-0.6222477703660335,7.8748512843381455,obstruction
2949.7643866538583,0.2277458510046555,-0.4640437885549713,9.164409886445428,obstruction
2954.7641573475685,0.9824498093900008,0.3373372285343631,11.079217871686572,obstruction
2959.7663901395163,1.6361848114655966,1.7675320177992073,11.509087097645473,obstruction
2964.749330440883,1.8438939795115146,1.7879267850869303,10.317131909922377,obstruction
2969.764477111032,0.3154306227424828,0.8637017567776453,9.714229870597732,obstruction
2974.6939045394324,-1.1513013568205008,0.14425468178063694,8.204469065163076,obstruction
2979.6339966942087,-1.4084679448891562,-0.2312963921299257,8.78774318805045,obstruction
2984.5577758262357,-0.8211444785316787,0.24818095460445833,9.11418221513966,obstruction
2989.5904546403067,0.34867057926674144,0.5739191374343322,11.238046853372394,obstruction
2994.5722778882455,1.2100222511967136,-0.05981282992574344,11.243271509957438,obstruction
2999.585472091094,0.005959591592766378,0.5528857059285281,11.506250993183961,obstruction
3004.579423487381,-0.5575087194433084,-0.24083193192045177,9.086110718488767,obstruction
3009.5425257510547,-0.39356301556913076,-0.8480560791788443,8.435838587822241,obstruction
3014.488686556169,-0.7658269990733784,-1.4303957087321857,8.150133345308248,obstruction
3019.45061401716,-4.426519987279637,-4.9296318685105325,4.916299228703675,obstruction
3024.412921137697,1.432970399632422,1.1255885018761056,11.560203707206533,obstruction
3029.4199595874,0.503571245223407,1.6992848791275716,11.262648026595098,obstruction
3034.3760062124684,0.1310606758427407,0.6990610236749009,10.140099110671926,obstruction
3039.412394996123,0.18100159582931885,-0.6925210905012982,9.223599255949015,obstruction
3044.4784959063377,-1.7248030835658816,-2.040191581516109,7.922305021717232,obstruction
3049.5067981592606,-0.37535660929660875,-1.0202541655783073,8.544539706710161,obstruction
3054.527056928086,-3.9273705655121858,-4.22612655842171,6.4254268096133185,obstruction
3059.6048281761928,0.9365115598123992,1.1156799093315117,10.80252536184572,obstruction
3064.493087020413,1.066349931825625,1.761806787983315,9.53213110648524,obstruction
3069.554556415684,-0.21883253283366275,-0.5095534534732531,9.990872532702992,obstruction
3074.5271872925205,-2.2110444703817578,-0.6522046957033185,8.679722553966226,obstruction
3079.5414705287235,-0.8595150450969267,-1.378541273375113,8.695206664471794,obstruction
3084.4904558180124,0.18671962722355961,0.26897712945504393,9.89635673185385,obstruction
3089.5317624892,1.0415051455502389,-0.33368573456573236,11.484062445824595,obstruction
3094.5540537308407,2.0194604051494234,1.6031469477559113,11.688178211282676,obstruction
3099.6114236495637,-0.006015261743708145,1.2647013466654888,10.636625776412693,obstruction
3104.6823568328714,-2.030625731348678,-0.8173251954783329,9.788659500927526,obstruction
3109.7386329118685,-1.9554478560760176,-1.027093580414459,9.333477217609529,obstruction
3114.742505797396,-1.2293877555486623,-1.1072205384974667,8.957962078968237,obstruction
3119.75243830096,1.210758497755325,-0.2173208592311732,9.552851658022844,obstruction
3124.7670247606475,2.472059024115418,1.3084310645381176,12.342921497459473,obstruction
3129.8171193359412,0.7041852886549904,0.3013166255394395,11.274542652856443,obstruction
3134.808133094198,1.8571644174069921,0.435788817627081,9.843473939650275,obstruction
3139.888856149176,-0.3154698759844263,-0.8358637289114997,8.566903532819198,obstruction
3144.9657386941635,-1.7718655723225711,-1.0272531106587643,8.175823566371895,obstruction
3149.8162057577856,-1.6070757517026044,-0.4623989498369964,7.77153390730477,obstruction
3154.8287999706017,0.21738913808100213,0.4244846705422183,9.732752558696577,obstruction
3159.833796506288,0.17418207546890585,1.5400318298051356,10.929982280531696,obstruction
3164.817299748629,1.324353950376592,1.0435756672194887,10.743720871940354,obstruction
3169.901018544572,-0.010904450718121808,-1.1146714661186552,9.444483913330822,obstruction
3174.864938755359,-0.3814755551647637,-1.3747716269655306,9.058972491329468,obstruction
3179.825095392179,-1.345399556449637,-1.183739708991601,7.18413883017306,obstruction
3184.8105474835043,-0.5183464919691775,-0.5730350935288434,8.57433603715435,obstruction
3189.8901713944765,0.23777781967652104,0.45386896377420893,10.465728390282269,obstruction
3194.830594014003,1.5992153776848281,1.0972100709451493,10.401845122305962,obstruction
3199.9291155955552,0.42570415990735827,1.5037797688891625,10.762915047128866,obstruction
3204.994913425576,0.24888132916657682,0.4732428663539071,9.313955910975217,obstruction
3209.930594270898,-0.7386217510132329,-1.3999793300987404,8.221891463024898,obstruction
3214.9853429436025,-1.1778911950636897,-0.36157265069095335,8.706687311178873,obstruction
3219.9416198018903,-0.25022380001461914,-0.5540370026218621,9.069765128243619,obstruction
3224.973079569053,1.3414686973329437,-0.0622366608313194,10.678740760484256,obstruction
3230.021763602788,0.6618305022872016,1.3491387640224572,11.221834189285802,obstruction
3235.0489900936586,1.0935167808967436,0.7832218120067009,11.328589171718196,obstruction
3239.9668386383464,-0.8353147088629425,-0.6526283510465164,9.59490083647152,obstruction
3245.0701021112473,-1.4865888814064592,-1.413270767978933,8.226927059155726,obstruction
3250.051535907799,-1.3988242105898576,-0.6620629470509669,9.20484427512936,obstruction
3255.005944529292,-0.2408706132339075,-0.5539332622539671,9.13033291869645,obstruction
3260.0239041961227,1.1447162365710484,1.3926371771566286,10.94799763762138,obstruction
3264.986762987141,0.7834812171006569,2.204417118784244,11.688729631392402,obstruction
3269.8969102229553,0.5062001650880765,-0.1899430328921557,10.387510084968138,obstruction
3274.951743535605,-0.8685284572193857,-0.5190435429582435,9.105615758518997,obstruction
3279.9265262519807,-1.5561416246810214,-1.473958607279417,8.644947776245772,obstruction
3284.9771371003585,-0.36017450664455114,-0.9492077181290993,9.371339934786334,obstruction
3289.9434658905075,1.6447979106969342,0.5018647381100687,10.748934049303424,obstruction
3294.9686811995975,1.1256373661660448,1.7101040318375702,11.565939658900048,obstruction
3300.0266710655524,0.693371618947696,0.6255191233054509,10.59420023393913,obstruction
3304.95548761492,0.37811865238547976,-0.21972564927169252,10.70563693868731,obstruction
3309.965061579249,-0.0012595146312746053,-1.3177430687475584,9.087191749000255,obstruction
3314.9216233226357,-1.7344821623024402,-1.0393400392538785,8.882657491053315,obstruction
3319.8237113811683,-1.3124550612146675,-0.11477708919231577,9.642644990547932,obstruction
3324.9833486920247,0.7989733800784808,0.8628902987524136,10.756176308381274,obstruction
3329.930071882807,0.8262488201335569,0.9139919615659031,11.7669399173095,obstruction
3334.847966815887,0.3236576102553945,1.1068480778099175,10.949142544526545,obstruction
3339.8876164778194,-0.2995131880081442,0.5276838788565016,9.864137570827461,obstruction
3344.8831171773704,-2.402048674566453,-1.639247546789071,8.707218230186898,obstruction
3349.8378501192874,-0.7610455260234301,-1.5644539454939752,8.823887768878613,obstruction
3354.8304571516232,-0.009785585612035796,0.7322253017285358,9.954926926986982,obstruction
3359.869670190846,0.302774120165904,0.29966323668792505,11.60968027380068,obstruction
3364.876681693166,1.2137007504660802,-0.15994453966044953,11.940607774906187,obstruction
3369.888416130078,0.01098826219815241,0.9086301069438387,10.825305152470218,obstruction
3374.8330735667673,0.3734074281214616,-0.4991567115183756,8.63406201755176,obstruction
3379.8021761822924,-0.8577417357518573,-1.1945011345365208,8.885633022671401,obstruction
3384.735981365291,-0.5385143090396027,-0.9478927274797667,8.58819648571947,obstruction
3389.653306471585,-0.651529407888972,0.6360683408267034,9.992809190610558,obstruction
3394.6351521023407,-0.10038700246596455,0.5404814829283315,10.532531851697243,obstruction
3399.651364577071,1.1676467060514002,1.8876360508671413,10.549465570699892,obstruction
3404.670077313414,0.9174383233901551,0.6812261665449114,10.26599471180099,obstruction
3409.6352139001733,-0.197660989060513,0.15509078461550374,10.145668350160284,obstruction
3414.5468021889474,-1.2769593272458355,-0.2640307777469423,7.804728108470126,obstruction
3419.6432159203596,-1.7169604248794568,-1.7376066266864603,8.810775982900466,obstruction
3424.6505023830673,0.6503723508079378,0.5180180406766524,11.324453100159937,obstruction
3429.626151356753,1.9224207988798896,-0.21837575175478685,11.031706650652525,obstruction
3434.653704915699,0.8050457488147593,0.9309805301057459,11.123658340601736,obstruction
3439.672881123847,0.8547845556910246,-0.528155688563835,10.28612146163608,obstruction
3444.70756273086,-1.133688200994497,-1.6045797048110018,9.464080128466808,obstruction
3449.665486130284,-0.41474655011049866,-0.8497358607832328,8.079751773654994,obstruction
3454.6999081025992,-0.07914681716366662,0.3035274930847668,10.270076960712208,obstruction
3459.7123130566783,0.9653305024924085,0.6115611799221392,11.0223840919204,obstruction
3464.693786874656,0.8968336011153435,1.2822509210890571,11.323661277457871,obstruction
3469.6537006421504,0.18404736388926346,0.28087150178069537,11.27146798055349,obstruction
3474.6833498554934,0.00630033313597661,-1.5826917498422124,9.61978265667111,obstruction
3479.6764815033534,-0.31134182809807487,-1.5432387416040145,8.319659981917923,obstruction
3484.680263282816,-0.667988716706604,-0.9292708542305884,8.079144969171605,obstruction
3489.7864459822795,-3.449210616560746,-4.513305688682782,6.394922603818587,obstruction
3494.7818088941376,0.3761621377706942,1.2813202930310799,10.060659531015991,obstruction
3499.8256897825145,1.4514112185553207,-0.2845022745067318,11.450950340388674,obstruction
3504.7454406938214,-0.5626106515464464,0.28772275654068075,10.424696211240056,obstruction
3509.739837836439,-0.7451942558276302,-0.044816285435047565,9.742185096229667,obstruction
3514.695315068612,-1.334269068579482,-1.4450608214560807,8.947813727332493,obstruction
3519.6455057699964,-1.0635899633063342,-0.2422811535390395,9.42057983421343,obstruction
3524.750966511987,-0.5273378428386462,1.0483893977314502,10.729981012365544,obstruction
3529.781975635572,0.6850103402587782,0.8525322777257485,12.035903058077587,obstruction
3534.799474356938,1.2060850917473094,0.4650094342673688,11.21973114117081,obstruction
3539.8358523715533,0.026642570513186137,-0.8130922616041119,9.003427964069763,obstruction
3544.8744914017225,-0.8915033733914131,-0.443046966237999,8.199559151807124,obstruction
3549.8212556876515,-0.6862383199985799,-1.1502826163876605,7.908395941919929,obstruction
3554.7996021992058,-1.143949774371539,-0.14156103141195125,8.75723980594828,obstruction
3559.790058321636,1.055117348444433,0.755360203522716,11.095898500151653,obstruction
3564.8707693983542,-0.6478492515161018,0.5432763972820173,10.500297108647224,obstruction
3569.8322230394333,0.05212149548807271,1.4702962521765441,10.150171685503738,obstruction
3574.816091126998,-1.1180096950148593,-0.7497502765572991,8.140534166427617,obstruction
3579.798198780115,-0.9065680611074225,-0.4157140421081533,8.738946084165105,obstruction
3584.813415621722,-0.9420564509648037,-1.19644229513986,9.01516516958591,obstruction
3589.778823016558,-0.05719538210516745,0.5434659560213841,10.581493779516483,obstruction
3594.7734392636553,0.6008625232308578,1.9576427817571762,10.810222883282528,obstruction
3599.7741296437916,0.7680065231440802,-1.1829016893389075,10.488849933965565,obstruction
3604.862633626317,-0.020757226431854292,0.1605916642714224,9.762103053771936,obstruction
3609.9142782686763,-0.4085216057176785,-0.9449230432607815,9.078373446091168,obstruction
3614.8914634794646,-1.0816618099352575,-1.246727848309297,7.502755430356046,obstruction
3619.981575153079,-0.9918683027625512,1.5552228223162297,10.202573789309131,obstruction
3624.9954268477322,0.8809935257662989,0.7579928484744102,11.054332176670101,obstruction
3630.0369890399015,1.2293435747938546,2.3225383594234144,12.405388421532907,obstruction
3634.9902546071353,0.3455608565308606,0.9771992796177453,10.07089858188453,obstruction
3639.968911025036,-1.627154972186889,0.1256346858752787,8.974487979695667,obstruction
3644.9740847531903,-0.8030280019967437,-0.3615809656669444,8.148332232783812,obstruction
3649.910882297141,-0.34112120854158234,-2.1468762992723196,8.698216022073698,obstruction
3654.964650667028,-0.5218267937257074,-0.33816883501276246,9.48184110703515,obstruction
3659.8748081570393,1.6535593735470777,0.9221598403024228,11.018310783502065,obstruction
3664.852337287026,0.9015930262890193,1.2993925447543477,11.826007656910862,obstruction
3669.9044159013683,-0.07800719749982243,0.9768748123200268,10.314083234209512,obstruction
3674.950980020647,-0.6681664776536381,-0.5523829540724161,8.826112221883456,obstruction
3680.039295995967,-1.3435796655383245,-1.6104195442863707,8.87211408985247,obstruction
3684.997307064561,-1.11639640326577,-1.144092279378007,9.020517975300319,obstruction
3690.046622326077,0.24960439774515628,1.4686269888049737,9.685192294825795,obstruction
3695.02445096206,0.9486817362376325,1.4234909619392981,11.841567858146528,obstruction
3700.0427476845107,0.49477636495759547,0.3210460082982334,10.971782172428384,obstruction
3705.014010157974,-0.07693710362959821,0.282647155721486,9.671886910272569,obstruction
3710.0570200974234,-0.7968717406547826,-1.4305253178648347,7.952039690915778,obstruction
3715.046373110094,-0.9077534694992841,-1.6900080453874042,8.154134348644805,obstruction
3720.071841799376,0.8169429768401884,0.8507093058024711,9.04647339715825,obstruction
3725.006224999506,1.5357121645999936,0.6292183343655966,10.885546968712198,obstruction
3730.0858884941877,0.9098808478363174,3.1674241611770473,11.104550043868624,obstruction
3735.0992347995884,0.2533941995950929,1.3369186685212342,10.228698315527893,obstruction
3740.1411686558336,0.3068875508737982,-0.7351390487093047,9.08301701794532,obstruction
3745.130541137478,-5.361722639960698,-4.714285950771132,3.996708664766335,obstruction
3750.1624797377003,-0.7581791330903057,-0.40019875342521105,8.20325809999586,obstruction
3755.251976023307,-0.53351617860185,-0.1365581481913874,9.868091208345204,obstruction
3760.299784853482,1.4091006961842785,0.16783864242693525,10.812232053539924,obstruction
3765.2111860488167,0.858096569822407,1.3097103788740245,11.290125933541878,obstruction
3770.1290768498725,0.6848798361428344,0.7933852370663251,10.451364173222219,obstruction
3775.124804433184,-0.5291520106550208,-0.3814086271264238,8.996565378884258,obstruction
3780.1002578209855,-1.8762560309791931,-2.6851438711433926,8.358479344070536,obstruction
3785.087822656451,-0.13584299436331126,-1.33504472600228,8.818198146402034,obstruction
3790.099089730332,-0.21143598182089007,0.9068664417716922,10.005419717842678,obstruction
3795.041450913868,1.717824653862805,0.5082967558579328,11.79892869626919,obstruction
3799.956480712305,1.4965229360302919,1.5150396919700995,10.51490743780125,obstruction
3804.9699277428886,-0.13088546332466577,1.4415964269902595,10.03453573836119,obstruction
3810.0054638500933,-0.6705923797358213,0.36818934290057537,8.999561822332725,obstruction
3815.0558357521686,-2.525399067689129,-1.4507318074572615,8.236524359589279,obstruction
3820.082643602211,-0.3386477610446393,-0.36613076329227434,9.084736759733271,obstruction
3825.2549498630583,0.8228842301207232,0.0429966319419236,10.460410401333464,obstruction
3830.200445047983,1.2874224929516993,1.4676815728361368,11.016350294652513,obstruction
3835.2134228269865,0.066202522391686,0.6784468490902297,10.67039972684654,obstruction
3840.266639195871,-0.17650458062082075,-0.909144261088107,10.091421913185602,obstruction
3845.322514602991,-1.9930847579385946,0.3610786197484894,7.798239776120942,obstruction
3850.3680727491374,-1.4226788552816396,-1.1987485668793332,8.765676033737055,obstruction
3855.332730393046,-0.5653589115555135,-1.0274377255946936,9.000099109369746,obstruction
3860.3908577464035,1.111363502133485,0.8482875193093184,10.959658564222417,obstruction
3865.3695351120455,0.7475965082041456,1.8803741976779957,11.198753619651953,obstruction
3870.3667949249375,0.5239903458161336,0.8792918477438664,10.277621011657232,obstruction
3875.417738772556,-0.7815576695223183,-1.1143951242540175,9.477311959317898,obstruction
3880.3886042175154,-2.3278323456255188,-1.7941565810207605,7.831825301886123,obstruction
3885.404753835461,-0.7202477541111005,-0.08562331872679152,9.095770315475251,obstruction
3890.442117393784,-0.3976966655640457,0.06990262513611253,9.92634953145863,obstruction
3895.3624821517865,1.367592244144253,1.1108173548769669,10.94949667324236,obstruction
3900.3475787132893,1.3185695610815698,0.48636267918829357,11.281192783218556,obstruction
3905.409797202086,0.812090494398506,0.7614336756031633,11.012023191048016,obstruction
3910.4754990410615,-1.6478380362168952,-1.0817360145936783,9.436568750270284,obstruction
3915.4867292990143,-0.662619509058114,-0.43769123112457076,8.898040141556434,obstruction
3920.4424896172463,-1.02885960659626,-0.07795431574289141,9.05339827689726,obstruction
3925.418436256901,1.1446117844280983,0.5037632308537331,10.87991832080905,obstruction
3930.3809611056486,0.2813628640993584,1.2180963266562572,12.284399260759757,obstruction
3935.288575443307,0.17427424875751463,1.148850687336335,10.27984711475493,obstruction
3940.210723154116,-0.8213869508054696,0.4833666812806853,9.28832056121296,obstruction
3945.2012690138786,-0.2877795994484702,-0.5250331659310331,8.402531505592014,obstruction
3950.187712632967,-0.1811028605196654,-0.6968874797426243,9.325320235663549,obstruction
3955.1918403378268,-0.389254888632372,-0.11856648721567134,8.860089707241908,obstruction
3960.260897461194,1.3711303037781977,0.6079072323056052,11.140627974486884,obstruction
3965.3055709750483,-0.30885013401375727,1.023555896886866,11.197813579873271,obstruction
3970.2423689303105,0.9317920170026397,0.6747477214950774,10.562143428459567,obstruction
3975.1857161657117,-0.24402044140753315,-0.4609986538337763,9.116620573190692,obstruction
3980.2282594849535,-0.6514920561644404,-0.8179892119957696,7.654125405651071,obstruction
3985.272470380624,-0.9013214093363919,-1.3678453495969112,8.224506395241955,obstruction
3990.3471088853785,0.9820955086231772,0.23791497295399688,9.673191480169486,obstruction
3995.329530595744,0.4410799662315985,0.7333346532488474,11.037172153780137,obstruction
4000.3352304481855,1.8153985952952496,0.9873942878759187,11.513593053651494,obstruction
4005.308134532841,0.9211662963843124,0.5778126880330775,10.560717984575792,obstruction
4010.2045166041044,-0.7323568346557002,-0.8613294387601284,8.771903199838507,obstruction
4015.1552037300694,0.36897316416138315,-0.2022485182259589,7.581538316534264,obstruction
4020.0851049365538,-0.6376472774977087,-1.724393894006552,9.627440014309768,obstruction
4024.997521638879,0.2269548982919794,0.20318786906291703,10.343963610878243,obstruction
4030.0012536186937,0.441136617004393,0.46267501024959146,11.620579002940582,obstruction
4034.981584327082,0.8427373062649206,0.8724893656276551,11.080595154445072,obstruction
4039.9653512935593,-1.21849813198001,0.11917621975910195,9.410437401745115,obstruction
4044.9473901821166,-0.6996373542308794,-0.6658147988344711,8.52460712902485,obstruction
4049.9697599609112,-2.109036379565933,-1.078305434000589,9.964712127787053,obstruction
4054.956677239038,-0.4083318753282902,-0.7224132015717377,9.87530181688595,obstruction
4060.0095164565355,0.8833711327983809,1.7412306300365383,11.389120766432027,obstruction
4065.0208771934554,0.2838211914150327,1.0670651300945129,11.082177290713048,obstruction
4069.9746071002673,0.6509030309764134,0.9297115187311253,10.239481503753101,obstruction
4074.9828429112,-0.5685386643606103,-0.3120265727052863,8.839595697315223,obstruction
4080.0636509475503,-0.8706259157320368,-1.1201833735637732,8.620405694181263,obstruction
4085.0813867162933,-0.5779849269915986,-1.4080018193574126,8.357396913830517,obstruction
4090.109201083707,0.27705335296133216,0.05277768998861507,10.414167288485311,obstruction
4095.1676206194943,1.4967033945877972,1.2764767738520566,10.673754179889123,obstruction
4100.12516550009,0.815471440841087,1.7133425404342404,10.922700014852381,obstruction
4105.148081991424,-0.13195642524359139,0.7924862102827728,9.856125906826161,obstruction
4110.106412984931,-0.7658950327640958,-0.4626160962050342,8.849702507195046,obstruction
4115.103622400957,-1.2394303698581763,-0.747138211618923,8.67870609086864,obstruction
4120.0803973837355,-0.5644148924318514,0.16735297473937044,10.192978629023255,obstruction
4125.140974087505,1.090551752982373,0.9049782501752774,11.163080677485365,obstruction
4130.182121202191,0.6875787223134053,1.1272103456225837,11.602410906180852,obstruction
4135.19991569585,0.5647784442676979,1.4387850574777268,10.993378328939803,obstruction
4140.265232422393,0.006919366585174447,0.8624739830324184,8.740372915188114,obstruction
4145.373440417313,-1.9469559033526225,-1.5297597067656539,8.209677322583463,obstruction
4150.357134847784,-1.6817879988207882,-1.3808513832009228,8.50857441419925,obstruction
4155.35164167497,0.5566104813951828,-0.36366783680044096,9.556146162383847,obstruction
4160.342963028087,1.7154006174351282,1.1980656046515374,11.014659950414266,obstruction
4165.35658955561,1.2635170256699086,0.7553102494058723,10.80616441325916,obstruction
4170.369740801846,0.7215314694118229,0.4905828455918028,10.12849530643302,obstruction
4175.283883436443,-1.4647445829143648,-0.2270122629390361,8.245883663448707,obstruction
4180.343327504044,-0.850859066629426,-1.0195265383861953,8.428809522829177,obstruction
4185.311468728221,-0.0022972635194857816,-0.5807605026960048,9.253356503298953,obstruction
4190.355460790959,5.47187540409958,4.460181403110514,14.12572901855276,obstruction
4195.352311131314,1.4246856547443674,1.2865627138879456,11.64852406004458,obstruction
4200.3603694347175,-0.1361835710128657,0.00387704763651342,11.626040764625854,obstruction
4205.335184067637,-0.8826174829127821,-0.8019505961348854,8.997514262102614,obstruction
4210.393578611332,-0.10101646550703491,-1.947747583978857,8.527041922295098,obstruction
4215.367625510798,-1.6242590889316157,-1.1605678333057756,9.090877128838203,obstruction
4220.367572233182,-1.0336006456808047,-0.599256508718069,9.012458799335983,obstruction
4225.415539751426,1.1861021249062618,1.9548294484568243,11.593265363348355,obstruction
4230.381253235294,0.5055225355534397,1.0661672997325313,12.302234994716114,obstruction
4235.3274467315005,0.6573503727287218,0.9864829688529216,10.264107723434488,obstruction
4240.326783824052,-0.16823675525646153,0.04250607464062789,8.560836661808931,obstruction
4245.397185318444,-0.897755472019508,-0.9518228546017664,8.61869256979474,obstruction
4250.449694608661,-0.8822877823812618,-0.5613920983412207,7.605536906206003,obstruction
4255.4067252056275,0.008536462329686564,0.11191608337006234,9.579517792426575,obstruction
4260.454270746956,-0.7936370698312867,1.145057792476589,11.9497393521431,obstruction
4265.537352297283,4.620120218342582,6.789946913225101,15.294752464403294,obstruction
4270.419922939472,1.286232548309044,0.7526619743002005,9.45753082810663,obstruction
4275.487939442824,-1.0437140904341007,-0.679908040435215,9.115009960976488,obstruction
4280.487812931315,-1.6399853816183372,-1.6836634537468562,7.885492594381263,obstruction
4285.397171996798,-2.023325584456367,-1.3941273043864335,8.795690996031514,obstruction
4290.379689142597,0.6208558490606353,1.0807440776773833,10.170352322979713,obstruction
4295.352639510132,0.7740331136731321,0.9764367470772547,10.751836908792198,obstruction
4300.397695983733,0.03237732095039558,0.24593239798950117,10.466087977861939,obstruction
4305.397467631835,0.5419597061276837,0.1437282969630066,9.430671991513657,obstruction
4310.375036934519,-0.4926543740308379,-1.3309348125256362,8.276993001944195,obstruction
4315.380358372555,-0.8203157257794347,-0.8136710241735219,7.971183437601773,obstruction
4320.418046611081,-0.3309181091498006,0.36921205192889694,9.872671910843364,obstruction
4325.415776273038,1.1995015304311256,2.6343393769042827,11.823302293255546,obstruction
4330.3446553619015,0.3221614459543771,-0.17195142159196974,10.866528001447003,obstruction
4335.350105258713,-0.7034868185507794,0.41561975562203535,9.433741387104103,obstruction
4340.355033484475,0.40205189760391635,-0.33955921610178835,9.46534118825808,obstruction
4345.382068973071,-1.530402058695908,-0.9743483869950829,8.532041316413428,obstruction
4350.3211696536755,-0.10307138092195167,-0.9690331941285858,8.949865464189823,obstruction
4355.397353714179,1.791546647948093,2.2422396547920136,10.23655815391686,obstruction
4360.375858500858,2.0203944199036754,0.8388569463996236,11.403046568141498,obstruction
4365.42429837165,0.21549907458057815,1.0243117202733254,10.665543611809001,obstruction
4370.438512033861,0.6430700785837615,1.1486172785410813,9.639224665279219,obstruction
4375.398782712158,-1.6666602255659941,-0.5990857798332788,9.50919874935929,obstruction
4380.419013606303,-0.7320871194835628,-1.45545873282892,9.201783830385867,obstruction
4385.438318503205,-0.7824057706391699,-1.1048672707740996,8.948175852041434,obstruction
4390.488978921872,1.0042056972232487,1.6150132785712876,11.009245563205676,obstruction
4395.549480511712,1.9323115512340139,0.692803161846357,11.92280711012987,obstruction
4400.539247087716,-0.2267143620006986,1.0658367066448242,10.770983168971718,obstruction
4405.528478026018,-1.3456327576644158,-0.9784630463315122,8.288910688824204,obstruction
4410.518618126376,-2.2618795815846675,-1.5705665507284903,8.62825588526772,obstruction
4415.471738836572,0.2741823846697592,-0.42641112624446814,8.635924355417556,obstruction
4420.431296223027,0.29976436138316315,0.1579397802470687,10.387724686474174,obstruction
4425.520866081794,1.736988610871241,1.2857347719478889,10.901567078712063,obstruction
4430.575361117734,0.9204569721140401,1.0184115435616712,11.437428959783453,obstruction
4435.602200245614,0.49375057007378836,-0.03928963319304814,9.686342138122821,obstruction
4440.539957402572,-0.028194476913265043,-1.3967019888623264,8.459927841513295,obstruction
4445.490094131792,-1.4645160209787151,-2.104972498498217,8.292728812157108,obstruction
4450.462643649794,0.3855254664937725,-1.214116310569878,9.73179173351331,obstruction
4455.492186611783,0.530999319547117,1.006149965189591,11.49541536907023,obstruction
4460.49518517031,1.0715022676233124,0.7632305886257138,11.001198570428526,obstruction
4465.575029533134,0.11923210749701663,1.376766650249472,11.082069570867885,obstruction
4470.597048671087,-0.5516173611326896,-0.24178521710494502,9.45481104107731,obstruction
4475.55763787265,-0.8326069949286894,-0.9057753595352016,8.347491428804872,obstruction
4480.592592511844,-0.7700699637289348,-0.8786712255755841,9.145790443748087,obstruction
4485.550391542739,-0.6746176356520999,-0.26440452382294943,10.376911981905831,obstruction
4490.482780566467,0.6555503504995626,0.8724030062018443,10.50185697331311,obstruction
4495.516308307772,1.6182099092363211,0.8629180519972601,11.187164315360334,obstruction
4500.503396871322,1.0815373448144339,-0.779897284710063,10.782564236975494,obstruction
4505.526382652856,-0.4810722274807279,-0.17652242202402352,9.75926064543502,obstruction
4510.5234937857595,-2.079529675302387,-1.614934469081042,7.758800452769007,obstruction
4515.524043824428,-1.077789837081444,-1.4491493839996514,9.026111405090177,obstruction
4520.611017253055,1.1550521320709959,0.794915912325278,9.41955566613697,obstruction
4525.580168404398,0.9778970872938113,1.2437744489397438,10.216556685212707,obstruction
4530.567174072474,0.6533854963567137,1.6582452822162683,11.050677434303271,obstruction
4535.454326769887,-0.41559056668487576,0.38012065072563456,10.48127388580682,obstruction
4540.422669320544,-0.5720434312003775,-0.6065136707807663,9.30066456077161,obstruction
4545.475321655498,-0.34290712503507026,-0.7376804486383886,8.052941716742735,obstruction
4550.51441608364,-1.075045619720813,-0.42708345956144833,9.03049361261441,obstruction
4555.517574084627,0.8655476176298023,0.31399143302167026,10.1865417659875,obstruction
4560.556703933546,1.5675777000406046,0.18349734362892334,11.882062065642403,obstruction
4565.573625779867,1.0401166574882963,1.1801264712940676,11.985247116658247,obstruction
4570.521730907401,0.48366072318008985,0.23267120036771366,9.746067928423924,obstruction
4575.526430000187,-0.9204163060409111,-0.6954134802114372,7.843704563512543,obstruction
4580.531352264262,-1.3084016932632672,-0.9093148848973435,9.387192753500326,obstruction
4585.516787581726,1.02122158570432,0.346964370690545,9.541558452901256,obstruction
4590.493296413105,0.06458005341249884,0.9235655176807996,10.385527014183808,obstruction
4595.430266482034,0.5670876869204392,1.5967414760915886,11.028924402412905,obstruction
4600.477650601184,0.3067871162475464,0.18797446019860936,10.346175805894719,obstruction
4605.495489351137,-1.2426878617070622,-0.6368282474771546,8.953088240982934,obstruction
4610.57145490016,-2.8489264924636446,-1.1093728034653947,8.501598314141326,obstruction
4615.610109257289,-1.7653057538536578,-2.0124336394931777,8.879212723751634,obstruction
4620.594145065702,0.615971700516884,0.12301716613478908,9.245948206668379,obstruction
4625.6827810836485,1.4684838430386706,1.0031026860100065,11.25157128758311,obstruction
4630.638461219333,1.701851776046722,0.23599437431896797,11.120246258211772,obstruction
4635.693076352957,0.1915427034240896,0.5223159908332692,9.211791324551251,obstruction
4640.674063436291,-0.17890737907820276,0.4803674519723181,8.67734461382188,obstruction
4645.617646460167,-0.6913326535405303,-1.4817403792854125,7.757887463655693,obstruction
4650.63500374136,-0.663885108211226,0.15827129822854724,9.326096545878633,obstruction
4655.676512285528,0.15364700328350528,0.18742784709321486,10.623059964504867,obstruction
4660.64418522152,1.0826418557170838,1.5408402663787446,11.084650559455032,obstruction
4665.696339018612,0.4160284639141121,0.5524319630390926,11.003850871799497,obstruction
4670.6661921457635,-0.324455684490967,-0.5698070238740043,8.979060081904834,obstruction
4675.636896948729,-1.3191050023558706,-1.2144400515474314,8.96729160761817,obstruction
4680.589087558624,-0.06785491718003145,-0.8443549375018511,9.00171901693476,obstruction
4685.621906286984,0.29589266211904935,-1.6936166294214876,9.76267878137853,obstruction
4690.58417432232,1.3007436457225834,1.0402035678190786,11.370325237295658,obstruction
4695.639524811314,0.8508246337203139,2.232083244871488,10.999510078835442,obstruction
4700.653524693843,0.9024076478029612,1.0238215852799022,10.911187932251162,obstruction
4705.750494045839,-1.3200664857277646,-1.7308216943940475,9.860513954370221,obstruction
4710.783873685828,-0.8992096542466073,-2.2902351120066813,8.302557512586969,obstruction
4715.79313671594,-0.7799724776903734,-0.6058691725875216,9.260931396188559,obstruction
4720.802070518258,0.5333330746935641,1.1317524000083872,10.127201071134818,obstruction
4725.7674061030575,0.4727851764153611,0.4761126927048601,10.957109609009139,obstruction
4730.77860068969,0.9129109083127566,0.894504144340057,10.44039833823309,obstruction
4735.800100379887,-0.844830109746697,0.6392465153222529,9.74978771155112,obstruction
4740.796775460859,-1.177306906109833,-1.2518195216835066,9.449334036279604,obstruction
4745.84031576074,-1.311179300404606,-1.0877085533946005,8.896523212453648,obstruction
4750.867466817493,0.19140827434785884,-0.6101623519316768,9.459948609839543,obstruction
4755.874499040625,0.23940712088478822,1.2569030209942627,11.219186455929348,obstruction
4760.905311641507,0.8692688866435567,0.5779039139727238,11.591468376451845,obstruction
4765.940417573282,0.5113237672818216,-0.23401003179215835,10.173265836469568,obstruction
4770.957749377799,-0.975670048870912,0.0825512054278218,8.931142704079182,obstruction
4775.975395549991,-1.3648220960850956,-2.0584739415861297,7.74982765242183,obstruction
4781.038708930169,0.4737547167056215,0.28051255301847244,8.93968297050378,obstruction
4785.929436654795,0.16932994484337824,0.17806671443763766,9.719383626430528,obstruction
4790.923457645737,1.0985049189962304,0.839647159202327,11.145775872923734,obstruction
4795.962884729987,0.5350836907920625,1.6722890110173052,11.097818417297741,obstruction
4800.93127416672,-0.070889169937105,-0.5001237309132324,9.45032706356125,obstruction
4805.9475819366235,-1.2652774653526975,-1.4267271190683188,8.718887215898746,obstruction
4810.918044352205,-1.0046792678703007,-1.896451442138246,8.089096116159329,obstruction
4815.937818827211,-0.7680817589290962,0.3789666357119652,9.698115606182805,obstruction
4820.8682531430795,1.386472456265082,0.708028001457492,10.307147335734376,obstruction
4825.825586767457,1.1528593539234027,0.2927920230197597,11.415439176694235,obstruction
4830.8730252827245,1.2850415712271719,0.5119014201894738,10.894460814832946,obstruction
4835.942796322084,-0.6482606728423111,-0.8174995817927195,10.507079593030934,obstruction
4840.885073112299,-5.026986590069911,-4.5577727347432,3.8946667215056583,obstruction
4845.798136015526,-0.38375731446692596,-1.721433902206916,9.243536878871742,obstruction
4850.784764995481,1.0249114328186777,-1.5893744998335433,9.676808328069946,obstruction
4855.83076260214,0.980532698990829,0.5093210386447542,9.785804712153617,obstruction
4860.887698798232,1.437324358540652,1.6685444477503517,10.514430500361696,obstruction
4865.855548946896,0.8339780016695555,0.31161148261347715,10.704546195289938,obstruction
4870.882751428333,-0.5584623275750573,-1.3555609421197583,10.264788205935997,obstruction
4875.859145807539,-0.9095434833960794,-1.2799591375536459,8.914281738780192,obstruction
4880.859591794321,-1.0701583230398077,-1.0274454622547022,8.253976646946464,obstruction
4885.74776824753,-0.2569423281316804,0.7682522266201217,9.114037701101683,obstruction
4890.7763618781055,0.4301901382576455,1.2593176272322197,11.38750641690493,obstruction
4895.844210562948,1.1654351929507447,1.4833751160457171,11.172676583356957,obstruction
4900.900982907568,0.99458320886145,-0.5518349488032034,10.019347523351147,obstruction
4905.909521767457,-0.8685654451752438,-0.4546895495701432,9.39516781525884,obstruction
4910.897106363804,-0.6793869819924919,-0.0559276981421748,8.510150195192644,obstruction
4915.877528103181,-1.0398613147860731,-0.8544909836236901,8.36639271604994,obstruction
4920.94649075848,-0.24590384787886946,0.714830919127492,9.726727280461693,obstruction
4925.915982441651,1.5208774522220239,1.0314875438430107,10.49045543970228,obstruction
4930.884990250906,-0.05298798568044494,1.397915303745109,10.566793795140907,obstruction
4935.910263598482,-0.5566638017432335,-0.008890390049135638,9.482944045496321,obstruction
4940.8868574798835,-0.8965945913526941,-0.1279143503719603,8.647033582501795,obstruction
4945.8645910000405,-0.9694652848879897,-1.5217797985004196,8.494856778016015,obstruction
4950.794767001656,-0.8672120690672028,-0.6497099431809811,9.14204286164104,obstruction
4955.811721836133,-0.4708960675250716,-0.5566305941848885,10.005033810909188,obstruction
4960.900792081935,0.9326031850795139,0.1292006999722073,11.512917387423222,obstruction
4965.928484657546,0.9224015834685511,0.6751980596281342,10.815894114340933,obstruction
4970.8926925243595,0.5178034582627483,-0.5718378801807525,9.048338606979506,obstruction
4975.881953044172,-0.34698495110550176,-2.055220786357331,9.042241279821884,obstruction
4980.946205496581,-0.24688400055637116,-0.659064814826456,7.846032076679112,obstruction
4985.956181413086,0.09474634637127,0.11202554324405192,10.191642562335904,obstruction
4990.92991268043,1.3193136518416795,1.0658713446386567,10.996029290882568,obstruction
4995.904608160432,0.6953101376743831,2.878040298539997,10.993668116386242,obstruction
5000.851498790534,-0.050141162407939976,1.1598903191233705,10.554753576348055,obstruction
5005.828389514262,-0.3276987186983051,-1.6291372267799824,9.695667933653757,obstruction
5010.777222258195,-1.126071836329576,-0.485291476519072,8.160791077916059,obstruction
5015.798137417477,1.0534531957781739,-0.278375420052273,8.728906482973407,obstruction
5020.851949298481,0.38899938304439097,0.4930577404926575,9.514059209391645,obstruction
5025.837678973404,1.0053990301320808,1.6811953466391856,10.840255566421968,obstruction
5030.783113394149,0.047732650094040374,0.9853663536679315,10.982076012643894,obstruction
5035.853547145564,-1.1845378872378964,-0.9866497156933811,9.518763385284581,obstruction
5040.905062176162,-0.6555596311374854,-0.8131779991161054,8.996785374080101,obstruction
5045.860744269862,-0.3856637705073649,-0.3171343942023973,8.360288367729575,obstruction
5050.867913093927,0.9119358968570404,-0.3531795549365091,9.903832737902569,obstruction
5055.828083409839,1.4091115881365848,0.39571551374585157,10.615233753013895,obstruction
5060.774419536698,-0.6927816840835828,0.9251241700446744,10.740904017781837,obstruction
5065.783568520457,-0.1088050819410844,0.9100028830036371,11.00666311219463,obstruction
5070.732847474299,-2.395313402401402,-0.6928854112636411,8.40840002747674,obstruction
5075.6834447543215,-0.625926438244048,-1.2513475112408927,8.939476937671367,obstruction
5080.676327014658,-1.094325621967081,-0.9980224009752509,9.082684099986164,obstruction
5085.6333644944125,0.5124451734595481,0.7285415396849712,9.881027470539829,obstruction
5090.619668406356,0.8199794236937847,1.7676906692478622,11.452001681803742,obstruction
5095.589372949176,1.108975269019882,0.1669433701065397,11.702172296976535,obstruction
5100.610014874584,0.18302584627292065,-0.5263546873958874,9.522130268326643,obstruction
5105.633694189891,-2.1811868349760726,-0.7541487058694543,8.091947743892922,obstruction
5110.682270503654,-0.23657182983794023,-2.0151619544409107,8.857160218593497,obstruction
5115.706037750422,0.42746373082857675,0.8451495841531931,10.119931519064082,obstruction
5120.610063110306,1.6313826757232244,0.6116934737171138,11.40730872234018,obstruction
5125.557150670053,0.8107994341209255,0.1371683245198707,10.85522368638267,obstruction
5130.572206169067,0.24415208963178464,0.6318106074549297,10.126191387426706,obstruction
5135.54713815414,-0.5220616398211038,-0.8975793562473022,9.242415035216718,obstruction
5140.642793698899,-0.7911916186145895,-0.4936610156437883,7.456005272376139,obstruction
5145.67139654666,-1.2307235858719614,-1.1924651379034334,8.165579757122847,obstruction
5150.670917057611,0.5524292844108714,0.678334190953455,9.904055748467204,obstruction
5155.710962007134,1.0383647907293911,1.4889658476567882,11.792645097239362,obstruction
5160.770919740925,-2.8186338381407707,-2.5956042421999546,7.250454017391048,obstruction
5165.789557076356,-0.7761608927459538,0.08108747983121586,9.98235681851746,obstruction
5170.795141179956,-1.4860159218626514,-0.198297990944866,7.5976191996507305,obstruction
5175.7972417987685,-2.126040460096754,-0.9038447154929364,8.592191962169464,obstruction
5180.732976875346,-0.714205077920598,-0.6719872834967175,8.395216112539474,obstruction
5185.711132536982,0.364105045629445,0.7336902818063411,11.617599619877087,obstruction
5190.630845347611,1.0005513468844436,1.3976835508832282,10.606160571802203,obstruction
5195.672485604807,1.2727196254999305,1.1505097379963982,10.630831308772619,obstruction
5200.626499466762,1.3925532553832662,0.11924400664519413,9.13386495557549,obstruction
5205.606578889166,-1.3709944686720559,-1.1845359118102579,8.084000225020278,obstruction
5210.614218680904,-1.9760957623338697,-1.4155707666591093,8.485424401244135,obstruction
5215.591630029723,0.27222671634603607,0.999958070320786,9.587765123416867,obstruction
5220.545519463424,0.8711365877344769,1.5555567518668516,11.246215051980947,obstruction
5225.567344723754,1.0503854703295112,0.6420031012067356,11.19399450923811,obstruction
5230.561317616393,1.0541223939685624,-0.3108740384397951,12.045556800204885,obstruction
5235.508228217434,-0.9696579698280782,1.004254401376964,9.337896645674661,obstruction
5240.598306256429,-0.108506985482546,-1.3897106707994047,8.037408406748199,obstruction
5245.621852309344,-1.1002829160640448,-1.6818333986380243,8.605334055661132,obstruction
5250.645047814135,0.4063914907482716,0.3694994081757406,9.278049298946906,obstruction
5255.572965319351,1.4444502711665126,0.4486685604320746,10.432485018119177,obstruction
5260.5132567565915,0.012981688472612385,1.4376220773979704,11.084835366072358,obstruction
5265.518889722252,0.5612294227013241,0.9641675116651659,10.324235125135722,obstruction
5270.536868984746,-0.5501022638909078,0.7515416012899232,8.5710950147942,obstruction
5275.430188883406,-1.739567898166598,-1.6503973114197446,7.667032606775118,obstruction
5280.451814927897,-1.0685163414822871,-0.6611705593650619,8.988084723343507,obstruction
5285.377957199145,0.5807577400938957,1.8454003367865384,10.584847158235705,obstruction
5290.418079926156,0.07868856751310038,0.09325638246033985,10.64363655379389,obstruction
5295.403581407671,0.015464752610729326,0.1395517093653602,10.961218734660191,obstruction
5300.40188848584,-0.3948670712070134,-0.5107207843147479,8.826674884358617,obstruction
5305.440367743574,-1.3164350295495582,-1.275513103016294,7.985162922310169,obstruction
5310.450580864653,-0.7620954127065734,-0.8434680696512302,7.000917354194947,obstruction
5315.463501713826,-1.728374860530732,0.01380899003699132,9.901630024862238,obstruction
5320.490916628012,0.6288751359650265,0.06218977458652741,10.191070051570671,obstruction
5325.527988866466,0.508774047408678,1.224454526855987,12.27628813563695,obstruction
5330.520208554879,0.31143723766719866,1.3418691217383047,10.811508199775608,obstruction
5335.506696486556,-0.7218390139990496,-0.42056702008994096,9.02395581276998,obstruction
5340.537863056056,-1.852177657406953,-1.7790994087004282,7.8625116047639745,obstruction
5345.618438292827,-0.17826580422914173,-1.0418081418975653,8.40178300166923,obstruction
5350.613795631488,0.35324875450552734,-0.36612493593984713,9.91979709451061,obstruction
5355.573732961507,1.4010811008413708,0.038232100735345664,11.067693509451457,obstruction
5360.494975845253,1.4822831760116961,0.7270836051582046,10.880329739853213,obstruction
5365.533472269608,1.3297644644167252,1.7081867023503552,10.373161412972157,obstruction
5370.540516130898,-0.4550041058711233,-1.0317430822480387,9.565540448952286,obstruction
5375.580793721925,-1.545087813792417,-1.4299111277077063,8.664754735884703,obstruction
5380.624860897364,-1.2163702099884928,-0.4271110926461266,8.262748770238922,obstruction
5385.657844005437,0.36306416381921036,1.2910682883099616,9.966842036739,obstruction
5390.6891210465465,1.183605024394417,1.9527463312343514,12.132128377037445,obstruction
5395.728479862066,1.9260318656880697,1.5016168798962322,10.213748811065948,obstruction
5400.719161986208,-0.3486026677582744,-0.23276272812089738,10.144654315539443,obstruction
5405.785978892638,-0.0902049795376283,-1.153722172777798,8.595770116795931,obstruction
5410.808563351526,-1.5723828089390968,0.21458521130633645,7.846774930697112,obstruction
5415.860942727425,-0.5084454968215696,0.092896470238786,8.395460718506008,obstruction
5420.8829792482575,0.23767771717142067,1.3001813621250542,10.29693863288913,obstruction
5425.899872454219,1.3782339889009045,2.2119479761088865,12.123837574074383,obstruction
5430.859220394349,0.6442497260994926,1.1165576948990665,10.924511408584378,obstruction
5435.810987324737,0.24194220650193476,0.4795145623047504,9.218025080754852,obstruction
5440.846045120301,0.18215068545784163,0.33594453085081577,8.633854586370802,obstruction
5445.830874457841,-1.2263867588749358,-0.37677471599688916,7.612375182960141,obstruction
5450.889789784791,-0.9273421646601923,-1.0129232849991456,10.114200422424263,obstruction
5455.8909170872885,0.8850390070901544,0.5061365451884081,10.218716906629409,obstruction
5460.885672056387,1.2733770555461743,1.5608524441020903,10.277858536202855,obstruction
5465.903767294745,0.4152201263766123,0.4911129057238497,11.697304230964681,obstruction
5470.905839941103,-0.9486381353304194,-0.5868410729071512,9.545059706332243,obstruction
5475.911903130341,-1.6724587940481985,-1.8850743887479395,8.09810116815018,obstruction
5480.977112120583,-1.044625106569043,-1.1266811804342463,8.424061675147945,obstruction
5485.9392433766925,-0.19107184823469456,-0.5121936942472113,10.23312263662578,obstruction
5490.952290371339,1.2293878467230692,1.4297130926565895,10.683395248620915,obstruction
5495.933913567121,0.572670159838322,0.42833703274877133,10.832899943127302,obstruction
5500.921609072638,1.4510741361358417,0.9911066171836368,10.026079226007237,obstruction
5505.993429037051,-1.332987978509677,-0.15957477379075446,8.512468111135123,obstruction
5511.055059501038,-0.9943544308285307,-0.1351976967419355,8.18574585124939,obstruction
5516.028109150616,-0.31395063429257736,-0.9418899953042295,9.246545074839764,obstruction
5521.043086852703,0.6087345341090933,-0.15165297155327728,11.253763070838964,obstruction
5526.107383940947,1.0189644119848955,0.6414110264035157,11.392418904074674,obstruction
5531.133771443207,0.8631485352769439,1.4749562580907516,11.492205858436273,obstruction
5536.1426353335955,0.453559923157189,0.5818223432643438,9.906713320843217,obstruction
5541.236630563845,-1.3232682862843732,-1.1151352137997879,8.272498368334377,obstruction
5546.21218051867,-0.37272184830961885,-1.7118064701824616,8.35848832061175,obstruction
5551.266794894709,-0.3062720889255159,-0.655649115420011,8.947723436682699,obstruction
5556.3251723773055,0.23958730601823897,1.160996346168675,10.247913028065286,obstruction
5561.384606352303,1.2668996772170824,0.9267435964499071,11.044895909807291,obstruction
5566.399728883751,1.826962111574808,-0.0869882177320328,9.57052143626047,obstruction
5571.437136261949,-0.6740061969246647,0.14474881684910829,10.040893278941981,obstruction
5576.441530520002,-2.7533136773107865,-0.2662074097075623,8.916492643271232,obstruction
5581.478755390485,-1.567252755175465,-0.8723769641837648,8.609986499784736,obstruction
5586.466915043313,-0.19484368015296522,0.23911151842179146,9.94215043943796,obstruction
5591.514389188577,0.674529508079835,0.7270577059716867,10.379219842043682,obstruction
5596.588716429399,1.6857586867021204,1.6277525723867752,10.583744056917087,obstruction
5601.562958519342,0.03168376715158133,0.5284031800615248,10.374277570743034,obstruction
5606.530769337022,-1.1732022455508737,-0.10596401566482982,10.197463314919215,obstruction
5611.667009674525,-1.2641574495761767,-1.6271143300547046,8.425462617326922,obstruction
5616.682064948837,-0.8940129568730579,-1.4018336305688035,8.122907570367142,obstruction
5621.646469300336,0.3713071007731091,-0.5054777083182083,10.387334844924696,obstruction
5626.74146272634,1.0288737599730573,0.5145429643797789,12.027198081521409,obstruction
5631.78347219811,1.4343081326260503,0.4769392313430675,11.495714021741149,obstruction
5636.769101340055,-0.895649529529938,0.8066298917441831,9.489802559643556,obstruction
5641.698315809072,-0.422203309155183,-0.9014262685274244,8.97572659756063,obstruction
5646.750715496587,-1.5951519062713162,-2.1585608886521985,7.9947027880834725,obstruction
5651.78112695602,-0.2742566956646165,-0.2316759631541325,9.288904649124301,obstruction
5656.705917953371,1.3520520415967194,0.6084474726513838,10.339865004093463,obstruction
5661.692516981422,1.3009353321087487,1.601042469238616,11.21238268054264,obstruction
5666.7005269965675,0.05094330923547369,0.48830271103870143,10.952786232733438,obstruction
5671.71079648671,-1.4053357092979728,-1.4018169384925012,8.071877969706325,obstruction
5676.662764767238,-1.4658950199099412,-0.7760834044375896,8.646671280785704,obstruction
5681.729373573941,-0.27413286185438285,-0.5240063339424447,9.083201219551027,obstruction
5686.627686096581,1.2705215108199337,1.237964496365534,10.92632131837097,obstruction
5691.621054816556,1.308980308134879,1.0539694689114614,11.206979891244728,obstruction
5696.596910310223,1.79189882510533,-0.16101895565847746,10.456169135663629,obstruction
5701.553456836061,0.278864056490853,-0.8423012474049594,9.563128532104116,obstruction
5706.555321469812,-0.6086465198906417,-0.20422643524898954,8.358166825147341,obstruction
5711.493196217007,-0.9900965344541005,0.08133524423902794,9.051232078113335,obstruction
5716.478624249653,-0.29052848316256485,-0.11011599152272591,9.598771842562195,obstruction
5721.4393730957045,1.3988585235281752,0.8114075861991072,11.596504611786836,obstruction
5726.428127400359,1.9203781164825995,0.6219945530116422,10.9156146697788,obstruction
5731.4780114781315,0.1312217450678989,0.0815671887502244,10.1684432476801,obstruction
5736.537092667527,-0.023289334008518736,-0.5602625243506688,9.610219104778587,obstruction
5741.467596402523,-1.5859911823814088,-2.0225863191680227,8.245052969330033,obstruction
5746.432864318541,-0.9544813921055787,-0.8318277003385153,8.02940991158133,obstruction
5751.463597988265,1.6723380589073273,-0.3741467511159211,10.078932219971682,obstruction
5756.409162945128,2.3737150818598267,1.2114252144588895,11.642806944829728,obstruction
5761.508095289117,0.7827761504816867,1.6702607447668436,10.433583043060285,obstruction
5766.609556286173,0.5428801642242536,0.3476563840270752,9.69439028445719,obstruction
5771.612362637835,-0.6661736990024082,-0.8629463508294676,8.664489823332138,obstruction
5776.5716841614,-2.28522808373439,-1.3449448305802985,9.67607505694621,obstruction
5781.462349085388,-0.3517820521766306,-0.3443373785096125,8.664641963817434,obstruction
5786.489094425033,0.27731511370095413,0.2182983393659893,10.702796073346757,obstruction
5791.5003550272695,1.131209428127688,0.568115811751193,11.83514016930787,obstruction
5796.606530593425,0.8361106643043773,-0.3060841632378456,11.342527485392964,obstruction
5801.655868559607,-0.591562187021629,-0.3687069758247377,10.047508817452448,obstruction
5806.644944780499,-0.5305433362038299,-0.922605871436003,8.124381744213062,obstruction
5811.659982965036,-1.136449130955511,-0.18365591527889658,8.81794225193218,obstruction
5816.684598325511,0.6285212302889943,0.29274111274835274,10.18194085746917,obstruction
5821.598918403927,1.457295677311342,1.728430808497483,11.701746450507938,obstruction
5826.568568779184,0.11273630578628846,0.8503672793988304,11.03896017510367,obstruction
5831.616565958067,0.4179088161668182,0.07502050181937725,10.882765160910425,obstruction
5836.693175745846,-1.534344668339491,-0.9800881450643628,8.899595587408218,obstruction
5841.615169894281,-1.4433328733478992,-0.7309783333105018,8.037093325701122,obstruction
5846.589990824696,0.11521294910519253,-1.3186653537683577,8.86996988880107,obstruction
5851.658684636364,-0.49580960092616777,0.2529165362240003,9.628058853320217,obstruction
5856.705523862649,1.6666997392277052,2.5033952001362225,10.721223426059325,obstruction
5861.719740820771,0.8742861758547158,2.345306548645739,10.235331849994735,obstruction
5866.786074053276,0.26049091673356806,0.522718075994742,9.9869727352601,obstruction
5871.910189348245,-1.586009775636206,-1.5069783307837499,8.86889473148411,obstruction
5876.918059055366,-1.9064151260457796,-1.3175084143949425,8.89313683741085,obstruction
5881.9214635340595,0.11826833167607531,-0.4328683593996702,8.547209213815664,obstruction
5886.8878378479485,0.5807944262747852,0.9486413098235272,10.758824005017928,obstruction
5891.917946031931,0.9507247361080424,1.7978716231293306,10.962460018344704,obstruction
5896.943014468322,0.7023015169517558,0.7904152045368702,11.259534622620244,obstruction
5901.943675236679,0.01270450250272237,-0.7246968401921864,9.798635409760973,obstruction
5906.852112034446,-1.2378994487387731,-0.7913135986072231,8.324635705167791,obstruction
5911.791891681112,-0.8047539198605818,-1.1077367203139399,9.073486128399011,obstruction
5916.788427984823,0.10163917004297865,0.3530249549419166,10.20918217694797,obstruction
5921.797120668613,1.159636331182411,1.0048964783627974,11.144876672395123,obstruction
5926.706064152518,0.36228801215759165,1.658506848420687,11.746390994420821,obstruction
5931.785827920899,-0.004953376840686308,0.9569399396006946,9.888649410794853,obstruction
5936.841033647744,-1.2351832436361296,-0.18856810145370484,8.543269708176952,obstruction
5941.837472066167,-0.5889734175203729,-2.0432483549615252,8.313331585172001,obstruction
5946.801820619038,0.06732930915293811,-0.6285526479648447,8.640672748761322,obstruction
5951.827562289317,0.8868484615761774,0.26527562983822894,10.018202905715986,obstruction
5956.800748413192,1.9147114992544032,1.3288857028410193,11.82681290067442,obstruction
5961.686397226811,-0.402426380728261,0.7076039694458678,10.153472611504661,obstruction
5966.64126859257,0.9774745807797204,-0.43821107491276884,9.943987024593032,obstruction
5971.6100497837415,-2.0105156254646017,-1.9138717979113262,9.53021808708711,obstruction
5976.593657222761,-1.3903917587171981,-0.11591667367628722,8.238801003962342,obstruction
5981.58845757255,0.7005900869456562,-0.014858258039010391,9.17629747407661,obstruction
5986.667251496434,1.8210420052790264,0.07508891441215215,10.780463549760537,obstruction
5991.689605001316,1.4369056261305027,1.7676179676257031,12.063116423231818,obstruction
5996.724881012308,-0.28953803589841437,0.7590928536987669,9.906679027295072,obstruction
6001.772759133265,0.39227254657523425,-0.9255767141846407,8.051579785486169,obstruction
6006.777709066655,-0.9205640218445613,-0.7389687609611625,8.961187389149963,obstruction
6011.808087791046,-0.33184526108025375,-0.4213971605757563,8.355374174051013,obstruction
6016.768857517411,1.0411040236014806,0.050262174860624564,10.872572672164459,obstruction
6021.787284449881,1.0582948195480213,0.7442698217604812,10.936786114644022,obstruction
6026.780141411469,0.25189896083445307,0.9961562203561679,11.480726154791475,obstruction
6031.679745224371,-0.23451167612711435,0.06520733412858573,9.595238420758626,obstruction
6036.545616738337,-1.5667612163473783,0.13995066324210004,8.641618383021537,obstruction
6041.6193153748745,0.2010072827790328,-2.047294484720008,9.010139231595756,obstruction
6046.554368929586,-0.76837214898145,-1.1301727422383518,9.047302680401755,obstruction
6051.5441154336,0.2347137525623936,0.8652343698213167,10.201285063448012,obstruction
6056.483675495519,1.410656212769262,1.2765527408775015,11.434321969613958,obstruction
6061.443049627903,0.9765079750279071,1.4568503078259405,11.823372590120076,obstruction
6066.439084922151,-1.0010925141406732,0.7029243209151292,9.884645134206352,obstruction
6071.43263570887,-1.647738864478936,-1.9071530067405145,8.618987462826507,obstruction
6076.460500097079,-0.7881518185619727,-1.4534975880263827,7.575148381269226,obstruction
6081.454386725512,-0.7342504722338001,-0.4836050476931759,9.155518739675355,obstruction
6086.49074110044,1.0389105044360378,1.5091779244529429,11.466791252512438,obstruction
6091.433189515864,1.8340895591406974,0.9710392034890164,11.922789173362238,obstruction
6096.412699299547,-0.15197806389917257,-0.791084827260164,11.231125992862559,obstruction
6101.429693068499,-0.1032060147297662,0.7208989206332383,9.260904494435014,obstruction
6106.519699495879,-1.0929980283361242,-0.8714150828270444,8.194019589956206,obstruction
6111.611522890233,-1.9949642395476026,-0.611363691154369,8.703447129819775,obstruction
6116.538365054953,0.6927708293559907,-0.19105885420918295,9.437590600793438,obstruction
6121.568522740632,0.5712592091532139,0.0844001639934654,10.375443899832057,obstruction
6126.66446578102,1.3648071630266867,0.47994299750875014,11.343066017442199,obstruction
6131.650248337968,-1.362438692481283,0.4902452417560771,10.604230629708127,obstruction
6136.63337748952,-0.010868775844696588,-0.5026632562089122,8.083045658158388,obstruction
6141.584104267574,-1.2872527539704492,-1.2672691552788629,7.351996916915201,obstruction
6146.60387597955,1.234746552180067,-0.34342463130192646,8.470306330509333,obstruction
6151.534633046436,-0.1678979152824116,0.5339819498374629,10.216385188996586,obstruction
6156.5201023065,1.6023319888178023,1.2060115918366414,10.2984796641503,obstruction
6161.451872138538,0.6768461201684,0.38350207063882746,11.365046965318106,obstruction
6166.374521458137,-0.26382706275171164,-0.24965790527854181,9.856897573651489,obstruction
6171.2965115677125,-0.9948048768851262,-0.39630902284765746,7.252209849377316,obstruction
6176.265018962825,-0.6742090632978683,-0.7207494040661615,7.871302042801213,obstruction
6181.204602169478,-0.003369862469985524,0.19607673562277003,9.68241486027294,obstruction
6186.183710793192,0.5260262756159382,2.272071019222221,10.504594971715903,obstruction
6191.123084965113,-0.29242577387661894,2.3412439755191197,11.508833479245526,obstruction
6196.148750789321,-0.7642728656970817,1.1122611047923012,10.065979889420735,obstruction
6201.175554870445,-1.116134397983756,0.38546004530788214,8.845114282076748,obstruction
6206.075240437434,-0.7092465024859039,-1.7288732603704584,8.126308285829007,obstruction
6211.101092091416,-1.7159029369676988,-1.1365872815178595,9.21202632314233,obstruction
6216.088671927934,1.1725325927426893,0.05315395804640565,8.55081672946268,obstruction
6221.150263593984,0.7662568586025376,1.5667396221334289,11.164115471482003,obstruction
6226.089068419263,-0.036739126362936414,1.383972353086954,11.061616694683435,obstruction
6231.110405686404,0.9618884763797384,0.07296559426129859,10.15850552234074,obstruction
6236.084760434927,0.31887897480687377,-1.237489346466427,7.979832279461554,obstruction
6241.031151721839,0.05046180309943327,-1.1623292948076658,8.526511942593828,obstruction
6246.107093310893,-1.0349886819661083,-0.8779079888711558,9.654262199784693,obstruction
6251.109037768069,0.4885620141574277,0.20569302009739573,10.26886921690565,obstruction
6256.139429740548,5.631124916547483,4.278386169743906,15.176074274760603,obstruction
6261.117527046834,1.3451336432627574,1.9432533475407658,10.418911561739575,obstruction
6266.077343957299,1.2043265406419184,0.7995680798279445,10.286385495287174,obstruction
6271.087659428089,-0.2599400764237677,-0.32865504315712285,8.04996277929845,obstruction
6276.056619882878,-0.3360545338106746,-1.9771789893118374,8.645430286079502,obstruction
6281.063891387144,-0.6450987988639528,-0.2263849006949516,9.170296327901328,obstruction
6286.129162290698,0.8802274797782734,-0.113386249846961,10.090502382975908,obstruction
6291.070637937466,1.0071523200235717,1.5842550074029687,11.82806371588077,obstruction
6296.038430785542,0.2537401685653482,1.1371011261437916,11.08177830276294,obstruction
6301.096373557172,-0.669030297239163,-0.2032825729493213,9.348018311613103,obstruction
6306.003251279802,-0.21577997384094338,-1.5780893774276281,7.6805316464321445,obstruction
6310.906054555099,-1.3725806420833757,-0.3961010319676168,8.738099023635826,obstruction
6315.9167587704915,0.35229527788384973,-0.6472450611476086,9.547405553817004,obstruction
6320.897598728071,1.6802107970853992,0.727705911867949,10.268572851121432,obstruction
6325.906723610364,0.27370027705231526,1.2695855269286327,11.102141653911943,obstruction
6330.795892528292,1.861563230513823,1.1358556498853174,11.496251427026946,obstruction
6335.746920268678,-0.2407505834070109,-1.0860628756172335,9.604747118534354,obstruction
6340.655255497818,-1.3578798666118244,-0.9679646043998674,8.618254387166274,obstruction
6345.573020159862,-2.20796839862685,-1.5915233420459856,8.304342352978004,obstruction
6350.518328674885,-0.6732463767705792,-0.4598826197220147,10.319344329715118,obstruction
6355.46508995925,2.701191371126881,0.39556566544892197,11.467357905248853,obstruction
6360.420082831336,0.2765175043591268,-0.03749706948361031,11.97084659189654,obstruction
6365.502900367609,0.9292466499085039,0.3454683249649452,9.939558157428971,obstruction
6370.44958499699,0.6252591227518383,-0.5222615346174327,8.61709780522861,obstruction
6375.459202319649,-0.266322764166504,-0.4570335867350529,7.515559796976565,obstruction
6380.531060806818,0.15682489173261516,-1.1479812796646567,8.871505045331688,obstruction
6385.611411469804,-0.7403459092391403,0.23027530363856377,10.469935091921338,obstruction
6390.544629112095,1.7723488981153335,1.2922056569186147,11.114722916982826,obstruction
6395.510827976962,1.8989928907965221,1.4295368872843015,10.099199679702444,obstruction
6400.51964994504,0.3930419576134212,0.8460272304638035,9.509035036307637,obstruction
6405.513936002398,-0.5072611884857977,-0.6372608008306546,7.927047205347711,obstruction
6410.495354545218,-1.3739019035276996,-1.7187020619484366,8.399412752594523,obstruction
6415.469842886768,-1.2796545626383582,-0.08338716825520176,10.200008167037758,obstruction
6420.429672635673,0.6554053446883229,-0.5824763011805553,10.6438988680332,obstruction
6425.475395858724,1.6621353875087135,0.8605850889680469,10.98842902785667,obstruction
6430.500583938917,0.7161776392014417,0.30642403220479786,10.581658047835266,obstruction
6435.561988005137,-0.7879088629039732,-0.33693497061896593,8.89815467735431,obstruction
6440.54470081472,-0.9030551897426091,-0.9392969551656962,8.437763036907358,obstruction
6445.475182506803,-0.7481323080417482,-0.5559544162476426,9.047455446954208,obstruction
6450.511826614374,0.2255535112324092,-1.4634904602686543,9.065486341655893,obstruction
6455.5190224299595,1.5500201622296184,0.6288126495164557,10.566481413089424,obstruction
6460.56910275251,0.062099150604242315,0.8641305402909738,11.709575466678825,obstruction
6465.5130018843765,-0.8684670536105072,0.6935723905095714,9.616854484556802,obstruction
6470.545449562645,-0.67764694809555,-1.141222366659076,8.537413570752706,obstruction
6475.459073031663,-1.654329403038631,-0.4938910811246864,8.33299089862467,obstruction
6480.545981130691,-0.7514470517326719,-0.13508144158700347,9.26578579766406,obstruction
6485.565922368242,1.2077969263860604,0.26479427572246483,10.410049062569396,obstruction
6490.511362406777,1.7200422628964867,1.1254612089924412,12.129892067515238,obstruction
6495.6185318817525,-0.06185018262736164,0.8232312919685784,10.573706242167395,obstruction
6500.567063547364,-0.5833606236449173,-0.030592055231384196,9.648556685711197,obstruction
6505.565607385218,-1.1214228468264862,-2.483176180025909,7.169796258450862,obstruction
6510.519275496788,-0.3489764698012878,-1.1364893295883127,9.292114652750461,obstruction
6515.618787651378,-0.3656110620830774,-0.5786229997225862,9.9882618838446,obstruction
6520.525692739015,1.1308590751671377,1.870608736548438,11.647139272611208,obstruction
6525.43536164429,1.7948203842193218,1.0959068204604092,11.512485873941474,obstruction
6530.38657825946,0.5369080005097312,0.7078176596265825,10.614176084650207,obstruction
6535.411510301397,0.6849613623240319,-0.5925614177296304,9.228999985677685,obstruction
6540.3503354907225,-1.5673253136291172,-1.8405165144694924,7.8049223477975405,obstruction
6545.350581609125,-1.9931126510145774,-1.4346007200638624,8.948707671130892,obstruction
6550.3029230698585,-0.21814509669609364,0.8582133556761377,9.559611724390791,obstruction
6555.218405537909,2.15037305883312,0.2641750450655539,11.694826606908181,obstruction
6560.164721966075,0.2727596754090239,0.1923154900273809,11.374765104412917,obstruction
6565.172816513462,0.6717256043817176,0.12777042776401348,10.258432717836786,obstruction
6570.176454278281,-0.4632292913899266,-0.8131936386509592,8.947231014915571,obstruction
6575.1471911331955,-1.0398330634162962,-1.33279573406445,7.463196415118935,obstruction
6580.101812061319,-0.3121877770394337,-0.8311963150104514,9.0932836840164,obstruction
6585.031851584952,0.449135228240626,-0.39156530603031225,9.186296879490843,obstruction
6590.121391974152,1.384196001927148,0.41412898732218417,10.775600540710062,obstruction
6595.05930313035,1.1757232875455677,0.6453321684497408,10.881311619835296,obstruction
6600.088964611427,0.727893822008696,-0.7854645519256481,9.474825158253656,obstruction
6605.115532739574,-1.0867702651602336,-1.3609785708619488,8.601472494476045,obstruction
6610.037162161813,-1.0629994154888511,-1.2239312288014763,7.989575199051052,obstruction
6615.009967911621,-0.3195357333370354,-0.8846536493762557,9.58953618148933,obstruction
6619.9946384638315,0.03846169037027691,1.7243502337605996,10.205104354630263,obstruction
6625.060319399751,1.1325072648951382,0.984458195559393,11.704365529367962,obstruction
6630.106108461283,1.551187021984505,-0.6420030812278411,9.96628793092224,obstruction
6635.1416676732615,-0.21714541225543116,-0.7812972588224887,9.139971735537753,obstruction
6640.165278883715,-1.1061627347001266,-1.199295725683268,8.901964045990592,obstruction
6645.140964629444,-1.5100007856988926,-1.4994341101583373,9.776861660612326,obstruction
6650.152818674955,3.9297882070482575,5.018341982354794,13.421832993665284,obstruction
6655.232144240712,0.8411757730220847,1.017623731579382,11.38927214722009,obstruction
6660.161366053124,0.80421726380203,0.6995254118856592,10.67651542921421,obstruction
6665.151328240373,0.15675356002532526,0.19823192233353892,11.360557238092925,obstruction
6670.078767022516,-1.144435572796214,-1.5139536313489004,8.87440577057973,obstruction
6675.049392390381,-1.8143246689896018,-1.3570238594808555,7.813169087817071,obstruction
6680.12143184433,-1.149846281539686,-0.8247038630208039,10.20525182464142,obstruction
6685.152493312774,0.19345132573664975,0.5009625646102316,10.69935527570912,obstruction
6690.1963712413735,0.12243855910109991,1.1500795644762765,11.907366540873259,obstruction
6695.2087748131,0.25657932567582786,0.8835758789833495,10.754697474732827,obstruction
6700.204282074618,-0.2101401115058868,0.28080490734336927,9.900559828823082,obstruction
6705.217395782343,-0.7262897978032702,-0.8618079544462303,8.096295582689411,obstruction
6710.227154388665,-2.2205692874499467,-1.2654741271566354,8.736870199000172,obstruction
6715.177857553846,-0.09579218464975217,-0.6561597146269356,10.19276367890351,obstruction
6720.135843194723,0.694333430541,0.970161298108819,10.178825045840007,obstruction
6725.0821109535955,1.0151848064533509,0.3147527499293882,11.969112253676245,obstruction
6730.0213416572715,1.5563182607126826,1.0810610984620133,10.721028276561634,obstruction
6735.012897521889,-0.45719128785761687,-0.6603209590878143,8.326851713860908,obstruction
6739.890632706189,-0.9453455994974397,-1.7646232547177194,8.171740665398604,obstruction
6744.9150740483565,-0.971098853671955,-0.7839297090825089,8.925698677372992,obstruction
6749.857876634026,0.4579434063352349,0.28965371186699607,10.023018833490259,obstruction
6754.822609509882,1.3901144546888924,0.1569300164418891,10.800991286830493,obstruction
6759.78399162414,1.6732851637514514,1.0663505981598411,11.479495083118469,obstruction
6764.76134832943,1.1140518615959674,-0.34498735414772563,9.77762914029922,obstruction
6769.801998564313,-0.5622473769273002,0.054946509482958095,9.252499557663088,obstruction
6774.824104398649,-0.9375435445443271,-0.9243249441912351,7.95293186703697,obstruction
6779.837041566817,0.3510375379084148,-0.1840745296146714,9.217158839056225,obstruction
6784.837058321932,0.8997366051855904,1.7587008742238028,10.75947639213844,obstruction
6789.907053483535,0.24536897050288864,1.0142930988710976,11.53030346051425,obstruction
6794.935400369578,0.8748202783861324,0.4394311012272501,10.93335314254427,obstruction
6799.925373452668,-0.08109216525548169,-0.14281541275334766,8.891510888817532,obstruction
6804.921893084755,-1.2116169677215005,-0.965402178442211,6.884744466316046,obstruction
6809.884683536155,-1.3831280750088712,-1.4362733063291242,9.154019199245033,obstruction
6814.904653738219,-0.514654751895909,0.45832960285186203,10.186659469517418,obstruction
6819.908116742762,0.8291375158254052,1.3052090396339366,10.656307586455233,obstruction
6824.822188567476,0.9392634155921378,0.5109647166883067,11.52415815586414,obstruction
6829.871728504717,-0.01917065856782829,0.4198256251287734,10.422197436290269,obstruction
6834.840617975695,-0.8712497598099578,-0.547633743164638,8.19482044910624,obstruction
6839.784685707997,-0.4682858737307316,-0.3547872208099385,8.906556533845452,obstruction
6844.719922926831,-1.1923617509119635,-1.3995993625131415,9.064975979273205,obstruction
6849.70024378671,-0.10901996801281992,0.18410969247803272,9.477973500447241,obstruction
6854.7130422844275,0.0979211906302514,0.4716053321162883,11.279546773468821,obstruction
6859.692231667838,1.6095475246154318,1.2957205728990888,11.593406701930471,obstruction
6864.742344089931,0.8991453525601997,1.2145286542721208,11.331674714430395,obstruction
6869.756466223581,-0.6464318026978123,-0.02869196001193619,9.523527112807473,obstruction
6874.737096502277,-0.5672822644662736,-1.9713088313481948,9.281464651292081,obstruction
6879.690598612144,-1.5761344535918516,-0.18876867453803103,8.746767931987026,obstruction
6884.696920934088,0.8864926315038776,1.1851359813343305,9.553759901117587,obstruction
6889.732007764698,1.5108640095230759,0.7897431116653973,11.108476132928914,obstruction
6894.693840414349,1.2453064470217658,1.3746433526788555,11.128693629090018,obstruction
6899.7604771607985,0.13227959724527358,-0.8719916753905872,10.490135785952756,obstruction
6904.824775308764,-0.1541956432187377,-1.542826704240603,8.697712404345236,obstruction
6909.82110557579,-0.44336365216592644,-0.6500780062817372,8.267161630338675,obstruction
6914.850193347874,-1.0286827441394433,-0.09395346834394358,9.064957035798383,obstruction
6919.919757923194,1.0970333078833034,1.180324842166664,10.451482045317416,obstruction
6924.944444459233,0.5736852591889544,1.4447079481128606,10.450130777486233,obstruction
6929.928055686693,1.225192729241026,0.3704590298023737,11.189831036770439,obstruction
6934.892532589545,-0.34117032267849223,-0.7972142247288524,9.3422013703866,obstruction
6939.89223131415,-0.6492677798675968,-0.6609306368689067,7.482801548270089,obstruction
6944.861470258171,-1.9011244395436466,-1.0448996046625885,8.406452948676593,obstruction
6949.807128339487,-0.22848107109980742,0.053154765382276745,10.831552565054674,obstruction
6954.752138283612,0.7224681484959901,1.2783785096205258,11.742734040482725,obstruction
6959.789276895179,0.9815112915843442,1.5563361095668453,11.334191274944073,obstruction
6964.8031946078045,0.44870278997346363,0.15171052583942468,10.46197386550084,obstruction
6969.874935692424,-0.01854436661344916,-2.050627080073904,8.919840016577474,obstruction
6974.939174821936,-1.1513099645071505,-0.6970910985749857,8.82850107712511,obstruction
6979.94280413528,-0.9820558004871778,-0.910206920826839,8.651467552076289,obstruction
6984.933966745359,0.642771524265157,0.9027116244522474,10.288066445610818,obstruction
6989.915392254351,0.735306933746942,1.51581819219092,11.268631788035144,obstruction
6994.961055856449,1.5353984498515656,2.3048561088190325,10.806241726674777,obstruction
7000.064692696637,0.21795122460819105,-0.13510000036632777,9.496042735558822,obstruction
7005.117310399661,-0.4813639342088406,-1.4398194035288772,9.101686319083123,obstruction
7010.128029142201,-0.8245752845038634,-1.3692697018968685,8.243088768161309,obstruction
7015.184117689003,-0.5866559732995851,0.15294792390305473,9.693672929691738,obstruction
7020.180681189429,1.629391518368183,0.7065162296320049,10.590269626269826,obstruction
7025.202513403424,1.775192424614814,2.70463754670316,11.319924454727401,obstruction
7030.270877891795,1.4356082609627614,1.9254806173737808,10.7988939052593,obstruction
7035.313646609333,-2.077154777289431,-0.2110470564561422,9.266026235083789,obstruction
7040.476955009444,-0.84602128338407,-1.6238254545845685,7.99847203884633,obstruction
7045.505855062241,-0.6059208486975612,-0.03029379811798316,8.302795130207219,obstruction
7050.535164448906,0.9506670216723434,0.7419273736035574,10.221241019526918,obstruction
7055.537017973592,0.4858642496935769,2.173457630770801,11.118354296273484,obstruction
7060.479495717863,0.07771980999770722,0.4258441659912737,11.383814499145727,obstruction
7065.468061394387,0.3587366673032442,0.6297006634484708,10.193940521894062,obstruction
7070.4262564683595,-0.1888553502970915,0.28634461337069606,8.953428538175878,obstruction
7075.407785575415,-1.966475791115673,-1.704722041131177,8.58691581410688,obstruction
7080.410267810255,-0.8072335155266566,0.49124378669571034,8.092673219459472,obstruction
7085.376203681983,-1.1990610993508566,0.6008352594360424,10.650989316651254,obstruction
7090.387505762296,-0.05655953539781389,2.244013888717149,11.531471692085862,obstruction
7095.411074267877,1.147962738259493,1.6908922836850888,11.761726312484397,obstruction
7100.387407799171,0.005122459307793932,0.4419472964473882,10.552314405712961,obstruction
7105.362845409857,-0.9731884085350289,-0.5497920312993003,8.590482614386225,obstruction
7110.341817869901,-1.902749901800432,-0.6711515209738659,7.481433858893441,obstruction
7115.217745599745,-0.6375837431647278,-0.9016957267714725,8.478102876404183,obstruction
7120.262185552932,0.5181816922525772,0.49306163291768934,10.279706890657806,obstruction
7125.186498320721,1.3849587414414486,2.026798686116798,11.653471889025464,obstruction
7130.207034142955,2.0097898070655122,0.6390245974284705,10.771636946205652,obstruction
7135.10059944193,-0.3806387921629623,0.5757247316951374,8.971801820663968,obstruction
7140.102411241253,-1.1864375569520231,-0.5843136326324198,8.074290749277752,obstruction
7145.159321311446,-1.2392960339983123,-1.4181392800040604,8.352318535900592,obstruction
7150.164259564298,0.8861809568287093,-0.9153560264925138,9.774773270009845,obstruction
7155.215377108085,1.550871880391579,1.6682706998389152,11.01032273155694,obstruction
7160.082488949215,-0.47245974519916234,0.3776565590270716,11.031142153422573,obstruction
7165.086498253488,2.0532655883114526,0.5924968436300433,11.52541246964474,obstruction
7170.069538052348,-0.9639750618043902,0.18624679090295715,9.971098975311097,obstruction
7175.057610965848,-1.6298179581443282,-1.1110599612784289,8.129299028312506,obstruction
7180.072766601703,-0.6058710003737793,-0.39985171112467344,8.540113435917426,obstruction
7185.06262552986,0.2780666080269948,1.0288415229009797,10.96537808642496,obstruction
7190.036076672921,1.5894284548242683,0.9710950487580511,10.839631698357124,obstruction
7194.9522520709315,2.198191809684136,0.5016539543933008,10.497603750497555,obstruction
7199.890132305218,0.18945684120711564,-0.106124376634594,9.076818131766398,obstruction
7204.9396387542465,-1.5335109141835406,-0.9807533184865496,8.80636973171547,obstruction
7209.844972544823,-1.0317519126285586,-1.0750565589938719,7.629476090636344,obstruction
7214.843154638592,-0.33310176681759857,0.6132585223293556,8.891427339484178,obstruction
7219.901920732589,0.6567584036223775,0.9123464959087786,9.982038521446475,obstruction
7224.877582803537,1.2110728883521742,1.732802390055992,11.110092970453564,obstruction
7229.952454681698,1.9197537135375113,0.9205277003101779,11.439749892876382,obstruction
7234.993244622917,-1.3395298653974925,0.0173724677243694,9.644305951669795,obstruction
7239.98658811751,-1.1215797032414676,-0.9696002094967577,8.966089985403226,obstruction
7245.058394213204,-0.664848253443193,-1.2671343494592446,9.534235722321911,obstruction
7250.147048309334,-1.1533677053293196,-0.6324301824224241,9.562578044074046,obstruction
7255.1804888176075,0.33469604001087483,1.624294747141068,12.140332752597898,obstruction
7260.170403719975,0.6032577871778985,0.9892473923003888,11.125141364689378,obstruction
7265.041417158057,0.16857969549012422,-0.21822497713040423,9.297786434431003,obstruction
7270.002013568343,-1.2865806514778653,-1.0132608889694337,9.171624325921542,obstruction
7274.954062417425,-1.5721652653521416,-0.5957772614780253,7.940433942560123,obstruction
7279.935880342002,-1.1108572001955355,-0.2554203765654828,9.53744194854378,obstruction
7284.97447287857,0.6450055041160936,0.2507871007401673,10.839772921500346,obstruction
7289.954497654476,0.9177380357018579,0.6179733362264692,11.308115756014901,obstruction
7294.971629252192,0.808833171373465,0.09391779995231186,10.737773231120297,obstruction
7299.865434771746,-1.5049141499174556,-1.1742474418803002,10.298941082058908,obstruction
7304.898534931185,-1.1195260615199747,-0.8745451913357362,8.345987564507913,obstruction
7309.880660831704,-1.4691997919466129,-1.3282856037475574,8.49061821699826,obstruction
7314.864928268974,-0.017954596821120064,0.5331286020349227,10.395678745115443,obstruction
7319.933029625322,0.8448362489704278,0.2762514618485331,11.426930114577825,obstruction
7324.923339114032,1.6915779477937152,1.0504616240798017,11.409875113498764,obstruction
7329.897627597734,1.365493787538019,0.3285589662994023,10.325846519297574,obstruction
7334.915417431968,-0.49984665427664554,-1.0565350785876044,9.386547700459321,obstruction
7339.898538543271,-2.007952107207137,-0.7510234078552809,8.247069900724991,obstruction
7344.938229949138,-0.7368117456341926,-1.6151475222323852,9.475827610023138,obstruction
7349.964043534358,0.17981016442891173,0.770465959649109,9.88238376844628,obstruction
7354.896153409377,1.3070882061269942,1.736846073768422,11.461503082883151,obstruction
7359.998768748288,1.9932366756400302,1.2087293491957456,11.933772338741685,obstruction
7365.200159324921,-0.5030828972197282,1.0083185581746101,9.614091590988055,obstruction
7370.196184461232,-0.8265313395435457,-0.9001451085179974,9.329680014227124,obstruction
7375.144257363522,-1.7527543067851166,-2.4527266641205054,8.762677369854352,obstruction
7380.109926397352,-0.6794078448151343,-1.258794663939911,9.399938473954657,obstruction
7385.132703887329,0.9574758108153618,1.1263057936489451,10.832301668190086,obstruction
7390.165905831656,1.9606791927687808,0.9504868148611778,10.874134329005523,obstruction
7395.167710207539,0.5915182531566353,0.09298951763648944,10.697420480526507,obstruction
7400.104731252971,-0.43324176995061137,-1.1523428966797642,8.988215462956164,obstruction
7405.214373627026,-1.4278217520719292,-1.0796338273663753,8.16522939716134,obstruction
7410.250969538197,-2.1015714208853646,-0.7647904177871379,7.98909558317653,obstruction
7415.372481642055,-4.974854541122017,-4.939392388734935,5.595477669820268,obstruction
7420.432549730201,-0.492489864811647,0.5622125897803683,9.739361494194489,obstruction
7425.42087199995,1.3095855616965768,1.3066979387246715,11.219662972148809,obstruction
7430.345533928615,-0.750813397360649,0.7022717635082976,10.28713728243178,obstruction
7435.406925511668,-1.434313591992478,-0.5949775653498655,7.946911957764441,obstruction
7440.416690978813,-1.773190477964242,-1.2945831934976713,8.575344352120545,obstruction
7445.500900287518,-0.45856709765682324,-0.5902239873535153,7.7424818021903,obstruction
7450.492511433439,0.4838020766531014,0.40227874679872117,10.255875145363861,obstruction
7455.400257273184,1.5915302398786937,1.4303747663265776,10.908024806703882,obstruction
7460.387238034002,1.8494294336266948,0.4768449081067332,11.075863016762815,obstruction
7465.288955956531,-0.8590132910088341,-0.8768722028847185,10.003592754050812,obstruction
7470.230474966421,0.25033834717562287,-0.6333380006566585,8.93707995462817,obstruction
7475.211336409227,0.4849498902314082,-0.43595576140913417,8.325389827679224,obstruction
7480.250997284545,-0.21681641391768672,-0.47842126741888163,8.980624631154924,obstruction
7485.213731036323,-0.26937990413561863,0.6835330625784124,10.184086024781214,obstruction
7490.309855315844,1.6811920672316378,1.715987827999404,10.959332577609251,obstruction
7495.297021296304,1.5001782003109911,0.5498654490009567,10.203197386379244,obstruction
7500.268872738369,-0.48214644627203085,-0.3138145923292078,8.738083123868586,obstruction
7505.2880401050215,-1.1728733917821927,0.26281592121584896,8.628545779551278,obstruction
7510.344147625609,-1.5331959721511739,-1.3679877179704727,9.078265910301834,obstruction
7515.296351039857,0.18741293778438428,-0.9553879360335538,10.518798474976661,obstruction
7520.3366838504135,0.44634820776704087,0.7157658177602363,11.570319041635633,obstruction
7525.346349369421,1.1421171010777267,1.5388020107910005,12.293923373353001,obstruction
7530.307247535753,0.5279950053218823,0.21943213150909519,10.319745138687143,obstruction
7535.344970431937,0.009004521591018555,-0.5452664355288147,9.3798347174465,obstruction
7540.325509487129,-1.282497327058919,-0.9932951935044049,7.870353311743673,obstruction
7545.322769473796,-1.2463566248780558,-1.8828109380392317,8.337455621980256,obstruction
7550.303197803836,0.23520530318482574,0.34880264577262354,9.846426678190904,obstruction
7555.334246692493,2.094062383116716,1.4348200474427513,12.1036774419818,obstruction
7560.318371868434,5.867293116107023,5.039224083712828,14.215991155861655,obstruction
7565.336084022512,1.2485774281281752,0.05664351013117236,9.977421832865028,obstruction
7570.329661459567,-1.1083346493418005,-0.07872135830105464,8.443957827370019,obstruction
7575.354654494072,-1.7567814017504109,-0.21056185445665365,8.293101646134428,obstruction
7580.430792741838,-0.8952085770859328,-0.32832238087698307,9.303954172276145,obstruction
7585.465860151185,1.4000429327568313,1.232308436634681,10.802916814568936,obstruction
7590.4167739963605,1.0697230191061113,1.7193642702915413,11.751779465146699,obstruction
7595.432463092673,0.965267222354038,0.6376122281303824,10.262456829924997,obstruction
7600.414596139319,0.6955988138521052,-0.2958368475543817,10.289646820909798,obstruction
7605.443993131472,-2.188015049724776,-1.168822411652017,8.365955087789446,obstruction
7610.378022100381,-1.2898863116203898,-0.4542917187932939,9.025180553066654,obstruction
7615.441359013639,-0.5152291259886888,0.49478973777450475,9.683088371360393,obstruction
7620.418520472325,1.302679842904691,1.555006258687019,11.318482951642814,obstruction
7625.497663140428,1.284274799088404,0.5012496516328867,11.66261471559645,obstruction
7630.4976044743225,-0.17311660153416114,0.6875246901430467,10.256873414156074,obstruction
7635.4208438470505,-0.36744601981098396,-0.7264808904080814,8.473514045444311,obstruction
7640.370450839809,-0.9709992012110753,-1.3761883703777738,8.569453121498116,obstruction
7645.353321561867,-0.8609304365841973,-1.1982113086915713,8.56167441403255,obstruction
7650.280343567138,-0.10182197674689951,0.07777070162980758,10.243161287444593,obstruction
7655.216595362433,1.1976015597575957,1.2851275336332193,10.389760520476852,obstruction
7660.113111436588,1.122498279087821,1.5659457328918485,10.982967638598835,obstruction
7665.095594343274,1.503903167876444,-0.4766135766589502,9.974614941649685,obstruction
7670.052131441072,-0.26544326284028935,-0.2444117258680834,8.555061665944965,obstruction
7675.086386850487,-1.2620767478062096,-0.6549260027638663,8.472344856579738,obstruction
7680.058825136883,-0.20548949900617408,-2.0116957441194314,9.358010440821834,obstruction
7684.976207074266,-4.002997078779844,-3.282395638741539,6.799601026390523,obstruction
7689.8700012960235,-0.10074220844956105,1.3546208568455016,10.423946640223175,obstruction
7694.91722850189,0.8506292139687588,1.3623039062870277,11.08144187687625,obstruction
7699.976275676732,-0.8240445873432448,0.47862477091423544,8.866192252251698,obstruction
7704.975455243612,-1.492434822417835,-1.5068967792077679,8.74212316733148,obstruction
7710.002005948692,-1.342822302754556,0.17354102554252604,7.5427415235629525,obstruction
7714.928856439496,-0.4021760215172601,-0.16186112165764643,8.899773389350457,obstruction
7719.855475107573,-0.8860578405019652,1.7228556328415305,11.141527278391218,obstruction
7724.844717427165,1.0233629669193196,1.161807315040927,11.562667114995062,obstruction
7729.909491616668,0.9936286094089566,0.9392902672716348,10.85604129388229,obstruction
7734.915587541683,-0.2194250217988446,-0.47903100741789834,9.881396995049462,obstruction
7739.910797822272,-0.7956718370640752,-1.0834559416716718,7.680087540003159,obstruction
7744.871284091091,-1.0809989860639146,-0.4594098393835356,8.205542873545733,obstruction
7749.897698896041,0.24806740829656798,0.8307289851780403,9.666052520187884,obstruction
7754.892958747162,1.81757043891505,-0.3591106484802785,11.170666672760971,obstruction
7759.903247965698,1.1045673873783604,1.069497587087594,11.252753958469578,obstruction
7764.894004366551,1.3968758415906875,0.0523584031304673,10.22223491729785,obstruction
7769.868700637349,-0.37893422042744473,-0.524962264865167,9.74416161472555,obstruction
7774.923804396644,-1.0628306588710728,-1.5641529084874395,7.8184976726416275,obstruction
7780.0260738736015,-0.8500653439141866,-0.47372009542175764,8.755139698993242,obstruction
7785.057764704939,1.7310307461219607,0.7957414775299996,11.18558762492271,obstruction
7790.062439910399,1.5996423411435932,0.3780714386434142,11.779987613816967,obstruction
7795.1599768200485,0.04003714482344811,0.9138868834488456,10.00422570487878,obstruction
7800.179547451977,0.6489647787836618,0.28157284398411586,9.841099786791968,obstruction
7805.178533780534,-1.0318508368566501,-1.3459962884292467,8.135241226929168,obstruction
7810.175476536578,-0.5677847988583486,-1.421956180503269,8.502150611056901,obstruction
7815.157948822704,0.4124891517674752,-0.05781250836555356,10.488673874306185,obstruction
7820.215047204081,1.4326084350103991,0.12449869481181941,11.399130721374481,obstruction
7825.153954602118,0.9500950917473059,1.0042129178249515,11.172247875350484,obstruction
7830.2446299597,0.7219511975011808,-0.14166893534795433,11.00636449784659,obstruction
7835.2780370129,-1.2050233387329348,-0.5761562141010443,8.96491308804696,obstruction
7840.295108577494,-1.353284637816879,-0.5089122303261449,9.324193858781864,obstruction
7845.385609976148,0.29993884305547514,-0.016899227955680995,8.025660961031214,obstruction
7850.324071667823,0.5670488806202412,0.6179737211703618,9.983710963233909,obstruction
7855.204845259515,1.093895426828702,1.5956267163262066,11.077290143094602,obstruction
7860.231109514151,0.5855007000502831,0.8807230563167134,11.314794773840031,obstruction
7865.190044375669,-0.9624977125450989,-0.5480093507883865,10.303286238188472,obstruction
7870.174965228113,-2.3926091712409874,-1.6056984441803286,9.029534137680573,obstruction
7875.15291773199,-0.6915889755592561,0.03311369020795851,8.79072825771669,obstruction
7880.044742672015,0.015771561792538413,-0.0027705196642864305,10.351097035114563,obstruction
7885.1667691373505,0.31813774395371236,0.9106019081630679,12.181784595991703,obstruction
7890.219751731659,1.2343143592117378,1.3037176838999112,12.167120916770024,obstruction
7895.196882413134,-0.098959016158778,0.4447636993834667,11.013391167140798,obstruction
7900.123967809177,4.648712842283356,3.9862608089398144,14.195546788122053,obstruction
7905.154864653526,-1.2338889800692938,-1.5939776062698505,8.210546189359116,obstruction
7910.082396559521,-1.1328764504924251,-0.884507760294879,8.561320370244834,obstruction
7915.022322732323,-1.0269210515419345,0.6066955397697222,9.391543378320215,obstruction
7920.091073154512,-0.17666635174497947,0.8937272922415774,11.134424179510185,obstruction
7925.083422554841,2.0589015478390023,0.9115493594567825,11.911523737867483,obstruction
7930.2160530792835,0.0500900703984592,1.023660160475517,10.127635794284638,obstruction
7935.19959580034,-0.5659343823326203,-1.2731470528766593,9.037124329475475,obstruction
7940.202507934586,-1.9033076764109864,-0.6561395678848544,8.57801023479181,obstruction
7945.3552145957765,-0.9231794624857952,-0.9544155039941598,8.257426623837308,obstruction
7950.28547539525,0.5863030415729207,0.08463880557676773,10.177832410121553,obstruction
7955.195652942275,0.6204253991098879,0.2562413122929589,11.37361702532675,obstruction
7960.192816366494,1.0586663483790562,1.318314291908813,10.68207482697918,obstruction
7965.148525972971,0.6961581018904446,-0.1915645601710975,9.852076128308207,obstruction
7970.151169067596,-0.661751189285424,-0.5479065899552669,8.514953509920003,obstruction
7975.19743728947,-0.5254494229111744,-0.9723954604920506,7.744413934194979,obstruction
7980.09078118871,-0.7403867439020931,-1.2173534748967916,8.638810705109748,obstruction
7985.0501683430375,0.21391359097267465,-0.35649163801248757,10.460216724160144,obstruction
7990.019615028124,0.8738041924685325,0.30220224080427605,11.06765124388943,obstruction
7994.879442709869,0.7154862078028275,1.4768671768683128,10.75493089500673,obstruction
7999.833864213768,0.541422779970547,-0.3516418734713612,10.244364438887773,obstruction
8004.793629041449,-0.8517475990636808,-0.4227380868041667,8.806435186077282,obstruction
8009.792358123832,2.7243217393297927,2.882610169362104,12.373848022709701,obstruction
8014.763346683311,-0.4455906059000322,0.15856494754442735,9.56763010939639,obstruction
8019.706415833451,-0.1951731530502615,1.1766908131300637,10.858775812747957,obstruction
8024.759116697547,0.990006163711273,0.3986975688882519,12.133281358902957,obstruction
8029.748026438088,1.2764339430375502,0.26194898341230416,10.525013785779247,obstruction
8034.658247616195,-0.11599147146820504,-0.5349136375165892,8.771519601595385,obstruction
8039.737135746225,-1.541853233204769,-2.311720104820912,7.713779698135102,obstruction
8044.715057661035,-0.8033079986120799,-1.779433295651458,8.484442214703186,obstruction
8049.7172479906385,0.22253829468632838,-0.1389366656322969,10.015020753338943,obstruction
8054.696951457222,0.7269754083164486,0.5530606851939586,11.69882311866061,obstruction
8059.643533751375,0.8296081802567998,1.0978977317553453,11.78501733591658,obstruction
8064.7516343984635,0.5076312989431153,1.6198068182099523,11.1330220806066,obstruction
8069.792827014343,-0.3804768132809024,-0.13504415127589953,8.522714841431544,obstruction
8074.836036374103,-0.41503332739765864,-0.8766656251197338,8.459041083288838,obstruction
8079.806070846889,-1.2325775193615949,-0.681923717579495,8.640162082202096,obstruction
8084.80840897321,0.08190691826458527,-0.07000249014504092,10.153732238880625,obstruction
8089.855663185126,1.7690619633837654,1.7382271712249098,10.525377555304733,obstruction
8094.835629764503,2.0931190292160715,2.66179879934454,10.29221627153889,obstruction
8099.916316284927,-0.04392377649197542,-0.9077170098302634,9.401809438548355,obstruction
8104.842879892571,-0.43130833131176716,-1.3583869891961724,8.851769630207828,obstruction
8109.797520622681,-2.7062708434530567,-1.3320286406068629,8.575670756283087,obstruction
8114.74566659968,-0.45751417263499705,-0.4216775240304094,9.895211695602233,obstruction
8119.679720892192,1.785260617497907,1.4219952799771052,10.51314955971208,obstruction
8124.656038681253,0.49891745040920066,1.0300840515731557,10.762526714887306,obstruction
8129.630670360704,0.9530289460864128,0.7660756501010931,9.698815649896641,obstruction
8134.597796721073,0.20396073372292667,-1.5067476341322186,8.768613435042443,obstruction
8139.672039838805,-0.6680652653450461,-0.6882637118765036,9.671918534446611,obstruction
8144.679783447803,0.28691352654127467,-0.8726857528179501,9.1184974644516,obstruction
8149.733320005641,-0.5007154690066085,0.668152371483502,9.915925775604276,obstruction
8154.714389633007,1.162221751689914,0.8297751421352816,11.130305441131796,obstruction
8159.658526495433,1.068473841649672,1.032624128324845,10.45221291974451,obstruction
8164.576036819111,0.6510507493069692,0.8147854504140444,9.676862952612842,obstruction
8169.531757747079,-1.1155168203936798,-1.0201003070047887,9.29019864463964,obstruction
8174.5628713220685,-0.5479339129872053,-1.2936415141825224,8.459136743273657,obstruction
8179.604414984915,-0.12275655973069322,-0.2812584934691527,8.90400344779095,obstruction
8184.578335940482,0.5109273580530866,1.2374504214990758,10.357468509509003,obstruction
8189.527086883878,2.0668958345247628,1.4469869394565191,11.555330259355213,obstruction
8194.449609311661,0.47486993873520805,0.5982294122603813,11.299245243825814,obstruction
8199.34508271885,-0.30590150861904597,-0.49248162525709044,9.082006516644975,obstruction
8204.298283771954,-0.18605921506525713,-0.6786009559944417,9.25316438750357,obstruction
8209.363214765754,-1.3371373661727233,-0.9471202019909737,8.55314632871904,obstruction
8214.332691818308,-0.24982255922055419,-1.3459942049029283,9.91570732607336,obstruction
8219.306381728662,1.13779762569945,0.9797388446247947,10.657356980310924,obstruction
8224.26614813019,1.7247539891007997,1.2059678592966634,10.941041704897147,obstruction
8229.258283624193,0.7244624498956965,1.3503005655457603,10.999792392217696,obstruction
8234.218958820386,-0.005673570583203058,-0.21844694814730725,9.765459883517908,obstruction
8239.16457634026,-2.225933929490715,-1.193164853227651,8.883907063645415,obstruction
8244.160296529533,-1.3185300039709165,-1.4400565725462187,8.076864112688513,obstruction
8249.141874830622,-0.35389940848491996,-0.3667881974414412,8.752187464189635,obstruction
8254.191289245586,0.8499785193402628,0.2389338218931082,11.138089359545056,obstruction
8259.22201234271,1.0049262393151785,0.7554100301434474,11.05022903741115,obstruction
8264.158834132975,0.4597845734311661,0.19158062980414287,9.866182455917503,obstruction
8269.119425512996,-0.26562398594326997,-1.6229893665999313,9.006416371595831,obstruction
8274.134438737266,-0.8766113044738932,-1.7875279079021342,7.99608904113307,obstruction
8279.150008866509,-0.29478065041452617,-0.9280742881046264,8.713551362924301,obstruction
8284.191184447507,0.4547175139211781,0.7804611295580314,10.331414844764472,obstruction
8289.212340271964,0.9855053199118029,0.0888852924529604,11.7638859331924,obstruction
8294.229574456022,1.1129518963502687,1.5233007766501605,10.917637882583175,obstruction
8299.183991904885,1.0467335120532957,0.5064644918491057,9.524914342030472,obstruction
8304.190052379086,-0.8960981943768763,-1.612109088783407,8.605875691860748,obstruction
8309.150151153226,-1.8392195007638656,-1.0737654644893486,8.056937701334414,obstruction
8314.100487016307,-0.08235889130640911,-0.4454797513786261,8.199145511170778,obstruction
8319.068427006756,0.11315739081048315,0.43034981591501564,11.225327551919783,obstruction
8324.134346426097,1.0600381943074828,2.1471185167327396,10.720758077652867,obstruction
8329.120999967485,0.25629389770965927,0.6145573774340078,10.651372780638361,obstruction
8334.10914727235,-0.42604853571932977,0.03707528235332053,9.419014772718045,obstruction
8339.091381454844,-1.632552226526962,-0.5710499758472317,8.81398421433235,obstruction
8344.062720555137,-0.8956255077305024,-1.4379573363830134,8.146009431770713,obstruction
8349.158435783967,0.6420711459838947,-0.20848071487225728,11.019267501549193,obstruction
8354.125270975159,0.3228593535205202,1.382700086108344,11.160587905020328,obstruction
8359.091277600928,0.4929167351190188,1.5297862603960999,10.996771952831898,obstruction
8364.099019738234,0.6729797110967111,0.7495882513587621,11.085832398925069,obstruction
8369.063670435264,-0.6656823841712354,0.19389930822728096,8.134728381695412,obstruction
8374.095192274946,-0.36065324596454884,-1.9799252514985293,8.228665546766361,obstruction
8379.115988652635,-0.46447925695236014,-0.05060743623398556,8.922290932756733,obstruction
8384.157307076866,0.7838671074976797,0.7488377087831405,10.485876288192218,obstruction
8389.148627669963,1.384954393886041,1.2226500482779674,11.64270405605664,obstruction
8394.145886992446,0.03541261176596977,0.3309785421015752,11.13893171265028,obstruction
8399.136653137642,-0.03806409696440889,-0.360638474363856,8.846510948850186,obstruction
8404.098815172541,-0.9317758076406627,-1.2434170710344352,9.288774866164609,obstruction
8409.068527512103,-1.5223222978565385,-0.7273639881428391,7.856012481490834,obstruction
8414.02250792055,0.07688928232547809,-0.10361127311944371,9.77966683315464,obstruction
8418.97656661498,0.7736782727254624,0.6161083664450456,10.578479973546894,obstruction
8423.988667816175,0.32848235562311767,1.5467551300717783,11.1503244483373,obstruction
8428.885932742163,0.2309275387297297,1.0935195628995589,11.275156705139484,obstruction
8433.95194479919,-1.3082144829925597,-1.0950185683823315,9.130267046091667,obstruction
8438.851605340134,-0.6770386961109254,-1.92382399282084,8.619523954764,obstruction
8443.883661391777,-0.19334015684807826,-0.35745655076536476,8.324894116211851,obstruction
8448.8692644197,-1.0934713001508003,-0.32211806655374403,9.331141283776253,obstruction
8453.856912291425,0.9818344226040872,-0.01322879079616568,11.102554903055147,obstruction
8458.796633211385,-2.92663603863744,-2.789833510305495,6.570680495804495,obstruction
8463.766923915908,0.36023137387533155,1.0890419753654355,9.798090170970319,obstruction
8468.7448104475,-1.8502889215185565,-0.14650837627322133,8.278170597505095,obstruction
8473.790347609971,-1.286664749708322,-1.22812961026505,7.948804698314805,obstruction
8478.737086304995,-1.927469171168024,-0.8699752536273946,9.524778016898953,obstruction
8483.800860067593,-0.9443838004907659,-0.20078814823553942,9.731914879183872,obstruction
8488.819560235506,0.3697956197772452,0.9990601429296276,11.632209394021954,obstruction
8493.818833560945,0.22889199465774934,1.4559179464879046,11.140032913063783,obstruction
8498.77346251332,-1.6463234878875075,1.3651356449617555,10.96002878201278,obstruction
8503.751176275175,-0.4915719840599518,-0.7717402423893239,8.695577026256293,obstruction
8508.766190695394,-0.14080815724821694,-1.8072845311922598,7.368315902463323,obstruction
8513.819910061584,-1.008556288809671,-1.3214343934833492,9.764663691622145,obstruction
8518.883211199338,0.46240502122629856,1.0665640147558633,10.681670833514719,obstruction
8523.842664111515,2.5299030241159737,1.3040965393199513,11.296667726008492,obstruction
8528.859989113853,0.48859562943471785,-0.13039500539113047,10.776265874162434,obstruction
8533.895523966645,-0.4585584714396513,0.42685865001039613,10.32737919030423,obstruction
8538.897651236422,-0.760966591333263,-1.945425777844437,8.892131492816983,obstruction
8543.880191504739,-1.2055773997270807,-2.164605804194772,8.783951003609273,obstruction
8548.823854960312,-0.4602533074227798,-0.9777329744074787,10.106410486778744,obstruction
8553.83133988463,0.7452775437438226,0.8699878894448158,11.160464236295752,obstruction
8558.837606820403,1.6422450519618599,1.6274828457162434,10.718478145657892,obstruction
8563.788821589942,-0.034818860424954245,0.31117917026113273,10.392632890428246,obstruction
8568.815641869938,-0.6821163741548967,-0.25577651977190013,9.01016382537787,obstruction
8573.838594467017,-0.13800224118640125,-1.551311347104848,7.972079559615323,obstruction
8578.835762117367,-0.7562066955785451,-0.36235301212574944,7.922621831649591,obstruction
8583.851520631619,0.7513713632658527,0.10672629644664774,10.004060341329202,obstruction
8588.801741529602,0.6364341538610436,1.6152562744612706,10.952898930952976,obstruction
8593.631786726915,1.7676298311348901,0.6391728917040477,12.186243524350106,obstruction
8598.631483367184,0.7447032003231755,-0.1345540609339933,9.221487984187245,obstruction
8603.634845044997,-0.8362140632008753,-0.8071643033617164,9.136340849063389,obstruction
8608.492491619392,-1.5060653755970332,-1.1419494847548384,7.05414127328952,obstruction
8613.582843849768,-0.9299895220006872,-0.8996210245628289,8.840922204070047,obstruction
8618.511891710516,0.018272471535585116,0.0011836630928192815,10.413373250396475,obstruction
8623.555229990954,1.308024026778662,1.7603031756624348,11.135203928368087,obstruction
8628.541135885911,2.025382169438519,1.488997291097051,11.795370258343265,obstruction
8633.54078219191,-0.3168945247854425,0.14512090620425402,9.669920802711044,obstruction
8638.60576563378,-0.5956808493709751,-1.1069470572390725,9.05709135563804,obstruction
8643.57675949016,-1.6823299081603185,-0.8709322821826262,8.191489404092444,obstruction
8648.603532043178,-0.686626951249552,-0.27531033194221627,8.925376056516404,obstruction
8653.519324633606,1.4910224484947499,0.9342242719946614,10.336662102221426,obstruction
8658.576378437763,1.4377858692431353,0.6672921853024439,10.91372990190487,obstruction
8663.609898028903,0.6612841409933512,0.8201574386479893,10.788939336305415,obstruction
8668.579658612025,-0.8881040337361685,-1.1682287413820718,10.210689140409078,obstruction
8673.551139023866,-0.4951911105279754,-0.39476148882176976,8.740410467657432,obstruction
8678.589606351263,-0.37136527831049715,-1.3360781043896852,8.23533753962893,obstruction
8683.513059894653,-1.1366777800096775,-0.49775776885757206,9.280504868261703,obstruction
8688.466634154476,0.750144507767056,1.1047640212991543,11.227127240597154,obstruction
8693.43248009099,1.2209777762503153,0.2565669330921686,12.048439759232942,obstruction
8698.446344226148,-0.18248974182549782,0.47601084039588826,10.890254168215582,obstruction
8703.450040401287,-1.1807549109025735,0.15743412251649405,9.826341553226259,obstruction
8708.446961597012,-0.5401641581479524,-0.41159605579171044,8.854989039378943,obstruction
8713.347385921563,-1.5852390727001722,-0.011203007794554187,8.663410730882442,obstruction
8718.37374254015,-0.22995031765831997,-0.1543883298475615,9.49174580152937,obstruction
8723.277572898298,1.107241306180914,1.084276642112009,11.041995370120361,obstruction
8728.254186374928,2.1282260070669414,1.8138694132920037,11.430738970021348,obstruction
8733.27621255837,0.4461031923133878,1.3146134934050826,10.620825164226412,obstruction
8738.27433957493,-0.855503467914564,-0.19896920998287682,8.198430624813222,obstruction
8743.323016497878,0.18043751007348563,-1.1684039933646855,7.857199365903904,obstruction
8748.303994974582,-1.0056206016681704,0.28929703277216356,8.401379143601496,obstruction
8753.24216832806,1.0256781826035393,-0.21821694140312015,9.162769578161367,obstruction
8758.293711725022,1.537972336937461,-0.03743499534863881,11.04358724056615,obstruction
8763.335580622743,0.5918165376836257,2.2325326492931965,11.207933514413925,obstruction
8768.3501641008,-0.21571736582862416,-0.1246078860348672,10.363925017185592,obstruction
8773.32842218882,-2.050216411593863,-1.0041851717791712,9.164949896519529,obstruction
8778.323199984794,-0.9225009908528009,-0.1821675913812466,8.433190029190872,obstruction
8783.383689957678,-0.8827962891262078,-1.0536033777457203,9.603230349104521,obstruction
8788.405068986714,0.8159221065047741,1.1097092086194675,11.26665122851781,obstruction
8793.354275455345,1.0992273112280253,1.1226139121397831,12.402018678898536,obstruction
8798.30955738105,-0.08799421396168694,0.31372323254579065,10.496621314617416,obstruction
8803.305556005233,-0.783208460434369,0.40902370409146366,9.249366026207984,obstruction
8808.265758536094,-1.0141945757476862,-1.3564397488347402,7.9386393073220605,obstruction
8813.277985014403,-0.6091108210094356,-1.9142308376088129,8.021539794955936,obstruction
8818.24954326628,-0.8274789393243835,0.5804661475536217,9.086117369261098,obstruction
8823.328974037584,0.2978657272300309,1.7072173765734224,10.914527702161884,obstruction
8828.277810219794,-0.12292658849317317,1.492121952179935,12.216781139415954,obstruction
8833.266968371767,0.24445569203866674,1.2353777831992288,9.877778504047399,obstruction
8838.160595184385,-1.5356596430826919,0.34978863053111087,9.631711970131713,obstruction
8843.084552313481,-1.589859986463831,-1.4649734001219141,7.9222853455958,obstruction
8847.985379847163,-1.269401872290506,-1.7455559333254946,7.93647165870006,obstruction
8853.009912329373,-0.34874968841181797,-0.307157314454932,10.389439999920986,obstruction
8858.019854722073,1.3978668819252933,1.4502797845250213,11.277056024629848,obstruction
8862.975864527525,-2.6545395810606083,-2.8227817078315556,7.554232942696825,obstruction
8867.999722727043,0.1627960236679079,1.3900384278618247,11.234253905960161,obstruction
8873.000819914141,0.013441610625348432,-0.11810215739124513,9.694945502243698,obstruction
8877.952431989042,-0.6833306413064375,-1.9528777911746567,8.541925016865461,obstruction
8882.934443538288,-0.5063518472671795,-1.8666369637115525,8.569547200249831,obstruction
8887.946297453624,0.02283439166646903,-0.9645949922862325,10.088443635811746,obstruction
8892.935609734599,2.0185431241338296,0.23907921164271384,10.927137633224419,obstruction
8897.966086146875,-0.016747912700155965,0.5922521548187446,11.203643864912397,obstruction
8902.934320205935,-0.44533299565855294,-0.12129618998259695,9.341731411950285,obstruction
8907.909600968553,-1.293714841898276,-1.2128312149313805,8.5172146870434,obstruction
8912.848445077194,-1.1616095987652686,-0.6167290324854512,8.129393646162018,obstruction
8917.830734163179,-0.4980480403897507,-0.551576856555512,9.26911959435175,obstruction
8922.864787500144,-0.7566849894641791,0.43165302678186074,9.832109419153987,obstruction
8927.979871591924,1.1358404322062645,1.5563907168394793,11.31270718049623,obstruction
8932.930707801215,0.19350228697996763,1.394715520508419,11.300420490300068,obstruction
8937.841677592061,1.2460861913683208,-0.5076559846314121,9.119377888044237,obstruction
8942.908814837176,-1.1237599143832036,-1.8827496545700537,7.939032359189235,obstruction
8947.956444218467,-1.3433622464253578,-1.6604273186417178,7.8367740741008065,obstruction
8952.935515582025,-0.26577851208806386,-1.1983810330050841,9.554528564879048,obstruction
8957.907190206648,0.6973633261918536,-0.050761041900280524,11.233493588935653,obstruction
8962.865197150468,2.0696158647325977,1.5187185127408456,11.506589636306035,obstruction
8967.809493178813,0.4646376010268116,-0.5380805116315074,9.853315662246358,obstruction
8972.843537027842,0.222104564810496,-0.46929469661714773,9.936866073919086,obstruction
8977.93290929101,-0.8888940290400293,-2.66128112812199,7.602628724596308,obstruction
8982.909154748819,-1.2764811193678927,-0.8602760144147484,8.98463583325836,obstruction
8987.911083444662,0.1289563161072231,-0.5906797518954507,10.697482778223419,obstruction
8992.938213004609,-0.1110516980898566,1.6281459126930664,11.79590307847751,obstruction
8997.980633707832,0.8533591445519972,0.8221774631680379,11.458172358878112,obstruction
9002.972875683354,-0.42114031202335916,-0.01613900356357456,9.617901612067412,obstruction
9008.034321978063,-1.736480312759543,-0.4369745409448829,8.931882280143979,obstruction
9012.99146157695,-1.015376268513481,-0.8768797572100291,8.772977889548027,obstruction
9017.987842635495,0.9622572516244463,-0.7574169294585833,8.883903140625847,obstruction
9022.981678718214,0.3217512868711641,0.6179578724312258,9.96061670336032,obstruction
9027.995563908931,0.8252421336629243,1.15625483793053,10.84418115515062,obstruction
9033.01885766528,0.5102505221825795,1.4832663143335714,11.57705033420183,obstruction
9038.042167820578,-0.2680393840549762,-0.6989288420168045,9.591097557606616,obstruction
9043.062376526945,-0.510459722993528,-0.7698511666717591,9.026436491614533,obstruction
9048.02984002226,-1.4686295622704877,-0.2754976044647287,8.397242264909483,obstruction
9053.003770058112,0.4255917452514336,-0.9087381518254443,9.857986211911197,obstruction
9058.039668529744,-0.11236532872637672,-0.19791792658210172,10.54865704293669,obstruction
9063.062464901517,0.8719714594923683,0.7078056586544906,11.067065218880241,obstruction
9068.039359089797,0.3666132566472814,0.3751550104555645,9.231954532565538,obstruction
9072.993683010689,-0.853295196428699,-0.8542671898357405,8.742959262383234,obstruction
9078.003532590821,-1.0366284353712478,-0.23829126636635944,7.758144371320384,obstruction
9082.994301176943,-1.222269863023385,-1.4382071982097475,9.143773856249739,obstruction
9088.001311320208,1.2733164333829836,-0.5706251058807347,10.476798888586394,obstruction
9093.061326244375,0.7108119160526143,1.5868447226864757,11.582427280210636,obstruction
9098.063931929853,1.5262564814986432,0.9052796019434632,11.02594435005676,obstruction
9103.067095854929,0.20055121579520968,-0.8772001912508118,10.442507053653088,obstruction
9108.077766535975,-0.31035043413706076,-1.6940073619579152,9.089757346770288,obstruction
9113.11469180915,-0.37691565131865923,-0.7895701509057909,8.69280741473526,obstruction
9118.095198271863,-1.2670206010446843,-1.5378809441778603,8.53729016026085,obstruction
9123.196842374835,-0.07640340936121925,1.1402134192342919,9.05949976500092,obstruction
9128.157445555678,0.804763628814962,1.3278319449925822,10.5226566946933,obstruction
9133.11369973953,1.0095311394052715,0.44018178450013046,12.072100149898159,obstruction
9138.090661379289,0.3658422963158685,-0.34368800769287405,9.30473385755496,obstruction
9143.120427050508,-1.7677722257194184,-1.4926407879289116,8.581855139131802,obstruction
9148.096746073723,-0.8596028291150715,-2.344784180223968,8.203054591375537,obstruction
9153.17443055063,-1.1073548388847507,-0.19964223705811943,9.772930675064444,obstruction
9158.15171484958,-0.35077311579880166,0.21716511542561595,10.455480634561956,obstruction
9163.128600182807,1.3238116081520352,0.0968415330370136,11.939019240172744,obstruction
9168.103766357304,0.5306190379724024,1.5372497659390718,10.91999566517445,obstruction
9173.148445532152,-1.4516137316807476,0.3032782871495407,9.773048989600307,obstruction
9178.124074517233,-0.8638271798454966,-0.6270861010923015,8.051103058234757,obstruction
9183.096697952902,-1.4766623980585794,-2.512265023338424,8.611507811419928,obstruction
9188.104980973243,0.44583594516727654,0.26055936296545423,10.080543140253774,obstruction
9193.1426745314,0.943259108994306,1.8753314676860187,10.854918886099053,obstruction
9198.149491642767,2.491258986115259,1.4956389204844494,11.238948279271618,obstruction
9203.109707995214,1.0458677583590434,0.921195674834244,10.31700992167719,obstruction
9208.107047893482,-0.7081138083830639,-1.373724342954834,9.42475501673661,obstruction
9213.143690475501,-1.8379598711893512,-0.30375841535291637,8.03503463739587,obstruction
9218.159864291745,-1.7451062057625517,-0.5641553381444744,9.065184339626972,obstruction
9223.18573301504,0.981637716415144,0.2885704935837581,10.184741135861909,obstruction
9228.165298990487,1.0274040996468228,1.037669240323745,11.775443780410322,obstruction
9233.188770956416,2.923021071244456,0.8768059129151214,11.270398110462924,obstruction
9238.246879007793,0.7829909560991716,0.1149279630997943,10.43139123689241,obstruction
9243.155057623097,-0.948879772657847,-0.13688704840738797,7.880965225305076,obstruction
9248.242889218125,-1.5693633369860223,-1.609715759519962,8.362733966621274,obstruction
9253.219071668818,-0.1855219578826449,-0.6319686262627141,9.846604547883492,obstruction
9258.149781565271,0.04039949981901958,0.980377526606703,11.648000447331228,obstruction
9263.14285087921,1.3962782746806477,0.6960010645941664,11.632803961337196,obstruction
9268.229657262551,1.0880456777223693,0.5079269641335875,10.713706823926342,obstruction
9273.15339487878,-0.6958291230260174,-0.5315753202116152,8.051456395365603,obstruction
9278.24086621612,-1.3754127050164568,-1.933395385990841,8.17193640532005,obstruction
9283.203272505149,-1.1264213551638291,-1.2822568582088296,9.536163953038711,obstruction
9288.185411044924,-0.615118294546714,0.8964724377377783,10.73047793132709,obstruction
9293.280739415959,0.273849622573207,1.7134711436802021,11.95370338721873,obstruction
9298.281335510443,0.13382909761074102,1.3451787108507172,10.990580294383534,obstruction
9303.378060497076,-0.17986366316970942,0.14260858645859997,9.51546271225706,obstruction
9308.286090836544,-1.0164801555750618,-2.341298388213391,8.274547157871947,obstruction
9313.244174002082,-1.0350070701748055,-1.5795637267319442,8.666556500506726,obstruction
9318.317703168996,0.09575949237419137,-0.37890780875724944,10.006131056353436,obstruction
9323.281944886585,1.2613707102632148,0.5655347615425725,11.670036121299884,obstruction
9328.344135338337,2.2802700731359264,2.047239978944658,11.6044413510209,obstruction
9333.423743163688,1.3845865097610182,0.43534038802730296,10.902575543429448,obstruction
9338.492616777306,-0.3177815729137654,-0.1070869409852746,9.510744562735391,obstruction
9343.435366595531,-1.534036485592452,-1.8154255625736881,8.362905123683147,obstruction
9348.403302812447,-0.06939749345307,-0.09797297667747362,8.71773758782922,obstruction
9353.28749219457,-0.05406847842816809,0.5370234690207742,10.325026367813201,obstruction
9358.305768881852,0.5474955661730083,1.358170763625295,11.469629514900669,obstruction
9363.199388923082,0.5846769633866394,0.4122221806573596,10.640918723251769,obstruction
9368.177325938244,-0.6506070841697146,0.16014961696979624,9.11935423499909,obstruction
9373.192481931055,-1.3358995767356028,-0.41380936157674275,8.456210469169601,obstruction
9378.091156729997,-1.530577015934132,-0.2278416769202014,8.292816822781035,obstruction
9383.114694926984,-0.5033263456932431,-0.6841621432228386,9.579037302928317,obstruction
9388.11801356462,0.6119850208656565,1.0360721993828759,10.804790772146312,obstruction
9393.098058960926,0.9934660124563499,1.3859271925869328,11.058306956377853,obstruction
9398.115385918743,0.3210516078304754,1.240812330415542,10.647005600350667,obstruction
9403.09237543213,-1.5938873923451022,-0.14565413295568957,8.975531949943358,obstruction
9408.034758191108,-0.3721503247417326,-0.8400443643611432,8.579980711529887,obstruction
9413.00355145817,-1.6459677135857602,0.09445023447289969,7.554882095790283,obstruction
9417.959045707947,-1.1773392409933334,-0.3753297758591247,9.99825415090002,obstruction
9422.932190985746,0.730917686044957,-0.25287911008386377,10.94213437842439,obstruction
9427.844219715907,1.0082458035806734,2.027460614381142,11.713590383569613,obstruction
9432.872815314118,1.0181392599108503,0.1032351755740718,10.65299388550827,obstruction
9437.902043616152,-0.854322908984731,0.3878161385277667,8.976682470645988,obstruction
9442.98030623859,0.3038355619893811,-1.5371129219424788,8.314242396748766,obstruction
9447.97281064925,-0.8456495983603101,-0.8212008221978276,8.63552239097913,obstruction
9453.061711113385,0.08141529169438064,0.46173009412015464,9.90129199866671,obstruction
9458.070618341304,2.336513515614989,2.5431390932656837,10.783934623281162,obstruction
9462.99870630562,0.7471192764401134,0.9876645005516602,11.108279176175571,obstruction
9467.982133621801,0.6799565656391696,0.7984728157325114,9.942324719198073,obstruction
9473.054372058377,-4.870761741118557,-4.631601744983943,3.8941178811742962,obstruction
9478.071226902455,-1.1629597566729246,-1.339313259883874,7.929967299579938,obstruction
9483.028859889173,-0.831682819550511,0.48528858201587854,8.190966510828869,obstruction
9488.014195181986,-0.09614572807515132,0.8415200600935253,10.971620363416859,obstruction
9493.052954228966,2.1054041549938924,2.573062157719817,11.380643584055075,obstruction
9498.063853455933,0.4773171825007839,2.387944880460666,10.053644478211437,obstruction
9503.027450054133,0.5169063625314736,-1.3771980700344884,9.086966608211716,obstruction
9508.072534756007,-0.6646662478170251,-0.9623017235390202,7.164014294173623,obstruction
9512.98254187212,-0.09329289948128361,-3.2231832003469743,8.219025244021035,obstruction
9517.921683693881,-0.7085534103315225,0.01752538500979539,10.145072944681676,obstruction
9522.844781259339,0.0968030935772316,1.2321675454316445,10.275264247117455,obstruction
9527.865086818909,0.8341319920827781,0.6870315832791062,12.146565772614288,obstruction
9532.902538853943,0.9820577870745508,-0.15422670265719185,10.674725162466437,obstruction
9537.880489583671,-1.0025330308842526,0.5706006578040539,9.637032327227846,obstruction
9542.89355806203,-1.9569082980725914,-0.8196013233877966,8.505550801547653,obstruction
9547.796975512063,-0.3424449356652226,-0.5962899577144476,9.175432350119186,obstruction
9552.842747853701,0.03739247523747427,0.07704624020714249,9.897641357857509,obstruction
9557.805775339966,1.3529551155289825,1.682857841335975,10.237075302732551,obstruction
9562.855501106053,0.7161532607902582,0.9837058509551551,11.586790010079227,obstruction
9567.858798463509,0.2922313075640819,0.5115777280553474,10.01940416728377,obstruction
9572.828289977895,-1.1750975323029413,-0.46440437274840585,8.42608554108015,obstruction
9577.812104295068,-0.929275240253618,-0.8190555075615285,8.561964571180187,obstruction
9582.766130050102,-1.2819757028852388,-0.14295079886388395,9.679891645703163,obstruction
9587.670744287834,0.9573971932319282,0.4814072447633907,10.624758934222655,obstruction
9592.688280566364,1.1096235730059654,0.5390068732028713,11.544513277744935,obstruction
9597.667852191591,0.5331003195839625,0.4184332844528227,10.622338409285591,obstruction
9602.737526070858,-0.8029708479945985,-1.0347123143129981,9.766519276592645,obstruction
9607.704694506076,-1.9218715650983031,-1.5908876565520598,8.259819590430931,obstruction
9612.66995794401,-0.49325671148881034,-0.9798917284986195,8.381996423464125,obstruction
9617.662116482346,-0.37110098888496823,-1.0489603647068295,9.21236215254037,obstruction
9622.762180512736,1.5893442543696077,-0.26001618068697585,10.6461047187656,obstruction
9627.704101980558,1.5721940152303908,1.6958632505645745,11.159036643543775,obstruction
9632.719605549677,0.23208555020340993,0.623272545647316,10.433671868548494,obstruction
9637.683427687416,-0.2716798777672413,-1.2079141024142568,8.737121099489908,obstruction
9642.664058153232,-0.6538662806110969,-1.1883064463098958,7.058787261243595,obstruction
9647.735426407384,-0.4281890558922312,-0.08999339858702371,8.384292887011998,obstruction
9652.692770269812,1.5707742620488285,0.9241436677323813,10.437872880052891,obstruction
9657.702772091421,2.0278397229826752,1.6619816435548918,11.107793410523328,obstruction
9662.678803408795,0.8974720761010987,2.0669993613181736,11.817979298043944,obstruction
9667.656582867501,-0.07938217335545827,-0.2567170747316551,9.151669744996248,obstruction
9672.674335986721,-2.1852634505565005,0.06257507474706281,9.507816669972602,obstruction
9677.642465818046,-0.22344349355497806,-1.0773795964454533,8.111756360145899,obstruction
9682.610747496365,-0.5752412755413854,-1.6162269711296362,9.133585115143285,obstruction
9687.752750446094,1.3076893843526696,0.6684288076592549,10.631597480963606,obstruction
9692.810697620198,5.3969846298211674,4.934662772197316,14.968762839697455,obstruction
9697.739969951055,0.14604380149628982,1.0007509814366666,10.69263314656278,obstruction
9702.77479349741,0.1662783276924974,-0.8317414951445765,9.048244695015875,obstruction
9707.844024319553,-0.6169848890986405,-0.5668344032598344,8.96559158505584,obstruction
9712.877906184734,-0.5123916937167502,-0.032043041444386855,8.41934735056831,obstruction
9718.011784289618,0.18583561107340424,-0.19034868404272826,9.39619742918783,obstruction
9722.98783873669,1.8384927132775597,2.00906182708552,10.86990137627127,obstruction
9727.899723314436,1.5790238814385809,0.9276580096248401,11.012867956504156,obstruction
9732.771266557174,1.7247314680934223,0.5528293453486105,9.958487712890363,obstruction
9737.807673520922,-1.0528428496371922,-0.03425851246720385,8.97436126555599,obstruction
9742.771044535695,-0.3940062329066093,-1.239799906639349,8.88418623393518,obstruction
9747.755876539692,-0.644121118243351,-0.31102519471445556,8.95734163117055,obstruction
9752.761655717233,-0.8018453689881614,-0.950391114013507,9.998503335880276,obstruction
9757.694879569777,1.5261242918321976,1.889538616535397,11.397602251365857,obstruction
9762.688394156929,0.8567652639718415,1.0963457896651372,11.340630229619007,obstruction
9767.638911645825,-0.18875163920446703,-0.16943280561431956,10.354447895837053,obstruction
9772.593524010328,2.9291301356483093,3.9368259546347755,13.018909748151419,obstruction
9777.662710114624,-1.497113431491999,-0.26134232890789766,8.075675140339687,obstruction
9782.57172040103,-0.28996193600062453,-0.6201283207173983,10.05269077762956,obstruction
9787.59284996178,0.9321173671914202,0.5650004252887842,9.622486628188778,obstruction
9792.557934631272,1.4930614691130533,0.05092909955481595,11.096743069678261,obstruction
9797.527053868052,0.6099601776937058,1.7117530986808402,11.321791408882447,obstruction
9802.543833851552,-1.4857669980824177,-1.406541520832254,8.603193941358176,obstruction
9807.602565048865,-1.18422270384567,-0.9380078946825884,7.846295562156893,obstruction
9812.660426700644,-1.2777472062208988,-0.4174906114236896,8.991353235627388,obstruction
9817.649383027818,0.5012180646640823,-0.05337157315264329,10.228654175852137,obstruction
9822.645113375835,0.9673115454263185,0.8955451811856355,11.172526809074368,obstruction
9827.609013134232,1.4940192518474933,0.3544230594375739,11.6237589826677,obstruction
9832.65898454042,0.5409270580771035,0.22288068368416308,10.364393718678485,obstruction
9837.594633492929,-0.6444617406521712,-0.10575672162285465,9.529522983980613,obstruction
9842.588656790489,-1.1378184727276346,-0.9589086719327664,8.294600284409512,obstruction
9847.544192063418,-1.774696401012713,-1.4400919308194724,9.465462799094684,obstruction
9852.595589405279,-0.16216085184254114,-0.6091380114694895,10.287104196881423,obstruction
9857.589663933166,1.1751313384628017,2.1422589049041796,10.733220092259183,obstruction
9862.619615427035,0.8087493535822761,1.230652669152536,11.683748761295773,obstruction
9867.653196263793,0.5749453104010083,-0.44491765570120756,10.218855983549897,obstruction
9872.630466437247,-0.5984006164963818,-1.7799577103233672,8.854624286396353,obstruction
9877.621225327302,-1.503478015306007,-1.2373726288945135,8.602005499217107,obstruction
9882.613235029821,-0.5151347323300481,-0.40762967062148364,9.38041906810523,obstruction
9887.57507713094,1.7366088702814964,0.8065113830258985,10.769336825241298,obstruction
9892.530675808837,1.563337563214754,1.0538124594656655,12.216561288208412,obstruction
9897.554333262946,2.0832607631986098,1.4598831634477043,10.729612581348423,obstruction
9902.579573680834,0.3692163573336555,0.2896090780202006,9.482165138603966,obstruction
9907.599129443004,-1.4795158798109171,-1.6294422969896682,7.918766504002417,obstruction
9912.506340347174,-0.5327578798852501,-1.2660545862879744,8.587762573772968,obstruction
9917.396331844726,-1.0769765942217386,-0.0373969500778667,9.508250295254228,obstruction
9922.32907653795,2.1075447499091995,0.7029533230848379,10.23567837007621,obstruction
9927.31651416538,1.368093495286202,1.2484389393971227,11.640016051864533,obstruction
9932.400168315375,0.8149655658778461,0.29167015500988985,10.557647401151751,obstruction
9937.355187009436,-0.3760118822841316,-0.7771797123840416,9.817186685972356,obstruction
9942.399256474215,-1.5385250408879587,-1.790222023129505,8.88705981517024,obstruction
9947.380994336198,-1.8970789800589989,-0.7487563775619952,8.157763520852875,obstruction
9952.381145240855,-0.1427466210426242,0.41292933165793033,9.281217980638697,obstruction
9957.3949058039,0.7054945955648931,0.8890623498861833,11.300364403405865,obstruction
9962.51180921201,1.1839190049204509,1.081561470790562,11.689387052129955,obstruction
9967.552824435332,0.7745533670179603,0.7207611742498757,10.03391071530238,obstruction
9972.428920307373,-0.9518524007419145,0.1445325943076876,8.881507549338851,obstruction
9977.403649649112,-1.1307448804128992,-1.210370663725532,8.502981708680048,obstruction
9982.51274627568,-0.7063220331161019,-1.4334504247506425,8.409811985275422,obstruction
9987.56063358555,0.12453543796287686,0.8093153037260021,10.6813953222125,obstruction
9992.571144212798,0.5719539938721565,1.9564684407430737,10.741444040181351,obstruction
9997.55237759912,-0.1246582228223364,2.9179428250889408,9.945448252562327,obstruction
10002.536546374886,1.432020226810328,0.5197386229229919,10.510759500752,obstruction
10007.553169907584,-0.7710708606819203,-1.6664985869864013,8.009295429095092,obstruction
10012.568782674127,-1.212101234951572,-1.5338321264293033,7.840334315536435,obstruction
10017.636575269506,-0.9563803848960433,-0.4282371941732265,8.730695000620047,obstruction
10022.686891870795,0.5373632699435146,0.7109164167208819,9.734551344547484,obstruction
10027.671977162641,0.9408454757986535,1.3790625818922129,11.063701424093042,obstruction
10032.662791089133,1.1303040216257452,0.9135868107917412,10.997102331976519,obstruction
10037.682912649227,-0.40044975924868165,-0.08135468154002656,8.899562615040859,obstruction
10042.663427073583,-0.692514632795652,-1.234548944999642,8.411794836940686,obstruction
10047.711386584651,-1.1266139210091493,-1.8022049958646231,8.175647093791188,obstruction
10052.748588036999,0.640484408798203,-0.3447672121177825,10.257965870445462,obstruction
10057.759740180229,1.4535135284407206,0.2806624336684781,12.105806985380884,obstruction
10062.78971031936,1.394593052581493,1.4459387501267533,11.489644253223805,obstruction
10067.810656967806,0.2138622971095512,0.8649909964189986,10.344323169082644,obstruction
10072.841796906252,-0.5888920679606673,-1.217658445055922,9.661298700761492,obstruction
10077.796909002767,-1.0072629429627962,-1.356979821141948,8.060392269962588,obstruction
10082.83561815527,-0.264984570994545,-0.4392791921969654,8.485148633009253,obstruction
10087.888922342601,-0.07534954723910385,1.05389174596686,10.504665009159023,obstruction
10092.858061190442,1.0069774100107345,1.2063269227137507,11.523647162335017,obstruction
10097.865403104648,0.9809989216906121,1.0188700833184192,10.83178291998781,obstruction
10102.819523010237,0.42644012825214345,0.5027209331935506,9.88559751698772,obstruction
10107.788814493584,-1.0041658211737658,-1.016527435838679,9.324888836313175,obstruction
10112.725406848944,-1.3374693739844754,-1.0750749487636935,8.258293073384978,obstruction
10117.740275766104,-0.4877479002135601,-0.7060378246715695,8.87672405748653,obstruction
10122.765094627928,0.6055551065571075,0.7516055843719858,10.094864914586019,obstruction
10127.830677890615,1.9103017958821056,0.6231444119190164,11.50208290700436,obstruction
10132.82245821511,1.0531420856873934,1.310308749277764,10.625074879197438,obstruction
10137.907239409102,-0.20901660498487404,0.028932150343036755,9.785321028347253,obstruction
10142.940339545172,-0.6242853597660648,-1.148479518575447,7.632529589552352,obstruction
10147.922527654871,-2.199660800511027,-0.9067950284097299,8.921627894367393,obstruction
10153.034175320157,-0.05409691928985837,0.043022840425140235,9.314706413651974,obstruction
10158.062681909016,-0.540397404612436,0.08620721991646851,10.829595420497938,obstruction
10163.044228637125,1.9179013229489625,0.654447379907202,11.222785014057852,obstruction
10168.08860862172,-0.27175061938996015,-0.3773776073891276,11.43582338568725,obstruction
10173.109925303299,-0.9847628630915274,-1.3489861125411942,9.420479965956574,obstruction
10178.091579013677,-0.991325620876979,-0.49424128693600633,8.756200498151847,obstruction
10183.128334419747,-1.3973475324617477,0.03579164894876952,8.311445275542074,obstruction
10188.115236927146,1.2310975240459772,0.4182005904886842,10.550731099159682,obstruction
10193.184672267924,2.210587352423804,0.6947430374025049,10.684951281160115,obstruction
10198.190763433244,1.5355245085513816,1.2564903161632124,12.109610359160188,obstruction
10203.183321500968,0.06300911835572143,1.0565071337205074,9.55556267862326,obstruction
10208.18585850668,-0.6734818500478289,0.44486850887751017,8.721611075858643,obstruction
10213.18532707039,-1.6241172272007038,-1.0730112049020892,9.001983375028026,obstruction
10218.226295612232,-0.7107192790942514,-0.3794601460544235,9.042647430875226,obstruction
10223.323108955316,0.6443134256230145,0.4281414695653733,10.293434181745614,obstruction
10228.302262040046,1.3184582851094735,2.0278612242481904,11.77026587521121,obstruction
10233.258284422573,1.1641978040024765,0.45295733438315455,11.213637211993719,obstruction
10238.217607652514,0.8190466477561238,-0.37618701913218705,10.035232168335524,obstruction
10243.192079185279,-0.8677260952207488,-0.1078871040828544,9.30283738986155,obstruction
10248.221405645585,-1.6254378363360555,-2.2301671182706424,8.654982665741432,obstruction
10253.159200296668,-0.11490118382320269,0.5086906318743087,9.040747945070772,obstruction
10258.155732994053,0.8757170631391636,1.1574356469733529,10.037055009490166,obstruction
10263.158895193013,0.9435534286657707,0.8001665385916719,11.225134165546747,obstruction
10268.219820985485,0.8262317499916182,1.3561472603486617,10.416532917981106,obstruction
10273.261371607188,-1.320900564175814,0.4747629038483699,9.933529091594997,obstruction
10278.204903554097,-1.2326168322540147,-1.3577396979671033,8.099866517763983,obstruction
10283.280934398432,-0.6535547449075614,-0.8272504546504271,8.977765107882417,obstruction
10288.20378892455,-0.19762971539927313,0.8444133257390172,10.111019064756558,obstruction
10293.246152158683,0.8997978798729198,0.40630535417468894,10.186000706625101,obstruction
10298.302835661938,0.6507853040320181,1.0573300202083646,10.837889669065484,obstruction
10303.367153029225,0.49157737109722893,1.7516617267387917,10.933328563791974,obstruction
10308.466103855906,-1.2052404514669715,-0.0849934597843579,8.76622085122836,obstruction
10313.432547195951,-1.3615645401564045,-0.32622539270893613,8.283890870448875,obstruction
10318.42166038816,-1.5756379162914347,-0.9279571257595233,8.83146482774194,obstruction
10323.417177051604,0.12041343068133753,0.5632708968903878,9.268399655968294,obstruction
10328.48302654132,0.4487742622443539,1.1145579393708485,11.236063806705157,obstruction
10333.460172093795,0.7418870354091309,0.8393547938279156,11.437604990796086,obstruction
10338.52793158908,0.2957950702362745,-0.8008485107696852,9.066669478339499,obstruction
10343.5352652666,-0.47134859814447155,-1.2554139030979483,8.598562535251416,obstruction
10348.481444619514,-1.7685990325678205,-0.9303432059585433,8.830229204636742,obstruction
10353.531316000048,-0.25375046805809043,0.14592742076508652,9.711594670720629,obstruction
10358.55166861019,0.1260334671414805,0.5282419073403202,10.924070507375303,obstruction
10363.563550802734,0.927007945863872,0.7558413353933384,12.499677920557964,obstruction
10368.553737125594,1.5385722742632884,0.4330568579090241,10.94642481658246,obstruction
10373.597156267862,-0.3308943050467046,-0.8350823865141065,9.257664161967975,obstruction
10378.52120752407,-1.8879402885573437,-0.5041468492759131,8.871156164595233,obstruction
10383.61284611945,-1.226131719146654,-2.0399747427747634,8.647829304178305,obstruction
10388.620056401372,0.23703351341295206,-0.3643234643196894,11.03222345945253,obstruction
10393.642772689123,1.4681408077862925,1.0475490004731918,10.959679456565384,obstruction
10398.629810875815,0.6985090272530969,0.6741927606863374,11.452405676034003,obstruction
10403.659158353046,0.3558140164358195,1.4010623895488405,11.08357328005556,obstruction
10408.62340034317,-0.2697167617034418,-0.5894369347357646,8.650584840830653,obstruction
10413.597305535006,-1.3546939617578224,-1.7228229818652063,8.166734971405935,obstruction
10418.619762464583,-0.7117426524727676,-0.6714897711460832,9.143876938415817,obstruction
10423.629442694606,0.9284152743078651,0.23397155281143733,10.085274417714178,obstruction
10428.59053052991,2.0379583311937903,0.7041094920683149,10.962702912597976,obstruction
10433.569030674507,0.6618749331712266,0.751938413921016,10.303121850095787,obstruction
10438.606828272616,-0.1443148310701214,-0.9135172903550063,9.729918566641569,obstruction
10443.56746639532,-1.0894209354514484,-1.8355003786851776,8.61574942746755,obstruction
10448.517830773231,-1.5835742013925271,-0.684502099018931,7.9504305134379445,obstruction
10453.56388067896,-1.3714275150459623,-0.7887632252309119,9.175256509295254,obstruction
10458.602451215367,-0.4595849150654069,0.5988022976770804,10.41093027069543,obstruction
10463.548397910428,0.9553675746427489,1.8005447831570536,11.363536567489263,obstruction
10468.500875721182,0.35216515503153434,1.0317372675097023,11.41935491207275,obstruction
10473.513405546642,-0.20772912219535739,-1.282157833386987,9.14265223397643,obstruction
10478.514687688988,-0.12827431040609794,-0.43427993557843825,8.64184407818375,obstruction
10483.484797215078,-0.9337739126169643,-0.8793023851569839,8.740117705803122,obstruction
10488.51834514025,0.8953640440175873,1.7929754719508804,9.615882727874784,obstruction
10493.548219644477,1.2598330444451844,0.6651610391834355,10.23478181877672,obstruction
10498.51757794053,0.7680642090044798,1.8062188580143892,11.363180551773432,obstruction
10503.573033005565,0.064233774161221,0.43615841643749886,11.150054198395043,obstruction
10508.575663722379,-1.6537799736649204,0.5540711017878192,8.894529444653585,obstruction
10513.574708843158,-0.7545863743771436,-0.9116952828637459,8.446950118310022,obstruction
10518.520033473525,-1.2848165381044534,-0.890564219465545,9.13390122560633,obstruction
10523.55706014445,-1.2867959392588226,-1.0273509284933204,9.578844496491122,obstruction
10528.588206983699,1.3249911544921396,1.9668765437341218,11.376472396583566,obstruction
10533.63324831442,1.9681480304205001,0.33510591830883374,11.30285182553483,obstruction
10538.603816557013,0.4314524219527765,1.2846470050550916,10.072324904128894,obstruction
10543.656283177132,-1.7161887856279268,0.18101787621186283,9.280775403220293,obstruction
10548.713533575552,-1.6242256699552668,-1.2246210321026136,8.506392979997857,obstruction
10553.713391058884,-0.6493225100813313,0.17274654204592932,8.872851987087866,obstruction
10558.69316811951,-0.6628752750174973,-0.5131411607812559,9.616718092181362,obstruction
10563.654380203565,0.9603754016736625,1.5283954945804592,11.161013529464885,obstruction
10568.683217910842,0.39928454070463326,1.156171720816623,11.343078610224286,obstruction
10573.629771581693,-1.1584459588806442,0.6596572167325163,9.756713618887442,obstruction
10578.617751302565,0.10647857201666044,-1.1063640461964463,8.456998845992018,obstruction
10583.644191308847,-0.9660327314180703,-1.2796388432542438,7.545753346739438,obstruction
10588.673792968222,-0.2947960874369257,-0.12981899208212322,9.885964589119517,obstruction
10593.715464365376,-1.1363390537027083,1.1518425186415155,11.018315404328831,obstruction
10598.638163728623,1.8967109428894853,0.2767013682003422,10.810111622895384,obstruction
10603.6037670804,1.839140910806484,1.6858097561458616,11.15654869791474,obstruction
10608.54459991256,0.62810455285791,-0.20304912087188615,9.636169391504524,obstruction
10613.497707165174,-1.5834006285040125,-0.9251118805712452,8.71211916871295,obstruction
10618.453771386448,-1.3957332667204463,-1.7487897331399798,8.695336684734345,obstruction
10623.337060158605,-0.3047289142600098,-1.0903119620261732,8.26265676783392,obstruction
10628.327316370296,0.30645763209214,0.5504427646159612,10.418382253501907,obstruction
10633.317247964562,0.5762548834713009,0.5180914210781254,12.26512393985944,obstruction
10638.272201205418,1.8373144281034124,1.9518964739834384,11.823404918857637,obstruction
10643.313496438504,0.06263203365330887,0.5781104257451081,9.951634611251462,obstruction
10648.322779365533,-1.6164921663859437,-0.6158960035544578,8.568415366329939,obstruction
10653.302728714343,-0.9675837769171866,-0.9864569974223004,9.250179306971614,obstruction
10658.328020450812,-1.1784099310119363,0.39361871059197096,9.820835939433364,obstruction
10663.295859947717,1.158865853545417,0.7970792410216377,11.013900480687239,obstruction
10668.358660466247,1.0162290166800727,2.1888471948901453,11.439756616119409,obstruction
10673.384158930705,0.3103823413225951,0.8794846496626033,10.959473979404303,obstruction
10678.355162465037,1.1771714112126799,-0.24009047636019326,8.523259332548305,obstruction
10683.378647925565,-0.7900205190861158,-2.0784533273307377,7.3173165901286055,obstruction
10688.38858303339,0.31906851619924714,0.25173877850005655,8.21043570592002,obstruction
10693.435411435794,-1.2749231709122948,1.3360031375309018,9.104887198609928,obstruction
10698.35858343729,1.498903304118156,0.666032387003912,10.441441553922397,obstruction
10703.363102708701,0.5775919982547103,0.23353906357199872,10.939858237344925,obstruction
10708.326962347195,0.10829107347807239,-0.6708606685706672,9.938451393363792,obstruction
10713.294828087279,-1.5006389185045472,-0.6574706771517611,8.014275183198016,obstruction
10718.302133331197,-0.8189737200129203,-1.5258672926860999,8.248464980024542,obstruction
10723.417342083914,-0.5408438303104749,-0.3212912966301737,10.22709503387121,obstruction
10728.404995994051,0.8655253599947798,0.5259598891289203,11.544453894329282,obstruction
10733.4153189551,1.725246042022534,2.3167927031673035,11.218482899700023,obstruction
10738.426876043022,0.3809979709169585,0.8424227615222541,11.920414460212662,obstruction
10743.380762647355,-1.2838013452456933,-0.42327997392860245,8.831311495055841,obstruction
10748.353138225852,-1.6381249978997292,-1.3721812082422349,8.295596336059631,obstruction
10753.376167756647,-1.2217815337469804,-0.33716769925700807,8.67926344689746,obstruction
10758.369673594896,0.4905684008726712,-0.5593778138797744,10.119126221511781,obstruction
10763.385195295628,1.6360037746294567,1.1205977071420237,11.112142619628719,obstruction
10768.327010905923,0.647681025970595,1.5014379639475837,11.20597777255965,obstruction
10773.369624341327,1.3076191982343206,0.10905561250523388,10.268449676941776,obstruction
10778.317825977965,-0.9795980217553537,-0.3046009032924396,9.41357784336394,obstruction
10783.364338418367,-1.3354403956663008,-0.07730886049564423,7.58530502567884,obstruction
10788.372494701298,-1.4340958851179701,0.8757110226030078,9.304913981154263,obstruction
10793.415531907318,0.5220739451725472,-0.46700413188112505,9.351491711540504,obstruction
10798.430405063524,0.785278940547508,0.5118648813552509,10.495887575019763,obstruction
10803.439531696882,0.059408214750006016,0.8945603888907966,11.698821304218225,obstruction
10808.371743042155,-0.7689577065738189,-1.2635190385716277,8.95630531629617,obstruction
10813.342474917788,-1.562449921877025,-0.7701821367223622,7.88496205822274,obstruction
10818.31065601788,-1.065392885087384,-1.2366114366399614,8.8175373636283,obstruction
10823.26297348025,0.10132445851647309,-1.316520037232843,8.267711043673936,obstruction
10828.333883652005,-0.5795765225685686,0.789178883619488,10.605983364525777,obstruction
10833.421954554404,0.3292052846798066,1.3901345947802772,11.151694835808055,obstruction
10838.368332055858,1.0471907593496863,1.0780004137330033,10.522110283873761,obstruction
10843.409307908276,-0.014855074662249335,-0.6560849034846998,9.359736743232302,obstruction
10848.337399409575,-5.259228855053278,-5.991959119536469,3.8196953889320904,obstruction
10853.35794248903,-1.9999882232309347,-0.7648234208433613,9.073057332684444,obstruction
10858.30599086785,0.9819721414032381,0.9581488762902434,8.683442170441971,obstruction
10863.301071447475,1.069339749214687,-0.015756279423663866,9.939544513704858,obstruction
10868.325324059451,1.2181149685429682,0.24126690090770486,10.845472743080032,obstruction
10873.381119213278,0.1042822015305899,-0.38589576427197125,10.921196202544195,obstruction
10878.44338639398,0.07807578409234217,-0.6202289171645228,8.26489654577121,obstruction
10883.459595269698,-1.9118573176657891,-1.1372926184345695,8.851100008742563,obstruction
10888.488640962125,-0.5065229168515876,-1.1333970319718514,9.137875425417189,obstruction
10893.439017844292,0.5472174991462444,1.5976172735875913,9.928343403589071,obstruction
10898.593010119248,1.1811203087761055,1.846836024252662,11.317534117737294,obstruction
10903.60684416304,0.6734094946274186,1.2138806704611464,11.272206573259048,obstruction
10908.61130160571,0.26116791011941737,-0.5635696569219856,8.914502936999675,obstruction
10913.602804973661,-1.2514462127046093,-0.8674714404168486,7.953074958245264,obstruction
10918.666424520468,-0.4617334600363276,-1.0892735391338717,9.015791440375907,obstruction
10923.635212573994,0.8967973304963306,0.21385714003302397,10.609622095718024,obstruction
10928.652851021949,0.516196072368892,0.9101239665995169,10.834994480312359,obstruction
10933.588156591024,0.9586790087002531,1.4750593442540052,11.022158097057295,obstruction
10938.550650199242,0.29682982084779014,0.33943226362003354,10.40660311988924,obstruction
10943.59558772372,-0.6017795930986125,-1.0743988653414287,8.482700802340252,obstruction
10948.69465995735,-2.062690665943901,-0.9802478278080091,8.840113785933124,obstruction
10953.719030551332,-0.761212984492124,-0.5354687067822282,8.734479317137827,obstruction
10958.660041544059,-0.3487947289537342,0.7331574045268093,10.15373254649717,obstruction
10963.671819428348,1.844992712496854,1.4240919507649936,11.699188908026137,obstruction
10968.658150814725,0.0609770486791793,1.0680930218591451,11.250029580344222,obstruction
10973.633399035214,0.15780505849328386,0.3670483168524067,9.470279773024016,obstruction
10978.530882467827,-1.6373000697409328,-1.3954047177399178,8.855626733147249,obstruction
10983.449714072387,-1.2097872649094317,-1.3590577237986268,9.56080592676185,obstruction
10988.39368490672,-0.3584725979114566,-0.6462195110537708,9.145878296148046,obstruction
10993.355534389579,-0.3538340552753051,-0.20779897211743836,11.08459964899648,obstruction
10998.349249624564,-0.5279968373417412,0.5312280322225927,11.08608086661046,obstruction
11003.287907432736,0.407595867231553,0.08319421717821662,10.568500828798692,obstruction
11008.293530218247,-0.7964352351527345,0.07044737182778787,9.800153671758661,obstruction
11013.255312464049,-1.0638462767694195,-1.5327907875984919,8.265521654477162,obstruction
11018.178895214296,0.08104443294626451,-2.1841291824057367,7.8876671309011535,obstruction
11023.154891128572,-0.40318168687271405,-0.13429420551217242,10.051653054150643,obstruction
11028.21026137807,1.2207197566802026,0.8768690672560143,11.354153283165402,obstruction
11033.235512540929,1.7568965596475477,-0.003395302898840269,10.431849080081323,obstruction
11038.241881120688,0.9902475453970182,0.1675445109747273,9.68129182787301,obstruction
11043.231471053556,-0.28069589171265286,-2.428484929810243,8.70135151311505,obstruction
11048.270045834543,-0.6395477304453986,-1.4359814521078251,7.368725687393323,obstruction
11053.279254984205,-0.393549248691754,-0.9985163903861645,9.315855782376596,obstruction
11058.302232785947,0.3690361866340569,0.3075033864778144,10.163599642330643,obstruction
11063.360963566045,0.4606961257391815,2.1299891827945165,11.51478378225025,obstruction
11068.358927691777,0.788988709942929,1.2848091988538093,9.683968525073913,obstruction
11073.363522128016,0.23718363333050257,-0.04658793687266771,9.553851057793702,obstruction
11078.376794345653,-2.3197847763105672,-1.6692783941736726,8.315070796088435,obstruction
11083.411108796743,-1.191669943181445,-0.7405592918595248,9.070334097256485,obstruction
11088.41480153682,0.5338479766077614,0.4774316113819373,9.789660224268207,obstruction
11093.442871746776,0.8603493538468501,0.5271500186285616,10.734822200894936,obstruction
11098.477875710043,1.467410638722963,1.5414103992912187,11.329643330512196,obstruction
11103.47328263787,-0.6824771195758053,1.3433738692522863,9.713305215619144,obstruction
11108.489945205503,-1.3348320212836384,-0.6974327838931815,9.231718686448653,obstruction
11113.525123906084,-1.0964653078090347,-1.1383207486008113,8.504916489152736,obstruction
11118.513440297858,-1.8692068945365974,-1.1417118504162855,8.927921061782065,obstruction
11123.473657327579,-0.09874398549516844,-0.05838512298118281,10.44971431629259,obstruction
11128.531490811836,1.290096495655817,1.163739244602301,11.026097941143275,obstruction
11133.572079560829,1.1330673927941848,1.2875682214689295,11.116183618836029,obstruction
11138.559739154069,-0.06756968366451246,-1.0084799128757427,9.19334012350778,obstruction
11143.627108908046,-0.3177094537068249,-0.22781684252826495,8.59296540525595,obstruction
11148.621944628234,-1.1996976305881157,-1.348944825916153,7.928123907583251,obstruction
11153.64882722378,0.28203347638899723,-0.6675180574079519,10.043870535293088,obstruction
11158.67813254406,-2.6857997746805182,-3.3105356869424107,5.9500564341125886,obstruction
11163.648855638341,1.7610291821091333,0.869601596618754,11.774589826852779,obstruction
11168.736187112077,0.5420839436018131,0.7695407502914011,9.530080167380238,obstruction
11173.692941425195,-0.644740158822281,-0.9751535392234385,8.272046157138217,obstruction
11178.711852936423,-1.8103703618622957,-1.9179822175013206,8.444636331435762,obstruction
11183.68890226904,-0.8264629370196606,-0.5062549335969526,8.150671510913313,obstruction
11188.684974079188,-0.11447488491647173,0.6427904785891649,9.941932860789976,obstruction
11193.691375912666,0.02241247628416465,1.5668332208315359,10.90871358482808,obstruction
11198.734574722172,1.7538412298563442,0.7633827219330139,10.78871750564306,obstruction
11203.74260297096,0.5026465627649878,0.9374420548690924,9.159444630899058,obstruction
11208.749646237038,-0.6423048341963549,-0.8777137280189709,9.49337734294692,obstruction
11213.754965502863,-1.4042366919669085,-2.0296025719630797,7.916051238069778,obstruction
11218.70877909631,-0.6011413985538706,-0.05785247342441374,9.66996433743151,obstruction
11223.694711503616,1.101257354286113,1.7944238380030977,10.005692305179352,obstruction
11228.621314245409,1.6074478940362555,1.4786826610511499,10.9718163627144,obstruction
11233.684193781028,1.4167707782197165,0.39477411661706513,11.087931027538728,obstruction
11238.606719368252,-0.31249336575425246,0.42406903745417046,9.521423229474967,obstruction
11243.589537781427,-1.263295939117996,-0.6832251303005075,8.060541104041643,obstruction
11248.63441139657,-1.1119039697206197,-1.8373385311908317,8.585558508100448,obstruction
11253.622550564336,-0.9180420743434536,-0.608425039403016,10.03978032944951,obstruction
11258.523705433692,-0.03353839157065441,0.8125839664204099,11.371052009992328,obstruction
11263.566404080113,0.5283751379240003,0.2586703500328764,11.198074653645229,obstruction
11268.477489690027,-0.036854240806388994,-0.6273884985117336,10.063544779452878,obstruction
11273.481155430276,-0.3827808732603054,-0.5661330319282493,9.314689170130984,obstruction
11278.520062648055,-2.655185542199801,-1.6291667636737277,9.110631439574819,obstruction
11283.515216539334,-0.2962172584747139,-1.2658688463757335,8.900180823456557,obstruction
11288.540259042085,1.1331994956661082,0.36252857164098073,10.033905930895642,obstruction
11293.594823861189,2.049388328330899,0.5103569846472199,10.933140327097153,obstruction
11298.605753560569,0.8924116229514967,0.3068919125562106,10.298628802598031,obstruction
11303.631280078765,-0.9881158788228926,0.7252099436865347,9.780302438602744,obstruction
11308.557768555394,-1.4062301286106615,-1.0466396784879877,8.275708937518498,obstruction
11313.587006770338,-0.3994196954484396,-1.1227461044930191,8.367475991244056,obstruction
11318.522925963269,0.3634798635256156,0.38248504870317207,9.89037963948644,obstruction
11323.50485426762,0.2699464793634132,1.0281001734002482,10.365306163097381,obstruction
11328.417130530379,2.2420493161362502,1.899822403541215,11.046252835253565,obstruction
11333.360686909507,0.8139553610517909,0.7088524135817085,11.897225920849328,obstruction
11338.458738410338,0.37252897368681875,1.1641798013181448,9.564391213828038,obstruction
11343.500869703972,-1.1908523239656583,-1.2177023274201857,8.195447886207265,obstruction
11348.470718274479,-0.4021822968949411,-0.6403261237138125,7.970128758253453,obstruction
11353.522980669019,-0.06643475470966434,-0.09887457101090652,9.414301810137214,obstruction
11358.578635803617,1.6312652382330772,0.4809495684533931,10.438776922578185,obstruction
11363.602694449253,0.42513853284460235,-0.3720589353404711,11.08533468575347,obstruction
11368.544971158268,0.41717039486411245,-0.3397507030340769,10.808269793402891,obstruction
11373.585916432743,-0.6137286341332946,-1.5527804052329617,8.499719214810705,obstruction
11378.58539171008,-1.6821561328576085,-1.7013122259166278,7.416112684002024,obstruction
11383.684307485148,-0.05173355903068677,-0.4815319317846505,8.837028719534578,obstruction
11388.726624990415,-0.03425959987960414,0.046443554525213926,10.586023525959257,obstruction
11393.707062515574,2.072110048591249,1.1465238061062186,11.776834082779958,obstruction
11398.707301163022,0.8353283401307305,0.806082132038198,10.81618681278345,obstruction
11403.705702668482,-0.33584868327572315,-0.3396506789954712,9.910912624075875,obstruction
11408.699156980061,-0.7727300774568857,-0.6123470138037264,8.010187834968486,obstruction
11413.67201288244,-1.6054499399901518,-1.617612422253166,8.812450266979404,obstruction
11418.635657871955,0.3706096270089891,0.8658275153665218,8.585072208927382,obstruction
11423.641106776831,0.810001737424548,0.1820489063464651,11.413811198138285,obstruction
11428.616412642392,0.7772450885971457,0.6122332246752418,11.88820840875331,obstruction
11433.612139471514,0.3501730923377671,0.2683822426850451,10.271051343583524,obstruction
11438.489300650832,-1.2562905050438937,-1.0564474529056485,9.002417538050747,obstruction
11443.498939623616,-1.1837649379393345,-0.6706511460621365,7.719706163478137,obstruction
11448.451462682693,-1.6468307480955595,-1.1161815223053186,8.144336537215452,obstruction
11453.464970084422,-0.4373450687842521,0.5935421413127364,8.700337375345919,obstruction
11458.473591711463,0.18981506323985076,1.1100588319106968,10.488934542449039,obstruction
11463.498861216824,2.1024826249023354,0.6918291107999534,11.225383629290352,obstruction
11468.445536018156,0.5083540748397872,-0.47510989473468146,10.492138374311981,obstruction
11473.433167457577,-1.6311533958680409,-0.8979903714700257,9.417876077272817,obstruction
11478.477245674156,-1.975504941969821,-1.0190278560827613,8.257314278340708,obstruction
11483.531761390377,-0.5869988576417084,-1.6034606906157909,8.130321524735287,obstruction
11488.561987561847,0.008469774421820724,0.35566894078677835,9.919616528608554,obstruction
11493.639140780853,1.129728058989636,0.8900388320989129,10.677007889692394,obstruction
11498.809759755553,1.2563948013244972,1.4311133281566466,11.07116828571738,obstruction
11503.860568741462,-0.09314060281221442,-0.7468756431548933,11.052831315778672,obstruction
11508.831515411313,-0.3074628719087758,-0.6580620555081037,8.399721105527787,obstruction
11513.787224630363,-2.7315322823248147,-1.26699987163106,7.947228186808489,obstruction
11518.791918851592,-1.5879952672022475,-1.462628797899393,8.057231042112704,obstruction
11523.811260946362,0.03468940057365176,-0.30046205160287964,9.95652823145061,obstruction
11528.947810781388,2.0158521873914963,0.8520765317014825,10.9397429006251,obstruction
11533.936016703638,1.3838357697310992,1.1055657358973736,10.84374646966592,obstruction
11538.888772236594,0.7334464521645265,1.1180202621152302,9.281142984430224,obstruction
11543.909457823085,-0.5331440685219723,-0.8065322326437403,8.848223317845642,obstruction
11548.867273186992,2.118000249720003,3.503739050021691,11.360683550249387,obstruction
11553.889140420237,-0.8226872210413729,-0.41187355908263756,8.459227539053568,obstruction
11558.765159267814,-0.049683413405373744,0.042358989025036486,10.693153860216972,obstruction
11563.757380727398,1.7413144486090788,1.7877701202447098,11.179435733052436,obstruction
11568.776588809815,1.4039708544964715,0.8132115785602608,10.950298292008158,obstruction
11573.850251013224,-0.9799265875113686,0.3227397923822528,8.6421733639327,obstruction
11578.917007926373,-1.1615385706820798,-1.6536067469244793,9.000554653788317,obstruction
11583.95313984364,-1.2121403266569042,-2.607795178668753,8.602288520749413,obstruction
11588.959201059015,-1.3658406178376599,0.3609164274129643,9.9744159348156,obstruction
11593.958497929449,0.34960127360744475,-0.3433555594338744,10.46145006551928,obstruction
11598.966216198774,0.6556285679940008,1.0914058937562057,11.0801790316102,obstruction
11603.957468895593,1.0435436224445152,-0.12796421417792614,10.690982453519801,obstruction
11608.868114731862,-0.64366769685472,0.2780823069723297,9.369194764432454,obstruction
11613.930612882525,-1.561763986239396,0.16833108993897272,8.178712354812719,obstruction
11618.908516867372,-1.2813491581820264,-0.9531963529136902,8.924765627389455,obstruction
11623.79074278131,0.8057025940553331,0.2263034195179881,11.092253840571539,obstruction
11628.800934277886,1.7277779320016449,1.3394114458188293,11.248886001995443,obstruction
11633.762203003433,0.4870859709049105,0.44632812720307014,10.751706292123709,obstruction
11638.694358820405,-0.9645617286014478,0.28219851128116064,9.90724484372659,obstruction
11643.701537625522,-0.7644426186259659,-1.2057650192355787,7.897855411642336,obstruction
11648.831701175191,-0.38727930345834627,0.3692362767638271,8.136860170319324,obstruction
11653.852757965837,-0.7393527584076303,-0.06637220365937324,9.706330570239087,obstruction
11658.913751376327,0.6110617884064096,0.6552317133439138,11.241728328373474,obstruction
11663.951030772145,0.13570470543528645,1.8196578945294244,11.752140129415395,obstruction
11668.97626382179,0.6119815808100333,1.4179240396863109,10.429897682930113,obstruction
11674.060071879967,-0.37491118979974203,-0.6768845667913237,9.77846569242152,obstruction
11679.066164516757,-2.0573112462178225,-0.724282318800421,7.56609290767472,obstruction
11684.000803854655,0.7991582128237046,-0.11928451382551508,8.360910399071651,obstruction
11689.086990575808,-0.8405279084594319,1.3880765895492913,10.052606408247552,obstruction
11694.095471664312,0.735683514127879,1.0549064043333671,10.781647106365172,obstruction
11699.073128961467,0.7556418662492947,1.0500714674249905,10.972357808557698,obstruction
11704.169346760958,-0.8962417308626415,1.0435663818810128,9.661409438985608,obstruction
11709.220426264621,-1.129161723211812,-0.19340789501090772,9.020628073237587,obstruction
11714.221708046505,-0.6362226894637895,-1.630331003497024,8.026054311117884,obstruction
11719.245236538995,0.3943612076435282,-0.263626410945492,9.724444131560439,obstruction
11724.292969247032,-3.1894848946473355,-2.923024639730591,6.539957951088003,obstruction
11729.239199256277,1.584309635255344,1.0787121450545174,10.831845382038603,obstruction
11734.310845748534,0.7337582914610999,0.9493336427755454,9.696895767740758,obstruction
11739.332410561281,-0.23146251321475714,0.16261245766167864,9.036770536092677,obstruction
11744.310381572603,-0.63961341536991,-0.624528064628618,8.00203687455782,obstruction
11749.301639954103,-1.8623035712431406,-1.2444149398312647,8.216004606850666,obstruction
11754.258538447839,0.278775165222631,0.14708964596787058,9.920626898117733,obstruction
11759.212360291596,-0.5851333577254552,0.9332160299945342,10.567813001536583,obstruction
11764.214127502328,1.8435519215253269,0.7281569764991864,10.727032273416881,obstruction
11769.244552337645,0.6774133990395333,0.6740749770911642,10.034797576459376,obstruction
11774.241202042256,-0.6498563437101499,-1.8935257097733111,8.493227258344982,obstruction
11779.231946469075,-1.3746099221662302,-0.49122944992227835,7.789734785220413,obstruction
11784.22267149425,-0.5810378697630122,-0.7883731049548779,8.52832945459724,obstruction
11789.184320969967,-0.33479278716900385,-0.7098187187371384,10.410152170432392,obstruction
11794.160427957611,0.7621217966814953,1.2158110525276382,10.498214377250443,obstruction
11799.168984128533,2.288991357273262,0.6655866580563098,10.496302762425739,obstruction
11804.197745014497,-0.27949048983451513,0.5923194746455558,9.004099202686849,obstruction
11809.187866444021,-0.7348190644810966,-1.3511639124837571,9.303388744066567,obstruction
11814.097986899891,-0.48572094816352307,-0.8723628216930527,8.211477946752886,obstruction
11819.104763190173,-1.2704713854542669,-0.7761085797536516,9.203484142412035,obstruction
11824.110027860523,0.5288839063448146,0.8236056442251394,10.026825261479344,obstruction
11829.132301669248,-3.1118854015723505,-3.058402784246333,6.719466911609675,obstruction
11834.092209884062,0.8858094078606107,-0.3811588653951803,10.2051067093251,obstruction
11839.07533412826,0.18949275368633528,-0.5597066334114906,9.284952314163382,obstruction
11844.004052252778,-1.5339704648679637,-1.4346146401656763,8.368344069623705,obstruction
11848.96975270786,-1.8346415058491639,-0.5384969229649053,8.317412204197772,obstruction
11853.943325878536,0.5605864910494928,0.9474515690746779,9.852998958526102,obstruction
11858.957443082561,1.6152341050450214,0.3059779839646437,11.51267133958987,obstruction
11864.032987769113,1.0312675236845006,-0.08331486825942958,11.669089990185695,obstruction
11869.136115313393,1.149360466350357,0.4051064899441677,10.904047118074311,obstruction
11874.150815994524,-0.7834289960157359,-0.5020858374064869,8.144562297691095,obstruction
11879.085515542916,-2.5788139992945007,-1.9627581039304935,7.874718474838102,obstruction
11884.12685777206,-0.030357207381007334,0.016880635371345987,8.867767858387705,obstruction
11889.122462609213,1.4758489809885973,0.7130970062162487,10.560161059267841,obstruction
11894.172432173415,1.5648163024233428,2.0013775891336567,11.245471010768874,obstruction
11899.214485147731,0.24098041337102283,0.6320993958607746,10.0386129001162,obstruction
11904.259259400917,-0.21366324565387657,-0.0009157278631696519,8.943062383109808,obstruction
11909.170982833954,0.08250174441007241,-1.6101867616310137,8.29602421202426,obstruction
11914.191400269016,-0.27019765704993504,-1.211057888553326,8.500699108413228,obstruction
11919.209092759482,-1.091508611552824,-0.3458393438160224,10.312418397765025,obstruction
11924.226863109448,1.7698540843522157,1.752436478515715,10.825888335884871,obstruction
11929.226363326618,2.161860943064543,1.2835227523381199,11.171431723243717,obstruction
11934.266961638967,-0.726687740628299,0.21902717739518748,10.125114638179447,obstruction
11939.244040759799,-1.6878103972078828,0.26650343501313556,9.225067203233,obstruction
11944.239869545157,-2.2079189566104613,-2.385578519972621,8.509454845688825,obstruction
11949.297280074976,-0.2628213311925929,-0.8894131895280063,9.231718905834512,obstruction
11954.261346775917,0.8286410124266148,-1.269864283737405,9.956524145773136,obstruction
11959.208439824471,0.3827177835468243,1.7953858427151945,10.300259437383993,obstruction
11964.143676902693,1.3915510768180244,1.9161292219725272,10.857111365222675,obstruction
11969.126650939901,0.2754613261897258,0.15811276000996227,10.013955113963974,obstruction
11974.025243269587,-0.3153318407695934,-0.9961723550424171,9.074906966804727,obstruction
11978.979980315835,-1.280072892341841,-1.366146697002002,9.0704833227188,obstruction
11983.94943535788,0.059316610572499484,0.5662530223117924,9.894400791255675,obstruction
11988.903960340922,0.37742003466640806,-0.8440628550520675,10.44885779130481,obstruction
11993.869515669672,1.01569453127156,1.4759475070840886,10.574187489290075,obstruction
11998.87323605062,1.1435334167781799,0.6532319585693303,10.651631957424513,obstruction
12003.91618557208,-0.04213210529564442,-0.14034899584676555,10.840276736524629,obstruction
12008.96385825109,-0.9013769829899289,-0.29320678583166004,8.664120211102313,obstruction
12014.02241954717,-1.970724249739967,-0.5489272244645385,8.042392367631182,obstruction
12019.06291087393,-0.9718131080220282,-0.8160592605026074,9.508373486417668,obstruction
12024.114836662604,-3.051021638781632,-2.7142343001079645,6.809102216471387,obstruction
12029.077389978984,0.9199489390679685,1.8591401027628387,11.19348530639634,obstruction
12034.0593368444,1.2706180307152408,0.9177128355889874,10.032598527750412,obstruction
12039.093527871759,-0.00035954332118104393,-0.3156237293375874,9.164132668554462,obstruction
12044.0519898745,-1.6782389841438339,-0.22463667684953803,7.798465790079698,obstruction
12049.030655838182,-1.2265002533250597,-0.34702441849102594,8.278414318932555,obstruction
12054.12023189652,0.05618624722750615,0.11426670596156331,10.137226767085924,obstruction
12059.182546440534,0.861478543621705,0.5972430392181467,11.721361606048875,obstruction
12064.2005037031,0.43579157508464994,1.2295866067260393,10.875604852847642,obstruction
12069.220226103003,0.012653098822027475,0.7560693393913371,9.599951073694399,obstruction
12074.174352020405,-0.7468359668950962,-1.933595519435947,8.55476800761176,obstruction
12079.196048557482,-0.13752255984315398,-2.3515791167326783,7.711907422153797,obstruction
12084.213300362586,-0.22425115619774233,-0.21557455597762692,9.016000600188157,obstruction
12089.243216886756,-0.684141747558571,0.799751079140435,9.513227479035091,obstruction
12094.219901398848,0.3049101614519466,2.057969958667155,11.128973033654736,obstruction
12099.173079079023,0.04577798225284191,0.7212798465012432,11.027607626963233,obstruction
12104.076259959127,-0.23283653901165652,0.5466311109936485,10.083064313298621,obstruction
12109.038639127506,-0.41166213636332016,-0.6420819895950852,7.829473987974059,obstruction
12114.097658781027,-1.3476589703000248,-1.7128815886201203,8.391037658572342,obstruction
12119.060172947593,-0.45540488126153916,0.08814119468139009,8.56883383665849,obstruction
12124.101075997083,0.7167804049229942,0.6988548627750508,9.923190242648847,obstruction
12129.034409662734,1.1425431173675407,2.338781938605698,10.2225377888474,obstruction
12133.986372692587,0.727144332252428,1.0261546961334582,11.435463519580788,obstruction
12139.007559834674,-0.7844748108234998,-0.42143925985067837,10.353598615495814,obstruction
12144.125712596682,-1.0519390045986836,-1.424939191048239,8.408179892997689,obstruction
12149.213508141602,-1.8940216173226267,-1.0003085657594781,8.291429696066665,obstruction
12154.187820486903,0.615647843738411,-0.41190241208225875,9.371393154218904,obstruction
12159.23350486473,1.1256967266622495,0.7543014318196496,10.440213069246404,obstruction
12164.241980674591,0.839710228740672,0.2994315245738238,11.353233910874565,obstruction
12169.23596341444,-0.8553800417209734,0.9992050705005431,11.035979043129606,obstruction
12174.190650516444,-0.07934477739891499,-1.785125520340518,8.834853145642201,obstruction
12179.1739851508,-0.5829407607236116,-1.9519168899191208,8.432839981342513,obstruction
12184.229123218476,-1.1037726892475612,-1.1567461863060955,8.706103957609802,obstruction
12189.234010727838,-0.7908365639441446,0.6840571812360734,9.527008034862245,obstruction
12194.257455891347,0.8462592000939009,1.010406218135927,11.06340674876768,obstruction
12199.264914323707,0.38721481830188387,0.3410354343322526,10.602725205594936,obstruction
12204.266451016483,0.23494787087871966,1.4458556503197202,10.25348452579109,obstruction
12209.177516887506,-0.9904325955594062,0.003930960075097634,8.781550155691564,obstruction
12214.146320338246,-0.8296598660116332,-1.5361243358204393,8.84972783340329,obstruction
12219.11688064146,0.5198993184788806,-0.06333929037802302,9.856061547300301,obstruction
12224.009617133353,0.01206575133855503,-0.0894279789293776,10.707164235823335,obstruction
12228.961362409089,1.3553671872924418,0.4029166520797942,10.26315063981771,obstruction
12233.953981536426,0.5471094930185859,0.07877085534776973,10.03415400532657,obstruction
12238.96584175679,-0.3955538695431529,-0.06867928275628915,9.522209405312617,obstruction
12243.985111729864,-0.9197386307157003,-1.7031625659864675,7.670018576645797,obstruction
12249.023373824151,-1.4045197557381024,-0.8824904177110877,8.614289015666845,obstruction
12254.141909526792,0.10220323368570897,0.8409129021835153,10.1926586231096,obstruction
12259.150998389121,1.3770473956370148,1.276801588191097,10.896348372517632,obstruction
12264.141121402872,2.1593700345348097,1.371202364075233,11.100338427343937,obstruction
12269.098405053523,-0.3897575045205528,0.1063400898075432,9.82066415438085,obstruction
12274.04202841155,0.4511498544537911,-0.6254546387569784,8.134468819118268,obstruction
12279.065633919054,0.17986079742112637,-0.3526030678811165,8.705152953396837,obstruction
12284.05422315041,-0.8248908281533304,-0.9177097430321276,9.204283714818182,obstruction
12289.168700088352,-0.4265860415719565,0.6092925213899325,10.813251971180168,obstruction
12294.143878157676,2.086686877299641,2.017933574986832,11.588144522924342,obstruction
12299.120316928433,1.1290920210839974,1.995800562994217,10.118371945489665,obstruction
12304.145308654703,-0.24983633145248005,0.3703977606838482,9.506195332848796,obstruction
12309.189644777358,-0.26016271297313665,-1.2836577395362037,7.8372483156032935,obstruction
12314.19984566227,-0.911508300810389,-1.4905596063380693,9.177441005815606,obstruction
12319.16344249316,-0.2702017685137971,0.19197316590355912,9.252296399376634,obstruction
12324.15733423879,0.5529167421230716,1.5519754364676612,10.48876997277995,obstruction
12329.224949801099,0.2610298121496052,0.5826755009774324,11.723385943823892,obstruction
12334.319746148622,0.5293023718656282,-0.19407725800697606,11.255189119142104,obstruction
12339.227675623288,-1.0471993044634957,-1.3441449598328945,8.774897319902536,obstruction
12344.188869450325,-1.7919903402224626,0.4386212942819272,8.815287263817549,obstruction
12349.129356308398,-0.6425808978315204,-1.2220270438836642,8.238144581998657,obstruction
12354.08954422292,-0.37629638421325506,0.8236115514267628,10.082666555933823,obstruction
12359.045431207673,1.6657917328629313,1.0322768348525706,11.160496268093897,obstruction
12364.056980452759,1.4775099731175272,-0.8502396009539361,11.502112609164538,obstruction
12369.10524200949,-0.8650473229318117,-0.17155055691190862,9.901930775956517,obstruction
12374.042930359657,-0.36535391094474745,-1.8270015777557886,9.358636735055352,obstruction
12379.097444767687,-1.9267487277587567,-0.8644007726959779,8.742703252630433,obstruction
12384.101957449162,-0.5201659874974075,0.12190311096612427,8.460392637217508,obstruction
12389.142446064045,1.03076726127106,-0.24279668888964778,11.276423139732522,obstruction
12394.083507917345,1.0377465262700645,1.7508937951900612,10.810398146895492,obstruction
12399.209871765086,1.8528335525534947,1.018417570731695,10.56947738197316,obstruction
12404.254456767085,-1.301133996837474,-0.2740116835265577,10.19118180901462,obstruction
12409.25342304826,-2.4021218016874757,-2.1249482697860875,9.383068410508889,obstruction
12414.272347882963,-0.7462772070526867,-1.1868255156680083,8.812406868368416,obstruction
12419.213808334927,0.2220888864315723,-0.12349350169734453,9.113855810110863,obstruction
12424.183381679113,0.9961214497094446,0.8181877198601436,10.308236897159205,obstruction
12429.215253238961,0.9565251913308964,0.7552519705296648,10.511874490248545,obstruction
12434.19172935587,0.09460042255888546,0.6075584093729183,10.166892498869508,obstruction
12439.2182829451,0.43276301843516607,-0.5998020946767966,9.417208246436351,obstruction
12444.154398455048,-1.497253752241099,-1.5108336713872468,9.00102690869616,obstruction
12449.188811560267,-1.1960332399073828,-0.7290483774247976,9.256909056784446,obstruction
12454.166405216427,0.17304596374341957,0.33656784159388664,9.75070990222367,obstruction
12459.152253461234,0.5435730419749049,0.788986807376775,11.360677912322897,obstruction
12464.248443277389,0.0066114374758585726,0.568001014230353,10.778282077650283,obstruction
12469.224869502885,0.1906111553412645,0.16237917374504568,10.589180102124775,obstruction
12474.201375441771,-0.47087263707125127,-1.7863333532631693,8.712492369886018,obstruction
12479.119947512258,-1.95434191508915,-0.1974652196524579,7.557707865730111,obstruction
12484.150245574683,-0.01853986070112451,-0.40595706106438767,9.903076283799024,obstruction
12489.19440493717,0.6186702989832786,0.4512619922516341,10.621288752612678,obstruction
12494.271982477996,0.8933710460002795,0.42662881779195583,10.660835561505113,obstruction
12499.249301971904,0.5365821022492903,1.3631719459033895,10.253216220261326,obstruction
12504.257566445138,-0.6140392136912742,-1.4616803229155944,9.05124604826038,obstruction
12509.277641971348,-2.321685289285459,-1.4872726511538872,9.261245099616652,obstruction
12514.251288619698,-0.6970287596328983,-1.3072458490283183,9.018375157291485,obstruction
12519.26657024657,0.013933472257284502,-0.5644462330877332,9.68569573604563,obstruction
12524.243349003495,-0.5941887514147475,1.685175967341024,10.64870772538307,obstruction
12529.186100813355,1.3178861632680463,1.0360903363446068,10.410259968341817,obstruction
12534.194708042252,0.7237801439457692,0.20359463820804974,10.142319227128082,obstruction
12539.158685653394,-0.7190923767018069,-0.6286176650923987,8.047806221978261,obstruction
12544.129824254913,-0.7432423275152346,-0.3790833276806681,8.881553520456652,obstruction
12549.170091817787,-0.4984973498338091,0.8690671825674969,9.477116690105646,obstruction
12554.143655057718,1.1896057361707724,1.251208315284968,10.016086266352895,obstruction
12559.141518286317,1.4396803484794003,1.3409084954679316,11.524545324598156,obstruction
12564.171552086018,0.9319793235849676,1.573106819453892,10.638984882167314,obstruction
12569.154205918732,0.2602502860904649,-0.1814265065410046,9.456981683315377,obstruction
12574.213018316392,-0.2288275729606516,-1.2473584362757004,8.343030668406621,obstruction
12579.197386364911,-1.2100171782510607,-0.14970685024587638,8.530557942595088,obstruction
12584.18411621722,1.0237828928065331,0.15577275568439083,9.122504650842135,obstruction
12589.168946900896,1.8480033479039604,1.152345583017246,10.469058585142312,obstruction
12594.098881600796,1.3565706928290724,-0.06688334797991446,11.3166747263837,obstruction
12599.052490449016,0.9823270075314291,0.7376602032813901,11.030962438209938,obstruction
12604.022948061456,-0.7946530434109731,0.05180678944105305,9.015617915168006,obstruction
12609.022446180195,-0.7195153124546361,-0.9049867143811507,8.95645494075416,obstruction
12614.008396229601,-1.4505165326890868,-1.4946297169440215,8.47956647916506,obstruction
12619.025651511765,1.1733974080106928,1.5032472571099555,9.182348774311485,obstruction
12624.030568593611,1.4003274413834008,-0.19891948328871978,11.353318888754849,obstruction
12629.049082978785,1.5764400143950705,0.7495650454388769,10.618337152663004,obstruction
12633.992791830693,1.0113329627795618,0.9110527129566188,10.679795667232284,obstruction
12638.98173124857,-0.8101505676079664,-0.20885923815606194,9.581785037310427,obstruction
12643.98954317383,-0.5928848170951939,-1.53451335260731,8.497730019839416,obstruction
12649.045707149282,0.4698990826304966,-0.02047960857168052,8.878934355324594,obstruction
12654.090922942843,0.6707787863573312,-0.056903982641403866,10.525006706237393,obstruction
12659.13430046665,1.1062548698008101,1.07784295358009,10.88504735590557,obstruction
12664.119481865759,0.8533567713245882,0.4430170536498549,10.698543251760116,obstruction
12669.159281481607,-1.2045546467055621,0.36068647734729203,9.211300496809548,obstruction
12674.20586127852,-1.1123178416202921,-0.5016270011206783,9.258432718645041,obstruction
12679.231610302395,-1.701302988666288,-0.4820176700773614,8.414370429102364,obstruction
12684.198799189964,-0.8333482298433993,-0.959025599879749,8.553892734331733,obstruction
12689.254727656686,1.0695281878615015,1.503789702426634,10.951979943314626,obstruction
12694.177894206598,1.0200307067615682,2.2011718356220875,11.884579861406875,obstruction
12699.201040314885,0.890259585982669,1.2919081116883155,11.656141588381633,obstruction
12704.285453740456,-0.47492580341563473,0.5584354277742003,9.630845874976698,obstruction
12709.418733540537,-0.5138423693715896,-0.5710247991234495,8.360255600168044,obstruction
12714.394980096444,-1.5029220681952435,-0.9016159721234692,8.416829480212957,obstruction
12719.372517619218,-0.8089439977018197,-0.24070350729799705,9.667746888864695,obstruction
12724.350663161844,1.4115077749681761,1.0599889946246364,11.415454924290106,obstruction
12729.315089448606,1.0337238369752064,1.3320318367373487,11.049345263353407,obstruction
12734.401131978808,-0.0029661635867745395,0.3180843965639829,9.749870947960598,obstruction
12739.3771077416,-1.1338038236746522,-0.8853580626911723,8.675362379622673,obstruction
12744.364611268638,-1.134410587830776,-2.3637134827923365,8.86343756514019,obstruction
12749.439138906293,-1.5420799151872766,-0.49727320054382385,8.945133655294764,obstruction
12754.39269685133,0.247209937410317,-0.406682264026728,10.113496102898774,obstruction
12759.371972530762,1.3684563919296855,0.9385643754063812,11.36297680545107,obstruction
12764.402111714448,0.8511766742353648,0.7597846249618854,10.279095229792793,obstruction
12769.411695955228,-0.3344302813317228,0.0034516263601459193,8.551070819452478,obstruction
12774.396180710326,0.0607552175569297,-1.2299869932730094,8.245652245091975,obstruction
12779.475616361031,-0.14241442702603846,-0.7232865906873718,7.592643807857427,obstruction
12784.524794751787,-0.8844578290966562,0.5085018925469108,9.47421509065062,obstruction
12789.517415885319,0.21057712687432517,-0.4058742667882448,10.799691228124304,obstruction
12794.44317422682,0.565153003099721,1.5451500781879468,11.912430609656269,obstruction
12799.452184661226,0.9872009287094317,-0.4704359408223947,11.041148449750791,obstruction
12804.421713172791,0.1789025844396303,-0.26265638544569475,10.121721708290474,obstruction
12809.307107324981,-0.8576108585945974,-1.3365348645907114,7.726119223434307,obstruction
12814.33539832556,-1.8867896303325646,-1.0440684780665506,8.915049096941063,obstruction
12819.409253805323,-0.7439124737300987,-0.08057970414321404,9.581357338119311,obstruction
12824.51291605639,0.9097899765598034,0.511543156098623,11.804917589420084,obstruction
12829.534156009267,1.2992045681468687,2.1453596071206524,11.858308983797064,obstruction
12834.513883447293,0.16887419759469505,0.534724463311901,10.083400073427311,obstruction
12839.536357990693,-0.7268488668249683,-0.43372220899042946,8.690486889871634,obstruction
12844.551459575256,-1.2830203147815131,-1.0140523264144778,8.341604672114336,obstruction
12849.579647823839,-0.1594542357194767,-0.6526388677800269,9.274533511468855,obstruction
12854.657779306539,0.8659345303316803,0.45995889262019524,10.288117238472626,obstruction
12859.709598818517,0.8449024869629088,0.7812137564002961,11.142620658426912,obstruction
12864.759385978008,0.11772207415966363,1.338462444689346,10.989538499408145,obstruction
12869.781084364418,-0.37639643846546966,-0.9282647310161048,9.049258678458171,obstruction
12874.93472669669,-2.0963574666357117,-1.204420821756846,8.153443185788984,obstruction
12879.924527740231,-0.6965568393620423,-1.3644285298192131,7.871272906528442,obstruction
12885.008577363082,0.40945042173692103,0.057323793526960376,9.593254734572891,obstruction
12889.947869747413,0.8249480463587503,0.44624938851259593,12.304856706065065,obstruction
12894.895508289806,0.5566356985238161,2.021816641087043,12.11039317029948,obstruction
12899.923407936312,0.6172337174552904,0.043187975249455446,10.258036612577314,obstruction
12905.001627921838,-1.1402004817022717,-0.42215900082690716,8.980386286868843,obstruction
12909.959720599882,-0.8637772967605938,-0.6728868998586602,8.356653452380584,obstruction
12914.933856718628,-0.34597916032970555,0.19566873671543739,8.937149260468079,obstruction
12919.964358790661,0.6109796330661541,0.47750052360869333,10.346427909399605,obstruction
12924.98889980041,1.4768166919999666,1.2594026497457644,11.323886904212422,obstruction
12929.932837378852,-0.25207924629448497,0.21885831554241042,11.447367034623152,obstruction
12934.980948044753,-0.034909983123054725,0.10123521099270645,9.47090609526329,obstruction
12940.010975762529,-0.8163147830914652,-0.051777644240938225,8.838221721233447,obstruction
12944.97065921986,-1.6705849639764825,-2.266323329034056,8.385079792936118,obstruction
12949.965219860334,-1.6411541403931058,0.04643313869802018,9.957213636719837,obstruction
12955.070334066491,-0.836766637922523,0.38110293836494696,10.370043822150778,obstruction
12960.088572899958,1.4655063342470784,0.5386710383840351,10.788175542764296,obstruction
12965.040645121107,0.43839857923577374,1.5909254749049622,10.844810798628139,obstruction
12970.01995065079,0.4027848897992645,-0.12126494005592134,9.184831542646327,obstruction
12974.98049775951,-0.37427225826548927,-0.5421960643657892,8.04148605009345,obstruction
12980.0175562544,-0.5777967203394068,-0.9842839696998196,7.208442888831311,obstruction
12985.07723003283,-0.451443227119185,0.5589588419849634,9.560130201408676,obstruction
12990.031962881707,0.881735260144552,1.1863993463578861,11.49367185186001,obstruction
12995.022326960097,0.7426843936270858,0.5166898029080597,11.581403347754762,obstruction
13000.119706570626,0.629255833653344,-0.6780435510680746,10.80521282085681,obstruction
13005.092872043477,-0.24352565660444664,-1.437888692561526,8.852661809664186,obstruction
13010.161704514861,-1.9406920583882465,-1.42570217815892,7.7889584655110164,obstruction
13015.148869758048,-0.7796514934037378,-0.7823690211107894,8.752500663272654,obstruction
13020.137871530294,0.3749868129662537,0.9845482933433725,9.720150954699575,obstruction
13025.195180110715,0.351752848301061,0.7753566645171002,11.308227241680074,obstruction
13030.180634080949,0.812153373521058,1.4954105572431964,11.53513245318581,obstruction
13035.259607877313,-0.32239131669772103,0.11998670218334315,10.159071940523146,obstruction
13040.287613631179,-0.3851608502864182,-0.10997983422747537,8.495944275962296,obstruction
13045.315883288175,-1.6069143683904712,-1.6153245045494788,8.704685871414851,obstruction
13050.290296430814,-2.4596217576520556,-0.5313220027207142,9.149097470951775,obstruction
13055.370839362467,0.822498223350979,0.8671040706812015,11.348918852580608,obstruction
13060.356016630745,0.6113688570970384,0.9490950748971023,11.827083261643612,obstruction
13065.445072660383,-0.5301325217806545,0.362850647165669,11.010209712624908,obstruction
13070.394569171915,-1.5458836627442745,-1.4280032724677303,8.450037631808648,obstruction
13075.32976483495,-0.905253710346619,-0.7819853312526572,8.882643759035219,obstruction
13080.351956393846,-0.5605428873403999,-0.40211537467304237,8.525757299799462,obstruction
13085.475361860545,0.3347781159343365,0.8390286518709102,10.906375519411995,obstruction
13090.513631094042,1.172546609052906,1.958699938587218,11.158031927085595,obstruction
13095.504101921693,1.3995270518493128,1.668044523395455,10.583729448470136,obstruction
13100.490488538791,-1.069850838721188,-0.4209816127075789,10.070378194296511,obstruction
13105.509002695702,-0.322124720751239,-1.4856313283739937,8.698808882489987,obstruction
13110.636635937846,-0.9793958993808419,-0.6670307784389954,8.404544919340722,obstruction
13115.647060063688,-0.47753440083382953,0.05037063052657681,9.4997499537366,obstruction
13120.635776794164,1.4741496997619672,0.7327061719057916,11.162836847526131,obstruction
13125.648063789753,0.46176255034132585,2.0426989551675834,11.655441629181556,obstruction
13130.679727145245,1.2272553363806353,1.08034856059012,10.874495133916326,obstruction
13135.634340529006,-0.7321169890395749,-1.5815149631939327,9.915199797495324,obstruction
13140.647432828648,-1.2348968919162864,-1.1416149991558033,7.8355614536404765,obstruction
13145.659646413433,-1.3790373098619257,-1.8183877864538418,8.628066803302252,obstruction
13150.772414048757,0.688223470943462,-0.20945825633492154,10.029840096302935,obstruction
13155.748011649526,0.7059666586211837,2.0603039993728576,11.794704697628088,obstruction
13160.73340086483,1.4928260426664735,1.7571621223076574,11.151927773679068,obstruction
13165.785373841833,-0.3912709953626446,-1.27651745559946,9.389143539729874,obstruction
13170.738885848357,-0.9705883071644165,-0.47369518938627597,9.020553714225693,obstruction
13175.745767134762,-1.1506950492042771,-1.1889361066504074,8.559477246365375,obstruction
13180.714290577285,-0.1800820872506958,-0.9923055244556309,8.395275192119442,obstruction
13185.656004649687,0.19857434146630282,0.6223104000339386,10.406498959027035,obstruction
13190.646148443568,1.530906649706435,0.595354506507575,11.342407873295159,obstruction
13195.73306045268,1.4201369310026752,1.765668530618313,11.337110798078394,obstruction
13200.713233667233,-0.4388866594662168,-0.6505190017875817,9.787510141363658,obstruction
13205.595235239083,-0.7399115040502929,-2.1347459016147385,8.686295147216436,obstruction
13210.632704280599,-1.8872885689247667,-1.4485733477205807,8.848077897124801,obstruction
13215.637669677952,0.7910344432138615,-0.5757993800903177,9.564845042227933,obstruction
13220.695733398272,0.7940865845440768,1.193715981390123,11.145205534357716,obstruction
13225.692206454503,1.2906231360069027,1.7660250919175715,12.197306218313246,obstruction
13230.764866191495,0.8733098273237271,1.3348097092924038,10.224040276378535,obstruction
13235.679286960181,-0.4142250973161985,-1.825666265516083,8.636075409025162,obstruction
13240.5960313588,-1.3992442736694783,-0.9720693845322037,7.770196170228021,obstruction
13245.54523371289,-0.6391240928428478,-0.8465877047911982,9.209186642467127,obstruction
13250.473733087152,-0.4185966879259693,0.5126558588353036,10.297863042773974,obstruction
13255.460105702703,1.8371691633130918,1.4108208724195757,11.127875567471147,obstruction
13260.37195006498,0.7762712330794264,0.907722151381604,10.31129445405282,obstruction
13265.370779717792,0.7687094210884062,0.32741849691262503,10.118028988345229,obstruction
13270.335797996584,-0.3978341548890657,-0.7351093345995017,8.275645545135983,obstruction
13275.430258076462,-1.6407911738717287,-0.3359071184940967,8.57627623858524,obstruction
13280.44365179647,-0.0422727275358315,0.06591828105495112,9.231437360060328,obstruction
13285.533536376332,1.3316478006641113,0.5763315986531726,10.795721378050025,obstruction
13290.563471797674,1.7177671708447093,1.5832468958832113,12.01211047910709,obstruction
13295.539585889703,-0.036488608177315474,0.9259957679608113,11.118134191038354,obstruction
13300.585277155857,0.03760107175239652,-0.01695676287068454,9.147757280113279,obstruction
13305.608484056476,-2.5430586776049697,-1.2679602709898614,9.063720774290298,obstruction
13310.638776683756,-1.502558738301902,-0.34464443530488376,8.925436952001343,obstruction
13315.681782908712,0.5551822883558913,-0.2267066520739352,9.925205914335368,obstruction
13320.659220208048,0.8087055187795817,0.7822642163479597,10.493044647956376,obstruction
13325.625912306761,0.7741804220322759,1.2767055829162954,11.2187122660219,obstruction
13330.613595010216,-0.2266797799996998,0.6111962043709903,10.483420157532128,obstruction
13335.613597299887,-1.2871428845144783,-0.5386847978278714,8.497719678999443,obstruction
13340.631001258958,-0.5944553175783753,-1.514925460240815,6.896085602904716,obstruction
13345.63062965196,-2.493978548419176,-1.383730874354336,8.16112978532672,obstruction
13350.696280515902,-1.3132218801831541,0.18947329921451425,10.89863956795307,obstruction
13355.64834729324,0.131690511074114,1.3148263498474768,11.9391271810095,obstruction
13360.600973149181,1.8467104202385891,0.68366906745489,11.486565240686481,obstruction
13365.601816409227,-0.6813013002235799,0.4672452320254361,10.673461897323648,obstruction
13370.620319795285,-0.14310050657118878,-1.4845816178054572,9.428141807896367,obstruction
13375.571405604618,-1.2525950051735162,-1.315308058783307,8.14462959232493,obstruction
13380.552112666432,-1.3400339385595132,-1.1453237662035325,8.027982109797293,obstruction
13385.58905364049,0.8861887480823106,0.817965968409342,9.218007401001103,obstruction
13390.57425793175,0.2846458599217948,1.930788959414493,11.58467304724836,obstruction
13395.543665728024,0.8727115902315744,1.5863322758244471,10.881696906677336,obstruction
13400.471210954627,0.7318899806265351,0.7256233642324158,10.564003640169384,obstruction
13405.436475516764,-1.1170415835883682,-1.2344442436554752,9.145543001244368,obstruction
13410.360838788582,-1.9987749802364454,-1.3522141346322454,8.902397645942363,obstruction
13415.284843354584,0.16840017826585923,-0.3302697605617958,9.052255072765695,obstruction
13420.30267109757,0.9955764172108797,0.7160011401647997,10.662905475695583,obstruction
13425.320937557948,0.5784297884260864,1.6161439369748212,10.498266200167086,obstruction
13430.293454999346,0.5982782970365894,0.29192553296616447,10.96498647649109,obstruction
13435.306456971623,-0.785828986194735,-0.1574454282648128,9.640274616423651,obstruction
13440.379727617137,-0.9826675180394419,-0.8896549785200022,8.260677025993079,obstruction
13445.402523834187,-1.3312828674907706,-0.9811174585024501,8.82784182609807,obstruction
13450.420631652867,-0.431506116751138,0.8438627349055876,8.974753167531567,obstruction
13455.39945068733,1.3907826815325293,0.40129358715535857,11.014378610542039,obstruction
13460.410393406864,0.7384890440285876,0.5508490365113513,12.369764465653384,obstruction
13465.472090767576,-0.6333208295844794,-0.3671729697274355,9.873280302770498,obstruction
13470.41044236274,-0.3084097527058427,-0.25849129593702924,8.67141810584957,obstruction
13475.381130236721,-1.8530658422002344,-1.27498529317582,8.569344458409182,obstruction
13480.43257274058,-1.121301020230407,0.7032471769565496,8.860546068898707,obstruction
13485.402334916096,-0.12354785659251188,0.6609829530622447,11.162977711074959,obstruction
13490.475067568632,1.0426369163719773,0.9022540397418699,11.02023791991018,obstruction
13495.511938142568,1.0637147139554952,1.413642697257422,10.545726121950086,obstruction
13500.520286964145,-0.7797977484597249,-1.2794131659290278,9.732433568254226,obstruction
13505.495530730912,-1.6488167140961503,-1.0892796258297088,8.192077138982206,obstruction
13510.509068691312,-1.4532291506284762,-1.2994395385261677,9.639593961354109,obstruction
13515.462129757809,0.9599442574762178,-1.5092455391320911,10.798219579925721,obstruction
13520.39220468774,1.5232599131423514,0.31695083467934804,10.866190480207742,obstruction
13525.481751887228,1.143635676261606,1.3604905272761036,11.825617818170542,obstruction
13530.465091718434,2.4519871555380646,0.39362973745643504,9.971006894446486,obstruction
13535.380715591378,-0.6532666581873823,-1.4276369060068528,9.194374863985745,obstruction
13540.342973657309,-0.4934565944882595,-1.9319200073819611,8.047164672443076,obstruction
13545.314238042645,-0.6468685474776177,-0.5038975952847569,8.812601437219783,obstruction
13550.274141525791,0.5009365538502952,-0.03358718076984041,10.266985285799135,obstruction
13555.317402478962,0.8823466861864581,2.0270921120103607,11.47441575563451,obstruction
13560.310969083042,0.845753574605742,0.20324064734210467,11.183576195113298,obstruction
13565.394245884127,-0.31489825450475417,0.06795863459139162,9.544682232168993,obstruction
13570.46728571808,-1.220537693348775,-1.3897491886634543,7.697142231714377,obstruction
13575.414955172751,-0.05770102462678295,-1.0530733419359115,8.403558259692373,obstruction
13580.32989445583,-1.5461643387515318,-0.368171894001161,9.284975040788007,obstruction
13585.341652266236,0.1956272099020817,1.298093644030365,11.333860614344252,obstruction
13590.272731778736,1.5166215203437459,1.3402323005157717,11.3219475048242,obstruction
13595.340397103688,1.5140389411333208,-0.42621166761509843,9.704566192789125,obstruction
13600.387959158983,-0.8020050397943925,-0.21075160855710628,9.484551645028604,obstruction
13605.396140031891,-1.0700668302422036,-1.5506445589367197,8.270529958964113,obstruction
13610.44811240147,-0.9013964410707884,-1.377273109058719,8.362807867441573,obstruction
13615.476264400035,-0.12230392900794024,0.4387868262704514,10.443539694454262,obstruction
13620.46048745864,0.9075474114382678,1.798329334436546,10.520974976099357,obstruction
13625.42169883441,1.2072891176597282,-0.7030076228091323,11.445248991791711,obstruction
13630.535500744643,-4.064475451315259,-3.777833547970985,5.612022077581717,obstruction
13635.575763643534,-0.8169440496996666,-0.593734222686708,8.595318832161944,obstruction
13640.546820517397,-1.8466142240254266,-1.2563415029372438,8.251479013222708,obstruction
13645.54067878231,-1.5003962924706393,-1.4232075003175422,9.347729532260209,obstruction
13650.546404483815,0.8197481397569695,0.20862544234392444,10.388012405948272,obstruction
13655.530127848107,1.4143599103285016,0.3307788676834469,10.784815863964802,obstruction
13660.462173486183,0.4722903072688304,0.9798005375490766,10.687733668244096,obstruction
13665.491217944418,-0.24715504896300544,-1.1391239893706788,8.30432917892582,obstruction
13670.621477691258,-0.07338321900127132,-1.0284213669659186,8.809161388269114,obstruction
13675.576074217941,-1.3113103136125597,-1.1588695416195207,7.653225151955894,obstruction
13680.516290941498,-0.7026224541229323,0.2488350108903876,10.44762402928655,obstruction
13685.49453704257,1.14359851456311,0.4257388820933922,10.877709395647987,obstruction
13690.43092274294,-0.3228216695568058,1.7121479497709367,10.64249441868632,obstruction
13695.420139694317,0.5457135788581555,0.8138273487519652,10.437748399433001,obstruction
13700.492723339936,-0.8136619707357187,-1.4321828791545785,9.583518306588147,obstruction
13705.574825694739,-1.443149506997996,-1.7815302618052842,7.195593265779703,obstruction
13710.588106309007,-1.109121587975403,-1.4464601548307596,8.700272672280834,obstruction
13715.419936331507,0.4183273016937177,0.073186945501035,10.986849439149845,obstruction
13720.435516637719,0.5836801103624999,0.8573811277225181,11.71859762022451,obstruction
13725.447796950824,1.0399057594569936,0.2537208740953474,11.399366131684527,obstruction
13730.45758850815,-0.39693661598436136,-0.0018103380777461792,10.810906529775977,obstruction
13735.431179053392,-1.109438964376646,-1.2291956527977053,7.916412888303405,obstruction
13740.448082873223,-1.4004175634823053,-1.1928461258053913,8.40878203797879,obstruction
13745.393478622489,-0.46025872516616195,-1.1369807665368108,8.89214862399645,obstruction
13750.397210662963,0.4940726361888508,1.4633678859120298,10.037472603684902,obstruction
13755.394602110715,1.7836799508080365,2.5620231818629735,12.031713482469891,obstruction
13760.457362782812,-0.1683909932425851,1.01602117647422,10.259567667950252,obstruction
13765.373366461708,-0.31942709012537457,-0.6696449074414155,9.09622049978812,obstruction
13770.350210943026,-2.0089503155167283,-1.3478820647043979,8.522857990222882,obstruction
13775.343304906743,-1.1917752387551992,-0.9144656470466579,8.292741919586195,obstruction
13780.42400013577,0.4527595350843711,0.396661511087237,9.628743602912241,obstruction
13785.463443346003,0.46358042643652586,0.8052226400865902,12.099151273434863,obstruction
13790.511855078641,0.49126287173676464,1.3030688199613119,11.958671037692003,obstruction
13795.557873829446,-0.5916542024120048,-0.5377321047041331,9.181630705239757,obstruction
13800.609048634346,-1.5102641587564696,-0.953710399468372,8.098445542250007,obstruction
13805.588576333645,-1.4947053891740654,-0.8209126269778553,7.743110928404985,obstruction
13810.506284245306,-1.0456962289909904,0.36871355611768963,10.523339934948519,obstruction
13815.490474285807,1.6752307641305473,1.5301517459000817,10.747354193538659,obstruction
13820.454239650582,0.45911722097486074,1.0771425458694655,11.716400263381944,obstruction
13825.456396674856,0.9087085671864521,0.8560919719338643,10.436555149317048,obstruction
13830.318484116342,-0.5139272639414231,-0.6774358409184332,9.40354847300125,obstruction
13835.312069442338,-1.7450968681750014,-1.8689739004492203,8.666045758970586,obstruction
13840.205545608263,-1.4786836032884314,-0.7081035729611551,8.738712597178994,obstruction
13845.227073050084,-0.3314742758160971,1.1931165310515814,10.472451457451232,obstruction
13850.21760060015,0.6200288742493243,1.48923696343113,11.625282365060942,obstruction
13855.237326586635,1.0852235279008946,-0.44057051727668783,11.505654166279609,obstruction
13860.16346252302,-1.4265740042329558,0.7938883122067418,10.10803686872917,obstruction
13865.175908704525,-2.5610387535643517,-0.6270242379216078,9.15169740325353,obstruction
13870.17839005305,-1.4949130372176884,-0.5559819446467187,8.421142718778357,obstruction
13875.128302475014,-0.5240435456023939,-0.4461250805769542,9.225181865782876,obstruction
13880.066515888897,0.2177026439753896,0.24842480957836596,10.21536935177777,obstruction
13885.08849591131,1.4891066380129443,1.3363466425059736,11.98285527104914,obstruction
13890.112469681886,0.3405328465916553,1.4064239683353608,11.027642823976318,obstruction
13895.261751561828,0.4309116703854571,0.9683042277820965,10.799144613373258,obstruction
13900.305236387232,-2.083843696624696,-2.0395747657122447,9.002713184243296,obstruction
13905.288174332543,-0.6917022279147718,-0.8830246469885472,9.403933963173433,obstruction
13910.325619436624,-0.33053407765519216,0.5362220602716268,8.236594223856043,obstruction
13915.343061689633,1.2777447484502047,0.06100146844534149,11.04269992077413,obstruction
13920.355715891119,0.5578124030233725,1.147102544697642,10.8835374130162,obstruction
13925.315316156608,0.9446963359996292,0.6542881925152868,10.716158426343897,obstruction
13930.342344676583,-0.5554202015238339,-1.7942728114580295,9.826590119237219,obstruction
13935.368838112894,-0.5719057745579144,-1.075653791503379,8.057773487088973,obstruction
13940.354607533935,-0.3706081822942692,-1.205610105295878,9.115770160223972,obstruction
13945.42931654815,0.09813307695259926,1.314580739212946,10.811175684456284,obstruction
13950.425538730366,-0.1132364377700521,1.6778689231078363,11.190330770981507,obstruction
13955.465639981292,0.7014440507312171,1.0228644558885418,10.468101431641774,obstruction
13960.509844665794,-0.5099588149596103,-0.5399793803393261,9.174216944993308,obstruction
13965.509137249932,-1.9175638195499802,-1.4595852168491616,8.624413127847147,obstruction
13970.520370455577,-1.1319355536691251,-1.6598237720593287,8.59322846118146,obstruction
13975.487571836475,-0.8389133994273028,0.30974742074373696,9.687786104829211,obstruction
13980.500776784136,-0.6482594812368093,0.6641801289717716,11.412500030975309,obstruction
13985.519564096629,1.2056072545561058,0.4327599739500484,11.122015335783242,obstruction
13990.56677417882,1.0205364338918566,0.05823162910022994,10.383471081643751,obstruction
13995.50291332566,-0.3763007984061414,-0.18303296875375324,8.636429797867063,obstruction
14000.53428980019,-0.7612496619702167,0.036270328041675626,8.043773887612184,obstruction
14005.559121197668,-0.9301685041459447,-1.4087019752815115,8.850228621455026,obstruction
14010.461236515079,0.5681051643437525,-0.0942094835152807,9.63320210246798,obstruction
14015.356092407153,1.0946623703020195,2.185700673266585,10.919482366725237,obstruction
14020.440755964994,1.041770036388661,0.9612828722005745,10.252106232991075,obstruction
14025.357165166657,1.4240022966049302,0.7439054410683736,10.171392360715044,obstruction
14030.40754607697,-1.6985550873563204,-2.4911750341605114,9.016590766045974,obstruction
14035.38106534712,-1.8599630368997828,-0.9230649491294329,8.275238397933482,obstruction
14040.311928300127,-1.2713214290855341,-0.06448251530489124,8.255187168099708,obstruction
14045.26036816105,0.7293198541804582,-0.4675574041631522,10.169908263529484,obstruction
14050.195485175125,0.9044811096909531,0.9257041509302136,10.69442672443817,obstruction
14055.24270944372,1.0052814210922816,1.6636933043494837,10.577068565674377,obstruction
14060.212022379616,0.34668065898405986,1.393513384964888,9.68824975446971,obstruction
14065.266168036756,-0.7940899455575605,-2.016402413531966,8.818520229348337,obstruction
14070.371470728112,-1.7982184865725928,-1.6905045984037526,7.574695167060755,obstruction
14075.36050244671,-0.549910100575383,-0.5246954906852885,8.403277136460233,obstruction
14080.33733121912,1.02613339267912,0.13801920923773697,10.209312403054952,obstruction
14085.319911915125,1.1040638703539212,0.7507554411102377,11.432714497378829,obstruction
14090.37290121018,1.8496901778145103,-0.4984414050067003,11.189931967363872,obstruction
14095.353359663171,-0.14832432272955928,0.3384625960516976,9.751930655050105,obstruction
14100.44976990621,-0.8416815090624414,-0.47633895001514254,9.282304218703977,obstruction
14105.56570847434,-0.7214837645963607,-1.049497464880095,8.795794913898407,obstruction
14110.589545630033,-0.05530843110577699,-0.7876494780191151,9.703918379704348,obstruction
14115.575852155029,1.5404960332154491,0.22273569659360684,11.046123254773855,obstruction
14120.563811590682,1.3200569597246834,1.0287831217698278,11.494064709628855,obstruction
14125.555408176022,0.5997286467280083,1.4772802009252777,12.026617758364942,obstruction
14130.489489600976,0.3644946027784911,-0.891765661701694,10.068190040010892,obstruction
14135.50081239968,-0.5656276557384277,-1.0189174407708186,7.666582734475078,obstruction
14140.546883525873,-0.7295765121747662,-1.713152546500924,8.213200890810125,obstruction
14145.490273623514,-0.36281087846118065,-0.8742371363038368,9.131287994258066,obstruction
14150.423894628624,0.8065909225187795,1.144918896386682,10.40743688510748,obstruction
14155.442415804568,1.8771197955412453,1.436314696320671,10.598197982621986,obstruction
14160.423296161194,0.6781831596895086,0.13785096888528114,11.620902554687298,obstruction
14165.362083618635,-0.9190930229431602,-0.7633810727199918,9.66971214390035,obstruction
14170.402781967421,-5.38136502251229,-5.640338276311445,5.2041101234427725,obstruction
14175.412689948254,-0.9677967441548101,-1.681994136279994,8.802662970227692,obstruction
14180.375849147851,0.326432815217361,1.458615293973206,10.516170340776522,obstruction
14185.291345842423,0.20946350742784237,-0.21130253544102895,9.972486345591626,obstruction
14190.251141602965,1.4795399750995153,1.9710865000384397,11.297408489304544,obstruction
14195.32078047782,0.29986643824185766,0.57329359527292,10.13370262688865,obstruction
14200.256023996068,0.21103337399329702,-0.14052702658704308,9.483417872932327,obstruction
14205.206312109982,-1.5189394555036464,-1.1696633273563541,8.702391685325853,obstruction
14210.159843655192,0.25348302256295996,-0.9723635791263073,9.590537782712135,obstruction
14215.024137743156,-0.3051338840999801,-0.9964856441944779,9.715878066425683,obstruction
14220.07211407969,2.0748523393614606,1.0102704655048924,10.724888630977748,obstruction
14225.054907438527,0.8335133478426517,2.7547623157971204,10.927011047504873,obstruction
14230.054212368841,1.0101497064510472,0.005972216045765866,10.80728134082293,obstruction
14235.012681260287,-0.792712846331325,-1.4964099113179856,9.021437731680495,obstruction
14240.040241490475,-1.4711001960485748,-1.5902289183715872,8.72870109412353,obstruction
14244.961289951885,-1.0293210673685693,-0.3778632939754907,9.367630206996349,obstruction
14250.019474128832,0.615339765700746,0.23402674336568502,10.630169352012352,obstruction
14255.026190175526,1.1442022044137998,1.216020163953248,11.307572900686596,obstruction
14260.013102229763,1.0914018711644813,0.9977530113486197,9.981681551021845,obstruction
14264.992372335282,0.5312185580854758,-0.9791323306036913,8.874503395038495,obstruction
14269.978951165021,-1.5978272610330073,-1.4342746461628881,8.161244813331821,obstruction
14274.988877878153,-0.8101778835354699,-0.8360283483416793,8.63009556414035,obstruction
14279.987578082191,-0.07949381988656047,1.1077361422389904,9.497491354973024,obstruction
14285.023167581548,0.9038591956694771,0.7699780397951262,10.96850458933396,obstruction
14290.108978293822,1.449350205366151,1.4724972504778144,10.838345970546934,obstruction
14295.002617012295,0.37771951613156163,0.30963061017333404,10.472742303861517,obstruction
14300.001204566272,0.20994476168637854,-0.5028402804005521,9.833268789118712,obstruction
14304.976098775827,-1.645613983480923,-1.605003034453247,8.421598298858319,obstruction
14310.092096788365,-0.9314080069098187,-0.3948486907427353,8.826507744231137,obstruction
14315.084038652092,0.8026967819994723,0.283049153593185,9.554688647834974,obstruction
14320.1131647006,1.0709063755285524,1.7565809598106403,11.280861154883402,obstruction
14325.180680551153,1.0432793718798625,1.3457576586510898,11.446215580090229,obstruction
14330.153090248097,-1.2947139566795134,0.15185033142241305,10.399524332948234,obstruction
14335.271890178845,-1.0185602355680672,-1.3121005687446705,9.590736514190715,obstruction
14340.271317741992,-1.557639789429134,-1.4096020024282108,7.412395490617263,obstruction
14345.3065342463,-0.7803459380277266,0.9553185948080547,9.543953221784289,obstruction
14350.314031636393,-0.49033938604614613,0.022497121513022633,11.20834146072201,obstruction
14355.334086482362,1.0111228144415532,0.6639125378650884,11.570731511219334,obstruction
14360.361584765233,0.7003749061489208,0.7179050524411701,10.55784622883527,obstruction
14365.3723874271,-0.5727996707758807,-0.28802791886508283,9.144637192308329,obstruction
14370.35797556615,-1.3980724915290703,-1.191617183561252,7.57275182452111,obstruction
14375.240506019965,-0.7173483048447669,-0.9917884170545594,8.278356729711987,obstruction
14380.23393893557,0.4570730862627081,1.2561316345489575,9.662527592967765,obstruction
14385.24605800879,1.2582165727173655,0.20687091531737645,11.470720478869158,obstruction
14390.297929167542,0.9586645557471565,0.6858980904095022,11.274554700115177,obstruction
14395.37932340546,0.5676454777598773,0.8874494968867601,10.256077602282838,obstruction
14400.422749768619,-0.3799490308807362,-1.1276901763995175,8.661689013481299,obstruction
14405.428707264691,-1.6197961033600923,0.4876132306637426,9.543948821451663,obstruction
14410.443345275107,0.810994368290251,-0.8069737835133102,8.713313451712718,obstruction
14415.409518891272,0.5509809918461438,0.7557363046849023,10.500807691639082,obstruction
14420.464156477028,1.6866733267067509,1.4410218431388528,10.752494473150676,obstruction
14425.439690809344,0.4559632705254024,0.23523972525833248,11.022864149546963,obstruction
14430.429467063555,1.1899013370349119,-0.8332228303689513,9.411431317853397,obstruction
14435.437182717853,-1.946553065763509,-0.04065724278191207,8.195478381996226,obstruction
14440.42659491445,-2.504468965822266,-1.777879855089295,8.893614676263779,obstruction
14445.477884466258,0.011195957601484952,-0.5439026731181511,9.144615587753991,obstruction
14450.405784121882,0.6744243136879731,0.9264026603406658,11.34067100832657,obstruction
14455.382620299943,0.7925015804171132,0.9967404423177608,10.79744834095135,obstruction
14460.406923238497,0.7039885233890085,0.7143246057861417,9.694146216241315,obstruction
14465.341943583813,-1.2286967597158978,-0.9618173868500758,8.209780085483523,obstruction
14470.4019266635,-1.239468521376871,-1.074727881488645,8.155937845957833,obstruction
14475.430404080265,-0.5779754421601109,-0.6553627056246295,9.847481141914372,obstruction
14480.373442051052,0.8267542378422126,0.3727845309514307,10.606666132642879,obstruction
14485.315072409318,1.0282143048112045,0.07526261419665548,11.830147720720015,obstruction
14490.288176808846,1.1451755203514353,1.2920006110945197,11.230532057815088,obstruction
14495.20541628874,-0.5033016445053232,-0.12397814808723287,9.9308848300549,obstruction
14500.075957115334,0.29580883673994296,0.02161130260753774,8.825299907913971,obstruction
14505.001347705453,-1.3209563274508276,-0.6293827700627788,9.216633754205668,obstruction
14510.015350681842,-0.45693580105632936,0.27523575064221095,9.521946339329977,obstruction
14515.010372852104,-0.25782575447706035,0.7592263347502953,11.272143310591755,obstruction
14520.026240723651,0.5314795995584715,0.5463272410452225,10.698630632314613,obstruction
14525.119082937474,0.7760237315230804,-0.01815216086843008,10.664462604757778,obstruction
14530.111149050173,-0.7595674207585752,-0.7357494736326717,9.492591273948078,obstruction
14534.997352029479,-2.452572696995751,-0.7637411669668663,9.475234045347946,obstruction
14539.987167754334,-0.2603747680273103,-0.2917182291109146,8.727572668766701,obstruction
14544.927838887439,0.8520101952999884,0.8262276928689514,9.726204961961443,obstruction
14549.867236863107,0.11997736476774623,1.0330917340462447,11.020109097238395,obstruction
14554.889682243786,1.3540860745115675,1.6976929801001663,11.395485499167167,obstruction
14559.881670873237,-0.19240495895001197,-0.6886045581514151,10.56565496546335,obstruction
14564.915979467485,0.1275247741508293,0.04250122467333517,9.079731924907485,obstruction
14569.980633933856,-0.37509522682667273,-1.4685665993957426,7.678069998974538,obstruction
14575.00816500501,-0.19436687332870106,-0.6399394537258768,8.858575533445398,obstruction
14580.066788782426,0.053179587143133866,0.5233931577133497,10.181102662597471,obstruction
14585.116666039328,0.8242145041418426,2.0793507419675956,11.540177706040273,obstruction
14590.212416998687,1.0263463553578882,0.42037813585213857,11.043865166368178,obstruction
14595.214279602586,-0.4539643993431091,-0.8303856570395267,9.478648416278228,obstruction
14600.217713253092,-1.178486392234555,-0.48190582969846735,8.705096263177566,obstruction
14605.2539462357,-1.569185072739332,-1.0337550940251359,9.43968225234908,obstruction
14610.27533575228,-0.27726192924574916,-0.7668741837609117,9.802774131543643,obstruction
14615.298081941488,0.8882448583365483,1.2602982264078106,10.868101559713736,obstruction
14620.287185142992,1.5996005804996933,1.7690337503145808,9.358001198578185,obstruction
14625.256129346453,0.05171273798077103,0.6838975135772196,11.05210617995522,obstruction
14630.27904415951,-0.2845894903243361,0.6191879868535481,9.177074752712121,obstruction
14635.180201346395,-1.5507123325070848,-0.8597279202585302,8.2694036365466,obstruction
14640.11866444166,-0.25049035346525195,-1.1095727181678774,7.97616626699163,obstruction
14645.13791294668,1.071352078385031,-0.7480681714318982,10.292961097384381,obstruction
14650.125900919007,1.1768775394655324,1.4694900516318397,11.691716740831433,obstruction
14655.074838768354,1.2974471086866324,1.1100946367000128,11.038432244708007,obstruction
14660.099021534885,0.06080991263948096,-0.8295174256992232,9.655672546704926,obstruction
14665.11991057766,-0.6198554728543119,-1.4957435394225733,8.534988734089639,obstruction
14670.097240657022,-0.6574446595238332,-1.5322808373307963,8.018529969466512,obstruction
14675.121021133478,-0.7045560469293768,-0.4318903245217873,9.090442660957265,obstruction
14680.077765621685,-0.31541528265894614,0.6050468023921429,10.955349093267836,obstruction
14685.067692612874,0.9493292546994936,1.592372474259137,11.864146094671545,obstruction
14690.044241709636,0.6608766360344057,1.97353241463109,10.60207764586301,obstruction
14695.112813594744,0.019721757165836518,-0.8192595856900968,10.25902057648276,obstruction
14700.061115640216,-0.912026214111522,-0.5002307743533672,9.538254995566682,obstruction
14705.032557147635,-0.614369419441088,-0.7914131998329095,8.892015872537021,obstruction
14709.952530235905,-0.4936086122341916,-0.5871337035739692,9.450837793207997,obstruction
14714.970837803285,0.8649988065922251,1.053273511248101,11.41227435881542,obstruction
14719.980862823637,1.479748373400036,0.9685668213200559,10.39234065986482,obstruction
14724.907717875476,0.6816369292197595,0.6508391746946843,11.049503064899254,obstruction
14729.963490695673,-1.3744523445771015,-1.5816278111784732,8.25371473360368,obstruction
14734.98140517636,-1.4170813046860045,-0.8564278310252893,8.313675732501498,obstruction
14739.932748925643,-0.2796086018405787,-0.5861287806612808,8.872076551588531,obstruction
14744.90107054866,-0.11132307010074033,0.8784685722743142,10.350387981765866,obstruction
14749.84728610493,1.080920756913307,0.8925172702936641,10.731582632198247,obstruction
14754.727659344757,0.3531122557730343,1.1990852088389234,10.737457543423167,obstruction
14759.76994955032,0.07625316749794639,0.5309356674019263,10.250886074138844,obstruction
14764.717243281691,-1.8926850859309845,-0.7215063828695248,8.358076031922582,obstruction
14769.740149278108,-0.22620531953971468,-0.6372536044542482,8.208730895976158,obstruction
14774.739004089617,-0.04243758832432404,-0.7862401936232793,9.332308927290953,obstruction
14779.783000610303,0.7000641257577125,0.8325956961021075,11.294020153618993,obstruction
14784.824702577493,1.8290484212921623,0.7653656296767011,10.439353178336901,obstruction
14789.807660096712,0.3566139473250379,0.28967076821174786,10.459466571306494,obstruction
14794.78264508721,-0.8908325385443587,-0.5404772963496985,8.72361120891703,obstruction
14799.850283523909,-0.7479058154567628,-1.4034927627223177,9.107425516655598,obstruction
14804.846410730079,-0.7878345480517994,-0.7510410826380176,8.377277917929137,obstruction
14809.784863794053,0.215242344683717,-0.1540096499320452,10.471372389870377,obstruction
14814.655463990299,1.8229101534857746,1.160798806749504,10.500805989674468,obstruction
14819.65744658169,-0.16058606290606914,0.8017840766337457,11.499973093894425,obstruction
14824.645727525705,0.4815034174142956,0.3195903700633621,9.631831462683412,obstruction
14829.646947275718,-1.1673006390056555,-1.5405130030097385,8.891202659421609,obstruction
14834.690511646046,-1.4548324504581742,0.21742089928298047,8.442098499014689,obstruction
14839.715285539633,-0.44340235306855,-0.15249023845342147,9.181085310411015,obstruction
14844.701170719323,0.8007915052246666,-0.2675945643334387,9.895056704638064,obstruction
14849.607693086149,-0.6297346423173953,1.1286812446473664,11.155378939221533,obstruction
14854.555005265021,1.4713370585621286,1.0070335565294162,10.699505190182395,obstruction
14859.53181432149,-0.143613416623773,0.32683559751208363,10.211408191297672,obstruction
14864.473740689149,-0.10267097186076757,-2.213056566501042,8.108936804706781,obstruction
14869.469030614495,0.029010573544129725,-1.3691550642972983,9.316582504642438,obstruction
14874.443426066611,-0.6634246296267812,-0.6342662803830309,9.1346371875208,obstruction
14879.39750960898,-0.6871869500686116,0.6800414720905521,9.560172177415852,obstruction
14884.417441282392,1.5192994175172114,1.5782064040239412,11.638118476896148,obstruction
14889.513853344424,1.6975858230061143,0.8322282844980833,11.47056280873412,obstruction
14894.510429581022,-0.492392089628781,0.8348257145313467,9.103873020630147,obstruction
14899.47493482938,-0.6516870586816355,-0.39402062538376725,8.027528947197393,obstruction
14904.507715526912,-0.4208468733859161,-1.9584996534092514,7.744522911090726,obstruction
14909.472840084916,-1.9910322620921093,-0.5938303251251308,10.252885848830811,obstruction
14914.472340183323,0.9799996867820591,-0.06485091792695918,11.180076843507935,obstruction
14919.397630622081,1.0545083372229804,0.9816641209064262,11.00382574404591,obstruction
14924.429662273129,0.3541896450534619,0.6836917388762904,10.727236565957782,obstruction
14929.507292936103,0.13003105309770369,-0.15484991133199347,9.316095962284967,obstruction
14934.504843943092,-1.2483024569553416,-1.5346407376426978,8.039295853799791,obstruction
14939.588409196444,-1.5661330958302988,-1.374735213449037,9.142544805818494,obstruction
14944.513787538877,0.05637530014423342,-0.2175315292073046,10.061231836663065,obstruction
14949.54675413486,1.556462810433071,0.864197457619127,11.396157958269672,obstruction
14954.625525604963,1.263695518437813,1.1237277464472615,11.644621063093204,obstruction
14959.666902054212,-4.0511841829594335,-4.025547960660287,6.067565121848768,obstruction
14964.646071460638,-1.0370486330139146,-0.7197407429012544,7.891170593877048,obstruction
14969.648701080194,-1.612068248130463,-2.2412911066237347,7.943130683758945,obstruction
14974.572127815916,0.5600082415346491,-0.1630107830173817,9.22222029576264,obstruction
14979.587002052524,0.8247282917435432,-0.08472097479294177,10.242778547800999,obstruction
14984.585579474295,1.0811320689476998,1.0786338714540573,10.248151350007499,obstruction
14989.578074133338,0.16249794533117123,1.0127231485050339,10.394405094016179,obstruction
14994.631044512134,-0.3667926386626218,-0.033353585784636416,9.435474911228802,obstruction
14999.677677261017,-1.1001910613813655,-1.2802845677524353,8.187684004592711,obstruction
15004.596183646272,-0.9759159358175594,-1.370980821029878,7.917265002110979,obstruction
15009.557934225353,-1.3696658480008144,0.5219888066931215,9.285456987421322,obstruction
15014.656055635867,0.5998386235330095,0.6384062036391783,10.185820126382204,obstruction
15019.69913464821,0.4166921398805298,1.5228534417549613,10.448712190959942,obstruction
15024.721757159083,1.2217700618220175,0.6641036161371167,9.26800811894615,obstruction
15029.694190967899,-1.8259568487501805,0.7630481441919733,9.294445046867278,obstruction
15034.721048439209,-1.2156363136136166,-1.1290369646606155,8.670794335594662,obstruction
15039.649896612947,-0.3938314991212172,-0.6433546792979388,8.250476150666813,obstruction
15044.673584865142,0.5647337428397262,-0.43327478864267865,9.908738405542975,obstruction
15049.723495191578,0.4700582661490049,1.302361189409786,11.29130859232612,obstruction
15054.764155418943,0.5821413119591791,0.13629238125341947,11.299505444245922,obstruction
15059.765741138322,0.3216561091586129,0.7058171243382735,10.18576261502566,obstruction
15064.788836166332,-0.9941668903288503,-0.802769306823305,8.740792331210736,obstruction
15069.905743721232,-1.4350969100985844,-0.7905049221490048,8.274265813188663,obstruction
15075.004449616283,-0.7981630754626128,-1.068814912353818,9.93739254291264,obstruction
15080.039533175981,-0.24097419067851011,1.4667084049417265,10.253093163299436,obstruction
15085.026226925367,1.4688978760238052,1.9142890350361306,11.249406018261666,obstruction
15090.067304709195,0.12511425512362162,0.6922244819358365,9.936376180185107,obstruction
15095.037982766582,-0.5942238572716889,-0.29802876080892515,9.5781799705671,obstruction
15100.054323129925,-0.7331303523400284,-1.6106678809570578,7.834721697554116,obstruction
15105.00530839877,-1.3513751951856483,-1.3217426405860193,8.684716680091277,obstruction
15110.038889245205,0.4958773594759004,-0.026266015971182333,10.807774753153684,obstruction
15115.03328692903,1.1070649284308511,1.299229868458347,11.73503874543983,obstruction
15119.947456566295,1.2891715203206522,1.102153746225532,11.145775903976087,obstruction
15125.062108853273,-0.1392020662267088,-0.23862341052577338,10.349410230559283,obstruction
15130.057367005702,-0.7436880061855459,-0.883321402769549,8.047948215733637,obstruction
15135.064993870212,-1.8499169946257492,-1.616256508252728,9.012202169662535,obstruction
15140.042851321548,-0.5399467738109911,-1.2775917024100818,8.284724803369578,obstruction
15145.061320739149,0.5913145491777522,0.5926376303600172,9.938097504535413,obstruction
15150.068373339689,1.112033371297354,1.0221008873337845,11.945674638821782,obstruction
15155.06455497121,1.3003021476156387,-0.32037910838181916,10.828726469150384,obstruction
15160.07123480614,0.05332358854351493,-1.0442344536853727,9.525657639703928,obstruction
15165.119122229036,-1.556031674656412,-2.0109836219763224,8.251655994368283,obstruction
15170.033274132904,-1.6541164751238338,-1.8473653670223258,8.813725349137579,obstruction
15175.045335001398,0.11583327130327883,0.30108061110969553,10.187262620083196,obstruction
15180.036225612948,1.5523922922225948,0.7956518501026782,11.082927387196394,obstruction
15185.029712185575,0.19277630165888415,0.46630984261984476,11.58728128489994,obstruction
15190.016164186722,0.6420996161898023,0.656077131462051,11.17931016839294,obstruction
15195.0377066409,-0.29921530837668764,-0.7836411081139869,8.522068596217347,obstruction
15199.96802349727,-0.134433141067833,-0.8575799957165047,7.797055194937926,obstruction
15204.964686597948,-1.2219202269967395,-0.5018641714835381,9.397672877457717,obstruction
15209.995542161898,1.576738081458799,0.37695906616913866,10.363271002105185,obstruction
15214.930096739714,1.6598218810422707,1.2199347437241972,9.915294927853063,obstruction
15219.873674987812,0.8106098751025327,1.110150487514138,9.515810091534464,obstruction
15224.830990743738,0.2583509505472361,0.37777492987911315,9.683829153468333,obstruction
15229.856969125129,-0.7930164607692244,-1.3016454337886008,8.8098410947675,obstruction
15234.88803781731,-1.418098649450941,-1.7457472110450374,8.930245107548485,obstruction
15239.945451388821,-1.3070077709067414,-0.32149228976982813,9.878731167709063,obstruction
15244.896786941743,0.7164955192351526,-0.2904175400363742,11.752040875830044,obstruction
15249.851372297455,1.3538867982395715,1.7543045683401246,11.139517426347032,obstruction
15254.851481381816,0.5497926293532583,0.5315512118086233,10.195887880644605,obstruction
15259.81847504078,-0.11341095310316085,-0.04435255279594841,9.183826270499221,obstruction
15264.793659960746,-0.6955398905503186,-1.3428390366767704,8.592052831166995,obstruction
15269.80767999122,-0.8177663880998343,-0.27384325887613914,8.774087637583659,obstruction
15274.853692242441,-0.10014374872826877,-0.460693451771577,9.349846015696775,obstruction
15279.833169378648,0.7393439624155005,0.4249040798226642,10.837467052036152,obstruction
15284.80834518328,1.3302983052458048,1.0154420140918698,11.92592155181979,obstruction
15289.879877100799,0.5223353983332653,-0.4397640550628963,11.185180203978826,obstruction
15294.895958553203,2.9844276670500234,1.979448835331352,13.32928008377537,obstruction
15299.92596934762,-0.808329110844312,-1.0449458418784574,7.640842213004749,obstruction
15304.99966173653,-0.5095836535099882,-0.9174527681973565,8.521375463727844,obstruction
15310.02513069535,0.3322559444470876,0.3689358759696007,10.68526020020273,obstruction
15315.072930249067,0.32251575567008917,1.6870483431546979,11.361073941789277,obstruction
15320.14878587071,1.0784695910249016,1.0831750672366163,10.896254169720907,obstruction
15325.117675592535,0.8951882139913186,-0.30643883006075334,9.982928603146714,obstruction
15330.109002980345,-1.6542271987047497,-0.44490228950171457,9.075338788284407,obstruction
15335.061923498379,-2.0940175565778665,-1.587572075232532,7.232975918084286,obstruction
15340.009312824348,-0.8203924854370768,-1.6239250944087502,8.19649618033677,obstruction
15345.047552704506,0.2657298752463405,0.11152036566725104,9.854447046594068,obstruction
15350.014926345455,1.0277305049926144,1.1124388784067174,11.515136234040309,obstruction
15355.086357449616,0.5546600420824711,0.5764092522885729,10.278931137331432,obstruction
15360.081218266268,-0.3789132788832866,0.35262585900749877,9.696195939760145,obstruction
15365.150932703787,-0.4263770303826979,-1.0395667845609768,8.182291161190468,obstruction
15370.171328477927,-0.5989794390558305,-1.1471816608475065,9.237762844873528,obstruction
15375.122011756283,-0.40928812172455864,-0.1705864288613245,9.862195624676303,obstruction
15380.095589692806,1.1753813519531584,1.5321754184765357,10.341054174604672,obstruction
15385.012087832903,1.3700594632751182,0.8822111599210052,11.604574273549227,obstruction
15390.032986265778,0.7571543891952838,-0.32989908058127565,10.33745331773725,obstruction
15395.086925348443,0.5907543595505,-0.650994710811026,9.262129200815687,obstruction
15400.02578444639,-0.9449129357377674,0.5808101812520297,8.312621867343994,obstruction
15405.030344850544,-0.31005722033319005,-0.9478014691895573,9.049610131117054,obstruction
15410.009759677161,0.5434423791250144,-0.5912168722460021,10.504037060012328,obstruction
15414.96525140502,1.3092225559546637,1.5001337627265219,11.493594967399334,obstruction
15419.95751817052,1.3858390366646736,0.683174792383207,9.958580794649308,obstruction
15425.040370548377,1.0334963551338059,1.049776067496711,9.403991013944173,obstruction
15430.127372076233,-0.20028293433272382,-0.9347617356694997,8.628480880202249,obstruction
15435.222525436047,-1.074494136704586,-0.7852939738611637,7.484207538527711,obstruction
15440.086900338849,-0.8131290735981298,-0.83878065692369,9.299844904443283,obstruction
15445.077894742943,-0.902492681269277,0.2931667969080415,9.823181941017195,obstruction
15450.092777505599,1.1335547139551414,1.1097682531698394,10.812964598580761,obstruction
15455.037925492017,0.22671808276728134,-0.10539005747718266,11.381309122480566,obstruction
15460.021832153567,-1.354929738456477,0.49298265247647133,9.782285497028484,obstruction
15465.009518937455,-1.8129560878807145,-0.7243710628233591,7.979244017551457,obstruction
15470.055596279952,-0.9015381739222896,-1.3560876943932012,8.68465043217297,obstruction
15475.069675222761,-0.5483832515185844,-0.7306470337020545,9.65387051996361,obstruction
15480.085187357863,0.31474714500457934,0.9869210484424329,10.775914790012237,obstruction
15485.134497817042,2.3315527416878474,1.78619833977529,10.479607860228114,obstruction
15490.080326133346,0.01233620223486065,1.4585756516244182,10.410137652348988,obstruction
15495.011676303062,0.39585360527611735,0.4721268592922636,10.108879466914383,obstruction
15500.025903095773,-1.2871777829704993,-1.4444578754708315,10.176352030106948,obstruction
15504.99831145671,-2.063796386738098,-0.5814981984984375,9.604746580025523,obstruction
15510.03813780321,0.41175078215892685,-0.8602681448737526,9.939938081031693,obstruction
15515.048045620999,0.9840768749416544,0.5282043843368007,10.957856138869966,obstruction
15520.04869418302,1.7328973214895171,0.5579571472871658,11.960498179800032,obstruction
15525.084811912255,4.713710601287642,4.940878109621275,14.912466746665265,obstruction
15530.086057403432,-0.6456245015000968,-0.1037496773909391,7.80481607337459,obstruction
15535.167330839182,-0.9356019376140611,-2.3526469745199217,8.221523608753964,obstruction
15540.16388096547,-2.097188834669529,-0.9362083002115583,9.463060856846376,obstruction
15545.09805558993,0.8778279137587852,-0.8322436856745076,11.258592670567795,obstruction
15550.054842714393,1.0213832437115093,0.30614326376780865,11.9723156523066,obstruction
15555.100114049827,1.0343419265030924,0.5496844996229509,10.877185681330406,obstruction
15560.08928227554,0.282138115961304,0.947767777974916,9.710320365165769,obstruction
15565.053163740444,-0.5150611491472803,-1.1453871614808449,8.542207544828482,obstruction
15569.994601405899,-1.165332064971197,-1.4357123359347022,7.947762303640805,obstruction
15575.060213390094,-0.407469652399404,-0.30905619619239594,9.137659339771671,obstruction
15579.963232898446,-0.243535732843422,0.547485787447487,10.54278756617164,obstruction
15585.032589235641,1.4686870514552017,1.4538240251777166,11.841774810371634,obstruction
15589.988278218161,1.6175826659911978,1.369131455532137,10.353863767295229,obstruction
15594.99233148429,0.14220618708634047,-1.0943014340763424,8.855869102461915,obstruction
15600.038741746479,-1.0836872790151744,-1.6685679093219565,7.589378987650262,obstruction
15605.030992996282,-0.8037617565730228,-0.4618983937089402,9.217542664184473,obstruction
15610.116478297055,0.5567586379582992,0.14629394363102616,9.550115326272667,obstruction
15615.206067073375,0.7748075575515075,-0.01425090295282816,10.61992886499119,obstruction
15620.122259455016,0.8779120911437293,1.1764681143676383,11.119126783775846,obstruction
15625.041956737638,-0.35140120801617786,0.2569854541718939,10.642564434270847,obstruction
15630.03627720671,-0.6823311774930534,-1.0492019230712164,8.588822998094303,obstruction
15635.037798822314,-1.370955289932215,-1.087480445751644,8.66127806097442,obstruction
15639.993657089652,-1.5666649579553686,-0.7103559331912351,8.757271953275229,obstruction
15645.001219388623,1.109282496960683,0.45853387731508743,10.757140318090835,obstruction
15649.924003366956,1.8443509693377802,1.3776254251000657,11.116468183408166,obstruction
15654.86509509328,1.4049083640894875,0.9723689612901109,9.908404275453185,obstruction
15659.79036096365,0.4167124338888769,0.7912752306291986,9.53499866768954,obstruction
15664.810545951614,-1.8221038596989914,-0.39634403235104665,8.863418300188359,obstruction
15669.91181571436,-0.6433234583272569,-2.370052719201304,8.02232706776357,obstruction
15674.907190308912,-0.8961706924888493,-0.4370421153466793,9.512108996939869,obstruction
15679.946879752042,1.8512849085348475,1.1688696216582959,11.697911075627642,obstruction
15684.925842617598,0.44988762216303935,1.7821087735546008,11.221383655415362,obstruction
15689.96353413111,0.5377521621019392,1.1107642396741255,10.63948675192281,obstruction
15694.985780856941,-0.39039591478234337,-0.8174007285300052,9.605529597657574,obstruction
15700.074117715367,-1.1350210057855903,-1.3626712647205468,7.397123799396589,obstruction
15705.113480043807,-0.1834849703634116,-1.097599199044997,9.686554695497987,obstruction
15710.104127915076,0.3240159060069118,1.4543097376962846,10.077746289447843,obstruction
15715.068868079583,0.4370731597193528,1.731836488199645,10.973043055412889,obstruction
15720.086142164462,1.0984677989319886,2.5185199801924654,10.175794900712685,obstruction
15725.069517802658,-0.7640453509627466,0.014654044683195921,10.185621223433989,obstruction
15729.960212021326,-1.3608582162194065,-0.27842325606652585,7.786097833363435,obstruction
15735.031991819222,-1.6154251768507149,-1.003563876861197,7.597051484997262,obstruction
15739.931305080072,-0.9570278426379306,-0.2793186408245083,8.799245916129422,obstruction
15744.921934855014,-0.5437544439751666,-0.628309245198411,9.617068716509596,obstruction
15749.853802257505,4.890835521263629,5.903061113242739,15.65475102778249,obstruction
15754.853379900205,-0.8451700397479743,0.008782738333983575,11.245569863463375,obstruction
15759.846776626666,-0.3617644798411394,-0.312776079365159,10.148517236746754,obstruction
15764.86347383551,-1.2146943998248092,-0.4770555705432853,8.534906531085086,obstruction
15769.872936359112,-0.4480809205214834,-1.4605246614514154,8.251568547421225,obstruction
15774.926927816963,-0.802421244424153,0.7163599433661128,8.951891847987197,obstruction
15779.950430970892,1.3636251950552227,0.5815802927924072,10.662796623043446,obstruction
15784.944670922403,1.5298528663469286,1.6951951161823096,10.203591454556511,obstruction
15790.044827513542,0.07071898598903881,0.6230511508092282,11.06370964195681,obstruction
15794.998156807022,-0.35116990094181905,-0.046961026985456567,7.449784034862177,obstruction
15799.974875894466,-1.5733728698602831,-1.7076830398181437,7.726937515440584,obstruction
15805.010291569739,-0.07157187664537445,-0.3330563975531825,8.926995479628955,obstruction
15809.911666300994,-0.6181499616428887,0.8215980218342886,9.425992164406185,obstruction
15814.956824574598,0.4955356988323666,-0.24962699133197397,10.61473002987464,obstruction
15819.948202236497,0.04024092533693291,1.4276526227399793,10.981778089166296,obstruction
15824.76103125739,-0.23083928389053016,-0.24553933755428292,10.25287271821349,obstruction
15829.74782345601,-0.9573509666451621,-1.4429354351203805,9.789347473598337,obstruction
15834.777362590992,-0.7890580851327333,-1.5246898193875567,8.251928315112146,obstruction
15839.785501125254,-0.7490722910094401,0.545881463459627,9.648277316065656,obstruction
15844.727525449116,1.1457177551998714,0.8527650486982193,11.10996584523564,obstruction
15849.701656769295,1.1710667933119978,1.0573034286786207,10.848514412005418,obstruction
15854.742002015011,1.0674594653652818,0.9064717000663284,10.49568138493347,obstruction
15859.626843617856,-0.9330514111901942,0.070833848021924,8.984222988452654,obstruction
15864.667653544577,-1.8392105468297095,-1.3156895233402144,7.742455860447017,obstruction
15869.667208547147,-0.3477008237721332,-0.24658305955050674,8.514861513435797,obstruction
15874.647546137983,0.9090121512319614,-1.4933489541230063,9.60235864297431,obstruction
15879.669499846408,0.8901940705741015,0.703981949877398,11.074448682734756,obstruction
15884.714665640344,1.261169239683651,1.141192147893075,10.596922534244309,obstruction
15889.730734116756,0.4242880517450016,0.38632092060871515,10.331578389594778,obstruction
15894.76094373715,-0.42826130607877705,-0.5918397039877948,9.538722729154316,obstruction
15899.791304936254,-0.7891003772405282,-0.45263796046534377,8.032388228132271,obstruction
15904.86730026653,0.18065846149389364,-0.9245356933612566,8.581783544039022,obstruction
15909.871511352369,1.18511474127579,0.5450628554267319,10.701100670425802,obstruction
15914.912151207296,1.8900717341710598,1.2054164281240154,12.037033349699069,obstruction
15919.825174467827,1.3317226565783966,1.9549189383306134,10.25042293334254,obstruction
15924.818508853596,-0.5467002794150818,0.4102152296207346,9.549992029727107,obstruction
15929.756972454676,-1.0096281504376048,-0.2857456920579161,8.426479307959951,obstruction
15934.725266732708,-1.2052960473942618,0.6318980782911798,8.268224353655912,obstruction
15939.76611013305,-0.16420524377965912,-0.010646697821309892,9.843262945223438,obstruction
15944.802630784774,0.954709354680538,0.5038350113054415,11.242007210457185,obstruction
15949.873335227945,0.7911780842293197,0.9646370120030783,11.007690777973743,obstruction
15954.915877117792,0.29878533173138594,2.3007712070575805,10.732321339628243,obstruction
15959.922144479438,-0.3573595409182883,-1.047640682600261,9.02676606694427,obstruction
15964.92992901575,-0.5196109535450826,-1.0623554145102578,8.859203107656008,obstruction
15969.815094628559,-0.5810446354735983,-0.7986648751248226,8.569615338986402,obstruction
15974.790139912962,0.687859124129268,0.5367905682990743,10.405191472080427,obstruction
15979.852821692719,0.5628579854671417,0.3521118952410268,11.149669941817942,obstruction
15984.892881473848,1.5288157452782776,0.3020580904291488,10.868834439530382,obstruction
15989.906752077084,-0.31937866870510984,0.18926519757200175,9.2559098598093,obstruction
15994.983077415407,-2.126696445166858,-1.1434076499489463,9.249628920857955,obstruction
16000.06453109135,-0.5101821135047326,-1.95548296503901,7.786348760144468,obstruction
16004.982326151045,-0.46318116546480953,-2.2701138515471513,8.84130305979335,obstruction
16010.003931818708,1.5414589260681055,0.7277043550876405,10.578742841198086,obstruction
16015.043471234105,1.580406019164718,0.3133165757733297,11.062816770992622,obstruction
16020.076098940744,0.3876583986033631,0.6501066051577018,11.814217407775606,obstruction
16025.04460069499,-0.25323520582196957,-0.7743407627469218,8.936735733322605,obstruction
16030.062488660267,-0.5110810334007206,-1.61916273531587,7.968546090529243,obstruction
16035.085208080805,-0.740215015617939,-1.4515357995411158,8.506931331922535,obstruction
16040.074946785428,0.8729812104770185,-0.8181168731231344,9.386138401550014,obstruction
16045.13578009399,1.2947781757276642,0.8093530175056353,9.718089385630853,obstruction
16050.161655422571,2.738865007568573,1.7309192602544161,10.875970124610983,obstruction
16055.144756397593,1.1119811899476804,1.2705266526187655,10.481618990927718,obstruction
16060.094934769797,-1.6179398913761665,-1.065172773279196,9.210516230972491,obstruction
16065.101649504328,-0.9897477448997798,-2.0376386489239917,8.672278674261143,obstruction
16070.05352986878,-0.9076902797670782,-1.1793808509366417,7.995173971870224,obstruction
16075.00732281272,0.19700255611288572,1.7798281923428263,9.942672824607408,obstruction
16079.932911866248,1.5779717582507458,1.6707601368191072,10.487371163604365,obstruction
16084.933566300035,0.7727433026803288,1.2323195761723649,10.82249196039734,obstruction
16089.98490901455,0.7658454855804921,0.8913640284390831,9.642761770245459,obstruction
16095.000550775228,-1.9869816874756532,-1.0417282198916955,8.372573184221656,obstruction
16100.087878255057,-1.298424572240133,-1.6996424019009004,8.10983860375045,obstruction
16105.067302301259,-1.2055818390075852,-0.23132149470244678,8.749065187601765,obstruction
16110.097081212014,-0.9793399153514617,0.8807079042453982,11.04068804439825,obstruction
16115.152166309428,0.737293962543359,-0.08819094225688717,10.805148955857367,obstruction
16120.136529761015,-0.0929637875809951,0.8655964837676635,11.318080055457953,obstruction
16125.16917822841,-0.47428471711905196,-0.4584950773879662,9.113180003733348,obstruction
16130.145811831526,-1.0790444770852723,-2.2126419881528996,7.244827327906462,obstruction
16135.09118012201,-0.9898455192208021,-0.49886845351165954,8.4081627248017,obstruction
16140.06807205267,0.6335840248752461,0.2345117315254544,8.54248353539777,obstruction
16145.083755904889,1.2564446402883755,1.5974349713305156,10.296402698060474,obstruction
16150.090006189881,2.0167806636202,0.8029151688315805,10.66470426961099,obstruction
16155.025076648692,0.5448559729021462,0.19003006652562676,10.131372590804759,obstruction
16160.050996215645,-0.7605057495118597,0.02700568046547891,8.003766809236682,obstruction
16165.00971926991,0.2333631157772833,-0.9526908901424006,8.505332234360045,obstruction
16170.01462152562,3.4779083122663135,3.2115246267191075,12.270843917277489,obstruction
16175.046806498522,-0.17056052358002738,0.5869250297760664,10.38751847229509,obstruction
16180.072840064991,0.5795552670413834,1.988895461405463,10.956248656048434,obstruction
16185.12906336468,0.6226790714163517,1.0800938844092327,10.896177809336336,obstruction
16190.138360038,-0.607089219550927,0.574095809457248,9.910959970680587,obstruction
16195.14241962609,-0.7466263389127432,-1.7586846186419498,8.970982902890142,obstruction
16200.115215370353,-0.5222291860654764,-1.411523267160381,7.543045249486282,obstruction
16205.043747594473,-0.8224214552189584,0.4754831523958116,9.448604634622194,obstruction
16210.058954277674,0.34166564599300453,0.3806864289336436,9.925310872362404,obstruction
16215.012118587743,0.8040399340457289,1.792271281382821,11.751262670337034,obstruction
16219.966393631019,0.679098132425863,-0.2999479244420177,10.596048027126411,obstruction
16224.991656578442,-0.09438151458800569,1.1444311788258361,10.143931821089037,obstruction
16230.005878198512,0.20860621803978785,-0.19345363481185296,7.467634872295616,obstruction
16235.084185286198,-1.7670641067702602,-2.1122928796439835,9.207842872168492,obstruction
16240.010952557324,-3.777286854023048,-4.792347038332959,5.91390212475289,obstruction
16245.010690997053,0.7726248997780485,1.62171575394607,11.590475617979191,obstruction
16250.010791813615,1.5605634929597838,1.6789845356725719,11.190791760771251,obstruction
16254.99055587249,-0.08657051627435125,-0.3757261341677963,10.388044235949435,obstruction
16260.015483121557,-0.5950093416984229,0.3427143667072793,8.711046970607471,obstruction
16265.00013479971,-1.4149603474280057,-0.8691435677047464,8.349483517631683,obstruction
16269.911807450328,-0.8189926583077045,-0.8053496836389353,9.189544530774935,obstruction
16274.929488669655,-0.6699260999977522,0.6796147418020175,11.73758559915581,obstruction
16279.989963755665,1.8601258352038719,0.7705221025041158,11.547065164537155,obstruction
16285.018126005152,0.831198568313839,0.5238850496104113,10.814007690499027,obstruction
16290.101583175012,-0.05375589344345366,-0.4008642649201016,9.216103136520172,obstruction
16295.086144200162,-0.3661933724732366,-1.5987838981933225,8.705111510398725,obstruction
16300.103340345182,-0.5605777238152274,-0.7397603985705148,8.016262448944369,obstruction
16305.140607886706,0.7773129512523343,0.3044365675458905,9.695217720143695,obstruction
16310.153084102587,0.854104323396035,0.2007850726394803,10.46797870305606,obstruction
16315.124658220946,1.4092468310341604,1.6318404634194055,10.268407785568892,obstruction
16320.111990605994,0.9447293849495306,0.1683316127450536,11.244955080382347,obstruction
16325.054912274489,-0.8420866346323096,0.22402295041707443,9.018184140386857,obstruction
16330.020640458688,-1.2157151724066466,-1.1804278068611176,8.157649667737457,obstruction
16334.969054820522,-0.09150149008558761,-1.3699071257869275,8.94035149695134,obstruction
16339.914514649312,1.5139133504089348,0.5376404880052935,10.037146839368464,obstruction
16344.949108019066,1.425967596155124,1.1855505755645979,11.302387311018537,obstruction
16349.956041410156,1.6152060075736543,0.1452722115705224,10.754173212602588,obstruction
16354.924740558363,-0.3197252715523099,-0.10050871336965496,10.518192148698951,obstruction
16359.96002121405,-1.5060475260618675,-2.012100525602755,7.951061889513183,obstruction
16364.932327834385,-1.259617391556862,-1.0155891950161973,7.990152495122711,obstruction
16369.931966500928,0.14694655678405472,0.05927295919066683,9.526981686045565,obstruction
16374.89264905325,0.8213102082419882,0.8457855257848131,10.671673944682558,obstruction
16379.891640094766,1.4846750804224098,2.2404447824043947,11.416076420198186,obstruction
16384.824401200985,1.4894749321272125,0.9559671390657427,10.963031858716562,obstruction
16389.7738448236,-0.4642064329130678,-0.6545380810191982,9.236433683446604,obstruction
16394.75735223374,-1.8168621365373228,-0.4426791084990255,8.874023469804667,obstruction
16399.730020976698,-0.07881309997337782,-0.28619048736541985,9.065007941834326,obstruction
16404.766624783406,0.8072953290835592,0.878939321564534,9.170029716278876,obstruction
16409.734654072883,1.0744748499515875,1.6060688494323292,11.293318620288176,obstruction
16414.751629854898,1.1010519545169073,0.8038016597437302,11.046446739453446,obstruction
16419.71753185262,0.04678815092510484,-0.42675397002854165,10.164412187205675,obstruction
16424.751353763633,-1.4036785339049154,0.6652608772877908,8.423707641248942,obstruction
16429.78482988006,-0.39238123478250575,-1.698266658006302,8.86515394086454,obstruction
16434.74808537677,-1.4116168232135697,-0.6912149437021656,8.558487503878837,obstruction
16439.772757949064,0.45802326198112925,0.7016865732852238,11.933712453662562,obstruction
16444.797523402412,2.2006520188397243,1.655618906784932,12.185133420841046,obstruction
16449.838473604468,1.5050547995679584,0.5988173319003307,11.543644849960216,obstruction
16454.816552515433,4.449900135501491,3.1372207351995036,13.948636450268445,obstruction
16459.888523442216,-0.7487320054110337,-0.9123388801061372,8.388051631257706,obstruction
16464.95728274957,-1.7115275196437114,-1.1143433633679127,8.650580084456719,obstruction
16469.954288046996,0.7569792230178924,-0.24073987650617804,9.587869474882165,obstruction
16475.055380087517,0.8156644962282872,0.7829724148902628,10.985815366844562,obstruction
16480.073934196862,0.3927745656575481,1.8456148371443595,11.015090712741983,obstruction
16484.993324092284,0.7382556357174446,0.8545669988583668,10.665429597281229,obstruction
16489.94619530643,-1.2590287572763579,-0.5841389061027835,9.834326862853263,obstruction
16494.995813273148,-0.33577392016247043,-0.9023110349040981,8.26308090438645,obstruction
16500.037324204837,-1.9910361069976226,-0.21043898870501232,8.380429473563424,obstruction
16505.067065434727,0.33589848424402924,0.44446598262766457,10.150580781560329,obstruction
16510.042729810786,1.9081313154148374,1.4343555872065314,11.593467247029388,obstruction
16515.02853112204,-0.1788573674159013,0.2758363031472798,10.99116459325341,obstruction
16519.95898586957,-0.21899884794574606,0.02615199827673037,10.562152837363218,obstruction
16524.91368511005,-0.033010199407936036,-0.5263876359680899,9.024187311206825,obstruction
16529.98381512698,-1.8659551097493392,-1.879442016218989,8.17550999448929,obstruction
16534.939601043905,-0.8581220622773293,-1.760474488384139,9.159603345650718,obstruction
16539.85673085495,1.2527740141623398,1.0172954596946686,10.168278303441198,obstruction
16544.814172222363,0.1948462818384702,0.6214225575968707,11.685066306889235,obstruction
16549.861895880276,0.26872957045440227,1.0615766020204958,10.843109373266014,obstruction
16554.85683323468,0.14755943119801784,1.200423133352461,10.150953792829563,obstruction
16559.83566724113,-0.9380021997507281,-0.4960826082616864,8.590370089873536,obstruction
16564.831275575827,-1.150720481627877,-0.962577994355714,8.31393264312658,obstruction
16569.8045702015,1.0641021419643129,0.3951401701838648,10.637618334713695,obstruction
16574.828568342313,0.8044718948963667,1.5989234463751925,11.926912850882625,obstruction
16579.830748591874,1.1255886950705059,0.65604022414407,10.737031352316567,obstruction
16584.83995204959,0.7245191105390616,-0.0737698183345521,10.880301975009782,obstruction
16589.84462666625,-0.8075538383349092,-1.18860540945398,9.061802012546865,obstruction
16594.77943201484,-0.922633688806429,-0.9000205671439184,8.42124686507809,obstruction
16599.869303121282,0.46939997908310716,-1.5008961103112757,9.21267459546621,obstruction
16604.86615565525,0.1604249780348548,0.17538094233587853,9.981128869833647,obstruction
16609.863870565874,1.707041003692506,0.21200323949618027,12.615718926661376,obstruction
16614.884797340943,1.1817545072017799,1.7111019032860204,9.956758343640033,obstruction
16619.875449405776,-0.4071943866192159,-0.11382320259605991,9.903561037784995,obstruction
16624.85387509922,-1.3405944649980899,0.017601524060551266,9.08897683979575,obstruction
16629.764796456657,0.026008285642225015,-1.2217021777645025,8.853748647404238,obstruction
16634.797951704742,-1.2210517045913374,-0.5799436941625832,8.988425986822508,obstruction
16639.760825750804,1.1071723935034243,0.893288913103023,11.611212466509832,obstruction
16644.74955942377,1.1635231989747796,1.4989428402600251,11.784474652238503,obstruction
16649.76416917304,0.9577552147195362,1.1532040562519077,10.013324985199286,obstruction
16654.776440706308,-1.3694816564445162,-0.2706745681170418,10.781040430223287,obstruction
16659.83591005537,-0.9798710356787168,-1.2629800755230172,8.586725907429553,obstruction
16664.870631883256,-0.3746873834821519,-1.3679604019129026,8.105125678261434,obstruction
16669.7449423961,0.28126066298500935,-0.9354513770643795,9.13684592566293,obstruction
16674.786283223682,2.0673077589873494,1.3630423458997,10.165539208802596,obstruction
16679.81883257228,2.6223518335264857,1.8071064116338413,11.795936257684744,obstruction
16684.777737801593,1.179692244920718,0.48810644832707445,11.014544631718302,obstruction
16689.790980091493,1.0187406318904455,-0.27168447638507776,9.352596419684255,obstruction
16694.768454429843,-0.24387165581606818,-0.29388446477827623,8.443091835572677,obstruction
16699.74230913283,-0.1810480054519943,-1.3968086298414408,9.2509720828433,obstruction
16704.773029748787,-0.4100518246206811,-0.20403504292549546,9.808792899332621,obstruction
16709.70409808137,1.1798363735314963,0.7780304364695225,11.366506075697918,obstruction
16714.73269141788,1.2768959336025545,1.3841457050648238,10.534736661544118,obstruction
16719.799185822176,-0.3950124892842516,-0.3144233316672298,9.595194964640415,obstruction
16724.858352756673,-0.3287166610846485,-0.7603163867317742,8.320190648371797,obstruction
16729.80035865652,-1.4501620637000427,-1.4595557865808324,8.332349746693206,obstruction
16734.84269125646,-0.15725937198215206,0.08628421711139045,9.32960171924426,obstruction
16739.868772736234,0.834636588409576,0.989743982079281,10.701554381795848,obstruction
16744.838004465244,1.0088756672564103,1.1525173578760015,11.567393752180767,obstruction
16749.84182893296,0.8493705833310881,0.08570490129279296,10.464927400155371,obstruction
16754.91595724351,-0.14421481647537954,-1.1622941099897202,8.727578780953296,obstruction
16759.95359092985,-1.2388990317241042,-1.8424645557105772,8.101005054394262,obstruction
16764.947467747472,-1.7633817518959773,-0.3606695768702031,8.709227140126572,obstruction
16769.947887669034,-0.12533409326585243,0.10663216763053615,9.842420998899168,obstruction
16774.95631641397,0.8551038023813203,0.9800089742991682,11.597457756031913,obstruction
16779.977608053592,1.8240571449894079,-0.2604436902717546,11.88758851302063,obstruction
16785.0123946397,-0.24738808916461438,-0.48417493374516485,10.71165530461745,obstruction
16790.096700380273,-0.980305841631641,-2.145246009027179,8.942204541850634,obstruction
16795.04772891417,-1.067908506496656,-1.0684841880589924,9.044791732641034,obstruction
16800.0405381553,-0.06859676140132143,-0.2197981593959067,9.679732027901428,obstruction
16805.035354840013,0.5413365190421853,0.33635427084721664,9.96062510384173,obstruction
16810.017235517455,0.7370541313087247,1.235219728504333,11.897066868362334,obstruction
16815.0684277374,0.503518966642523,1.3828366655414954,10.272802787222606,obstruction
16820.0420624065,-0.04896108566352739,0.5980641508777036,8.622976531147744,obstruction
16825.02169623633,-0.4358351569363198,-1.6773459816015936,8.423126188879282,obstruction
16830.03760819338,-0.42300901126097146,-0.6695352430136619,8.914881193896996,obstruction
16834.997079809018,0.448195990569465,-0.8145317940175847,9.216383113003326,obstruction
16840.035890459178,0.773326511813681,0.36924428161827794,10.137775112514655,obstruction
16845.018289754033,3.104670038882062,0.0908570321049138,11.316859841593963,obstruction
16850.088336695546,0.09662940985478335,-0.26408778898157426,11.650327271653225,obstruction
16855.20303777135,0.07638040965112602,-0.8281575849949654,8.95509710529402,obstruction
16860.240716094424,-1.470729370327771,-1.7249412310431564,8.531723427564183,obstruction
16865.22133681576,-0.7743199836188156,-0.14586641053030092,7.519542610733422,obstruction
16870.24698199415,0.2747886301497815,-0.02088235446181745,9.934031194732883,obstruction
16875.262954046975,0.48691935070833414,0.5690310983828766,11.555689657902196,obstruction
16880.18977962234,1.218225747201343,1.7038701075226308,10.734357734402622,obstruction
16885.2319284371,0.5962613389913562,0.42123485145766304,9.939983611756936,obstruction
16890.292315671333,-1.200618399928981,0.2658000883110817,9.598260989695836,obstruction
16895.27658612385,-2.032699781183848,-0.9614731646910104,8.612918820545906,obstruction
16900.304579881853,-0.9271165301826532,-0.5620510510558563,9.396367245650907,obstruction
16905.30992419175,0.8216989621969316,0.054818309213726935,9.536688195694092,obstruction
16910.322764726625,1.9122833374248716,2.1622314628276533,11.281600392366677,obstruction
16915.38985046365,0.4414341472892823,0.6913554893475123,12.024818392247345,obstruction
16920.307490813495,-1.181460312230535,-0.6402322743311434,8.78510572902242,obstruction
16925.299362585094,-0.8753095513230065,-1.4734465226744664,7.865770139612636,obstruction
16930.251281151952,-1.4757737937627868,-0.3393706974345697,8.350209813337711,obstruction
16935.17337067353,-0.267971714231585,0.23513951020394303,8.976015045393055,obstruction
16940.078046191637,0.6723310434160639,0.5215903169670946,10.839172990299767,obstruction
16945.099518599975,1.4585021972478995,1.4727378882482194,11.87318288708938,obstruction
16950.060340816042,0.9178220845641798,1.3240037298863054,10.160067144587424,obstruction
16955.045860665014,-0.753648412563945,-1.0740190144917743,9.332972503194267,obstruction
16959.98672591145,-1.0527280379152149,-0.4054619379118424,8.12567218056719,obstruction
16965.033862212476,0.4381530450565764,-1.242515009839883,9.503869398630684,obstruction
16969.960897155397,-0.10149589237963677,0.768328231953895,9.905551642878194,obstruction
16974.95755186936,0.7681755068060463,1.4501827894222332,10.462268196595728,obstruction
16979.97690631772,0.3293740316060766,1.9465633510447073,11.233080592876588,obstruction
16985.000425168033,-0.10615464320012435,0.33793716855548167,9.983122630965347,obstruction
16989.990174194787,-1.4929710568572796,-1.2364332340635937,8.414177137297264,obstruction
16994.907009871717,-0.4922058245785843,-0.15599488961161811,8.66385779230282,obstruction
16999.920390835527,-1.343422176159918,-0.46815018847175316,9.942978973555311,obstruction
17004.9538214696,0.39739382252298583,0.05856751830376494,9.434202438728853,obstruction
17009.975262918088,1.9595915139627875,1.7784926247791595,12.101292612167505,obstruction
17014.981562843353,0.5248481093267143,0.7547191840633651,11.243685183704567,obstruction
17019.999502392304,0.2282229996478997,-0.4253874875019543,9.059042219371207,obstruction
17025.096385282992,-0.20224155234532293,-1.7644840811413758,7.8876112302138335,obstruction
17030.11099909705,-1.5971921080675566,0.3364539260911663,8.73565639627151,obstruction
17035.100762328395,0.6955576261520146,-0.29989400724121773,9.864156437867456,obstruction
17040.121098076415,1.3965455690674982,1.4086129813646953,11.059652678945232,obstruction
17045.1185131038,1.4379581526779943,0.9509545275605634,10.43372864636624,obstruction
17050.09782502531,0.02525241868360034,0.643748227415976,10.354754782257979,obstruction
17055.094571134443,-0.8930931279341907,-0.9665722456438302,8.904234361032158,obstruction
17060.031966958275,-0.5249943743980635,-0.9363315505317584,7.933191483193927,obstruction
17065.035350787057,-1.534765817550894,-1.5165262048773993,9.735456470378207,obstruction
17070.079914183283,0.7166948130565304,-0.26699742537560256,9.98025788459325,obstruction
17075.04656007146,1.4707566695255192,1.1519502512097146,10.54175668686865,obstruction
17080.017115141985,-0.27521880386234754,0.6687118563130257,10.251355909817047,obstruction
17084.946843087215,-0.8459234126226979,-0.205059862890461,10.410616728848,obstruction
17089.94819773533,0.19298321611647262,-0.3719725712624605,9.175044487850423,obstruction
17094.91862225237,-1.8526078922671099,-0.9713155333218982,7.943870910464646,obstruction
17099.8604599998,0.468768742327325,-1.2490318949394505,9.265701689608854,obstruction
17104.802850194832,0.15762698928397945,-0.1800583525487222,10.372709809285109,obstruction
17109.8159989196,1.1973416632081904,1.3396082660734012,10.137252261365699,obstruction
17114.83313161104,0.0648883815790503,1.6249011971707716,11.526558940632167,obstruction
17119.860523500163,1.221862325078835,0.6628566754834991,9.718979224202966,obstruction
17124.849088752777,-2.2266112814131476,-1.9455415544084778,8.404536051948277,obstruction
17129.876527501976,-0.7810003578158706,-1.3322421623736722,8.50952200603436,obstruction
17134.801303658056,-0.2784003562018965,-0.6611253107687287,9.464930831209687,obstruction
17139.779787992073,0.09014405447412255,1.1639624430441127,10.353255899232698,obstruction
17144.788314119593,0.7115700559894099,1.1364138660671357,11.337415252822778,obstruction
17149.766575714933,1.4973971127599859,0.6140124230743521,10.80853507970229,obstruction
17154.849742753828,-1.0042206191379173,-0.20622873882566978,9.140040363704879,obstruction
17159.75389710191,-0.9854159123054926,-1.426082224938161,8.48848455347762,obstruction
17164.742782109235,-0.6001246080826418,-1.1679726867046958,8.12898128876767,obstruction
17169.69487581424,0.28114494922354627,-1.1880265124982337,9.559637387612609,obstruction
17174.71779132752,1.1495694889699268,0.7171040858676623,10.588252714360078,obstruction
17179.650916988317,0.3791028377617145,1.4453354197721944,11.340572674199864,obstruction
17184.648092522566,-0.8635347220981271,0.5422958215104856,10.38109220471659,obstruction
17189.6302979267,-0.6001790635718797,-0.36770056432191783,8.780190304277452,obstruction
17194.616765527844,-1.289315885565373,-0.7523252695684199,8.154074706809675,obstruction
17199.61652635451,0.3921659400610781,-0.2350613651769008,8.779473601854043,obstruction
17204.60143364866,0.22248294755581616,0.4478311871670191,9.934899377703127,obstruction
17209.56480766416,0.5850834544317128,2.0447415812508023,11.320906028668979,obstruction
17214.525793578847,1.0963271310021978,-0.24675947986500701,10.821843807407648,obstruction
17219.48117412017,0.4248686767163278,-0.11828073661900068,10.190700382862115,obstruction
17224.420334646748,-0.6264181936516677,-1.120648765792242,8.90718400778881,obstruction
17229.52420585368,-2.709070560859823,-1.8749816711684084,8.777295704296947,obstruction
17234.45731276707,-0.634145838743333,-0.6056645569733381,9.095009468871075,obstruction
17239.48716576837,0.9752152266973269,0.4431725803387838,10.767914840018351,obstruction
17244.506210711075,0.021191791050256148,2.156263406543431,10.840506051501885,obstruction
17249.47366396418,0.4723002505372945,0.7903443028121729,10.647680157412259,obstruction
17254.50922756779,-0.8422258891602398,-0.9822544259436335,8.821305372917477,obstruction
17259.51125074022,-1.2718194689741875,-2.198374345596949,8.205290256635822,obstruction
17264.37860891082,-1.6441021008455952,-0.9767120820713749,8.559604639855628,obstruction
17269.312631824578,-0.5817285110148954,0.06273990469320506,9.425073381783857,obstruction
17274.303298876275,0.22432038351837835,0.6037123471138004,10.804133905469943,obstruction
17279.302544661856,0.3284978440232632,1.3940984113530173,11.814217528809356,obstruction
17284.28224044704,1.3668902967736802,0.44987466243036833,9.378131729854069,obstruction
17289.28253564768,-1.2482818428308935,-0.7416833686788691,9.390377982934389,obstruction
17294.28065427717,-1.1976640932492366,-1.779319358829423,7.313991133448615,obstruction
17299.30303944449,-0.6637066903692476,-0.9288815917830755,8.322150814867172,obstruction
17304.23214285755,0.3918085485667893,-0.06459499865506446,10.426229353972028,obstruction
17309.17179086906,0.8641926233140325,1.2049699617847376,10.863589498852432,obstruction
17314.19454488492,1.1528222071048224,1.3629972180939482,11.12018077207184,obstruction
17319.173337573713,0.26948603683965194,0.4678437402142619,10.144444582479364,obstruction
17324.13985677276,-0.6352068798617929,-0.9327543774701414,9.18122891413154,obstruction
17329.17844143092,0.5203701849683158,-1.063746598568743,8.353042867771016,obstruction
17334.123177294914,-0.55928660501841,0.010422649601332323,9.222789411407074,obstruction
17339.05317536264,1.3902683773644577,1.050763191129968,10.78441643173925,obstruction
17344.046212377605,1.3065933575549833,2.2921807742562534,11.209346913664952,obstruction
17349.030278480932,0.36516974117859774,0.9026680953736139,10.085614395888584,obstruction
17354.046867652763,-0.37798409846638215,0.06719859646010473,10.178586152077399,obstruction
17359.111494009307,-1.5087818930743975,-2.035150142344863,8.56999807727555,obstruction
17364.1102406216,-0.7887966602102625,-1.2029816012660202,8.962601031223333,obstruction
17369.096705498487,0.20894883150744814,-0.6265155766938413,9.44103276052237,obstruction
17374.12923173745,0.4768934221159721,1.810411526073946,10.779107719309826,obstruction
17379.117083136178,1.0007506051993402,2.6532439755893793,11.657856472323552,obstruction
17384.166633301942,0.47112458252130657,0.608928326250282,10.4168990905938,obstruction
17389.2488287986,0.12488568347202433,-0.5475531037828905,8.969690002512849,obstruction
17394.17867079005,-1.6544668406468874,-2.0446459986390937,8.04438244315466,obstruction
17399.16254055817,-2.1479060449393588,-1.5320651394410891,8.267734337776393,obstruction
17404.13358346772,0.06557444025524663,0.03433718874709685,9.792013276280827,obstruction
17409.212657406173,0.37757592102073245,2.0361328781466113,11.533142810628087,obstruction
17414.21738078468,0.8299102312700763,0.6889040352721622,12.517151617148938,obstruction
17419.14933074305,-0.7703894764042518,-0.09226954111935498,10.080508413567857,obstruction
17424.22405386494,-0.21216186832822537,-0.9407364942532715,9.369397284487212,obstruction
17429.112745241655,-0.7536962576123523,-1.2573256092352778,8.063972215277408,obstruction
17434.098649567186,-0.8137640770749521,-1.1143892179582757,9.849099719830939,obstruction
17439.153713317308,1.083874805240199,-0.14709504800276985,11.206840145584334,obstruction
17444.110178163144,0.6613363848399623,1.3691076757901637,10.556048563240068,obstruction
17449.153409133607,1.2920716642169223,1.1885525710918903,10.667674280803999,obstruction
17454.152047854444,-0.8463553125359405,-0.583346837788256,10.140919297208317,obstruction
17459.139730562638,-0.6925751865663604,-1.7012541868221813,8.290228748373416,obstruction
17464.08691742388,-1.7729911050500262,0.13830447835096815,8.472381833124913,obstruction
17469.036117685628,-0.07317613323144925,-0.30439892278387554,9.55644028905439,obstruction
17473.969753782018,1.1609990952609848,0.7816354782989132,10.81280396431559,obstruction
17478.945664282528,0.16087919951626994,2.0914924672899664,10.470083272336131,obstruction
17483.94696821709,1.7084460854894885,-0.19636253171114576,11.08397766709005,obstruction
17488.981356934,-0.9026888195889876,-0.6220455369798292,8.707572401236671,obstruction
17494.066168419864,-1.0124556575187893,-0.34136912580039336,8.758835136291227,obstruction
17499.08223139013,-1.4999565551933092,-1.277151168870975,9.187073822404374,obstruction
17504.11099015175,0.6221708631498264,0.526873769404973,10.882997232625863,obstruction
17509.11689925813,1.4318325450533813,0.7170086138905397,9.817006651881785,obstruction
17514.140073399045,0.7907599854667264,0.9184662582511833,11.673164914314624,obstruction
17519.117933328467,-0.5646553881957044,0.5172712592878044,9.376727348150471,obstruction
17524.13268597572,-1.3319444600038888,-1.5799962980478162,8.544071859242619,obstruction
17529.15407520695,-1.7751979413696364,-0.15697653102028075,9.041288844953652,obstruction
17534.080673814853,-0.3854130086536982,0.24812083578765864,9.810460482304784,obstruction
17539.050536927905,-0.1337149564976583,0.37346285828834813,10.877102673156005,obstruction
17544.050261623994,1.9243438760058678,0.9545894020319605,10.46214000995048,obstruction
17549.09477792386,0.014858758661707161,1.5447182008533578,11.355973590469684,obstruction
17554.07635320751,-0.711545069182349,-0.9078161145041376,9.208713244468216,obstruction
17559.06224723843,-1.045367028352062,-0.05341097083703783,8.38146865526233,obstruction
17564.039544730003,-0.8993150496733469,-1.0983024817679206,7.878450660510974,obstruction
17569.111859425208,-0.14953932321638658,0.9384995722573288,9.917004030998694,obstruction
17574.111765416823,-1.0167087356362376,2.548871966504583,9.816738183100155,obstruction
17579.16594589201,0.6539482944795115,0.5936000299469517,12.380762193129291,obstruction
17584.186665315265,0.8230263061650793,-0.4087426702166277,11.293792953792448,obstruction
17589.172043357154,-0.1436314434520285,-0.42259910062336165,9.346790116164971,obstruction
17594.169042039077,-0.2746297398106208,-0.2866238466671035,8.556010531327743,obstruction
17599.166919249983,-0.5898730767430157,-0.07073149663428102,8.353443753858082,obstruction
17604.165770052223,0.2374504947423591,-0.2363557710741856,10.251431619745698,obstruction
17609.105836175,2.041354333731076,1.4367409444189072,11.413851309431035,obstruction
17614.059708820365,1.0614430112968627,1.0392549313473798,12.044016237532267,obstruction
17619.02845862618,0.6534822718792742,0.16252559021103793,9.655622368308835,obstruction
17624.01838097254,-1.3505547821091421,-1.3736080328733347,8.656139332498205,obstruction
17629.084831641376,-1.7221921192063885,-0.26581686284986883,7.866811276026416,obstruction
17634.050051441074,-0.10027949143017487,-0.8787813738544825,10.169672867814867,obstruction
17639.104477617682,-0.23812368599898515,0.9670975641404994,10.591707776721508,obstruction
17644.072148917978,0.8384261319981952,0.926613252432452,10.998965221835705,obstruction
17649.105831921665,0.788875282538021,1.3806257296046396,10.53695615053074,obstruction
17654.151454923238,-0.18806441742104707,-1.2328199644873217,8.560776339864534,obstruction
17659.18367329084,-0.42433319709911377,-0.35053469093604517,8.246638059792263,obstruction
17664.202697195986,-0.5327772967450617,0.47985979570909154,9.566997042222598,obstruction
17669.227216454485,0.8371689450360831,1.853423106965108,10.02548238047607,obstruction
17674.22520074562,2.413487307323429,0.9508209570728862,11.804223704743196,obstruction
17679.180302538196,1.4292214817320108,1.7007974412363984,11.329506060026475,obstruction
17684.19378958498,-0.3261213457042046,0.3386641191733151,8.751856055799392,obstruction
17689.179073827163,-1.3135447192581797,0.7594001189950699,8.437807337423989,obstruction
17694.200853864124,-1.873886540788683,-0.33059296849689324,7.922805270279692,obstruction
17699.145706024756,-0.9859790166937644,-0.15952976709933692,8.810199143480645,obstruction
17704.126591540644,0.09551077549746245,0.7335976460817201,10.228521988147406,obstruction
17709.048414171928,0.9701323976004528,0.7442897903636685,10.517009497782936,obstruction
17713.99055442869,0.5819010590543158,-0.4240258211747264,10.24852289295898,obstruction
17719.014470959024,0.46583619608193083,-0.4609339816904994,10.195419312397407,obstruction
17723.990551760427,-1.837763567017792,-0.8806501506886423,7.890438911723416,obstruction
17728.909189100057,-0.38092560296718236,-0.11653278039408244,8.897795917343394,obstruction
17733.91553569365,-0.45301436177390136,0.10013852038373937,9.160446252532862,obstruction
17738.896869435754,1.6790377353906902,0.9459607244041779,11.11029717445116,obstruction
17743.87476608768,0.6378944988808289,1.2578386596177253,12.054550214460908,obstruction
17748.883390281444,0.17355976477386306,0.3512563781642427,10.140945405169465,obstruction
17753.834929312492,1.285050786122242,-1.5003108839717942,8.23272359244314,obstruction
17758.782698667987,-1.7510732044399004,-0.9916539054703175,8.108254388907808,obstruction
17763.715847724827,-0.17302229356981358,-0.8960033167659653,8.903903753547763,obstruction
17768.660006918588,0.2546052723947243,-0.10098344717486518,9.881645806687342,obstruction
17773.682881937886,1.6304288980872328,0.5648807047868877,10.237335930437325,obstruction
17778.644306239825,0.9557790978573104,0.49122493686946395,9.88817642935544,obstruction
17783.563463316375,0.4568557158376778,0.45762507879693637,10.297352498972419,obstruction
17788.537566599116,-1.4025695922824661,-0.5287794058384135,8.041708585478045,obstruction
17793.561863598323,-1.3827405672243545,-1.5238813262766535,8.527868109078325,obstruction
17798.564695398363,-0.05989520464904598,-0.3627963858580332,9.553503464200336,obstruction
17803.624903333945,-0.5955749600582207,-0.42285440467739943,10.700890103427149,obstruction
17808.656016998895,1.5197976456801299,1.7996168806992818,11.502480133487415,obstruction
17813.596080591873,0.37492552649090205,0.014738160834160352,11.067539354839003,obstruction
17818.574973871833,-0.37704107251153524,0.2586576358557151,8.757095314374002,obstruction
17823.576106200762,-1.6365818316856342,-1.341239524698211,8.171449623347655,obstruction
17828.561686039906,-0.18035772001783312,-1.041812712325385,8.06358229612493,obstruction
17833.541968062676,0.1919113006547803,0.40469622536033245,10.376353694962875,obstruction
17838.56536144611,0.8987466629013023,1.0443969014539818,10.848460786685722,obstruction
17843.48269395863,1.627132870864619,1.7468241895696233,11.06606843366917,obstruction
17848.497605945096,0.4203599281167618,-0.6975768522023443,9.553415766434563,obstruction
17853.573005621205,-0.9643031090110926,0.13474872304588836,9.159430893420335,obstruction
17858.588226746426,-1.4996559783544687,-2.347642733713188,8.484630778717294,obstruction
17863.740608753098,0.13160121861836305,0.8165921928071798,9.070819398039442,obstruction
17868.815998180693,0.29833965555389663,0.9482762187508419,9.638656076430173,obstruction
17873.822442897923,0.9194183805391476,0.39297184419473796,10.808004878964951,obstruction
17878.838865467013,0.6150772470569227,0.3103775481638472,9.975127305828726,obstruction
17883.862818504578,-0.7667209344472604,-1.4382555862616302,9.747919799972601,obstruction
17888.841614312823,-0.834248536331088,-1.5176859696697982,7.80338824684783,obstruction
17893.884492901292,-1.2295473977634825,-1.3834456294505277,8.388579845033124,obstruction
17898.912707093357,0.6328845768654694,-1.4278949388458244,9.658197382273414,obstruction
17903.92218592347,1.2946733319155483,-0.5549844266290995,11.074570640971388,obstruction
17908.933620425043,1.3454401025628164,0.8477591728929094,11.577063720664604,obstruction
17913.951277999313,0.4409426489469967,0.6554717347692081,9.329430562549849,obstruction
17918.934967999845,-1.8233218961225117,-1.9183896053540692,9.286661412959212,obstruction
17924.003077557143,-2.2798068833235754,-0.5587466796854228,7.484697065829661,obstruction
17929.060166052506,-0.48957832245138555,-0.16768202452941677,9.252288301565864,obstruction
17934.092725243925,0.8103624224903783,0.2015228105023003,10.976503679853206,obstruction
17939.041624135974,1.1480971105856084,1.339399167971581,10.973718320642238,obstruction
17944.006728669334,0.7895980266919292,0.8169353800764076,11.167928106184018,obstruction
17949.035001378208,-0.017877924591887417,-0.21698258379168248,9.130053037754605,obstruction
17954.04506818719,-1.78690430250193,0.02380323719957711,8.839885502519758,obstruction
17959.13657605948,-0.40766320970777126,0.07180789679329846,8.229057449571446,obstruction
17964.11326984806,-0.2759206268162259,0.7135468801181016,9.387908175392658,obstruction
17969.0650323707,0.5815242445804137,1.6168313785356099,11.65191951804187,obstruction
17974.157532328813,1.7425363782178112,2.3178677993415815,12.472494441794154,obstruction
17979.137420267532,1.6264705039476848,1.7016826706438741,9.696100709506764,obstruction
17984.11596590264,-0.42925369687255344,-0.14853036581404477,8.786338509154797,obstruction
17989.097379427913,-1.3949954334555767,-0.42231326888750187,8.048747787956156,obstruction
17994.13546702379,-1.5160483658183477,-1.0020675957644456,9.040996260250324,obstruction
17999.173554669534,-0.7161302486768044,-0.1935321375759652,9.255273852561473,obstruction
18004.22450212044,2.076324608268929,1.4286252213880783,12.086050424681378,obstruction
18009.25108752127,1.149986945551266,1.4459176873929203,10.462060168500196,obstruction
18014.29692787138,0.9192779837071885,0.6785048716753724,10.866483517998923,obstruction
18019.415203233373,-0.9331015942431586,-0.17790511482138904,8.231926004499336,obstruction
18024.38068344858,-1.2292422540639543,-1.3569020999130734,9.219610952351927,obstruction
18029.428822577323,-0.6171216324571068,-0.033743681530892466,8.547170370875012,obstruction
18034.407042129504,0.4913356872228179,0.649154217834896,11.489330669595764,obstruction
18039.463455556925,1.1998698864661141,0.881043616542577,10.419331571986131,obstruction
18044.486004079503,-0.11541461729257729,0.9941191859025137,11.040827864710279,obstruction
18049.417297426688,-0.08457547818629924,0.004318861870500401,8.750038317154688,obstruction
18054.442732198815,-0.1555644974228121,-1.451780271135355,8.61571513465471,obstruction
18059.514086138002,-1.3894417666921954,-2.0213836315311395,8.597025585552064,obstruction
18064.51645275855,1.213341648397066,0.4808877434230212,10.46119576012927,obstruction
18069.561143723433,1.7043644760642136,1.0718926217708094,11.092406720678694,obstruction
18074.4938830129,1.0920348613495312,1.3116514531651724,10.235997155353983,obstruction
18079.413341958636,-0.5380376960303198,-0.0349944625736808,9.552473649163817,obstruction
18084.444821928988,-1.3880215697389766,-1.4883061024069626,8.853037450389877,obstruction
18089.489662857064,-1.3982854365176682,-0.9342228623785951,9.66774649296512,obstruction
18094.514465646134,0.23556293792185012,-0.18424194561445456,8.712216707265046,obstruction
18099.62365669743,-0.42076007339401866,1.0136403005395307,10.648055181985088,obstruction
18104.613338287047,0.8813799931604671,-0.16808795825973655,11.643069288224185,obstruction
18109.612249820115,-0.11831030267427145,0.6203005577642257,11.181003076733697,obstruction
18114.639979734482,-0.3355232542916687,-0.0060101235188569635,9.538846764387312,obstruction
18119.617663908433,-1.4750865667420985,-0.965161262760155,7.84721742401658,obstruction
18124.606910115464,-2.094627413610574,-1.2079733659538712,9.261486454431635,obstruction
18129.662468736446,-0.27799374542525646,-0.9328216826218128,8.958459599141904,obstruction
18134.631752735746,2.0874805446908047,1.0921817397107294,11.190713402617988,obstruction
18139.65772272166,1.0008487453997676,1.4524675922064723,11.896399521105005,obstruction
18144.674214773964,-0.2190547006366026,0.7365491270226852,10.134055457214473,obstruction
18149.672454928783,-0.5523441040608498,-0.6858936941940008,9.17761768161259,obstruction
18154.67971309532,-2.3564267054383623,-1.519244175449929,7.942028659657167,obstruction
18159.641197237066,-1.741415186962929,-0.17603829128381698,9.424424907611867,obstruction
18164.581805101865,-1.0257127537863369,1.6530264903949912,9.689396553265368,obstruction
18169.484530674366,0.49409034194304075,1.5980365662296427,10.979240820917573,obstruction
18174.516288578066,0.734174967207075,2.2642675452659122,10.798454593256162,obstruction
18179.479932005383,0.07282585356478335,1.0802656710637575,10.81140097084276,obstruction
18184.48702726353,-0.04101572087192973,-0.8531882992965946,8.708489536897103,obstruction
18189.487894273552,-1.4119637399752683,-0.9990180592525482,7.930751829757573,obstruction
18194.42882073242,-1.676821901479387,-0.9818538507360719,8.65289655527293,obstruction
18199.425416975268,0.4101058402978397,0.45059694202016093,10.087700807791776,obstruction
18204.43483511845,0.6236621262371298,0.96492273537278,11.219738272763971,obstruction
18209.45523936882,-0.14265061566479753,0.3436751449641592,10.3363442224958,obstruction
18214.46376977465,-0.6761954221491469,0.2988239652750905,10.088600104889744,obstruction
18219.518181142754,-1.197577041527137,-0.5215251472301987,9.321813516315327,obstruction
18224.563446677203,-0.015203854808196526,-0.8842042558107406,7.691872876770412,obstruction
18229.494827036997,-1.334132093940867,-0.552470151953205,8.87767101080106,obstruction
18234.505465188136,1.060993664495402,1.104643026983012,10.868316660690496,obstruction
18239.494162059604,1.5710169244456298,1.1930253436437905,12.2271014497463,obstruction
18244.494805350838,1.4097412665104025,-0.04126163577547537,10.626324780413077,obstruction
18249.52317818054,-0.22132311780848912,-0.7531051829288645,9.439589402275612,obstruction
18254.445135732145,-1.7994937010558325,-1.6292718895683345,8.797362391920878,obstruction
18259.423093121895,-0.8296847292773301,-1.5746135525262277,9.491246484561442,obstruction
18264.450046548794,0.15267518918845666,0.4328977497371497,9.338794459996876,obstruction
18269.46021457305,1.9029668911103363,1.097998613907392,10.366840722830743,obstruction
18274.4018446195,1.1691236899464883,-0.3233032734452139,12.534189281129876,obstruction
18279.418228350118,0.7476310464465459,1.2536215985456995,10.651058170590753,obstruction
18284.525412387095,-0.28092895746539914,-0.059896709475643406,9.184492163287906,obstruction
18289.47357864557,-1.6354611264127112,-0.703995052689038,8.16876249129177,obstruction
18294.5271557361,-1.4735404278360924,-1.2773255822898293,8.970930431065417,obstruction
18299.551228383665,-0.09043724466898162,0.28448000563061115,11.177700049556627,obstruction
18304.560794957713,1.2927766284199758,1.3183042884431664,10.901438219634137,obstruction
18309.692682827823,0.24799990319477982,0.3636308855656285,10.627011639895471,obstruction
18314.698827125863,-0.6338813187540744,-0.05704518974292637,10.348143726420567,obstruction
18319.70952307604,-1.0469475379052688,0.20448353244915862,8.811959646956801,obstruction
18324.74177643411,-2.1386622740436305,-1.7047813458024663,8.850948342655059,obstruction
18329.728016309644,-1.051948551498168,0.06846369144748043,9.3527651008424,obstruction
18334.819237347332,1.1472297262630096,1.4872244364592828,10.55641662675265,obstruction
18339.802679602682,-0.3348843304011002,2.163865200108949,10.934914739986485,obstruction
18344.806012957466,0.5695113677915211,1.57224088727958,9.725226772655402,obstruction
18349.705287453955,-0.48248098805579115,-0.4660699674477463,9.124756497853344,obstruction
18354.76256800606,-1.361168924747755,0.1159437943154582,7.772289098997787,obstruction
18359.700208315313,-1.20323515322014,-1.3741342645050316,8.655913781745387,obstruction
18364.73193871545,-0.6937466244605038,0.5625313221577533,9.554948061856086,obstruction
18369.675711866872,1.1838250603890055,0.6568644493549931,10.149431068812985,obstruction
18374.716787517205,1.5510895214797085,0.06462808250356722,11.228618536868819,obstruction
18379.782337345783,1.352988176532057,0.03145613023028254,10.714936737112785,obstruction
18384.713006119495,-0.490145417286405,0.2150405355093381,8.688881228053361,obstruction
18389.678565639075,-0.9173059896211231,-0.8413413347598653,8.460184275279037,obstruction
18394.62926247643,0.47448476766617875,-0.8031000469775602,9.07097581209349,obstruction
18399.635120950068,1.0723823103377559,0.05623679876847998,9.844860973941087,obstruction
18404.594509238876,0.21870979371655497,0.8985595420882189,11.370649009382728,obstruction
18409.61560684946,0.6006850118850552,1.2473765648296653,10.373078249734938,obstruction
18414.608826447427,-0.13244199486756905,0.4629206073462696,9.83567787801782,obstruction
18419.72152622832,0.21565629792330476,-0.505921819548231,8.428067213526498,obstruction
18424.761797150375,-1.592667754186336,-0.4596532264646229,8.29987527437029,obstruction
18429.789696282467,-0.5878426883875223,-1.5284561859912706,8.805339592716788,obstruction
18434.812497323495,-0.578228726327381,0.9005242107304958,10.993215584537353,obstruction
18439.79021666595,0.8169938400647018,0.49750471472123936,11.273152244598487,obstruction
18444.717493289878,0.4238482646484148,1.143296642561826,11.706941305738308,obstruction
18449.655420520015,0.024704255276102982,-0.9100455186530201,9.223726042755265,obstruction
18454.691498137425,-0.6796270886012432,-1.3656624269307316,8.83832085109822,obstruction
18459.780339794106,-0.9218215442329357,-0.932528165786925,8.33714114641654,obstruction
18464.79115581779,0.29036896913302596,-0.7868985473503305,9.4808683725022,obstruction
18469.759388749382,1.1586839295975493,1.4073377894569776,10.001101124140886,obstruction
18474.72098433709,2.3575117684953124,2.8909777627950985,11.34709421827894,obstruction
18479.707727603363,-0.3748651395527992,1.0855894699465443,11.132861382670203,obstruction
18484.743274966393,-1.2498702055021604,-0.10426551983158844,9.097324335343952,obstruction
18489.70160352498,-1.8896254307284717,-1.1762837400007786,8.643893186742623,obstruction
18494.777525321508,-1.4672607183716282,-0.49020067419042845,7.941576002679663,obstruction
18499.728193303035,-0.5419481755701105,-0.809456667990106,10.672856946706027,obstruction
18504.762288529717,0.9414089590593664,1.8498494319938683,10.698134227035762,obstruction
18509.798672197743,1.4961187630966004,1.9164869232467814,11.420544385118449,obstruction
18514.822443180452,0.21379579798454665,-0.7371606284892659,11.003983676530297,obstruction
18519.733542603473,-0.6572800676079186,-1.3024556819334214,9.230853053210373,obstruction
18524.685676558776,-1.245006276819254,-2.0248832590651693,8.15779468555059,obstruction
18529.74157945066,0.023379663689104158,-1.3503729966891895,9.34331304437097,obstruction
18534.723016997403,0.8224144811896594,-0.1571428341029888,10.388606729919667,obstruction
18539.739388361508,0.8836288417979486,1.9770027764988234,11.621523861674902,obstruction
18544.831735819473,1.258129831824865,-0.13641282343845773,10.776100878147629,obstruction
18549.900749963737,0.011973327883139151,0.22901161668477077,9.676498835852387,obstruction
18554.997144065495,-0.7342963137723971,-1.2186875340438499,8.71267006965751,obstruction
18559.973935392583,-0.9441272860009882,-1.8097121546506998,8.690403385543387,obstruction
18564.979460098464,-1.7409982795396786,0.21754090346648977,9.185464497618737,obstruction
18570.015005180452,0.7504931228450962,0.5966214379491124,11.277167824050844,obstruction
18575.09423420606,2.4699723827434736,0.3027879362615131,10.589324237234155,obstruction
18580.020134249076,0.18517002809956157,0.8858770851962067,10.892967354794338,obstruction
18584.970371481046,-0.3279453445434497,-1.2550114528971599,10.57650324385765,obstruction
18590.024530822346,-0.281282392553337,-1.8650307182261483,8.328807904812733,obstruction
18595.059300936868,-0.19899993755616108,-0.4878193853713705,9.570238885405097,obstruction
18600.106695048566,0.048965694746881644,-1.0702340564544133,9.198415206840332,obstruction
18605.08239589238,0.7596821474672346,1.4754675359123026,11.234878494165917,obstruction
18610.09341913561,0.8987475426813896,1.1844688643091599,10.997887890343955,obstruction
18615.183906245005,-0.15337445599387872,-0.46013492511382653,10.265522178899241,obstruction
18620.19939356257,2.900275381848658,1.6914237855576812,12.01852848825591,obstruction
18625.163641795567,-1.5464115654632515,-1.181838212827058,7.9633339996975545,obstruction
18630.104312100542,0.055551434498368635,-1.324189013994261,8.90065687167921,obstruction
18635.118521337572,0.515041878487736,1.376289920703772,10.69687343844944,obstruction
18640.124265603758,1.0868202125164117,1.7084671630188568,11.747042119411466,obstruction
18645.15265040007,1.280925819752235,1.0901008858058323,10.5679905644119,obstruction
18650.107206148263,0.06914285328536779,-0.5095548793766375,10.031268634335579,obstruction
18655.09656838535,-1.7465520415804874,-2.0762572350497366,7.945021542101606,obstruction
18660.060420110804,-0.9688418502324776,0.019150137941495338,8.78769178590187,obstruction
18665.13556690159,-0.5756865067873196,0.34761091597057275,9.525483573743442,obstruction
18670.207192752143,1.5849925726147467,-0.5850988203529854,10.815682701299389,obstruction
18675.22426566967,0.9247125490686529,2.19939691526886,11.521328989762635,obstruction
18680.177831993573,0.5041780261961732,0.31204950455364067,10.205212300842145,obstruction
18685.2168121327,-0.20714998392144313,-1.20948504024752,9.739104791417034,obstruction
18690.217018184903,-2.8514063272645123,-0.6507949224081683,8.166310874532103,obstruction
18695.144775548,-0.3307361316111191,-0.9782632908899401,9.025138518619062,obstruction
18700.171386546845,1.534136594729301,0.34205308949176805,9.522161990867454,obstruction
18705.26202125419,1.8932397919784316,1.5015509395353803,10.618831449031122,obstruction
18710.29708944291,0.5663887095823501,0.9518059531140386,10.927312110353098,obstruction
18715.23923944007,1.2523432257547782,0.0949267950736658,10.388870993208554,obstruction
18720.18345940053,-1.1144383884329168,0.0009265876686466168,8.873968949352557,obstruction
18725.121982630382,-1.5087570832467123,-0.9684274068284549,8.585027550900204,obstruction
18730.174236466915,-0.7735590358953852,-1.2717188167777917,9.425490597494912,obstruction
18735.160132373952,0.6647331519169629,-0.05609797255232474,10.918046351360234,obstruction
18740.29254522361,0.8943154045434556,1.5168796850831998,11.627044754204407,obstruction
18745.24944420883,1.3555092560491615,0.4571952589102452,10.979863786697479,obstruction
18750.312533770284,0.3578663773383962,-0.2059012535139849,8.82936406311292,obstruction
18755.393734954607,-0.026430577077315887,-0.034080742158013155,7.958869262637882,obstruction
18760.355349878435,-2.0388309968754474,-0.39894734415856503,8.457225360516084,obstruction
18765.308538678553,0.0013909682567275067,0.4125460663499084,10.056513694940032,obstruction
18770.40836470707,1.017715976652308,-0.10047802201025624,10.612405700946695,obstruction
18775.367183807946,2.3791195280120423,-0.20915611311581306,10.650713749977225,obstruction
18780.329043176556,1.2991564525081807,-0.7580471358584405,10.39568910372641,obstruction
18785.302204653133,-0.7348325302269055,-1.4338921595907494,8.9386506139225,obstruction
18790.374605411598,-1.5719229185569876,-0.3431214793140076,8.38833974700353,obstruction
18795.369320338254,-0.8451137905455726,-0.027135968113504605,9.333085753099283,obstruction
18800.43255190428,0.4622199606295381,0.6429484293448555,10.64569034941191,obstruction
18805.38104261627,0.9298000050513094,1.2765599034937714,10.929299788086697,obstruction
18810.424213367438,0.6035425540321043,1.1845165595569527,10.657948897576784,obstruction
18815.470219468414,-0.291032784206115,-0.18679515256144752,9.836020470640255,obstruction
18820.512074411967,-1.2328079876326554,-0.5803289750060521,8.440439859794052,obstruction
18825.46145200154,-2.0311390700846004,-2.100513434051197,8.219335186778057,obstruction
18830.373901734056,0.04142915934309266,0.22579982922797137,9.143153427439424,obstruction
18835.393667630826,0.36509786826559965,0.7781240867718223,10.785672902246409,obstruction
18840.465823987768,1.4682509069213512,1.6200551508323422,11.481042061528017,obstruction
18845.486604555295,0.3763668796476884,1.446428888889145,9.922819080935108,obstruction
18850.461598029262,-1.0736911409880676,0.8606955144804898,9.417455792681881,obstruction
18855.525034224782,-0.6564080017800293,-1.311753715402135,8.17772452207577,obstruction
18860.52209402805,-1.7447389900969839,-0.7967783532615972,8.344348042919922,obstruction
18865.52647708923,0.5208168824018841,0.23612008943114143,9.364630222250636,obstruction
18870.509542138436,0.16192865101357112,0.325521467935454,11.350719579826036,obstruction
18875.476616094347,0.9211510536046394,0.4138871969803256,11.948830921785556,obstruction
18880.522004684146,0.38120295204107413,-0.07927533926897745,9.72811749453015,obstruction
18885.58941647708,-0.9624896547781037,-0.40736633826428714,9.913430127714232,obstruction
18890.555719882064,-1.432314349527614,-1.1620806728991517,8.037739893986707,obstruction
18895.52515768745,-1.2035192594871833,-1.9468846137791465,9.654086854462332,obstruction
18900.387335208947,0.4788478413015615,0.24147648347727316,10.930659633510023,obstruction
18905.435539586895,1.1678324096972303,2.583248840804105,10.855964900398233,obstruction
18910.467461965716,0.4681025560689033,0.2634138462257699,10.811879713554411,obstruction
18915.493263462246,-0.22079748061739377,0.5789440771998035,9.854687448339277,obstruction
18920.416392466497,0.07286302545225487,-0.8871212398755794,8.393926002889055,obstruction
18925.416727646403,-0.8744292757159422,-0.9578934444213763,8.532477618683084,obstruction
18930.43957869401,-0.3924058265594826,-1.165054150208356,8.211666712052324,obstruction
18935.55118171187,0.12657425299176778,0.4846324847405133,10.85267956966617,obstruction
18940.585580265626,0.4799566702307859,0.7801558102144085,11.76949600958177,obstruction
18945.609013465437,0.5844177933877903,0.5697131046335779,10.75382226154935,obstruction
18950.587518286964,-0.7321527499452316,-0.8934015968331256,8.550591711758274,obstruction
18955.524220414867,-1.3480303776861498,-1.3906776282298066,8.708729335659536,obstruction
18960.515450185154,-1.3767175356177281,-1.842894302194843,8.326013719177757,obstruction
18965.456566961977,-0.32042862577408665,0.7910231290292824,9.918026827687486,obstruction
18970.52535756014,1.13951272285168,1.180995296512378,10.514873152491766,obstruction
18975.524490902302,0.4994351582751331,0.6081606173282863,10.79978254474667,obstruction
18980.53133932101,0.8646338271581785,0.5071093632493477,9.469227131054529,obstruction
18985.57624557994,0.44189685943771806,-0.9898953332640776,9.450111018807977,obstruction
18990.63883798552,-1.3891287556434806,-1.0464381539565764,8.909670641745905,obstruction
18995.620466326673,0.027766338108559663,-0.5729458758573815,8.88875807354779,obstruction
19000.624780556827,-0.12278244327737026,1.141674751947799,10.608272159589573,obstruction
19005.657647650092,0.7127941226595675,0.7475522482224588,11.404125922285914,obstruction
19010.57485478482,1.578270176751289,0.8189946408204688,11.122908814640459,obstruction
19015.5602158746,-0.19662835097210443,-0.5666917265651518,9.29918626696863,obstruction
19020.53345670724,-1.8687019247087067,-1.7052417850846342,9.363527418171653,obstruction
19025.603757878747,-1.086454207680547,-0.9213807942177322,8.150275367385342,obstruction
19030.612059295112,0.2872350392730811,-0.06410530814339194,9.540003125667655,obstruction
19035.6817390828,1.2411882790004753,-0.3892042282925675,10.534649521264999,obstruction
19040.7134721671,1.1928015793659197,0.9790251871958323,10.972165910290975,obstruction
19045.63671853678,0.6498567945891929,1.0169065248904356,10.504788703599461,obstruction
19050.673486956584,-1.6456380519049745,-0.17827877602489922,9.682478770052507,obstruction
19055.624091437552,-0.7816606187915422,-1.6984670549791696,8.245877763784506,obstruction
19060.544612269594,-0.26862832245238233,-1.2114961287368555,8.52240267211101,obstruction
19065.520970457474,-0.05841130997154978,0.34080238905944094,9.113395468431985,obstruction
19070.54100673402,1.4184554787682218,0.8525226138000959,11.316744231537502,obstruction
19075.584305174874,1.2557910616861832,0.2065603087944906,11.12241405426318,obstruction
19080.559538802376,-0.7291857095910541,0.9606224504407754,9.976887425466568,obstruction
19085.517991447094,-1.3542775797600943,-0.40509214804268023,8.873344550752034,obstruction
19090.481764880635,-1.0431198143437754,-1.291445335698322,8.594721590551233,obstruction
19095.41116251374,-0.8856663770749308,-1.0083501295493862,9.197413468404505,obstruction
19100.4245547108,0.015617626960412356,0.4219213654013577,10.216672467515854,obstruction
19105.402959453375,1.2028700080987982,1.3734551430542157,11.111309223085824,obstruction
19110.379097911235,1.1173296631741367,-0.05783795109780843,11.164694492003187,obstruction
19115.429628705868,0.13320095009951305,-1.1849074720367156,9.61018240372143,obstruction
19120.44087012446,-1.0828587493879755,-2.6091406015101657,8.726319660649262,obstruction
19125.400286891854,-0.9017571401426536,-0.6559987647177676,8.21471437471827,obstruction
19130.39120802445,-0.3327442594229981,-0.41927999225678186,8.92088907722463,obstruction
19135.508376933998,0.5752381986250138,0.3277668059714278,11.300300401117376,obstruction
19140.43880332519,1.4423804608926003,0.9066509728214407,10.654368771629072,obstruction
19145.478167196794,1.8235813457945356,0.9008503040459463,11.22002740764169,obstruction
19150.467956189375,-1.4185545951169067,0.1207312591167159,9.265389226158069,obstruction
19155.404033432274,-0.7778693624115096,-0.8240562318988728,8.735473794239415,obstruction
19160.436622697205,0.6411603314519925,-1.2355443710135778,9.292089934055621,obstruction
19165.362292717426,0.32489943488721434,0.2229217392704203,9.957891431795526,obstruction
19170.312830243754,0.5926426189912073,0.2828005824492976,10.717492316758895,obstruction
19175.41100134574,0.35508282144457937,0.7150840882458571,10.534856717764674,obstruction
19180.37741123921,-0.10299173851524096,0.49270209359723843,10.5803991228377,obstruction
19185.304321596326,-1.4118419885094595,-1.451370179405459,8.245161804996444,obstruction
19190.429905924233,-0.9877104010995553,-1.6083494508413463,8.593505062089324,obstruction
19195.370967616193,0.5308160340053476,-0.39687635381156716,9.55682006921915,obstruction
19200.407896482047,1.174501366708355,0.6794885060054954,10.1493441086494,obstruction
19205.313781477784,1.2572089245419664,1.1830196085386522,11.085567856415505,obstruction
19210.302890557883,0.5622015833550223,1.285091172606903,10.434294474593065,obstruction
19215.2184805133,0.3465355642361615,-0.481135769642696,9.836565081489047,obstruction
19220.280908651697,-1.3280872677544342,-1.516880963865281,8.665026064131862,obstruction
19225.23781306391,-0.46357399548353695,-1.5148972639239724,8.899279946599787,obstruction
19230.251804111696,0.3922113256314573,-0.5961190742484614,9.565493929741864,obstruction
19235.28594857755,1.1034025785207506,0.22958744620929472,10.980745184331676,obstruction
19240.264971411125,2.5498471688911195,1.4918073203556086,11.35809995790976,obstruction
19245.266038269267,1.1499393145756085,0.5647415466972148,11.314087355547839,obstruction
19250.209561183292,-0.6312724699999446,-1.8723675050304747,8.34807203659245,obstruction
19255.20699579439,-0.47593637886620643,-1.4867578542217275,8.13447115569479,obstruction
19260.130166605177,-0.2687782082829858,-1.521003488068342,8.50630427413546,obstruction
19265.23541376469,-0.17284915482886476,-0.5901100151635776,10.281011925087874,obstruction
19270.23449746375,0.9470186789899245,0.7184598945577667,11.490916713737098,obstruction
19275.279273982753,1.5264571216643499,0.29246126491606783,11.335935791797143,obstruction
19280.295064436457,-0.11351751666085153,0.8778093690502538,11.165653948245712,obstruction
19285.207776225932,-0.7702296617149206,-1.21301576149081,9.467472611758527,obstruction
19290.16078827584,-1.6969702024813937,-1.1155412299201448,8.19230342033709,obstruction
19295.183707298544,-0.9007080045165312,-0.641073949840845,10.185040962342354,obstruction
19300.2010870647,0.11291081470944891,0.2727583198081242,10.596325366440675,obstruction
19305.170033497845,0.8212239468434996,0.16789451177070602,10.98517199452053,obstruction
19310.21882045199,1.8794327458562727,1.005944311921216,10.827072557855447,obstruction
19315.231626017467,0.15295242651236526,0.21030177631214705,9.404584292122253,obstruction
19320.235976139105,-0.41133499858130307,-0.7272287788887357,8.417576998719417,obstruction
19325.25377439516,-0.9076847798393053,-1.2796681062529291,7.77667604891697,obstruction
19330.372762107025,-0.8344684471543735,-0.11680565059362442,8.357740313170762,obstruction
19335.322862646688,1.037627261718333,0.3588875958686252,10.922849528163662,obstruction
19340.249315703757,1.3610255928388753,1.0912259354881009,11.413241582679806,obstruction
19345.260397374364,0.2124063626141568,-0.07711888353789176,10.1163840014673,obstruction
19350.201550382157,-0.8927763906691027,-0.6865126283603987,9.372267093011908,obstruction
19355.188732444825,-0.6140391582007639,-1.2029469693797363,8.93503328820023,obstruction
19360.16820979962,-0.5702713918861839,-0.5612676757818962,8.308480262828843,obstruction
19365.130638315917,0.7299274981259417,0.34222967909493207,10.995433888440779,obstruction
19370.103567854112,1.1377640840843364,0.22492272735983299,10.852962244173222,obstruction
19375.147738480468,2.31878190924807,1.2040215281489326,11.099792270296394,obstruction
19380.213174080454,0.1258445388421288,0.5401990800542115,8.88541723287276,obstruction
19385.114753741538,-1.2346391666566339,-0.8235245608160235,9.450233658543523,obstruction
19390.083223227062,-1.1678872636173283,-1.8019427410845592,8.388174065270654,obstruction
19395.201476709455,-0.9851782173021641,0.19406960263273298,9.199756675032859,obstruction
19400.209747032073,0.35993493833689727,0.3152675630010539,10.68511051397882,obstruction
19405.217412770886,1.724757243615807,1.8813418702578082,12.248995305206728,obstruction
19410.273940457086,0.22343713294150502,1.0598836096963193,10.68423599258168,obstruction
19415.27324872091,-0.686637895439314,-0.9137559010027703,9.64994958807777,obstruction
19420.286569334003,-1.2712361118226683,-2.543132464621756,7.839614284995722,obstruction
19425.234179161605,-1.1356964764415087,-0.8745081985274353,9.773359264344291,obstruction
19430.233202015923,0.21539408782216868,1.1191489256202574,10.463714862644945,obstruction
19435.236672571136,-0.4396494049416966,0.8060030728911588,10.129711039177153,obstruction
19440.170477277512,1.5018593310692006,0.9105976274406073,10.628685573541812,obstruction
19445.17002261995,1.175188059154601,1.1500035470486736,9.434627895709571,obstruction
19450.116397338756,-1.2454534349484547,-0.5156624598759791,9.099626885386808,obstruction
19455.09968052441,-0.6105276469739943,-2.1608334187296823,9.090086961753812,obstruction
19460.164637705187,-0.14499153716689422,-0.353189040734037,9.09519607732469,obstruction
19465.141092738795,1.046493138740048,0.8920233980339292,10.556942386484863,obstruction
19470.154657910443,1.3924143410143,2.0821964444628698,11.387726896220723,obstruction
19475.188320537487,0.7065577859905567,0.03328926098604257,11.335275825797401,obstruction
19480.10569056914,-0.7904111102128992,0.20600388820563081,9.760296219082152,obstruction
19485.114717227814,-1.5403660012589913,-1.324494775487123,8.053237183579313,obstruction
19490.051721724303,0.3642651553125691,-1.1492123394390634,7.724023881139487,obstruction
19495.08116347605,-1.1194356670064844,-0.1178606302248505,9.023188221987475,obstruction
19500.078534698212,1.0782083056247804,1.1578097008130395,10.991012797751967,obstruction
19504.99804734387,1.9593694522079699,2.281322050765522,11.831039328668984,obstruction
19509.996346354626,0.724236748487602,0.9751874626282897,11.57039367405633,obstruction
19514.983720457683,-0.3067484778483126,-0.3307319780940442,8.58825838995141,obstruction
19519.96586178754,-1.2682687899290113,-1.3040060959065793,7.95950838687905,obstruction
19524.960162584237,-1.1715494169777523,-1.4555641191154955,8.444244439294103,obstruction
19529.96785420525,-0.3411085776925653,0.39132421673576423,10.105912636810682,obstruction
19534.958276387468,0.9176265381703247,1.7958491942002808,10.622709027845787,obstruction
19539.895303293324,1.7212724977789187,0.8285539477453061,11.04365239132861,obstruction
19544.983940637667,-0.2030021412070112,-0.00460494514141585,9.442873174047277,obstruction
19550.06459178558,0.10543149687138009,-0.6008271341655268,8.474814755758626,obstruction
19555.089410860674,-0.7107451486870027,-1.4713129930616895,9.033053073299323,obstruction
19560.089991169174,-1.0706392785481158,-1.0427978077707951,8.713369389883514,obstruction
19565.039685245098,0.4158974668879632,0.1909283881608111,10.214301303602692,obstruction
19570.1034442018,0.7243360762753579,0.3475323856420106,12.036845819164963,obstruction
19575.124970577854,0.3801598401427222,1.0152807400637565,10.414186466054959,obstruction
19580.132110464627,-0.5623122316030373,0.09085061498692984,9.551263736193436,obstruction
19585.127200540388,-1.3529298605827464,-1.2819534993370107,8.494447594380476,obstruction
19590.12560110444,-2.1612863087727012,0.06929038933447762,8.64075577381228,obstruction
19595.066860841103,-0.550374097729989,-0.030299957279100176,9.082667188894979,obstruction
19600.053943831623,-0.26151366273564247,0.8192728313236741,10.49329036419821,obstruction
19605.039863177124,0.4838003428959313,0.3883363225749972,11.102119992276691,obstruction
19610.030278772738,1.3503544794253193,1.2872700093499105,10.355718163501878,obstruction
19614.969469932013,0.14062297955290637,-0.9523725859532067,8.881818913086985,obstruction
19619.9669341029,-2.042797518485904,-0.9304759145839111,8.822288148359267,obstruction
19625.013997691825,-0.7329949815459784,-0.326056525102302,8.373566812532793,obstruction
19630.020284939976,-0.9086893351707382,-1.0064599207578904,10.187460042100058,obstruction
19635.040340738127,1.142727275704748,1.0250196798257483,11.661583035961069,obstruction
19640.06400939295,1.431184904436459,0.8525667522706672,11.116484273821557,obstruction
19645.105741130308,1.5438375529087358,0.2413381489717264,10.20655087746884,obstruction
19650.145318490904,-0.10873686590946807,-0.8183249936094243,8.564885321295499,obstruction
19655.20921225379,-1.196094110583244,-2.0554744489271974,8.257897229017368,obstruction
19660.200165033817,-0.8968799555869784,-2.2896832602596184,8.526553592097844,obstruction
19665.17017765852,0.1262789549137175,0.4112643869592866,9.54862064831026,obstruction
19670.210218960805,1.4714088297345274,1.4706298550146941,10.730518622302991,obstruction
19675.342203921155,0.5305730158342786,0.30376754810524653,11.081005740286747,obstruction
19680.41069507413,-1.9283993926773968,0.23363052073308757,10.264853492087164,obstruction
19685.428795183776,-0.7744258181401796,-0.7766141353915016,8.653643928425959,obstruction
19690.438870440823,-4.681642945646177,-4.487627536596061,4.33997532443758,obstruction
19695.50204962679,-0.8584607919580447,0.11116515392883786,7.938034177953137,obstruction
19700.45685159299,-0.10525529445563064,-0.24117689403342557,10.617081248798529,obstruction
19705.483486811416,0.27824367620961377,0.9485783524796184,10.149569565932145,obstruction
19710.54271539881,0.342804740143163,0.6141604962973746,11.825373901689312,obstruction
19715.59221811382,-0.1732757454492877,-0.12491420403816102,9.806493068010989,obstruction
19720.570990867007,-1.284937253123824,-0.4317062200658093,8.788250271605975,obstruction
19725.613537358207,-0.718029224430329,-2.5963303259716435,7.976418221592812,obstruction
19730.55360115929,-0.0009738342363391772,-1.2644587926116895,9.112864395809279,obstruction
19735.535913555585,1.2499625254932332,1.0262707959410213,10.576176145369033,obstruction
19740.589872336997,1.958921942386672,1.6384752894881127,11.223496369245066,obstruction
19745.618420904717,1.2772900576028368,1.4169286114049604,10.997473598131126,obstruction
19750.583052106846,-0.4454451165445076,-1.0556819748959552,9.830787873058766,obstruction
19755.594245217602,-4.331945613027565,-5.69195175501695,4.6167729487134865,obstruction
19760.584599116097,3.2439981903929844,2.8055771644749847,12.390124916819028,obstruction
19765.626033784636,-0.12228580901699851,0.49956688842458286,9.767547395358744,obstruction
19770.664920930278,0.795895035313414,2.222448749123892,11.364040402234817,obstruction
19775.620096714745,0.3580414138034381,1.3298664009820949,11.396444781684371,obstruction
19780.633663063723,0.36429025486589195,1.287974934447032,10.351441316241692,obstruction
19785.599668371804,0.21483714095757483,-0.3185971616967285,9.59274051664687,obstruction
19790.556433824302,-0.40682582010456303,-1.1848040067470156,8.054026756360685,obstruction
19795.56166737282,-0.5808796631214224,-0.12616183064394748,9.132609932629087,obstruction
19800.584485962176,0.5851886261185864,1.3763315328253576,9.786479612504044,obstruction
19805.575275318828,1.894893137521418,1.515462678753482,10.066540697845983,obstruction
19810.63590940416,0.8492964553896217,1.6558089204764155,10.220610326025636,obstruction
19815.6450445895,0.5893695143539341,0.8125480956376756,9.78040630724658,obstruction
19820.683784125922,-0.3550984379338517,-1.3392110013590455,9.539562882663711,obstruction
19825.687487016905,-0.42915160168002686,-0.8112940548234421,8.239291306671806,obstruction
19830.6494999779,1.0633559320356332,-1.0911631265866113,9.260561099143423,obstruction
19835.77288164584,0.46838651825137256,0.40994758943443854,10.422820704631459,obstruction
19840.779153990963,0.8869688636965325,0.640259675843713,11.242798879478483,obstruction
19845.711987426574,1.0797861444187569,1.1082083675298466,10.839512175139772,obstruction
19850.69094467651,-0.23732656611395617,-0.19199329830723919,9.251756422024492,obstruction
19855.733926816927,-2.029919428781807,-1.8231720994594198,9.470757604459585,obstruction
19860.711317697293,-1.6218183079908877,-1.3967546639082804,8.136169684373465,obstruction
19865.667395354623,-0.32506219974629336,-0.35312107639398027,9.387536688214691,obstruction
19870.651107444275,0.7218852731475669,1.4229288044285104,11.087030256725585,obstruction
19875.596709904763,1.904057783132262,1.050967404142601,10.399951583126597,obstruction
19880.543989659353,0.50721710437559,1.1990092404453914,11.084067220236077,obstruction
19885.472952646112,-0.25947034638770616,-0.07948924031335236,9.445522358803737,obstruction
19890.410429615415,-1.020066688732344,-1.1054827660065882,8.093537070224256,obstruction
19895.43665367465,-0.9344098501119279,-1.3187110795554635,8.353523561605487,obstruction
19900.49909815942,-1.1475796381029721,0.4651665140187815,8.765933102947697,obstruction
19905.450825505886,0.6155400536956097,1.0699638106645495,10.986466743064785,obstruction
19910.456654613197,1.8504440988413962,0.2481531156317146,11.456163201117864,obstruction
19915.44232755007,0.44130264308248446,1.5650384333348943,10.219448365460753,obstruction
19920.435903592745,-0.09954085496470633,0.525334857270483,8.962692666841333,obstruction
19925.340949117395,-0.4366379662311176,-1.2951140993592154,8.674458824093875,obstruction
19930.332597743123,-0.6366254836869651,-1.7513704659873253,7.723734376223139,obstruction
19935.346235156925,-0.9924865335208459,1.149396500282904,10.390703431871211,obstruction
19940.342143579797,2.927973485553208,1.1618587855297966,11.004995881716809,obstruction
19945.291379380862,0.9626848660620132,-0.20732750671712719,10.928383042798849,obstruction
19950.310744674014,0.7634197898675273,0.17816591040436605,10.962018130390998,obstruction
19955.310904632617,-0.8083631202107776,-1.8663893256965505,8.88793263032868,obstruction
19960.354828293086,-1.7271818109157033,-2.0419053227559947,7.784432588887214,obstruction
19965.350965538477,0.2961106668544795,-1.3901582930467238,9.39786477094379,obstruction
19970.46704396429,0.5625705152042989,1.410027909633321,11.326885645191098,obstruction
19975.444794425253,-3.497024293330838,-3.1125974087827073,7.448570182190893,obstruction
19980.50437661041,-0.4258706747370796,0.7498770521463958,10.56957309538354,obstruction
19985.40852381405,-0.6074374622659983,-0.7063703496130481,9.129428429912041,obstruction
19990.373540228084,0.2783598256114287,-0.2404097026316655,8.97656310808009,obstruction
19995.450888656007,-1.6054024146624457,-1.1635867209553925,8.47514859919731,obstruction
20000.522828829,0.1851249326349919,-0.43633577416608144,8.511551363560926,obstruction
20005.45517509343,0.7595065068749858,0.6908150324374949,10.731290270160402,obstruction
20010.407627189667,1.4546215664174438,0.2769550539779506,11.043484658816952,obstruction
20015.461754917957,0.8601309830710715,0.517326644440155,10.807411158245458,obstruction
20020.58638902099,-1.1258005765856465,-0.552535257617697,9.084770977155493,obstruction
20025.640661414956,-0.7934522836695602,-1.2544910992945104,7.878532119950299,obstruction
20030.613321855028,-1.0800828936646483,-1.796044244730682,9.624430014189588,obstruction
20035.636296180204,0.8632284984109445,0.10468552206499752,9.589938749223471,obstruction
20040.580476590378,1.336624380443526,0.3305366710432839,11.06055580802077,obstruction
20045.54913866087,1.3450349971251616,0.7305634460191087,11.838757000424517,obstruction
20050.510814895744,0.6111876152088069,1.072930448328828,10.775162380566272,obstruction
20055.518524843003,-0.051480295761163586,0.04282198021538075,9.64788182189473,obstruction
20060.537686109987,-1.1447222193075093,-1.4045159599418136,8.322476824552725,obstruction
20065.447590968273,-0.6497135350687515,-1.493655730101953,8.509089682209531,obstruction
20070.459986396174,-0.5212868634270935,-0.6422398316188719,10.05816391959586,obstruction
20075.464526960022,1.9413335848827038,1.2419185191018816,10.852478794455028,obstruction
20080.415828930065,-0.10846134779040839,0.900209408518845,11.515544299340766,obstruction
20085.316876624693,0.5878883485829879,0.8583891584374639,10.111527388839479,obstruction
20090.323640227503,-0.27913836340832326,-0.4276521930409052,9.364732285201729,obstruction
20095.32815737944,-1.2944706079485213,-0.8112224878331207,8.270881627907816,obstruction
20100.319956796196,-0.33771850304780826,-0.25787661765182995,8.246636339215085,obstruction
20105.36146042761,1.1964804286704553,-0.0645318150258089,9.901534817509004,obstruction
20110.342639309696,0.8174189978981588,1.6259340428805538,11.67160262044195,obstruction
20115.398037681378,1.2543648408882357,0.1814078636560662,10.964200099177146,obstruction
20120.342134960683,-0.5225089358220361,-0.185303171612703,9.292232245533791,obstruction
20125.221020377805,-0.534311367426091,-2.132992424149116,8.709376201241096,obstruction
20130.138800439876,-1.164189611027755,-1.0835989883710364,7.988730246592771,obstruction
20135.19891921768,-0.32950325406093983,0.4533031193452127,10.204284639523861,obstruction
20140.197457538314,0.3829716339704964,0.5494053747803667,11.407527745553397,obstruction
20145.277094608846,1.5487758162908447,1.209906291023429,11.182641523740058,obstruction
20150.314434646312,0.09237810312641714,0.5146627486693238,10.058499234240799,obstruction
20155.37280284332,0.607137047100332,-0.16670017753141314,8.519938735840848,obstruction
20160.355907838995,0.09034569251857527,-0.6910082723932219,8.51161270182505,obstruction
20165.29553339839,0.2953081478121671,-1.7547263289488944,7.977267022562136,obstruction
20170.299345130687,0.6957171578203406,0.941027493325924,10.247460592998996,obstruction
20175.28423445065,0.1715620548775626,0.21269482670530482,11.413384804999254,obstruction
20180.294918676598,1.2024688940658843,0.7956456220347716,11.195335172032927,obstruction
20185.271676432203,0.4807640108128028,0.20444882768987133,9.834680150800557,obstruction
20190.212289420684,-1.5457615426677607,-0.5128678335482073,9.181258935326131,obstruction
20195.206691803127,-0.8146030164661102,-0.9066482681491486,8.480378334094903,obstruction
20200.172215904382,-0.26513083896106954,-0.2960080502204707,8.13424835654878,obstruction
20205.087112595436,0.24091794225313173,1.236994971108637,10.211327732453517,obstruction
20210.137245914226,1.0123176076139355,1.0242451605873557,11.602546812519865,obstruction
20215.197100430745,0.2038844481401655,1.1929814404759798,10.40120170911435,obstruction
20220.228540773336,1.5903857890493396,-0.21041788922485274,9.087342724239303,obstruction
20225.14064534705,-1.212494254436113,0.192592895686593,8.582168746512318,obstruction
20230.17045498054,-1.2309911424272406,-1.0484180122463045,8.940108805702078,obstruction
20235.119035527496,-1.5167156814572136,-0.8499320616133222,9.63711944321084,obstruction
20240.084215185616,0.1797341007021911,0.7026154530055334,10.10870990167837,obstruction
20245.0180112216,0.6888424003031636,0.2976485408849844,11.824323855743922,obstruction
20249.926114248694,-0.7252653998610469,1.2374354589156402,10.456381200613606,obstruction
20254.9290891483,-0.21945115531273512,-1.5283605942363665,9.286596617430586,obstruction
20259.941018686324,-1.9353391582078505,-1.352281722472307,7.216351698940569,obstruction
20264.883756777228,-0.4039091820258713,-1.1355420005648047,8.208747925227243,obstruction
20269.883347368053,0.11646724645098785,0.8390757590234171,11.04186931821459,obstruction
20274.930486051486,0.8679281036690417,0.27505897518179956,11.144034634242104,obstruction
20279.98364716492,1.7784783010172134,1.697381308571414,10.986062616333575,obstruction
20285.0138884057,0.3291546152823373,-0.09513664176003203,9.406176653543008,obstruction
20290.092159393753,-1.3686832671714224,-0.6640506992438315,9.443704740572253,obstruction
20295.080992061463,-0.9438343083438273,0.01463138022437227,8.313277526817885,obstruction
20300.09372335266,-1.3924758428410522,-1.0245729512699686,8.061312915050117,obstruction
20305.117671299373,5.002252926747679,5.0971650384613705,14.674529244815085,obstruction
20310.055012493736,2.2341809609853804,1.370880875782016,11.42052217332723,obstruction
20314.93951107591,2.235809194464069,1.5375287724868238,10.856852765035018,obstruction
20319.838111647812,0.697406463791952,-0.7477883634910688,9.87060200483727,obstruction
20324.825334008336,-0.7668207751718288,-0.5452100711836697,7.95680269561486,obstruction
20329.832438973706,-0.8431566214105861,-1.3033343828394885,8.334746047067366,obstruction
20334.815160384544,-0.5625842503779022,-1.1419290967709146,8.74214212999318,obstruction
20339.827605077015,0.39193764706816325,1.4607062183506478,10.276130670882463,obstruction
20344.855895640856,1.2618667636200527,1.683078394120022,11.39346720404117,obstruction
20349.85796506939,0.63843741510049,0.2964074684897551,11.277340802258887,obstruction
20354.811570211918,0.7654885212831919,-0.3919140118192736,9.124580499444178,obstruction
20359.774414779804,-1.1362867953165676,-1.5602310861643656,8.820623146031224,obstruction
20364.7597289546,-0.6208396871297591,-1.365390683299061,9.185922905777414,obstruction
20369.85675407758,-0.7391093291257498,0.7389622261031222,9.894395593529536,obstruction
20374.881109844493,0.6934616460152552,0.5608309830778186,10.577193348147809,obstruction
20379.89163665114,0.971421974732614,1.2548322069507067,10.612046860635658,obstruction
20384.867158744324,0.2212585924655771,0.9813952469745367,11.361067573591276,obstruction
20389.89240955751,0.3718118740374875,-1.230215803943955,9.005143721726018,obstruction
20394.865133075687,-0.9134710127788954,-0.5052143984761924,9.128227625764527,obstruction
20399.88874762513,-0.3780797389869084,-0.9560943439425871,8.868355273205124,obstruction
20404.896585513863,-0.15770548293942213,-0.028767967776917813,9.705464455792859,obstruction
20410.015839143267,0.9323717689438161,0.677259858543243,11.75530858744304,obstruction
20415.0086270854,1.1147829052533151,1.5507486238367107,11.142118275430281,obstruction
20420.11602388402,-0.9662964329726192,0.10858780721435006,10.645041915267754,obstruction
20425.20822383533,-1.7017462043020344,-0.6538178083736517,8.45820223943606,obstruction
20430.074026549664,-0.7420144971645799,-0.6047722407089946,8.481392636639649,obstruction
20435.010497012878,-0.553159211136052,-0.9623126631034228,9.029573275045587,obstruction
20440.207964980847,0.7409899555198975,0.2599916463907971,11.71688545248702,obstruction
20445.264568116796,1.2053205823298903,1.756439859024146,10.373234854883776,obstruction
20450.263164345008,1.1211966951961443,0.3873276574073494,10.961119929473705,obstruction
20455.289273205122,1.0803008592041548,-0.6618613201506107,9.521979028750224,obstruction
20460.320668575943,-1.5991246652116042,-0.5475912000928678,7.44175188422633,obstruction
20465.33967298526,-1.3821645062225314,-1.3486479342126274,9.004047213777964,obstruction
20470.468638554954,-0.12168996756000147,0.938215511221743,9.734318026673655,obstruction
20475.428497506604,0.8910740724283323,-0.4244674090827648,10.666919635339818,obstruction
20480.421319877234,0.5060605715543592,1.5719979300989002,11.219725337089256,obstruction
20485.38829481456,1.3834879741158412,0.5996779423527386,10.241408481715037,obstruction
20490.273925916685,-0.11843210619642358,-1.3186064529566939,9.760594450793706,obstruction
20495.20923634126,-0.66960679168613,-1.3065369015685815,9.360839098497937,obstruction
20500.191549701794,-0.5313395741978353,-1.6494269065710874,8.170679804328973,obstruction
20505.147564780767,1.128289847531452,-1.0672777366064066,10.443051553898158,obstruction
20510.195670528614,1.0913725825928224,0.7660889519831809,11.628433197997978,obstruction
20515.261547209353,0.7231793502254575,0.9514608322421492,10.965033631119836,obstruction
20520.253818593137,-0.07779985573994053,0.0678424513536321,10.572654485460559,obstruction
20525.255920948555,0.18237737628197603,-0.6393743599485,9.372456803683473,obstruction
20530.33612380287,-1.1174526143055132,-1.8430251193735532,7.785267320531848,obstruction
20535.343714583265,1.500095616097254,-0.18927030621903512,8.99220464648789,obstruction
20540.327691411076,-0.5304764255994994,-0.05686873446021512,10.240873475222523,obstruction
20545.35698733122,1.5794018426251886,1.7659927186958213,10.294922111922807,obstruction
20550.267222516704,0.5728452468044019,0.9169492046305943,10.611105947249031,obstruction
20555.25870575647,0.1492285036046953,-1.0624444550900345,9.6601566801457,obstruction
20560.203657140766,-1.3364831571779934,-1.4474892906593069,7.864624078067344,obstruction
20565.249055340686,-0.6036851523504179,-0.5156224025310453,8.429174238297893,obstruction
20570.241655461574,0.18559025438194077,0.5777885586207068,9.511170626610966,obstruction
20575.276485698443,0.6040775968524883,0.3799783336222763,11.587004722386228,obstruction
20580.300594670472,0.7033246949048144,0.7508930303187162,11.40393310095997,obstruction
20585.331582831972,0.5412119970007498,0.5257877386935461,9.89744017216729,obstruction
20590.311996722055,-1.1272778825779264,-1.1033147872689073,8.312217608007755,obstruction
20595.394015008194,-1.117009012275722,-0.3418932230399222,8.790448452593932,obstruction
20600.416900693755,-0.6672984191979487,-0.6027933649546693,9.08111612370858,obstruction
20605.46769639103,0.8827302956455585,0.8443281230473032,10.601179863227035,obstruction
20610.431093591946,0.2988809693223621,1.1049500197188757,11.306767131886039,obstruction
20615.482922624855,1.416443858437347,-0.27809123657151513,10.416547122648389,obstruction
20620.45131846699,-0.2962610627184209,-0.4891017314893777,9.221648302078007,obstruction
20625.45806400567,-1.3628437806445677,0.17102423868413275,7.698518000836743,obstruction
20630.446849672822,-0.9999058571317572,-1.0569247164306326,9.317038027602466,obstruction
20635.42212036664,0.18616147895073293,0.14752366241401677,8.691808913306295,obstruction
20640.458423640885,1.23288205768833,1.283569106093961,11.681921566641922,obstruction
20645.474513525107,1.3930354682965316,1.3161903998206606,10.465447822501755,obstruction
20650.484103798903,0.09840064685495603,-0.03923788407186457,10.358513029526794,obstruction
20655.487298604687,-0.9537135113272341,-0.10357096780964392,9.357828158139371,obstruction
20660.515717868784,-0.8215380605441092,-1.2005989908512773,7.894705753066402,obstruction
20665.503024342168,-0.3587659910169379,-0.598966428044777,8.906799270968815,obstruction
20670.53237119489,0.527771355925125,0.36681304608028187,10.208082615386681,obstruction
20675.587513132577,1.55566492656715,1.3825310952729266,10.612169769978108,obstruction
20680.5439483824,0.39511138467491685,1.9901714494484652,11.869860575769522,obstruction
20685.494192920454,-0.9544510825015445,-0.46918325206355443,8.56516034633843,obstruction
20690.40940163623,-1.4231860384292392,-1.2091281740087956,8.621422537513311,obstruction
20695.371884985227,-1.396131433139936,-0.6229060362860169,8.204522153541767,obstruction
20700.44295771846,0.046787360593459726,-0.5179872996002328,9.740702815696972,obstruction
20705.475093348603,0.5554388842241483,0.8256852268363685,10.660929981339798,obstruction
20710.494753529623,0.7668029927542064,0.02935351088638538,11.612279395525125,obstruction
20715.51733310193,0.7364589341610708,0.3436085764219694,10.588161241646176,obstruction
20720.520938581285,-0.35902813204757755,-0.6625280174795156,9.055043958658972,obstruction
20725.546906778294,-1.3597807862159847,-0.9741511878945655,8.376943729244433,obstruction
20730.502079890797,-1.1021035792202833,-0.22707642846757392,8.091919915202107,obstruction
20735.543502754164,-0.726284193121694,0.4671360394767913,9.370230898871561,obstruction
20740.521154069877,0.12742398168467284,0.1287526912181729,10.142974324569142,obstruction
20745.565310429443,0.5159935508125651,1.260509923241412,11.254594109147822,obstruction
20750.526794668018,1.29091839785583,0.47755148717582696,10.580626294804127,obstruction
20755.562896238924,-0.6028865820001862,-1.2170583945152003,9.690639168330089,obstruction
20760.449730174667,-1.3852239119650247,-1.5504005051565886,8.473547886662276,obstruction
20765.429964829473,-1.1346069882290046,-1.0166464268755806,9.548887065769236,obstruction
20770.45289992421,1.1156875792936862,0.7953312282952762,10.921931706597443,obstruction
20775.4679878343,0.5805868340024937,1.600327730479155,11.016031743527288,obstruction
20780.467233622807,0.6019273370896212,0.535741067621704,10.237859798375586,obstruction
20785.410818223732,-0.7246248520367973,-1.4859243214807774,9.71175399981787,obstruction
20790.46822169838,-1.329999993675667,-0.5016420295834262,8.775400087419289,obstruction
20795.425187706835,-1.3932054551878752,-1.026934934975342,8.526277475921093,obstruction
20800.35473523845,-0.22348329738948816,0.21121992347707824,9.597790146960813,obstruction
20805.408019769377,0.941102242364046,0.5985107090478811,10.240127734634926,obstruction
20810.39464587317,0.18556209544378044,1.1102678426557542,11.021221510931321,obstruction
20815.392911435767,0.3411166940593857,0.9423810628461611,10.98853622798337,obstruction
20820.337319714035,-0.6361798313859807,-0.788693057425707,9.111966505778048,obstruction
20825.40147949347,-1.165666593894703,-0.08602735511746507,8.558400128816293,obstruction
20830.4119595823,-0.8537379636694845,-0.9639719978553821,8.248365111490743,obstruction
20835.394681459384,0.5052396647231484,0.320913983472371,10.352092671919683,obstruction
20840.328629389474,1.4243912686791964,0.8623807237542197,11.441123057644011,obstruction
20845.28928955061,1.0265598341681732,0.3661629965959067,10.66410864924581,obstruction
20850.21983361198,0.45292769527667615,-0.2837494362607268,10.509638501439287,obstruction
20855.23994893271,-2.124655922121883,0.07035897021237558,8.480487126017737,obstruction
20860.31792904514,0.7268963145746379,-0.08850045811079066,8.449874576051162,obstruction
20865.308591448018,-1.6195985840429603,-0.877834395472153,8.829032136647088,obstruction
20870.362555669868,-0.5991896395411654,1.077253545682434,10.230588752723653,obstruction
20875.446474301065,1.4432951489379748,1.3663070468486413,10.85122303460487,obstruction
20880.424374599872,1.3844533281251614,0.09365083911809602,10.179412338914139,obstruction
20885.459242196062,0.517502139153857,-0.04974802958108121,9.809359338959675,obstruction
20890.408178652655,-0.978963462635351,-2.125907238491851,8.049176100730884,obstruction
20895.38840053595,-0.9395832927644179,-0.20852707612555776,9.134464122018278,obstruction
20900.462261953257,1.033012951432088,0.2560247268491292,10.122374619368967,obstruction
20905.487802623702,0.44321780085039464,0.7613852732384558,10.267028550961289,obstruction
20910.496742519637,0.4185382650132483,0.47910455312852707,10.442771778429229,obstruction
20915.5251756682,-0.24628613640134656,0.31152138627104903,9.804362745441297,obstruction
20920.556570415498,-0.8639432055587183,-1.334945473311001,8.701597031620475,obstruction
20925.69433679627,-0.8860893348819191,-1.4778866029464495,8.576797057284509,obstruction
20930.732621267507,0.3399531103420804,0.27069853271655064,8.58264697760691,obstruction
20935.70177308096,0.029487640541937532,0.6820134502543518,9.869809916905053,obstruction
20940.689679335,1.4352455257916945,0.9534433364753141,10.973529264424359,obstruction
20945.67107911818,0.6816267320663849,2.0766233787716075,11.327260575212168,obstruction
20950.671858442656,-1.1018579911508848,-0.00785067274650176,11.177727807547079,obstruction
20955.749372082853,-1.088303251562722,-0.7702259212398963,8.619623587858529,obstruction
20960.70071858711,-1.767281931676942,-1.7216445277982582,9.271043300946292,obstruction
20965.726381418128,-1.120248564280888,0.8891682310128419,8.86180448105784,obstruction
20970.692773596962,1.97653351261858,1.1337498097419494,11.326928591431844,obstruction
20975.72876457302,1.169864432930186,1.742335369746416,11.069392494442534,obstruction
20980.70104228699,0.8650192580655388,0.416520300340153,10.245517303791962,obstruction
20985.771005085786,0.7428969714261858,-0.18882949040226066,8.913193601657076,obstruction
20990.75002561351,-0.8319989097523093,-0.716273778122211,8.555874096464748,obstruction
20995.83878658593,-1.5463826121291597,-0.7064640786682119,7.669382570539566,obstruction
21000.687147573117,-0.33779076189567386,-0.5130490078555638,9.97983945672286,obstruction
21005.767365148815,-0.3921724276062548,0.3226361255106496,11.398532487040251,obstruction
21010.70540575786,1.3796920605339795,1.1231976083227864,10.558487494283508,obstruction
21015.672717952853,1.28842292986863,0.19802550700190932,10.074252450775953,obstruction
21020.806402759852,0.18284130534220377,0.0006075891842537429,9.149941118626586,obstruction
21025.858783141244,-0.7927371224310003,-1.159645920992785,8.483024791305397,obstruction
21030.92128274689,-0.4792758743589769,-0.23102188810179047,7.735742558972037,obstruction
21035.90028367422,0.13734128146463756,0.37660436451460244,10.534786327849588,obstruction
21040.906177890705,0.9158635636545334,1.2086568148789394,11.111308091135154,obstruction
21045.902613636685,2.29925290832451,0.7060475218553721,11.66034950161509,obstruction
21050.922230461238,-0.6899800713590445,-0.41909073321610296,9.257852242095378,obstruction
21055.8548919735,-0.7432791623942285,-0.6797992395763901,9.08712191842145,obstruction
21060.814920733457,-1.6718538169888932,-0.8423921669054455,9.06850278778117,obstruction
21065.737591121055,0.15558343119139503,0.24579088105508204,9.856999556623995,obstruction
21070.73587093832,1.021513841184538,2.053943634873338,10.59732482504414,obstruction
21075.716422082365,1.388742881672379,1.4879256320305354,11.253682963384328,obstruction
21080.758836214936,1.9734738857041512,0.7477120721140031,11.012643632514925,obstruction
21085.790510109688,0.8236441041102289,-0.39437826375149554,10.04655573891212,obstruction
21090.7758777488,-1.3358686791591639,-1.82144418171622,8.260931052480707,obstruction
21095.830447345907,-0.1979945670619928,-1.0662501256307917,8.43114962271371,obstruction
21100.799822937304,-0.7046223923738129,0.9424174874159702,9.897223096925718,obstruction
21105.744443379856,1.3865781405498907,0.6571762088194935,10.850720087760054,obstruction
21110.83391878745,0.9810630324352684,1.086855205889164,11.579495090219059,obstruction
21115.80359155094,-0.17581158441004813,-0.17805272753287021,10.434002634072588,obstruction
21120.791070573596,-1.4937467140641336,0.6826370685177409,9.925951084478424,obstruction
21125.737247577195,-0.90329014779689,-1.7722331582440733,8.260831419217734,obstruction
21130.68285288125,-0.5028500869360557,-0.0027149707853459937,8.122862257909365,obstruction
21135.75201748729,0.2864637314285701,1.1193780732963574,9.37575772483635,obstruction
21140.787936291945,1.2904090753254511,1.0508294060520795,11.094583908077958,obstruction
21145.76995853783,1.0947653747636585,1.0867466767452911,10.842758246298084,obstruction
21150.743599763053,0.7782663819327763,-0.22243952891681848,10.574286651470667,obstruction
21155.660160300515,-0.5737383570862693,-1.1990605130308136,8.756474325829442,obstruction
21160.605529680088,-1.3545017663183694,-2.191417999870392,7.870116863724961,obstruction
21165.644670781072,0.30101567978996524,-0.14206033691313474,8.74968236000167,obstruction
21170.67122658239,1.4294652869558024,1.5962992371511717,10.973715690100017,obstruction
21175.647587515352,0.6507271203632095,1.0059866853316877,11.243390927074655,obstruction
21180.691375247243,1.1974322276400151,-0.31520196572376846,10.521843889295596,obstruction
21185.762437598743,-0.05955341905811462,-0.556284583959372,9.744413817099165,obstruction
21190.715097054534,-1.595671169216657,-1.8841973836259296,8.160559825358536,obstruction
21195.77319733857,-1.7143763939651633,-1.4778397180912497,8.161867811726395,obstruction
21200.737323157737,-0.4067356016457242,-0.5265945901022561,9.234303480030277,obstruction
21205.75544756005,0.4729773032468005,0.6346125952330526,11.572477203466553,obstruction
21210.79028896724,1.9241698371215006,1.2885541074169804,11.86353991008012,obstruction
21215.73872564608,0.6219675864832035,0.2600057968863474,10.253633243466217,obstruction
21220.6536233669,-0.5559256962647192,-0.69596370851776,8.381794655917345,obstruction
21225.620598854413,-1.1337743509989182,-1.2844402491995042,8.451197871527768,obstruction
21230.61465681898,-1.2361625149857098,-0.8307161092905921,8.475487513103454,obstruction
21235.56357509741,0.365978904512524,-0.3977213899594981,11.324854823150366,obstruction
21240.55571613456,0.1273901821022444,2.1697775874064797,10.544899317487248,obstruction
21245.479810564848,0.7789819245532954,1.9656285399905027,11.282246200686535,obstruction
21250.454409610076,-0.7398580920481584,0.17886440524277974,10.398628899380668,obstruction
21255.40310448109,-0.8742622194071555,-1.746509300961959,9.917533612057564,obstruction
21260.364776549937,-0.13729834268251184,-1.3396852200175673,7.518220108644964,obstruction
21265.339920912716,-0.7524564144689802,-1.040571247481803,9.494794900487406,obstruction
21270.35782529583,1.212210018641511,0.22467070394882843,10.678088421259895,obstruction
21275.38301215438,1.2315436851518078,2.1234773310189663,11.373967751664075,obstruction
21280.43116747658,0.8971359001338891,0.8104940158246898,10.567965980595789,obstruction
21285.432690645026,0.3862538716518298,-0.2596460675207024,10.001181259913354,obstruction
21290.49516975311,-1.1824837750076926,-1.2106622960506306,7.950845332659401,obstruction
21295.476823757595,-0.12632889814007808,-2.105667888242996,8.541202044268566,obstruction
21300.593924341076,-0.329359683071002,-1.0026342882089856,10.718413198647745,obstruction
21305.56512885179,1.0081536456666038,1.8051065153927501,10.724425489422416,obstruction
21310.570263357087,0.7334140310710027,1.2881857516533364,10.453299011898288,obstruction
21315.625894206496,-0.6740903207955709,0.9386285224192152,10.088050066956102,obstruction
21320.69694663606,-0.4747008097197319,-1.031504214338193,9.099899123377613,obstruction
21325.659872220513,-1.0673981162375104,-1.6966326935312366,8.045953331260021,obstruction
21330.67205261708,-0.3089519318682336,-0.4395341802861742,9.551199597828901,obstruction
21335.595680641225,0.6716369347101672,-0.46497699467574377,10.888626701153713,obstruction
21340.57276554295,1.6189595729683635,1.9144892291441709,11.129245740473518,obstruction
21345.523111844013,1.1199047912659794,0.38225457048847955,10.564285860424492,obstruction
21350.52763096005,0.0389333536998793,-0.28129413385063234,9.456614528963941,obstruction
21355.618112627133,-1.0785144463916119,-0.4204737218819633,9.352739112011232,obstruction
21360.62124841912,-0.5139128037069779,-1.3983822295331358,8.672667483946693,obstruction
21365.63638538663,-0.45442678286840354,-0.05165083569355458,9.763337083792761,obstruction
21370.58076045311,-3.060025491064339,-3.258264563305884,6.26769541395671,obstruction
21375.538455818732,1.2185947806868769,0.7417457606676955,10.514601408766993,obstruction
21380.58679733707,-0.6683431480505535,0.04057162374718487,10.634055966928598,obstruction
21385.685294398078,-0.43131934045858683,-1.021374326790757,7.997968869583946,obstruction
21390.747735369812,-1.0738835589019637,-1.3799255448689078,8.841101594330654,obstruction
21395.72959310383,0.0020558378506484454,-0.4692652448644292,9.463387973128285,obstruction
21400.76167727971,0.5487200766643011,0.18159841669245946,10.592680503312677,obstruction
21405.756085429508,0.16350718684670928,0.6832901038731748,10.748808825527545,obstruction
21410.719096179288,1.7540936277837331,1.41432639003629,11.01088075686729,obstruction
21415.72222552986,0.2839209833976252,0.2104346243905279,9.935677861857595,obstruction
21420.702449850323,-0.7230047680289025,-0.5038684786780201,8.833132105880331,obstruction
21425.732124900936,-0.4346052143736786,-1.1697929032273944,7.900614891392441,obstruction
21430.694701410128,-0.24012483453932285,-0.30740671347178095,9.519768275740054,obstruction
21435.665010385663,0.013724507087944593,0.3920792045871286,11.00384711343623,obstruction
21440.655608222703,1.0963958708077288,0.43172690610078857,11.81692842505383,obstruction
21445.576468091913,0.6678174111740592,0.8347531027016788,10.756920429961493,obstruction
21450.660629677943,-1.1111372169637082,0.6777730564462234,9.276107955270373,obstruction
21455.581900964185,-1.3617606297836855,-0.8927619359464194,8.713566239879105,obstruction
21460.536403928563,-0.9499349398467827,0.545509572192223,8.81256139886006,obstruction
21465.51857698012,-0.22317968217638567,0.09612515937048122,10.68308533154167,obstruction
21470.537170442716,-0.5165454758056689,1.1134195670764322,10.741563314486942,obstruction
21475.540586337058,0.992242737960779,1.3876972884101826,10.557306228903041,obstruction
21480.576507232967,-0.5570460074378436,0.5189748050503514,9.560840905443204,obstruction
21485.565463681614,-1.327563839430216,-1.6680693841706673,8.855119749949923,obstruction
21490.591438616328,-1.0490955564862179,-1.9811237627968952,8.17119191030213,obstruction
21495.515061457463,-1.7874341002420786,-0.9820878965218512,8.93125385406613,obstruction
21500.50094707296,1.1931541738435487,0.45739336067894915,10.31862177320707,obstruction
21505.428987029976,1.5530382441425334,0.7867359042783718,11.430228697567566,obstruction
21510.51512769398,1.6829521992627647,0.3115628739031766,10.111148616701923,obstruction
21515.53924908591,0.17948909960897225,-0.4427844859649456,9.974208698135627,obstruction
21520.571605719517,-1.196535011556374,-0.7504367578670099,9.12856130488387,obstruction
21525.542051878645,-1.4930006515019723,-0.6346122445473421,8.809078045174381,obstruction
21530.51167128365,0.7630446064343605,0.2921678750682497,9.088421059898566,obstruction
21535.60075538458,-0.2172410813094534,1.0930754292508733,10.630026123431207,obstruction
21540.58410694776,1.6409941566591641,0.5224993133739158,11.20512852594668,obstruction
21545.48132796275,0.5473826445532088,0.2709668871665647,10.159646075621476,obstruction
21550.48670222702,0.13282296421572448,0.229871358957488,8.835904188172123,obstruction
21555.43725071518,-1.2976619534133904,-1.3344529769399842,8.594031590589891,obstruction
21560.48910560798,-1.9731615979419712,-0.42793730600304974,7.49131494678209,obstruction
21565.54563185345,0.47040136933271826,-0.44827281655923457,10.428687197674684,obstruction
21570.59808113723,1.9415399540882645,0.9344571900159415,11.995078424771712,obstruction
21575.632463432932,0.5511454717999424,0.45659218485689657,11.115190948019258,obstruction
21580.622555251248,0.404989599297114,0.24522938802391772,10.030700770373285,obstruction
21585.554470399547,-0.46717160250685436,-1.071329921904339,9.144460194066435,obstruction
21590.53603256042,-1.7538360463707534,-1.7618765960778626,8.34660803639104,obstruction
21595.543249166112,-0.5400205612835889,-0.7129306178666253,9.95745877785369,obstruction
21600.52421417606,0.32692256901554334,0.24526694975093605,9.49847249855372,obstruction
21605.593594990827,2.456041268436008,1.2738784478906489,11.81484046582049,obstruction
21610.69865938381,0.46583613509809796,0.40048715579694844,11.501690029243454,obstruction
21615.64071315905,-0.7521530121370951,0.0674839721297345,9.358007726860034,obstruction
21620.71561461342,-2.147913577141363,-0.22896753150238935,8.720285090804989,obstruction
21625.75005166536,-1.6846346830268144,-1.7812312491327644,8.487146151048751,obstruction
21630.740390384868,0.1666838941997062,-0.06756640928649689,9.911487599014423,obstruction
21635.74916547082,0.6635959149660158,0.9264565005088305,11.064444937085275,obstruction
21640.772252539962,1.5728714317886614,0.794211992042535,11.276086665356702,obstruction
21645.7832357194,1.1366633995402509,0.8299684226054214,9.994899398204735,obstruction
21650.798055704385,-1.122111862756265,-1.982652751639601,8.773099889352002,obstruction
21655.841616920265,-0.7589712635430312,-2.248315161980527,8.326959316776144,obstruction
21660.90064110878,0.026019238650779486,-0.5027833875891478,9.101581460276083,obstruction
21665.955744282477,0.574022187713447,0.4384795502614157,9.978122286990187,obstruction
21671.076161456775,1.999424055590096,-0.12280279947133388,10.980695307301914,obstruction
21676.044371082466,1.2966909505865818,0.42720486735487934,10.892003633658343,obstruction
21681.10645920715,-1.2901342543502778,-0.35134316016812717,9.777057181903622,obstruction
21686.10968026881,-0.8157387798216637,-1.368500836733647,9.034367888078698,obstruction
21691.09455471575,-0.9417049547633387,-1.0624298201764317,7.893936330908968,obstruction
21696.15115411155,-0.2716914775495522,0.07700325371479083,10.110859864148972,obstruction
21701.20712582524,1.70627007088655,0.8691868981175285,11.956054345732204,obstruction
21706.147987947763,1.7174684532341802,1.3186270218968046,11.344288604291686,obstruction
21711.146502628173,-0.05282863993023085,0.9802576176446897,10.876875222767584,obstruction
21716.107751165804,-0.6437752742244761,-1.4817866270931925,8.987993837506933,obstruction
21721.05072783291,-1.506252463954712,-1.2346360318505725,9.511036600320626,obstruction
21726.047756109747,-0.9345656980498906,-0.7401620492121458,8.141375246983829,obstruction
21731.099162672588,0.025415482356297786,1.1806438049949903,10.985265965677076,obstruction
21736.070144584606,1.4382201541129997,1.2649202040891852,11.145444490256862,obstruction
21741.10799784478,0.9026777156883151,1.0658570515219385,11.407852933308936,obstruction
21746.128228531,0.9469706729641922,-0.3985935578322061,10.333399531142902,obstruction
21751.134604939944,-0.5683509202804864,-1.1407286931430483,8.125140881783981,obstruction
21756.097593820785,-0.3526567835746125,-1.8451764539745188,8.827551228713025,obstruction
21761.008929614745,0.8395190118864875,-1.1412085921981088,10.274630442001246,obstruction
21766.020400586753,0.3197723140011825,0.9495695943706218,10.662001263585235,obstruction
21770.95957189267,0.7820955229065334,1.5659467592355,11.462323191800678,obstruction
21775.93215316344,0.923994263916457,0.23115796144656275,10.726803634293894,obstruction
21780.924554474146,-0.9305662066045741,0.013200517620971242,9.493144083148847,obstruction
21785.91512989282,-1.2929544959794033,-0.8117203219534053,8.294123764392399,obstruction
21790.795971508694,-1.239209687877247,-1.197325710438894,8.570906153457502,obstruction
21795.85250567463,-1.0537323589004939,0.4598358194869133,10.071749691611545,obstruction
21800.826602483317,0.9464912968817263,0.59113685183383,10.666953511095036,obstruction
21805.840875189882,1.9824798989456054,0.732520608135838,10.532721217862296,obstruction
21810.78428817058,0.07405318761519392,-1.2704223960450984,10.800084896234127,obstruction
21815.793773504814,-4.896027755504305,-3.259018009045595,4.047531319346767,obstruction
21820.766541993915,-1.5263898590724163,-0.7552828612896402,7.811122172511941,obstruction
21825.787075953966,-0.31180326723394547,-1.1556478263333285,9.263706096672442,obstruction
21830.719887435986,0.5040850160346212,0.7157388123927833,10.341532032289468,obstruction
21835.691743406776,1.928823062208823,1.0932166157841614,12.44966766417139,obstruction
21840.68281470254,0.9376508692689328,2.1416851461665942,10.799574793000788,obstruction
21845.704335408198,0.7552806002350148,-0.43901846814381884,9.038038799417393,obstruction
21850.648456654908,-0.4567770759671468,-0.700976558556683,8.59976468093115,obstruction
21855.687340217915,-2.359328153778299,-1.2116315651757459,7.9924573963386765,obstruction
21860.665509851893,-0.08279361548669897,-1.06842209197656,9.171280796274322,obstruction
21865.67092156566,0.6260075474738498,1.901786847371381,10.679802429243356,obstruction
21870.59840997222,-0.25258295873057235,1.3665707907336289,11.459686517259128,obstruction
21875.539572525195,1.5564606176642792,-0.2757656256269829,10.270248010835305,obstruction
21880.55616415664,-1.1103051262521053,-0.08058262693569651,10.099370199159862,obstruction
21885.643896274407,-1.3648942413450442,-1.3393574611981112,8.563311705778418,obstruction
21890.63209289864,-1.1257696790114509,-0.8781417260341275,8.142413212462356,obstruction
21895.607968154774,0.6810896296759313,-0.6186437042248182,10.069541106886478,obstruction
21900.60191613324,1.244609624994847,0.604122948148663,11.179183363538803,obstruction
21905.59551761751,0.8427200274462424,1.968217402618892,11.306882334234169,obstruction
21910.633706935867,-0.4542140961978346,0.2068123999145469,10.661734240688263,obstruction
21915.724841907548,-0.6244574587601107,-0.32243056006404036,8.167303930475763,obstruction
21920.79595843972,-1.5593576885197848,-2.1107014699523665,8.935979462592064,obstruction
21925.872743927852,-0.21592715492664322,-1.242252632999118,8.917828793603446,obstruction
21930.840137297313,0.27970519712940434,1.3690329484003245,10.293434207902457,obstruction
21935.76858022012,0.8760109506017583,1.7997228048195768,11.461485616128027,obstruction
21940.788387635483,0.8268188904204606,0.259445142437848,11.07574272469556,obstruction
21945.731979080992,0.5716220656874667,-0.5645964695334549,9.884580382231357,obstruction
21950.768798325338,-1.880171960031602,-0.945506216532982,8.349138034083355,obstruction
21955.769502353043,-1.3817470696874654,-1.5006064451502847,7.81036399506347,obstruction
21960.762928551045,0.7584675305851031,-0.7387500713676037,9.532768446093678,obstruction
21965.82327609003,1.616657582733851,0.7595580398449827,10.497095128671871,obstruction
21970.799885921886,0.9146627048365846,1.359831968601326,11.305609303117366,obstruction
21975.744812267923,0.5555601566377169,-0.23779649345334664,10.713664117288966,obstruction
21980.65867176479,-0.8408083891755661,-0.48293655263428636,9.65051490339782,obstruction
21985.693445088782,-1.7461844584815274,0.0452392092807008,8.029951699072233,obstruction
21990.657707222144,-1.8094469669377138,-1.4971175212960022,7.867370865212724,obstruction
21995.701851892587,-0.5696591475889102,0.8318543005250116,10.457694358382664,obstruction
22000.73564545079,0.2817872671249887,0.37548298054016305,11.737903590191982,obstruction
22005.748363504008,0.7363147379911639,1.3978232502310153,11.138492748274604,obstruction
22010.77361065346,0.054486676623660135,0.5788620742185164,10.808907696592751,obstruction
22015.7265401542,-0.20643409647636368,-0.3106632257593471,8.62914752199029,obstruction
22020.73739085362,-1.0800129826057263,-1.6949985105216099,8.057573054335405,obstruction
22025.805960352667,-0.3100804677212065,-0.2602130840742219,8.801097470609683,obstruction
22030.810823218522,1.6212737857657156,0.35075235618006106,10.872616550728248,obstruction
22035.87309783944,1.2357503795868632,0.12913619165207257,9.941984177483295,obstruction
22040.855712083183,1.0132492665825434,0.9101517037536526,10.558205487248399,obstruction
22045.81183127459,-0.18548285628921418,0.5913080777729272,10.037716621628647,obstruction
22050.839694182792,-0.9967781106773689,-0.43827142097441296,8.83708200970829,obstruction
22055.882784942,-2.8637131927209847,0.21098617298442335,9.36418439884703,obstruction
22060.90282976561,-0.2795219372331769,0.8930131560697141,9.09180682302629,obstruction
22065.926419925312,1.7600812493936324,1.1807751092294698,11.227828936047233,obstruction
22070.93484534559,2.0545130603341377,1.442899192887692,10.560072827992217,obstruction
22075.885197018535,0.6828792797766561,0.6154177453967367,10.709755689795221,obstruction
22080.861228564485,0.2517838429722502,-0.5404683160877887,9.939313863623624,obstruction
22085.893213734933,-0.9914607075155588,-2.0790044082184154,8.692328372623058,obstruction
22090.9024842461,-0.8856093701648484,-0.6637681841119453,9.752492786170377,obstruction
22095.98700435462,-0.1268297698037119,-0.02341809636783182,10.102717428084933,obstruction
22100.956346032213,1.9085243009369661,1.034992270390593,12.582497740884813,obstruction
22106.045357744413,1.3053309264635042,0.8984986557893123,11.564601287360542,obstruction
22110.95399934073,-0.2839960441458337,0.4094824498099152,9.31410638722717,obstruction
22115.972522889646,-0.5812492777312339,-1.532371524221998,7.673731928625731,obstruction
22120.99589162332,-1.1662155719507221,-1.0389989065204919,7.998140392575556,obstruction
22125.963556549006,0.027895312771242103,0.1603035124357781,9.430867578724726,obstruction
22130.95150835632,1.5853066992811806,0.8752451852227912,11.097608124527781,obstruction
22135.897138957676,1.7771469132439068,1.8222896486931763,11.773226124690758,obstruction
22140.887317617267,-0.13853208420646335,0.4273069552725026,11.35477448531084,obstruction
22145.83377277511,-0.895082773547919,-0.7147806295024878,7.323288574092741,obstruction
22150.904814875244,-1.4953081222348494,-1.4775983307768903,8.92593720597293,obstruction
22155.866880498084,-1.3178006912593931,-1.3273928816191207,8.05311784180322,obstruction
22160.888319486774,1.1146410134746376,0.8173997158237027,10.194527821913834,obstruction
22165.852027154153,0.4800117739738614,1.0352297968970312,11.1103003814569,obstruction
22170.868250013493,1.3390898514601588,0.16413371148785827,11.084089902123532,obstruction
22175.821120522072,0.9213631963912241,0.39466251714088785,9.695623978521917,obstruction
22180.78436555883,-0.8248066125315251,-0.9780803065155792,8.636055639604361,obstruction
22185.797094677488,-1.36337590418921,-0.9021340051722506,8.680151779527396,obstruction
22190.679179239873,0.3571450009128805,-1.1344638732765198,9.358017586194173,obstruction
22195.58201139394,0.6498235469624474,1.6935058868530344,10.60028082106216,obstruction
22200.570196407447,0.3604665540821228,0.5492245403562117,11.25674877433626,obstruction
22205.523664103555,0.42400091674344925,1.0223653434043627,10.292727149832253,obstruction
22210.487347716185,-0.26434314398889536,-0.1620116428809494,9.335268940679322,obstruction
22215.500934973883,-0.5875609106834268,-1.439273026726846,8.169812973665602,obstruction
22220.435708441975,-0.6189222021354461,-1.5635948826880033,8.690079061922214,obstruction
22225.39743795987,0.2571810569212297,-1.517664189164972,9.272638573281014,obstruction
22230.432661171,0.6558658463468203,1.5806698199630063,10.896931364694572,obstruction
22235.499447664744,2.150740517257584,1.9079026522260871,11.715332681662149,obstruction
22240.497890971143,0.24555375856231615,0.9926250672999395,9.805199541831584,obstruction
22245.51736712894,-0.6172392044944653,-1.2046323076281027,8.3176310958115,obstruction
22250.490391340125,-2.6735527416176783,-1.1820737979440092,8.15271108915389,obstruction
22255.55275738946,-0.2523765187748011,-0.7473886386068535,9.62437373822663,obstruction
22260.553220528163,1.001158124221498,0.7343594498784999,10.276773505004535,obstruction
22265.515517355696,1.1674824791396425,0.5715954540557752,11.20846267751478,obstruction
22270.40127841553,0.6892593548468982,0.6723094333345102,11.290058339234786,obstruction
22275.41283386406,-0.5531988016238578,-0.7521351057655955,9.866201910889671,obstruction
22280.33900070796,-0.887217741213405,-2.2892834499563985,8.65064663199832,obstruction
22285.352896305758,-1.8633226555698,-1.4245404036999396,7.826809923722348,obstruction
22290.340954034324,-0.19301201287147032,-0.46273537187583424,9.321489043436767,obstruction
22295.423747994413,1.4980964221934157,0.03392656007368322,10.626364881309375,obstruction
22300.4957512858,0.8050517189944272,1.8903532411668604,12.314396016202526,obstruction
22305.47199465716,1.4237657705599978,0.7274200851441882,10.22339151028758,obstruction
22310.4567849052,1.3111984450961436,-0.036416779814827605,9.43076130824143,obstruction
22315.396235328517,-0.7163392145720506,-1.6389501084356324,8.178349929805494,obstruction
22320.29625601271,-0.22613612078589074,-0.34540619616324353,7.872529201922854,obstruction
22325.32370254161,0.044255645492882245,-1.078391722032031,8.992420367274049,obstruction
22330.305847005602,0.3444836191869876,0.9590485616032254,10.026712979541514,obstruction
22335.175797228014,0.22351797562028708,0.7861451379167756,10.684314775390089,obstruction
22340.101837595583,0.5374696156361254,-0.7542590307215952,11.963902059290678,obstruction
22345.071911603252,4.067295251282882,4.028810327384727,13.681448296341719,obstruction
22350.018153935915,-1.303345744734155,-1.0327988014206568,8.962458097196087,obstruction
22354.971494236477,-0.6263450217694387,-2.806103594663269,9.071179818502802,obstruction
22359.988960275903,-0.31397039949795796,0.41393916664195907,9.881738935709143,obstruction
22365.064102777767,1.5730343704770737,1.11794456674576,10.294604162241145,obstruction
22370.142653434792,1.8279545236794164,0.919574492764332,10.8548941251637,obstruction
22375.170218228635,0.3368196040993246,0.6811690623455238,10.955916617417772,obstruction
22380.166122256884,-1.8567683938238466,-1.2536984825841193,8.206148092078019,obstruction
22385.149977488603,-1.4702906363424355,-1.2430659735531218,7.510559132389132,obstruction
22390.124969725937,0.0340365602932462,-1.090583139214815,9.231012022333289,obstruction
22395.210290510695,1.0051218707413325,1.2645244186254376,10.044170915533627,obstruction
22400.217889637493,0.8215234505335753,1.5209569370343405,11.816733170587097,obstruction
22405.192426431193,0.48446594830449025,1.0751595635604292,11.886333921374483,obstruction
22410.198678371253,-0.2641611122325339,0.31577807928502344,9.975720117273537,obstruction
22415.2008036856,-1.0752208729040775,-1.5643703031194167,8.946115932296745,obstruction
22420.24304708665,-1.4197058796037532,-1.29840160730222,8.523465321733084,obstruction
22425.158791292957,-0.010020943792253378,0.1386181775311362,9.024737606523145,obstruction
22430.094701317033,-0.4701349430081152,1.0558662049806564,10.666283912273524,obstruction
22435.04760430684,2.341462641429142,0.3566862714581812,12.357208146209565,obstruction
22440.131633526064,0.04355020576218682,0.1228977996104692,10.815315512079446,obstruction
22445.074432582325,0.28060415578095776,-0.3950344807907631,9.322839755997029,obstruction
22450.016657506192,-1.5242361253860564,-0.5222392040574816,8.59390126680495,obstruction
22455.06333013674,-1.3865761899306928,0.24876452042209118,8.396446302581088,obstruction
22460.066244739457,-0.6157265215038489,0.5934829569063491,10.092242523962694,obstruction
22464.99338424771,0.5076365993959037,1.5864215073928367,11.428204622166506,obstruction
22470.020072896154,0.10333038264149641,1.0224858997716095,10.942232946591531,obstruction
22475.02054559305,0.7577873672813009,0.3869438164186759,10.610315882474643,obstruction
22479.95036625012,0.05403320306870263,0.1350432104683732,9.268027533498122,obstruction
22484.93169673708,-0.9921552773226601,-1.0376788272889972,8.459432587555206,obstruction
22489.947247938508,-0.9874201899417767,-0.6345647852743279,9.511567863963469,obstruction
22494.91393556882,-0.27650070055685794,-0.8237003896348123,9.498174509506,obstruction
22499.914037269304,1.0591238211359433,1.1682817935152754,10.95906951528239,obstruction
22504.91394255539,1.1176434774087525,1.2545505607908165,11.822403262856682,obstruction
22509.946339203285,-0.5970712167413936,-0.5519904977455601,10.260701846207672,obstruction
22514.925084660917,-1.02663141768492,-1.7560623440624972,8.899835269174465,obstruction
22519.90139959239,-0.984171541988866,-1.5305736805707209,6.948189316719585,obstruction
22524.86548695502,-0.9252212823654794,-0.32778322430268375,9.435005712375235,obstruction
22529.85141957994,0.6903472803954669,1.5062474966825024,9.979612630313804,obstruction
22534.829790040647,2.5416672398429347,0.26164216438210297,11.273652741467037,obstruction
22539.756067796654,1.0843495896634114,0.6221992819295425,12.12113954089902,obstruction
22544.707042424416,-0.3776385871077661,0.09863813185133957,10.189291116253548,obstruction
22549.728438529048,-0.7788310361259019,-1.4185392648814916,9.120351614872165,obstruction
22554.695165171303,-1.1507887957860632,-1.0441685419944198,8.34868191044333,obstruction
22559.74753920924,0.10968328246261097,0.30243592955705745,10.364922312280605,obstruction
22564.747920176454,-0.05441411468839075,1.8551172114515082,11.55312051710358,obstruction
22569.645448210693,0.2921866420231396,0.6567880319830439,11.345487912379735,obstruction
22574.63021047741,-0.12965663173995456,0.9160978097720706,9.92579970555025,obstruction
22579.614825735374,-0.7588955231513688,-0.005061270747244273,8.706418441046948,obstruction
22584.573094892214,-1.2386102218386512,-0.9588415568886242,8.413672509217026,obstruction
22589.589628305388,0.021358167716094667,-0.2525646641694339,9.050372533310506,obstruction
22594.583323718987,-0.38968518841475347,0.20072465053232297,10.152063238229823,obstruction
22599.581689386738,0.6848590365447088,0.5828751648983354,10.3733144224317,obstruction
22604.489723728453,1.152726424528568,0.7912134622860174,10.29975020952034,obstruction
22609.478105257607,-0.20511932578272762,-0.757194846667707,10.131376246678908,obstruction
22614.43468331439,-0.9152509166326255,-1.0676568446127903,8.45959281673464,obstruction
22619.423211073758,-1.6121458575824597,-1.2426820371739613,7.415172464731549,obstruction
22624.42715329267,-0.04092814485507129,-0.16215239877701423,9.87310210197045,obstruction
22629.393603025906,0.3110509493874334,0.09356079092190994,10.989422570686166,obstruction
22634.28121658784,1.5856104293532924,1.9155924474878243,11.26381739808851,obstruction
22639.280566015586,0.5411460128879857,0.4428049843572871,11.326379226701924,obstruction
22644.275649022846,-0.6632398057434303,-0.6486131859286306,8.599210480113626,obstruction
22649.292381874056,-1.7812359358408196,-1.3492642371051164,9.162869648512553,obstruction
22654.34463181599,-0.35390186804074275,-0.6303192546624101,8.838986902599268,obstruction
22659.34819713283,1.7626616405328963,0.5033271723516399,10.128364029802716,obstruction
22664.34740356598,0.6074769019485597,0.3111478509150679,10.287279669043295,obstruction
22669.265043872096,2.0112048015171196,1.7548727685662673,11.395220429010433,obstruction
22674.161686701886,0.0789892870972202,-0.4333865202786699,11.120559886542406,obstruction
22679.170211531273,-0.865288619604538,-1.0059721688267051,8.699811919961657,obstruction
22684.132730268422,-1.5229684099481682,-0.583870884969017,9.229054246092435,obstruction
22689.11822627107,-0.3920191305080172,-1.19600380341743,9.341880514957328,obstruction
22694.172965905338,0.835496481953486,-0.3243129709873245,10.340292062658598,obstruction
22699.115642307806,1.0669954215421786,1.375737721367953,11.306347965227227,obstruction
22704.073230455375,-0.19325206730224975,1.6480441563415944,10.876233702788399,obstruction
22709.208004841323,0.1385555475507894,-0.1957676009000325,9.724306817160032,obstruction
22714.180043997716,-1.20923013190658,-0.8572619042149057,8.950975003733932,obstruction
22719.168403209558,-1.6205453658794762,-2.123386806795571,7.524762683293509,obstruction
22724.172930476805,-0.46458930012490424,-0.11596594164834712,9.257786162809548,obstruction
22729.212750361286,0.9785927453702923,1.2040287762095625,10.93575286388671,obstruction
22734.299808007097,1.4531295933118358,1.6803977404277468,12.295002965537652,obstruction
22739.3211261031,-0.8676241397350367,0.396466035843558,11.358569006620918,obstruction
22744.344278555523,-0.4384358032390567,-0.7689065496686651,10.197393488600436,obstruction
22749.31224245156,-1.1520913477473174,-1.4652567851455762,8.679374375405247,obstruction
22754.40424971646,-0.1626874875535057,-1.9347446600836324,7.82795303505536,obstruction
22759.42478333833,0.3095249943427438,-0.38027531388232794,9.471809094306362,obstruction
22764.350520661093,-0.15659854495721381,0.8045451763610145,10.998037216583944,obstruction
22769.301225540486,0.35035366067400187,1.1974906861846537,11.122864378927607,obstruction
22774.326525026096,0.9047796949906257,1.485566434187799,10.739108025368303,obstruction
22779.258281760645,0.9306539714029219,-0.8238159436250112,8.778925277065346,obstruction
22784.27405431046,-2.2138991068434306,-0.7076981947297156,8.090085349891691,obstruction
22789.24181820436,-0.4438810529525754,-1.0627721613928107,8.247339649576237,obstruction
22794.2754734759,0.33151247279379925,0.6556462022874932,9.8516569865538,obstruction
22799.182596864313,0.4777946334155809,1.7041388976862224,11.686971466418258,obstruction
22804.23146217234,1.528088612405747,0.6585793528397774,11.507286273899634,obstruction
22809.25737118614,0.8781721078433253,0.14296440809317862,10.528398955305684,obstruction
22814.27982603873,-0.8447714587096035,-0.986543405947556,9.055802159159333,obstruction
22819.353980437285,-0.17101319536082848,-0.33857520044044087,7.676085982650255,obstruction
22824.290360888204,-0.012940451606030995,-0.24956065075206268,10.085474545423047,obstruction
22829.280931523677,0.8609151333397107,0.649455583959894,10.865408360449333,obstruction
22834.279633203958,1.329565169207065,1.4202370865189275,10.721669006489146,obstruction
22839.22733734771,0.47299620827941,1.3994397537896126,10.502852064877676,obstruction
22844.266504421044,0.13286090496393316,0.0624041228978961,9.385257403864328,obstruction
22849.229262557266,-1.2173825906429983,-1.0173304263855176,7.494964761241032,obstruction
22854.30504897957,-1.5119812409003746,-2.2482642292276247,8.089037059880695,obstruction
22859.245766189284,0.8343470816141707,-0.5155374276661351,9.816139017002858,obstruction
22864.208963187753,0.7354120643593518,1.5392444535814684,11.82412639729212,obstruction
22869.21210914834,0.8147544672962407,1.2156534466226332,11.503966050724234,obstruction
22874.18126117479,0.17690001531157246,1.1214016339622428,10.589247798636912,obstruction
22879.26150920266,-0.8163184978271215,0.05263273051130524,8.820007319241741,obstruction
22884.30969736578,-2.1126260666250856,-0.9208035672851762,7.933854819807203,obstruction
22889.283008063925,-0.6713036465174271,-0.9462259608968489,10.103161669096078,obstruction
22894.315015483073,0.5909913774665012,-0.0980733076014016,10.625847873976964,obstruction
22899.321881797143,0.9528550088770364,1.0185699293010133,11.067941745120208,obstruction
22904.32611627754,0.11694376004212825,1.4486357983694491,9.865556764409849,obstruction
22909.37561701313,0.09727466147837449,-0.2803294017386588,9.966383749490161,obstruction
22914.298750804155,-0.48825569669092195,-0.03194821351234989,8.373479141018583,obstruction
22919.210644370272,-1.8930239747176885,-0.4129037627442782,8.988745869751224,obstruction
22924.128897498245,0.527710574982048,1.0265358622658718,9.003092670770638,obstruction
22929.10150012256,0.48725132459075415,-0.15196231982435704,10.999214477709133,obstruction
22934.082464466508,2.029875828164534,0.666479953876695,11.23350512625399,obstruction
22939.05409548575,1.3856410042762906,-0.19782117593265902,9.683563797663284,obstruction
22944.06896281829,-0.17888823319983338,-1.4090219796649355,9.09781418570832,obstruction
22949.113511335738,-1.0372159215084715,-0.990420941566952,8.681207295701526,obstruction
22954.091281955854,-0.730628078930219,0.12884488032375097,9.9697741692067,obstruction
22959.07480485672,-0.12990235501151604,-0.8839850232651496,9.64652468560763,obstruction
22964.106689259734,1.75049677077683,0.9693930514757114,10.088755686514098,obstruction
22969.109955488602,0.029057358955270285,0.14115496623331492,11.271148199833418,obstruction
22974.12005778493,0.015312387544306916,-0.15219315797482416,10.179212490016868,obstruction
22979.120360140492,-0.8919433298369712,-0.666146338135657,8.484386230089271,obstruction
22984.083356502222,-1.3508609790493116,-1.2063702754617927,8.252643908532038,obstruction
22989.115758511045,-0.058436060469005235,-0.5270443389564288,9.56329250252998,obstruction
22994.112615991413,1.1975446447661768,1.4273975640191532,11.091416280995649,obstruction
22999.08646281659,0.07345527186833145,-0.1458389634812982,11.905079134560072,obstruction
23003.96735358307,2.265551969356957,0.3038948495493775,10.787355375702594,obstruction
23008.96290548727,0.35297805140265126,0.6159093529229869,10.000354666345132,obstruction
23013.868933598653,-1.326113381541921,-1.4440004130529915,8.846459904773324,obstruction
23018.904131957286,-0.47209126528466316,-0.9877850895091631,8.14959167360564,obstruction
23023.911510108544,0.1182591242133447,0.3596415469964507,10.011389121913712,obstruction
23028.889625983258,1.5099340742835414,0.16730469674459958,11.03272411275709,obstruction
23033.84741641875,0.21294109075377055,1.3099473048408152,9.990704644067483,obstruction
23038.782835726015,0.5786453590654801,-0.4128301455799037,10.735086106837782,obstruction
23043.885010291822,-0.421543355832544,-0.6981501091364769,8.341262472682498,obstruction
23048.906709155166,-0.3944057726435748,-2.4214902077840614,8.737093688577765,obstruction
23053.88908689991,-1.5961359099608443,-0.9455150361671438,8.555175193939997,obstruction
23058.868015356264,-0.2330228923726323,-0.0189028552691774,9.554898132185972,obstruction
23063.807064607765,1.309310988520075,1.5343951796441537,11.337882960035635,obstruction
23068.881268444817,1.4162140703615096,1.297637486597198,10.943421073118962,obstruction
23073.856704605972,-0.22045457190338485,0.7398179144205461,10.119798236310952,obstruction
23078.963699582357,-0.35662390223645973,-1.2736006523334025,10.112447478359293,obstruction
23083.971414326857,-0.21788133561891665,-3.0829467212127812,8.700601854328474,obstruction
23088.957342349782,-0.9318085572761006,-0.8608093785445021,9.213325281180825,obstruction
23093.898305079638,-0.020699309842298508,-0.007739990633520932,10.273202118581755,obstruction
23098.884936737424,1.330179583737788,1.009061587167254,11.343196837471364,obstruction
23103.86388376137,1.7821568541530106,0.6831286584374894,10.710317110703725,obstruction
23108.915129932408,-0.5127172985246317,-0.4085285830966713,8.622102249993882,obstruction
23113.888347653105,-1.5378278521404725,-0.6209503555503052,8.32844929086969,obstruction
23118.84475327515,-0.9931298490478944,-0.576596147377068,8.09632775984185,obstruction
23123.878925161738,-0.9379792136647038,0.46463570463875153,9.138083599087963,obstruction
23128.87970166861,0.7471306148466919,0.760914975829794,11.317196511694258,obstruction
23133.834508195378,1.995368171737037,1.21822740666936,11.014981597872252,obstruction
23138.815022675586,0.6368507892911712,0.8767140280602385,10.70485918352167,obstruction
23143.832722169464,-0.9344668633984738,0.04752628503816125,9.321275862928317,obstruction
23148.878695519383,-1.8887858127035413,-0.9250856104330163,8.254154939377626,obstruction
23153.887182873874,-0.17005817270665824,-0.9143905926112482,9.778610353486735,obstruction
23158.854553560785,0.36907897651433824,-0.6094067242214537,9.85131676949878,obstruction
23163.88359712931,1.2959222631956686,1.850279062349843,11.10911508166705,obstruction
23168.882064331872,0.8710252242517942,0.8717848955112557,10.559339435578604,obstruction
23173.966076938075,0.2079938822313557,-0.9338481975826033,9.884645819263422,obstruction
23178.97602827341,-1.9893872028262307,-0.8106188227607017,8.470892570007633,obstruction
23183.955879551148,-0.9607348052529148,-1.271099652570815,8.276695330476237,obstruction
23189.004141089463,-0.5676407789100717,-0.6391006498483442,9.26393921773476,obstruction
23193.99850040136,0.5268894368583351,1.3048136863116238,10.103928517192477,obstruction
23199.00105889345,1.0677070488664182,1.406253409603335,11.548261414224234,obstruction
23203.964015246722,0.6758379086684821,0.7400404599175081,10.828814469440152,obstruction
23208.958413401346,-0.7154825526121071,-0.699928595675833,9.92683810530875,obstruction
23214.05335471867,-1.5585720976686797,-1.1389118206930533,8.691662990800017,obstruction
23219.046191985264,-0.7655011814159649,-0.8844116288979521,7.749648525697616,obstruction
23224.04708208143,0.10502435895439444,0.1914195892318314,8.978060908140224,obstruction
23229.08213018652,0.9142345260229418,1.7434013449996542,10.780757665171913,obstruction
23234.06575728652,0.5099129360783937,1.9503267608000516,11.355411679787636,obstruction
23239.03545821173,0.022821513235880775,0.2846573116691045,10.924480939083004,obstruction
23243.99420846783,-1.103802898269247,0.6560687146811133,9.016433228835062,obstruction
23249.05687090101,0.19474468201187278,-1.7314303593937872,7.486720446159479,obstruction
23254.094480501903,-0.36322938756236767,0.09912267522985219,8.35994176029911,obstruction
23259.088373205293,0.06635976639589196,0.609411480225519,9.834631147841112,obstruction
23264.023545828648,0.9121399560817837,0.43002694862615753,11.006054374553738,obstruction
23269.142263820315,1.081433060498453,1.4536278688187931,10.645248943445688,obstruction
23274.11300578166,0.47492501779636154,0.44058667316945854,9.423162295632565,obstruction
23279.08662988233,-1.4837045103150213,-0.025047346908233736,9.818913574652598,obstruction
23284.104036687662,-0.9576834310850741,-1.5184549416315445,8.62477107197559,obstruction
23289.05864077112,-0.5576201052491676,-0.9943900576588636,9.51278707876959,obstruction
23293.941237941173,1.226966578853746,-0.08050815010356288,10.43601007951655,obstruction
23298.89468059843,1.6111645248995194,0.4891197688532597,10.326193742641436,obstruction
23303.925811468933,0.88581920529362,0.009453728211607393,11.600967974227306,obstruction
23308.96084853819,0.16284319216194718,0.42275340328046285,9.745790552932558,obstruction
23313.83295234589,-0.8855140009002554,-0.3206014083577279,10.23625601595428,obstruction
23318.7851092184,-0.6476659263290743,-1.2844073755826877,8.747575172094944,obstruction
23323.850576311095,0.6302440453379141,1.1358796455068025,9.37813397532452,obstruction
23328.81491437738,0.5370597884118616,1.1805794702341577,10.633584223947505,obstruction
23333.8304920828,1.3143644039573592,1.049632350525901,11.903724546133223,obstruction
23338.790883787926,1.574067049090203,2.2877407698503918,11.082221636895191,obstruction
23343.725575004188,0.37949771920411574,-0.40195817175358406,8.828937229183289,obstruction
23348.738061952194,-0.5284071378916492,-1.2028440461696916,8.328697429342673,obstruction
23353.68243500438,-1.050867431878832,0.17490981472777123,8.808071799091858,obstruction
23358.630404206146,-0.11630718284649429,-0.407321206657293,9.675399063224297,obstruction
23363.7575980372,1.4209519854819073,1.0311163302670117,11.07106699150821,obstruction
23368.698027306345,0.8543089529625847,1.6905771373830865,11.592601462554272,obstruction
23373.766076159387,-0.8078924127942079,0.7309299039410617,10.704760594335644,obstruction
23378.67876914466,-1.0119370341807974,-0.6655239984518586,8.999113450703781,obstruction
23383.72067360882,-2.425531365361262,-1.8740423271313966,7.875045945441714,obstruction
23388.769173078123,0.35220846734114175,-1.4494086920576525,9.256453583073382,obstruction
23393.769555658775,1.8204025625429567,0.24232904124615318,10.440488206662534,obstruction
23398.782887246234,0.5485253355234795,0.43192190416214804,11.726468199418754,obstruction
23403.748624370695,0.3118431611994984,1.787792978601581,10.81573654036303,obstruction
23408.752037352217,0.3493769977831239,0.06135952733723063,9.501403650782342,obstruction
23413.815247881626,-1.1817755660722924,-0.4927928014117491,8.911293802377324,obstruction
23418.77626055912,-1.9309855731471335,-0.779185191451099,8.491829912137634,obstruction
23423.730143380504,0.3033919437783623,0.49177830466884676,9.050254434251515,obstruction
23428.77522642095,1.6728088874966054,1.1638727939041336,11.523025446120437,obstruction
23433.72750181692,0.8781657651642945,1.1014182049353947,11.269182282521914,obstruction
23438.753655258894,0.9399596881136143,0.4712794898206742,9.561341520358017,obstruction
23443.770606416943,-0.20023604088542252,-0.4983504433114291,8.55943624173621,obstruction
23448.80862849014,-1.3449940232156956,-1.2523226638753644,8.711759121882679,obstruction
23453.75843876514,-1.655026228906181,-1.7775210100759273,8.555668688088748,obstruction
23458.686341800218,0.18312604058439247,0.482674544296651,10.110561642531103,obstruction
23463.74402883574,1.547114977801289,0.7975111906517646,10.35595567423472,obstruction
23468.717608084415,1.3722257152316941,0.20300267500190194,11.278127319812238,obstruction
23473.6935548705,0.3238255292621702,0.8518928818560785,10.758515604973287,obstruction
23478.74401345397,0.0006445424569211378,-0.06765319840138673,8.445561808268243,obstruction
23483.80646352567,3.1725230014791683,2.7042123360395736,13.128256283926264,obstruction
23488.88223576927,0.03139567269135091,-1.2810650409318718,9.700266293440425,obstruction
23493.94948550619,0.49968340827164337,0.6639918084000378,10.307963609575312,obstruction
23498.885091631873,0.9016961302480169,0.8934615015391125,11.473399931612425,obstruction
23503.96584187861,1.2419544465787717,1.7609748708752675,10.696492431146476,obstruction
23509.032073678605,-0.8844089037492849,0.9364738542511738,9.940041255291122,obstruction
23514.06348184712,-0.548488761768358,0.26991678959622245,9.091903021205644,obstruction
23519.05196621872,-1.1331363001555812,-0.8804085175873625,9.484447388147332,obstruction
23524.092645729816,0.16359775647393632,-0.9197062961186175,10.13995326907374,obstruction
23529.082901577734,0.521076708655021,0.87350840503016,10.177101375815752,obstruction
23534.14875493331,1.2465696732894291,1.6769517488254255,11.708104032673322,obstruction
23539.18559856374,0.5014588968963122,1.7076403022977762,10.404733338914182,obstruction
23544.19402353893,-1.0790660466792925,-1.1620653126360097,8.937126452329037,obstruction
23549.20921209329,0.048729918802567385,-0.5568804624933118,7.991009928175206,obstruction
23554.117149578742,-0.8079771121192253,-2.202170106668256,8.429458760867842,obstruction
23559.135734916068,-3.512272787066641,-4.143418197334715,5.5417229496558535,obstruction
23564.151776068175,1.3357502059589326,1.7226540578601903,11.66779878863904,obstruction
23569.08035898092,1.3476123249832757,0.45208439010671453,10.466033020447082,obstruction
23574.07596466387,0.2767458471645672,0.461227796976471,9.25674143552737,obstruction
23578.918484728045,-0.8328182306201698,-1.8029283619029695,7.614461467500228,obstruction
23584.004199880368,-0.07996996023669767,-0.10892755810810262,8.294380824233349,obstruction
23588.98042188478,0.6041732171767995,-0.37779167717411216,10.156121407319931,obstruction
23593.96151014806,0.17820920169429344,0.6759261601733799,10.48919833136639,obstruction
23598.971802289612,1.4139441851555388,1.1368400656167519,11.346090136381576,obstruction
23603.937330681198,0.3313564934043846,-0.3054002162032764,10.042056978362702,obstruction
23608.954757966403,0.4367070079774652,-0.2586752177426848,9.600703176597436,obstruction
23613.903094689274,-1.6741305853423916,-1.192749083762731,8.235780637884988,obstruction
23618.8511719602,-1.4846481496465407,-1.354585239116119,8.572431543098963,obstruction
23623.946388475884,-0.060210569067749624,0.1462502959403877,9.726658478944719,obstruction
23628.885489663775,1.030323150628545,1.0648187077789784,10.382611245879108,obstruction
23633.88702243974,0.9036530975397248,1.2124566543093984,11.823153851459567,obstruction
23638.94623027883,0.2703707673562902,0.48799125700811413,9.75647847740703,obstruction
23643.943545412556,-2.053491747233647,-0.8455015823903567,8.209396195535215,obstruction
23648.9133639666,-0.27438280320841346,-0.5964775013120508,7.879480139905488,obstruction
23653.942910095364,-1.9066584196713094,-0.6066510698882767,8.673846204136687,obstruction
23658.88175679365,0.5279762267875053,1.6130508332609261,9.956854665225958,obstruction
23663.854019481274,1.0217403535028575,0.4774207674080686,11.467659515909455,obstruction
23668.897531190923,0.865209569899466,-0.253094291635898,11.168301650876149,obstruction
23673.846906851068,0.9828785796573708,0.1632406872215031,9.757928973396409,obstruction
23678.768633464155,-0.4468882745341386,-1.1435790593296242,8.630198747576518,obstruction
23683.715197701888,-1.8468566666885309,-1.6837487643088307,8.455425154719363,obstruction
23688.706574175514,-0.3624920035329285,-0.13428116518047667,9.76825771545801,obstruction
23693.62715048897,0.3117762265007198,0.8844224410223951,10.086962260255765,obstruction
23698.57746601081,-3.609937656078729,-3.1573259642087423,7.453629029467644,obstruction
23703.6265913053,0.13476318350797845,1.5136107314990341,12.088261411875926,obstruction
23708.62066681789,0.6326945808851159,0.04854975345051196,10.599015219357458,obstruction
23713.68624720631,-1.120151138277534,-1.7784693216795449,8.687827520945277,obstruction
23718.685389247326,-1.8700252589771413,-0.8031764478074737,8.7018116159987,obstruction
23723.74424326362,0.6735171988781007,0.03011761644290912,9.171939303854083,obstruction
23728.642687017236,0.6557501277971527,0.41143940414463975,11.554687954888045,obstruction
23733.599612402973,-0.16565423829406778,1.7174311212156155,10.575481368688362,obstruction
23738.608544531326,1.2073085289204188,0.7432865902962318,10.120745110937486,obstruction
23743.569393008733,-1.25704452408431,-0.9797761183055147,9.052987244027205,obstruction
23748.554688378514,-0.9929313335516007,-1.8819419334588523,8.637999259845685,obstruction
23753.53110845479,-0.7056569853388238,-0.44526165505585535,9.69770129213726,obstruction
23758.436302450027,0.2047480273716889,0.3003225379178216,10.284544070325675,obstruction
23763.478785565418,0.9497648995166287,1.2375730276914378,11.285692356604224,obstruction
23768.46706447066,0.6437681351825789,0.7270046125276445,10.324296382822796,obstruction
23773.36861468998,-0.18631239501856714,-0.2260262474115391,9.4183286978144,obstruction
23778.420035937623,0.3667954320723499,-2.1168033918220077,8.343876973143267,obstruction
23783.384535768866,-0.23971193042885552,-1.4547274864094897,8.61070375547714,obstruction
23788.280521618257,-0.7643013582754331,-0.6479191030902609,9.107217615792214,obstruction
23793.305639193895,1.7022915177205276,0.7814468146047472,10.916423871965057,obstruction
23798.21969907459,0.24544335042058985,0.5075264985061384,11.630513008724844,obstruction
23803.128857563574,0.7133194918893864,0.8621214046200287,11.34831556258024,obstruction
23808.130594260238,-0.9498401376624207,-0.23637900158643038,9.437052321232919,obstruction
23813.150787083923,-2.1407682137561417,-0.3881151474708906,8.21235040379703,obstruction
23818.142769928047,-0.43462995926570447,-0.6482693640954647,9.483118719940638,obstruction
23823.024523122698,0.31199343928394335,0.3574606590539781,9.841858373862436,obstruction
23828.022746222614,0.6169861500407885,0.7854573411898618,10.467522488631158,obstruction
23832.94966196974,1.7608138593365168,0.6671184283536473,10.308587873653709,obstruction
23837.992988490492,-0.5447552956096828,0.49390587440887,10.5865582339508,obstruction
23842.962771605064,-0.3515109646738964,-2.10649749304414,8.814714141512937,obstruction
23847.945211038656,-1.2772797390354158,0.022319151931230463,8.926555308681966,obstruction
23852.88791240513,-0.5594163680167517,-1.1796020434817487,7.719576464888123,obstruction
23857.920744697603,0.7263561830810941,0.9472767028220257,10.432819115810435,obstruction
23862.931255870673,2.0396128360412664,1.1680700766112861,12.136331332535692,obstruction
23867.885278879534,1.6336653848627134,0.2602158236938117,11.251844076574338,obstruction
23872.92134640381,-0.4089889527484504,-0.6855095400111721,9.916922541832653,obstruction
23877.98724703251,-1.2707733245641208,0.21116172858080984,8.345846992203342,obstruction
23883.065459342644,-0.7760775229640466,-0.9563172717206847,9.670060341119708,obstruction
23888.051338509376,-0.44164967438510533,-0.0030289214359999206,9.441150270341215,obstruction
23892.987943047927,0.665428714345885,-0.15695938961589118,11.655875004316982,obstruction
23897.89186498592,1.25954077913147,1.343346853954311,10.448540070197387,obstruction
23902.903565124358,1.0661387383160834,1.2541118013205632,11.401012608382526,obstruction
23907.923775025272,-1.2686594621846947,-0.10374246857949604,9.436854204824003,obstruction
23912.913773437333,-1.4563022177207934,-0.4515122489457284,8.67940414348569,obstruction
23917.841738225157,-1.9914376105006464,-0.5981465221760291,8.72475046005943,obstruction
23922.872904606644,-1.1042394843216774,0.4833092858758868,9.711062558916732,obstruction
23927.980078581113,1.1613445736446992,0.31892960899395495,10.55916378564406,obstruction
23932.982542548954,0.8310910798830557,0.8777388023777132,12.094056598607944,obstruction
23937.927624632088,-0.4643232831058184,0.7971612408796893,10.248044763692421,obstruction
23942.956251812408,-1.6175880759078576,-1.0313571244917852,9.349244111727966,obstruction
23947.98722823812,-1.1190612874186492,-1.7732680874009707,8.144252546850678,obstruction
23952.949642479736,-0.1348585014534882,-0.5985154635180291,9.151898949608547,obstruction
23958.03677334805,0.582498425869401,0.34687498442273024,10.17845418958538,obstruction
23962.963201174312,2.117285056270059,1.0956931150597313,10.912856243178316,obstruction
23968.005974764023,0.2781255869155054,1.1753968503154484,10.852786835846752,obstruction
23972.846205635316,-0.5792409654836691,-0.06290264349136211,9.86282610300934,obstruction
23977.86814629176,-1.9880313845141253,-0.8420315702443034,9.683776612905417,obstruction
23982.902672731416,-2.0827726385569507,0.2356215291169952,8.011793033743169,obstruction
23987.84158898486,-0.2172299547636103,-0.05496156741339295,9.08764091458138,obstruction
23992.770323899487,0.11978542621192667,1.4039545625458445,11.434694710422418,obstruction
23997.725890672682,0.23051072152043373,0.5714867146106973,11.719993928659902,obstruction
24002.672868948564,-0.17741765173178203,1.1467642654003578,10.68244782524436,obstruction
24007.62689509187,-0.8260951176837759,-0.898912393471537,8.659128031690715,obstruction
24012.604874867382,-1.0371442963719308,-0.8996026666870154,8.680827040858286,obstruction
24017.65062064243,-0.757196238348996,-0.8217053930777111,8.960823766473467,obstruction
24022.589367890607,0.8861399291184769,1.1790515539232564,10.446082846375694,obstruction
24027.661890163112,-0.10894324877428896,1.2208833215420298,10.517127913984275,obstruction
24032.6293912829,1.9014380432416491,0.7183767420390179,11.45434706507519,obstruction
24037.615269925027,-0.3539143881292974,-0.19810568104288878,9.615519380454307,obstruction
24042.71717205214,-0.9492578677713808,-1.1990359045312307,8.219568037972397,obstruction
24047.71984656305,-1.3354539119369009,-1.5559327866124106,8.50278888288036,obstruction
24052.71598723152,-0.3630945959422255,-0.5200582411754968,9.688641618249099,obstruction
24057.720050177635,1.5208975673342195,0.36022706398725207,10.977490569413506,obstruction
24062.671448708774,0.22160848532258326,1.3595264207159983,11.11701534850343,obstruction
24067.728338752466,0.8246869826502562,1.501693429075372,10.540295966331216,obstruction
24072.731453408695,-0.31393025428947396,-0.4017871402708319,10.006900860274126,obstruction
24077.676210155296,-1.7456841570964479,-0.9875060908002706,8.292143116213714,obstruction
24082.631248946145,-2.420465020709908,-0.859440762280905,9.407141977205619,obstruction
24087.50794012982,-0.4649857494983742,-0.33140837014509383,9.434031487631701,obstruction
24092.481348384572,2.016788809725699,1.062326107976986,10.9660926657707,obstruction
24097.519017920607,0.9901981092372805,1.1141266613867773,11.02448542566863,obstruction
24102.577051060416,0.5998665081446135,1.1987468157745564,9.583870635870511,obstruction
24107.53980212338,-1.1065032201711569,-0.13358903442942593,9.21074344858076,obstruction
24112.456015884996,-2.041868910496345,-1.286914264998137,7.645614939943513,obstruction
24117.347375433757,-0.42092262050126206,0.4069400597280439,7.760453783620914,obstruction
24122.364151153535,-0.18042609334262572,1.0596275078355522,10.825201854397543,obstruction
24127.381639101182,1.6931293916727697,1.2713969554027598,10.899994311771172,obstruction
24132.41994313307,0.7420407717995023,-0.9985391461617745,11.665845309262007,obstruction
24137.359448610987,-0.9972533934169703,-0.27112891100367453,8.676743100563465,obstruction
24142.341487409954,-0.42170680414364514,-1.094817219794616,8.98045883969502,obstruction
24147.346578846325,-0.9122966573128286,-0.33021769477414964,8.59331555841751,obstruction
24152.40999473652,-1.0169275687458745,0.6409659969938035,10.62655255378892,obstruction
24157.312937468796,0.7324245528012004,0.9562562969402099,11.70987258846301,obstruction
24162.274557953064,0.9297806145307743,1.6350588839985762,11.139047288784049,obstruction
24167.22075605797,0.6620122572943437,0.30642708429610366,11.117921997340426,obstruction
24172.301639510686,-1.678975271562011,-1.0779710074313018,8.521655833742328,obstruction
24177.293158541746,-1.3831926034395492,-0.8545242266183417,9.129524790287965,obstruction
24182.43383295025,-0.4376814441895891,-0.3908126086685892,9.021076692638717,obstruction
24187.45968303165,0.540032821021144,0.17007107761556162,10.745134041502306,obstruction
24192.433917247323,0.2539944930110216,1.2678596078894437,10.399225676524022,obstruction
24197.401447288106,-0.5487235196958192,1.2026122508169816,11.39048520360074,obstruction
24202.459450078255,0.8553722564320462,-0.8927361437077403,8.934407079697786,obstruction
24207.507875482388,-1.6370130972842407,-1.1194936383605882,8.985995285614665,obstruction
24212.5547992465,-0.522449929901347,-1.0797234032785854,7.2662928597697745,obstruction
24217.57213254628,-1.3909904907730906,-0.15496553201898944,9.6648330186657,obstruction
24222.545651817996,-0.44692970072129234,-0.6075038754560816,10.610350669762223,obstruction
24227.52424550517,1.2813998856300968,1.1446613072134755,11.425933784938211,obstruction
24232.510129229744,1.0851461832086557,0.7784172835490303,10.425610249135133,obstruction
24237.46307070307,0.7627636536025046,1.1394876549574728,8.90188180437682,obstruction
24242.421489545653,-0.8437133463533766,-0.8674114384960072,8.460367393589246,obstruction
24247.451692100687,-1.140892202594029,-1.2135380110619547,9.055093439820217,obstruction
24252.470364978577,-2.052539449520015,-0.4473240355377876,8.677984802173254,obstruction
24257.418819112103,1.4740359444132547,0.05585416051380265,9.864028441181304,obstruction
24262.411418634103,1.2173186851994637,1.7983494992412634,11.289328051241123,obstruction
24267.39703357074,1.0974074324449627,0.5558224310966325,10.271927450059454,obstruction
24272.390511732992,-0.7585591939940346,-0.4170266278461072,10.227753139598834,obstruction
24277.30877699716,-1.6687021817486192,-1.5333096666006507,8.417239997410924,obstruction
24282.275481324363,-0.3956883634977416,-0.46755798966073003,8.628054383898316,obstruction
24287.336792811584,-1.020505414061402,1.2581022774416215,9.829055266575484,obstruction
24292.29114360289,1.2494292605843542,0.8969684386157379,10.55302296231746,obstruction
24297.309669544804,0.7457457148074931,1.2395493713402426,10.37987830101592,obstruction
24302.30753191591,-0.05510917476295102,-0.30958065810298885,10.582379218248207,obstruction
24307.3174775843,-0.7287772092075897,-0.07678000177536526,9.049149169546403,obstruction
24312.266082165534,-2.232198477645124,-0.8176472948878422,8.27486489238864,obstruction
24317.304482126114,-0.08450901838991487,-0.3278659419364031,9.030471188351768,obstruction
24322.288285395673,1.7010930482200353,0.385986325439742,10.550378306914212,obstruction
24327.24381234714,0.007384819850808855,1.8580263436076034,11.688084886311646,obstruction
24332.239014737836,0.6517402124246844,-0.042600065021047184,11.378829385991919,obstruction
24337.387492389098,-0.9786040792390267,0.06843342283889364,9.32083112779991,obstruction
24342.451846774966,-1.4260139863672023,-0.3905594451292619,7.793114231221387,obstruction
24347.51320971575,-0.862725667352259,0.026150116020137393,8.033755122230883,obstruction
24352.49015574322,1.2652269112772674,-0.8468241997648629,9.193698230920193,obstruction
24357.490455200626,0.9215451620229735,0.6250984113045848,10.566326093768708,obstruction
24362.496498720608,1.259044083058392,-0.05750895149312685,10.648784016863416,obstruction
24367.440547901304,-0.05254150113300904,0.7402681199864771,11.101427775160214,obstruction
24372.500761785705,0.7160567219604744,-0.9169380115690711,8.596179622952794,obstruction
24377.51706249121,-0.8165199458066439,-1.139076115389377,8.2287394604618,obstruction
24382.5484751547,-0.34425358777612736,-0.40185001799012315,8.841262330840204,obstruction
24387.551776054275,0.48144287003067165,0.8258621658220573,9.886115125021353,obstruction
24392.537007168226,1.4213717604144405,1.4181418517638598,10.473954906979694,obstruction
24397.533837963652,2.110339327396021,1.8310705004461463,12.206007389955037,obstruction
24402.512061678324,0.5124380277724216,0.07579570170195889,9.55187397744511,obstruction
24407.512699371146,-1.5222426034122978,-1.0031289552213496,7.350058874677981,obstruction
24412.432954320822,-1.925085675687836,-1.6915108616734185,8.046763283779692,obstruction
24417.434290916815,0.05555959512896125,-1.0049147099968552,9.734378536114567,obstruction
24422.323259501805,-0.10277259202286049,0.6975317160133311,10.370080497319625,obstruction
24427.304475342135,1.7536280103059987,0.9502789958101654,10.251849577582728,obstruction
24432.313125140794,0.9165596861587485,1.2913810542331445,11.00627454727979,obstruction
24437.25842922766,-0.4466311158329218,-0.11157190348733129,9.24060641630387,obstruction
24442.251644263913,-2.435012387382206,-1.318173528120621,9.43853111213101,obstruction
24447.241083388544,-1.2612139832429035,-1.4602749799294072,8.694703850607391,obstruction
24452.3145254664,0.2671576619577332,0.9621961249436698,10.455336950895756,obstruction
24457.349554338165,0.4905687850365965,0.2675040953299398,11.18259100890354,obstruction
24462.306523389045,2.0340724425481254,2.0416767735154364,11.627021813878116,obstruction
24467.286771836825,-0.07275029870973626,-0.8851450808803314,10.338996747973356,obstruction
24472.26051374851,0.26266798132042724,-1.0491641344440485,7.5003296845283085,obstruction
24477.28469351261,-1.354513653056411,-0.7034407281535717,8.994695288166916,obstruction
24482.274570511418,-0.6677128025586014,-1.4860425379258797,8.193203655051486,obstruction
24487.29793916276,-0.020321882833400806,0.11972284164994973,10.035482359621907,obstruction
24492.302612570722,1.6382823448361419,1.2178169230098534,11.005520315317469,obstruction
24497.341845327486,0.5276791591236285,0.13957423443915862,11.171491809121562,obstruction
24502.376681744416,0.10665776022079906,-1.305148960764739,9.532366105285124,obstruction
24507.342432956255,-0.21540620417449474,-0.7344031739019342,9.625824800092856,obstruction
24512.245828590196,-1.6163412954792866,-1.3966522416371459,8.530981251843503,obstruction
24517.202977083904,0.34461216757587476,-0.3363812961423525,9.746790296345623,obstruction
24522.184247154575,0.5422459620069695,1.2444833178240133,10.649380999418776,obstruction
24527.240718026107,0.7382392179916706,1.6285164583509584,10.76355178238708,obstruction
24532.253895744958,1.296819702828277,0.6693098825441587,10.291821517961948,obstruction
24537.21099772052,-0.8560262168258967,0.09796840122079142,9.352631479804622,obstruction
24542.113010649122,-1.5664102365619703,-0.8275971343632785,8.197608860266506,obstruction
24547.063702509702,-0.01571705714169569,-0.06435124703135375,8.440972508301442,obstruction
24552.06417006448,0.0899453694857821,-0.010292590913696581,10.131627971368085,obstruction
24557.095895533326,-2.508944061988813,-3.4112354148799366,6.785597173741496,obstruction
24562.07051265582,1.4322674382776222,0.884076102149089,11.45931851425661,obstruction
24567.159942666876,-0.6917737008487262,-0.588646718928329,10.52776130645349,obstruction
24572.133182289035,-1.0270344644563043,-1.1902174242229284,8.443824469847709,obstruction
24577.15449531473,-1.5991305797623092,-0.7655261969627359,8.228681097237764,obstruction
24582.08289325966,-0.7668869254329744,-1.3587641853348402,9.194663772349612,obstruction
24587.169143824027,0.6928287218277689,0.18887516364716705,9.613102445821127,obstruction
24592.148152378126,0.6961729617849325,1.4306396213208068,11.380415981378949,obstruction
24597.157435273086,5.066741591608732,6.352658898719707,16.469143888815204,obstruction
24602.155385054582,-0.5785584637853453,-0.4442291119103537,9.959546936832325,obstruction
24607.125596938633,-1.4428872039047893,-0.34878956885060697,8.346221891217407,obstruction
24612.080882098,-2.2003750501390105,-1.0814701147187722,9.015411713276249,obstruction
24617.029243360004,0.20123018979998364,-0.740278222893695,9.72662084202815,obstruction
24622.073135033817,1.2948294676245427,-0.11699692204202106,10.79613418642016,obstruction
24627.059222627326,1.3133355257814077,1.62391848965257,11.327840029847257,obstruction
24632.131371343563,-0.01605745454939722,0.16245201432728884,11.051227127050312,obstruction
24637.122783081446,-0.4760703890762338,0.11383633323778569,8.25651196094997,obstruction
24642.19295602879,-1.1594423163949006,-1.3288329335914446,8.882992710603444,obstruction
24647.218818454145,-2.0544303056545274,-1.3075546667599949,8.964606308445191,obstruction
24652.299431266543,-0.7441612142216703,-1.1979555150905516,9.064925390212181,obstruction
24657.35406592353,1.3327795506393942,1.3120872350615826,11.147119690322274,obstruction
24662.358859648604,0.8714019554383331,0.9962480467327455,11.130811206294972,obstruction
24667.370662828536,1.5923295685145313,0.36722468974932804,9.154280977062866,obstruction
24672.243339671877,-0.10087812949090558,-0.2937150997085481,9.330966679775159,obstruction
24677.26528159727,-1.1310224059698426,-0.9525970674319764,8.250343697917126,obstruction
24682.30923990863,-1.0724142486510875,-0.8495008135483225,8.478024818842803,obstruction
24687.351465101125,0.3298115277087124,0.4903773687841654,10.172737221701722,obstruction
24692.387225753497,1.5363720616321581,1.1728956253820197,10.705868390650785,obstruction
24697.461171416257,0.19615240807604228,0.982790854034181,11.948148911273817,obstruction
24702.502938373877,0.24001009883798402,1.3206566206058925,10.487624237345644,obstruction
24707.595463521346,-1.2128794227118547,-0.6735561981527325,8.514730150794358,obstruction
24712.577984141848,-1.2445379499762796,-1.1968273773989457,9.197713215328847,obstruction
24717.591034316105,-0.37240598572181605,-0.4428811904666908,8.228895687201915,obstruction
24722.666594007394,0.8373756396587779,0.03545632977869806,11.18620771832413,obstruction
24727.64982512866,0.8603429623690391,2.0760299288458635,12.178426955815448,obstruction
24732.63539851388,1.3282463474857453,0.21212958835257778,10.612927089944812,obstruction
24737.656331602135,-0.8242685712337487,-1.4655046834077465,9.024882826981584,obstruction
24742.671350782726,-1.5812956219269434,-1.0664782735229628,8.044858048285349,obstruction
24747.553004361707,-0.5797878948801698,-0.9692854775737629,8.393293502097713,obstruction
24752.550816904837,0.011400272794133859,-0.2619718522349638,10.61693485212783,obstruction
24757.5093007092,0.5770544219786594,0.050711345050618695,11.779751646162655,obstruction
24762.511029757567,1.2034477268213923,1.1716184151951972,10.39153412097319,obstruction
24767.431634606186,-1.1757509636678851,0.3899970991960221,10.549030006343902,obstruction
24772.331494215177,-2.102639786217555,-1.0264292421075054,8.959996210620586,obstruction
24777.312552495423,-1.8049446585025395,-0.8386255794860016,8.794481292911653,obstruction
24782.290135174157,0.10842932808208794,-0.9067333470839916,8.735747173838076,obstruction
24787.268939959562,1.790194477839926,-0.2111556203296001,10.012759548328157,obstruction
24792.278215359755,0.309591999094183,1.227669430711786,11.355349734753238,obstruction
24797.336280953183,2.2154370965783055,1.0214532641955743,11.411379274228498,obstruction
24802.31165798256,-0.880530065951673,-0.3464118154657283,9.30392818424179,obstruction
24807.37998906521,-0.6530091149511784,-0.6904081075395103,8.027155424236867,obstruction
24812.344086365763,-0.6217984542664134,-0.42662440026006593,8.37755813955423,obstruction
24817.36657395336,-0.12139854870262731,0.012309250902724611,9.568892237791665,obstruction
24822.402878890443,1.4843760162859492,0.7278562583819366,11.269311230671565,obstruction
24827.41838311346,2.3983813705865833,1.3725513200524377,12.238245011617643,obstruction
24832.410556232335,1.7174495950915647,0.0005866455097398859,9.996148738694643,obstruction
24837.460233356967,-0.7985097571932159,-1.3522430627772297,9.48012339688509,obstruction
24842.494506313233,-2.4287442469072227,-0.8451611301315909,8.55351739185672,obstruction
24847.517833141104,-1.2039047659856001,-0.1240622109371492,8.717818259146004,obstruction
24852.54383613147,0.8779848271155788,-0.34439578248196584,10.899796366191953,obstruction
24857.580290601774,-0.23841895307508665,1.0104363368964262,11.79661058467919,obstruction
24862.688552547188,0.9226572896298147,1.664536802714379,10.978203530789779,obstruction
24867.72551945784,-0.44201003745089307,0.32384568241473893,9.921092532705583,obstruction
24872.73727780744,-1.0299857295182921,-1.2184077566325442,8.192029584872039,obstruction
24877.799796098818,-0.7704064732893328,-1.1863821994378496,8.118605388068296,obstruction
24882.775313985334,-0.20989887667465854,0.01694910892772239,8.965759530572557,obstruction
24887.727245967588,2.103439439388391,0.745342311903815,10.09071255145399,obstruction
24892.680245509284,1.1537687792473472,0.3639416703359354,11.70635156934701,obstruction
24897.625990100085,0.3096784612260015,0.6881878013257261,10.918701878316094,obstruction
24902.6284566512,1.0717751726721418,0.3417679352941697,9.90472476558342,obstruction
24907.580554985725,-1.4668859477017198,-1.3713451292474468,8.527397985027205,obstruction
24912.63873418093,-2.165776914979936,-1.289823075213544,8.283107254892602,obstruction
24917.606265968676,-0.42143966494893037,-0.9134446241650409,9.323496207709127,obstruction
24922.634776989737,0.17294136939908045,0.4809228262673581,11.82393985620383,obstruction
24927.632414171265,1.5414297526133693,0.5737474670741668,12.107243795964257,obstruction
24932.59251120057,1.320912987806357,0.854420847760132,10.008399581209648,obstruction
24937.57504247153,-0.24662820569227972,0.41192213194491434,9.629656612310146,obstruction
24942.591150963428,-1.58195116738858,0.012131456376333283,8.879484314737182,obstruction
24947.66551079229,-1.321941928000886,-0.9104606626704678,8.502722605863967,obstruction
24952.681809955586,-0.1370354804146381,0.30263018798316377,9.654625639277409,obstruction
24957.703941569605,1.0790982359381365,0.4689944343281511,12.209862527341821,obstruction
24962.64178225403,1.0979812124264272,0.8379696969699566,11.124428943746228,obstruction
24967.629792710097,1.839735875262459,0.39702574941464464,9.662095007495804,obstruction
24972.609263665032,-1.0508025578220135,-1.0863548910380496,8.871085189099254,obstruction
24977.620099295535,-1.2847367969829737,-1.5643313337023266,7.669004728622305,obstruction
24982.67330996653,-0.8270119584211043,0.21647369262620608,9.10594603466974,obstruction
24987.698267190335,1.3219752438100052,1.604543070298786,10.9347499288049,obstruction
24992.696575847258,0.9850017199710654,1.1578412676839185,11.021358618235013,obstruction
24997.764366748426,0.1569656034231729,1.0397470613246522,11.028860683371176,obstruction
25002.714923969463,0.18409457406168928,0.5724206809742731,9.811243513891913,obstruction
25007.65812438822,-0.868594868935043,-1.2744340096562161,7.309469819479803,obstruction
25012.596856147124,-0.906336473970313,-0.4209083607064923,8.534006699265527,obstruction
25017.5210068286,0.6346192552283673,0.3220446893479971,9.600577399455425,obstruction
25022.515183977266,1.886583111980001,-0.15287290264294318,11.545389323239398,obstruction
25027.56246773106,1.130118865724228,1.0170878155501382,10.631851743466232,obstruction
25032.703523476288,-0.03623476638317216,-0.3209772895801498,10.100062438706624,obstruction
25037.659406242507,-0.11435934223951805,-1.2424876807397585,8.757936791978565,obstruction
25042.637508622494,0.09257632111598935,-2.2300266391853807,8.38109323689272,obstruction
25047.594402381706,-0.9502601048460673,-0.13155697572808756,9.733130278074533,obstruction
25052.595119914287,0.4900173833407768,-0.6507698652797327,10.27805795590884,obstruction
25057.57730347455,0.0091491251037783,-0.21254203006230998,10.265877005389028,obstruction
25062.593398163222,1.1515496069569566,2.275908245430098,10.900941478786104,obstruction
25067.57570762708,0.683406478690654,-0.07545693260957564,10.1724198980011,obstruction
25072.62591245007,-0.6941841131982652,-1.2101283883938843,8.648983343434857,obstruction
25077.543308655473,-1.456645117564082,-0.14948627716688967,7.187713790127389,obstruction
25082.600310340727,-1.0927755692251768,-1.3908814154667244,8.55065899582473,obstruction
25087.58024135108,0.9068686744865981,1.0908420374748395,10.966281157470043,obstruction
25092.596259532922,1.0014027941134755,1.0478361000938663,10.136633739552195,obstruction
25097.59366551586,-0.3233004155713771,0.45160931464856635,10.495346852965392,obstruction
25102.580392842214,-0.14627124489761897,-0.3181711110889478,8.789851917133829,obstruction
25107.516336388217,-1.6606279615293422,-0.2477308823704687,7.607661970470563,obstruction
25112.56192769,-1.5749478654552267,-1.7452063897855612,8.683922712254013,obstruction
25117.504356695168,-0.8032199160978923,-0.9150721725141648,9.15623149378672,obstruction
25122.627324619745,0.5609671762844528,-0.5989555204802121,10.516666868808128,obstruction
25127.549632283266,-0.21135144011070528,0.5276305507031932,10.793515432426917,obstruction
25132.498864009118,0.5979254634952637,-0.10460843408342346,10.644438060984774,obstruction
25137.531715146393,-1.461168216775521,-1.1274087535457396,8.672751460235096,obstruction
25142.641179236987,-1.1865908354539498,-1.6056843323180794,8.136474273348798,obstruction
25147.561135950382,-1.0821050175433564,-0.5372526652788759,8.482058390454045,obstruction
25152.587914643536,0.41967010562601326,1.2053207099169085,10.541504707395022,obstruction
25157.67084713234,1.433341412485358,0.5091199555902252,11.340200840571956,obstruction
25162.668986397992,-0.31281237458861155,1.0800182890626067,10.78144566038606,obstruction
25167.712593716664,-0.2458622748717759,0.12327651086879635,9.414020320095148,obstruction
25172.669288136633,-0.9397796058870985,-2.3089597799276853,8.41156119193614,obstruction
25177.64597275278,-0.5819014000025563,0.180585152047541,7.999123728393529,obstruction
25182.69206962709,1.1812814185638774,-0.5055120095762604,8.500940682490194,obstruction
25187.769352906067,0.667873206396335,-0.3026406847195282,10.753840643642476,obstruction
25192.821612082807,1.1401133235990617,0.6939166083731834,10.647590602026488,obstruction
25197.788654740278,1.2033032720604047,0.9147169903547463,10.133912234244873,obstruction
25202.73661122489,-0.008490078373169549,-0.0053278371860914775,10.119199546035047,obstruction
25207.778427694102,-1.6945121270486196,-0.6553864024840985,7.995047140114315,obstruction
25212.778637698826,0.01655911509912822,-0.7195086837934853,7.714336796112565,obstruction
25217.856816238174,0.7618279852015664,-0.45881673102804976,9.357481790866789,obstruction
25222.834704180492,1.8253221343737493,1.222446110827778,10.568738910495275,obstruction
25227.91368264335,0.9612751556997884,1.0697709032342553,11.714818680100104,obstruction
25232.876166826954,0.39022582142441226,1.3562868460934605,11.038194047839022,obstruction
25237.955457854332,-0.01936221097295085,-0.2075486567186434,8.921171676738295,obstruction
25242.827884351667,-0.8782140747714021,-1.2320668066234193,8.685637578651042,obstruction
25247.86740158252,-0.5919702887592626,-0.6149645350275759,8.271147920737068,obstruction
25252.93399010583,0.2497983243731332,-0.5163949367510764,9.842857146760608,obstruction
25258.005585198473,0.6119417817759056,0.9518947011832174,10.990688245803913,obstruction
25262.96131360511,0.9916274896815134,0.2190422431435417,11.017034680311925,obstruction
25267.94034341603,1.5264154992064602,0.26650350017838115,10.053758157538557,obstruction
25272.94866993398,-0.4445101666221026,-0.7436655580349205,7.998744799839058,obstruction
25277.886557380363,-1.5935806609527725,-2.091361226616098,8.042800584943015,obstruction
25282.888135437057,-1.2012211611086951,-0.22981140150794305,9.418042752255138,obstruction
25287.924359384484,0.5360692729058838,0.5267027651119217,10.633160456199308,obstruction
25292.890821576664,1.051919162470336,1.1266419651907424,11.157193149150272,obstruction
25297.904495559207,0.7573099368739815,1.6707335457339785,10.469875796422166,obstruction
25302.973781696895,0.6228793650790195,0.7765014697589502,10.183596727849748,obstruction
25307.98299142277,-1.7718551690031248,-0.2014512247144178,8.837086707203277,obstruction
25312.996972017387,-1.8761764152067175,-1.3008281944665905,9.036327931620361,obstruction
25318.026672150314,-1.0111292828075873,0.7632380293965362,8.66020458150805,obstruction
25323.03494287588,0.6543791873174267,0.5160297305481245,11.060403755804458,obstruction
25327.984021465738,1.4164974461410145,0.4785659245503785,11.974776605067454,obstruction
25332.904121123243,0.170082159766772,1.0409346308251617,10.378058601619783,obstruction
25337.95771736469,-0.13383594983864405,0.1718882121165549,9.708954709797856,obstruction
25342.999184862485,-1.2525207670054175,-0.5731052038608025,8.819030500600412,obstruction
25347.991100067975,-0.06251694559400378,-1.6135976052216507,8.8020910471157,obstruction
25353.061353448782,-0.2990559451436161,-0.7722487057980061,8.954173875742441,obstruction
25357.996317747587,0.349439240876399,0.5486841861585411,11.170814662247999,obstruction
25363.042040572884,1.8765767910765283,0.5992318127058314,12.030745424441655,obstruction
25367.961757824367,0.426036692609626,0.8146561210019184,10.808860262206268,obstruction
25372.992671984866,0.33462744353052926,0.25502543793189164,8.32105392537684,obstruction
25378.042789335366,-1.0800257645219413,-0.14996116642697443,8.6591337388909,obstruction
25383.029003229924,-0.9768963840466441,-1.451139463487551,9.203673103014703,obstruction
25387.980860027736,-0.45280047115014393,-0.16891865219889757,10.180078812927048,obstruction
25393.031832757766,0.7861816819488568,2.7967082625319106,11.177671054128973,obstruction
25398.078524197914,1.8543888204695023,1.45104800545933,11.743960385758973,obstruction
25403.014845033285,0.19353390029573442,0.4145765553888866,9.4435534085161,obstruction
25408.102525310565,-0.6292268336816422,-1.093741417822423,9.659912637682362,obstruction
25413.105904282867,-1.3724383508749871,-1.9671956410319624,8.840892711938984,obstruction
25418.146154792314,-0.039857229949777584,-1.604036578280032,8.724911915988834,obstruction
25423.216477068127,1.038021838508936,0.16595736430052171,10.504136761305086,obstruction
25428.150760123728,1.780806419089703,0.7771798130795615,11.476062231271895,obstruction
25433.119359807763,1.4805104719293438,0.7150985396766809,11.329506649836206,obstruction
25438.133865242344,-0.3002939788569084,0.16072477274604202,9.764530165136234,obstruction
25443.183901209704,-0.7313377916570951,-1.8556834409486571,7.878686079137788,obstruction
25448.192826508603,-1.9177035218164944,-0.8485996120543117,8.828099977329591,obstruction
25453.176958867203,-0.3687857463649841,0.11831302862322307,9.431271282781196,obstruction
25458.15403168968,0.769897454321382,0.6313949302734446,11.14404039391918,obstruction
25463.05082332884,0.6752554292186831,0.7232158867641526,11.348654588936022,obstruction
25468.03902413245,1.1429139780987316,1.789054346582036,11.153831912275198,obstruction
25473.041026553103,-0.9542884631364155,-0.9073128791510754,8.703972491361403,obstruction
25478.055290615368,-0.16837016760776913,-2.0348878520152986,9.028828662105342,obstruction
25483.121221726542,0.30090257899392203,-1.4693792680019229,7.97137867781484,obstruction
25488.119272024516,0.07639848290740991,-0.5995710507396826,8.985463016025442,obstruction
25493.13230462737,1.8250332623655847,1.4194571039891408,10.384656245506127,obstruction
25498.22576317509,0.768937758597767,0.4640372914791393,11.238166290231305,obstruction
25503.148745015063,0.5711548983978332,0.09556223256844276,9.893188923087715,obstruction
25508.128813433268,-0.15213347590034065,-0.5556093994419143,9.022624246401296,obstruction
25513.112228283044,-2.893402079499225,-0.839684272247767,8.409794216496165,obstruction
25518.09386856218,-1.7622112320447894,0.2629146521825453,9.595083071415587,obstruction
25523.036429427553,-0.12995216471785964,0.19872964814049215,11.542743692068436,obstruction
25528.003154904847,1.2300256573253374,0.6360095693562322,11.285126740735612,obstruction
25532.989126584795,1.410389303252011,1.4123468679249966,10.660419399423388,obstruction
25538.115276579847,-0.3042028450112824,0.18693839267344375,9.746991113282977,obstruction
25543.05866241718,-0.38297298675159475,-0.7942014569428079,8.462572804216077,obstruction
25548.08133959016,-1.3449443029985373,-1.814550545950108,8.337984080286674,obstruction
25553.092436628045,-1.180352417396791,-0.5752099465512104,9.289676795255708,obstruction
25558.062841410927,0.9856907506529289,1.240534252849838,11.025819115925808,obstruction
25563.107452634173,1.3840025868101649,0.8881376560785628,11.368542314937962,obstruction
25568.12172904457,0.24795954497752332,1.2912319556500276,10.59420373846697,obstruction
25573.202317048184,-0.09936380287291535,-1.382966688862548,8.952413021980316,obstruction
25578.24383370306,-0.026650975029526514,-2.28703617950295,8.375959596799383,obstruction
25583.215472853703,-1.7663620484597873,-0.2046011226972455,9.333960132109015,obstruction
25588.114782461085,0.9285726390314247,-0.34584134523879784,9.950430956844519,obstruction
25593.095206775863,0.8346789480178254,1.4712884758551823,10.796479101963843,obstruction
25598.200927688707,0.8643594359875645,0.3132590414322175,11.47875284578661,obstruction
25603.162192026626,-0.3296715314996075,0.2623790286086617,9.989651220678843,obstruction
25608.149959742004,-1.049596269272942,-0.9683372146925489,8.825090689851939,obstruction
25613.167758682717,0.4005492415810745,-1.3854318406620896,8.198491538723976,obstruction
25618.22657748528,-1.2805257216728785,-1.3789328120658197,9.10046895292923,obstruction
25623.22704545015,1.0651616124735064,0.6033944612932027,10.484277674415587,obstruction
25628.26826500825,0.7297514404214986,1.5967579552061026,11.404074092530939,obstruction
25633.28342593142,0.13917536226082272,-0.10912537108115095,10.772724199202242,obstruction
25638.2238585295,0.5427675170896988,0.4644779950490031,9.680279259803608,obstruction
25643.201762529974,-0.7985248200428107,-0.7599829990460406,8.042849013548695,obstruction
25648.18750566412,-0.7288539824916972,-1.1290052094126815,8.27247462598716,obstruction
25653.294075899783,0.008452429313479282,-0.5040997133779858,9.146866098056314,obstruction
25658.27303781979,1.2416600694566566,-0.8095172814135548,11.15115505547985,obstruction
25663.292609516793,0.6154465171463077,0.5132200236203779,12.044606209282723,obstruction
25668.30361656757,-0.3857767500060788,0.27300057527634786,10.470919292896543,obstruction
25673.24973903518,-0.9920983590021673,-0.7766233705965203,9.766679522171685,obstruction
25678.164592732817,-1.2816231614182425,-1.9164829338940068,7.984585741845322,obstruction
25683.168133292515,-1.072200181804215,-0.6806576393183501,8.381856389998969,obstruction
25688.22281476219,0.32189082110224554,-1.0616019806357335,9.137370914944642,obstruction
25693.18210193746,1.2670918038261247,1.2867203792810213,11.486794909249438,obstruction
25698.178339714625,1.2631491419859828,1.2855975395541523,11.65796037342404,obstruction
25703.11627357926,0.21166930883904245,0.921195908024898,10.545714001960986,obstruction
25708.09286512419,-1.0242800088600608,0.2514275118687278,9.133666508793217,obstruction
25713.08021772701,-2.194484907968622,-1.008449845959742,8.101281261512149,obstruction
25718.143465940244,-0.901878962441808,-0.34734174776956345,8.576582865239306,obstruction
25723.14712655395,1.9548411770518026,0.4190778886196522,10.088932627983345,obstruction
25728.144888540668,0.6144797709411193,0.9030790757186155,11.046557335088941,obstruction
25733.10881791518,0.7579165954554581,1.6013524325478612,10.976382141446424,obstruction
25738.096707892386,-0.08495677831505977,-0.04533833356096431,9.466999693441345,obstruction
25743.065948692074,-0.931912634186408,-1.8773746291372486,7.775965886645713,obstruction
25748.113113742776,-2.064058033475045,-1.1973267110050683,8.217803240453609,obstruction
25753.08880217858,-0.36464106635076615,-0.07295047654441647,9.469593866453076,obstruction
25758.055559253193,0.5897386781108134,0.23511779383429332,11.404510902272555,obstruction
25762.974525882717,1.51369205546413,0.7296549516792699,10.82999998951844,obstruction
25768.05374922472,1.5609412828968927,1.1858496621192307,10.745520001498633,obstruction
25773.01527024432,-0.882757782923701,-0.7495997372578386,9.818687627322738,obstruction
25778.079624477694,-1.7340321229164095,-0.7824132670175064,7.4151231123863095,obstruction
25783.112145077685,-1.1200416218364702,-1.0618354971221626,8.346970316386654,obstruction
25788.077117204542,0.37362127293615593,-0.711082073701388,9.628650454005912,obstruction
25793.058006439234,1.3170854010922404,0.39016185811423454,10.751217578646758,obstruction
25798.064373054305,2.240288596244643,0.982655003849334,10.693080833866237,obstruction
25803.08687498318,1.2640408998207815,0.4069993973862634,10.681031820188931,obstruction
25808.122089692028,-0.7267946715914674,-1.007572231115985,9.22842674015212,obstruction
25813.1295792491,-1.987572123621075,-1.7189930939648936,8.05841377649355,obstruction
25818.109466115697,-0.8965507230752636,-0.12479463718216632,8.703247753993642,obstruction
25823.13144713379,0.7989318375160371,-0.5348608541908029,10.760467434669113,obstruction
25828.243155557833,1.6418497518576909,0.4869718293489339,12.089902303537366,obstruction
25833.29580040742,1.5786611600185174,0.37581035381271566,11.241716285333059,obstruction
25838.417171256635,-0.7143153458557874,-0.27917137116374985,9.636696168236185,obstruction
25843.51474952022,-0.4663778816588634,-0.37943410983141435,8.857757497499687,obstruction
25848.568186477736,-1.4198906342879494,-1.3720919208360018,8.522801779494626,obstruction
25853.609469640294,-0.9121895248615461,-0.4156837637450588,9.309274215212689,obstruction
25858.62672405436,0.7224591832239609,-0.3881499861125287,9.719122007200426,obstruction
25863.56648151637,1.49418411936314,1.2795724712846825,11.83033550996669,obstruction
25868.56159928078,1.304568027263835,1.2043323933591716,11.496477565302948,obstruction
25873.617615429343,-0.2695661704953392,-0.9035966287953173,9.637143311922749,obstruction
25878.59626843491,-0.7798313898265199,-0.1302086025546193,7.958866215592609,obstruction
25883.57585558098,-1.8128350970664402,-0.623965807028719,8.264153869851063,obstruction
25888.561423041603,-0.21902768000818051,0.5272810531283814,9.685981157332153,obstruction
25893.592791900694,-4.163628734777664,-2.209865360809329,6.027209240968792,obstruction
25898.57441725391,1.2967237658671844,0.8136939645756345,11.191557608395895,obstruction
25903.492904551516,1.205523331444982,1.5036178982443722,10.723400174939957,obstruction
25908.4780405255,-1.1319909977008327,-0.6023882561294456,9.702077443488715,obstruction
25913.455113643788,-0.5386425740105748,-0.3174772601662643,8.200828401808456,obstruction
25918.415587544325,-1.020711988234573,-1.7113751542398339,9.188454728892696,obstruction
25923.560403866675,-0.6027477040162916,-1.320125664790425,9.081222527124297,obstruction
25928.627244035375,1.054723496928459,1.8034585996480035,10.552814704866014,obstruction
25933.567936060295,1.8062322144537521,0.9484285920725792,11.446540676809422,obstruction
25938.51070413759,0.47200416507635184,-0.3462631900090978,9.751710883029267,obstruction
25943.497031869894,-0.22435224330786796,-2.5570054173621948,8.461933435639512,obstruction
25948.52911410116,-1.6726659425362576,-1.3071288955556264,7.8510398298393635,obstruction
25953.493697888414,-0.8326087246326026,-1.2317197846798646,8.34772109905344,obstruction
25958.486249895144,1.9341959389134733,0.959474322535194,9.739044174849942,obstruction
25963.489238224993,2.1002015350837953,2.002651263659938,11.27410273777526,obstruction
25968.504450688895,1.6920840170021125,0.8420052073020161,11.204427193679322,obstruction
25973.44479054721,0.016074269115725348,0.361570970171632,9.891474600429104,obstruction
25978.530230279568,-0.26941538044996893,-0.5690241969042028,8.39816912335362,obstruction
25983.50548344351,-1.3709856106644807,-0.45799183709067515,8.979598952250958,obstruction
25988.488731315767,-0.521243042260869,-0.6823995251257522,8.464022999587428,obstruction
25993.465099329638,-0.34222215781129384,0.4270987087781917,10.663194055777852,obstruction
25998.481709364016,1.1982742535263138,0.8741161738357719,12.008511760329423,obstruction
26003.58978864365,1.301884782408545,0.5628069370550515,11.150983990421409,obstruction
26008.670045498642,0.4344828347226136,-0.4240134900676625,10.338146216761094,obstruction
26013.597570429538,-1.5034218016914151,-0.24397011718241168,8.200904214136287,obstruction
26018.655655082577,-2.187476962444502,-0.8341053870206933,8.812998281230575,obstruction
26023.6920060506,0.08107528425357625,-0.48279998986936246,10.095042497723426,obstruction
26028.717823218194,0.5835775505830417,0.8822251551093846,11.556798251844262,obstruction
26033.736495201538,1.589327153953666,0.1545116103122024,11.626762598853968,obstruction
26038.79289791011,0.20924277530063026,-0.12005320853753143,9.383746885073187,obstruction
26043.886467869877,-1.1606261444191115,-0.7805713926183048,9.042826006648086,obstruction
26048.92418902538,-0.5042927711645089,-1.6251046089605128,8.569366254669301,obstruction
26053.887932484173,-0.157426951919861,-0.008425612535803206,7.921450300686467,obstruction
26058.841629374605,0.29722181277867865,0.8210312080724054,10.177737225648418,obstruction
26063.806307220057,1.373044441367156,0.35553777918556917,10.640030618194528,obstruction
26068.725959375162,0.6797178135123144,2.122383437663114,11.185273551400135,obstruction
26073.65750802843,-0.020895113898350193,0.2569374957660732,10.046972779746202,obstruction
26078.596738097156,-0.8212347843748454,-1.2644851467866154,8.91185567028849,obstruction
26083.588666370913,-1.4255026115868756,-1.4409667999066682,8.775988726908853,obstruction
26088.613333873793,-1.6027324202470348,-0.45621536698951226,9.645605819773255,obstruction
26093.583077830735,-0.042679306487410584,-0.26525863037593034,10.645613604026048,obstruction
26098.653043561197,1.7001778635391227,1.3981587137619949,11.526149452797624,obstruction
26103.65568555009,0.8598689661394597,0.23775617603326138,11.706496298139168,obstruction
26108.66186206702,0.320425448204836,0.31120166831252327,11.005903529165156,obstruction
26113.64014217518,-1.0374503404307216,-0.9290771197009619,8.464164455381006,obstruction
26118.684697941047,-1.1637390518019213,-0.41507943682155135,8.204613493491838,obstruction
26123.738883521066,-0.39939737337217285,-0.43300290434247485,8.702285148747842,obstruction
26128.773077334066,0.49621106348068345,0.6687308182059069,11.193954777797073,obstruction
26133.86937160999,1.5611212601975968,2.5050627491334687,10.764598501284,obstruction
26138.904543125893,0.38295139984474447,1.8788571076783707,11.433233864250761,obstruction
26143.84944545409,0.6293743928695297,-0.5245551333028069,9.021001384760599,obstruction
26148.831973968423,-0.6589831917548832,-1.5615688375629473,8.545177086585786,obstruction
26153.840958433902,-1.62058605151304,-0.5416252353694423,9.215884757595472,obstruction
26158.809046021008,-0.6464535277939163,-0.9375069545515001,9.158431279419842,obstruction
26163.861903733425,1.6465490529416988,-0.20431620815458773,10.892649626700702,obstruction
26168.83394924652,1.7334715233136486,0.36329200985395427,11.069457739909586,obstruction
26173.74995883499,0.2025871738453769,0.016487242816212277,10.985636037161706,obstruction
26178.77857836127,-0.5622423085030044,0.46914126482883656,8.874900840450453,obstruction
26183.782016976438,-1.9806954220417357,-0.5754207140049757,8.041284941529684,obstruction
26188.709557935585,-1.3946928604144353,-0.258335267048605,9.932232992100438,obstruction
26193.70290679748,-0.06785350033253551,0.11320946265283396,10.200519410388136,obstruction
26198.7385267853,0.10029013425119215,0.672500823807249,10.929904455924808,obstruction
26203.741536543886,0.28226656245220416,0.03582442349065229,11.644643425263682,obstruction
26208.777889899702,-0.17600202525633588,0.8267591333354544,9.622951177311899,obstruction
26213.783525422266,-0.8399790676230734,-0.5581575870542537,9.621110273067695,obstruction
26218.876712043333,-1.2500433543153706,-2.2739439064088653,8.50715667715083,obstruction
26223.91372137834,-1.191572148795034,-0.6148864860076246,9.558666934662586,obstruction
26228.914979472,0.6594049621894212,1.1641154147242698,10.783042321730465,obstruction
26233.819157612834,1.306849677421704,1.925590094285663,11.135737912771793,obstruction
26238.950098074278,0.7513468446998395,1.2716244632037879,10.297855937080277,obstruction
26243.977345459887,-0.2810246075933657,-0.46235460677851736,9.297121479558806,obstruction
26248.895660475733,-0.43248898506870226,-1.2382741182596977,7.891126082493461,obstruction
26253.879756056172,-1.5580929374871446,-0.24843830078835516,7.597520150509322,obstruction
26258.862205748137,0.47064295003405565,0.7216174693467509,8.812476814451651,obstruction
26263.825136255615,0.4069543215204064,0.7659986112213996,11.203881250353737,obstruction
26268.820802452257,0.6559068210683134,1.6156132514844634,11.4093174253746,obstruction
26273.762590989903,1.2672946384684378,1.3496588846235527,11.309492397768427,obstruction
26278.734105531574,-0.21555344210088703,-1.0796337755770913,9.987964010941646,obstruction
26283.694542787707,-1.478173162298697,-1.8951548222879528,8.126311939481216,obstruction
26288.713398127726,0.06691627739265349,-0.1815299492321577,9.33356288125321,obstruction
26293.727992357803,0.729398899222472,1.0068998582849575,9.369566494632569,obstruction
26298.81305559292,0.0176998078898567,-0.03236189647508714,10.642666058911626,obstruction
26303.868399079813,0.634726105557978,1.8908842412316074,11.166636708018736,obstruction
26308.795176102944,0.8281930517960221,1.1995787247814407,9.653071523156301,obstruction
26313.773104571002,-1.1998376051039281,-0.6621179545095773,8.911093365782651,obstruction
26318.67651052095,-0.5162413884255226,-0.7887303868651351,8.4081659552931,obstruction
26323.704273223848,-0.606614989676994,0.22786723615895832,9.734263465712408,obstruction
26328.6222205084,0.6143156977692186,0.864981669673548,11.051715816509958,obstruction
26333.724941299803,0.9780580466705832,1.160134218174901,11.591321037915256,obstruction
26338.799933827755,-0.0759334772129544,1.4497496778626116,10.718300923754184,obstruction
26343.777138356112,-0.4659990843021976,-0.5838939813259777,9.959420986581726,obstruction
26348.779295103897,-1.0131276356476173,-0.3387380624669556,8.016206410990883,obstruction
26353.80626849071,-1.4936768869531565,-0.8731633249905812,9.637497405363339,obstruction
26358.738017069703,0.589547491296775,-0.7358602200757309,10.48416680044578,obstruction
26363.795818538205,0.556808275117374,1.4915914010247247,10.84729681188968,obstruction
26368.853237859414,0.5879799698953563,1.539123062025428,11.053745477899826,obstruction
26373.879096558954,-0.15660682838164697,0.3119760737448877,9.555708985471373,obstruction
26378.820274977967,-1.146082436132612,-0.6648866908450901,8.875345133695225,obstruction
26383.847763030688,-1.3996640463489032,-0.9242037006055932,8.545236979422482,obstruction
26388.91387218677,-0.9921433309932823,-1.089483821021979,8.870467163417748,obstruction
26393.89989461194,-0.005371043881594373,0.32341958717744107,11.124752643091105,obstruction
26398.981624210322,0.5172912125984458,1.3493081463891439,11.110362676809942,obstruction
26403.99429385441,1.1719764393828715,1.4589179505317564,11.068703522331848,obstruction
26409.126751187472,-0.5537693432955348,0.024858521088455543,9.698205615622966,obstruction
26414.16418420007,-0.7214206069418139,-1.4222037667353513,8.255026544233896,obstruction
26419.128088468253,-0.9762981988262136,-2.076707839783383,7.94835257878371,obstruction
26424.14967062796,0.14872390891353615,-0.0527903897605994,9.980803839560968,obstruction
26429.18373184805,1.5928919375217236,1.9256334121796552,10.723854092036694,obstruction
26434.239461511606,0.9348038994215232,1.1275074030672967,10.808538045055517,obstruction
26439.259449290697,1.1104506286516134,0.2593582674683633,9.932364672120835,obstruction
26444.23722044142,-1.6008537967505312,-0.13858827551648017,9.369696423039882,obstruction
26449.230364322975,-0.8835349722397279,-0.8756785445199966,8.498990295462674,obstruction
26454.23554815287,-0.6383824511375078,-1.3392863534949122,7.396111856265499,obstruction
26459.21124942348,0.2021015777151543,0.09558963308328416,10.287083702067754,obstruction
26464.229715330497,0.7742710422214715,2.146541593108114,10.751764122450385,obstruction
26469.167554792708,1.6172456435212437,0.8983405570434517,11.37968568469773,obstruction
26474.135846421566,0.5581382727724573,0.23574266078351333,10.925763332983268,obstruction
26479.117684871773,-1.302665008032644,-0.01841968338444222,8.751775494594655,obstruction
26484.086952052727,-0.8743683812631049,-1.6733755774050278,8.80955933001415,obstruction
26489.05606455956,-0.5554478335555587,-1.2822944093750157,9.58802416930271,obstruction
26494.05052852626,-0.5423011274143084,-0.1016313778138766,8.673558886905477,obstruction
26499.1303521496,1.0764810042118746,0.27720327376263454,10.943933213141175,obstruction
26504.147298802938,0.43641734835476786,1.3026010150489769,11.090393398641174,obstruction
26509.184087408383,-0.10291814702665289,-0.6543273261667225,10.011878526144892,obstruction
26514.25575557508,-1.501857537776647,-2.0789510602005126,9.168635069142528,obstruction
26519.30283000654,-1.4327010761605883,-0.6783121051763359,8.292125320315115,obstruction
26524.34818979602,0.31269868857802724,0.08965742840240587,9.685130540064302,obstruction
26529.220985625816,2.1507043966753945,-0.24302424288910196,10.911750776072777,obstruction
26534.19120379807,0.9065323646975372,0.8364284702291063,10.06091409865193,obstruction
26539.22261442088,0.2793524752376953,1.167762643761188,10.905676399710153,obstruction
26544.258739412766,0.7247328920769048,-0.43405770063062815,9.624212071050753,obstruction
26549.26708263767,-1.1684855705684898,-1.6506132794401136,8.002681277180198,obstruction
26554.244372933394,-0.9236801696886623,-1.4809608849167168,7.914143502924043,obstruction
26559.249792549537,0.16905871868908479,-0.01898307773525673,8.751475103987366,obstruction
26564.298728025722,0.18929334544258858,0.5142934380782195,11.208922327629878,obstruction
26569.2792482486,-0.0043909991343047405,1.10158412558171,11.321191992841538,obstruction
26574.318465263423,0.09932583231590958,-0.3766359746324911,9.477393862606881,obstruction
26579.23955014077,-0.26373735139191307,-0.09310644546289559,9.302813539869938,obstruction
26584.19821490328,-1.1398324705544538,-1.5246810491165788,8.899691542343596,obstruction
26589.157129250896,-0.25796125700717726,-1.6110936997575032,9.215343555524315,obstruction
26594.12288290938,-0.0876580517763711,0.4456818115756627,10.245421987620194,obstruction
26599.184961019695,0.8358055968860176,1.9365867697160803,11.65039826089017,obstruction
26604.221235535304,1.4166839835937752,1.9873688702016974,11.183531952531034,obstruction
26609.259033617218,0.6865244918637798,1.111372129666561,9.482964776327368,obstruction
26614.223831097275,-0.5382331432395375,-0.612848370630203,8.473012889628938,obstruction
26619.1576390865,-2.427843660414834,-2.562028964010632,8.943130630347712,obstruction
26624.157713067765,-0.6788855085028476,0.18453404387220446,9.905031578106193,obstruction
26629.210654533686,0.7758012655598573,0.34897890665390474,10.036072506860615,obstruction
26634.16026114695,2.007496321937927,2.288752805154272,10.527619691939993,obstruction
26639.100599221907,0.6415404760901272,0.8429488324429297,10.273838900004463,obstruction
26644.16010892805,1.2106260676292486,-0.5350672495729158,9.64026444589432,obstruction
26649.119214348928,-1.0058965631389443,-0.4080004922808309,9.258526991111589,obstruction
26654.071757459144,-0.8338629390505433,-0.8789246917050781,8.438631454742112,obstruction
26659.088591107695,-0.3935925009025635,-0.8386206473940728,9.370163478987749,obstruction
26664.136452781284,0.9455155904107894,1.1217479938529933,10.882346336436575,obstruction
26669.15613461006,1.1709314729791376,1.809899317481935,11.36278028063889,obstruction
26674.20974134219,0.11510048308087273,-0.11620047866186911,10.752206512675944,obstruction
26679.190937283503,-0.4414793309639502,-0.9133479501581968,9.654865927654143,obstruction
26684.236609826923,-1.2402488542801557,-1.3931481816411684,7.993409481499128,obstruction
26689.236268975772,-1.9130956474314207,-0.2512888817435883,8.236015122043785,obstruction
26694.207719095986,-0.05421432201001071,0.04190115346723572,9.997232088491721,obstruction
26699.219969008875,0.8962980217960796,1.1514793020455283,11.229004063389324,obstruction
26704.23732599772,0.8702136527988329,1.4195501416924132,11.451549697542468,obstruction
26709.310291570542,1.0939787818552396,0.5011782981900127,10.519703950441889,obstruction
26714.345428170334,-0.18251206278588605,-0.32635052150460986,8.889907673424096,obstruction
26719.36448496265,-1.8966320388778604,-1.2178995841566669,8.57943722698168,obstruction
26724.319273768255,-0.4368562862875807,0.21053396587870266,8.938377403232622,obstruction
26729.387504226477,-0.235239731807616,0.09643114991965634,9.779114551909872,obstruction
26734.368585516055,1.4756999644339213,0.7275948586545935,11.532982516935386,obstruction
26739.36747775691,0.4689612484160799,1.4765469778516973,11.553492750215451,obstruction
26744.475825371617,0.10242079232245965,-0.3648451742233557,10.20930107059322,obstruction
26749.422625365474,-0.6032109414359811,-1.7426718781528243,9.409727797796492,obstruction
26754.47466253158,-2.087462166025757,-0.8865047912575073,7.66136514417595,obstruction
26759.476198289998,-1.8615244833689724,-0.4314977887052826,8.987298546882984,obstruction
26764.51495167725,0.45903400399124056,-0.17793827151716088,9.94030198716955,obstruction
26769.58054745866,0.6898251184205219,2.1309154720765173,11.018030146195533,obstruction
26774.589256152234,1.6678942265013097,0.7623809028422448,10.671512632856397,obstruction
26779.598537347247,0.07621743697422087,0.3993017159944159,10.63371427861382,obstruction
26784.61181123146,-0.7386475113598875,-0.12650182197417925,9.386935023344918,obstruction
26789.63988750856,-1.1268906247092614,-1.5205577041154872,8.746221130230882,obstruction
26794.547701316093,-0.8917418244220575,-0.7895093058298066,8.835254103735304,obstruction
26799.490252128315,-0.5825175875013274,0.7141243806603991,9.63307032330195,obstruction
26804.45167091149,0.28334305085615175,0.03765660671624915,11.240396171748598,obstruction
26809.47559927432,1.8068474819417637,-0.3338329669378892,11.354666582586933,obstruction
26814.5384222698,0.6969034968793155,-0.003194238623809284,9.86141080250507,obstruction
26819.56184068886,-1.5691726939930501,-2.375908823424093,8.698282067717008,obstruction
26824.578255650344,-2.0768481043525875,-0.6112918688256798,8.05997632989791,obstruction
26829.60451612748,0.3904469885254546,-0.07339212018940272,9.754955702940206,obstruction
26834.641464497534,0.3204187427288792,0.9780453863420446,10.259032278858403,obstruction
26839.658641878337,1.424548526173884,0.4079387610903391,12.08433368593515,obstruction
26844.642139058764,0.9294457923082176,0.7791958538395788,11.331880035342513,obstruction
26849.57592773718,-1.1177955328658744,-1.7197779825093322,9.264461536931568,obstruction
26854.66046362069,-0.7120863397397614,-0.6455205470183651,8.159748735463825,obstruction
26859.567822112764,-0.8150266683797062,0.036443458937683304,8.212806289490326,obstruction
26864.644187903148,-1.3411323564577025,0.3883903282756865,9.901112975491435,obstruction
26869.725199756096,0.2852940733486562,0.6239892312819485,10.58648480678103,obstruction
26874.780198526165,2.8325272593569184,1.0545868241559164,11.540907808906454,obstruction
26879.84515654495,1.038156215080013,0.186169414876454,10.61226413216974,obstruction
26884.732643897067,-0.7220392964199295,-0.7303858083576207,8.946474559198254,obstruction
26889.717273570615,-1.38641532700485,-1.9263866076592229,8.443228000236404,obstruction
26894.79749270953,0.17651654831459396,-0.2987580821242301,9.056035450958941,obstruction
26899.677707254647,0.6015130376390249,0.9669351158192534,9.973394618021462,obstruction
26904.753311099692,2.1060616989355814,1.9036536167454563,11.434055743047002,obstruction
26909.708644134225,0.5065157154826845,0.7141446221922121,10.762115529037613,obstruction
26914.714164560257,0.4097305756894496,0.18318239095813743,9.412849770884113,obstruction
26919.746652544756,-0.9280025846163215,-0.3807493228661353,8.713787519211582,obstruction
26924.827537799905,-0.640423224720456,-0.7730539344497873,8.276868146537442,obstruction
26929.83601825683,-0.8443107307733279,0.001614221999432841,8.956418492599056,obstruction
26934.838064042204,-0.34123649176020887,0.6824949737854803,10.57350446737417,obstruction
26939.809674476714,1.4312565018531627,1.2191728546105085,11.106137538891199,obstruction
26944.837929647383,2.1540464128226438,0.6190812982200145,10.11388586745012,obstruction
26949.831114423687,-0.5904279358242975,-0.18046827701040377,9.835094412409344,obstruction
26954.83325033174,-1.8885779632595239,0.1499425861526742,9.367859593447902,obstruction
26959.91426542464,-1.2752113206133464,-0.4151752283441399,7.935877498793468,obstruction
26964.885038631022,-0.0862618183735444,0.017670245827285783,10.630439466618029,obstruction
26969.875283982106,0.3987947967056664,0.17297556989950036,10.712190161307069,obstruction
26974.916931190593,0.31944948443596755,2.0598995278047005,11.947065332617973,obstruction
26979.9043124092,0.10832610375105524,-0.8495309176378545,10.301360613454536,obstruction
26984.838231219583,-1.118446088613884,-0.861504934021523,8.811455878135694,obstruction
26989.78780768282,-2.321671739452561,-0.4592801244724486,7.4762415927848345,obstruction
26994.773760089138,-0.888691489969879,0.21414549762681367,9.204011891868323,obstruction
26999.808215361292,-0.47336641354233977,0.8717926720426585,10.762729490807384,obstruction
27004.82392278791,0.8106620877045181,1.3205514940388414,10.370348247217725,obstruction
27009.80716799002,-0.3341912377020968,1.1277877060079748,10.63648679445913,obstruction
27014.764720559797,-1.140909523684085,-0.09348815918198783,8.731204194214165,obstruction
27019.69180638102,-0.9177289169342098,-0.7094743262714458,7.916203712604958,obstruction
27024.719791703283,-1.6330073539444672,-1.790241431271825,8.377495091370928,obstruction
27029.76514974087,0.5972317323706371,-0.7023627594233307,9.94550499720359,obstruction
27034.69954486156,0.7389825443899816,1.4734197167538747,11.173103265926077,obstruction
27039.715385700758,0.47262411742520694,1.109411412948372,11.281671845985228,obstruction
27044.76398146622,0.6008332152792017,-0.708646714517282,9.649441677003049,obstruction
27049.75675313993,-0.07657149560150767,-0.31967107849900656,8.739889156213927,obstruction
27054.776778125888,-1.2711062078165831,-0.7601140299449161,8.457146042614314,obstruction
27059.847186539326,-3.9887328898176557,-4.865631169471261,4.590811272929812,obstruction
27064.850373000052,0.8111028447098511,-0.07225620535417204,10.467926541914569,obstruction
27069.809899527907,2.1538606571357253,0.5294545804272317,10.049804932311403,obstruction
27074.858626550827,1.2357320167946382,1.0801379859643532,11.074947739427962,obstruction
27079.85856014369,-1.2649458804285065,-0.35246529433799545,10.308707230180259,obstruction
27084.862091671814,-0.38172289736041964,-0.039551780404242565,8.03957079783511,obstruction
27089.848061131484,-0.8426228256818085,-0.9655418481794559,8.232289875962532,obstruction
27094.761325965672,0.49017289546780196,-0.5096206950984438,9.776931429750654,obstruction
27099.798752697785,0.5198413794999409,1.0707476187307976,9.63279615065813,obstruction
27104.856298058105,1.2019403941363125,1.333373060603216,11.201074473668607,obstruction
27109.829521696123,0.382593138441176,0.6390306249472275,11.554811230060416,obstruction
27114.788663598527,0.33855288748261325,-0.5355781630460108,9.164333493734578,obstruction
27119.764411123426,-0.8527855474840312,-0.9940311686558264,8.201808832915692,obstruction
27124.79850724185,-1.2186177163995557,-2.294362940898983,8.33899183111038,obstruction
27129.806780547548,0.23478463469690491,-0.3385595727262187,9.179854759573976,obstruction
27134.827673907726,1.4373707113324998,0.5233723388438619,10.6846323153706,obstruction
27139.788695982388,0.5750899713250425,1.2174196694055084,11.02265823265344,obstruction
27144.815409706072,0.6833894887108796,-0.8195132048783189,9.83225769020323,obstruction
27149.704291485654,-0.45213549537599934,-0.1094685289862869,9.209807285970403,obstruction
27154.758399784314,-0.5551734476470821,-1.2244450195961638,7.864163918638635,obstruction
27159.709862009964,0.0377089396152831,-0.6094392046762911,9.434853515521976,obstruction
27164.685560213635,0.9889041939589724,0.09270721646910114,9.353015566682643,obstruction
27169.720143172603,0.9750546139073699,1.944361194088903,11.04833524307416,obstruction
27174.690215409522,0.7110763556098223,1.544287756490748,11.513452739204938,obstruction
27179.64313965247,0.40754077699193925,0.7395655366169231,10.351946005987754,obstruction
27184.69588364615,-1.7706312291876056,-0.8851187940963074,8.814492392389814,obstruction
27189.68219464843,-1.7462222007494326,-0.9893161116618909,8.14985325914545,obstruction
27194.716578820426,-1.069421535754036,-1.1300915571489663,8.996561103200891,obstruction
27199.71115134984,1.125323974701499,1.4365097102327953,10.525274141944102,obstruction
27204.747248709195,1.547095616339051,1.9479149143046868,12.143304187879318,obstruction
27209.6854085994,0.7208471259296234,1.1148920971661394,10.105100487308274,obstruction
27214.64679991388,0.7617007750813805,-0.42630557859888496,9.539521994879307,obstruction
27219.67221016067,-1.9027322834041565,-1.3675373225887246,9.006054789785555,obstruction
27224.629561315785,0.21144873119744956,-1.7562704440159935,8.342733524287503,obstruction
27229.685805980833,0.48660328685486515,-1.3709270688495392,9.513009362950534,obstruction
27234.678788680885,1.3441522070235679,0.8038427585469389,11.154863945899981,obstruction
27239.69957112375,-0.10970422204169594,1.4183920712794116,11.0708422345843,obstruction
27244.70008125379,1.8680203815505707,-0.07599474269443762,9.650060420287499,obstruction
27249.71740432695,0.22315602529616207,-1.1865031984255605,9.299512636003014,obstruction
27254.694544480946,-1.831959810935768,-1.639455923232108,7.845994914971177,obstruction
27259.727949567416,-1.3684079366558937,-1.1792496284241325,8.993167928379075,obstruction
27264.709006794397,0.8785793316063926,0.44268593393943495,10.670238719149058,obstruction
27269.75780698146,1.0032330938497784,1.6089698307484341,11.723492314898307,obstruction
27274.723793599907,1.9958396120800188,0.8493079323830118,11.473960972279663,obstruction
27279.767106145882,-0.10585994753292054,0.1263063496229983,10.217421798623011,obstruction
27284.78455263458,0.08505352911006958,-1.1694214865787949,8.349213457873526,obstruction
27289.789340690968,-2.032120374696923,-0.8544790496608374,8.40590085913479,obstruction
27294.826107767447,-0.838349018698261,-0.20348492103674018,9.4977175878123,obstruction
27299.810307483716,0.9995011483003005,1.2583637552385687,11.11985399714282,obstruction
27304.8228179453,1.0465805630437508,0.5210164158987621,10.54053631232621,obstruction
27309.85026749193,1.465320069018268,1.2302954522796936,11.256971798619395,obstruction
27314.87177621173,-0.3091739869532611,-1.3710932031980212,9.785890350766026,obstruction
27319.791025225153,-0.9051341884956069,-1.0956515396817443,8.143389021124674,obstruction
27324.758034115548,-0.342037662272796,-1.6362041648992816,8.134966979149667,obstruction
27329.76586389528,-0.2595119850947428,-0.39471633629219094,9.88794057573565,obstruction
27334.677390225825,2.134840906446076,1.9119031677034481,9.684838003410295,obstruction
27339.751172592907,1.4549053749154355,0.1621939241590371,11.073918977945576,obstruction
27344.75155101706,-0.20985373118376077,0.5340810690258516,9.680409789265058,obstruction
27349.715252952843,-1.1170999973189208,-1.1660872258183148,10.06029033868367,obstruction
27354.565196899763,-1.8588305281622106,-0.9386310992783399,7.767938087022845,obstruction
27359.48546004002,-1.5006630438861555,-1.0369445402299347,9.465568503056888,obstruction
27364.5160636998,0.5980935982875769,-0.7470819100261407,10.522456843260265,obstruction
27369.48529306853,0.7487142577584119,1.2533986755199988,11.188615388352556,obstruction
27374.43006809113,1.3525695006817045,-0.09297784455880898,11.660825711962563,obstruction
27379.519500920494,0.6490813569926774,1.3226735574634962,10.56339755356799,obstruction
27384.507212427226,-1.25392326818048,-1.7103755806396541,9.342120339562292,obstruction
27389.55351908288,-1.1982572557583728,-1.714257250563631,8.337024113397629,obstruction
27394.571764956523,-0.9368734126089324,-1.7010201133383194,8.309623597824654,obstruction
27399.4514796997,-0.32162917781024014,1.065851033519988,9.867950887529615,obstruction
27404.4685689615,-0.08958178579673759,0.5036887914749281,10.979773154680265,obstruction
27409.465650605085,0.6595518811724297,1.0892876044320072,11.607034390740973,obstruction
27414.42326538679,0.3402537525829631,1.2198625818641786,8.671824533058054,obstruction
27419.411476837493,-0.5414572944559783,-1.2535561153643142,8.46161641491155,obstruction
27424.357890618412,0.4090726741016961,-0.8419409184703335,8.02666282434843,obstruction
27429.397270747315,0.029806433774219765,0.2873290016297708,9.977251990786456,obstruction
27434.398468782834,0.9726094230634247,0.892867612657684,10.690307794348062,obstruction
27439.463156817616,0.5454665846300487,1.590753148084391,11.009165164956798,obstruction
27444.475722760122,0.7102419777976953,-0.30760241538787747,11.108789379732935,obstruction
27449.54882153562,-0.5395350167451215,-0.12455976458034274,8.407817920661108,obstruction
27454.54175037309,-0.26978283803775505,-1.6719720402720142,8.96883792795273,obstruction
27459.482101577643,-0.764450723139873,-0.9349521452251361,8.952726527136864,obstruction
27464.514983688296,1.2265786459662362,-0.3334947834072361,8.886882451585045,obstruction
27469.54795200869,0.33885713050253496,0.5901075412916859,10.428456189207186,obstruction
27474.42667097025,1.0447486311126917,1.4095856007441716,10.595165690759655,obstruction
27479.436213490684,0.25996292685441125,1.1830135110744238,9.533657778629724,obstruction
27484.457176583404,-0.7141771242472119,-0.0743545955018704,9.214927437531927,obstruction
27489.51397736943,-1.4682081470146073,-2.1445206990820225,8.2902788191733,obstruction
27494.553536596275,-0.4116328202079102,-0.3209245392930579,8.914648235083432,obstruction
27499.58842683604,0.7791357874775897,0.8979908208695664,9.397184556552293,obstruction
27504.647836809712,1.11434590993801,1.1888082877652955,11.360926816468403,obstruction
27509.59987527206,2.1363560661994807,1.2451640116656306,12.133897584705725,obstruction
27514.606978430205,1.502661044399924,1.1291719519161745,9.551126461823738,obstruction
27519.519655753986,-0.5333956612256552,0.4313403521678463,8.580880355880051,obstruction
27524.53443931179,-2.207080168423919,-1.4233735192522872,8.4673683971835,obstruction
27529.45110636179,-0.25965590631406854,0.7363021890897155,9.105520992935647,obstruction
27534.4451430339,-0.5228578260716816,2.3617624773283605,10.528892797674432,obstruction
27539.522927749935,1.2556407461237042,0.43496839961329115,11.635425588236245,obstruction
27544.53119675525,1.9029353670268407,0.8424328045084329,11.491249101364886,obstruction
27549.5159552889,-0.543789672034259,-0.4415341371392555,9.969827577600228,obstruction
27554.516448790997,-0.36169283845165423,-1.2581889015586822,7.761383100041531,obstruction
27559.621364332837,-0.9235843629510653,-0.31308103993912695,8.75022708376237,obstruction
27564.62313842816,0.5463284858205096,1.697074991208725,10.22194478026613,obstruction
27569.58740689301,0.11338408916514009,-0.13767044466319722,10.684778913785927,obstruction
27574.60897294369,0.7763360302232645,0.842979815532888,11.577875396846068,obstruction
27579.621790945428,0.6776440210582164,0.11566314284469004,10.948646034806629,obstruction
27584.52151721331,-2.053658378926882,-0.35024337987499177,8.896531512791418,obstruction
27589.528665881302,-0.1273432017545577,-0.9746163312029621,8.176047879109758,obstruction
27594.492082228608,-4.504099531881401,-5.319092066307178,4.371319283423328,obstruction
27599.537799543185,-0.07273946196790589,-0.1445189413442444,9.540013176488548,obstruction
27604.5394270377,1.3382541194807283,1.073712039610287,11.373017467575032,obstruction
27609.600296366723,1.0686464472650645,1.7902644582607972,10.68871498150045,obstruction
27614.668706600856,0.2994974716986032,-0.39570722103446365,9.257065768416187,obstruction
27619.68788966846,-0.9188195680428946,-1.6788771240836198,8.740530508845874,obstruction
27624.730547611547,-0.9184967246736842,-1.318381384300058,8.99343786571382,obstruction
27629.709789817516,-0.489385564192748,-0.4088572706544668,7.87979603103948,obstruction
27634.72407491541,-0.23266937529449458,0.8182074573801751,9.231547630983814,obstruction
27639.71273902772,1.42696561388255,1.3957722352723323,11.659341851852718,obstruction
27644.701855799813,0.172693857318435,2.080358448260299,10.293865111234593,obstruction
27649.68552033989,0.4058217649375161,-0.12108078960953852,9.548605909151403,obstruction
27654.63364409807,-0.7559028541072167,-0.3613799553620305,8.24932498917553,obstruction
27659.58714277675,-0.9555147016492529,-1.5736389385296796,8.356638240339946,obstruction
27664.662047904076,-0.7163308068633054,1.178584643778193,8.518113908853998,obstruction
27669.68025838272,1.047855368203892,2.084147128634464,11.131809263996622,obstruction
27674.77040494479,1.3049715978084968,1.2197704248907506,11.669177222052923,obstruction
27679.835951709,0.4760033920852904,-0.3754521710842066,10.192774454479588,obstruction
27684.835144174125,-0.2838906475233842,0.16738258043817555,9.576307864462128,obstruction
27689.875216091932,-1.33585926904881,-1.4146702287008857,8.382206132933385,obstruction
27694.896990925517,-2.7722106475833375,-0.47171215117076853,9.171973172165732,obstruction
27699.96029892223,0.09446253927330323,-0.17732472106943145,9.882345843716305,obstruction
27704.939057249558,0.23441300167892842,1.09962837826494,10.73998693754088,obstruction
27709.932274366445,0.9455331595730585,1.4425751021020488,11.123310857850791,obstruction
27714.98549300387,1.007358947843744,-0.771427912293746,11.048693079118074,obstruction
27720.040878054693,-0.34264106154151136,-0.7850416488906835,7.967341034366565,obstruction
27724.964479332237,-0.48812863910336923,-0.8886802281761903,9.005935532078558,obstruction
27730.022229601076,-0.18492927355130329,-1.1974321850893372,8.34282270259811,obstruction
27735.061309023724,1.1426000090370216,0.24559875152717225,9.629081365758415,obstruction
27740.105462732266,1.911175935958518,1.5790281333047695,11.472323580028608,obstruction
27745.116657289094,1.056081200268297,1.0482140387149415,11.440922504478246,obstruction
27750.128893083434,0.3136777937176024,-0.7950608919569662,8.924755190267676,obstruction
27755.16332922291,-1.69921639887866,-0.9031169231182552,8.960644885528888,obstruction
27760.128907087652,-1.6074322361405167,-1.0421735607361928,8.67884904904735,obstruction
27765.193177722347,0.6277135744634981,1.1684067470625454,9.739027681373514,obstruction
27770.240779942258,0.9436521174502754,1.0307957079990187,10.521504083131235,obstruction
27775.21477166135,0.3641978143222927,1.5816542883293698,12.657965489131882,obstruction
27780.28965403859,1.1032275892417853,0.6298654689510216,9.359145075459262,obstruction
27785.30097379111,0.4071370463012353,-0.27287448528097313,8.510590635853484,obstruction
27790.18672174653,-1.1786900216966163,-1.0933607581244655,8.194724203527745,obstruction
27795.16174254107,-1.136295616307322,0.065555850644472,8.650312242215222,obstruction
27800.248257264484,0.647556438484786,0.8628067878203076,10.26332375571119,obstruction
27805.17144701644,0.9040874187167443,1.4220186844692728,11.253700356230919,obstruction
27810.17437526691,1.5804728555964074,0.8546772312517665,11.19071767731315,obstruction
27815.170643437563,0.6656035256045791,1.6268102720717739,9.499242345789376,obstruction
27820.079839085487,-0.24855141143883536,-1.3845994020952852,9.45469413586641,obstruction
27825.050607972178,-1.7078995104608343,-1.172702956005488,8.335280028251331,obstruction
27830.033527416414,-1.954113540033076,-0.4222097163899276,8.776140832920266,obstruction
27834.962890655686,1.3099167463132075,1.2288069614504264,10.45330269217915,obstruction
27839.922468574543,1.039507795726086,1.1425183464879023,10.997443377455788,obstruction
27844.918818778973,1.6215034486739666,1.2171850274131761,11.359752757090602,obstruction
27849.90822798941,-0.07065386660346873,-0.916136991206733,9.691718246464502,obstruction
27854.897899971464,-2.374940547704271,-2.0218669946576107,8.509239027073296,obstruction
27859.87963399696,-1.1177400992770081,-2.0036828879849704,7.856237992780537,obstruction
27864.90934967395,-0.268658005324736,-0.9985211965722779,9.585774942230264,obstruction
27869.93979261963,0.18846171488456892,0.5348623765038263,11.016788586127925,obstruction
27874.969901074903,1.7423397037914516,1.155359470717085,11.024724974979026,obstruction
27879.956457068016,-0.06622057397869974,0.58894925338135,11.707662406060367,obstruction
27884.882230801722,-0.824220511561075,0.40627861687319766,10.211770709203218,obstruction
27889.874913133,-1.4856496556431982,-1.1512422992128464,8.567139786576531,obstruction
27894.910678110653,-1.7791904352685382,-0.8606331260839711,8.906799490739717,obstruction
27899.886140072045,0.0384821517290968,-0.4506065649632282,9.066426694455613,obstruction
27904.84324047376,0.5977777079505802,0.936034636202439,11.161721154518558,obstruction
27909.880678855337,2.0147464031006717,0.7232438412819613,11.097265676953398,obstruction
27914.922006092413,0.5563186190245806,0.4155516257960119,10.911805328097584,obstruction
27919.88943498072,-1.0771331253305552,-0.6761007900010864,10.2873313610982,obstruction
27924.93104564276,-1.3880503555223362,-2.1973825257090382,7.543021699645601,obstruction
27929.855054800453,-1.7091776214045769,0.092017324487225,8.621849666265012,obstruction
27934.778048988617,0.7171028787872257,0.20324067988570285,10.096414459959917,obstruction
27939.787772033655,1.0449940587087982,1.551538872096077,11.510121328683812,obstruction
27944.809560766866,0.759283356596526,0.09866163682412843,10.963424235796841,obstruction
27949.83159999994,1.1141817486701688,0.8084905869594925,10.40237362679476,obstruction
27954.848702026713,-0.5112555698955008,-1.118647680018765,8.296859740108344,obstruction
27959.94064968179,-1.5649988587804167,-0.6919447520504154,8.304232074767341,obstruction
27964.942761427785,-0.6428255965263285,-0.6010819687979307,9.213717446108438,obstruction
27969.892340967763,-0.02362762151858505,0.6015528400680485,11.119073284187603,obstruction
27974.977110982494,1.335995108666128,0.43125961889417064,10.428289218778225,obstruction
27979.97942286314,2.051826662168729,1.2939913004155255,11.922737922593434,obstruction
27985.029632529175,0.8710952644463239,-0.15642089297529604,9.356033102565432,obstruction
27990.038856957774,-0.6065541681080834,-1.1150041083893658,8.572645695079673,obstruction
27995.02454161763,-1.1866869232373458,-0.8678856723318662,8.581216995644311,obstruction
27999.971600616736,-0.48403761326460837,-0.13077663392831235,9.168377782357883,obstruction
28004.98463536732,0.4344592971384902,1.4667705292729023,11.30874406321204,obstruction
28010.005970768038,0.6602864001682731,1.1690248310407854,11.34887777665715,obstruction
28015.00312333402,0.41024633275946465,0.2984499457972109,9.767492660830035,obstruction
28020.071373733856,0.13753786475941343,-1.2362897105975121,8.656289559341868,obstruction
28025.111773463603,-1.7147423969918734,-2.162221081751865,6.91636209768723,obstruction
28030.118887665518,-1.0862915520188925,-1.1431989053595053,8.87604622534137,obstruction
28035.12517278235,-0.5166109060384817,-0.5152312523813107,10.866863459569448,obstruction
28040.103030079765,1.233100532255286,1.6684342368902743,11.225398168456216,obstruction
28045.142163041764,1.003181299930451,0.2865184084759116,10.441177957963356,obstruction
28050.268485801997,1.1742725702035175,0.1628126931044377,10.022753900733097,obstruction
28055.337284137713,-0.9748125604138067,0.15744238493775264,8.557643195177176,obstruction
28060.449390957303,-0.4344778861970151,-2.1208927004385116,7.794042488344203,obstruction
28065.52120870801,-1.0000229725466712,-0.45605380398894757,8.430427986735582,obstruction
28070.539490148123,4.288793964555796,5.246282196133216,13.52998909983198,obstruction
28075.638194149695,1.2502366062461827,1.6600289446748555,10.78672458815386,obstruction
28080.66175935524,0.1130338870148857,-0.03955668448066896,10.938601916466315,obstruction
28085.698760788957,-0.4874108950645064,0.2701638650992917,9.304903760110761,obstruction
28090.697883233268,-1.1255834323918563,-0.6906599047381949,8.820300223616476,obstruction
28095.766573875037,-0.927713728822376,-0.8371382606220964,8.88600156268878,obstruction
28100.827504948666,0.8194211908853811,-0.0050376864233632745,9.379772156342309,obstruction
28105.744031498587,0.20481217101610327,0.0008206847560009445,12.395046281038082,obstruction
28110.795944849673,2.2620918017293334,0.5868153167427933,12.70676530360797,obstruction
28115.749209344696,0.5525826982724173,0.8510237483452201,10.779563958012812,obstruction
28120.779671424447,0.3671715617844351,0.033382061686599296,7.84464123391904,obstruction
28125.875917167163,-0.9656727787964049,-0.8755560595775069,8.300587245201067,obstruction
28130.955929970627,-0.5079817848793873,-0.8842457548450562,8.865634284694796,obstruction
28136.023678551173,0.4056621011778959,1.1133782072162333,10.332652838794175,obstruction
28140.974881539667,1.4697949891936744,0.19629599242628948,11.414390693832736,obstruction
28145.86677280196,0.468686731984438,0.5308905553943646,10.599167497170436,obstruction
28150.894496474953,-0.31954682159675735,-0.8774705143190653,10.274101916336084,obstruction
28155.896445614577,-1.0825149151130598,-0.08736393979025614,8.400413097562716,obstruction
28160.914808621757,-1.1448343911735217,0.1505758741493397,7.985140236582068,obstruction
28165.93874097001,0.35037319266197037,0.1859497102481354,9.068101122113825,obstruction
28170.922580639857,0.5097333555486222,0.36994092316095073,9.920973664409471,obstruction
28175.845198375944,0.6370958191247342,0.9188183493579023,10.914345919468811,obstruction
28180.82459305616,0.29843150348342207,0.5533692113243542,10.276157688414573,obstruction
28185.878568117376,-0.7500904806205957,-0.7174342862612624,10.278738347005325,obstruction
28190.86000877746,-0.7341522368850961,-1.043717770910932,7.908974284226275,obstruction
28195.882952522526,-1.5409633817336612,-0.09040343505289106,9.38490630132763,obstruction
28200.911766409343,-0.1830047716844483,0.5359140311701677,9.938745337490568,obstruction
28205.977574067445,0.687841206565035,1.5425977280203238,11.707717050910766,obstruction
28210.90794686372,0.6688223025520761,0.5122603581278671,10.861247773482615,obstruction
28215.97601184302,-0.08347605235811788,0.6617484413018659,10.468915950982687,obstruction
28220.969380743383,-0.8719895877390924,0.3117128011851219,9.203684069564556,obstruction
28226.004155699076,-0.5351543415248354,-1.4414606896236002,8.161793833337134,obstruction
28231.006349907726,0.3519562911707606,-0.1603649744295027,8.944740525243605,obstruction
28236.006122300896,0.8596023103810492,-0.13486711031117626,11.47556857038689,obstruction
28240.974826401896,2.0685073665165126,0.8320004626915218,10.732422187357951,obstruction
28245.982490460647,1.254642537949489,0.6718875768834608,11.479123454952296,obstruction
28250.977817716943,0.32525688097921424,0.09355957356700956,9.189422639622835,obstruction
28255.99578293334,-0.8768673669332894,-0.7266234563146028,8.802003954251056,obstruction
28260.98753288946,-1.0583257148518883,-2.119765220868499,7.999358282992788,obstruction
28266.043094194974,-0.9230718640441701,0.00521929670385457,9.527086091178933,obstruction
28271.055822600996,0.9951075182119682,1.2310505413766122,10.317522774992003,obstruction
28276.040286941814,1.5417739845970024,2.1142530522627982,10.576747991023426,obstruction
28281.094688026697,0.8501480090838964,0.6731732385070833,10.305613538687533,obstruction
28286.077681594477,-1.235970498897354,-0.5323235134527422,8.89361861235869,obstruction
28291.156283218563,-1.1690290845926214,-1.6839685446907386,8.486924404472065,obstruction
28296.080380028427,-0.11461561663871622,-0.34979700346593706,8.539643804047696,obstruction
28301.025603803588,0.2088964364080055,0.39588651293029453,9.671192474355927,obstruction
28306.037989897606,1.6609302697773334,0.23484428557451986,11.834580844639193,obstruction
28311.029584822798,1.4664086531907623,0.9832478543910446,10.550324993904638,obstruction
28316.080988881822,0.5440488057969004,0.7684316924317589,9.883255361273429,obstruction
28321.15016214497,-0.4536582629260624,-1.169761551716347,8.651259076169124,obstruction
28326.189819273393,-0.6738181292288274,0.11230980511883892,8.357723215248988,obstruction
28331.264804329327,0.24455664379300546,-1.3092348397859968,8.974435538149661,obstruction
28336.260720366507,0.005503369085741894,0.9667457192588451,10.878141499067654,obstruction
28341.234953989493,0.5380638514691206,2.066296720327745,10.721596274207297,obstruction
28346.25259178048,0.8460894533767706,0.9543913989668662,10.530121730836811,obstruction
28351.36556509247,-0.4337394791478839,-0.8702411538944798,10.25224202516039,obstruction
28356.35638393147,-2.0264281043175587,-1.513652412726331,8.149650394395291,obstruction
28361.38979168061,-1.2147097353563194,0.008244137374722849,7.294189537077182,obstruction
28366.388307752,-1.3131622257624471,-1.19897175687553,10.971115615635975,obstruction
28371.35898498137,0.09857389886266521,1.5166283257022661,10.701134770707117,obstruction
28376.371472691022,1.1202424139016165,0.8946292457072424,11.343444431130921,obstruction
28381.34306630607,0.5995897607820296,0.2040100294598029,10.771036199608503,obstruction
28386.334444017095,-0.5953621556288363,-0.22843145190740644,9.786790726156243,obstruction
28391.259994199496,-1.2156527789025962,-0.5373421750333284,7.540418430053218,obstruction
28396.316599026715,-1.4848591912742082,-1.0780500328673528,8.658374615291184,obstruction
28401.398273733088,-0.11529318662354565,-0.10966888476371073,10.154398044929941,obstruction
28406.443926794214,1.2734565525240973,1.9257058312565927,11.849905704191388,obstruction
28411.410067880624,1.4389771745217315,0.793827397484631,10.3617703033928,obstruction
28416.3406763831,0.28151313140752454,0.29251028762915243,9.766372938038444,obstruction
28421.26676904084,-0.4885691107639617,-0.7787844402459636,8.54247838431164,obstruction
28426.12808943612,-1.0369101637958367,-0.0742335495880384,8.787138697542497,obstruction
28431.21465560604,-0.0640187941784216,0.10466922191343841,9.019169229005922,obstruction
28436.16656485165,0.7365679306294294,0.5707355843607039,10.8283598821575,obstruction
28441.273855949275,1.2219290338334818,1.398133150823411,11.879934749307354,obstruction
28446.30070680885,0.8356588488040028,0.9754619648717867,10.998971829320574,obstruction
28451.34435688158,-0.8632549431367376,0.7859053178206863,9.566006097845959,obstruction
28456.398140644633,-1.379816140716781,-0.6990010232565883,9.022278573299975,obstruction
28461.350626281725,-0.32544440210034176,-1.1357527344069822,7.818057678044899,obstruction
28466.476533026504,0.7577530523671328,-0.3417829469591993,10.173328097216444,obstruction
28471.388052298098,1.4923412718244542,1.2450789492799323,10.054023284951366,obstruction
28476.424952769048,1.9890289095834177,0.7550141628210327,10.306297122929916,obstruction
28481.471318031035,-0.6946694900747021,0.19960862323139517,9.939986925245398,obstruction
28486.31850284961,-0.1332417386859135,-0.4161905885612313,9.050249068938719,obstruction
28491.313170599664,-1.7300938091231886,-0.1793894776921976,8.544287648075338,obstruction
28496.249352159888,-1.2629028964944455,-0.2570575703090411,9.403081697671814,obstruction
28501.256175545623,-1.072890664754634,-0.6921791725924977,10.264390342379325,obstruction
28506.26827468379,0.49881054129126723,1.4003618519685122,11.415337755608927,obstruction
28511.32713799114,1.196870970030181,0.8138400509685098,10.837811636398776,obstruction
28516.305967208613,-0.18908174515093007,0.2979972406241295,10.384589220197515,obstruction
28521.272395319953,-0.2845210815836961,-1.3133503754394686,9.44040599227876,obstruction
28526.230820363126,-1.155266553866982,-1.112284605841247,7.785924747037792,obstruction
28531.202718179116,-0.4790822852695895,-0.6272523758583057,9.27852119919949,obstruction
28536.205901628702,1.4609452655595319,-0.06859288860216906,10.52377025835775,obstruction
28541.23126505947,1.5299152437640537,1.153641458142884,11.034429333350069,obstruction
28546.120573372296,1.1560803161879452,0.8303786309424902,10.678258478801045,obstruction
28551.145271356523,0.28261785675559403,-0.28703651836181215,9.519368734081588,obstruction
28556.10876577243,-0.6317444641422791,-0.4702866911579512,8.579230794713046,obstruction
28561.156391622895,-0.9069669494729049,-1.99968592278076,8.43520123518027,obstruction
28566.220497708673,-0.6748925267363388,1.233679633526018,10.349985990206473,obstruction
28571.176992973873,0.7974089813811246,0.266935509936027,10.40705432249003,obstruction
28576.138255731075,0.9088422959782674,1.0376896678438525,10.824123610134036,obstruction
28581.131967627327,0.4957694002972176,0.8685480863191419,10.476966666129012,obstruction
28586.046094836292,-0.08822108700428988,-0.1355469866370579,8.917715981348394,obstruction
28591.072411599253,-0.5980093810598964,-1.956093631499816,8.884471926304935,obstruction
28596.06560304169,-0.7764908159137978,-1.2002555205358458,8.196889823916507,obstruction
28601.094988007473,0.23524230357241585,1.9272590333176685,10.573124328870426,obstruction
28606.102330165217,0.37908299429275194,1.6160261261965336,11.889220232907297,obstruction
28611.08501571853,0.17929478266014964,1.5211470716286941,11.055289553052026,obstruction
28616.094480743486,-0.13303414670933889,-0.509234880118035,9.77881830578438,obstruction
28621.18079232179,-0.38622284904874826,-0.44651702416866024,7.921248585480615,obstruction
28626.15322308472,-1.7923495891012564,-1.358031397274239,7.876169392198786,obstruction
28631.14874406495,-0.2717863778492361,-0.3494551211546131,9.308154244339729,obstruction
28636.09801856283,0.7332435570885889,0.46381626185014446,10.07031629694219,obstruction
28641.186609127548,2.019666512403477,1.0541065594961745,11.695146559613766,obstruction
28646.096341684155,1.8820893985410305,0.05957278116011311,10.35859850845187,obstruction
28651.107519120436,-0.9330681936531997,-0.4579945689149865,9.590031576314768,obstruction
28656.12752953695,-1.3506037874304655,-1.1263610159394655,8.276395561627835,obstruction
28661.146662063653,-1.2954464966021626,-1.8733581162323625,9.124759895571584,obstruction
28666.1202268661,0.6671547025755316,0.16510671468611648,9.555219774549172,obstruction
28671.12784448522,1.0549676890067994,1.7132385902018927,10.74550766952954,obstruction
28676.193237217936,0.8802382283486372,2.956732823530083,11.260340549085596,obstruction
28681.217751825992,0.6836516626958546,-0.7740072397530253,10.488221662679756,obstruction
28686.20308482877,-1.0947711625855738,-0.45924319513094725,8.519210229248332,obstruction
28691.285685283117,-1.736220345477987,-0.9821520018661457,8.230803617681657,obstruction
28696.200651065166,-0.5070633861670715,-0.12388083429004432,8.763816962997668,obstruction
28701.270377307275,0.958505278592547,0.3717054716566182,10.3953520832657,obstruction
28706.37750442457,0.6479054675878998,0.6887175777568509,11.530909827744189,obstruction
28711.290696407043,1.4760991189589938,0.587915467131333,10.684150794147952,obstruction
28716.316085393795,0.42561537725945503,-0.9431257389817278,9.365414364876669,obstruction
28721.343057023685,-1.5745259851445947,-0.5751909332418429,8.734367463677792,obstruction
28726.35935193833,-0.31557004850150083,-0.39639410887741955,8.568347995157897,obstruction
28731.46519900245,0.6780911963229419,-0.2590711186206337,9.258835639413427,obstruction
28736.50476873486,0.29357643331039485,1.5444799573394024,9.53834135566981,obstruction
28741.480231857004,0.14364929657620662,0.7002777580902877,11.142656337984342,obstruction
28746.427865910755,0.9193240832082228,0.3070199114227256,10.78058992853781,obstruction
28751.440023858577,-0.06019212628078957,-0.343838942841472,9.483966159215004,obstruction
28756.4410922148,-0.9163606242532201,-0.7201567741872233,8.147562487309914,obstruction
28761.391961108453,-0.2793787817109349,-0.9885987467165649,8.405453258718927,obstruction
28766.431415998475,0.5966433670226287,0.20114291475567198,8.697969126051415,obstruction
28771.39350304146,-0.20892250148316194,0.6555308703285743,10.959591641758696,obstruction
28776.384801773143,0.40889115650644337,2.4060714339901073,12.13833289426991,obstruction
28781.39695814437,0.5738502650242296,0.5928562749019568,9.95114537663847,obstruction
28786.29145984954,-0.6590100520833564,-0.9711358554324092,9.389571360639126,obstruction
28791.249267211737,-1.0567579704090844,-1.620896853910785,7.739966787090293,obstruction
28796.139852732675,-1.34322451172473,-0.40922704647132535,8.306465354598854,obstruction
28801.148741144432,0.44993788813201174,0.7369803373475978,9.783425812591467,obstruction
28806.152153539802,0.8624116169230416,1.8976220431990556,10.595573080839985,obstruction
28811.08452712715,0.8837237346792896,1.420459630284864,10.947014844027324,obstruction
28816.13213790484,-0.7433556791864363,0.8414883268210184,9.755207970473103,obstruction
28820.98997929462,-0.6020767279439029,-1.7173765342694662,8.120887930671008,obstruction
28826.09481698415,-0.9005055069483328,-1.1565018157599485,8.702537099128786,obstruction
28831.106990575016,0.23272617435739573,-0.019167423615482182,9.044688204370027,obstruction
28836.11033327041,0.530669760462858,0.8663683334479438,9.96589587621308,obstruction
28841.11856088293,1.3690019127263626,0.7824536462254819,11.533351895064554,obstruction
28846.124412269677,1.422251693965999,0.3678729777943758,11.220999064579768,obstruction
28851.109209246388,0.006622672797317708,-1.0183454735829434,9.726987307457149,obstruction
28856.061734833587,-1.4188330949198928,-0.8332153363028186,8.412862537981248,obstruction
28861.092864047227,-0.10359850910536594,-0.9449354369155862,8.43540822754769,obstruction
28866.163588114574,-0.5598378646622718,-0.6336486957729826,9.33063148377302,obstruction
28871.20680455772,1.1025584905876429,0.9181628048978024,11.214636797410808,obstruction
28876.127292899608,0.6102781512714668,1.256364166957902,11.536489915591357,obstruction
28881.11486954852,0.7223588604128444,0.16492742557226536,10.827788214056298,obstruction
28886.072321865355,0.29154604527179323,0.14961380328250135,9.401401153570227,obstruction
28891.101346592895,-1.7484869134982353,-2.401256192522296,7.971871074710142,obstruction
28896.126711186924,-0.41674994513763797,-0.16439629324422678,8.881535139170575,obstruction
28901.202126729288,-0.16656313743629003,0.13679696301816627,9.634666120494492,obstruction
28906.142499433405,0.9996365664869692,0.89166824929826,11.563806080671622,obstruction
28911.12191114175,0.9231172508428427,1.3600028248314289,11.690484272490686,obstruction
28916.174572108026,0.551110196173801,0.3934936505465292,10.116071397189163,obstruction
28921.158982599747,-0.7065139951303878,-0.27586297517081737,7.920454445795922,obstruction
28926.18655856002,-0.7745696841403837,-1.5653667399299938,8.473790413082932,obstruction
28931.194384024235,0.30562144584668194,-0.26832111284550547,9.042456212509839,obstruction
28936.183069988976,0.8709348224270614,0.6742926024663383,10.772216255742183,obstruction
28941.19320206188,0.859454444553813,1.4133201919898002,11.793760137063794,obstruction
28946.250510006896,0.8453420037787786,0.5329517091807847,11.787775715039082,obstruction
28951.286964105904,0.3260676071577966,-0.10048996556714679,10.138400859800038,obstruction
28956.34966771319,-0.3701544520447301,-1.0241868889069505,9.25116490915164,obstruction
28961.40363795163,-0.12303548921567509,-1.4778547406297953,8.190513441607905,obstruction
28966.411569719246,-0.20625398903887293,0.7320756574055513,9.369758730911684,obstruction
28971.435641810403,1.7333804072177799,1.8207712681322443,9.793667059481658,obstruction
28976.39467332967,1.2131821782668273,1.402291847140599,10.636300181842179,obstruction
28981.488593065355,1.6254577254207678,-0.539567887663359,10.31544302597578,obstruction
28986.449562664453,-1.0751399777807966,-0.6571786178889756,8.874744750623039,obstruction
28991.607084651383,-1.8755923877485199,-1.8783493860450542,8.117386406972637,obstruction
28996.670158169924,-0.7384277285889667,-0.5128796799872815,9.407018857406907,obstruction
29001.631629128635,1.4638081634779312,0.39901754024378144,10.045669775508573,obstruction
29006.647920128184,0.9922539340816121,1.694813421054947,10.838314208003963,obstruction
29011.63030585116,1.3039062311975338,0.8564166144975347,10.994173840445384,obstruction
29016.798537273986,-0.25025557830436007,0.8235470136757297,10.284724152760973,obstruction
29021.674534452817,-1.1083229418033766,-1.692318464027879,8.60028728497314,obstruction
29026.667278044162,-5.098344845677168,-5.111898601959764,4.438290854801607,obstruction
29031.59949073271,-0.7121382214710581,-0.07967818790036428,10.319476208341808,obstruction
29036.658659007677,0.8927653401728981,1.217498588780687,10.592045490117858,obstruction
29041.71769173004,2.9477598521368993,0.8968205880245413,10.88842562263542,obstruction
29046.702122700644,0.28626503436963546,0.520827137490447,10.12281525202667,obstruction
29051.758914735634,-0.5647903262489994,-1.1515644997957697,9.029128193234303,obstruction
29056.860396651806,-1.890935308361553,-1.6996676077709227,8.605738738916683,obstruction
29061.786396274718,-1.311423339469164,-1.1034271941918314,8.733940342662674,obstruction
29066.84505871947,1.0465252783607386,-0.34953341729177345,10.392564121671791,obstruction
29071.839876814996,1.1309513084598233,0.6566040610375503,10.929927597317002,obstruction
29076.777265932673,1.9584981391784524,1.6974889255206715,11.387289271705367,obstruction
29081.821433024998,-0.8790337850587311,0.7283322991347119,9.90893591880085,obstruction
29086.84512593401,-2.352470389009582,-0.6001638943541086,7.930379597715909,obstruction
29091.841667084118,-0.9447778984894155,-0.800612164713776,8.359672294222731,obstruction
29096.81217190431,0.2210157602840221,-0.756696863060755,9.5807072800692,obstruction
29101.80871117576,0.19092393002744945,1.974518726724032,8.867216479800728,obstruction
29106.71678272527,0.5318109869058285,1.2772792069822234,12.33169371647262,obstruction
29111.67426413887,0.9603426000507433,0.3392406110894978,10.823755292561975,obstruction
29116.67731540631,-0.28248337459781847,0.039291810035886277,9.741617214337387,obstruction
29121.608405883795,-0.6569438204988363,-0.026472607916130153,8.354919748951462,obstruction
29126.612161142762,-1.8169372717657601,-0.9572079596826932,9.385749242602751,obstruction
29131.56347924272,-0.5874580339265579,1.5300040686302196,10.638656367817129,obstruction
29136.5280139484,1.7896623538904985,0.8808839030205554,12.140882238655234,obstruction
29141.497703499328,1.1031062226207338,1.6319523715667157,11.361836867522198,obstruction
29146.41712109738,-0.18699850555503394,0.15030340846879253,9.338699381502883,obstruction
29151.40936026016,-0.6801487926613496,-0.23201387270571905,9.067335346827015,obstruction
29156.473617789707,-2.083223168261817,-0.5203052432078513,8.95938729025429,obstruction
29161.49861629734,-0.638657568883793,0.4265973379782999,9.412765402352523,obstruction
29166.514535880575,1.110542515498732,1.0220072993252227,11.60059279270816,obstruction
29171.547153661097,0.7546208166681365,0.6094975692946342,12.17796792654385,obstruction
29176.61064146624,1.1114077548630357,0.5244692089639705,10.555053513747517,obstruction
29181.59759117222,-0.8257696898208862,-0.4987299785175595,10.489984814387295,obstruction
29186.65721110351,-0.50741594080097,-0.9749956229713631,8.458648262871165,obstruction
29191.646837767814,-1.773774070824509,-0.9730008191187386,8.42662996245174,obstruction
29196.613762781908,-0.3545708696852918,0.20699036836110632,9.465728553581302,obstruction
29201.628546142132,0.6207985429729419,0.15685013932079517,10.823176007278288,obstruction
29206.58446079269,1.5519771300772565,1.9533743026831314,11.49037418065666,obstruction
29211.565228574946,0.5217082826234469,0.015381330801460869,10.267941540260066,obstruction
29216.57571790883,-0.8895253943653771,-1.454574386021502,8.084297954269276,obstruction
29221.50658198348,-0.33644776439239243,0.24126671874981187,8.751715817559857,obstruction
29226.453188294265,0.01747229403097572,-0.712450131093894,8.809174291756978,obstruction
29231.468519892012,0.043154143416789914,-0.20440527320495827,10.250778380372916,obstruction
29236.431787511938,2.1835053463587935,1.386647877427543,10.97096388026122,obstruction
29241.421034376126,1.5082207805564627,0.17838522109130872,11.00042197050503,obstruction
29246.380474760885,-0.04891011793410874,-0.9694982412618276,9.86187590519194,obstruction
29251.374871735123,-1.8193049717252365,-1.8871174164245716,8.096045118803863,obstruction
29256.3822493302,-0.42152388622547365,-1.7541820304816407,9.262672489742469,obstruction
29261.385503537847,-0.013249030227808656,-0.37728640370427313,10.722078008582823,obstruction
29266.4022690769,1.037960734233051,-0.15602058492119542,11.155793718001261,obstruction
29271.39889745755,0.618075547002794,0.7743264265439007,11.489232431665483,obstruction
29276.348704171673,0.944745680216275,1.1969326599566323,11.534532802902996,obstruction
29281.4166742468,-0.8648639742285078,-1.68849513753855,8.92210648029918,obstruction
29286.38537464042,-1.6401272390720463,-1.0143101855336927,6.4564239221477795,obstruction
29291.40383396964,-0.3022210539936364,-0.9191451387974986,8.648831639318376,obstruction
29296.340517990775,0.6775152131069253,0.7427351067309876,10.25180720801308,obstruction
29301.3149404432,1.6523429638410403,0.9474283427249852,11.02436621519398,obstruction
29306.428255446517,0.6070731400951852,1.3194460139928321,12.233223944690758,obstruction
29311.435503485765,0.6893424172365681,0.34486752229089274,10.196084728383074,obstruction
29316.534645906675,-0.691642363111539,-0.9598472270801223,8.312414786855047,obstruction
29321.532568301336,-1.662908765472293,-1.7348443403531175,7.623621499461882,obstruction
29326.507061117933,-0.16885494747178276,0.010958099143486832,9.382543304578302,obstruction
29331.596561876384,0.44372137534519784,0.6667201446099933,10.791796025430338,obstruction
29336.56197742402,1.0421722738984287,0.42404849133307,11.02643984427284,obstruction
29341.59474870726,1.3028884355575325,0.47603292654579926,10.37952833225643,obstruction
29346.703801839216,-0.5512103295259088,0.6207916431821812,9.79226528099481,obstruction
29351.704115674438,-0.917720416740377,-1.2536150665397598,9.137665376552253,obstruction
29356.70159509033,-1.0296360102108884,-0.8269256519863669,8.298493519193606,obstruction
29361.767631095652,-0.31626200195699816,0.08047956754231164,9.046208344507608,obstruction
29366.840916705172,0.14299402807146333,0.8600067747429148,10.50802709207299,obstruction
29371.87432520612,0.39621455399530237,1.1088548780750898,11.15278803951319,obstruction
29376.816521454602,-1.0316383948509797,0.5783580182632042,9.859982132760985,obstruction
29381.789574922997,-1.6597287900971467,-0.46299478930920074,8.625863924899999,obstruction
29386.741860015238,0.03896800204522122,0.04960788996903531,8.03929043795011,obstruction
29391.739839769187,-0.3018183083677714,-0.4590071495467374,9.298164475653746,obstruction
29396.685847202763,0.8854607789131215,0.8047735399885181,11.329088007266698,obstruction
29401.688228582865,0.8539757559668182,1.993369056303024,11.938395550925515,obstruction
29406.58537233212,0.7543596634210706,1.6778325859550869,10.410467924201065,obstruction
29411.578338672185,-0.9511808745329056,-0.5040141469200357,9.298466001179673,obstruction
29416.613385482215,-1.2204782135080565,-0.6542341531641909,8.388269139154433,obstruction
29421.66312325917,-0.5274573867550209,-0.18444068585658968,8.554535787230508,obstruction
29426.63295408535,0.2277303814783368,0.11628325148076207,9.81358324850974,obstruction
29431.63027094328,0.5087862000266923,-0.010562793236692736,10.760810718323642,obstruction
29436.580482875626,2.203652608117774,0.1543647740826395,11.70045671201556,obstruction
29441.52601393237,0.2867294501798086,0.7261542077913524,9.822672101076968,obstruction
29446.568518862787,-0.7245858819168165,-0.6781758300269631,8.76788403199242,obstruction
29451.557323111294,-1.0282623032512832,-1.643888168782537,8.81363435710085,obstruction
29456.53351563079,-1.072226150475523,-1.6119645159966098,8.651828982394212,obstruction
29461.65813379531,-0.6872917317413668,0.3757892771017777,10.137532068371401,obstruction
29466.709848672446,1.4879196196208806,1.461615205097132,10.126555842172401,obstruction
29471.724413763168,0.8223418465883912,1.1898618606506144,11.465387919771045,obstruction
29476.68759546396,0.0003197871622488413,-1.258266443949707,10.14574001993783,obstruction
29481.73784325474,-0.387328393214346,0.34608813511095293,9.186464863461671,obstruction
29486.71036934632,-1.8578520650922181,-1.005705320332821,8.803484529348388,obstruction
29491.640179290836,-1.5224579117024866,-0.43416514315482146,9.25539917788474,obstruction
29496.597478406104,-0.25838105199144956,-0.2889630257227588,10.149000268314518,obstruction
29501.552020211286,1.8144065278366623,1.632499539828392,10.740091440137189,obstruction
29506.529935253104,0.6792584965545458,1.4277066083048073,10.926611932427361,obstruction
29511.54964569471,-0.2796676697352079,0.3035717854215941,9.327772681309092,obstruction
29516.52649244331,-1.0015723252838187,-1.4036381620574487,7.795449174513674,obstruction
29521.520761239033,-1.4135410429072037,-1.6100586366123828,8.746493726295968,obstruction
29526.596864669646,0.04661726691703201,0.8655480222129517,9.769880999763325,obstruction
29531.57663958658,0.13181238781490756,0.6205176424356378,10.589705822424527,obstruction
29536.6238272095,0.5513433666973651,2.566253033990237,10.996620539329417,obstruction
29541.61176898803,-0.005765874517882186,-0.3641131239645323,10.923316610408689,obstruction
29546.60968360449,-0.7940390643142501,-0.12003114526747338,9.398312168408623,obstruction
29551.64138400969,-0.7471173863486013,-2.1615233718590634,8.63024313758853,obstruction
29556.654347557243,-0.5779823850545756,0.551734971669928,9.419434154466687,obstruction
29561.671763680974,0.9301532270481015,-0.08908639861414602,10.877042263177204,obstruction
29566.714262835874,2.0128703437825117,0.34589894216314954,10.717089475654985,obstruction
29571.56720082568,0.17296787108492295,1.1454600563591053,11.037239688219127,obstruction
29576.52630407052,-0.150461954282186,-0.7150599452359666,9.174391465357171,obstruction
29581.450872095113,-0.8973914922099574,-0.690687639068126,8.31124336843226,obstruction
29586.400200163524,-1.2925013546443544,-1.4089725643452278,7.501782426417713,obstruction
29591.472859420875,1.9303120311520428,1.1791819902673346,9.507352947619491,obstruction
29596.477121851818,1.6096016863965583,1.0965609514777792,11.79896867310641,obstruction
29601.471241111285,0.6744439922571346,0.9140314256954422,10.80552168231873,obstruction
29606.507009058154,-0.6827757745865817,-0.3505262685110365,9.960719326248178,obstruction
29611.469868239314,-0.4391056166502909,-0.21010922398220155,7.567584672853485,obstruction
29616.511439553964,-2.163639465618843,-1.6188960328811333,8.28417517655572,obstruction
29621.606867058064,-0.0019412396745592253,-0.6299682376174136,9.928872267022811,obstruction
29626.592665846056,0.13826775238774802,-0.35298215523986054,10.493635118509498,obstruction
29631.511695008223,1.1714145979146136,0.6329638797278968,10.741552153797164,obstruction
29636.485643681808,0.0387411409539542,-0.08453969100815406,10.323130498876813,obstruction
29641.542964637752,3.5442265519141714,3.097564723166594,13.60935813031304,obstruction
29646.50669828091,-0.998518413939288,-1.2278206380593928,8.2682926140231,obstruction
29651.439729254795,-1.2170493514996383,-1.1748070359587006,8.328572804150232,obstruction
29656.39828222722,-1.1394820639044563,-0.4822873352914336,10.212876744634428,obstruction
29661.451658494112,1.5963203288504957,0.7127844661202969,10.913461563817236,obstruction
29666.475423454216,0.3296291282093967,1.688484383749116,10.376260561493401,obstruction
29671.481239945453,-1.009900615638346,1.057876197333569,10.249066128436798,obstruction
29676.452341653643,-0.558510790638683,-0.9525380595787105,8.944367459850485,obstruction
29681.4636263694,-0.7573519733487186,-1.444201305184737,7.875232138887938,obstruction
29686.558849473855,-0.4813958270799487,-1.2218118084854017,8.842375480778948,obstruction
29691.578198850402,1.0240938874643615,-0.16163386139961333,10.991887452050083,obstruction
29696.60450063833,0.5123950640820242,2.4042236615510486,11.419342112489913,obstruction
29701.631219490908,1.1899290177604347,0.25335847787470467,11.607054522352122,obstruction
29706.57912866227,-0.48163638229598443,-0.0876153624462301,9.971634805577054,obstruction
29711.491890977173,-1.4910864609820125,0.034814260836665945,8.283032813061496,obstruction
29716.576384484393,-0.8051509123248739,-0.5526288360420196,8.253976623169462,obstruction
29721.58527863254,0.037032190512929275,1.2777645922851577,8.92403852062176,obstruction
29726.563421951338,0.6359256312627326,1.1422320686906118,10.949346117252462,obstruction
29731.618812859295,1.7256216704062552,1.1734546591702668,11.606530706694969,obstruction
29736.58164503944,1.2605880739943154,0.6367871226328143,9.398345569379417,obstruction
29741.610944983222,-0.6635952818938604,0.33763523884684943,9.323640382833116,obstruction
29746.642323906428,-1.8238540105501393,-1.5844984591391407,8.922203459170694,obstruction
29751.642837476982,-1.2563319303517873,-1.1015375731016315,8.97835546565873,obstruction
29756.67615993932,-0.1563763829139947,-0.7725279528722346,10.289028930586232,obstruction
29761.63767839918,0.9757331803184005,0.6066333802512004,10.524649207689912,obstruction
29766.64145957487,1.032239337915107,1.2554641771910893,10.993011261686279,obstruction
29771.601074378894,1.1899911154072997,-0.1006474818687203,9.513417291602405,obstruction
29776.608756285284,-0.7468530919018413,-0.6850601512305738,9.860434307962123,obstruction
29781.49822550981,-1.2842874810539322,-0.710210050213965,8.92951629037811,obstruction
29786.440896353142,0.1384330316115674,-0.6112186034883149,8.612778363237934,obstruction
29791.430891821255,0.8578368578885828,0.5358783460452397,9.80864980908224,obstruction
29796.348095360703,-0.3278200009837169,1.5218000119897865,10.630445098110666,obstruction
29801.329374636654,0.27824295879269345,2.1388690490464297,11.856748103666517,obstruction
29806.38341122914,-0.7142764310296608,0.558013452257761,9.911547891702716,obstruction
29811.37950080071,-2.12384539260551,-1.201970215415216,7.918512403627474,obstruction
29816.52637837958,-1.686296282905043,-0.9460246733667841,9.31141965871698,obstruction
29821.43879523626,-0.3410539290524635,0.43766392157086564,9.412953880458494,obstruction
29826.35349829213,1.0359049219420824,0.2288623810121666,10.523877247672152,obstruction
29831.47384827533,0.76612241945366,1.2702846173911853,11.542862057617445,obstruction
29836.46141747269,0.7858381573984481,-0.31406928602774264,10.482572686474319,obstruction
29841.46392054337,-0.7828198519340561,-0.43491910196112793,8.889372009209092,obstruction
29846.43542781866,-1.6232602490271568,-1.029778583509685,8.497110696633273,obstruction
29851.48208317578,-1.2069879071190928,-1.2416428737714837,8.674683079876898,obstruction
29856.431563939208,0.35839701154306136,0.36086829112936886,10.401746275835487,obstruction
29861.411076620017,1.291385215707094,1.2003987469042947,11.16961461801903,obstruction
29866.554173372027,0.6387092708174316,1.9569177037747174,11.03511058918793,obstruction
29871.55436700208,-0.4307315554304763,-1.5302372748627955,9.838604675085348,obstruction
29876.51441451561,0.33575560714626396,-0.7764203262003528,8.414928976492952,obstruction
29881.46328507581,-1.6157879762890182,-0.9476144258691579,9.268341982025484,obstruction
29886.40885699831,-0.9378330500884176,-0.5247018039697066,10.29084086978818,obstruction
29891.456481222944,-0.463676048471965,-0.7198685110673376,10.95703495196013,obstruction
29896.473647012608,0.5612013826337774,1.6431549352965882,10.913373399084023,obstruction
29901.483061252762,0.6167378134535786,0.6837905536095162,10.882868152856474,obstruction
29906.491437438,-0.1642837131823319,-0.7482074878092776,9.869559050780705,obstruction
29911.45713844066,-1.4960524249828144,-1.3279553276051537,9.240999147496712,obstruction
29916.4149819607,-0.6383750717898389,-0.12294053637977731,7.468011230654653,obstruction
29921.48556915523,-1.1985791806311605,0.8901811436164467,9.268775438800018,obstruction
29926.532724669963,0.08779397499684594,0.008315164851572021,10.264548052233314,obstruction
29931.463763190568,1.3396374707834802,1.100174829291676,11.723880054764049,obstruction
29936.304557493815,0.5812268060624777,0.3407079601060241,10.782725303998953,obstruction
29941.25649704949,-0.40068082626601437,-0.2299513409161734,9.301237728447976,obstruction
29946.206211579087,-0.9231609362762582,-1.4454640701545816,8.860932257120341,obstruction
29951.252625832116,-1.2111705784675753,-1.2964288029487063,8.38937968552482,obstruction
29956.255862394235,0.7330305767467116,0.3487843755349531,9.716540727958053,obstruction
29961.189577247766,1.1820755672788714,1.3652712870303652,10.993016791864717,obstruction
29966.215279341228,1.4984909811383402,0.9060239625946088,11.415353762695682,obstruction
29971.17570799577,1.0537982262834913,0.9230146027232433,10.00320415653167,obstruction
29976.174577818674,-0.8014166137498924,-1.6425919146000312,9.517035620011395,obstruction
29981.12295163814,-2.135407929836536,-1.0324163950338832,8.780582921326562,obstruction
29986.113416576263,-0.8287916506094306,0.021185621257911125,8.916412718806185,obstruction
29991.10184271499,-0.6853006851732851,1.2269218580733394,10.022670575464964,obstruction
29996.092692217477,0.62352567817229,1.2187985773514713,10.380674534458716,obstruction
