timestamp_ms,accX,accY,accZ,label
0.006013498172981696,-0.7663296695425665,0.19198811553857886,9.391048344266043,obstruction
5.005903395350648,1.2228411860617987,1.9049985883305385,9.549552951748387,obstruction
10.017877401790333,0.8127647622350236,-0.3844604427076985,10.912016339029897,obstruction
14.941824961351124,0.6747293451588704,0.8193204762490376,10.709401838245931,obstruction
19.91822067371226,0.668038318433563,0.16470949064173418,9.563571079939168,obstruction
24.939767937467234,-1.3611489461681903,-0.8973128682700913,8.423474908186353,obstruction
29.993215953235335,-0.7982393532097802,-2.141347976399132,8.592813994831193,obstruction
35.04151847294992,-1.0086907164391445,-0.8745789665289351,8.871996218956768,obstruction
39.95546976337029,0.6942851689134835,0.5914171332325917,11.04260524649027,obstruction
45.06831419949082,1.750938191488014,1.3893401070947693,11.299166307000151,obstruction
50.05039697850313,1.496119439974412,0.8091303374220793,11.22530343747935,obstruction
55.046405043895405,0.04356176149885406,0.06967916883445911,9.785432914344913,obstruction
60.076617773452234,-1.7640147438544733,-0.8474534576250433,8.847111955523381,obstruction
65.08031092661444,-1.0362049960203228,-0.8314717123893804,8.254834388806021,obstruction
70.11715468147567,0.10686912699506118,-0.28577225287508895,9.440047161171291,obstruction
75.09240498585591,1.2503715054793925,0.5874889689239803,10.526706220626597,obstruction
80.1831039632035,1.6025516147769603,1.530165534056938,11.088347537140006,obstruction
85.18266687738868,0.314069630299373,0.14621280361531452,10.597673461918601,obstruction
90.13834965573571,-0.6600990484194671,0.2380026026784418,8.527869618017927,obstruction
95.10700094134573,-1.157399487566157,-1.1400283838875502,8.721884946116711,obstruction
100.1707364363622,-0.45853674303069814,-0.31040309044510794,8.291694421832805,obstruction
105.237609529546,1.0537094105076736,-0.224888007081502,10.240833260312352,obstruction
110.31153741908328,0.18037097548681624,1.0748184696332261,10.730586688378075,obstruction
115.15752677104338,0.23065242718340073,0.8086906852144782,11.243966245860515,obstruction
120.2666209018229,0.6912544901574809,-0.18653921899827816,10.654353160076475,obstruction
125.3333442976242,0.11390599263839674,-0.32961857161948493,8.641577288114918,obstruction
130.3156230492084,-1.4194882851878117,-1.9612674988546628,8.431038266538662,obstruction
135.34005773937884,0.004113608621902964,-0.16582379015503684,9.560485987705063,obstruction
140.3061831844137,1.371636452091695,0.28930438888199084,10.867525274049584,obstruction
145.32644021521267,1.6686042436799389,2.085249379825565,12.04077352386787,obstruction
150.2560947443067,0.5780758671674312,1.1736747804111778,11.125260055982027,obstruction
155.20037143672948,-0.9494701178514703,-0.5184106277916656,9.42664120813573,obstruction
160.20925494698017,-2.176120507996105,-1.106970822834288,8.587304914870806,obstruction
165.15684790614364,-0.6812283957106862,-1.009623847205146,8.221040452521237,obstruction
170.148609732267,-0.04695634856595002,-0.4924702691522558,10.676615903978664,obstruction
175.2066498053686,1.726493138707805,0.45729947601349447,11.0291121376078,obstruction
180.20144517950774,1.4073361611607957,1.2494735584089536,10.854596261517264,obstruction
185.22357267305955,0.9293415702293459,0.284792790534383,10.591985565543052,obstruction
190.2770143974101,-0.4370485685383771,-0.948693520575833,8.04663304471599,obstruction
195.27644105999,-1.0454567596576259,-1.0478353751652294,8.782243915802782,obstruction
200.29250282255768,0.2564920945127567,-0.9503558897149327,8.587732656030058,obstruction
205.2091001801988,0.47532268157837165,2.006872020150089,9.65324282440279,obstruction
210.19836301309135,1.3487280753378177,1.3857651656315877,10.618939502492342,obstruction
215.2145762890438,0.341241481604453,1.814190368941257,10.883441866260595,obstruction
220.14508390343886,-0.513352011236656,-0.02036962663584964,9.998688308807898,obstruction
225.12976960029,-0.8294647328996329,-1.5580894224611492,9.163832704800834,obstruction
230.25667495621707,-0.9689685412314442,-0.9833775527395918,8.990550832138506,obstruction
235.27717706290116,-0.17656206165838692,-0.533710785997578,9.446872291823869,obstruction
240.29485916792862,0.33927473549448617,1.1920498204089252,11.263908589045393,obstruction
245.27325358663222,0.6527408363652896,1.7181955993636338,10.003553924035243,obstruction
250.29964609859428,0.16731980849318911,0.6199299621665364,10.830047060592463,obstruction
255.24374489210427,-0.32914782343967086,-1.3710296205587915,8.89379953526616,obstruction
260.1980438550558,-1.4271840086599923,-2.372920227343985,8.44359294464554,obstruction
265.16804965888196,0.30472821251810445,-0.5634734081947143,8.874559617296336,obstruction
270.23926495397615,-0.31864220528745035,0.21002902669268747,10.112865723845902,obstruction
275.2616130841111,1.0887867289718207,1.372420932129105,11.61760860523723,obstruction
280.2468408221091,0.9121860458500743,1.3868946689127104,11.111280478762248,obstruction
285.1711979646619,0.2895862085752962,0.2800329750784238,8.842596983235739,obstruction
290.17393290410206,-1.7635713535302597,-1.6990494840404988,7.766394453264367,obstruction
295.1704202873296,-1.4949263273239195,-1.2475129316298674,7.7698971203164735,obstruction
300.18300933725016,0.030194371895790217,0.21514533061464564,8.394596059671722,obstruction
305.20952655489674,0.5558841999454617,0.9481173707808905,10.833204731860882,obstruction
310.20145031889234,1.34331533614092,0.8963552934616934,12.218641362981659,obstruction
315.16856702794365,1.0141840441058563,1.24419677057401,10.35887912593954,obstruction
320.1299282204635,-0.48771549834749073,-0.293220004013927,10.612287419901245,obstruction
325.1899485797835,-1.5329411246291424,-1.5935571618894584,7.68764065180863,obstruction
330.2426492402126,-2.0921109795161126,-0.4201989713689551,8.067955317154812,obstruction
335.22771021035607,0.3498926130182989,0.40160392144380264,10.075856546071726,obstruction
340.23810899828266,4.606224990619691,4.425556430384194,14.847476814563624,obstruction
345.14728116500294,4.9261490422846475,5.191039767961024,15.315614142922662,obstruction
350.1196522129132,-0.38189040021609766,-0.17986863667848718,10.446348011966286,obstruction
355.1405331349586,-0.1433111259647632,-1.5861036200406997,8.290345619485743,obstruction
360.1384924085371,-1.137280117202485,0.07221121839356592,9.041816235440795,obstruction
365.12601572714595,-0.23398629521983916,-0.0045427695899507015,8.312844986582316,obstruction
370.15730906312587,-0.6392658111831282,0.5810988449395484,10.177791168068342,obstruction
375.1657208930629,1.4544091224755942,1.2051771554642394,11.246008514369702,obstruction
380.1989129860797,0.4094046163489019,1.9874472622680899,10.92042672626586,obstruction
385.2878661630335,-0.11638172566829336,-0.6074854296904365,9.601598715957003,obstruction
390.28346695473425,-1.24893104115879,-1.633288175096053,9.644072958536563,obstruction
395.2680661451909,-0.28981230261001534,0.28372869183221194,8.55455405309385,obstruction
400.2920998394521,-0.4726057615666045,0.669815801070363,9.248092515296337,obstruction
405.28119702146535,0.06744279844782586,0.8126674646959321,10.557817196782455,obstruction
410.3071239551112,1.742948727603491,0.3120132566168914,10.915780834535456,obstruction
415.34540918241913,2.0416857658792313,1.8524233643904942,11.057190510086786,obstruction
420.3961106961172,-1.15352831274174,-0.20410340711949934,9.15562378739217,obstruction
425.4918945525322,-1.6352524800957544,-1.6383071733944399,8.001479459947424,obstruction
430.38133105869184,-1.8833226999343011,-0.9473880336365417,8.784073771179306,obstruction
435.4662573185082,-1.1091403032918454,-0.4840554689093342,9.100092537621057,obstruction
440.44302675656746,-0.07173161680709139,-0.13171662779927074,10.683082438239632,obstruction
445.38038412714997,1.3561833924312492,0.4492156970970571,10.81259967078941,obstruction
450.48010324915657,-0.002815767473653308,1.1315628219119969,10.08133206427741,obstruction
455.4483200015326,0.9030590136931104,-0.17040054408756905,8.314174585968567,obstruction
460.45496236081715,-0.8239429634397648,-0.42933591427347506,8.570664791919665,obstruction
465.41255961604463,0.1550238710188495,-2.2610594921939793,9.228945762879487,obstruction
470.45066733462016,-0.17206599411652945,0.328811760102153,10.40615788277928,obstruction
475.5103669285219,-0.23557061660501555,0.5341449827526243,10.747705747482202,obstruction
480.4895750919821,-0.08016282383306339,3.0064398587636503,10.719426384652653,obstruction
485.50164990298504,0.5500402948489171,-0.786128323035874,9.947147451636594,obstruction
490.544288962071,0.19570017670571138,-0.637046178196364,8.455662087369674,obstruction
495.5042814147932,-0.9393439603381448,-0.20216495923991595,8.567983055442763,obstruction
500.4563335951547,-0.7446860033344886,-0.40810153860378107,9.522856175462252,obstruction
505.5074005068632,1.241145357373697,0.42476204160582454,10.950544280392839,obstruction
510.5895744495723,1.371737830934849,1.455749193100289,10.612326533969249,obstruction
515.5960976137598,1.2968691402675692,1.0499246969453728,10.642269878049593,obstruction
520.6001572861967,-1.0991475415265692,-1.0463406376554873,8.747989481803907,obstruction
525.525145403138,-2.4047879022781555,-1.75452542719463,8.505341421507618,obstruction
530.4820553560014,-0.07777954437607737,-0.7459736821602385,9.444053803603863,obstruction
535.483257925772,1.0656208447581015,0.4289047320511839,11.08171543343942,obstruction
540.5199461400387,1.6480321805999898,2.430442585714184,11.650044734614724,obstruction
545.468418016875,1.0963486285782893,0.00323392206366091,10.698433502248362,obstruction
550.4742774263643,-0.3686040243564128,-1.000333747058336,9.514702293044841,obstruction
555.4735774989306,-1.7429815592656104,-1.365771656888483,7.1360961253007105,obstruction
560.4693969218697,-1.3120574671225638,-1.0589981652437075,9.2613952961938,obstruction
565.4426001497657,-1.1660516945935273,-0.6504450279633173,9.029100283758547,obstruction
570.4257001913944,0.028777159008684494,-0.1359207034009141,11.319227384243714,obstruction
575.4002286547883,-1.126864431583952,1.9680750157839733,11.692566733727844,obstruction
580.4652105941186,0.6119113827039917,1.4578674010992154,9.89327890149003,obstruction
585.4600501497201,0.0978547824812579,0.027104488565673934,8.501158197199764,obstruction
590.3560002584851,-1.7521991599180442,-0.47414919698388847,8.620355793574452,obstruction
595.3674033967026,-0.32535143774739306,-1.1741119349382683,9.228656276825,obstruction
600.3705958821284,-0.05718181847133827,-0.384828521425603,9.55398613021693,obstruction
605.3783133141845,0.4754173032182226,1.110473503641113,11.716458089879968,obstruction
610.3045278210429,0.5752318342274807,2.058648937304092,11.089301827456051,obstruction
615.3744247112302,-0.8541489145860135,0.3277974777791778,10.084379330766652,obstruction
620.3373327057412,-0.25337423178358176,-0.5918250412566273,9.136222669039988,obstruction
625.3033763363223,-1.1154504722411271,-0.2639705585026001,9.07170314284322,obstruction
630.3336888573175,-0.24953250941918143,-0.12492679529869122,8.729010103847415,obstruction
635.285372894055,-0.023038178726258185,0.7072010499258686,10.197500426724114,obstruction
640.2543535528337,1.7046232151721314,-0.018886647735345985,11.113965539490177,obstruction
645.2788470837843,-0.09797772308937103,0.5283893570154128,11.088673775450145,obstruction
650.3417952152894,0.2610532126950288,0.255329086843919,9.127789895731398,obstruction
655.3383824730539,-0.8011258609375091,-0.9470711171984527,8.153599418988385,obstruction
660.3444973890041,-0.687407128215856,-0.1883109508469495,8.813529614270816,obstruction
665.3438993277585,-0.2707466992078734,-0.042387315659343394,10.11348639827741,obstruction
670.2975864243987,1.7364296670547084,0.6383815904232409,11.263628687101406,obstruction
675.2717898683935,1.1213839496153846,1.1319440390161806,11.292451604844311,obstruction
680.2495089754023,-0.8174009572974961,0.4612115030977193,10.16464665974576,obstruction
685.2016230155907,-0.20370481933707552,-1.1468883916601786,8.883071459509623,obstruction
690.221692749522,-1.9304834563063982,-1.1197731361972012,7.797187638648431,obstruction
695.1690529161435,0.3256114123389259,-0.3308565421131063,9.15101973173083,obstruction
700.1928866323107,0.7808864074561347,0.8088791306683212,10.833711352808239,obstruction
705.17499073042,1.5031573098775155,2.1554226641835244,11.994338150275869,obstruction
710.1971673396393,1.1507918752516135,1.8441552735719693,10.461283362260625,obstruction
715.2116493782651,-0.5094747298517376,-0.7305619024129097,10.227919094503257,obstruction
720.2333713410453,-3.0439502433979078,-1.0810541304734629,9.507653956273568,obstruction
725.1461935967247,-0.31417713732836605,-1.546628557222871,7.926269235063764,obstruction
730.1401294679401,-0.31538443762969154,-0.783254168187351,10.331232200332607,obstruction
735.1920529192629,0.5596682790254648,1.4169686937662231,11.139945226515273,obstruction
740.1755873702358,1.088549461582873,0.37654487392353264,11.039115294129454,obstruction
745.2001953886883,0.5086697875374934,0.370924705159175,10.884254663412003,obstruction
750.1615357201802,-1.0983095489110126,-1.9891083962249154,8.982382632905512,obstruction
755.1994826287785,-0.8515805899839921,-1.771315207734222,8.696876356895622,obstruction
760.234780325374,-0.3521366179483841,-0.7349469533517969,9.590790236696106,obstruction
765.2021195788278,1.1057443491175156,0.6085599892712228,10.151257326021236,obstruction
770.2199085075764,1.567770677114411,0.6292018748265088,11.08451460519007,obstruction
775.3432070581591,0.7497678193909388,2.198309970891393,11.407043823977688,obstruction
780.3300657088821,-0.11956776415134612,-0.9172895323558394,9.376527796640366,obstruction
785.3177457389999,-1.2609853307839833,-0.8731319803435046,8.603018809902533,obstruction
790.3684925877676,-0.9789404191232218,-1.3083470391972176,8.602100153969937,obstruction
795.4081345030221,-0.28177070220771844,0.1014356292150343,9.44088472407712,obstruction
800.4727613047761,0.11445621689801655,0.697774393942464,11.714101322261444,obstruction
805.4652768762018,0.878824837250642,1.0410597526454743,10.582314536470609,obstruction
810.4685559312995,0.35137242693749127,0.8922103620564619,9.760443070288245,obstruction
815.4646453965686,-0.9316260199581947,-0.7106884174322983,9.415921168124166,obstruction
820.4461554355427,-0.9622271359451324,-1.100340446693554,8.345304503038692,obstruction
825.4267859192306,-1.3344529173513084,-1.1173734804841982,8.729634968693905,obstruction
830.3955473306584,0.799280986486814,0.7029498268637052,9.961929365238284,obstruction
835.3765237681461,1.747880287487525,1.0274220590059602,11.000621586607439,obstruction
840.3053665167032,5.39736475754766,5.360657440355772,15.288809807113639,obstruction
845.2395755863682,0.5188518060418883,0.5790511490487101,9.233651744761254,obstruction
850.2152174305417,-1.210761969838463,-0.5392755901274857,9.297444754464536,obstruction
855.2139204376092,-1.1930405969509619,-0.40307846486867005,7.380923422724992,obstruction
860.2299603602638,-0.3672306356662164,-0.6112417666250973,8.771315526037759,obstruction
865.1031069094356,-0.04594071919590903,0.19336397624232,11.331332929361873,obstruction
870.0569118585447,1.5339656436169484,1.2761433694379556,11.028559634981704,obstruction
875.0928980551157,0.48815342405475376,0.8391839533077303,11.983694050560706,obstruction
879.9562960792925,-0.512371411098143,-0.1070985793874151,9.35180288882227,obstruction
884.9518466581823,-0.050217393812464595,-0.9279575127094869,9.214207029169156,obstruction
889.9193681582547,-0.9999413510365742,-0.821047948285725,8.243121918351072,obstruction
894.9564557793016,0.7167411075059436,-0.7079722473100375,9.660664033415959,obstruction
899.9701894078282,0.2461532661844027,0.8981962853778698,9.996215487106802,obstruction
904.9116345292463,1.507279064702753,0.7780533585125845,11.734121775787786,obstruction
909.8379681620683,1.5473052583800004,0.9449591793787884,10.036048063713789,obstruction
914.8313558036826,-1.0770614140259,-0.6350082493101719,8.990024463966334,obstruction
919.8184456162619,-1.0106139537338512,-1.7353203600600424,7.6635290006864185,obstruction
924.8160320871497,0.17381307641525567,-0.5208721064696652,8.682456533159367,obstruction
929.8075622436069,0.3242087865690429,-0.018173255780477515,9.953030158601509,obstruction
934.757733059257,0.7212576671715432,0.8591621369905121,12.06122741410508,obstruction
939.8057580973798,1.0111257683642025,0.8313154671075428,10.841902077209646,obstruction
944.8502274928422,0.8931816320906082,1.1138004875577256,10.385004501616766,obstruction
949.8653113566011,0.15384300234172277,-0.7080970913982038,8.417853865225997,obstruction
954.7906805975296,-1.0532453584642518,-1.2565060798137289,9.361513444087574,obstruction
959.7417405351739,-1.0769720815150097,0.3723375665584094,8.998476260291692,obstruction
964.7744596373257,0.35944535537439476,1.6440049894693756,10.363376467195986,obstruction
969.7406205043332,0.37143724850726634,1.5325814462377731,11.882363362370008,obstruction
974.7137199163676,1.170838478584073,0.5453611551819353,10.590963128062025,obstruction
979.6670878994606,-0.055933816795425084,-0.4531996058964219,9.66361660095075,obstruction
984.712844631986,-0.32468089285829704,-1.0851997159018965,9.245505757091014,obstruction
989.6573323670613,-0.8687863269522,-1.0664785287508132,8.687608729142848,obstruction
994.6295416686156,-0.7319398546015754,0.7304840502201995,9.74635745852605,obstruction
999.640278836845,0.702046399210092,1.3260000407271126,10.931116999390822,obstruction
1004.6746337961982,1.7122586158740414,0.6382081001401587,10.103349313058626,obstruction
1009.6893020939674,0.13426712641153665,1.1364731690807306,10.526670574684726,obstruction
1014.6901128046901,-0.9039164378730975,-1.31864110049975,8.565718099708864,obstruction
1019.7155733568826,-2.608786424103522,-2.4602501840126,7.781554869669651,obstruction
1024.6311599455728,-0.6189522367080641,-0.059208364187259166,8.784306652339243,obstruction
1029.5120785925703,1.441536238724568,1.0940156686786022,10.177334470977424,obstruction
1034.484490706645,0.9484147600798194,1.316325655580559,11.430845278184778,obstruction
1039.4444158068611,0.15666596249448383,0.8833110252210086,11.34999827233301,obstruction
1044.3812179542067,0.6105389402709873,0.29554923580818215,9.969917178623689,obstruction
1049.2930158648935,-1.662827315600913,-0.6344670045739369,8.631822940681726,obstruction
1054.3702015994043,-0.9818800349476151,-0.9359804809427071,7.1068683647921995,obstruction
1059.4339311281333,-1.4105907105063658,-0.14252009360247314,9.334964382875727,obstruction
1064.4087219396376,1.0782245860151574,0.8346721527957259,10.676613129657072,obstruction
1069.457355264707,0.8834026633606515,1.4672954860119238,11.630232856206907,obstruction
1074.3765173117722,0.5611198715505678,0.5881638606698016,10.40222577171785,obstruction
1079.348523997143,0.11660179660181982,0.5376644216501677,9.963597793756648,obstruction
1084.4482685536998,-0.5438337255609152,-1.134196117349763,8.269222468530073,obstruction
1089.5721956689226,-1.2121243952219698,-1.002948162955763,8.551285999703422,obstruction
1094.5132330253457,0.585580446895076,-0.5272105445406224,9.318271064654457,obstruction
1099.5263521782892,1.4034630298689095,0.8251715681398087,10.802461029375296,obstruction
1104.536482354113,1.330429104686169,0.8843769976531999,11.242938525973516,obstruction
1109.586810200513,0.3383978614877023,-0.14880141623961296,10.779097919775399,obstruction
1114.6026586976493,-0.6904027930964602,-0.6828594689105228,9.576872881786471,obstruction
1119.637111710458,-1.432859889363332,-2.0730107019244417,7.6264753052550445,obstruction
1124.6795926157474,-1.482041071849674,-0.9444680305912456,8.258532098621489,obstruction
1129.7032965668309,-0.12305811208180917,0.3317303965572277,10.113071621361092,obstruction
1134.7297212446863,1.00998061274656,2.2843486177227077,11.277343192439387,obstruction
1139.6698202329417,0.8206138779022394,0.9924003199021052,11.382579656302267,obstruction
1144.7315858845643,0.35360132722969906,0.8789276969717528,10.462319533747076,obstruction
1149.7068713291271,-0.6286277588406076,-0.1153548954780591,9.137967592461901,obstruction
1154.7349797355469,-1.6227417743465034,-1.2913135082086722,8.160904629208934,obstruction
1159.6985253974917,-0.7300170205254477,-0.8620972157449229,8.650879599817898,obstruction
1164.6093275810097,-1.176959275321024,0.9074513660720129,10.797696009216258,obstruction
1169.6573820090678,0.3683317581950485,1.143382564868908,11.798998447682669,obstruction
1174.6330813084226,1.4266705823378787,1.9466528368576965,11.041991715154692,obstruction
1179.590350508482,0.9237250937315417,-0.20087749121659737,9.405724169935532,obstruction
1184.608577378395,-0.8590112841177902,-1.4829371517032093,8.489021203868104,obstruction
1189.6154259576044,-0.9440063754987341,-1.4600724249294905,8.696786245330987,obstruction
1194.5420124857578,-0.04949409275448008,-0.2533828747262374,9.181201032085609,obstruction
1199.4977365881427,0.44819707244147927,-0.40818038913236765,10.265057927417264,obstruction
1204.5801003229856,2.315793674840249,0.8901834857790443,11.230930169495515,obstruction
1209.5236248990216,1.040236530013182,1.4729833661795013,9.996742641336166,obstruction
1214.4836521290313,0.5274096022181693,-0.7159696062284613,8.922712782319687,obstruction
1219.4545385803142,-1.2850962108034998,-1.5110470468614174,8.373412166470082,obstruction
1224.493389348512,-1.6777243221083245,-1.1561565249670125,7.704872766063165,obstruction
1229.4633565649237,-0.3237215164191574,-0.8447617558695502,9.250965284209665,obstruction
1234.4570324276508,1.2702033914916908,0.6116037110878567,11.101369670785484,obstruction
1239.4206418793826,1.6190557392355673,2.3182615449410604,11.421990642322523,obstruction
1244.5260418392313,1.370873145760537,0.36988415617590753,9.711156026703156,obstruction
1249.5336630172992,-0.9611326389524417,0.05406802654487486,9.407265676240714,obstruction
1254.5416941150513,-0.6520367334852695,-0.9426794381854617,8.561234625340004,obstruction
1259.4633964763566,-1.1632435393158598,-1.8526938977122283,9.412900910122021,obstruction
1264.386110162884,-0.1868103181287437,-0.006243631737486155,10.587801734636566,obstruction
1269.3976292213483,1.1188248698061143,0.8679656903636543,11.228123009943149,obstruction
1274.3887250158605,1.6322988536954814,0.8366388273170897,11.524607589374174,obstruction
1279.3743108526273,-0.3244831456640791,-0.6985601843473366,10.717657671364398,obstruction
1284.4299192729875,-1.5520206384272326,-1.084394328769669,8.681069284361719,obstruction
1289.4368801989438,-1.5549255872433776,-1.596304373781845,8.621477195732274,obstruction
1294.4492355019331,-0.35270232276611313,-0.6973019450178695,9.045082989623447,obstruction
1299.5278065637017,-0.5839652230095855,-0.4693853799577007,10.112044212075759,obstruction
1304.4917727542613,0.5164043332055371,0.9128095092221638,11.142097426797699,obstruction
1309.4819820690877,1.4696861381171993,0.011486126774860161,11.216527099661997,obstruction
1314.4794800157033,0.1086081505076558,0.1125002158227147,9.38042577191999,obstruction
1319.4585265549763,-1.6088841117992558,-1.1386149924829045,8.18024271783134,obstruction
1324.4358342201792,-0.05879422562935266,-0.14826554914555456,9.140649567137196,obstruction
1329.3778631508133,-0.07790456531560935,-0.9089146998342588,9.773599960329724,obstruction
1334.4547951435109,0.9106195999611821,-0.11249285153515154,11.171973833667927,obstruction
1339.438497418898,0.7502644489617165,0.7448471831287224,11.150770474012019,obstruction
1344.4787478432986,-0.4723297909946578,-0.10530524422624954,9.552896368190362,obstruction
1349.5052619692553,-0.10912038717506867,-0.4652450855354551,8.658766717143608,obstruction
1354.4999440644058,0.1080058787659024,-0.8156969488520491,8.747225781882799,obstruction
1359.4446117400344,-0.00010606457841477734,-0.07055592935099175,9.894609134655909,obstruction
1364.40870711863,1.4232060430024145,0.785164850254109,9.891360847430452,obstruction
1369.3777947155547,0.6021313720970803,0.3648233636756687,10.810610957353095,obstruction
1374.3227809911887,2.236498104728954,1.8151310090772936,11.811161711266134,obstruction
1379.260790907304,0.017075836585772636,-0.5079802756357584,10.301628390512308,obstruction
1384.2553080942525,-0.8501374994622636,0.3566526260415843,8.832182363393235,obstruction
1389.2694152910274,-1.5986377174853599,-0.29115992003924596,7.889802479295114,obstruction
1394.266926745608,-0.28679086096248063,0.1373090042941723,9.964562669219841,obstruction
1399.239778449826,0.643684699120665,0.23367778591617677,10.036429936966748,obstruction
1404.315857321307,1.7965865863618937,0.29209349969543597,10.523015997786851,obstruction
1409.3464476660788,1.2021464218206064,0.6623718242930976,10.682905115347053,obstruction
1414.3647669431357,0.17452405990787342,0.22734544329448783,9.903205623491699,obstruction
1419.3591051825229,-0.6327937757521567,-1.673898594484203,7.854522250344695,obstruction
1424.437250058446,-1.4919002937532801,0.7055813102775779,8.004702120064886,obstruction
1429.3800287267154,0.42822456377973567,0.1369265520468284,9.490095636281385,obstruction
1434.307655398838,1.0763805884048687,1.4780549626472457,10.353289348816318,obstruction
1439.3083198796007,1.2038487739264785,-0.07153470660976136,11.019182955718675,obstruction
1444.3331379042265,0.6071481713213452,0.156291282984115,10.569100960565898,obstruction
1449.4133599893469,-1.1896812140345132,-1.5667044703041126,8.772399299991264,obstruction
1454.3934436148024,-0.8182915406752962,-1.2986465935689113,8.764239215495074,obstruction
1459.4015289037836,-1.5166205292621262,-0.5506964221900013,9.45359965429043,obstruction
1464.3606436189332,0.1783002383104416,0.9409971277590713,9.407553262018993,obstruction
1469.3582712499106,0.43413485815793884,1.2252991184997548,11.826783813901423,obstruction
1474.3306918303547,0.019549511968979916,0.5843849881719305,11.493991120578592,obstruction
1479.3680818940163,0.5241914215614,-0.5639927472537332,10.409559847272673,obstruction
1484.4017661465834,-0.631714419986108,0.04277835979587463,7.970616788039806,obstruction
1489.3784894291439,-0.762369491962383,-1.1655546069864626,8.355086870394318,obstruction
1494.4187222834487,-0.5669653449559398,-0.8169233688036602,9.507387655512323,obstruction
1499.4491041772985,0.8397801669737086,0.4209982601705402,10.078787319897506,obstruction
1504.4532071108508,0.4565237190934083,1.5568505462037963,11.751900219449437,obstruction
1509.4807163182497,0.40455565184238323,0.5129395257795124,9.788750959885274,obstruction
1514.4651193096183,0.4674538065227276,-0.11605429132772015,8.715509957524684,obstruction
1519.4233780040493,0.9014845107515179,0.09721479108192455,8.171474530116235,obstruction
1524.4460613305432,-1.424002668123263,0.2701234406077071,8.747303814851273,obstruction
1529.441689185674,0.3119027934272585,-0.1784524443206907,8.944792717533355,obstruction
1534.4357874814812,2.11922752891272,1.0756817727734007,11.545580928228585,obstruction
1539.4863861524009,1.4103179499115268,1.1239128793628144,10.180750278979085,obstruction
1544.5132773099513,0.3786250271049516,0.9849639276466994,9.981070367819619,obstruction
1549.4880042510492,-0.6003507137318372,-0.1281258466825238,8.981718454569705,obstruction
1554.4633489608814,-1.084153917226152,-1.4768999275145496,7.0740376477861275,obstruction
1559.4158254987933,0.04418203830666634,-1.1405435856154118,9.366648304193221,obstruction
1564.4193852775688,0.284245521139031,0.541841916604668,10.290518265623716,obstruction
1569.4446266242742,1.7962776508077463,1.0267751945938566,10.864380054671217,obstruction
1574.494771822222,0.5745631754036309,0.8992232260429517,11.562809571798109,obstruction
1579.507057323826,-1.3241899711643517,-0.5297770137487944,10.357819155712022,obstruction
1584.4631058474722,-5.892162488698725,-5.14809255440652,4.765819744335816,obstruction
1589.4732004948764,-0.7704334091991276,-1.990755702430089,8.928587789204137,obstruction
1594.4925021732229,-0.26601548639270917,0.43293989717249437,8.762329080023653,obstruction
1599.4517378193177,-0.36279494536692425,-0.12076396608304873,10.702840685716671,obstruction
1604.5210197739448,1.6876513539870004,1.547016030884263,10.700114591991886,obstruction
1609.452948564022,0.7579913250322877,1.7940518226552966,10.908029320658569,obstruction
1614.430364200414,0.47793400546227466,-0.547267696623692,9.427826472260264,obstruction
1619.428674486012,-0.450262394078615,-1.7450508839982355,8.760379086690852,obstruction
1624.3891645250148,-1.2163051383924608,-0.2126110278937764,7.822973819471787,obstruction
1629.3511877118663,0.3578311218087105,-0.5741096484700892,9.340834129797836,obstruction
1634.3285774853375,0.44744802350896595,-0.09274398693054009,10.11196595894131,obstruction
1639.3292570753554,-0.067914629571183,1.601042526635851,11.772319267000515,obstruction
1644.3029969394483,-0.08771015203622523,-0.6075120503783739,11.223715881434714,obstruction
1649.3022252881412,4.643206060372503,4.098187080827488,13.028310471421612,obstruction
1654.2732583924537,0.13924167120537834,-1.0772835315614477,8.34704041073979,obstruction
1659.250284712118,-2.043271975107094,-0.8932254482320723,9.028909326507545,obstruction
1664.3291253337209,0.82313683203301,-0.6513526324313728,10.385365536735094,obstruction
1669.3623600378803,1.4439513956854135,0.7677540538976491,10.924389683255319,obstruction
1674.362355422597,2.5214850375736053,2.3521186447176765,10.828366077031708,obstruction
1679.3724126776053,0.46137156414685127,0.7952272772473121,9.76088879009221,obstruction
1684.320920831132,-0.46242418928355394,-1.5034095821123898,9.624819245413324,obstruction
1689.2942784055228,-1.0900690155131363,0.39943359084110464,7.54392301301489,obstruction
1694.3690185539042,0.29680571815633283,-1.2052889765866155,9.414962454482717,obstruction
1699.3374378730482,0.8061631575306717,0.2530896917523184,9.568848263631741,obstruction
1704.287709492811,1.5436433990333607,0.3960274878490998,11.31151153049084,obstruction
1709.2510514274861,1.5196734152401001,0.7338913684491883,11.271518031834987,obstruction
1714.1655663013382,1.2408464749688788,0.8086972164716548,10.098562571583336,obstruction
1719.198564801595,-0.6928772546714825,0.8303474445816994,8.423119203789152,obstruction
1724.2346868499137,-1.3157737802897815,-1.2345705223253731,8.73187363946292,obstruction
1729.2517269578423,-0.5021829362369468,0.11556812987488718,9.334760914793566,obstruction
1734.3960078440614,0.795192909471683,0.5103824481224069,10.780966729477267,obstruction
1739.423259451343,1.1718284183358896,1.3986434857379149,11.813359473830191,obstruction
1744.4744379297283,1.439707152374886,2.72252207227172,10.758651726081972,obstruction
1749.5528299184894,0.3305332151757466,-0.3477407816790703,9.017787725606988,obstruction
1754.5581592000913,-0.6801359236275466,-0.5441811364666687,8.167528857663992,obstruction
1759.5932203065404,-1.5089074885513423,-1.9678141213321916,8.78667763987863,obstruction
1764.5849792831568,-1.045147094344459,-0.20066269385995952,10.094690460027472,obstruction
1769.5007841651127,2.3472535392497162,-0.29375820974677713,10.787843248536484,obstruction
1774.479701683787,1.1631095954343371,1.5871920773437886,11.626002151472218,obstruction
1779.4796585982695,1.2387311051194523,0.7487127207164649,9.920103940985575,obstruction
1784.4757034662027,-0.1946887190893164,-0.039545007304930935,7.859737574551922,obstruction
1789.4360501603587,-1.2059399300658022,-0.7741348809682711,8.581890143895423,obstruction
1794.4068218157042,-0.7272118132722332,-1.1737668203582068,8.549593315947586,obstruction
1799.3608173624327,-0.6795621995470611,0.8234903711501286,9.642186347707407,obstruction
1804.3080968472939,1.2281246851078083,1.8926006182099706,11.0145040674757,obstruction
1809.2596108338178,0.43544142490763804,0.9483532311061302,11.226400515684817,obstruction
1814.265984664392,-0.0875737601872244,0.5725808691195561,9.822321505666697,obstruction
1819.3566137028365,0.1233852772891938,-2.0678367780037044,9.25587800973459,obstruction
1824.360809060526,-0.38479636882205337,-1.004559119731124,8.66242782992873,obstruction
1829.2770176553302,-1.3137360881763782,-1.7997975260708543,9.05048435436788,obstruction
1834.2147815195133,0.9763515774982886,0.7115829520070142,10.359480218777868,obstruction
1839.2615787714526,1.580729098841165,1.1909928152700808,10.725245258214036,obstruction
1844.2013261930294,1.1403142780262052,0.21222617306912328,10.291094842004082,obstruction
1849.2157511385456,-1.1249505361333845,-0.40451923593267514,7.767339207534424,obstruction
1854.21907974673,-1.307172676059578,-1.3780188339278427,8.962104034561545,obstruction
1859.2278236533227,-1.5308382601668422,-1.3868982756876311,7.605290708193343,obstruction
1864.258034159217,-0.4211428592492722,-0.5038636913000974,8.792747948946747,obstruction
1869.249382624403,1.1847484817572123,1.117479793825851,9.988886325018894,obstruction
1874.259597598262,1.167716468316919,1.3052097150004767,11.549936408134242,obstruction
1879.3333945808677,0.8396980279823273,0.7093582287037827,10.785079729123385,obstruction
1884.4411826355547,0.13377177683818153,0.12206654122040705,8.821827830508933,obstruction
1889.4379696302697,-1.9698735031200578,-1.3090891622616547,7.775247701397387,obstruction
1894.4330051799727,-0.5811803561099647,-0.7208563526021818,8.95924886040121,obstruction
1899.3640448033855,0.7881314675635146,0.047217180186027885,11.114158878531113,obstruction
1904.3073378568436,0.6738776836540261,0.7549434658199417,11.288898081907345,obstruction
1909.2589651398894,0.9786826957983834,1.2539520192667502,10.547209325982998,obstruction
1914.239646660727,0.48100742409651553,-0.6367849976805104,10.790657481518503,obstruction
1919.2979473160062,-1.5317380772545865,-1.042423279879116,9.05457502336651,obstruction
1924.3406748530506,-0.9391424379138927,-1.7986522220846886,8.957342272908225,obstruction
1929.2702039773567,0.15030034842025247,0.035300408255565185,9.377598640712295,obstruction
1934.2343478544076,0.9941068838475307,1.0389989792964944,11.031083453227314,obstruction
1939.1771173434338,0.47148589172901434,0.339559263358876,11.380563105807333,obstruction
1944.2448088358794,0.8097303255895416,0.6200370616108428,10.500096551445576,obstruction
1949.20221440619,0.0659392679743323,-2.231715859001384,8.79828451219563,obstruction
1954.2740886285517,-0.7280879704602534,-0.8492614789999064,7.813947768556617,obstruction
1959.239168774228,-1.240794026756626,-0.698405656112451,9.143409648688095,obstruction
1964.2991138791244,-0.9807646303582587,0.2722963748338375,9.579078530160947,obstruction
1969.2991204187222,0.2741094170395315,1.1348839550233167,10.938598538584568,obstruction
1974.3551507807572,1.2666976472465052,1.370352996569565,10.763825346185202,obstruction
1979.335310029771,0.4351081121838878,0.16770238315205865,10.177682732098823,obstruction
1984.2993139081866,-1.0863256539212263,-0.003415041131522356,9.352740967111076,obstruction
1989.2325104906834,-1.3277050932743482,-2.629751146227031,8.50948597018601,obstruction
1994.2339333525667,0.06496407978395391,-0.9306234592545697,8.224182356643183,obstruction
1999.2086945898693,0.026165942276219344,0.5215629343936072,10.180177465293784,obstruction
2004.2082562340813,0.7969006109966135,0.42962196955229554,11.281947835508237,obstruction
2009.1739600037174,0.32286676620867427,0.7394089543698783,11.562061314700061,obstruction
2014.2166732965911,1.6618418090469906,-0.016256636154552584,9.945182758539932,obstruction
2019.217092428371,-0.8821826603682751,-1.6459681187540447,8.70199905400879,obstruction
2024.293478377985,-0.6441976108981693,-0.6124035213691966,8.373784294184567,obstruction
2029.2490934417297,-0.6451993063354823,-1.5150266595533903,9.629678322825312,obstruction
2034.2112825772479,0.555040910496808,-0.43671351253532503,9.76269361557682,obstruction
2039.216281952497,1.337804408182004,1.4671820953109593,10.710070481402026,obstruction
2044.2197460593175,0.8056947707248645,2.3091151358971427,11.457340382254506,obstruction
2049.1858366996544,-0.14935884441289954,-1.0368692631369698,9.45421166219403,obstruction
2054.140833872363,-0.36000365175804594,-0.5559963591884008,9.163558483043717,obstruction
2059.1472222756975,-1.2562476673219198,-1.4554559014113626,8.278938911398509,obstruction
2064.120202712652,0.7077154506219152,-0.16571156430898848,8.520649150471726,obstruction
2069.1131669394877,0.5745969238711539,1.1264342985335023,10.330585912190736,obstruction
2074.073748533185,0.6592962131723282,1.1859310241205245,10.786889705951454,obstruction
2079.0596614490346,0.2740441176527066,0.3476523044714249,10.354447773921414,obstruction
2084.032393553507,-0.8842353365787241,-0.31297797277781864,9.139512447640165,obstruction
2089.0987892327926,-0.22390482676011247,-2.31706129592373,7.461836330028285,obstruction
2094.0085378905787,-0.9398204357274111,-1.6862238922260069,8.59599306895944,obstruction
2099.024934826173,0.4952147710163142,0.03516400815820738,9.531301958388662,obstruction
2104.031098477426,0.6001824370454145,0.6402435537808371,11.668741474305326,obstruction
2109.1281215054532,1.0251297045360175,0.7901704423367029,11.14725804460179,obstruction
2114.22689883084,0.7667592589449903,-0.49265446628549947,10.15880724548816,obstruction
2119.2195534050584,-1.0889452712163734,-1.0458415203416012,9.76068218409863,obstruction
2124.27817355529,-1.6957470735418405,-1.6301461789606038,8.668850785755359,obstruction
2129.371275090856,-1.3269591228942677,-0.007384573063256461,8.955204603123576,obstruction
2134.3252845410498,1.3286182603787215,-0.16235740823855754,10.525521063413965,obstruction
2139.2703169220786,2.094351766939937,0.9112967922822783,10.862076078235749,obstruction
2144.201770117881,0.9035928542828512,1.0364299612355314,11.28389012295735,obstruction
2149.217103142707,-0.385316110294741,-0.8811403037442578,9.981793059582358,obstruction
2154.231845371621,-0.9473087524310804,-1.0174919468580117,9.009864559924512,obstruction
2159.220626916767,-0.30795130335459786,-2.1902250965080254,8.405752736970879,obstruction
2164.1750831106697,-0.10830800443093885,-1.8415881216307526,9.466667970962211,obstruction
2169.258009366638,1.1036079946201907,0.150850144294716,10.824768903497992,obstruction
2174.27987023998,0.07144236148298111,0.7270615792218051,11.312462188709876,obstruction
2179.3347003289446,0.46227913557757816,0.2380668377397891,10.678677949388454,obstruction
2184.374705809983,-0.32039424292695196,-1.0370953106016163,9.166843390437009,obstruction
2189.3704016011097,-1.8732131232873246,-1.0982300792097979,7.6781950374933565,obstruction
2194.327649921144,-1.5725709567141688,-0.6736711628639562,8.932256689094597,obstruction
2199.268022783268,0.010192180036730114,0.6363638162522133,10.043114977980181,obstruction
2204.287625929062,2.025153504963237,0.8817850584375627,10.999109294765123,obstruction
2209.374667612947,0.4447593091843318,0.14312558752344628,10.71890360239175,obstruction
2214.39530034289,0.5740599830228297,-0.9925974893121156,10.029386735535134,obstruction
2219.348320751406,-1.5436690926117587,-0.4101142859458746,7.956735530906837,obstruction
2224.2560977231897,-1.2311438712052651,-0.5259342265254954,8.390305010169632,obstruction
2229.18597065406,-0.9602757214781805,-0.051040935748817795,9.765212180960912,obstruction
2234.255392070744,-0.973976782004365,0.3644371240377669,10.677959641970164,obstruction
2239.2552925142486,0.8696221366578885,1.1452133986452384,11.417405208727928,obstruction
2244.1931252812897,-0.08271313698112781,0.29033790386014685,10.811652700086116,obstruction
2249.1525844881817,0.6802408219941944,-0.41185245485433847,8.401055204676448,obstruction
2254.131849721927,-1.2869861280593597,-1.5102866471378684,8.759618804702903,obstruction
2259.0596659189973,-2.283413428368944,-0.0640625024556849,8.253645886000587,obstruction
2263.989463671417,-0.23193778917917213,0.5958083984876226,9.825246450214339,obstruction
2268.941369450206,1.378900898159659,0.6039417260633175,11.17343716427914,obstruction
2273.941130812167,0.8205333511515811,1.5637853173828578,11.049379251228972,obstruction
2279.0549886731396,0.43747127345750025,-0.13663226398164913,10.801965641884932,obstruction
2284.1037814223873,-1.0917871779487176,-0.4533723784681337,8.798614140129397,obstruction
2289.0763189227428,-0.6004027000665411,-1.7022221688236305,7.710822867180202,obstruction
2294.008510668079,-0.46816108905505044,0.18918058489225076,9.410519035068482,obstruction
2299.0322738518953,0.5293564890084042,-1.1548238756020477,10.76858580748734,obstruction
2303.8937379727895,0.3963517494293488,0.9795061693180723,10.999066878439493,obstruction
2308.918458497005,1.3197296780403527,0.9848744935035072,11.15834259053543,obstruction
2313.921265052323,-0.020048528354138118,-0.39601863295978845,10.261329792279318,obstruction
2318.8952024015603,-2.059623579164379,-0.17428286640930124,8.947471808583199,obstruction
2323.875439491284,-0.8749998085658846,-1.5580556898939162,8.585540093762228,obstruction
2328.816165449458,-0.9806447977824464,-1.603512649520538,9.633322523010515,obstruction
2333.8457816135074,0.2798540686076833,-0.5817622936786024,10.042023514204491,obstruction
2338.783015198344,0.6475605873460306,-0.018984165026538546,11.537053711175057,obstruction
2343.854176251122,0.8551379229963338,2.0725901018717234,11.058448684457865,obstruction
2348.853273329046,-0.02816673199559888,0.29581591173855065,9.09544445947494,obstruction
2353.925275848144,-1.3691320129874143,-0.5188279725294106,8.120300442290628,obstruction
2358.9269030732708,-0.47035165665859024,-1.0500951601330832,8.525854206177268,obstruction
2363.915516362206,-0.4779667652930643,0.49582272368125785,9.086385471378364,obstruction
2368.9915831704466,1.4199694240605667,0.8614292503019799,10.35746618592637,obstruction
2374.0448883274685,1.8444653013479,0.06199591304916052,11.833128915199632,obstruction
2379.1252242468227,-0.15589439661303217,-0.12119002415634261,9.988997194902074,obstruction
2384.1207935075713,-0.22419008295942722,-0.5457390966155686,9.725977958753646,obstruction
2389.110394881946,-0.5971473124519708,-0.36490920655092485,8.154950096719405,obstruction
2394.104027521388,-0.46827906927389706,-0.5412153151660063,9.692879506995508,obstruction
2399.2337411299745,0.44792589320512954,0.5037089018687568,11.294240792695557,obstruction
2404.3081788924947,1.8581013995650704,1.10936360350134,11.268084991482114,obstruction
2409.3090048470794,1.2676434989503262,0.09707697326336495,11.311449333155185,obstruction
2414.3557819622133,-0.31813610063689557,0.3819332940355155,9.576208292836533,obstruction
2419.326829524518,-0.4840906573873026,-0.877783293476935,8.291901573759105,obstruction
2424.342335301939,-0.39051594510345633,-1.2921045906617643,8.751211751751303,obstruction
2429.4413373966127,0.7276949136191713,-1.0983489902705728,9.50639066262341,obstruction
2434.5023927210054,0.8318023887030899,2.3727041518412224,10.64213384684482,obstruction
2439.559520683319,1.0849656529897935,1.6585099659405627,11.496100067228655,obstruction
2444.4622491424934,1.2241356204857508,0.6000329895642222,9.944781403565266,obstruction
2449.4976713496017,-0.7037164511518273,-0.5966812404531057,9.081057277819314,obstruction
2454.5004728081403,-1.001559117777389,-1.0165662921066911,8.09898623785257,obstruction
2459.4884038069413,-0.9490085669414683,-1.1068106979292351,9.185083387277334,obstruction
2464.4496495898484,0.2045638918299921,0.7288044770080561,10.246890895474507,obstruction
2469.4267094066236,1.7743805107960768,0.6144713671561717,11.266969033734279,obstruction
2474.3755066716903,0.984406520433584,1.5974302553021933,11.46348539988606,obstruction
2479.4175978055423,-0.0393426834594896,-0.19853803602768405,10.25375243230474,obstruction
2484.5037102136685,-1.3188755599204278,-0.6395519085723174,8.004109644105222,obstruction
2489.5064556964835,-1.758661569841931,-1.5907388554840733,7.48389763927761,obstruction
2494.554338220024,-0.5978359374411392,-0.5227830232507432,9.356815155517518,obstruction
2499.567441126346,-0.12203148112872075,0.8098036471503025,11.260144794914687,obstruction
2504.5588935729916,1.486910421057257,0.32876463335674466,10.337653374865749,obstruction
2509.567108090674,-0.457271768986524,1.0664852484549088,11.111561415673346,obstruction
2514.5496091568134,-1.9897667219643767,0.5511546118590493,10.166166921606553,obstruction
2519.599825443117,-1.8803690284525434,-1.596731592262806,8.995519801657645,obstruction
2524.5407630034897,-1.754666262756341,-1.3417590791995808,8.742870488141758,obstruction
2529.547024374787,0.3700458522920822,0.0839155696009507,8.943284118804808,obstruction
2534.606134551323,0.8281460634723592,-0.06623571839346687,9.426234109842833,obstruction
2539.6729072406624,0.24393684211194389,1.752429576414443,11.775683151105211,obstruction
2544.6053515390913,0.18571854793949671,1.2724486735765377,11.235500016305071,obstruction
2549.6134932109544,0.8784110731423816,0.2835551246587368,8.601141835390878,obstruction
2554.673403414109,-1.0317992404160792,-1.418943370145554,8.826004751014029,obstruction
2559.6191220127953,-0.9598191216341233,-0.980040543588238,8.743611009405862,obstruction
2564.5231399540444,0.8293724786957597,-0.03810735585243241,10.058655709405006,obstruction
2569.4892711373986,0.5718307617895413,0.9534373142470448,10.813167741918692,obstruction
2574.596393783559,0.8610440990449113,1.2416807103952099,11.38986697337611,obstruction
2579.607344277493,1.0769555454532214,1.379413163499502,10.294779938497758,obstruction
2584.5882884586304,0.3945846802279587,-0.08060353319423597,8.582077748356665,obstruction
2589.666420350335,-1.9985828582097311,-1.2858024312051743,8.019321534829258,obstruction
2594.6699124306656,-1.8003323705032208,-0.7353845852168766,8.360224119215822,obstruction
2599.6489517643167,-0.3648721179070313,0.31111238092776455,10.081300121745175,obstruction
2604.659973748503,1.3405621085793884,0.5742812933375898,11.2756143946602,obstruction
2609.62605175051,1.1228838902479275,1.3632335642048081,11.641914445183605,obstruction
2614.608221483903,0.7588386519917352,0.9435376859022127,10.489328796652691,obstruction
2619.5801353783104,-1.0963186611932592,-1.5240649113833005,8.860167375769779,obstruction
2624.6023301265204,-0.8678392056701411,-2.2538540992055873,7.925794670578039,obstruction
2629.69175229034,1.1293988594807614,0.3728450137116369,9.09005467106789,obstruction
2634.6160865738348,-0.6745568068690765,0.15131830287141224,10.122473351878615,obstruction
2639.582839849034,1.3520605287005707,0.41183655492961513,11.423341674751516,obstruction
2644.5906249552622,1.1551723763933597,0.771879402984454,11.183603457326814,obstruction
2649.5386164685483,-0.03579996885255432,-0.6697535084221267,9.669244002835583,obstruction
2654.5341215090743,-0.9572488615915229,-0.6692244658299995,9.28218000237766,obstruction
2659.527485549916,-1.9547530113321994,-1.7582946049864479,8.096784295476137,obstruction
2664.56294320581,-1.4521161891380618,-0.5781786376839064,9.053186654338495,obstruction
2669.584538407397,0.8974818323418882,1.191439142901689,9.62378835777723,obstruction
2674.5103180907627,1.4460849859895781,0.5348680262529115,10.935681730448056,obstruction
2679.4935597651415,1.635889401247632,0.5734648300861498,11.494334173839063,obstruction
2684.495051058242,-0.44677760614872075,0.5930095733906565,9.939318104587823,obstruction
2689.545338773343,-1.0718295783303615,-0.28424230809701634,8.711398790426138,obstruction
2694.5423693806797,-0.8867337349095787,-1.6319663562019207,8.571025318667457,obstruction
2699.51858494299,-0.021836364692741084,-0.05514740704491211,9.559861782314306,obstruction
2704.4935964409083,0.7850092836724073,0.8094221853247008,10.645178635536608,obstruction
2709.442095113928,1.123213405296702,0.8543494865622576,11.809080765839242,obstruction
2714.4375485068963,0.045979872098835806,1.0817644983939523,11.20089720105012,obstruction
2719.4644637247525,0.37926269873974716,-1.187882819157932,9.772581458251903,obstruction
2724.5340086727474,-0.9447576124261414,-1.3675040343700868,8.026642661717101,obstruction
2729.522917281287,-1.0887066210039027,-1.2302240312133246,8.022958126201686,obstruction
2734.5724569476643,-0.021780056271000756,-0.08542326623166972,10.42335525932763,obstruction
2739.5570593201537,1.0177745618604008,-0.30723847167285134,11.447881823490933,obstruction
2744.5895869035794,1.0565420510120718,2.071077437930657,11.62167073275592,obstruction
2749.5945071553374,0.2741166270814376,0.6215701977888906,10.851739198490677,obstruction
2754.528172590416,-1.273656448861633,-1.4014563453844424,9.265288800087253,obstruction
2759.5397013518036,-1.6327386762205625,-1.3894841008721408,9.169305947676724,obstruction
2764.579703906794,0.18449741734413683,-0.82194920806858,9.389971449211595,obstruction
2769.5210337308486,1.4025808319215132,0.8506984299900838,10.552710178713896,obstruction
2774.492107312181,0.8456555082958411,0.91010740272391,10.959264321543571,obstruction
2779.437174375588,0.2725102577327717,1.8166660316637526,11.342547832750846,obstruction
2784.38452362038,-0.30227311300552917,0.8867914400724435,8.93557334899297,obstruction
2789.3827200193664,-2.03389813580624,-0.553126995816413,7.984661972077215,obstruction
2794.4091157742378,-0.7107866242015739,0.06382166625521069,8.508759784243212,obstruction
2799.3083471626674,0.21279629065314715,0.28133547350720584,9.559341862646274,obstruction
2804.328020272263,0.3539552881176168,0.9931641795068378,10.934051333989979,obstruction
2809.3214038440956,1.2691088728608035,0.8161127417672391,11.174400179230853,obstruction
2814.2946253763726,0.8457949386230872,-0.36952249000842863,10.591534334170547,obstruction
2819.2126565176904,-0.1911562886443368,-0.41711926963498697,9.790415988226632,obstruction
2824.2044000206465,-1.6790499889980812,-1.5546538858856525,8.81978129744655,obstruction
2829.2366669451308,0.13603644470030185,-0.5046997181624779,8.575912321935006,obstruction
2834.2268811619024,1.0015938963975568,0.5972211329959272,9.648162472651489,obstruction
2839.154777339561,1.187725889383922,0.553326240772516,11.16266661498819,obstruction
2844.2032006399327,1.0429571287076826,1.452435614591134,10.691205124852546,obstruction
2849.272869323595,-1.4051141070825826,-0.912215092039792,10.565205673835836,obstruction
2854.293175056646,0.06184051164256843,-2.2169943489785764,7.614552073242633,obstruction
2859.211278336881,-1.562304413655719,0.08073417017869366,8.602331580096767,obstruction
2864.1706780768627,-0.7536659847077132,0.25099078584449835,9.201735821756568,obstruction
2869.154926977215,0.34557937003658823,0.14608984809716707,10.882960051901817,obstruction
2874.1063187523628,1.2026164272427557,1.0727106892568925,11.015235814271042,obstruction
2879.168829211713,1.1425092286952543,0.5532560126481691,9.975269665951672,obstruction
2884.1394829685364,0.12466809184682776,-0.6859075072189332,8.377878788459212,obstruction
2889.1371788820643,-1.031088896912228,-0.13414636365878319,8.220167433755465,obstruction
2894.175507026579,-1.6815412663551923,-0.397052214681051,8.997875652092684,obstruction
2899.233934516375,0.3130966844245292,-0.32987894557651887,10.865339984718096,obstruction
2904.184829089272,1.7639278485745131,0.7598327421910535,10.600372103075804,obstruction
2909.150793045803,0.7964769300121526,1.3561535460232976,10.689736145976044,obstruction
2914.2192760327935,0.5972258884381485,-0.6717747626937927,10.254549242392018,obstruction
2919.2235571707947,-0.3614937257747108,0.4908614809499249,8.690627444354073,obstruction
2924.246042218728,-1.5588937005324692,-1.1218212537958445,8.069586614238982,obstruction
2929.2612619554275,-0.8207800758257359,-0.2885598246103966,8.24671031234535,obstruction
2934.2681245036506,1.5594692686537803,-0.12857106034264448,10.777216025761573,obstruction
2939.2411129446887,1.1469153217211787,1.20680450576265,11.119232634534958,obstruction
2944.294029570316,1.305737082209552,1.6333944000242022,11.292278629206681,obstruction
2949.399075563664,-0.018347453920691276,-0.24800664347204482,9.595542087118078,obstruction
2954.3839268153165,-1.6724827069844492,-1.4241880678905963,9.390055612655974,obstruction
2959.404285768577,-0.020995142967703107,-1.5062348746979939,9.293881657255517,obstruction
2964.3685092405744,-0.8172984292055221,-0.3672619932207436,8.593949053708844,obstruction
2969.4090547499186,1.2593469806110358,2.5512903280197294,10.263675411032104,obstruction
2974.3841378171082,1.1394213910522022,2.368088901475848,11.355188639190256,obstruction
2979.4757985180117,-0.8871943429725277,0.45553020992987997,10.742643807271048,obstruction
2984.507064942933,-0.9815484681830748,-1.3387949300821402,8.403018366392523,obstruction
2989.574308672696,-0.9280371553808098,-0.9756990234395205,8.076957242871316,obstruction
2994.579325422155,-0.5846611888959967,-0.41436543022121597,9.262689842815938,obstruction
2999.548166552897,-0.16141864066867898,0.5695692876191921,10.470589544792444,obstruction
3004.5418971786735,0.8068432525032787,0.6493184837896016,11.156170946152498,obstruction
3009.535056859656,1.5624061279658563,1.6600681613459947,11.060427401830582,obstruction
3014.5444968260617,1.1851706745516302,0.5570053636288321,10.08594808311817,obstruction
3019.520937691589,-0.33634678383097855,-1.1254973442407596,8.26798623740489,obstruction
3024.5185303384455,-1.2089525950178273,-1.4876688545963554,8.597918152987065,obstruction
3029.4938151376277,-0.7677828386600353,-0.24241337491374948,9.0528956478632,obstruction
3034.5188246600933,-0.10809822907676844,-0.5530149285610808,9.777364276461968,obstruction
3039.4840248019245,1.3206369352919254,1.9141237082342881,11.084805974602999,obstruction
3044.5229673809804,1.9574693244629968,0.22811351283730874,11.482505597435164,obstruction
3049.5537638559326,-0.4131438695576921,-0.30329159044522147,10.066756024409528,obstruction
3054.5652716255368,-0.5059187009484974,-0.10338800338033649,9.32945490211057,obstruction
3059.3879036538897,-0.7625700563940208,-0.604157293767884,7.958230671196016,obstruction
3064.396445217838,-0.6191932245980684,-1.0349589137517217,9.340475535383693,obstruction
3069.3361635951323,-0.12625233159435167,1.855433648972247,10.451423122999156,obstruction
3074.2187508320544,2.095311069986407,1.3344752158928121,12.081528733428664,obstruction
3079.233216583363,1.7332923802045483,1.3349220127270511,10.918792853463238,obstruction
3084.1984810149397,-1.1528775392992643,0.7351158634120321,8.990064688421187,obstruction
3089.1308976583487,-0.6826913356713593,-0.5449399639789971,9.651415757374764,obstruction
3094.113155871518,-0.6888022348262962,-1.0305847403441344,8.227602937142272,obstruction
3099.097213484284,-0.5265085944306493,0.034784983483315435,9.636898342505352,obstruction
3104.0524059617687,0.51475001462515,0.11206412050240022,10.040382403258246,obstruction
3109.0086767139305,1.9809015340794969,1.1164916708231585,11.442382430522168,obstruction
3114.0737830215216,0.1962673019650507,1.248111117920209,11.102354411952408,obstruction
3119.0306213365757,0.21370821587880984,-0.14425577219030125,9.73748721320913,obstruction
3124.0448936071043,-1.0496615243644956,-0.3864678856111543,8.378454366579764,obstruction
3129.1061855791218,-0.8743365536467758,-1.9251932059126233,8.606251526317596,obstruction
3134.13335557723,-0.013464184507288701,-0.135742468948606,8.955735715544835,obstruction
3139.0815060889045,1.4448706594013205,0.4213340490349128,11.073262932313181,obstruction
3144.086128332144,1.5841118831772938,1.0094450390068843,11.970328220524275,obstruction
3149.112256092872,1.3520368053553524,1.329998286174066,10.824239285095864,obstruction
3154.086844885979,-0.8469736201507443,0.03117508051053336,9.639480436390146,obstruction
3159.172830591321,-1.2965870777834676,-0.6011118032326008,7.896372388879928,obstruction
3164.1606044172827,-2.306308774630298,0.3507173769374202,8.622025772197743,obstruction
3169.071335461019,0.7198379717963335,-0.32681769254062076,10.476529424091673,obstruction
3174.060191926951,0.6399200502770677,1.6605599622595566,11.292495511407163,obstruction
3179.043283498316,1.3200590167116961,0.6417866815057647,11.057564015419013,obstruction
3183.9739421353493,0.7325998089730309,0.8587077489913464,10.382965534298581,obstruction
3189.0152942006107,-0.4060362457304192,-0.955295118811413,9.414041531091907,obstruction
3193.9033550675094,-1.8726738848736444,-1.0876622826744342,8.984261714194554,obstruction
3198.884165800589,-0.6155011786392903,-1.2691321883264963,9.50711574154485,obstruction
3203.970444463363,0.9167101196716698,1.097004135111759,9.523109403296703,obstruction
3208.910190478617,0.8019234511939394,1.2242408155254565,11.605153893117471,obstruction
3213.851242979231,0.6681012430063522,2.024821471780585,11.110171076580666,obstruction
3218.800252839631,-2.8238104960634947,-4.191265403424626,5.471211124274812,obstruction
3223.734231618995,-0.19688974690544891,-1.8967964670538748,8.717031438173578,obstruction
3228.699470962302,-0.12036078635207859,-1.630195199499455,7.810771166028344,obstruction
3233.7151874635197,-1.4986143847546645,0.11786540656469568,9.218172045689508,obstruction
3238.636189151016,1.3307611620266497,0.9169806732177355,10.416084657316132,obstruction
3243.584108257113,1.3913057982893322,1.1867020592905793,11.210064663496777,obstruction
3248.6163364296285,0.8142107047128179,0.3373475447003546,10.746431695494103,obstruction
3253.6360243896584,-0.6132839425529863,0.1347667605367704,9.072403849731188,obstruction
3258.655373214111,-0.5268598993854037,-0.9962056404467721,8.190116814581735,obstruction
3263.68757421163,-1.4425767118681132,-0.4634418166710167,8.140893386271317,obstruction
3268.69639909707,-0.34157479082306075,-0.004666974468591767,9.301504394037604,obstruction
3273.825640570028,0.8461786698833715,0.6496664992080066,10.503122228105491,obstruction
3278.8724751802533,1.4265767083212597,1.7774555317559788,11.38433847383212,obstruction
3283.919301145633,0.8821859254931442,0.43240768599295254,10.725260157051476,obstruction
3288.922971486874,-0.6589540888000763,-0.17474707090037636,10.430029688048972,obstruction
3293.898197296296,-0.7686471805106829,-1.2769835059749752,7.62598454354737,obstruction
3298.8260056333534,-1.96150479829295,-1.1269309377211063,8.484562250406325,obstruction
3303.8316453893303,0.49265020560283346,0.49151943308488466,10.25527296162068,obstruction
3308.8324693207287,0.7366761575350466,2.0305809035470523,10.98927360386204,obstruction
3313.8082103195848,2.3805156566666263,1.3569203833542856,11.019875649576397,obstruction
3318.756814257895,0.45375161704814626,0.2922638193087763,10.591220778119693,obstruction
3323.709948665164,0.018320800824354055,-1.880875163718061,9.415736256447817,obstruction
3328.7331681846704,-0.9819613786738252,-1.0574135813637915,8.589868998428424,obstruction
3333.71545079221,-1.1616591337362707,-1.410637493990319,8.912438046481887,obstruction
3338.625951495535,0.3481345933529978,-0.6945793213515714,9.962972909298562,obstruction
3343.5547121018535,1.6114163422813896,1.8383782440495016,11.869057084529032,obstruction
3348.5290104246565,2.461374803274847,1.5708401728472097,11.588487993108929,obstruction
3353.498935395551,0.28533127897475086,-0.12364189084929833,10.749363792267529,obstruction
3358.4822898917955,-0.9630102679436466,0.04958086713544918,8.81911071270122,obstruction
3363.491685082969,-2.3056694388689065,-1.3595820084153087,8.204408406418263,obstruction
3368.4739277765198,-0.14830036278094638,0.05039328869012416,9.148389013871077,obstruction
3373.439953114069,1.019154376216617,0.3297545550204564,10.92421537717777,obstruction
3378.427501917964,1.839952915155779,1.2838757405000674,10.825557750745997,obstruction
3383.3998605056213,1.088678165479626,0.9835722877545499,10.89463316511399,obstruction
3388.430979144055,0.3343358745764905,-0.3859609231258634,9.475191423381855,obstruction
3393.4031825652823,0.16143656090087133,-0.5457584768543491,9.521241048161388,obstruction
3398.3684518262726,-0.4605812118009943,-1.8009015508330677,8.03686968042555,obstruction
3403.4306098455586,0.16832043336147562,-1.0369826511759426,9.032986288993651,obstruction
3408.346481805702,-0.19290119702930897,0.0798644557863003,10.92274264008268,obstruction
3413.336161819795,0.24507225580017333,0.6971213363350699,11.0844274216406,obstruction
3418.339070208814,1.3889291070407055,0.869118423872296,10.45859599710532,obstruction
3423.276003568412,-0.04449641286586414,-0.45936292861441846,9.203825127290862,obstruction
3428.2895545531524,-1.0133267048478538,-1.3685439914776547,7.770450041046672,obstruction
3433.286037858087,-0.7237484712503929,-0.9676387174998703,8.00243289539102,obstruction
3438.2759459360673,0.7517870019639554,-1.0890566938801376,9.94883491001655,obstruction
3443.2962485558824,1.2697567395419882,0.5723132949219436,11.3791529128761,obstruction
3448.3515029867904,1.2705500663765694,1.4836112221970899,10.576387165002213,obstruction
3453.3801924150202,-0.14211947241609613,0.01867531218673152,8.891429399536356,obstruction
3458.454322960663,-1.2407478853073082,-0.12870027903270276,9.36190023235294,obstruction
3463.478306287808,-1.4943124214392078,-1.3005675546928692,8.27060895525731,obstruction
3468.5079896133075,-0.30532474341235194,-0.5051644151641871,9.472673015239902,obstruction
3473.569219712019,0.4442281531997765,1.9043271833764037,10.546014545355126,obstruction
3478.6605018290625,1.2577026704711411,1.723200227106354,11.074819885050236,obstruction
3483.596474470031,-0.4080368808884898,1.2372627026786016,10.243410105566904,obstruction
3488.572317432755,0.497288459089223,-0.650183215708614,9.284289427812839,obstruction
3493.5138129964325,-2.3026779295084174,-1.7088906618361608,8.649578807783243,obstruction
3498.429794327896,-1.3394075500578624,-1.0304516559672063,8.795754072994455,obstruction
3503.462328944562,0.23332318741196512,-0.06404088040297042,10.228892697662056,obstruction
3508.473608167256,-0.5324223531460279,1.5489488271220182,10.457364255481599,obstruction
3513.524399286302,0.89522756039372,-0.02312061332663551,11.504915879473316,obstruction
3518.529347200305,0.6574344582603766,0.257787503704507,10.822217441856914,obstruction
3523.5183962228925,0.0344055249105214,-1.4807168306024336,9.304576590081993,obstruction
3528.5127602945763,-0.7466103513120836,-0.9050256216531289,8.354525769491556,obstruction
3533.520471562501,-0.59905671364157,-0.20192401330115572,8.249534936236666,obstruction
3538.611508068501,1.9557406995905158,1.1868332712548246,10.388665503682425,obstruction
3543.5854223575357,0.7462355073539244,0.5245402123612349,10.492735508149872,obstruction
3548.602498622237,0.3445612956008307,0.8578278336084806,11.237647358657584,obstruction
3553.505363610804,0.5133982399590393,-0.03622135818550738,9.662977781894032,obstruction
3558.635064537506,-0.7295676083229273,-2.041533690547908,8.980413439145519,obstruction
3563.639513735744,-0.6252569771502826,-1.1417357574485179,7.701621562587659,obstruction
3568.6124252190425,0.38490077588880095,0.018991909642499083,9.063218696968443,obstruction
3573.6240719265,0.3109145008007608,0.36981244296374755,11.474374677190761,obstruction
3578.596899130221,1.7045934251576282,0.905239408466753,10.633725880489944,obstruction
3583.5822037884986,0.2621346515832109,0.4781757719431084,10.359098749511924,obstruction
3588.5270532132336,-0.2661439821632336,-0.9859127421981086,8.474747187082995,obstruction
3593.531622325201,-2.0041365388987025,-0.7215994463325919,8.29772434767756,obstruction
3598.5496128423583,-0.2034463918669842,-0.5081273341007841,8.566197175039328,obstruction
3603.5300960438776,-0.1981278277004805,0.9988375451788024,10.290480940635566,obstruction
3608.630861188721,0.600415479721687,1.2173260538136526,11.390233816866516,obstruction
3613.5782555999435,1.1444747606636725,0.15471240875060288,10.525037309035122,obstruction
3618.511388436951,0.40712805675062685,0.07775565920365353,9.654021340825844,obstruction
3623.4753851516366,-0.5943248820427207,-0.05724823678398938,8.701737189619246,obstruction
3628.452243006914,-2.043527912926936,-1.8468294693144505,8.304277836039656,obstruction
3633.520680382854,-0.5333735611174076,-0.7654887986544747,9.525412278649018,obstruction
3638.473493798023,0.7992777026372113,0.39326233170410196,10.098487805520463,obstruction
3643.5126188874924,1.345282456155794,2.288954384854478,10.89733498601479,obstruction
3648.5172469447225,1.3623365483439729,1.2258798533417197,11.22517798801703,obstruction
3653.521957321195,-0.9467125214216126,-0.11342507903525582,9.728337019902487,obstruction
3658.5127742080685,-0.6437990228145589,-0.186373881376399,9.052144690484502,obstruction
3663.473044209565,-0.06039823511833742,-0.3627326402081795,8.173402128711455,obstruction
3668.516577469097,-0.4102176260613726,0.0982919584600759,9.888991391650292,obstruction
3673.5564169620875,1.381756284960423,1.0249805274419705,10.885224799129182,obstruction
3678.537290062115,1.410255562025393,1.7050636461941884,11.07833434156831,obstruction
3683.5115606699815,0.7854242703576308,0.5608248567161531,10.018348540651518,obstruction
3688.4738194786705,-0.9427691229639079,-0.6390415450763463,10.040465416917145,obstruction
3693.460856729827,-1.0225049006129703,-1.3475218215470117,8.500978152869108,obstruction
3698.4380739631597,-1.2724643895847914,-0.5006037367803214,9.513066712232177,obstruction
3703.3182219735245,-0.2500023291282205,0.017188578637680973,10.090818721518295,obstruction
3708.259573827712,1.704958287693793,0.6869817006554733,10.85449736608089,obstruction
3713.25792099281,1.0360578971738215,1.351464154938732,11.0632438601808,obstruction
3718.3026397555514,1.0246562497932383,0.21158890634469782,10.016915236318331,obstruction
3723.333945890883,-0.8482577386887311,-1.086958364687554,8.198402789188256,obstruction
3728.351415713285,-1.3979837699836741,-1.1559519067785193,8.505463428646637,obstruction
3733.4107045222095,-0.6321751953719347,-0.28173510901871834,9.595543062650245,obstruction
3738.4488649724517,1.3732056334094338,0.9104295726964848,10.717759889838417,obstruction
3743.284687070106,0.15206415039837973,1.9420762527565674,10.804599915476272,obstruction
3748.22238993838,1.0271214146809782,0.18048696054865776,10.121582302216952,obstruction
3753.2450349172937,0.44238398549604063,-0.5729192353062191,10.342997589702183,obstruction
3758.271583463726,-0.6144379735100123,-1.2652543583832612,9.237792642844045,obstruction
3763.255538051694,-2.436278844327433,-0.08716442554738524,8.405218238035388,obstruction
3768.2547610105867,0.2986027171600081,0.044153194682500896,10.08310359660038,obstruction
3773.294609168818,1.0338399680766852,0.9411613820184815,11.983365639390925,obstruction
3778.240025434554,2.4500248691436055,1.4375780129089584,11.136585940214273,obstruction
3783.218429631474,-0.047834904224789865,0.26982633159298186,10.856812395534904,obstruction
3788.217260397999,0.18839106464565103,-0.9559928687305621,9.273001981285539,obstruction
3793.124309806935,-1.9281840933733965,-1.5868694629881313,7.974384678612246,obstruction
3798.1009412539543,-0.1304986428583471,-1.139663628297803,8.41337887788434,obstruction
3803.0528929662114,-0.07207502506351132,0.36408686008921537,10.46336189346711,obstruction
3808.143186921603,1.156405248484514,0.0876876341856555,11.114755516868428,obstruction
3813.1477403809363,1.599185859622009,0.63816309831386,11.081168323273532,obstruction
3818.189465080306,-0.14837937738308282,0.2492006041297242,10.191522355344542,obstruction
3823.149363218861,-0.5424584050320143,-0.15513458713512418,8.166975912130816,obstruction
3828.066249317776,-1.8355203528059831,-0.11466481332802547,8.183979979172051,obstruction
3833.211328862608,-1.0902354306878705,0.17203089339852962,9.525738148130728,obstruction
3838.1444586229845,-0.05804705649839681,0.697811544439765,11.908261866364079,obstruction
3843.0760183837147,1.2540323251388537,1.0036610687992165,10.954236665308121,obstruction
3848.1488054649026,0.5133584355833347,-0.36038517935410486,10.826293875145456,obstruction
3853.1728029326378,0.49022804291110494,-0.772648458863193,9.078459462070082,obstruction
3858.1749822888155,-1.3263547392825006,-1.4367791688151372,9.16447778282148,obstruction
3863.1955516881144,-0.9891302230977627,-1.1674500124314922,8.725682008577472,obstruction
3868.2151500437712,-0.18340066462552101,-0.46041749692758677,9.524645938405186,obstruction
3873.224122523187,0.7631435676733778,0.7204350573112128,10.486790689691968,obstruction
3878.2603192917295,0.6759210083303706,0.9004812035200862,11.39096620363728,obstruction
3883.0849856235677,0.21737115888655317,-0.04064927035622107,10.375870726125894,obstruction
3888.134818717378,-1.2682728243469852,-0.44429569654536893,10.278822028165548,obstruction
3893.1725719433707,-0.9897487306884453,-2.4014714761589824,9.382231780016,obstruction
3898.1578939181672,-1.6674041742714873,-0.7889417484085987,7.847099563255132,obstruction
3903.1267592748177,-0.9743204985238376,1.062263196655686,10.230251140570491,obstruction
3908.104787309785,2.012963905065725,1.0395849205762069,11.346978205798605,obstruction
3913.203676907034,0.7567786456010379,0.6061548592331915,11.807780705550087,obstruction
3918.088080977012,1.0838972652066559,0.8425466808753812,10.790285565878207,obstruction
3923.061281660285,-0.6251914470645904,-0.3649372956503045,8.763364775116564,obstruction
3928.0469458679618,-2.0834592225860975,-1.4074412000252268,7.584629123148143,obstruction
3932.983601681144,-0.48373320824258187,0.04613666010068518,8.928040745718919,obstruction
3937.9532248952755,0.014276445576610342,0.464774964377962,10.695137534014687,obstruction
3943.028248640631,2.556106488200662,0.6153164653198457,11.745692605060343,obstruction
3947.971459064318,1.1574432413434947,2.0907135169786213,12.025911623198112,obstruction
3953.0055264082944,0.18344638943761668,-0.2915944215409978,9.493734569070327,obstruction
3957.9987901712107,-2.230929325660035,-1.4066536889678867,9.19604676301172,obstruction
3962.991518502121,-0.8262443222681628,-2.20560096639999,8.60427764878734,obstruction
3967.9775248095043,0.4441732146332716,-2.0668071041036153,9.254595451341213,obstruction
3973.1058477627967,0.6000517897653862,0.7316673545223124,10.81453852298613,obstruction
3978.189150157486,-0.2187400174896854,1.3519918086354374,12.691095370117685,obstruction
3983.2052983981894,0.5316964640862882,0.054509246879299256,11.08209683139303,obstruction
3988.1299518884007,-0.5843558072189967,-1.145723791319021,9.146868212281051,obstruction
3993.1725340268754,-1.3508477023999332,-1.2851137400458137,8.157602349577429,obstruction
3998.2117480998304,-0.6311391491204388,-0.10080705664848544,8.887226173750316,obstruction
4003.1889460999423,0.45423584496028835,0.7512417488564677,10.06848437407526,obstruction
4008.1906443985067,0.6244381369103402,0.8715310509500358,11.047815866764468,obstruction
4013.1759045288877,1.676295340593887,1.0323127669073393,10.021871410094507,obstruction
4018.181938290957,0.7363484645001157,0.11485850338128825,9.66871217185509,obstruction
4023.1904097944825,-0.6988452583778425,-1.3003656759767805,9.861182596926197,obstruction
4028.280714051208,-0.5443055426914374,-1.7550201102871221,7.970927080761083,obstruction
4033.192353281405,0.31310620446312376,-1.088208047123433,8.479278017412284,obstruction
4038.111131980089,0.5398343380111568,0.204365727978852,9.518437281247637,obstruction
4043.0491864219202,2.1436709786038346,1.6465019887845873,9.683059097406042,obstruction
4048.0150784464417,0.2612672704611573,1.2835471730623846,11.24118708255178,obstruction
4053.019654727728,-0.023814409950938267,0.2711720735400298,9.489634312331525,obstruction
4058.062696806986,-1.0372537314810693,-0.6019678594368457,8.025060414917297,obstruction
4063.0252426052857,-1.3913068652452818,-0.820244768836887,8.187119481521565,obstruction
4068.0613449591983,-0.34533838531868233,-0.3611491782070919,9.493594729444899,obstruction
4073.0465396190752,-0.37291458776936337,-0.3833800536359878,10.292053210385594,obstruction
4078.0478558403306,2.3318673736500077,1.219457291750171,11.030677471927358,obstruction
4083.0652445202336,0.008218431147083316,0.7422499021576884,10.21841069473209,obstruction
4088.1310065700964,0.47901486729646287,0.10171035691847813,9.255172207022817,obstruction
4093.1859698911585,-1.7212260581502545,-0.6307273226325343,7.807204901893916,obstruction
4098.226408163311,-1.2343766895641675,-1.855384508736948,9.598191410179783,obstruction
4103.254114645083,-0.28049663047871537,0.16666267493165923,9.545097816996629,obstruction
4108.303191449477,0.7324409695589128,0.5236199064500864,11.415353083746309,obstruction
4113.377877473271,0.16085316302301034,1.0049279822050559,11.014786892866276,obstruction
4118.4289385158845,-1.227468491326421,0.21180118826926564,9.77305252647497,obstruction
4123.399427875665,-1.463706800417925,-1.1130220326801603,8.627756500087369,obstruction
4128.403891616561,-1.013364913690683,-0.43933756655975864,8.161498570991085,obstruction
4133.461838591397,-0.8387916064857761,-0.6977089933518752,9.097907328544029,obstruction
4138.425134286076,1.2070885297865903,0.5927751197944641,10.198956433552134,obstruction
4143.363573151613,1.744121014389115,1.155590208515925,11.475496784398649,obstruction
4148.397196713915,0.8592980777903995,0.331755310556967,11.63049788127003,obstruction
4153.390797329255,-0.04526018196170589,-0.07973147059958885,9.319388182036423,obstruction
4158.409738793556,-2.2928716264020537,-0.9807328047485988,8.494619106398607,obstruction
4163.426604812539,-1.8307402791159375,-0.7848866880351483,9.148258598672209,obstruction
4168.448802838644,-0.9761894437936227,1.269881547884845,10.076960276148524,obstruction
4173.400042385366,0.9106455932232325,0.35545175964770137,11.896672904976933,obstruction
4178.414757372668,0.6462435868988144,1.575531986053694,11.239263785711636,obstruction
4183.457004787825,0.2619265602171879,0.5335750030792676,10.742358999674213,obstruction
4188.436543459359,-0.47037822358282766,0.11698011568683042,8.102090239080276,obstruction
4193.367038011364,-1.7673996469748698,-0.9286636044455765,8.860669695169742,obstruction
4198.3976504256425,-1.4535233893458746,-1.0368806390097405,8.496582261773751,obstruction
4203.4824679112535,1.0442335563783054,0.5004448439780669,10.6538004744056,obstruction
4208.491980409884,0.5415872007028162,1.3885256014988845,11.732615687664492,obstruction
4213.519174283667,1.5001940488997991,1.0551377086135527,10.84487895379489,obstruction
4218.519989765941,-0.5296526143613058,0.38667209172579864,10.315171260357682,obstruction
4223.477412692179,-1.0949397880192082,-1.1245085980856568,9.08281533172813,obstruction
4228.453498717708,-0.1337548073901884,-2.418355494834625,7.934870020108966,obstruction
4233.496086239827,-1.2295583495333735,0.4471508613748094,9.310685818629244,obstruction
4238.499446012586,0.11335052513004473,0.11233714573272424,10.292663359559588,obstruction
4243.511235176787,1.1419586195416989,1.4101360466310866,10.724099735359829,obstruction
4248.439810339577,1.6165475443956288,0.6466742069181431,11.190622538256244,obstruction
4253.476768535203,0.3184094243071867,-0.1482527004804976,9.398621605383664,obstruction
4258.484697596985,-2.246771096004245,-1.9470647288257732,6.945834624693145,obstruction
4263.4210245107815,-1.7926239447391017,-0.7347471054080342,8.954081619604985,obstruction
4268.461970972826,0.07180213510300765,-0.6020706034397145,10.580889183264135,obstruction
4273.442967590317,1.8721047591467674,0.8104249172779151,10.532847996528037,obstruction
4278.411731482505,1.1377528653817193,1.9126031479354146,11.344128870805857,obstruction
4283.3751233057565,0.408862311529641,0.7858067765983081,10.717789799613564,obstruction
4288.35444631544,-0.48155215458013245,-0.6316568487390777,8.70103909878582,obstruction
4293.307744450501,-0.7552832747196156,-2.0893251524509813,8.902928919615734,obstruction
4298.342008616079,-0.7236977010361845,-1.0813083421578653,8.115458341652845,obstruction
4303.333235644907,0.6922818131875569,0.6885088974454505,10.185317029931566,obstruction
4308.354251892621,1.2457349495088699,1.3464504602047946,10.373726419151527,obstruction
4313.3640488904975,1.4787927791983655,1.1064934197842533,11.087025743342057,obstruction
4318.366404287339,0.8864936865705293,0.6013498600932181,10.63833211623873,obstruction
4323.34963591568,-1.1762029405237735,-0.5936681249652509,7.98355807892755,obstruction
4328.306228597962,-1.1655777974922863,-1.2550815460519948,8.660041423902406,obstruction
4333.26374501772,-0.401675402259174,-0.9442053263838289,8.595772254001384,obstruction
4338.184820633569,0.37228963754158995,-0.37336988989928116,10.3290709521669,obstruction
4343.245029026247,1.7364971510921592,0.3341083716759602,11.439617115979397,obstruction
4348.3072903840075,1.9918537875066376,1.733803097385502,11.475695385451692,obstruction
4353.261133083187,-0.5023249165878527,0.27579638870769235,9.659003445856548,obstruction
4358.224995065173,-0.46323360876897446,-1.926174247369866,8.123542106119025,obstruction
4363.307242035214,-0.2441272702342867,-1.413892209083153,8.998083812849545,obstruction
4368.302452035464,0.5626369938795386,-1.0243686899955942,8.98069765644381,obstruction
4373.337760349416,1.0694959026287842,0.8598255466772826,10.257089041325099,obstruction
4378.368381825131,1.7794718952371755,1.1525539098388626,12.0152669823581,obstruction
4383.371506998857,0.09258013181128133,0.05033813628783146,10.918035923394878,obstruction
4388.296461796563,-1.0564456841409293,0.5462101595493859,9.750203148940539,obstruction
4393.292572498105,-2.106550566683378,-0.8753311568246218,8.676775841761446,obstruction
4398.243387371068,-1.4146631864327013,-1.0881227177500956,8.068393486952235,obstruction
4403.257747133383,0.2106053750625687,0.9835723319094171,9.448383943802456,obstruction
4408.316198772149,0.7392022444285953,0.12047533139197941,11.594259215290686,obstruction
4413.260167390349,0.6828439102929671,1.0228822745032906,11.87733505236404,obstruction
4418.213219647006,-0.12288459650615347,0.030545508399648355,9.821380951284748,obstruction
4423.211304316021,-1.104708189855676,-0.9159774439414095,8.404402793887689,obstruction
4428.218352820156,-0.6911544623363426,-1.2191708849734118,8.504771043330464,obstruction
4433.225719653905,-0.2168160952257166,-0.9014375192939013,9.217694941737248,obstruction
4438.226753517199,0.38021077741334053,1.2096408277532404,9.879130684206201,obstruction
4443.281495461183,0.7006775023022578,0.49677072823826907,10.156246441012748,obstruction
4448.273641258761,2.1888883296213386,0.7396268710004995,10.739452181506215,obstruction
4453.3453952394475,-0.4773602875908757,0.18826152203069824,9.955721294837517,obstruction
4458.327172904112,-0.2912951226906929,-0.05309703364519369,8.713126134916473,obstruction
4463.3056127029895,-0.353684381386314,-1.4095536096998487,7.666256243576182,obstruction
4468.256933532537,-0.5713744531843525,-0.2960742780874,9.664068448079117,obstruction
4473.222245214734,0.3412378637636124,1.3798322297504872,10.868475891508844,obstruction
4478.2652223584255,0.7032748158572323,0.5030052540556317,11.361324567102688,obstruction
4483.219540615734,-0.2594886683609056,0.9251257545551317,10.218007403403707,obstruction
4488.197024276594,-1.2374968007102545,-0.9304413436487513,8.363312409150748,obstruction
4493.282015840554,-0.9279077321277819,-0.620052958574543,8.779368767996674,obstruction
4498.369147760209,0.2854960573398809,-0.17286692723546998,8.828717290980018,obstruction
4503.403669922852,0.7671031242973729,0.7203666340205908,10.843183039501188,obstruction
4508.315640011192,2.1469651536898073,0.4721163261843031,11.605150205423971,obstruction
4513.300224937891,1.7073998902407854,0.6089097379585942,10.603576435524248,obstruction
4518.3260846185885,-0.3682371795477133,-1.0945632356819752,11.16463454746445,obstruction
4523.306341178292,-0.9286085239581955,-0.48125511738502896,9.403843773352335,obstruction
4528.272558942928,-1.1425124137276295,-1.3898981091396272,8.788987244358829,obstruction
4533.339796638336,-0.749209948869417,-1.5576471518808581,9.292489009662905,obstruction
4538.381087889875,0.9554913399210215,0.9253491408529393,10.78185841027843,obstruction
4543.30542739034,1.0526406559261081,0.9953339798471647,10.752578149501431,obstruction
4548.243642976187,0.41589687605304104,0.2768289951799614,11.199617091104173,obstruction
4553.314663361773,-0.8292855029864794,-1.190750130753975,9.74787765811555,obstruction
4558.3685855670365,-0.9006882328203802,-0.47158596794637175,8.56453646939968,obstruction
4563.327082108355,-2.15671502386451,-1.6203286780512398,8.562095652700867,obstruction
4568.3511494566965,-0.1754955597921715,-1.0870806937389874,10.325514435196073,obstruction
4573.3405343866025,0.6412461783120307,0.32929334498035523,11.201012452815187,obstruction
4578.389564372721,0.8427424435897092,2.0002199958725746,11.828254363511222,obstruction
4583.365582835976,0.0851292901187678,-0.0280279431277205,10.152637303269213,obstruction
4588.365585131658,-1.3526914692670644,-0.7020309988813251,9.439519915509468,obstruction
4593.354789477907,-0.00046094017891928907,-2.1570983315433203,8.273672512878209,obstruction
4598.408661787407,-0.3407948437243322,-0.4946601260392054,9.622047072824383,obstruction
4603.492932004751,0.16871979400450035,-0.16038978900257478,11.100246913693612,obstruction
4608.531414938397,1.49953352312971,1.6357897613504022,11.027576381892548,obstruction
4613.520477416979,1.6780753028699498,1.427507359253547,11.017162489839025,obstruction
4618.544883937646,-0.058383443812303704,0.041622214147669354,9.86596362266177,obstruction
4623.602819498174,-0.7044168614669529,-1.7829334335085898,9.043381011883945,obstruction
4628.565770466251,-1.84794631559536,-1.133006693020536,7.731201764861352,obstruction
4633.5845568296745,-1.3210851966507229,-1.1421242515779924,9.800093008173215,obstruction
4638.658292095148,0.8710586115878842,0.6661125407964856,10.297163331340451,obstruction
4643.622752329024,0.6806661225787105,1.4693396203204079,11.170081546243093,obstruction
4648.743830637559,0.8649423466442839,1.0938265900517297,11.099942536512591,obstruction
4653.653751797056,0.5613481287594015,-0.35627707162807737,10.104102357662027,obstruction
4658.674681505256,-1.421590560881515,-1.1073883671123608,8.59040806362509,obstruction
4663.690056640899,-1.9973803091217524,-1.7307370040322567,9.18828949394145,obstruction
4668.677577964866,-0.14375197598233952,0.2533671962387202,9.905198508799035,obstruction
4673.6716681833705,0.6640268876249458,0.45050104324918167,11.035078936510848,obstruction
4678.555787156196,0.6092679377762893,0.8073349562859466,11.936631464635761,obstruction
4683.5364838120595,0.3707810175375148,0.13635851699997265,10.088784178859447,obstruction
4688.528910559273,-1.2063397047614064,-0.05662672529090107,9.509746861588933,obstruction
4693.520007536298,-0.7135794734060281,-1.877081038687764,8.88750956085279,obstruction
4698.529361584957,-0.7269796706362951,-0.5649820213086816,9.351618609622944,obstruction
4703.507335943904,-0.3363200511580527,0.40089662401673937,9.775844917637173,obstruction
4708.453515359944,0.967044892632229,1.2869520102466512,11.573012884185285,obstruction
4713.483346382947,1.037960363148149,-0.08065172857496616,11.102030013669422,obstruction
4718.541666479161,-0.5042586151746572,0.43380759620958953,10.502023509297848,obstruction
4723.592377612718,-1.8172503353610836,-0.7927022853766557,8.164666175278464,obstruction
4728.525937283412,-1.0050467805640233,-1.41821205861818,7.905538134731529,obstruction
4733.518877358655,-0.5722871012498496,-0.14536564189005607,9.670396198568245,obstruction
4738.539064911648,0.5071116233019344,0.5544770088855928,10.654374296134636,obstruction
4743.484637526702,0.2653878578667589,1.9151228796488518,11.303688344818058,obstruction
4748.49997261022,0.4327165193767132,1.0092916153147597,10.765359694741221,obstruction
4753.4552157656035,0.8082156564379941,-0.09086407301969185,9.086066325426712,obstruction
4758.451141365764,-1.892969263050291,-1.2990846096736934,9.118786412876938,obstruction
4763.554651066466,0.2102333451757603,-0.8596361148277574,9.922728789358246,obstruction
4768.522508349055,0.25262300626049716,-0.9344965002895003,10.286414890919644,obstruction
4773.486286901789,0.9644403221966715,1.4827494144795863,10.702536264648527,obstruction
4778.558095422345,1.4642906395196085,0.3295784976127687,10.665581213269975,obstruction
4783.552722656651,0.10159845166511815,0.17238232745944307,9.724600597112177,obstruction
4788.524942729644,-0.3851399289792165,-1.0771882065892049,8.151356075271854,obstruction
4793.454977551323,-1.6254999421406633,-0.7574404599429103,8.539722926038307,obstruction
4798.492255386773,-0.7358013509806285,-1.4666029594862402,8.797851372101615,obstruction
4803.469590545664,0.3240311564168452,0.5033704710023039,10.84840368169912,obstruction
4808.339704818328,1.3907793745521686,0.9023900139233965,10.790688941596914,obstruction
4813.318709926563,1.2809999797077989,0.601068797997474,11.000036020157197,obstruction
4818.320859431149,0.3737345271626065,1.5402537745458922,10.646851604370323,obstruction
4823.285571017864,-1.30377115784048,0.16289077350947334,7.904469590255958,obstruction
4828.288732002911,-0.7976084323982418,-1.3010929009889953,8.369182778981353,obstruction
4833.189008058888,0.6799297327764944,-0.8576281560455071,9.311100544363342,obstruction
4838.197281994288,0.7975267095079576,0.4015621488929059,10.799980441352826,obstruction
4843.185139015526,0.8288820349443009,0.6256738736506172,10.93877376331312,obstruction
4848.20508808324,0.1451465874762054,0.523636768590498,10.185682814398485,obstruction
4853.192941019015,-1.1199832785142776,-1.7361991316029575,8.734988875022347,obstruction
4858.230494830125,-1.2773210575112726,-0.7339955818841284,7.764185126321585,obstruction
4863.268090996751,-0.913363527732813,-0.2877285908568752,8.462537665890101,obstruction
4868.2968883184,0.6560938754270433,-0.030082793130957908,10.267393059138163,obstruction
4873.272582364683,1.2315351861344301,0.9569273565268169,11.20706200101212,obstruction
4878.227333100903,1.550205087826844,1.1014952554004676,11.438578638631698,obstruction
4883.2012881996825,0.3446936481914937,0.05485786315213876,9.10467959566045,obstruction
4888.253346012293,-0.5331444742557027,-1.2397284770205292,9.256229112178204,obstruction
4893.334950497713,-1.261153094271829,-1.0061531150885137,8.056469616725849,obstruction
4898.310311489436,0.9169132723049762,-0.8037574772791201,9.397171991312067,obstruction
4903.265175028745,0.7342409043040938,1.4159388028686433,9.581384061142527,obstruction
4908.270704200366,0.7530385733118252,1.7146226288787392,11.385234611817726,obstruction
4913.263504323387,0.12985035753828633,-0.12644023343434363,10.884097022166252,obstruction
4918.242188776408,0.2335178219695349,0.007486050401739497,9.597700146786678,obstruction
4923.236982940116,-0.5416195547188666,-1.221841278327714,8.770389066527752,obstruction
4928.200361811944,-0.14135960645578594,-1.2183412028477525,7.756681320590287,obstruction
4933.306453738552,3.8495047778165,3.9232228804164087,13.31317183244153,obstruction
4938.294503023388,0.4638452037001921,-0.1352126523842372,10.9962622262554,obstruction
4943.275151222546,1.8770357184332152,2.014019696593185,10.253574560449112,obstruction
4948.370358465488,0.3624557036268585,-0.2718336001383499,9.611964947730865,obstruction
4953.291544934753,-0.8974046204583498,-1.8142151100258408,9.197212159093235,obstruction
4958.256493466191,-1.5852178213965409,-1.1659460267040405,8.512376649181999,obstruction
4963.2515939383275,-1.6262931851822338,-0.6873089975040197,9.758509524696773,obstruction
4968.157082148499,0.22246812155072654,1.066486120962856,12.062605301073846,obstruction
4973.184171262551,0.6487106295693086,1.7237317383446351,11.000519089656075,obstruction
4978.197973108259,0.16378499196932927,0.6628505393320165,11.521341350228768,obstruction
4983.266074948243,-0.14535648210850258,0.7357636063448747,9.594143071574955,obstruction
4988.34837690676,-0.7121962021832415,-0.7924852795359674,9.084637884538811,obstruction
4993.300050023249,-0.34257187365573594,-0.6895402723422691,8.33835851734352,obstruction
4998.28411668305,0.26345549477128877,0.3001545654143892,9.085835814865963,obstruction
5003.372245134638,1.2256460496410182,1.199443921836026,10.285812557557808,obstruction
5008.297565180932,1.8281012984308584,0.9149180418889199,11.801360133819552,obstruction
5013.295309515621,0.5287793608264332,0.6894937964880905,10.422024017039803,obstruction
5018.365105600483,-0.20930315776850839,-1.594693614350731,9.105895692129925,obstruction
5023.404078806705,-1.1434724217635555,-1.6732191858381014,8.14425648154372,obstruction
5028.419324000442,-1.0062657060880815,-0.9479731743741879,8.365659043468067,obstruction
5033.498997049058,0.3053146707919138,0.3850542308086906,10.005281043753005,obstruction
5038.509046739323,0.8643075388721718,1.3076889224211292,11.107300241174169,obstruction
5043.408153405343,1.6668443776478075,0.767455826021548,10.471652326022582,obstruction
5048.4403719397105,-1.277039780271637,0.2646826546338394,9.93985808198729,obstruction
5053.426298990175,-1.2359152424278033,-0.7293993727731922,7.360740663201381,obstruction
5058.411018405971,-1.8385148588048346,-0.9449009542240306,8.232416697807814,obstruction
5063.318383224066,-1.5796705361122023,0.8361744407492885,9.40184268923964,obstruction
5068.351352491493,0.8361520229597503,0.4529786345074506,9.272794875317942,obstruction
5073.340561885885,0.8769569173055637,0.6633099590874771,11.164124828730927,obstruction
5078.337436897558,0.5057502898582185,1.413777255837261,10.825067190040347,obstruction
5083.329211598212,-0.23915887282167506,0.3184296225320439,10.313439732340365,obstruction
5088.358099366571,-0.5185534187613694,0.29350686244675717,7.50421126741422,obstruction
5093.2705682816795,-0.9838543949790187,-1.748994838309831,8.780624828468369,obstruction
5098.250897921441,-0.7176350106418277,0.11524873207192243,10.005378509790672,obstruction
5103.303277088717,0.7787306176015557,0.7208762071193546,11.931430647210956,obstruction
5108.313592747128,0.8175943508535616,0.8259869147161709,10.946554030059609,obstruction
5113.343938926785,0.47065723387392,0.04883535255820737,9.851532898512392,obstruction
5118.363600483185,-0.27820065998417143,-0.40502906839487707,10.09382185637701,obstruction
5123.391560414878,-0.27227978168891764,-0.4003226191603896,8.550974092084315,obstruction
5128.378217250365,-1.444489793257651,0.11160371262139879,8.13936272801616,obstruction
5133.358839768758,0.26349167538314827,0.6043685190056265,10.874317884366215,obstruction
5138.340347942567,1.6983981872354637,1.6140064673276964,10.957641727835798,obstruction
5143.374687784563,2.693779231745309,1.10579731340124,10.902725339941398,obstruction
5148.393578242394,0.16108787078446377,-0.05761059813780048,9.98854551382058,obstruction
5153.417091579188,-0.9237077734648369,-1.5900218978861038,8.46001527003414,obstruction
5158.373425708403,-1.0801573390455657,-0.5241248457985198,8.309187243777073,obstruction
5163.351528564621,-0.2720651466439291,-0.5659577793692252,9.647120152211572,obstruction
5168.288538621275,1.3628529139609022,-0.33340306309539547,10.840315625710312,obstruction
5173.28749116327,0.5681254816552802,1.3215998781774363,11.243690099166699,obstruction
5178.300350779206,1.9609031821338085,0.6198761396708867,11.441478251271848,obstruction
5183.373974650848,-0.7935685643918522,0.7594783813677013,9.131497972888202,obstruction
5188.362744692839,-1.415037827485611,-1.0958791521915054,8.764850140803066,obstruction
5193.362814466281,-0.9718249240239644,-0.5378528261964992,9.289102540020282,obstruction
5198.461524344208,-0.3219189607534882,0.25024417472320476,10.435311954195736,obstruction
5203.428921345414,0.21352965984165162,0.9635766258241198,10.690759022751593,obstruction
5208.4280005871915,0.11517074827600937,0.954450874796907,12.000612027163921,obstruction
5213.511655051968,0.3560062448192423,1.1012699027128439,9.919181352576281,obstruction
5218.524811174668,-0.5417076779743635,-0.8234255895017472,8.568530736007625,obstruction
5223.491527893684,-1.8430584935498646,-0.8157464351653778,8.556541989114109,obstruction
5228.455052774346,-0.7315058063703326,-0.9491984779884026,9.461824120560115,obstruction
5233.5124478456055,0.1538390759572551,0.7607523944866582,10.996729786291727,obstruction
5238.540153512616,1.7969831346233804,1.560262930292916,10.905557533127187,obstruction
5243.581025139487,-0.10003943237437252,2.011668895452386,10.509803271632922,obstruction
5248.537115120237,1.0168388449219048,1.2486436048108707,9.998519116576034,obstruction
5253.575427390101,-0.7431818642702892,-0.6032839376498519,7.653073501084277,obstruction
5258.535148847093,-1.3210532306370213,-0.34954932737066424,8.239176379481203,obstruction
5263.456511807154,-1.0253708137387472,0.055154857871990814,9.469265878133841,obstruction
5268.429868911357,0.6695812774122317,1.3449479970061589,11.074021705852484,obstruction
5273.479482507715,1.220534250991741,1.9084693741910166,11.501357152267943,obstruction
5278.532528128401,0.02995854339292947,0.6270844614941465,12.217311152855231,obstruction
5283.495233744087,0.754299665022452,0.033209156710675314,8.849631533902631,obstruction
5288.457279660797,-1.5876164114902516,-1.3040993629967779,9.190366862632176,obstruction
5293.443002869911,-1.4005469416524314,-0.9346005089366353,8.654826744789503,obstruction
5298.361024610985,0.5944108622964871,0.12518153755263028,9.541469545858746,obstruction
5303.315271157306,0.457121243409071,-0.052985436263896846,10.535293713312061,obstruction
5308.326704058902,0.8232404890722553,1.5032830157257226,11.626700032762226,obstruction
5313.315137128614,0.16487109936986594,0.27224228630334274,10.23033933854003,obstruction
5318.298654638397,-1.3983415061458884,-1.0014978065506883,8.665454949987657,obstruction
5323.3234526528795,-0.278598743853967,-1.2988649322364172,7.4098656231192,obstruction
5328.411443794171,-0.4551937850147334,0.6554920762103918,8.417879772829457,obstruction
5333.392780381259,0.7199787275813279,0.07720982604873639,9.656905190109592,obstruction
5338.3502835303125,1.0856650247811344,1.3316196345782891,11.691771938667276,obstruction
5343.283387624601,0.8694202472139255,0.4470789301941072,10.000023852653104,obstruction
5348.262944171288,-0.27014496630263296,-0.07222444476585008,8.79231621325498,obstruction
5353.311239819726,-1.469753697420742,-1.1603962060831692,7.853656400799598,obstruction
5358.323916686459,-0.8951228265389337,-2.2570432255549338,8.198233478213993,obstruction
5363.294272437912,-0.4397924254777565,0.47713327542605266,9.51215819941063,obstruction
5368.293546985399,0.9076227508593564,1.730516719755535,10.492626930905837,obstruction
5373.31465764698,1.6153384895860048,0.8546507710094786,10.6889588418726,obstruction
5378.263620550307,-0.47677177743864196,0.9009015751431401,10.219608528015725,obstruction
5383.298374406488,-0.2934242364268784,-1.2499145033518377,9.232533805328142,obstruction
5388.211552392656,-1.7950991027524599,-1.5485705191102104,8.562295252348157,obstruction
5393.155081494296,-0.4355337293785646,-1.4729927976578665,8.773444247477844,obstruction
5398.091481370462,-0.4925672562134267,0.4112801870845205,10.167573798929384,obstruction
5403.055660615614,1.1325625065100546,1.3565244964731369,10.960998737498848,obstruction
5408.051048827133,2.10512382894903,1.350029557531187,11.081953068377807,obstruction
5413.092974115649,-0.33713771092653794,0.5387987914847119,9.854929189237202,obstruction
5418.153614698977,-0.46578848954765917,-0.7879978822950287,8.616538751231554,obstruction
5423.20049560238,-1.4424342296812054,-0.9869238654471069,8.349520914431269,obstruction
5428.082082223317,-0.7261025908864323,-1.3369441941885012,8.848183269893687,obstruction
5433.105036089528,0.9355763149414719,0.685352505632802,9.775493019796107,obstruction
5438.118129666728,0.5010794639289992,0.8713967389882562,12.05057780640298,obstruction
5443.1320128978205,0.38865088534187675,1.9463584821291033,11.286159932082258,obstruction
5448.096059091616,-0.14000663337921804,-0.15037370573574133,9.936657138156505,obstruction
5453.090025696092,1.241648477383138,-0.3420359543981272,8.496031828574344,obstruction
5458.075353472404,-1.182915544349738,-0.8925916240851004,8.254872607203517,obstruction
5463.082705955565,-0.15792682354177667,0.3768199071711821,8.874361654913683,obstruction
5468.077344491972,0.6752638908581237,-0.3410389689428466,10.886571535498824,obstruction
5473.109454433185,1.6731807115764061,2.7482100104301455,10.968654976441416,obstruction
5478.111393273672,0.7416106051671855,1.301202809632396,11.167461248343196,obstruction
5483.152801483514,-0.06281138583444719,0.5570040510091453,8.799078092223922,obstruction
5488.245924688448,-1.2891641613926654,-0.43650886723764615,8.34084276493776,obstruction
5493.26679709296,-1.1684482216035534,-1.0625396487895662,8.602783188178242,obstruction
5498.289186391289,-0.18503909327477228,-0.40518673074392675,10.205458155318953,obstruction
5503.169370328218,-0.24092231367457106,0.39648149078673456,11.114066147203232,obstruction
5508.217472837869,2.382913187581527,2.0326549060801464,11.327449565896885,obstruction
5513.2541104676,-0.11194871119620281,1.3178600862101282,10.14611892487112,obstruction
5518.234440553027,-1.0617622147227543,-0.4856864794383194,9.31521466503681,obstruction
5523.199766969599,-1.2597799293064949,-1.2214287536688289,9.166217077329813,obstruction
5528.2129023535135,-1.8512704234205626,-1.1057197995732824,9.290069981683144,obstruction
5533.242228957115,-0.21501987728061656,1.0847416251447377,9.903687158505285,obstruction
5538.169627860545,1.6685024296560895,1.5756406090428263,10.60190640785494,obstruction
5543.129797916891,0.6113957778335561,1.123052984523321,11.761663917967763,obstruction
5548.168011958057,-0.5323071855752434,-0.24548677360534296,9.443717290435394,obstruction
5553.212140325985,-2.301430563514904,-0.6376870167739506,8.503460461114553,obstruction
5558.1588942652925,-1.2199247466949572,-2.192650414654396,7.273679660343586,obstruction
5563.168550649007,0.0048086186566627664,-1.256028361586709,8.698798052326406,obstruction
5568.1216095996915,1.6293297637095319,0.27745701356520674,10.38215411134325,obstruction
5573.172145898641,1.9863587078926526,1.9035452203702157,12.045590429217679,obstruction
5578.083077049351,1.6303318303805798,1.1130409702752937,11.421285979205646,obstruction
5583.0371064143055,-0.4986546326102636,-0.1989018971032575,9.108927324832882,obstruction
5587.996225934702,-1.3187238184953447,-0.7604058543449947,8.830946148183218,obstruction
5593.0234641796405,-1.7587493613971088,-1.6879245023557643,8.539744324613116,obstruction
5597.951231513584,-0.2610558125840101,-0.03671794205998054,9.8893357630739,obstruction
5602.974458419438,-0.3574035137534426,1.256152150405851,10.299366545200717,obstruction
5607.906755304536,1.1138234603037243,1.6331583382584842,11.358894704437743,obstruction
5612.9208515438095,0.19364165894651053,0.13582149326729726,9.914024293755613,obstruction
5617.814699347059,-0.16355440542799893,0.3007030088324697,9.134951282990313,obstruction
5622.847070655974,-0.6063131572093565,-1.5430014821656328,7.922910009371066,obstruction
5627.8214592098575,-1.4532019912007295,-2.0958973723946097,8.577327325651112,obstruction
5632.840898989317,1.223875769016723,-0.25121184908545224,10.806321135502696,obstruction
5637.789692685473,1.7673806672184709,0.5517844201177918,11.112936334634599,obstruction
5642.825909013707,1.284423864306631,0.3268677979014566,11.311680659026427,obstruction
5647.845898784959,-0.1959384247043548,0.27537487296970875,9.477812010293253,obstruction
5652.767557954081,-0.2072453877629309,-0.33578561119736017,9.57177988590828,obstruction
5657.813382492961,-0.7574548251560258,-1.5969044165992021,9.06381200429235,obstruction
5662.904798720334,0.3388702393913453,-1.49273575478746,9.616072355091799,obstruction
5667.809441755492,0.2597459426154136,0.9024337647868041,11.131322839748027,obstruction
5672.832949602045,1.954960231356903,0.6882213172356275,11.161254518158623,obstruction
5677.915163697443,1.289899571925437,1.0422321691126226,9.97388499349266,obstruction
5682.988054801151,-0.8740841785883668,-0.04786075722657179,9.13830182173724,obstruction
5687.948798728352,-1.825832990629916,-1.2263732928035531,8.770733326014733,obstruction
5692.995250400797,0.6890973550424947,-1.8744495133438375,8.933266487060822,obstruction
5698.018194395901,-0.8947685118623395,0.8212598777120643,10.18529858856603,obstruction
5702.978470833469,0.6520686801561544,1.7510406739298312,11.015892550032214,obstruction
5707.975963266307,1.6556649676093587,3.060626142465343,10.926453039037728,obstruction
5713.006467576387,4.156144278061044,4.785249053230823,15.027243741175216,obstruction
5718.053685311468,-0.11843240188296877,0.1831326949727794,8.756685611577408,obstruction
5722.973424336337,-1.9815985174495032,-1.3949978387273174,7.448200640136834,obstruction
5728.017254689461,-1.656100859926815,0.4504186629897097,8.873244275036377,obstruction
5733.0396558054545,0.08701864634752243,0.5828413459113057,10.29600957221525,obstruction
5738.069549267593,1.929467969416685,1.3827444740978903,10.76628381265017,obstruction
5743.111676997775,1.7639173819990956,1.3591278646295912,10.337489182063624,obstruction
5748.0911134891485,-1.1509385160218728,0.8510033146255309,9.062663174404756,obstruction
5753.131470560371,-0.7952336634031011,-0.631791250525978,9.279367541410203,obstruction
5758.1305268421565,-0.7015210233105751,-1.010884886766719,8.689256079224542,obstruction
5763.054685662851,0.16602796771772965,-0.3080310384794579,9.704992426812629,obstruction
5767.989799106168,1.1340991999698475,-0.04203436822588502,11.302803519366359,obstruction
5773.004801614727,1.1471076156644566,1.438115527079837,11.271888648656082,obstruction
5778.032486467745,0.38344074991487836,-0.2787772653035572,10.235461607459039,obstruction
5782.984678559969,-1.3796493673354926,-0.4560153886906188,8.786197174850432,obstruction
5787.9301527297885,-0.9362110000575676,-1.6789126877389486,7.872627232948723,obstruction
5792.950338391004,-0.4723717828272175,-1.6066281373134905,8.403121078765311,obstruction
5797.925163118503,-0.2212965877950504,1.414829455733042,9.881678023483632,obstruction
5802.911906423281,1.2739813872523231,0.11566989225723034,10.613082200483229,obstruction
5807.8923889284115,0.7270175207432128,2.327639659578538,11.881259569991723,obstruction
5812.97692276071,0.33813534641850584,-0.7142782786748342,10.251656838036853,obstruction
5818.008943864666,-0.7038672068226263,0.11852251003764558,9.317343476626027,obstruction
5823.007619733387,-2.084999738622111,-0.6379011673880453,7.790444429963597,obstruction
5828.056346653052,-0.7772926970820002,-0.7358526571819007,8.347486722551896,obstruction
5833.0478484740715,1.1093827926610407,-0.6792703930425847,11.6092889593472,obstruction
5838.1424891467805,0.9659302254663481,2.013487384541391,11.013432638062769,obstruction
5843.2502701783205,2.1466265255826396,1.0653422542998816,10.389290098297076,obstruction
5848.261434486885,0.15902022620762848,0.9296630543056095,9.872605681897962,obstruction
5853.264640715587,-1.3305174037494178,-1.7380189269954132,8.052638955716946,obstruction
5858.280535329749,-0.6645954793960256,-0.48370625048763893,8.980489548990263,obstruction
5863.315959220318,-0.5182229945342638,0.47329241832024727,9.263220002290353,obstruction
5868.242171632157,0.08320735716212435,0.5217732007649931,10.167138097721397,obstruction
5873.3290998720695,1.0698818501704193,0.849382603838563,11.537405393748546,obstruction
5878.235546581601,0.40861970901096606,1.2892293446391925,10.752105717703857,obstruction
5883.208889219075,-0.3992153971613303,-1.306445657648982,8.612404627733941,obstruction
5888.185372680898,-1.4565625124592712,-0.6701779065379583,8.68127285580707,obstruction
5893.142743329949,-0.788420229965186,-1.3648878109376104,7.901515066228369,obstruction
5898.126097038186,0.043162622605754805,-0.049899616127451245,10.291959458921559,obstruction
5903.132296323023,0.5183746548735411,0.42795963002714305,10.186366855386117,obstruction
5908.04758083594,0.9185442909747317,0.5185548265924547,11.047505884286632,obstruction
5912.923215486728,1.061694866579092,-0.1279184981679038,11.172990281433677,obstruction
5918.035663419572,-0.8375677540850046,-1.2137167311519177,9.357736995886837,obstruction
5922.9489200392145,-1.2534813636557882,-1.617759870853098,9.333456579930099,obstruction
5927.942853911171,-1.0087356103616352,-0.15276686407983453,8.982216915508248,obstruction
5932.908108648955,-0.9283511298655988,-0.08309692743007491,10.614487787154864,obstruction
5937.941938595098,0.19904395548032383,1.3092776461379845,11.17073384926487,obstruction
5942.934822786185,0.9271123242394305,0.6429149774865196,11.475668986868783,obstruction
5948.005680014367,-0.2781079115609063,-0.35941855148697033,10.395727650676424,obstruction
5952.988737388179,-0.5603272046367271,0.04332582837121768,9.021397425540483,obstruction
5958.037670637206,-0.5637808511217719,-1.5237190522350141,8.271220725523515,obstruction
5963.0634746954265,-0.12183304703179787,0.23394019675925676,8.426825952879685,obstruction
5968.063893871051,1.1476311784066822,1.2541321683934457,10.851918594422692,obstruction
5973.083662017095,1.0891893520936546,1.1755483556699875,11.31493597537155,obstruction
5978.138820073481,0.3060721462096522,0.5521830993634674,10.752005653059314,obstruction
5983.215085764396,-0.3570796350599156,-0.8980790478972143,9.484938754396573,obstruction
5988.177569354481,-0.8224660378597157,-0.9717682347052355,9.324183388254365,obstruction
5993.100982450832,-0.6764557164755585,-1.596278753844554,9.379144422680747,obstruction
5998.096435587149,-0.00046447655485365447,-0.8210591928333407,10.448931658645607,obstruction
6003.082587996627,1.1732770228153357,1.3740139798926079,11.26983845998218,obstruction
6008.016262923542,1.6428088501785556,1.308563873972235,10.991080260613234,obstruction
6012.98478601369,0.23019096277373274,-0.9509879678012667,9.38271816367414,obstruction
6018.075478880055,-0.9140899134022995,-0.4741628155137599,8.302367716699788,obstruction
6023.008010944087,-0.3567956368850168,0.4308893830855036,8.42459747040204,obstruction
6027.984283299582,-0.40590561523773755,-0.7436010673618754,9.184052213525552,obstruction
6033.06380820823,0.9224953950479947,1.4080901610299972,10.49437833836831,obstruction
6038.0493870188375,0.7240234835169518,0.9423099567909485,10.312651153916182,obstruction
6043.110209931476,0.026998534941855556,0.7017259611163251,10.844245566070343,obstruction
6048.093454833239,0.48737899812945706,-0.7883394197167128,9.881013602941268,obstruction
6053.128915663606,-1.6994230798504186,-1.1202139614483433,7.92977943517422,obstruction
6058.15042384072,-1.4967045616649186,-0.9601650200633425,8.790552239384915,obstruction
6063.188648024256,-0.40041668018470516,-0.0655734441394782,9.150844525414666,obstruction
6068.19695541588,1.608662098728146,1.138006098009254,10.253375401264451,obstruction
6073.30007377137,1.6469888793429774,0.839036083525269,10.51946224074759,obstruction
6078.403578202288,-0.2167869442976938,0.0873718298684012,9.488048398075227,obstruction
6083.255509716143,-0.9333012686732132,-0.16146412877300764,9.144902874846634,obstruction
6088.194668668727,-0.9842603069186365,-1.3834632125616062,8.324276711978948,obstruction
6093.159816229961,-0.5951849501858772,-0.6110903381989917,7.445895907131251,obstruction
6098.229086618557,0.3953800787793129,0.5662971170410958,11.10628312519299,obstruction
6103.205030018298,-0.3167736050636638,0.7093589803404602,12.066096392795638,obstruction
6108.181917209786,0.09355497518590083,1.7929477025345415,11.306231335591322,obstruction
6113.093660276375,-0.23745652055983366,0.6804646329861417,9.90711291922861,obstruction
6118.06512903126,-1.860558415794603,-1.0797730750758414,8.865729834339483,obstruction
6123.066408823929,0.20924981287174305,-2.2636257089323895,9.243509554811602,obstruction
6128.107780431682,-0.6709359591807451,-0.58100740441787,9.348504966373804,obstruction
6133.17395412611,-0.06199413022093947,0.010899135484587319,10.722847437016602,obstruction
6138.116088701064,0.39189425951771184,1.2723571505717395,10.914063360396643,obstruction
6143.067080285131,0.751915415760748,-0.1450566669924045,9.75096878934436,obstruction
6148.028500579357,0.044620243212871724,-1.4832234603005645,9.376510813532704,obstruction
6153.06347930786,-0.5724037864981004,-1.190045583925383,9.697598402320487,obstruction
6157.995088339432,-0.21036763239230705,-0.6182927639727854,9.250751808140176,obstruction
6163.062226339454,0.12066217681844146,0.7925477493276691,10.40529305387069,obstruction
6168.0086124253885,0.6758816971797679,1.284156039455022,11.127895309411457,obstruction
6173.040438517376,1.7583708735155663,1.9732724028312316,10.324652869352864,obstruction
6177.975249133455,-0.24658038263124132,0.1770071254764065,10.148012010410403,obstruction
6182.946437583207,-2.0458186199490034,-1.5261708179075841,8.79287157957992,obstruction
6187.974828849778,-1.4244824777010523,-1.4609460205969431,8.580266730693832,obstruction
6192.967870300944,-0.5061127797695436,-0.34309328328668903,9.492885682743172,obstruction
6198.077759071146,1.0365548359144998,0.5665939567429206,10.773354693783906,obstruction
6203.072374369834,1.6041949047905992,1.327473599304632,11.30248897120795,obstruction
6207.982735228159,3.5147026118088296,5.393798447830162,14.832095341678091,obstruction
6213.029659693369,1.0991292139557522,0.7339017471508309,9.231319170388474,obstruction
6218.083288505734,-1.3732635356316365,-1.3583863471502793,8.262293140630472,obstruction
6223.102331198443,-0.5905188326164782,-0.5272993234950235,8.130402063549191,obstruction
6228.128043839495,-0.41810891120800664,-1.337369632345027,7.933662109311714,obstruction
6233.091551208119,1.2757335877719747,0.7293668709643324,11.049582759606936,obstruction
6238.0615484449545,1.365517560244007,0.052219414613518866,10.984139799761257,obstruction
6243.047645524492,1.0766078536405148,0.7829390644894187,10.605711517520566,obstruction
6248.006686317556,-0.1585953980062509,-0.41689020718390885,9.51953391126264,obstruction
6252.9306673497995,-1.0800949097034704,-1.2953843238107485,8.196576473144855,obstruction
6257.964695721352,-0.8312718089504897,-1.7234438516889923,9.64159083140766,obstruction
6262.967642933119,0.9201281414145333,0.550763282195,10.4453678991636,obstruction
6268.041421353489,1.360153289381972,1.6414022508271824,10.858688505366324,obstruction
6272.979586175194,0.4191915179955855,1.367734658695766,11.411690456660695,obstruction
6277.971860153437,0.8413102568791276,0.6680986241481168,10.34457819596173,obstruction
6282.993474572386,-1.9435350767316424,-1.8370473431154655,9.123119883123382,obstruction
6288.0253816416425,-0.5529834476613548,-1.810979426407187,8.476422773420865,obstruction
6293.04845231235,-1.912196754461445,-0.4005816958941029,8.727483194073521,obstruction
6297.947836356341,0.6158976237746238,-0.34127493101345086,9.30502974992083,obstruction
6302.870240660593,1.235365594737294,1.7715926979448446,10.692066319157291,obstruction
6307.809865465204,0.6376521659003446,2.0188273540290753,10.992060795159079,obstruction
6312.718214345665,-0.9284135422139156,-0.43616380992029324,8.646085688252839,obstruction
6317.658103395878,-1.0456511260597754,-0.5655506793109922,8.393792081812634,obstruction
6322.6833609391915,-0.6404167582867297,-1.1424468068677724,7.920180326199639,obstruction
6327.624720269164,-0.5273814350176952,0.323273882052865,9.539794744939176,obstruction
6332.575267984071,0.6208420070680835,1.0543271829406926,10.612268306431078,obstruction
6337.587693724944,1.491944197975061,2.179872609483107,11.607465766439685,obstruction
6342.622020742689,0.7382173401861141,0.3778761478126643,11.234642572534144,obstruction
6347.541483599584,-0.5522137201680822,0.6265135595800626,9.206298824361092,obstruction
6352.382919925237,-0.9179418991496907,-0.3140832526317989,8.195149668261427,obstruction
6357.380352626525,-0.6964173574481088,-1.1919142892948402,8.74126706414682,obstruction
6362.38668732697,0.10401278866647629,-0.17120781521660977,8.22853451647848,obstruction
6367.333803103134,1.4946583032108334,0.9583499690484063,10.533911542816115,obstruction
6372.369843743786,2.1461202388097185,0.7005530628784262,10.894879059328746,obstruction
6377.397053703981,1.707314526232696,1.508720197020514,10.159230251738766,obstruction
6382.4071806723205,-0.38497677817055,0.06463753777426173,8.83119670718923,obstruction
6387.384355614514,-1.3960945561572689,-1.175656184633625,8.957396564905915,obstruction
6392.393917827246,-0.48097346489803516,-1.6319850230440367,8.183500661682013,obstruction
6397.320619019027,-1.3351162872167235,0.40941670438194433,9.892819119658217,obstruction
6402.35270778011,0.9393819144600353,1.0407314501389124,11.580931997027317,obstruction
6407.410377479603,0.9526989029297361,0.44713061632053774,10.952052957773097,obstruction
6412.437656330097,0.47645100883929076,0.6133911378202617,10.902279169709765,obstruction
6417.329162228811,-0.1174854781570151,-1.640119634489949,9.570756924937212,obstruction
6422.435513244488,-0.9194652823351399,-1.188070306289581,7.992187030629261,obstruction
6427.38739795611,-0.4455184104212497,-0.6096742933300174,9.11366569839926,obstruction
6432.380065779845,0.6485379335352254,-1.27382314682398,10.472076247533405,obstruction
6437.380105822824,0.641247277867789,1.5738604596218881,11.778419998719755,obstruction
6442.370430243427,1.8641045992200351,0.8157029281580324,9.756214628328387,obstruction
6447.376862224167,0.09359642122560209,-0.41808125649319317,9.968454881422483,obstruction
6452.364091750902,-0.19669264374761875,-0.5523778634630349,8.956593561206207,obstruction
6457.321746993269,-0.8376056225590643,-1.7805495048074267,8.732451881243696,obstruction
6462.334436384866,-1.1957168221955654,-0.9179508269339989,9.03642020701447,obstruction
6467.421788862404,0.06110555485932617,-0.21718650061195383,10.019856656122936,obstruction
6472.481368181967,0.5267831477048069,1.1383794688758382,11.277339812831311,obstruction
6477.418303358392,0.558328716817976,0.7379279502006744,10.918195730698791,obstruction
6482.393482328412,-0.47979594301152406,-0.4015529437361981,10.000645589084161,obstruction
6487.387218907381,0.1975030934215356,-1.9628750001026134,8.728912648309132,obstruction
6492.49950831857,-1.5010016587173955,-1.9370534658716583,8.352694259258211,obstruction
6497.478806547165,0.9375006416610602,0.028967911741458574,8.207900576821391,obstruction
6502.462129170483,1.2293354596348212,0.6421999016810188,10.641554460456847,obstruction
6507.419396594583,0.6244623468175025,1.8866585733957864,11.262901834175686,obstruction
6512.481648674934,0.31002233809394963,0.9694129171286643,10.273308868971997,obstruction
6517.503352725712,-0.3279709752847652,0.029200898971821432,9.293504922651975,obstruction
6522.522084444385,-0.5061860059076556,-1.8639067128694582,7.785606613369725,obstruction
6527.528427726522,-0.8576058390142954,-1.085889397566725,9.21233096010446,obstruction
6532.538430272269,0.38820345158001773,0.6274177632795698,10.420922255983147,obstruction
6537.522837395007,1.1331352324596362,1.4969632348512631,10.896320494753454,obstruction
6542.531204181817,2.206485824887558,0.7328758097137943,11.109478275058722,obstruction
6547.5679742069215,0.5916142584918633,0.8224848388527147,9.886431822428936,obstruction
6552.679164504546,-0.0598282447919265,-0.5709722859387061,8.884921164275601,obstruction
6557.75615635861,-1.843530475772028,-2.2534045953447466,8.392427755904228,obstruction
6562.687144362739,-0.11107557536413454,-1.0299963743635239,8.867083105282807,obstruction
6567.639866519346,0.026858038706058074,-0.1339647076323065,10.294242896504771,obstruction
6572.659072806302,1.3566054854062841,1.746957362046008,10.639570567524984,obstruction
6577.704327097778,0.9006416681801366,0.1099739021009507,11.57168458837193,obstruction
6582.63466619338,-0.41583833434628426,-0.28727149205382974,8.609341969723063,obstruction
6587.752041300877,-0.5184685105002707,-1.4886166940532362,8.269194080396629,obstruction
6592.7767290651655,-0.8416364590797916,-0.6127303908022762,9.368185019190873,obstruction
6597.784854377022,0.08813273118392463,0.6100422675377901,10.066989350992712,obstruction
6602.758290263456,1.8054266926763798,1.399064596157284,10.527465078890394,obstruction
6607.767861089483,0.749026182805469,1.1399274633352745,11.298500347322173,obstruction
6612.740364903151,0.02733350186689215,-1.468115194722342,10.347458284505437,obstruction
6617.729362068718,-0.4827952068529263,0.6341600907181957,8.941012382092872,obstruction
6622.723977554356,-2.5162076715831496,-1.231551275306315,8.267808343133758,obstruction
6627.68711578526,-0.8135358269969997,0.5535211309609916,8.90799548662698,obstruction
6632.727609101904,0.05073292857185385,1.2699315937834483,11.011187830224506,obstruction
6637.728082306708,1.3461555949814852,2.606509302219093,11.031921728846084,obstruction
6642.734274536868,1.181104075108856,1.9443753379727933,11.886501572197641,obstruction
6647.735286219347,0.2349698808416775,-0.4705266986166616,10.44451140005642,obstruction
6652.746065962992,-0.48273913007825126,-1.3757389817031023,8.871456679080453,obstruction
6657.838866703486,-1.73906250788893,-1.0053781140333824,7.957887580927683,obstruction
6662.7951777941025,-0.44989841924753016,-0.07596087690565703,9.233184574992649,obstruction
6667.7484859752885,1.408847062745103,2.4727147362889634,10.602804475813263,obstruction
6672.7099575229795,0.3843498959235613,0.7412333606115762,11.821603318804684,obstruction
6677.748630063836,0.2981780035320982,0.3941917335347825,10.239220072392733,obstruction
6682.756421073898,-0.7929666671403743,-0.24724592175852675,9.037920271796267,obstruction
6687.739678967202,-1.0863808518198295,-0.7696827562886814,7.889869126990431,obstruction
6692.697848109211,-0.9293012298815517,-0.8785553236223816,8.996461662510622,obstruction
6697.673335081682,0.7492442286202486,0.5254721596165433,10.473352321827514,obstruction
6702.68840080366,1.978418461927643,1.9330030927259063,10.823224676553837,obstruction
6707.681012443357,1.175348765110522,0.2417256111161672,11.098959635733127,obstruction
6712.720564689701,0.15270628283428656,1.7665160668142255,9.635855469778425,obstruction
6717.707498564634,-2.0688189507465573,-2.0214757142995143,8.414078722685815,obstruction
6722.678078358086,-1.8698646130894994,-0.6184335288465862,7.649766356821205,obstruction
6727.603532882812,-1.502022474657293,-0.4297581479707286,8.95509130425341,obstruction
6732.625403345213,1.1606585675604102,1.1850906859922672,10.601627607028865,obstruction
6737.527808422996,0.7397760365117902,1.6702925902511983,11.46118700011884,obstruction
6742.531225420757,0.7547593914521216,0.7158531334854938,10.041357049290385,obstruction
6747.584764238925,-0.1456834757269717,-0.0752439171088507,10.072942432324785,obstruction
6752.552084303516,-0.658384184763628,-0.9521076806821451,8.545982664117615,obstruction
6757.638499199585,-1.2693045603431614,-0.38069598065684707,8.75188319447147,obstruction
6762.635858838419,0.30058733038016466,-0.5378620477107331,10.04642541961483,obstruction
6767.55627896632,0.21138315219343862,1.5257621808330186,10.270400110978835,obstruction
6772.553106741069,1.6541671647657887,2.2053686310241467,10.64359874403516,obstruction
6777.625455452329,0.46046022748289905,-0.5611257766164719,10.141842575482318,obstruction
6782.679422717676,-0.3065743876320652,-0.6956235905304279,8.349130599439675,obstruction
6787.68408593799,-1.100409074924146,-0.5785001699898646,8.134297965448887,obstruction
6792.762229071586,-1.0270772976524498,-1.0499571578940219,9.010560021034587,obstruction
6797.735975033947,0.11664352004702469,0.8284867310576378,9.964978542491286,obstruction
6802.655017483724,1.6937935979169565,1.643093668083281,10.669497908384981,obstruction
6807.59912508618,2.1677357925987,1.9517881880650798,11.409340526431137,obstruction
6812.713851287086,1.3524520994972762,-0.39822068860609966,9.363416412312034,obstruction
6817.695559125599,-0.7037993890304157,-1.3811070854435945,9.239209616011923,obstruction
6822.6706873213525,-0.7149069864104153,-1.7122496524070607,8.178678250081719,obstruction
6827.598131969182,0.7529804097792234,0.14508791413354438,9.614376327564095,obstruction
6832.67408182459,0.6067230110203566,-0.04177072971381535,9.578559366666829,obstruction
6837.701599827136,0.11141421907308557,0.4983418662078499,12.503445604092699,obstruction
6842.775865769469,1.0956139072095046,0.48677705529748544,10.298155526506761,obstruction
6847.83178357761,0.37999260800339885,-0.9996621621718322,9.542681614177782,obstruction
6852.803426017331,-1.4145751889523004,-1.5336297260264196,9.301980732255062,obstruction
6857.895936749275,-0.6043523317181293,-0.8682945477637488,8.983272271070657,obstruction
6862.952431124332,-0.1938133615069521,-0.6130003153682191,9.487724683870525,obstruction
6867.926093577563,1.523922231373582,0.27666596802325927,10.290576926661355,obstruction
6872.895210523794,1.7492403475661136,1.692882890932366,10.406435734193767,obstruction
6877.848304050053,-0.33340528372494493,0.6989324133441445,10.141746354644969,obstruction
6882.833251063511,-1.0328668044032305,-0.58210972988252,8.736900825523957,obstruction
6887.832835700425,-1.3678224168801316,-0.6931711728751226,8.435604091321197,obstruction
6892.824350622746,-0.3760139014273085,-0.5401909442370642,9.419296759200904,obstruction
6897.805873727891,1.030061960906,0.04738119299357657,9.785891591355341,obstruction
6902.737180884384,0.7457608647196312,1.3559568792592605,11.747982337216209,obstruction
6907.735566111925,0.8291411944451594,0.2819360070582865,11.182127902872807,obstruction
6912.768933223107,-0.8073408249011824,0.147305001228775,9.265763547111746,obstruction
6917.765949085904,-1.2040737673068138,-0.7500152657464918,8.767859369825976,obstruction
6922.7728652809765,-1.601773463729826,-1.316699206748715,7.896984237533286,obstruction
6927.765433727152,-1.3751307662777421,-0.45358402294035016,9.425449498447716,obstruction
6932.86145339831,2.285316881780467,1.1610898280521942,10.615272246331651,obstruction
6937.826174279731,1.4479751967301944,1.3711876408271968,11.331883163623106,obstruction
6942.9028144538215,0.10417106575797791,1.101775565979166,10.142009050173005,obstruction
6948.005130105526,0.3047389699762951,-1.4046892714169377,8.921905828704881,obstruction
6953.001209920956,-0.9082616992407753,-1.4392154424214003,8.286415252998308,obstruction
6957.963442654384,-1.8186103203873554,-0.7236173689613983,8.760472281044478,obstruction
6962.971427287003,0.5982816896795505,0.18089205989566376,8.741484357671103,obstruction
6967.988528292026,0.400822536007454,1.11452059665331,12.188640368142293,obstruction
6972.985744208948,2.5647011693153186,0.8491977053308541,10.903099349469537,obstruction
6977.953374858024,-0.8564421673100513,0.16254379004676864,9.28499682415549,obstruction
6982.98606576977,-0.9814938903986183,0.9345494120208249,8.464803969150728,obstruction
6987.878197293408,-0.9492773807872878,-1.116025559537983,9.052378753542428,obstruction
6992.908190788605,0.4127402641542248,-0.19409935431867065,9.793049979309039,obstruction
6997.835988386082,0.21374218207253254,1.078156919975679,11.006163223262774,obstruction
7002.853453334426,1.1916660279403934,2.1923777400760898,11.298924577457683,obstruction
7007.858081609659,-0.0030923110255951514,0.9540824974975952,10.605210971826743,obstruction
7012.915239842049,0.6328181993299391,-0.8422739314398,9.14810052436208,obstruction
7017.989550090751,-0.789525381879331,-0.5492718779711582,8.643119040879375,obstruction
7022.99418652001,-1.3145087912981521,-1.6924552550390715,7.530926770071911,obstruction
7028.013641225936,-0.3386408693921237,-0.20784323546645667,10.3225042692147,obstruction
7032.983352298029,-2.817463425812675,-3.1728294099102974,6.543648570931263,obstruction
7037.95269783204,2.399268834883081,1.589558142350862,10.724505649928902,obstruction
7042.933245144379,0.32206951598087474,-0.36482044718914125,10.155651836697555,obstruction
7047.967863907422,-0.4878019649007658,-0.8318545354084255,9.74142881956655,obstruction
7053.055422018614,-1.0179639961211457,-1.5450880725201155,8.81172686593394,obstruction
7058.105469540104,-0.530076392835495,-0.7404468221194371,9.061056694089459,obstruction
7063.10233922854,0.42915802863996955,-0.7371141948731609,9.535844315265935,obstruction
7068.1170810034955,1.4750101041814312,1.4004322847368438,10.381435421748565,obstruction
7073.073058239547,1.288607808174901,1.0243145629599688,11.960077208791063,obstruction
7078.048786718754,-0.3757423137485668,-0.29032143690672596,10.525056394546121,obstruction
7082.999270681454,-0.8327335250360253,-1.9087341123221502,7.927872706298174,obstruction
7088.004328419467,-2.558698581710873,-0.6095602900135086,8.16334730798972,obstruction
7093.052761634827,-0.19122735396626903,-0.31369687359018805,10.146020902675652,obstruction
7098.077921056393,1.2152486131750186,1.3811235183631343,9.574419964251705,obstruction
7103.058667106797,1.561056391351346,0.6833665916954208,10.90282518746956,obstruction
7108.064945139645,0.6807271504863998,0.25682801960710055,10.721832112689022,obstruction
7113.05926158468,-0.576117270079729,0.088904468775655,9.261962959470715,obstruction
7117.993617225734,-0.48608217522607466,0.37069417372884894,8.597593354763223,obstruction
7122.990968769949,-1.174439266325285,-0.9787118509962826,7.892807534602271,obstruction
7128.036641942582,-0.2040936099686564,0.21227633384699382,9.994334774037684,obstruction
7133.011572475463,1.2912304863129291,0.8605211064013165,10.31752369015346,obstruction
7138.071768632348,0.5972508402340312,1.7060417333720586,11.226488693053703,obstruction
7143.146896129401,0.5224088176530219,0.2895003534572058,10.909106390029269,obstruction
7148.164194947054,-0.0030927688088263627,-0.5162399694090731,10.114263923218452,obstruction
7153.163623397203,-1.590323637285079,-0.9389366440086693,8.933262553363253,obstruction
7158.133333372871,-1.7992792002791989,-1.0330923767848603,9.021332959617085,obstruction
7163.15402892864,0.9932238863795658,-0.13729568273622897,9.946924961441498,obstruction
7168.072400212379,1.0542418669605584,1.0157386887077364,11.182174399978347,obstruction
7173.075835407983,1.0744798545930074,1.6818071875031917,10.737663908575694,obstruction
7178.097273184817,-0.4149759262450496,-0.45965421562650277,10.621942471133877,obstruction
7183.0510431735665,-0.44033612679973755,-1.4504175368072407,8.31582737990079,obstruction
7188.102470268424,-1.5632264867868562,-0.6528062665974615,7.783806829370937,obstruction
7193.1305676148295,0.2854447049247743,-0.17009386089278533,8.951167002575517,obstruction
7198.177418184045,0.5371542100767542,0.47544502474794353,11.011903409763118,obstruction
7203.173326064364,0.9002259336022367,1.9888242664510045,11.222484617209052,obstruction
7208.181399642604,0.7554476570939014,1.3009387929660137,10.650611868791795,obstruction
7213.2189435454975,1.1344300140867574,-0.9639653155059467,8.938565200036928,obstruction
7218.299756756478,-0.3525701524719107,-1.442257551493971,9.094397336083896,obstruction
7223.351651830529,-0.6846347836479488,-1.1525566609505133,8.760612034103922,obstruction
7228.358614374462,-0.9210121730416155,-0.5826326695930663,10.543866192280834,obstruction
7233.380002029285,0.7377920216227792,1.6091105868251785,10.999997650144305,obstruction
7238.405921324096,1.3720517875742217,1.1240085371528112,11.176927440029141,obstruction
7243.355368441886,0.04964437092349833,-0.2083588882319986,10.79865238724403,obstruction
7248.363617514957,-0.18765614180645318,-0.8597364260146378,8.420559739108263,obstruction
7253.372968415049,-1.2995672651595485,-1.6763721916108902,8.030816224485456,obstruction
7258.298311790376,0.37865322889802144,-0.9835548826185454,9.132924995596175,obstruction
7263.2964666731905,1.3952627895802139,0.10340588219130992,10.143182702484914,obstruction
7268.274915311177,1.3568156484990033,0.1864378836875955,11.393596732669586,obstruction
7273.223113672126,1.3350394432020742,0.7274406861712811,10.91829331298569,obstruction
7278.305145613214,0.6348365888545081,0.1120843529992634,9.516402496912143,obstruction
7283.3396734255575,-0.3503189677871513,-1.3291849076683577,8.981323538973722,obstruction
7288.301564038625,-0.6446349752692333,-1.9191599992379471,8.475062076694199,obstruction
7293.292582660404,0.7104015088838701,0.2587167640444208,9.43364944736954,obstruction
7298.280066468587,2.3412218856926805,0.3669042589629639,10.443632384910659,obstruction
7303.138400617333,1.0477510237094725,1.8491879028290557,11.844997523427578,obstruction
7308.147740183327,0.8548800520021409,0.15029508114116513,9.774258386715468,obstruction
7313.202016915968,-0.5305287687273817,0.6123880700061088,8.567106596014233,obstruction
7318.27124880709,-2.177848470403089,-0.33898779838908966,8.44823324654783,obstruction
7323.281018945688,-0.9712665554489931,-0.7099314705622324,9.214108826497878,obstruction
7328.232550430912,0.08529836714499323,0.8244041837318206,9.826852428595496,obstruction
7333.2014419788175,1.0089141902258465,1.1894532311639097,11.389713562843756,obstruction
7338.239097620489,1.862273880073916,1.442240886292558,10.246063334048333,obstruction
7343.266187099159,0.6312291949244012,0.7909611432975385,10.603870376915815,obstruction
7348.256304362211,-1.5418709223474245,-1.221728479053798,10.081126455974848,obstruction
7353.244063909646,-0.6257096485325552,-0.9730719459656968,7.556135241745042,obstruction
7358.230914530353,-1.6437481307092285,-1.003951049053461,9.553723769837344,obstruction
7363.227140216434,-0.0748322756576501,-1.0056371166723315,9.52257413115992,obstruction
7368.181250655835,1.1030349701289395,1.6307013218282718,11.313575405698733,obstruction
7373.138904550615,1.5516568039587284,0.6044276379362877,11.611880273412188,obstruction
7378.2053945140315,0.7167674460588913,0.6301853315734579,9.946746937666653,obstruction
7383.178495735155,-0.12506325120266448,-0.735785493385598,8.766728039210427,obstruction
7388.109342044912,-1.2102081784494758,-0.2265382171176411,8.369338086668854,obstruction
7393.05179037241,-0.6240730641748382,-0.6753381352581983,9.233021581233466,obstruction
7398.029857859815,0.12858165123131907,0.06400988650695555,9.331407815897444,obstruction
7403.048043233516,1.2435578123883761,0.9265408746732865,11.532011116851875,obstruction
7407.9676527423635,1.027228355063324,1.2769475560201382,10.602755548909855,obstruction
7412.947411318197,-0.19683148819229299,-0.22935339050311834,10.333106908885565,obstruction
7417.959323010126,-0.7434468955771331,-0.8343189086786421,8.101457306824381,obstruction
7422.97357007333,-0.7287935650896993,-1.266154427769076,8.614675006910565,obstruction
7428.044284658654,0.07552555078037787,-1.0061307875026246,9.438056541116762,obstruction
7433.074948803031,0.756431226190825,0.08805951943304235,10.232343459703635,obstruction
7438.141513151207,1.7466772406980378,1.9052058598657875,10.78185397079427,obstruction
7443.208822707467,1.4493786519088063,0.6240173036021777,10.061894491807585,obstruction
7448.145087760184,0.34767095140771426,0.27525496459584525,9.658396944028482,obstruction
7453.182426719244,-1.7271235350718688,-0.6170038838025153,8.341321178081099,obstruction
7458.2042585983645,-1.0583977307024661,0.2631444176293666,7.722671863564703,obstruction
7463.17628510247,-0.47303209861760975,0.1738128633932353,10.391931125747995,obstruction
7468.232285542977,1.3248422920190268,1.5867177879352539,10.869481792216849,obstruction
7473.241468359981,0.6798816930394904,1.1665854701064158,10.602594276536,obstruction
7478.222256063998,-0.43576237867769524,-0.5615211997702098,9.762959847234038,obstruction
7483.193570429522,-0.8085384650953498,-0.9125548791785137,8.669609724203704,obstruction
7488.2364000034295,-1.5832463797465726,-0.5991812265862996,7.705396297859443,obstruction
7493.244928310593,0.7175839223974609,-0.42410304944938043,9.529315065672831,obstruction
7498.261920563575,1.228744468670608,0.8925363218132631,10.782268191575605,obstruction
7503.25698235781,5.304226134934786,4.961463694575254,15.477645947879141,obstruction
7508.237335346993,0.6113201141906291,0.517083229557424,10.919972069540105,obstruction
7513.234063087313,0.2358063844003475,0.05030509082155399,9.711650143796854,obstruction
7518.402512247382,-0.6611334282976086,-1.3183431269924923,8.219144721587528,obstruction
7523.386438894618,-0.7554698293381833,-0.48999895466874105,8.828138535271794,obstruction
7528.370626531361,0.4826308859933862,0.6445184183468065,9.792793260534856,obstruction
7533.33797897952,2.5022321747319776,0.8297508874842439,10.589315882904128,obstruction
7538.287438607889,2.012921936918129,0.7466708399821657,11.124823183655344,obstruction
7543.286146620247,0.35292311638440893,1.3104791461383953,10.436091154746581,obstruction
7548.217705901144,-0.9438924618202909,-1.232443782711072,8.66693876063828,obstruction
7553.1167057154735,-0.48790014755703814,-1.6018181370654097,8.58555886253833,obstruction
7558.051277075775,-0.8675936919323656,-0.12002077657955079,9.12036734201411,obstruction
7563.094414821959,0.0929043425915004,0.45312213030064663,9.66748285656458,obstruction
7568.185375740239,1.5869846121240347,1.0860216042970539,11.96274087106418,obstruction
7573.13818399387,2.2059490595424913,1.5675618995517715,10.870447060899968,obstruction
7578.093424280706,-0.14189141692522791,0.4680149227407493,9.606348696999198,obstruction
7583.163870383499,-0.5988868650960545,-1.7371431255326124,8.829813177957046,obstruction
7588.115500869508,-1.2187684249571733,-1.990302860967623,7.820724392266214,obstruction
7593.026440592982,0.015212804145119552,-1.756357674254878,9.338932261140693,obstruction
7598.014807093848,0.05664163587651405,0.4469098267675119,11.020608910312278,obstruction
7603.038017543258,1.514732815256948,1.213242345506609,11.730334798265273,obstruction
7607.953651590541,-0.22880733394064012,1.8105318773854644,11.076522627599683,obstruction
7612.9584309594175,-0.5464021744957206,0.662063424823524,9.70413179036464,obstruction
7617.903649564931,-0.7817484582262186,-1.4442797471790232,9.235961540787004,obstruction
7622.882992394708,-1.449106062756429,-1.5570574275328832,8.999504187851988,obstruction
7627.937662831645,-0.5186339749278586,-1.1620031859718498,9.813781760973486,obstruction
7632.964210744959,1.4668232117079736,0.48083922892928144,10.563135604399681,obstruction
7637.977178532533,2.046505962095786,2.0191454239460462,11.978494446467353,obstruction
7642.987552580562,0.8226852569762728,0.410786639928668,10.904809652464701,obstruction
7647.998630557033,-0.3816916260176152,-0.6278302200671085,10.06649438724117,obstruction
7652.930674384157,-1.052845841020837,-0.6977220390165592,9.081239275438193,obstruction
7657.884235600515,-1.8564732099532575,-0.4341625508053383,8.303438106763599,obstruction
7662.98989274971,-0.3428362605274229,0.40465935054578733,10.14554837000027,obstruction
7667.986472749116,1.2558809670837419,-0.14112089020837493,10.796019667530047,obstruction
7672.938676126996,1.1713000534698752,0.9624321235872126,12.032432598613394,obstruction
7677.933463141227,0.7390924243011202,-0.478081027329443,11.027263597231148,obstruction
7682.922833843604,-1.1126285647464462,-0.8783627026679269,9.106713320776201,obstruction
7687.909602133585,-1.0685480448396198,-1.7211824325474523,7.656071166720112,obstruction
7692.939980406768,0.4115737728717834,-0.5619521073644567,9.35835662471977,obstruction
7698.000607166901,-0.17393798713615755,0.09967411574885965,11.309982297436079,obstruction
7702.948675507598,1.7872418749694658,1.560667879681966,11.393166445200976,obstruction
7707.975580744023,0.09435189060157612,0.7403096795801183,10.665292147585506,obstruction
7713.02989622199,0.007479430932846226,-0.015349518428651454,9.453767557068964,obstruction
7718.015261253162,-0.0781213463025805,-0.6413574202711774,8.837940586036206,obstruction
7722.981197859378,-0.9313226000485518,-0.9823427781452828,7.741337763149062,obstruction
7727.978608513281,0.43368392281634377,0.5833466376907401,9.195981672562672,obstruction
7733.030523941808,0.6245629390936414,2.106838712368206,11.614650291147115,obstruction
7738.052566199062,0.1621582308343672,-0.3011305804676605,10.884999828256495,obstruction
7743.002653474775,0.03136507891789436,0.24649307727243897,10.350233310995328,obstruction
7747.942755944027,-0.48804435035765786,-1.1194295446324647,9.008583720076713,obstruction
7752.807356273459,-0.2904740695226997,-1.6897889080541022,8.20415582423768,obstruction
7757.806456819617,-0.017502028861066443,-0.9919976998399014,8.711633608323163,obstruction
7762.918375416446,0.457475149188572,-0.029434108503958,9.826640736819574,obstruction
7767.811374756071,1.3517905333483293,1.5386310286640055,11.270428552381413,obstruction
7772.789358532063,0.19905092547095238,-0.14364943883500014,11.612141538332748,obstruction
7777.746222971761,0.853375714928745,0.48481939306373256,10.035876033286272,obstruction
7782.70283775488,-0.6380443041750361,-1.640612611025772,8.604944125308803,obstruction
7787.588976622676,-1.6029902778388982,-0.08998545538702651,8.765092489548671,obstruction
7792.603276951668,-0.010691677365296665,0.8875366472607176,9.980670935607916,obstruction
7797.76290369288,1.089726434483486,0.2500150750489193,11.083879124867506,obstruction
7802.800387529696,1.3181500091568639,0.847494431255294,10.839430726790289,obstruction
7807.843901102712,0.34443150967685715,0.2523137616586565,10.226940339500437,obstruction
7812.836964812254,-0.7578563964831381,-0.671263278141635,8.171239358217164,obstruction
7817.799512963128,-1.1883100859975515,-1.647173202015313,8.55159002783355,obstruction
7822.711233164596,-0.9049594848168302,-1.2204901052011417,8.245867666440622,obstruction
7827.69712266747,-0.23108096624270533,0.14243365684756054,9.41803549144972,obstruction
7832.650817964905,0.8908783806341388,0.9502580366980122,11.394743316831233,obstruction
7837.6130174869895,0.6323960525915798,0.5260221327106321,11.643179631734302,obstruction
7842.612703239721,0.5577102282452446,0.0813206249678029,10.682320000662747,obstruction
7847.65477426637,-1.5812470811353294,-0.3618258555557988,8.788305854617304,obstruction
7852.696337656558,-1.5382304009283587,-1.0344516672632562,8.56024357787915,obstruction
7857.793383539043,-0.03366158453604884,-2.0992664902767983,8.672792380966943,obstruction
7862.736513618659,0.4409416672333926,-0.7299160759467782,9.639673208731438,obstruction
7867.768013085521,2.3206632616648113,0.828021873429938,12.133860367262377,obstruction
7872.777778716209,1.188953332701567,0.5692536084746619,11.296189190797078,obstruction
7877.749439732417,0.2487050328753869,-0.1563125697502496,10.99503074390881,obstruction
7882.772139893904,-1.5043515774104788,-0.9213742419062163,8.636835905272264,obstruction
7887.749985714319,-1.0124037021085701,-2.12977999350048,8.635750578090628,obstruction
7892.761839348608,-0.1319428415819728,0.04921480502423187,9.530034477982781,obstruction
7897.81325409798,0.9625693919803505,0.5108571919281011,11.553093679637119,obstruction
7902.773860733443,0.7743142780890089,1.3972725768587322,12.151366412499192,obstruction
7907.802430120094,0.6577207390327993,0.5440458698028364,10.618699777215433,obstruction
7912.801863886888,-0.4876067934121629,-0.8284565422362817,9.303785794344508,obstruction
7917.826712890645,-2.0103291098220653,-1.085832836632724,7.683942019939799,obstruction
7922.803690063547,-1.0927176131424856,-1.8064182199243843,8.992364515051994,obstruction
7927.856554672927,-0.1918779641658076,0.5948729006984784,9.795171440489147,obstruction
7932.812805065717,0.09612093603808758,1.095464888834305,10.203465821603931,obstruction
7937.761414027696,0.9922787375545313,1.2385426518114828,10.925750137848308,obstruction
7942.769557738092,-0.06929000310850847,-0.6767076925668807,9.740345560049654,obstruction
7947.851112736048,-1.2232589717886704,-1.0353008814439477,8.338482065513036,obstruction
7952.7781449770955,-2.0897183176769576,-1.0152714605306759,7.937552803010869,obstruction
7957.811132822584,-0.016020582451338528,-0.19836427319891503,8.307564154875365,obstruction
7962.780997880246,0.5135965885666463,-0.11323353560697724,10.800421939042812,obstruction
7967.707250150797,1.6568842311182488,0.9594636069446802,10.45801274671473,obstruction
7972.743646834936,-0.5794894568300867,0.13434658956261258,11.115797332387027,obstruction
7977.714179596656,-0.3026710990188981,-0.4443719292706409,8.660077569204496,obstruction
7982.7189468413535,-0.30607753820854755,-1.2159347286956967,8.224142979522552,obstruction
7987.660549118539,-0.7526799270981823,-1.5897249976545333,8.560440482284616,obstruction
7992.693615975061,0.013246069659242465,-0.6728867193441077,9.387412162485393,obstruction
7997.706504070306,1.1926089895693255,-0.27710897098163634,11.03976277623423,obstruction
8002.652698328031,0.5834928934867423,0.06360505167293629,10.888992375116576,obstruction
8007.746360051716,1.729408026544502,0.976942041183052,10.5757274490167,obstruction
8012.704599674299,0.9368039357626491,-0.582443007155445,9.214078362628863,obstruction
8017.662262128946,-1.2704023837288791,-1.1773312031360381,9.198727370670573,obstruction
8022.680470585035,-1.122233284017386,-0.45473565861804105,9.14452185630362,obstruction
8027.733502142656,0.9474224148091276,1.1041464253934774,9.692697504548072,obstruction
8032.7120273450455,1.3377360288903404,1.8420048503978632,10.742434379788056,obstruction
8037.710354402759,1.7888390268478056,0.7956506983176252,10.980268148670188,obstruction
8042.722049489677,-0.7756652908504204,0.3146023388468675,10.381639945702105,obstruction
8047.79828876384,-0.7155864240733878,-0.05135649658764252,9.681598374244823,obstruction
8052.884204315175,-2.497981351744258,-1.379665294232019,8.191159472665165,obstruction
8057.900528063451,0.11737751750263836,-0.16868739433563562,9.062234996619544,obstruction
8062.923964586801,-0.07501602667825724,0.9203860487036465,10.390833648661559,obstruction
8067.839783524056,0.7403148575304901,1.2657102218089298,12.255923179449804,obstruction
8072.827849503375,1.5811827732473178,1.4031575622791594,11.225279537918068,obstruction
8077.88499095407,0.2007404081325404,-0.1268604185192844,8.86620872243713,obstruction
8082.894780093589,-0.6923248351615074,-0.5778458249971568,8.784040039795782,obstruction
8087.925172274991,-4.417339272829555,-5.666553943998179,4.840427239418713,obstruction
8092.924915944654,-0.6939560228115843,-0.9139306036820044,9.565410000712513,obstruction
8097.936909675614,1.8454133560761643,1.2213761531274707,10.901202042543009,obstruction
8102.9113507011525,0.9858007467850585,1.7609942098243816,11.365498550553216,obstruction
8107.9867830694675,0.7665425016539205,0.7424826410466616,10.088904792548169,obstruction
8113.051658914168,0.22842885607308538,-0.8036605533299817,8.78325452318682,obstruction
8118.063772060431,-1.266330150764548,-1.055032986059042,8.396958408002202,obstruction
8123.052830289112,-1.1947209677046047,-0.5828577559970496,8.486344618183937,obstruction
8127.996636729382,0.6806481374278368,0.6874583157318584,8.946111492739835,obstruction
8133.058541665685,0.903969901149762,1.104291034661375,11.975997088454184,obstruction
8138.119531694704,0.5517205347240061,2.5718343503356165,11.95324930276281,obstruction
8143.138227362222,-0.33319860956132236,-0.0062951284170059685,9.652668597897174,obstruction
8148.075167995533,-0.0039488221537213875,-0.016876594183748872,8.654390224771308,obstruction
8153.022920229715,-1.6075939938164812,-0.8050998178657496,8.47707811973292,obstruction
8157.979496347883,-1.104423661529799,-0.9589954619836223,8.939786241082587,obstruction
8162.966186207632,-0.2755334845525492,0.2379481219267447,11.210947750837072,obstruction
8168.023667341632,1.0722552961614025,1.4353550850138055,11.406826822633722,obstruction
8172.985467590758,0.9953433311587616,1.4326463358524533,10.964476309653005,obstruction
8178.00339583089,1.4162246968035255,0.3293084670132167,9.524289153593452,obstruction
8183.0187642880965,-0.4818143471435574,-0.911062415684691,8.206381229334152,obstruction
8188.006909355524,-0.7360392420958639,-1.049104379472188,8.5645879944683,obstruction
8193.016702079414,1.0178343954266462,-0.22334792321937857,9.709509787629816,obstruction
8198.019803738844,0.16386523689445692,0.6753779760447127,11.223722885713979,obstruction
8203.07253403861,0.710050561593848,1.4047222048942947,11.642444569799517,obstruction
8208.10036466204,-0.14005357163656829,1.410863228056093,10.997501134130033,obstruction
8213.069552304149,-0.4482192587038075,-1.2146814032227393,9.928012592353205,obstruction
8218.139587931184,-0.9275778803093988,-0.8634304148150524,7.969760705485492,obstruction
8223.090462552338,-0.4531062607694024,-1.2480978702200407,8.949094530083624,obstruction
8228.046736832037,-0.380515940432862,0.13351307887840733,8.783982352774617,obstruction
8233.024847199518,0.9011251782239622,0.924184864310676,11.06029776564141,obstruction
8238.055595202926,1.2679433006132264,1.159641164902301,11.569397750631984,obstruction
8243.047923118378,0.5499577018319481,1.0851142811677774,10.108733196633203,obstruction
8247.999512900307,-0.537557994111815,-1.4338105154091967,8.55806231682791,obstruction
8252.918222891349,-1.2853053949190416,-1.1662993532236368,8.6983970094907,obstruction
8258.00513030381,0.09894196874503991,-1.3380248328605213,8.71558120476015,obstruction
8263.017772585446,-0.21183433394363183,1.669859058059788,10.52842953684612,obstruction
8267.984172216973,0.3616452765982545,1.076241106971404,11.041461325843482,obstruction
8272.990544914855,1.366750808747474,1.6246572683979847,10.151924336943818,obstruction
8278.074225862807,0.952173032834415,0.25572291890057214,10.600351089516224,obstruction
8283.059674052036,-1.8544478931749713,-0.6225209057408957,8.89908997982451,obstruction
8287.998998601515,-1.1336621384361751,-0.21663658059130186,8.40439255583097,obstruction
8293.049049481602,-1.2277790155986015,0.044378093052734546,9.21214467769929,obstruction
8298.104050735705,1.4955176381921207,0.21495292008194045,10.30772608125228,obstruction
8303.215654664054,1.1257892562333676,1.4704383059659685,10.896491251981319,obstruction
8308.245557674902,1.3016278384245583,-0.07682762199833004,9.879630648391888,obstruction
8313.266250201239,-0.6269360228591683,-1.0707895769009244,9.660587785461825,obstruction
8318.284614965076,-0.011982422589432717,-1.351965708945778,7.813432092793998,obstruction
8323.251749549408,-0.7453654493025668,-1.2465050180589414,9.600811325256968,obstruction
8328.188049745597,-0.3694204444620687,0.5492178241662604,10.570353586528396,obstruction
8333.156383645244,0.2554214443813042,0.7802972119187649,11.377641439597655,obstruction
8338.147458264588,3.103439825400625,1.2118176742583011,11.834323892764951,obstruction
8343.205207144269,1.004725144674393,0.27387104867791123,11.32616081264378,obstruction
8348.255109086893,-1.2814038663371308,-0.18518591991597033,9.473620397732889,obstruction
8353.352583523818,-1.7231393681266365,-0.6303079194160314,9.678954364395565,obstruction
8358.370480006744,-0.9302276290566588,-1.1933802117739158,8.890767339382764,obstruction
8363.3674565584,1.5615507729914024,-0.3040698879723461,10.838853821370705,obstruction
8368.415435041125,-0.2063151284081215,1.1219299793171098,11.042119413795787,obstruction
8373.45003076945,1.4624010973111177,1.023908812869468,11.087858930621726,obstruction
8378.457143771435,-0.8289020654630487,-0.48212747178902726,9.541653428897025,obstruction
8383.429498300344,-0.5537588485825424,-1.0044140067869884,8.326673918302895,obstruction
8388.392225562984,-0.9002134935735119,-0.8758426621336448,8.295779927420135,obstruction
8393.516638720377,0.3902356405899146,-0.03150656578625116,9.794246309714593,obstruction
8398.424218494214,0.5657157645571645,0.31599278236484957,10.840967098017805,obstruction
8403.484505465454,1.2291662423386707,1.362926816330917,11.344219585346064,obstruction
8408.448487866475,1.1990110879011548,0.4643687551214875,10.91502413837005,obstruction
8413.535714765256,-0.3113296487679108,-0.15645336835966817,10.255159274246452,obstruction
8418.542234981489,-0.8175440215954115,-1.111497567314538,7.703596717626672,obstruction
8423.571565875423,-0.3932546907436173,-1.5609863507956243,8.171566677131487,obstruction
8428.523292465854,0.6767827453994943,0.4158094118543328,9.30596471885852,obstruction
8433.538803484884,1.1130316321357367,0.9776792604859499,10.37061336407158,obstruction
8438.568628166211,1.550584952966006,1.0468210760340964,9.910051402487435,obstruction
8443.477467512555,0.884420259957449,1.542851141998978,10.592233626584001,obstruction
8448.365494152742,-1.194273654922298,-1.0407148239661923,8.72027846810615,obstruction
8453.384267297575,-0.8013891600678649,-0.5150262123483065,8.305077186096515,obstruction
8458.38840249203,-0.7611970026638659,0.005310409027437735,8.578408998443361,obstruction
8463.344269030142,0.6422102877470048,0.489044274353456,10.120513647792771,obstruction
8468.398291063186,1.855974452175611,0.9031717932659589,10.877257854281636,obstruction
8473.428080894299,1.2955315388824356,0.8576029462816178,10.732325632035176,obstruction
8478.404091430804,4.447539750055594,4.090709894227741,13.681637473294963,obstruction
8483.429349328606,0.0879787974098285,-0.5191927136474851,8.311147204290469,obstruction
8488.481300222691,-1.3567355062658892,-1.378457252276316,8.0480216531828,obstruction
8493.465129145283,-0.3320859858909989,0.12888827081183785,8.947581050558256,obstruction
8498.585997973467,-0.4238306042955807,1.6344477470084495,11.21442725575757,obstruction
8503.567160507735,5.3290144308840715,4.590595151845472,15.51615946816089,obstruction
8508.630141230733,0.5931840832372495,0.8182430135833185,9.905349952824935,obstruction
8513.494888576215,0.30616287185088625,0.4034454121353583,8.890683087729816,obstruction
8518.524976591443,-1.771860263782433,-1.0946810454821465,8.191739199904607,obstruction
8523.534785529808,-2.443961024253125,-1.0025479898107121,9.081208355020577,obstruction
8528.4835691637,-0.04473994639672878,0.5785785800581117,10.548583595393206,obstruction
8533.46075362661,0.4291717186607166,0.8200989142968174,11.148858079560412,obstruction
8538.48883209134,1.6985815070882877,1.4330911880148205,11.121818088038065,obstruction
8543.530355021783,0.8643121689422011,0.902848758724627,11.237305217695159,obstruction
8548.664127846958,-0.2971541380713063,-0.899587275140858,8.715816469894575,obstruction
8553.61116559723,-1.4383231499842388,-2.2292849033595994,8.196764466767466,obstruction
8558.680550620786,-1.0196801144071712,-1.0625341915989992,9.136575140508347,obstruction
8563.5869646757,0.5724030510910603,1.038500447655738,10.760118306424266,obstruction
8568.564973452918,1.1188297442659574,0.44522297341745987,12.046331047596963,obstruction
8573.599480629593,0.612614082774494,0.888749029355314,10.318762281598913,obstruction
8578.657730748486,-0.22668278309473802,-0.5513749898158511,10.659089091607713,obstruction
8583.787376397262,-0.8143006852984557,-1.9310824793955192,8.19061959508031,obstruction
8588.729676053488,-0.9678716551823501,0.12056066083087424,9.464712135099072,obstruction
8593.8367659746,0.4834496624620273,-0.5703081369944197,9.883888908052526,obstruction
8598.89389613618,0.9177472073230526,1.4495179964712657,10.800983412091455,obstruction
8603.90233256124,1.0851000574265406,1.2102948682506238,11.206922012608786,obstruction
8608.886772349844,-0.44917399813354075,1.4949387796299902,11.97218077292132,obstruction
8613.876207237427,-1.4644487348735866,-1.5979232427759997,10.377723708087768,obstruction
8618.884189433833,-1.1016432683016213,0.44752592324458385,8.140660820314729,obstruction
8623.858012368526,-0.3592291417975537,-1.2559809990774933,8.3747105520226,obstruction
8628.858701044177,0.9393906351624117,0.96858897911862,10.232013159622941,obstruction
8633.76879134061,1.044905369870214,1.1863130000934936,10.488768207723073,obstruction
8638.734020434651,1.2895965082577698,1.5112237876423131,11.20074933579602,obstruction
8643.770462724264,0.17894971231729326,-0.8494565543620671,11.026018556948221,obstruction
8648.825007814223,-0.6537843597696554,0.20547197748511503,8.856889067911329,obstruction
8653.834410521196,-1.3113439080015261,-1.7309759151172632,7.774685896581208,obstruction
8658.86348459002,-0.7929533487160837,-0.2043163072594809,9.966681925622316,obstruction
8663.887589918064,1.1620380898507623,0.7499577452964,10.660294707463166,obstruction
8668.960533624057,0.8034559104671961,1.7493179609684688,11.354311701420139,obstruction
8673.877121106823,2.252082434852554,0.7677844475938708,10.126197842751948,obstruction
8678.843253621364,-0.13184313349625837,0.3670906980182879,9.869055547742551,obstruction
8683.895696348663,-0.9807038412283856,-1.4698322945426534,8.509396694716125,obstruction
8688.808220898864,-1.1552940443209572,-0.6460318759925754,8.560535362935004,obstruction
8693.815584249587,-0.30401899192403,0.009404912196034107,9.476074630373894,obstruction
8698.838148780489,0.19498033589030794,1.4794455511948663,11.103641306176877,obstruction
8703.874115194798,1.7618109417611225,0.9015716836947161,11.07759328092045,obstruction
8708.797129451397,-0.2081322787441725,1.1191535747784682,10.321903118346185,obstruction
8713.754678622014,-0.29736319362607666,-1.1163594351561057,8.733907645626,obstruction
8718.733022817427,-0.17899230667400312,-0.6413104819767725,8.073290870853652,obstruction
8723.755662705475,-1.1799414996706479,0.9471581918501766,9.18829425079603,obstruction
8728.810373303068,1.5679221592927082,0.37538202513407876,9.848009372864897,obstruction
8733.763436999816,0.6823548514644463,1.7083740475113744,11.345421769015568,obstruction
8738.74859122747,0.7865298716476519,0.32396660848379866,9.548605251793294,obstruction
8743.760120210292,-0.5388622291608582,-0.4916791532473319,9.30723921870216,obstruction
8748.75593504136,-1.3799668547398487,-1.4952042803687342,8.78677549303308,obstruction
8753.787303890176,-1.4408084610544794,-0.9096966983665178,8.812093641542491,obstruction
8758.79825745853,0.39326960338651007,-0.16836859119095762,10.611351072903414,obstruction
8763.885370654387,0.8474654928853589,0.9468358114158905,11.203052828125351,obstruction
8768.907025178616,0.5874971870397658,0.7724902695577294,11.913921094186943,obstruction
8773.972504437283,1.4263565693264257,1.1019762922991938,10.364980789310945,obstruction
8778.93362411012,0.04007530152933414,-0.2781690964089139,9.660782916075046,obstruction
8783.93188706408,-1.5621072938338196,-1.5260793452960262,8.95929762433576,obstruction
8788.975966938466,-0.8001263011880428,-0.29474989480487457,7.715841985915437,obstruction
8793.932926993411,0.07078310855040323,-0.05467718259699657,9.403727915124813,obstruction
8798.986928893504,1.1378880314399291,2.0154088756522848,10.735169437889766,obstruction
8804.000273914091,0.33034555523677034,1.0390113404004195,12.42856801580183,obstruction
8808.979077868818,0.4093814833131235,-0.07851782792188922,10.908491909290603,obstruction
8813.958734493444,-0.6068846494306946,-1.1208031173395074,10.08741475374913,obstruction
8818.969962768973,-2.3147987887251777,-0.9607310287516133,8.42252218343928,obstruction
8823.830018656847,-1.7332738508950865,0.342371631038874,8.545543773672108,obstruction
8828.80906928655,0.04271888789390367,0.3570340603698399,9.747907904334173,obstruction
8833.749305794168,0.3935689792457422,1.3199522548082832,11.458911781266039,obstruction
8838.727567028327,0.814385255198555,0.916027039498501,11.031377227902967,obstruction
8843.683585713228,0.4639026291359913,0.5174863757479502,9.956406332223239,obstruction
8848.74042450494,-0.32686243469864384,-0.5113459758717424,8.936419279001212,obstruction
8853.749317769523,-1.2612014813477839,-1.641123266287416,7.646137262256796,obstruction
8858.732189302582,-1.3955269951930662,-2.1847457132129917,8.64010067990221,obstruction
8863.793003081737,1.1135771858290502,-0.4636007217761601,9.855984947270802,obstruction
8868.82960763408,1.741544586221773,0.8315060875316165,11.903324614295315,obstruction
8873.756126408378,2.3555520406693713,0.8430090596905505,10.883265285505454,obstruction
8878.763900860247,-0.46499124432201133,-1.4749741181890696,9.655645165755297,obstruction
8883.788940586266,-0.9508644709927233,-0.8838228000830278,8.919442697200541,obstruction
8888.825570899182,-1.221133866678387,-0.6604794222454295,8.528294141596541,obstruction
8893.801547940044,-0.5210802527416858,-1.0701917866636044,9.59136787376228,obstruction
8898.784659476809,1.2031561734548648,0.7088691276663583,11.82866902730267,obstruction
8903.810794729248,1.5865825846372152,1.2316182088746157,10.967096223874567,obstruction
8908.766681253832,4.276241383748303,3.7267190597983237,14.739815072433684,obstruction
8913.804002896157,-0.2434856589487649,0.8652207387070323,9.491888858502515,obstruction
8918.855375774261,-1.2892500601482366,-2.1565881138612712,7.5543989501663855,obstruction
8923.81007727505,-0.4184984208553496,-1.1265989940143515,8.734223061204524,obstruction
8928.757357707369,0.015571949124859513,0.28540530044660894,9.370158900964459,obstruction
8933.8671421507,2.171597676030488,0.7606438331107268,11.34161506821732,obstruction
8938.87052489298,0.27158098090301974,1.7250458982578332,11.499092368171594,obstruction
8943.85072636034,0.10987693313096752,1.3236705825183863,10.259360636365415,obstruction
8948.815914091098,-0.4333708314861694,0.4935935506291219,10.731976358604832,obstruction
8953.84507088206,-1.9423023134548272,-0.7499990518445308,8.892721389519604,obstruction
8958.856449488685,-1.3899033810779324,-0.26961338571057125,8.782129098320135,obstruction
8963.80726170037,0.8782889750880838,-0.3212966893435905,11.068857868094016,obstruction
8968.735802881909,0.4149696322412363,0.7630982729594311,11.914524439219987,obstruction
8973.655308293308,2.0976683110137113,1.2270490961121032,10.23555565715951,obstruction
8978.613736774021,1.0814468549532459,0.1731006356895355,9.633558255392531,obstruction
8983.561965567967,-1.7286210636106227,-1.615973067791992,9.310324602814509,obstruction
8988.514010958648,-2.544479968556743,-1.7630428838715924,8.538850488824515,obstruction
8993.589421766676,-0.5237486059432361,-0.6686394464354224,8.863121013456414,obstruction
8998.549684208017,-0.30254738193469455,0.32565832976956893,9.863613639584408,obstruction
9003.567017938894,0.6841259127586305,1.544025434354228,10.902372311948104,obstruction
9008.447406132842,1.2465585510654456,2.5539521408332932,11.044397360672955,obstruction
9013.495108730574,-1.0875161185375235,-0.7014487354259995,8.35822116019634,obstruction
9018.450735105533,-0.656878422635947,-1.9176675103904761,8.26538556166544,obstruction
9023.45451706872,-0.8629662327932647,-1.4364768814484266,8.803618504485113,obstruction
9028.498499932943,0.24403926579309765,0.0762973195482763,9.690402454897338,obstruction
9033.403821434546,1.0670141041310215,0.09034997854983207,11.595553501325742,obstruction
9038.505744922402,0.5737598501658946,1.2945075894844729,11.154189185745375,obstruction
9043.499038726643,0.38604607231226196,-0.339195210287574,10.415740300849013,obstruction
9048.51473260932,-0.8418608986779069,-1.5183808596580364,8.512616459241752,obstruction
9053.491710222597,-0.7409894261261758,-1.6701635300134465,8.685059645470352,obstruction
9058.576785970852,-0.9361894817250662,-0.3588325843314442,9.027561802600712,obstruction
9063.550530524586,0.3495077887671574,0.7650565685969438,10.445930055167553,obstruction
9068.578142729511,1.030809344926507,1.5304427447266877,10.18771453190097,obstruction
9073.492034886307,1.342001470795885,0.48529161373694035,10.713505498560659,obstruction
9078.495804594104,0.003994520621433045,0.013286310446930877,10.721161765935532,obstruction
9083.499080703994,-1.1619992907243506,-1.670239274477738,8.745555784295936,obstruction
9088.425464451011,-1.4287644661383396,-0.8649348416462233,8.473889938312013,obstruction
9093.381136116457,0.10808837385709985,0.04240494613958773,9.267256686858225,obstruction
9098.3493371429,1.6885674493208778,-0.6613554831434487,10.192732797593488,obstruction
9103.282943060902,1.7526255634843004,1.2555670164484485,10.841724549718627,obstruction
9108.413707100091,0.8866195918649893,0.37403324241876607,10.694140832013172,obstruction
9113.435481442866,-0.8140755926313763,-0.5010344184673265,9.419923712164612,obstruction
9118.531844257792,-1.4721796452699447,-0.9757169252282228,8.832695298966026,obstruction
9123.624306257176,-0.812396689341591,-0.5180484675928956,7.946232273560759,obstruction
9128.605911693721,0.07269994403354688,-0.9041288707313504,9.987713133865181,obstruction
9133.676349623373,1.1389719709627684,0.20972826147989,11.606985010949513,obstruction
9138.628561586644,1.6873366336229858,0.6638378028939355,11.258597960361286,obstruction
9143.660185468312,-0.2712760553733692,0.8164422839387595,8.836261279750365,obstruction
9148.672205859546,-1.2494211461603806,-1.1722045182614627,9.656318877200622,obstruction
9153.661230729298,-1.3754132755779116,-0.8449816885373803,7.662264239842286,obstruction
9158.668080253354,0.18446073177767763,-1.0378626488827523,8.490691704809432,obstruction
9163.669074437466,0.5372348563237419,-0.40709689293808793,10.760334890253016,obstruction
9168.629148149557,0.7792362386318531,2.304407940865625,11.420613015374583,obstruction
9173.641805140907,0.49355706344656963,-1.2297462507829306,11.226566023593517,obstruction
9178.571091147845,-0.12454598726925008,0.04477619397911018,10.100542899788726,obstruction
9183.645736925173,-1.9938843683016583,-0.939379286261353,8.250487539359982,obstruction
9188.635700000546,-1.0657639048969656,-1.0763060613154956,7.85711605513731,obstruction
9193.684656360414,-0.11651278720092065,-0.16021841262364933,9.621280418584966,obstruction
9198.65802768456,1.077807564012788,0.9249973715051928,12.076435818019846,obstruction
9203.64796495295,-0.16372384482451552,1.1999498807414664,11.347928829919901,obstruction
9208.69940948798,0.5877996553729969,0.8033387747187972,10.306409719401374,obstruction
9213.66335697188,-0.38039742337563587,-0.3811156437080009,9.246627985677415,obstruction
9218.694095100913,-1.3101834568450612,-1.7152662773893157,8.41690954168364,obstruction
9223.727402413435,-0.037435113052659896,-1.2739660861599806,9.008301495723286,obstruction
9228.76861802423,-0.4517730486032653,0.6764550622614169,9.761734869352466,obstruction
9233.757845912156,0.5534367840387941,0.6329367881042517,11.022999770328184,obstruction
9238.815298996273,-0.0933337631993425,0.8634187682219918,10.853026744449664,obstruction
9243.860585821476,0.8613872623436094,0.04037723578499658,10.39988453222922,obstruction
9248.94209874139,-1.7362070541920727,-0.3207154572776607,8.845889569611266,obstruction
9254.03111097461,-1.5937001079921131,-1.3544783001918954,8.76572321694105,obstruction
9259.041234663126,-0.8449761502638782,-0.8557743916916377,9.034916559566303,obstruction
9264.008465378925,0.7121104834247967,-0.9949211068628884,10.566323699434223,obstruction
9269.039224651493,0.8562777492193454,1.3806459800358613,11.188949548752758,obstruction
9274.06355962369,0.3466936794100606,0.3020693647910043,11.173149557199974,obstruction
9279.024351893371,0.46373311168804027,0.6812113079984469,8.918128420811357,obstruction
9283.967161516843,-1.0367063844703903,-0.9398042114863663,8.359462068684326,obstruction
9289.004328508508,-0.7882908662803325,-1.4662817990507404,9.694401889267478,obstruction
9294.036091400745,-1.20773851532425,0.27397203898294165,10.10080743253872,obstruction
9299.056696341264,-0.2620836535821638,0.08622445557894265,10.986201465147401,obstruction
9304.091554462433,-0.2635241517706959,0.8577650699251627,10.797607980971467,obstruction
9309.132932934526,0.7424058965252495,0.9941219866696525,11.098640534675122,obstruction
9314.070214947644,-1.0620592496709047,-0.3247718680475235,10.064741620351908,obstruction
9319.046584136775,-1.6190841113327015,-0.8016404288446225,8.484845375500376,obstruction
9324.028083906933,-0.5325866624515697,-0.9279992169311437,8.788682954694625,obstruction
9329.053318252338,-0.10692007276693738,-0.745893546313549,9.153186156725365,obstruction
9334.099943241927,1.1514049447794004,1.4066255351047823,10.174954922366993,obstruction
9339.181047962398,0.6538122112605477,0.41187873525842167,10.784261865269869,obstruction
9344.133048276153,0.022491597570711563,1.2320640205132163,10.296404106208655,obstruction
9349.13466809133,-1.049774120745285,0.09658671875930602,9.303765561980601,obstruction
9354.124118755506,-0.6561614188073153,-1.0852745614513895,8.475778829607492,obstruction
9359.177935312659,0.3705664680217473,-0.6684615513039108,8.925281834386983,obstruction
9364.150421662374,0.8911364872658902,0.7381421040113457,10.96944582475824,obstruction
9369.103874281333,0.5378551600692348,0.8347509915181246,10.703910114885149,obstruction
9374.06343321765,1.0203605871631451,1.3119389982139331,10.47893072918579,obstruction
9379.07524514539,0.4083367798947868,-0.8190873461622254,10.563594845513624,obstruction
9383.99643402182,-0.841247920886572,-0.2987690036509075,9.147718081842665,obstruction
9388.921284120179,-1.317045032857308,-1.9407696983327263,8.682848654891291,obstruction
9393.83857297558,0.11090377407197205,-1.0652423489970257,7.985129624296152,obstruction
9398.791278352815,0.4921244510626385,-0.3979110626931346,9.81905122495469,obstruction
9403.789728289084,1.4950969937692475,0.8503040507119676,10.663865661329135,obstruction
9408.77586557524,1.1436914168173704,1.5939373022487988,11.29425237170373,obstruction
9413.828862875636,0.30067619096192905,-0.44427233892306456,9.876636286899746,obstruction
9418.8589396846,-1.0587925966519125,-0.9857616308910143,9.401014155082951,obstruction
9423.877468305674,-1.6072160636578072,-0.6458514874908788,9.009211496224953,obstruction
9428.876171256557,-0.879876542384332,-0.2201680590288374,9.1211511357313,obstruction
9433.89937628711,-2.1826246874245436,-4.322753248918508,6.351232772385255,obstruction
9438.894554148917,2.0090957897395536,0.9661098188242296,10.876747547529686,obstruction
9443.95769272076,0.1909009554415665,0.5858607451793922,10.016209735955847,obstruction
9449.008809445786,-1.3626040403572461,-1.2657027670947603,8.937628258905562,obstruction
9453.988785599906,-1.0974668464766526,-1.2141789815272708,8.922657075088226,obstruction
9458.953308717117,-0.12094420784829707,-1.7017131637007878,8.583153509347898,obstruction
9463.902651119894,-0.17690975662396824,0.9002442213799081,10.394684674389147,obstruction
9468.898351809738,0.8822347298971924,-0.06851291672533655,10.512793662596415,obstruction
9473.925276707765,0.9522728669883898,1.4876044916954787,12.11382938223793,obstruction
9478.936356131006,0.06578007612276326,-0.10496645881968891,10.278831414356386,obstruction
9483.904326741149,0.7221190040567648,-0.48689439514613964,9.023436699073589,obstruction
9488.932882350848,-0.9876014831157767,-0.6947978181736483,8.806884979304035,obstruction
9493.93534363671,-1.1828515566010869,-1.249839213501815,9.058736297147657,obstruction
9498.957010832692,0.7427136918055878,-0.16833393925665494,9.114788084224498,obstruction
9503.94127368026,0.9622328071802421,1.5717180084055262,11.44795924176121,obstruction
9508.954658820916,4.727246503691139,6.269721922048048,14.831263092578329,obstruction
9513.907991518703,-0.2505334505192076,-0.8546661995424947,10.322775029499418,obstruction
9518.91856069344,-1.565389423070013,-0.32998037092587396,9.0274129421494,obstruction
9523.91627335216,-1.1049696266948863,-1.583463908657359,7.852413353447565,obstruction
9529.00166985486,0.1654279985235214,-0.758218299078226,9.262330924317393,obstruction
9534.035939479401,0.030440905154692444,0.9395129832104752,10.661130930921999,obstruction
9539.093133963544,0.7897168291833707,1.5174895798210202,10.914684769541447,obstruction
9544.019168625873,0.16580526109559102,0.6403306196803784,10.853993863609048,obstruction
9549.074271483596,0.561929029798866,-0.3398254938593034,9.117272255889315,obstruction
9554.006276816814,-1.3466114673696792,-0.8737561493481718,8.60367814559067,obstruction
9558.951997915063,-1.6137608865374236,-1.5537781280152854,8.787712709196105,obstruction
9563.959066145837,-0.898624185433442,-0.36356925433526843,8.667973578606873,obstruction
9568.958783511109,0.8167016356808879,1.0242015448972632,10.902413921316198,obstruction
9573.997173377911,6.121143296945185,4.609538981306812,15.35284046811207,obstruction
9578.953303495875,1.0633014416421083,0.23150476869465964,9.696233421146307,obstruction
9583.948181365777,-1.0614594401143722,-0.53803816137466,9.877147824355038,obstruction
9588.911486124038,-0.7863055108782709,-1.4797805301737883,7.667677132208496,obstruction
9593.965190436998,-1.595886011361328,-0.8998439069360157,8.748751515271973,obstruction
9598.933162871246,-0.06770079315127417,0.003146966384717162,9.625270399062375,obstruction
9603.917985372125,1.1227176658033864,0.6480774010817569,12.046691271543772,obstruction
9608.931879011427,0.31957510654545196,0.8287468293472602,11.72812548807257,obstruction
9613.912616353671,0.9765495395413891,-0.9149732712199655,10.843029300256113,obstruction
9618.876292139157,-0.17580345490510396,-0.0164762497276274,9.559181856086223,obstruction
9623.909921975555,-1.1392926346260737,-1.3892706787407725,8.0240025348179,obstruction
9628.97903328007,-1.0653217788774494,-0.5644729707077489,8.893430198074748,obstruction
9633.966213072501,-0.9058633653511237,-0.05636732827725505,9.505986351505742,obstruction
9638.875687717338,1.1844993698410629,0.40298786717297086,10.99831861893336,obstruction
9643.86455972032,0.9772477504201842,0.5323078599922448,10.747160880680775,obstruction
9648.832253230348,0.050618513747663886,-1.503680502862843,9.892759533567554,obstruction
9653.9242582884,-1.823226459822192,-0.5752383717655203,8.92188045816825,obstruction
9658.953229123965,-0.050665856472080106,-0.8040238752299693,9.416659477364114,obstruction
9663.959529312391,0.26438334881013514,-0.8805637908333659,8.697406432311075,obstruction
9669.003278359261,1.1466999706616883,-0.42657510774990215,10.61320053588605,obstruction
9673.934759886686,1.206397358918585,0.21244548991245282,11.448847316494577,obstruction
9678.949917821286,1.9201776824442138,0.6639615453078853,10.403011030649791,obstruction
9684.007664404255,0.11054808082518458,0.36543333661625005,9.074393961333321,obstruction
9688.92904340035,-2.2313644225100804,-1.5157086657423233,8.459169150820149,obstruction
9693.917817305552,-0.6686124474288149,-0.44247635712452327,8.3839655654897,obstruction
9698.897588396472,0.18048250008238942,0.1190195807212844,9.272123780044307,obstruction
9703.857343723756,0.5055797549977771,1.2436711123152526,10.718147583021803,obstruction
9708.846164468865,1.3110100888948648,1.184959310640041,10.78787498124226,obstruction
9713.856089840328,0.6287734948996182,-0.1277211782544042,9.997277199866659,obstruction
9718.82441622871,-0.9006325406005238,-1.3186784098917963,8.702077503675937,obstruction
9723.78582776858,-1.884224561266588,-0.46094685047145934,8.196771184624998,obstruction
9728.827037891786,-1.0404123082569723,-0.7646445155861142,9.899740364159458,obstruction
9733.75691415076,0.2793086401322587,1.2655830510276962,10.682257691519853,obstruction
9738.795300594955,1.6538517665982693,0.7581799123503195,10.843079176687887,obstruction
9743.75037761585,1.786078086773288,0.3645484507279202,11.178755652485354,obstruction
9748.754427240181,0.5966123825561775,-1.0269203855629496,10.116855850558869,obstruction
9753.836766338009,0.13226158915600394,-0.08909054852221865,8.553696420854045,obstruction
9758.967201844192,-2.245895232079432,-1.0765736005048843,8.035316425425151,obstruction
9764.001222766348,0.09966098842213267,0.43125503552745553,9.505741328683008,obstruction
9768.914529408248,1.63312322417717,1.117569729280596,10.945414037339741,obstruction
9773.943450464354,1.6418853231208927,1.6203237533871315,11.509508946397169,obstruction
9778.993808135558,1.460849373450385,0.17942477980755428,10.900423164831956,obstruction
9784.052734607629,0.4082756555396366,-0.7210749429828551,9.499703468869034,obstruction
9789.069295512574,-1.4740251181615027,-0.8307169599614489,8.734735450975778,obstruction
9794.057109514044,-0.5203269648534061,-1.8878595842530383,8.939343070081861,obstruction
9799.135270286255,-0.25215723663035583,0.012078138021176549,9.827449634285074,obstruction
9804.17493864859,0.5706274152461036,0.9248527065199894,11.787795293338418,obstruction
9809.103452693631,0.973523341404662,1.7125533576190453,11.627446016737895,obstruction
9814.126702395288,1.0591590500696582,0.8624697198047548,9.804449294308233,obstruction
9819.054740202751,-1.1938091262255586,-0.2144283791265601,9.106969542147691,obstruction
9824.02082697369,0.17020072617647797,-0.20434074204226493,7.943699369333241,obstruction
9829.054603329876,-0.5617481932821917,-0.1781403217435389,8.590356110653829,obstruction
9834.072489547532,1.3625203219689954,0.7720821347665143,9.798206639388157,obstruction
9839.079482408113,1.5245825432182172,2.949364733199541,11.257406903193331,obstruction
9844.039030257733,-0.4342811232427899,1.4828914138520046,11.117687538663692,obstruction
9849.138644971305,0.6056122380614262,-0.8789819834037885,10.172272339218988,obstruction
9854.267379845847,-5.271087166043625,-5.609428165235496,4.815048216212153,obstruction
9859.188368862135,-0.6087231572670365,-0.24101842736160928,8.390504186366428,obstruction
9864.292729352457,-0.8375065791914216,-0.16095916514013978,9.464313376933529,obstruction
9869.348405172863,0.48993795516195454,0.33383108335646294,10.700662776892017,obstruction
9874.275814223603,0.8881019818319972,1.8270438527449937,11.334684141198073,obstruction
9879.26743830161,1.285351748007879,-0.2154933119308804,10.116716198730586,obstruction
9884.238648226976,0.35245169058805315,-0.21832422339505764,8.506606317252304,obstruction
9889.201882751076,-1.3880662147229978,-1.6832804697025088,8.416284376810957,obstruction
9894.17907833516,-0.6120622298559631,-1.7965268395143088,7.984772057363548,obstruction
9899.18573522906,0.5262045105142974,-0.0950674268981182,9.829606853364556,obstruction
9904.185281868839,1.2785422624044482,1.4547591973525809,11.609319794756807,obstruction
9909.31657054231,0.6743257989920067,1.2082463029875736,11.15523506832251,obstruction
9914.217229749689,-0.03170487192440172,0.7268582978260808,9.456470541841398,obstruction
9919.140993657918,-1.615396984592905,-0.7755945256640113,7.878298921866817,obstruction
9924.186338244628,-0.9181563605507421,-0.779638771317043,7.912400254367896,obstruction
9929.05865584374,0.13447531697516213,-0.6875338305801577,9.830726086079604,obstruction
9933.956343156795,0.10229664026602453,0.998996057783115,10.348031587794132,obstruction
9938.990776556313,0.7064297347717395,1.4632891352601205,10.943019581125233,obstruction
9943.976588378042,1.187013290725047,-0.3239635475475341,10.620454644561338,obstruction
9949.017910125274,0.5680500798981158,0.25209111571784215,10.914766026705342,obstruction
9954.033521093965,-0.3723635825494369,-0.5121700629899267,8.50561503377419,obstruction
9958.947717484329,-1.148130998551962,-0.9764529276036679,8.759783458886233,obstruction
9963.889029103164,-0.7737375060826363,-0.5393064653029106,9.73086888386199,obstruction
9968.924549268899,1.5513409500460806,1.581355915837112,10.638257233242447,obstruction
9973.936083433731,1.733242931219234,1.1973144137066103,10.919651260058906,obstruction
9978.90183503686,0.044070292670017164,0.3268969996468255,10.961740789448667,obstruction
9983.867513893629,-0.7697318801232846,-1.2849797767491362,9.44807387609303,obstruction
9988.895221844763,-2.2987790348634265,-1.7721012388984887,8.748736234203207,obstruction
9993.920907900309,-1.031761524577447,0.03854850828889855,8.475167203781883,obstruction
9998.892521515381,0.5865637031340465,-0.2759559489465179,10.099004805521277,obstruction
10003.878578272492,1.9915461226908375,1.0166778717408407,10.975708119349713,obstruction
10008.922324568646,0.9985513889722626,1.1864939071947724,10.586025974205956,obstruction
10013.865622734045,1.3013355591437126,0.832503073649685,10.710395650801747,obstruction
10018.809692860545,-1.2318548123711035,-1.233853229747353,9.305251168683071,obstruction
10023.710035348284,-1.4968960135759304,-1.000143487532152,7.811365725007205,obstruction
10028.680161254882,-0.04078165259200428,-1.4657077078997998,8.18502344951397,obstruction
10033.592830589536,-0.2891009895543454,0.29798962875128016,10.029221773249551,obstruction
10038.673120349444,0.8340944755836819,1.5720783465753407,10.62423345543808,obstruction
10043.691663177904,0.781918953452083,1.3759572333015146,11.384948855087842,obstruction
10048.705172248303,0.6667980656254362,0.030699944504034557,9.848541157557221,obstruction
10053.644070130087,-0.9655862671541335,-0.6563556459226276,8.500375697555135,obstruction
10058.669106490885,-1.397148694439426,-1.284151017991725,9.311643457427127,obstruction
10063.644916253364,-1.2680474038237286,-0.17012448463130578,9.650382079592747,obstruction
10068.642053634987,0.1859526968148688,1.199104075842899,10.44413383091746,obstruction
10073.686714511457,0.7400459546579545,0.8795512677162141,11.337675147365347,obstruction
10078.69923847563,0.38525376638979386,2.33762133672707,9.412857657952049,obstruction
10083.679508797817,-1.3032732186089278,-0.16214680107986007,8.674953370530721,obstruction
10088.667796247688,-1.484499092097587,-1.2182415975362275,8.447025438242607,obstruction
10093.693936613721,-0.7788912946392295,-1.1657260652132022,8.956874494965549,obstruction
10098.677327826264,-0.16159631542380015,-0.15056562597390932,11.038304213224409,obstruction
10103.668160174495,1.238433032986952,1.4494865055238004,11.290997766662398,obstruction
10108.622404064043,1.552039194522543,0.7226860799115045,10.987226565837274,obstruction
10113.685244724626,0.7583898749127049,0.3218325197543162,10.363076403678118,obstruction
10118.579030142035,0.6710688326761619,0.18822638280650528,8.644953801850937,obstruction
10123.597787778597,-0.59525370972715,-1.1207104902645837,8.148376309940467,obstruction
10128.677297823273,-0.01933373823000939,-0.26265938274461886,9.116626274945235,obstruction
10133.66765525694,1.0887969095785026,1.2990991843318893,10.254284752726996,obstruction
10138.610954925916,1.566245160710164,1.605470633882124,11.096496392326397,obstruction
10143.652621604026,-0.10061876804828296,0.4333188781426548,9.776659706461698,obstruction
10148.611223925318,0.4989758042196103,-0.8097911591599803,9.600424468552488,obstruction
10153.697922213685,-0.8908103410932835,-1.1369484539025159,8.630831777281536,obstruction
10158.646836121174,-1.0899398270144443,-1.3014113107616705,7.93392418033722,obstruction
10163.639275677937,-0.3340585105638797,-0.6478707078047956,8.847008544030414,obstruction
10168.622415357793,-0.05144589830616586,0.36211541258210306,10.41510811819104,obstruction
10173.587395700653,0.7828537022974298,1.702998210623702,11.497683180668165,obstruction
10178.587261160472,-3.1807591757061537,-3.270826355290151,5.88420042010719,obstruction
10183.59905593955,-0.4975989239938984,0.2890816818826123,9.30159384254961,obstruction
10188.608883312574,-1.2275722000566773,-1.2860997424944445,7.982325443616727,obstruction
10193.542702830082,-0.08701493218582168,0.0918494558773435,7.701000427508935,obstruction
10198.580118775015,0.4297126298794907,0.181703400244119,9.878032938475274,obstruction
10203.622800984544,0.40243590177204847,1.8133186780988861,10.480667903130556,obstruction
10208.663989349503,1.538381426178964,0.8429586233851842,11.416104918085697,obstruction
10213.683342639915,0.3854846217172992,0.034604556055664745,9.183037111673952,obstruction
10218.670694244256,-1.0014942823068893,-0.24470268186356914,8.938854752462454,obstruction
10223.65945880487,-1.4207469516191829,-0.9295340107609319,8.484782952835465,obstruction
10228.708257595663,-0.759962649802776,-1.330001296941448,9.157736299874754,obstruction
10233.685545656697,-0.051631055135802406,1.5469404443152646,9.673460434608279,obstruction
10238.809468214624,1.221037129574956,0.3000594734027392,11.110746122082219,obstruction
10243.836160203678,1.3034413960254811,1.0397482298866292,10.499426084762836,obstruction
10248.860222483374,-1.1030322831245936,0.5273365458720569,8.912777559121997,obstruction
10253.897671594492,-1.6864296040689424,0.09155685540799818,8.965795888598146,obstruction
10258.963839493419,-2.3255909964296055,-1.4988553970601672,7.925332506333948,obstruction
10264.01223785917,-1.4390067946343283,0.36245231415198476,9.435015183485081,obstruction
10269.073330595327,0.6636325883900037,1.4514053868260743,10.59835895760049,obstruction
10274.081086638325,1.1231324664341096,1.6378819527292852,10.85916461515321,obstruction
10279.073527149025,0.2187247919290734,0.5400821477160258,10.82606456327799,obstruction
10284.101238397552,-0.7153801031665528,-0.11439627618674786,9.064878321459375,obstruction
10289.153938456002,-1.2701170087089284,-0.8311943920441642,8.66659751240595,obstruction
10294.135530136702,-0.20711732971352326,-2.0458336030284014,8.352305290194055,obstruction
10299.17181321932,1.7288308889161248,-0.08124102548729437,9.415046043098794,obstruction
10304.129147432363,1.6952452981494839,0.8272631256929464,11.658200855430383,obstruction
10309.084972140796,1.6023573597186214,0.7089271233372497,10.556556328425447,obstruction
10314.141816520298,-0.3236480160478054,-0.276164410742258,9.275487764255942,obstruction
10318.959757777173,-1.8687230530654588,-0.6310351966853505,7.918650933347964,obstruction
10324.033949274004,-1.3648478544169866,-1.644289177195851,7.942379148536771,obstruction
10329.014360468473,-0.8475897063800913,-0.9088808849376029,9.381190198997366,obstruction
10334.022133620767,0.38476553085422566,-0.101683122125857,9.305787869081767,obstruction
10339.064979506167,0.9975534099214767,2.3683416532403614,11.207376584012696,obstruction
10344.18110747088,1.4143127218764697,0.9696536198578494,11.673886865127502,obstruction
10349.121717591104,-0.259131471033317,0.13604561870953824,9.414968366290605,obstruction
10354.12866426327,-0.6630807773014964,-0.32302981160974464,8.573385433512264,obstruction
10359.109667216475,-1.8691151581826515,-1.0306074095237274,8.756643765653031,obstruction
10364.183538931926,-0.45869103838897785,-0.7722530435668739,9.184777349379202,obstruction
10369.133454504134,1.6272869210847827,1.0963175168472943,9.670251763475648,obstruction
10374.144357901183,0.5850134881430328,1.3501974557673546,11.506458905099825,obstruction
10379.075834891652,-0.1661461685718808,0.7740522572794405,10.729478638261588,obstruction
10384.13605184303,-1.7653221296020054,-1.1272232351508416,9.462842806698106,obstruction
10389.147423419623,0.5895440493379951,-1.8743495496533822,9.76188288491928,obstruction
10394.208553720391,-0.14827096962783248,-1.4809047441854477,8.445400457288109,obstruction
10399.244433747934,0.5158948169972153,1.1372684667997173,10.464774161971265,obstruction
10404.222366079768,0.9229185895479421,0.568251008991484,11.132555233775893,obstruction
10409.202578294438,1.971453619086967,1.3918967665701114,11.561484936943286,obstruction
10414.21329347856,-1.1906716709989278,0.8924333028815519,10.021220451045073,obstruction
10419.21115052336,-1.3885351746819954,-1.7568710742908127,8.774769003969304,obstruction
10424.28740588314,-1.9270101314659653,-0.3440523165613887,8.122331465356286,obstruction
10429.262023258709,-0.4478978875357543,-1.3111262773320271,9.437201207448547,obstruction
10434.19630959428,-0.3767407024623416,0.2385065477345078,10.707197293064432,obstruction
10439.291192864535,1.8118599876395416,1.1276706259001485,11.514278717456058,obstruction
10444.378341802407,-0.06480159657945461,1.0136234115149763,11.29174867378498,obstruction
10449.420875192653,-0.2326506821066294,0.11576806402177281,8.586068689235015,obstruction
10454.408567062024,-1.762603030370736,0.4357958282729515,8.277202219365714,obstruction
10459.466115742698,-0.13136137101870848,-0.8263512566162058,8.180171235647599,obstruction
10464.516707365328,0.05262502467777824,0.3469235769697449,10.64869994732476,obstruction
10469.546390659125,2.036099961910046,0.8533850692024851,11.34146039523443,obstruction
10474.526089755116,1.404723267474004,1.895950750457286,10.912849764702957,obstruction
10479.522597618346,0.8699066446471533,0.17260692687280477,10.06646103559569,obstruction
10484.475103393885,-0.7578131188473799,-1.1875445758737628,9.045696728989038,obstruction
10489.55344463037,-1.3753140953243814,-1.2436429829032782,7.876024595422539,obstruction
10494.534302229376,-0.7240089917583975,-0.8491136923170992,9.508083068527235,obstruction
10499.589535061983,4.972687882928709,4.681121306960017,14.147813676709914,obstruction
10504.647610341613,1.7660748917695426,0.36252350478349604,10.755397681993385,obstruction
10509.589917886822,-0.01995553772712666,0.40830399568107556,11.67902838921226,obstruction
10514.518646926905,0.8357045226295813,-0.7189321573973252,10.048788985329175,obstruction
10519.568514191702,0.10540654760838963,-1.0593740719800262,7.246998396316755,obstruction
10524.53601994022,-2.0097035064283952,-1.2069361602129378,7.761504837061165,obstruction
10529.504065990268,-0.6970195666373049,-1.5083149706170984,9.151364178773658,obstruction
10534.422012288132,1.2632390620632648,0.002748847887570016,11.059871781445226,obstruction
10539.376406805379,1.387826715498993,0.9291517315588962,11.9153611786897,obstruction
10544.453076226431,1.1013114529607249,-0.08575089239418288,11.165894019736392,obstruction
10549.54156145008,-0.8026265348222006,0.1217725128672772,9.554685646791432,obstruction
10554.52315565621,-1.4352583248061328,-1.2237241528361187,8.60558911983778,obstruction
10559.520952245515,-1.1094820888634342,-0.7213246959579818,8.754647281054618,obstruction
10564.600840296962,0.5550510973459442,-0.8502008929552796,10.31233223771077,obstruction
10569.693637154009,1.1086795611007094,0.5731979870396735,10.256508746297317,obstruction
10574.707567342713,1.451079014124614,0.9640008453271787,11.415758452704523,obstruction
10579.717596755747,0.6441290070749264,0.2465043289599212,10.70721405672781,obstruction
10584.733752372149,-0.4086911147119573,-0.09077460756217837,9.167151351952192,obstruction
10589.70932142075,-1.246376682517306,-1.176210743294045,7.732194805417499,obstruction
10594.748493607864,-0.532327250116961,-1.2127325481287414,8.916694248591734,obstruction
10599.734671587687,1.0212971321129274,0.19600850883324822,10.332942968274901,obstruction
10604.730037852456,2.314871821076541,1.3644710343007411,11.144706303772788,obstruction
10609.789583636959,0.860269992748482,0.24959476237766676,11.190251576873179,obstruction
10614.731541397368,1.1143490174796618,0.5568959252172623,9.453944837116003,obstruction
10619.714135480657,-1.355389247087707,-0.5712891017441527,8.871437839310163,obstruction
10624.636294014621,-0.791461216144122,-0.292756688898414,7.811314008856846,obstruction
10629.573952943425,-1.099277131722406,1.055271856668478,9.3455040365222,obstruction
10634.606221559427,0.8312999918797236,1.2662073685720925,11.369270168144217,obstruction
10639.596905294495,1.054688560087016,1.2473393595191524,11.05307626661962,obstruction
10644.621508195474,1.4154518713931032,0.4738422981399483,10.173148766617597,obstruction
10649.588988669631,0.24191332643934615,-0.55270583706637,10.100871322411017,obstruction
10654.690138573991,-0.6717014539334293,-0.9090212926623378,9.37642089074415,obstruction
10659.677384795888,-0.9756135413171992,-0.9357720726845912,8.819009981151959,obstruction
10664.846595354926,0.3646800037434394,0.039449381944549666,10.810164829131924,obstruction
10669.829713146191,1.2561381254672639,0.6032161340915723,10.991692853038417,obstruction
10674.854356444761,1.1219066333438066,1.3724725566512685,10.92066394053551,obstruction
10679.85115781499,0.6215736229149533,0.11876664822223645,9.870336988852117,obstruction
10684.804909825722,-0.786424114858453,-0.5444372028908671,9.8534524639421,obstruction
10689.744813255404,-0.625481944491347,-1.5821524179993407,8.787661731399167,obstruction
10694.704689598968,-0.8468942216280926,-0.23294597789769442,9.225779075685782,obstruction
10699.660515985819,0.5539679046347525,1.2388044314240965,9.92006415688986,obstruction
10704.597592946411,0.5698491215418587,1.2504099148252508,11.932486490717798,obstruction
10709.603277436338,0.7962721819689375,0.8622672855794811,11.369182181523115,obstruction
10714.598731880773,-0.5960704060443206,0.631680637316768,9.552487171286687,obstruction
10719.625501339951,-0.49990933191638964,-1.4101404714850547,8.425141266123319,obstruction
10724.652526670576,-0.864182047971704,-1.0537271678787716,8.056353006803656,obstruction
10729.638358940283,0.16969594670150995,-0.5077819842718673,9.610312031694912,obstruction
10734.679967142481,0.35302487852388037,1.0572047413935333,11.48678944300794,obstruction
10739.642388642123,0.8442159130513032,1.8661423490176894,10.56463167495261,obstruction
10744.668407979041,0.4138261759544537,0.2793001009614068,10.666502513098838,obstruction
10749.650319982118,-0.4879185722973421,-0.17963180781584898,8.933799942553492,obstruction
10754.650979333372,-1.0126135624269565,-1.201661909569969,8.966474981365831,obstruction
10759.704654779141,-2.346537302045118,-1.4660378086620074,8.978007870420523,obstruction
10764.68521459772,-0.15764914205730512,0.10499114564866899,9.834179366581395,obstruction
10769.701616443343,1.7930046083655524,-0.6334410094792131,11.963992164422029,obstruction
10774.724421604235,2.066307093781467,-0.20013232502703748,10.929952856377332,obstruction
10779.740088309765,0.3306059643168834,0.4036428381225361,9.92453029365329,obstruction
10784.734398998022,-0.5171427416915898,-0.6881327173568722,8.724914908897041,obstruction
10789.729767912366,-1.9831834168108937,-1.0032694649099707,8.230225192641317,obstruction
10794.752812746761,0.10297996170492157,-0.5488179399454172,9.242676427426607,obstruction
10799.72738463827,1.1391050230205921,0.27994484980753054,10.93706822401894,obstruction
10804.794356454964,0.8136255449786026,2.281259265291255,12.280094732935657,obstruction
10809.733517639623,0.6102378890399915,1.4599141014388084,10.279060681577782,obstruction
10814.726745168873,0.5849576699796061,-0.536731005126944,9.057903573257157,obstruction
10819.782492089866,-1.1104828269418228,-1.724481284779443,9.108373312877989,obstruction
10824.847003364775,-0.10831057585843262,-1.031713018448084,8.940943381225232,obstruction
10829.93168810664,-0.26670182471440956,-0.21441404183169321,10.12199026806918,obstruction
10834.898335702523,1.8160200173547167,1.3807736523837395,10.608337010872617,obstruction
10839.958185220099,0.7747571819261877,1.0159861127507055,11.727754633464052,obstruction
10844.882937278056,0.5834037528515968,-0.020512005129593752,10.66248079562,obstruction
10849.907219497045,-1.5558462973423444,0.00831189380411168,9.072724610492939,obstruction
10854.795200174483,-0.9133276776670918,-0.19511622998949862,8.22419413906209,obstruction
10859.742187693952,-0.27884266684285,-0.42566297700728095,8.984769523328506,obstruction
10864.760001047149,0.6356126593777098,0.12474419079518262,10.546864343346849,obstruction
10869.72175490919,1.3364764086560754,1.0546017597917077,10.938356802387071,obstruction
10874.808480270169,1.1137232911435995,0.6191185557038351,10.809870041633372,obstruction
10879.814224048663,0.01423397734457088,0.22118297515607394,9.650685085580147,obstruction
10884.843567118949,-1.1115257457425909,-1.6330714275161586,9.664627509564193,obstruction
10889.75659662095,-0.9843752714605014,-0.5658045260392065,8.575073016980717,obstruction
10894.74902590024,-1.6388295346056538,0.41637339899265935,9.561293002335985,obstruction
10899.817501906587,2.2974851600859227,0.07891582526645047,11.172525113672123,obstruction
10904.867690931565,0.12041602103750892,1.3527321074906167,11.135160788951527,obstruction
10909.964792280309,0.25136116096093525,2.053109120418948,9.745269804817214,obstruction
10915.03112507895,-0.225614915082041,-0.1701735320551953,9.168242403511075,obstruction
10920.016612110307,-0.7935421721914153,-0.08197214644818751,7.7866932554322865,obstruction
10924.987660464385,-0.985734154797756,-0.8039974318847339,9.356996399273307,obstruction
10929.99323558536,0.09668338486397876,-0.847344089165508,9.858179422602607,obstruction
10934.950400502961,0.4192349326225753,-0.27619239944368346,11.648784835784047,obstruction
10939.92740001394,0.3704372684533418,0.574352011337094,11.33955606242574,obstruction
10944.887974169407,-0.24977347101247563,-0.37983586808370273,9.91549270612607,obstruction
10949.945723763383,-0.0634766929317303,-0.8073898280784791,8.44123378976622,obstruction
10954.9059167476,-1.7700469066829907,-2.0017844626996215,8.638306001946205,obstruction
10959.852100003021,-0.9415009787579046,-0.30238052234552004,8.93334322633418,obstruction
10964.870760954196,0.510563038642435,1.5175635380076233,10.211457802391756,obstruction
10969.896290798493,2.2123973332973654,2.1905031805873945,11.99182685131315,obstruction
10974.968868089638,0.5883646834650494,0.5223111711183346,11.13618528532638,obstruction
10979.994091078954,0.0727155623030803,0.46811207290050005,9.455581802932866,obstruction
10985.033033913163,-2.005819045616131,-1.0711999028772228,7.976768475732231,obstruction
10990.123829505128,-1.7396032424735806,-1.0147980709454585,8.408206276879426,obstruction
10995.19567181536,-0.5033296754644122,0.34171777898922817,9.665580785719015,obstruction
11000.241846163573,1.0608500057960824,0.44941106883138626,10.298466450260502,obstruction
11005.242531729753,1.2648651322406883,0.5503354401266802,10.934501095169574,obstruction
11010.349630066143,-0.021246757617735174,-0.11699162542179214,9.888874287869378,obstruction
11015.271678931233,-1.498892027256249,-0.5734102677176267,8.340154406155243,obstruction
11020.267577118486,-2.3054333133209473,-1.2563899395649891,9.24746985395363,obstruction
11025.211165945964,-1.8107356779522537,-0.5354960149892849,7.8480551240210925,obstruction
11030.14701336818,-0.08170016816308684,0.8359510923800058,9.744403943414019,obstruction
11035.192986157623,1.2144043916221314,0.799235008359918,10.987654994026785,obstruction
11040.232496776302,0.5664813175981056,0.4970709259454709,11.730741407372646,obstruction
11045.195933568533,-0.5844056074546303,-0.33525254508782276,9.698023444401276,obstruction
11050.244752715049,-0.42814403874815476,-1.220814042149561,8.546007072037181,obstruction
11055.29124396663,-0.5219149490135502,-1.1310855112263816,8.382303010536079,obstruction
11060.293491279414,-0.05177458485854897,-0.4900971698307258,9.203928173891738,obstruction
11065.312568002471,0.8008737408731562,0.19613493346022037,10.109080850910184,obstruction
11070.247601208446,0.8398698826662195,1.1089508467721196,11.08493702683127,obstruction
11075.204152274498,-0.009572244245534822,-0.07909217749549724,10.321749638759668,obstruction
11080.274868080809,-0.11891553762092966,0.045517439813413496,9.537237975868878,obstruction
11085.21114609888,-1.2509879917067221,-0.6550875260202333,8.26854845250883,obstruction
11090.254260186124,-1.2017220662138908,-0.6266377862835462,9.213868382936834,obstruction
11095.209771241893,-0.5426408676617098,-0.3321074106984151,9.177845657779189,obstruction
11100.200161501434,1.032062199581299,0.9051499254069372,10.874109747638526,obstruction
11105.247121551265,1.1018687767393376,1.1717280127302836,12.144071986816778,obstruction
11110.277748785094,-0.8915589014938639,0.5044506591881217,9.34843113102059,obstruction
11115.299542128936,-1.2963305645982943,-1.2343610468269846,8.96017417040806,obstruction
11120.249902637332,-1.06820077571114,-0.35618737932746247,7.773603068001952,obstruction
11125.260390538064,-1.4090334177556636,-0.292056192664661,8.55485909250379,obstruction
11130.202060496229,1.0143531572866653,0.7724909091965793,10.051885119541293,obstruction
11135.144965277586,0.4455709104176767,1.441103753441214,10.68932740466351,obstruction
11140.137609883588,1.6794843366612575,0.6237323577708338,11.152843560025946,obstruction
11145.165261209973,0.1739565812399681,-0.261655778071385,9.523701320915364,obstruction
11150.179276164812,-0.8784440308891748,-1.2746392884668158,8.546279590988686,obstruction
11155.198689650466,-1.1235995673791173,-1.2139893898798437,8.58345554529489,obstruction
11160.207670128537,-0.01269066146254658,0.5026541022748724,10.305943274082455,obstruction
11165.160801413438,-0.23169017290495886,1.2196714429205753,11.517617724544321,obstruction
11170.168279845744,1.5152662310001128,0.4134569945683282,10.632890752671962,obstruction
11175.144241871383,-1.1870217073893918,-0.5651723330550296,10.198566091155666,obstruction
11180.131719581856,-0.08059640151874642,-1.4630536192565002,9.189218186509954,obstruction
11185.108985328707,-1.9149545553902523,-0.028708464170488,8.581025373293704,obstruction
11190.074344023426,-2.200461936368335,-1.2078157464587274,8.91635054176569,obstruction
11195.123551971308,-0.064171974541724,0.6919084093914271,10.468280859303501,obstruction
11200.146625233518,0.9950137319683212,0.07311334907159817,10.923815352070173,obstruction
11205.179055016231,1.4687331769701673,1.56203949453455,11.93057661660506,obstruction
11210.03006001618,-0.3864953733087409,-0.29334178589584675,10.57702661912704,obstruction
11214.95934346707,-1.2897782329137746,0.8592817437256769,9.867960728823826,obstruction
11219.966478176497,-0.6664984295484874,-0.9031044089908865,8.402533914606591,obstruction
11225.003769412524,-0.0893779865445441,-0.9896550696123256,9.033101219511597,obstruction
11230.053958114635,-0.5893213421099235,0.9340066662793505,11.53215137417574,obstruction
11234.976472551798,1.0463293978164243,1.7677196929477819,10.684833390131617,obstruction
11239.963247129577,2.745716893966167,0.9229986461672578,11.712291734430183,obstruction
11244.984259253275,0.16613058693942193,-0.014908484692710958,9.549038525893328,obstruction
11250.03517957265,-1.0006855398261547,-1.8002839017993422,8.178150741619046,obstruction
11255.03272000241,-1.604421284828872,-1.6722081538955662,8.619328779176467,obstruction
11260.083522586434,0.7488497504592494,-0.8342526394216241,11.182548529175254,obstruction
11265.047909553594,1.5507607398507646,0.9843880392934177,10.572612475361517,obstruction
11269.98749456697,0.7697699689406341,1.4472770034536184,10.95016078050435,obstruction
11274.982678425635,1.0453532531622172,1.8630805191709805,10.27635363065485,obstruction
11279.99284906848,-0.2917946708830417,-1.0355435695609008,8.464884528071922,obstruction
11284.907249020895,-1.6214679343597467,-1.5425432683829627,7.819960603950293,obstruction
11289.944467133726,-0.6319941684280393,0.21081297808495714,8.180857506065259,obstruction
11294.963971357896,0.5011650167743575,0.23168063043873566,9.272759327764714,obstruction
11299.971828777254,1.7285067619997978,1.3097288930354347,11.20422364024224,obstruction
11304.963853897598,-0.7158043217708341,1.1074340911959117,11.57167678567085,obstruction
11309.979040645088,-0.14122244209389134,-0.5860089432451621,9.318995909125167,obstruction
11314.989291450387,0.047207696651625164,-0.6743334527784414,9.224218294722075,obstruction
11320.028193055308,-0.14995702556884316,-1.6127064647580607,9.053492026952508,obstruction
11325.062809672032,-1.2230438662723917,-0.34749718480184216,7.654610367011406,obstruction
11330.05475874924,1.5924808840324822,-0.9680579716848359,9.750446528790066,obstruction
11335.092665271199,1.957889954224799,1.4214575780615997,11.67605480067173,obstruction
11340.11606661305,2.0950725936317514,-0.707142814184566,11.342283156750788,obstruction
11345.13234367621,-0.4327690596177386,0.6917789797957833,9.484215238169998,obstruction
11350.039744566353,-0.46861589764423206,-1.7921443900120733,8.500449508182978,obstruction
11354.930500590455,-0.913130615727623,-0.4834192791740788,8.490534173670827,obstruction
11359.88182354754,-0.8178531539144425,-0.0033049978150287984,10.844754991750847,obstruction
11364.917572275928,1.2942954892570375,0.5650471599256014,11.29663917723451,obstruction
11370.002012604762,1.3020551123086652,1.4530498861416918,10.983926609239596,obstruction
11375.026596190317,-1.413698765051351,0.08503944059119506,9.885163794663505,obstruction
11379.948082699135,-1.2747523796593123,-0.9737109959766306,8.740444997945787,obstruction
11384.935124305668,-0.7218371600709379,-0.9509501289848301,9.1757464518145,obstruction
11389.89757170419,-0.8211045349071808,-1.169186239410134,8.28367048806713,obstruction
11394.952180695776,0.6257427129684442,-0.1853194308449591,10.122909942005135,obstruction
11399.846093615255,0.8739407448543351,0.6662365575175389,10.662105598368056,obstruction
11404.875927660916,-0.17262084722124582,0.9902702190622249,11.396707075102423,obstruction
11409.860181417347,0.06956927721329326,-0.06935830360826134,10.235972538765745,obstruction
11414.9783010293,-1.327340047607645,-1.456289344767986,7.990647585906406,obstruction
11419.994992015214,-1.393732907336371,-1.3518429420998812,9.004458818438541,obstruction
11424.971459914317,-0.18601527872048937,-1.6124560788689588,8.843620157234573,obstruction
11429.963263550706,1.3642867882749288,1.3294171582620575,10.777884916208096,obstruction
11434.973492873192,-0.010492059293196743,1.3088036987295437,11.186422805628514,obstruction
11440.010410731444,0.8775926475757339,1.1735750686751207,10.743564362992993,obstruction
11444.988704244644,-0.15060289430765922,-0.23285661700333993,9.023420150295413,obstruction
11450.010421855959,-1.2702286595137195,-1.6529318793366214,7.801103014058425,obstruction
11455.064910211791,-1.0765504002916493,-1.1793235396580153,8.781762127777029,obstruction
11460.019861758561,0.0247310130154412,-0.48887023651431005,9.29259799808611,obstruction
11464.983699650465,0.8158339908130614,0.6539316547057482,11.967771178143922,obstruction
11470.03568324538,0.4183850012989875,0.4543933652494696,11.668924981549864,obstruction
11474.985407528002,-0.8458377262663086,1.1641111061168878,10.10533831859975,obstruction
11480.020528494048,-0.8325532292485881,-0.6048444994235532,9.314389490985542,obstruction
11484.976039981762,-1.1183652990702224,-1.3232699477739158,8.291321572595928,obstruction
11489.978185513732,-0.06786462794900527,0.010700542807384528,9.173509169790535,obstruction
11495.00542703922,0.2164992726734684,0.7440178131881825,10.207961131260697,obstruction
11500.022946827861,2.2277267297272445,1.9495546482405515,11.156621822770568,obstruction
11504.974796543902,1.4243058887389086,1.1055502172586424,11.299481297031841,obstruction
11509.976948088559,-0.34129326069569543,-0.7853345139494613,9.754218253416786,obstruction
11514.997463726537,-1.3289277402050206,-1.6426418944246022,8.378085832264553,obstruction
11519.94840069425,-1.625477959021012,-1.2748189457121732,8.383896096679623,obstruction
11524.986312483557,-0.26867391148463377,-0.2250271583434648,9.399808252220089,obstruction
11529.992308736648,0.886325716061432,1.0634592860028442,10.18205416146085,obstruction
11534.99351314019,2.0902957975750533,1.2045529362134124,11.28979432247298,obstruction
11540.044129181351,0.9231896178790681,0.09072919930148765,10.438817933868986,obstruction
11544.99947299181,-0.941319201193954,-1.2273667407437103,8.965115273296783,obstruction
11549.906099592803,-1.706705087040512,-0.42801189241306714,8.43401890733055,obstruction
11554.890998011491,-0.4399545396232183,-0.9840740447861516,9.249368162485023,obstruction
11559.902268071402,-0.16793290334401545,-0.0025363317902647176,10.490177736392877,obstruction
11564.901051883371,1.6411740683722331,0.6371423130497158,10.996985297070134,obstruction
11569.838180617198,0.8341575088136723,0.15446681747128377,11.47152728359191,obstruction
11574.983775109795,-0.39616487154255775,0.40121711954949413,9.893150564882767,obstruction
11579.95868618589,-2.231220217228058,-0.5230294623121146,8.788905323604324,obstruction
11584.993142243626,-1.2918233507887886,-0.7302625384727036,7.882620175421468,obstruction
11590.003568192757,-0.6290318855349661,-0.558588431710687,9.16676144948363,obstruction
11594.971572876118,0.5348281395602822,0.6082312242026802,10.147868259851215,obstruction
11599.98553881329,1.0044671427044825,2.405196725172641,11.247030774763994,obstruction
11604.98133087666,0.4951326164000553,-0.3855129509079346,10.584974823578706,obstruction
11609.917478158884,-1.5801286694000596,-0.6755445805884863,10.332587947753787,obstruction
11615.05197737983,0.24210172631866378,-1.2268472366608374,7.785896161393657,obstruction
11620.034170362138,-1.609272119955305,-1.7126881442594637,8.754306951479597,obstruction
11625.107839637343,-1.0414810186433825,0.179598982364669,9.800760510100112,obstruction
11630.164712750602,-0.29272272256337695,0.5188601702169282,10.666925252026195,obstruction
11635.14479463579,1.0096042447103757,1.533046303358699,11.139250308059037,obstruction
11640.115128752888,0.8928779970070377,0.7431508871022102,10.574453901688013,obstruction
11645.153551043515,-1.0565611420878656,-0.25163132552220485,9.633944309183718,obstruction
11650.14052255471,-1.1469346247393615,-1.7563572727737489,8.620030260112376,obstruction
11655.171938666484,-0.8203167563533903,-1.0074729661298316,9.24373750439753,obstruction
11660.167275584356,1.4553766766356913,0.902636294284179,9.750194322734751,obstruction
11665.073539098297,1.738125265542576,-0.03623001636471401,11.163034011951664,obstruction
11670.141946787078,1.7600680518373308,1.2898132994358258,11.381397276185531,obstruction
11675.153538452694,0.6987444695999536,-0.013568537575244982,10.364748782417307,obstruction
11680.115438682678,-1.361361444112771,-1.0641268203683778,8.780953277913525,obstruction
11685.146845654846,-0.5243963023071468,-0.9258292769376396,8.272776454194892,obstruction
11690.108983290611,-1.5963081821220926,-0.728798330846085,9.714650020648309,obstruction
11695.259510216043,-0.10063379692708313,0.7157659144467334,10.631929105282962,obstruction
11700.372003777868,0.3657417428495334,0.9870025623932468,11.760218789365236,obstruction
11705.386036314898,0.5074191040794505,0.9722460893343877,11.424447970822817,obstruction
11710.445550735662,-0.5597148475019125,0.13832517092404945,9.679979116131266,obstruction
11715.500285112168,-1.0541749653117392,-1.7269168954831595,8.531053633989195,obstruction
11720.50537526253,-0.11259163065042199,-1.5483105168628288,7.942487019586063,obstruction
11725.502962436758,0.017130285884629726,1.1320362965774882,10.742439747244928,obstruction
11730.501354931352,-0.028140634812546028,1.398100263175111,11.038623552500855,obstruction
11735.457533220404,1.701471546713988,1.058520289060214,11.860840438140233,obstruction
11740.522917471497,0.020715392697582158,0.03672484570722989,10.796536888472104,obstruction
11745.481766163139,-1.6139839348387761,-0.519489372632953,8.607311412527885,obstruction
11750.454892233944,-1.3491040824017633,-1.407729824843267,8.182429065508334,obstruction
11755.422342351349,-0.2626539869498046,-1.3284395660145776,8.680748806123228,obstruction
11760.422512985959,1.648614124157114,0.1949906032880386,10.070172527348129,obstruction
11765.534893034845,-0.004547918266714079,1.0038250406576021,11.727843547551805,obstruction
11770.580889444898,-0.02889745803522048,1.8431846482963996,10.845266536853046,obstruction
11775.457730105294,0.4072451769600552,-0.5395068551274718,10.060259111159109,obstruction
11780.418561889404,-1.2173169795108691,0.5079068909726356,8.319632848987702,obstruction
11785.39731509572,-0.7183761156525199,-1.5658380169077577,8.258064720070987,obstruction
11790.425782466771,-0.5966765549448422,-0.7201309874196641,9.486770159649055,obstruction
11795.295574630634,0.06250784343284965,-0.26869472329758637,11.389028171210535,obstruction
11800.380963561287,1.1543698519822587,1.9355536282337031,11.18020046792117,obstruction
11805.384103694587,0.934612227258129,-0.3344672635896797,9.77070991017199,obstruction
11810.370852381322,0.5094501407021619,-0.09632199363118837,8.465637373256449,obstruction
11815.348504780102,-1.4665580754023164,-1.5631063605453814,8.051474323448437,obstruction
11820.352619226791,-0.3475493134403419,-1.5457651709841629,9.05954343045141,obstruction
11825.369863997445,-0.5583855505963361,-0.004962476670174187,10.472592226202709,obstruction
11830.387418624046,1.4704331864793345,1.045348104739629,10.268709747205378,obstruction
11835.480477135903,0.13027836914358504,0.7150848767774727,10.33959182888876,obstruction
11840.525049744025,0.6582061848543552,1.2976598637210361,10.143486089487498,obstruction
11845.555016166241,-0.8935968641262034,-0.039664060166267556,8.899848723464107,obstruction
11850.535452434935,-0.3966441796404524,-1.3954713695422607,8.950375767983232,obstruction
11855.625213947931,0.12334177743300612,-0.17531146728957014,9.217012304559942,obstruction
11860.622438050232,-0.5454648681079738,-0.3540575652307628,10.637644603196698,obstruction
11865.539804553053,0.7123747888657577,0.0838305618216828,11.118539963919044,obstruction
11870.55736841942,0.8600027447366483,0.82504679193804,10.907836545900517,obstruction
11875.575661655708,0.08959698052254526,0.05115933240382607,9.156249159904647,obstruction
11880.644817418477,-3.5467486672826336,-0.515432712011101,8.791043100872399,obstruction
11885.726448228543,-2.5785519358484823,-1.838771292175525,8.848933062031579,obstruction
11890.732814719502,-0.5701369758889226,-1.2224357845511402,10.073957102738117,obstruction
11895.6776471748,-0.22724939699869107,0.944736707703742,11.167752966927958,obstruction
11900.629301420708,1.852475543411222,0.12898971641635648,10.897532080657557,obstruction
11905.635902261356,0.6376815605791717,1.1421272304226413,10.274926345669376,obstruction
11910.66885928198,0.055572976693851306,-1.237232700067124,9.803875990650093,obstruction
11915.661231781673,-0.8154947823332412,-0.623527500980471,9.573813717053163,obstruction
11920.65075664472,-2.036467183498294,-1.0336238091532175,8.500983691563144,obstruction
11925.667341346101,-0.9052186683837088,0.41828067850667033,9.591652335670052,obstruction
11930.636214309352,1.786599698481307,0.24052709114252901,11.576500002600222,obstruction
11935.63283720842,2.6679210304948873,0.5968656842557335,10.748231390664024,obstruction
11940.710668219279,0.8959658745839335,0.22642313470136727,10.150646671608651,obstruction
11945.76261116183,-0.18923201736117656,-1.7022700737887542,8.505826413991622,obstruction
11950.74866324011,-1.4384355361116963,-0.41702487734002136,8.006877571715206,obstruction
11955.74494120264,-0.2037501163551944,-0.719547282619009,9.395276608814983,obstruction
11960.795120560004,1.293878539117593,-0.037939732055195075,11.156783927910789,obstruction
11965.84344746524,0.968816553110281,0.9657857055091567,11.869259070115655,obstruction
11970.840345376373,1.2377093521721805,1.8167184386304096,10.927320672095263,obstruction
11975.829918536534,-0.006936335374098407,0.9254187284612228,8.708747208797995,obstruction
11980.839640424705,-2.065490532350787,-0.964524627172371,8.457173526230749,obstruction
11985.780629051122,-1.528638686126369,-2.1012476674949383,7.928466421040105,obstruction
11990.794037709713,0.04771194660468131,0.41861925193287436,8.688903393797167,obstruction
11995.84891210013,0.764192104917841,0.6617919264501321,10.433314285800357,obstruction
12000.844133250537,0.6482085945955782,1.004472872860993,12.13905858889898,obstruction
12005.927510674455,0.6343485799924594,0.4427809758948606,11.583445470513665,obstruction
12010.960170493874,-0.022926078485799084,-1.0778484523910712,9.029201611402815,obstruction
12015.985050943274,-0.43761161738041854,-1.11160345736056,8.940617638671712,obstruction
12021.002926368,-0.45764943908607836,-0.8482718526106633,9.168738995436556,obstruction
12026.05258658228,1.173766326937785,1.2079529693321458,10.01790237345198,obstruction
12031.074641522655,0.4816001195775045,0.9499141324222109,10.746159395274695,obstruction
12036.105854810943,0.542043493548627,1.2369494457070775,10.970893358544197,obstruction
12041.107293639821,0.45330362539892255,1.3567999286962313,10.013575307125546,obstruction
12046.172568551468,-1.467892814052421,-0.7426369730510615,8.157790302104928,obstruction
12051.161595679387,-0.04992875797906193,-0.40804258441847663,7.862059698373962,obstruction
12056.164581152892,-1.5128480905071133,-0.8951529242317302,9.156730326907542,obstruction
12061.121464030062,0.26369468749808306,0.6990085226282526,10.802436092490424,obstruction
12066.179345264618,1.8342735370648455,1.810289611252169,11.644290280913314,obstruction
12071.121602065477,0.8604859551621055,-0.03389937534742826,10.881256538025667,obstruction
12076.138892876694,-0.037887023740654335,-1.2416297900521083,9.518368334540392,obstruction
12081.059838555688,-1.63870675358847,-0.6806665671393493,8.896119858882514,obstruction
12086.092932880714,-0.45836525227638014,-0.9385968776584511,8.950030565536338,obstruction
12091.12955852645,0.20290518770798144,-1.5245264692334823,9.439240362389574,obstruction
12096.130851763737,0.19041794371433618,1.23249280938438,10.280904107232123,obstruction
12101.177779593785,0.4136361484224119,1.0087212558777012,11.454204218622998,obstruction
12106.18995987346,0.6762351851646315,0.6537017573902498,10.335155673756377,obstruction
12111.149426697704,-1.8056234411610537,-0.45145795710149283,8.268923932695444,obstruction
12116.105245250603,-1.0416365214206185,-0.525295347817936,8.391777204186953,obstruction
12121.080187637064,0.009218327476343324,-1.001844671582719,8.883663667866818,obstruction
12126.119255642987,0.644261701737515,0.03618891679367364,10.053154289216023,obstruction
12131.093469906873,0.7233049902807626,1.441766462657511,11.26286196129481,obstruction
12136.034849864149,0.49980335553890226,0.9206652060130908,10.344749809881092,obstruction
12141.06125396351,-0.08307304060747306,0.35298213950633184,10.06726132243124,obstruction
12145.948471749676,-1.0735296465993553,-1.7305253070433153,8.698396596410321,obstruction
12150.9116918304,-1.9157076989597865,-0.34342697344864737,9.264321571744862,obstruction
12155.911589461322,-0.16305043581947318,-0.32423492927753766,9.55678042103793,obstruction
12160.847599388044,1.3168800012467374,1.198694449234801,10.363404436921465,obstruction
12165.822322632239,1.4928132983819276,0.7977495654683324,10.650907052105678,obstruction
12170.783657932625,-0.16285159189680165,1.0925114675466643,10.662714800090965,obstruction
12175.71276473939,-1.7237272227348472,-0.4633308962770486,10.199410793031399,obstruction
12180.741622781634,-1.0752733910487535,-0.22799667057367412,8.30223044875506,obstruction
12185.76415884286,-1.2038851760722193,-1.4425279649668998,8.429355106707247,obstruction
12190.783993847126,-0.5547444600843251,0.31971792044755265,9.734597258748698,obstruction
12195.784225190564,0.9846176877179162,0.13905523192942637,11.155834000521008,obstruction
12200.769444081834,0.6052276287236221,1.0856528257477935,10.52040945323707,obstruction
12205.728532394976,0.17258157774578892,0.2736007519212338,10.357205918349683,obstruction
12210.71980951512,-1.3130666307536907,-0.18064384393690736,8.945815043374695,obstruction
12215.715024471458,-0.7710579555414485,-0.7679067274645075,8.261967024104358,obstruction
12220.643801635755,-1.0829927589783335,-1.0484897615776825,9.138213161603138,obstruction
12225.605791814793,1.2673481367388544,1.2655179466560922,10.621281661149165,obstruction
12230.633700973143,0.8945259519424805,1.4337586844035104,10.878185833760277,obstruction
12235.696175415207,0.9969866655585164,0.26839187445567314,10.933727159411642,obstruction
12240.729426736978,-0.5406801127119576,-0.15702634962936976,10.375305649474543,obstruction
12245.749170344963,-0.5483032265960079,-0.9061705324445046,8.313225512959862,obstruction
12250.720015197725,-0.2941371161458072,-1.65786740450599,8.67365088274173,obstruction
12255.720131797778,-1.5532440752108805,-0.39928408033818463,9.802609932005302,obstruction
12260.661992255158,-0.4546509913147829,-0.3628025698829753,10.936213858829682,obstruction
12265.629635660796,0.9985321723624655,1.366875474486809,10.802953074165014,obstruction
12270.530188156554,1.3996049758017466,1.2562822863556806,10.838484810531952,obstruction
12275.46330988736,-1.0066413647428685,-0.7527704909652189,8.640426824609138,obstruction
12280.3850866755,-1.2133432146459067,-0.4410446751304272,9.249476101779141,obstruction
12285.350896526068,-1.2299543246505926,-1.5774156952990743,8.848298591725992,obstruction
12290.349753376271,0.5493312543192757,0.5899375013457316,9.955838919395383,obstruction
12295.33513153005,0.5749317539028431,1.0431990557741926,11.469891273366363,obstruction
12300.296028307206,1.5106738278505751,1.1080685932044663,11.844335025093377,obstruction
12305.317893399213,0.46178641483936167,-0.6817546480434641,11.083740273157916,obstruction
12310.283773744755,-0.7710783544826177,-1.212955838354004,9.203619623485336,obstruction
12315.285163795825,-1.3743689493605016,-0.8719219221928245,8.218739753935784,obstruction
12320.316835015235,-1.8517471392564118,-1.3202620758622212,10.169320311748288,obstruction
12325.325720587534,-0.2614729805664945,-0.1934017419384428,9.833327259731004,obstruction
12330.32201144052,0.6914680540551438,1.52729225490111,11.203119440250708,obstruction
12335.399661686397,0.41112954039662086,0.7213997353485176,10.829898386374417,obstruction
12340.363643390416,1.032736449166655,0.23367673409107267,10.03280294653007,obstruction
12345.308391873545,3.503574890090831,2.835338589955984,13.264437328776461,obstruction
12350.26121126483,-1.3178739120525418,-1.2331004383290596,8.64542247896268,obstruction
12355.280239763908,0.18439714739964352,0.6582421402940778,9.164539593409483,obstruction
12360.292476084638,-4.10502552550461,-2.9528909589512917,6.4852004383523,obstruction
12365.334223261463,1.1239177764037143,1.4843359916123422,12.303800791305264,obstruction
12370.338275674325,0.6904801464099987,0.20560086038284697,9.842439962878995,obstruction
12375.386223871588,-3.8600652517303113,-3.270110645551364,5.373034555887459,obstruction
12380.310597347074,-0.7782946721844286,-0.5584672601668849,7.890272387553512,obstruction
12385.330882783435,-0.9560270783602807,-0.27682899783534043,8.65305259144629,obstruction
12390.332902899787,-0.19561590399197906,-0.1951259707094972,10.619982359086386,obstruction
12395.36411575332,1.2981295039528762,1.4580497412075142,12.19823424383058,obstruction
12400.491560920827,1.7263373540584928,0.6497881041728439,10.833240384268533,obstruction
12405.464507396315,0.4297071790621642,0.31371040526592836,10.166420804390908,obstruction
12410.480095401703,0.5353299737090088,-0.3695935988315681,8.161485538525433,obstruction
12415.477885499924,-0.38802502551347595,-0.7003014038602079,7.84940919026967,obstruction
12420.528141261932,-0.8949173134925237,-1.941746678191837,8.94074945534571,obstruction
12425.48027255388,0.9684953295538358,1.0100736426211112,10.057518335956445,obstruction
12430.429637428073,1.3041817665864688,1.3195947678619717,10.6096565406387,obstruction
12435.465596526708,0.5783334286675953,1.0193065769610112,10.361655136383142,obstruction
12440.401717646206,-0.42435780945708934,0.48311241553508477,9.32095860523989,obstruction
12445.356793460674,-1.1117645717682079,-0.9831066607394977,8.686244864462859,obstruction
12450.453656975795,-1.6134866233070935,-0.12670251303539903,8.83614645090979,obstruction
12455.447719148226,0.41332564311660724,0.9022833699786059,10.102799834182477,obstruction
12460.447411779678,0.78466024203599,1.4528272109291243,10.919915361345383,obstruction
12465.453886510511,1.924600967853407,1.5035309540701247,11.573761885101609,obstruction
12470.375590740437,-0.6094300660619212,0.6619416208304559,10.914483007504405,obstruction
12475.37661784239,-1.0848290363368709,-0.0644099154746609,9.013138392194898,obstruction
12480.370759666008,-0.7979951885173151,-0.7697115503621764,8.463530873320973,obstruction
12485.410110688097,-0.41651592989469716,-1.2656769687553076,8.318111052409174,obstruction
12490.30654923027,-0.18972513741601654,0.2514712461001242,10.895356256120511,obstruction
12495.238445849194,0.4083225604165077,-0.1859086012204476,10.477794795749896,obstruction
12500.18526469826,0.5188035135148669,1.5193683766894042,11.35931142073134,obstruction
12505.163113033526,0.41497725723153456,0.7367962953418514,9.884633328746533,obstruction
12510.208688182975,-1.9999677601238268,-1.599554372601859,8.304055338453402,obstruction
12515.154884386644,-1.1646522973805093,-0.48248174839045055,8.917327941787278,obstruction
12520.149277780205,-1.2813585582670566,-0.34968499011344273,8.824736572994917,obstruction
12525.126151460969,-0.09315616501639923,0.23725402335845874,10.438296922991386,obstruction
12530.178791575694,0.9136464198337907,1.6912993608894187,11.24388815708587,obstruction
12535.24580478796,1.1235693737895596,0.4343583519287643,11.249320851797858,obstruction
12540.243655514792,-0.5487344736843841,-1.2621443417989016,9.338271539915638,obstruction
12545.338753096406,-0.7205668911611525,-0.6324808242190831,8.223401103170218,obstruction
12550.307918433426,-0.8474524132838347,-1.6177751336935153,8.377799056003681,obstruction
12555.319250323988,0.44335760277932157,0.14363597373030731,10.248442413649345,obstruction
12560.360078772199,1.861154567006701,1.13039542163275,11.13619158085164,obstruction
12565.40330983349,1.0140601623925078,1.4747379801059743,10.491053092507954,obstruction
12570.435128478419,1.4351155409781071,-1.001066437980164,10.595256603457976,obstruction
12575.472691355139,-0.5946871461192991,0.016463637815822274,9.037289100279658,obstruction
12580.493523016634,-1.1885782469193118,0.0013777410193145379,8.242454354312382,obstruction
12585.459536689797,0.24251286177499487,-1.9503813309388605,8.272060253675736,obstruction
12590.400453437844,0.8756065321415735,0.33323478678169927,10.535482963276724,obstruction
12595.375455571895,0.6792707002868594,-0.1410060247668361,11.77574077263347,obstruction
12600.398574985518,0.5547587776303464,1.9458961553808942,10.756602538802467,obstruction
12605.31916721735,-0.04845645176771424,0.2003316748099644,9.432799609071505,obstruction
12610.332935975961,-0.6814121290878437,-0.7597273539959398,8.816757643669998,obstruction
12615.372812727735,-1.6563751857288707,-1.3883783638608325,7.672291840640026,obstruction
12620.382132016199,-0.24531344743530598,-1.0658828551838493,8.470870104829565,obstruction
12625.422607653289,1.039685397680608,1.0248342759495304,10.421434580476685,obstruction
12630.47147089086,0.9156994074773414,1.698067137850384,10.827317846111844,obstruction
12635.45123770401,0.3336559559030749,0.937933676155079,10.100151605405188,obstruction
12640.406828371106,0.14414047150012516,0.7926256896166808,8.69585326028838,obstruction
12645.33334140046,-1.0354716398310209,-1.3941006276467618,9.133250609293418,obstruction
12650.42708637977,-1.1599485874837663,-0.7023483859878817,8.801376045702604,obstruction
12655.343706153262,-0.32427445572932634,0.5426590815658673,9.96352654284357,obstruction
12660.31186885758,1.0892500660734212,1.9415372497241843,10.976193677545215,obstruction
12665.233443606825,0.4450960350893456,0.8234267379396316,10.823174763472359,obstruction
12670.19743097006,0.8146805883749475,-0.3148162057110518,10.230474586841035,obstruction
12675.283393916568,-0.9546009347676929,-0.4010443152728639,9.085585379992727,obstruction
12680.276108878532,-1.327305031841021,-1.069674794976593,8.013086956580107,obstruction
12685.289581769457,-1.2521389891552226,0.019798134360285102,10.144212475348576,obstruction
12690.329435666377,1.1901528490896869,1.1741175394930263,9.955101834840615,obstruction
12695.334230713263,2.0111286531043255,2.174512732391602,11.526056752235457,obstruction
12700.354659650851,-0.2902081939422908,0.16585540606511168,10.20824893674828,obstruction
12705.33847272874,-0.6440772191951203,-0.11341406744802013,9.244410321755787,obstruction
12710.362147222328,-0.6016647485431995,-1.4200056578663713,8.86671212970255,obstruction
12715.393384889952,-1.3230864548475638,-1.627550033928478,8.704101556715763,obstruction
12720.39132281039,0.1959094893541491,0.8169176011702883,10.524581182960356,obstruction
12725.520540072037,-0.08410776205264225,1.5106612829873998,11.135866191913939,obstruction
12730.520717982847,1.0999596001085084,0.6951221061247891,10.993253289956932,obstruction
12735.538409385159,0.5699918646195301,-0.3535288500868849,9.176158659796569,obstruction
12740.545590786509,-1.2476310626940115,-1.8293718287758318,8.829417883703407,obstruction
12745.441672565203,-0.8371225120845742,-0.7913534488448835,8.342968495162717,obstruction
12750.380916976419,-0.4911138301046364,-0.4196373877761249,9.731281279966153,obstruction
12755.35546459658,-0.0666279156711429,0.1899199074496064,11.072403229146223,obstruction
12760.261228082796,2.0247577251797786,0.6088759340339228,10.521872979761735,obstruction
12765.348273617905,0.9127791835835392,0.6485820519711398,9.895591133740584,obstruction
12770.41573407445,-0.23007883258342104,-0.1557444901501504,8.461100349953966,obstruction
12775.419663773182,-0.7079342280660034,-0.1802157108816984,8.38422577369947,obstruction
12780.378676853925,-0.9425413914600168,-0.29685690355683003,8.314943735275012,obstruction
12785.459218930711,-0.10360966929921178,0.15221343725355205,10.371832379035695,obstruction
12790.492334582652,1.3490622246500905,1.4375392139360954,11.048018383671419,obstruction
12795.444602764152,0.8567315627965151,0.4200221523990775,11.240203129357765,obstruction
12800.482367421537,1.7460998597934363,0.6187174910000036,9.838671319989183,obstruction
12805.468111648956,0.23834304590834932,-0.2304311157511163,8.94459651600407,obstruction
12810.499982951551,-2.2051532678165167,-1.4456464075622655,8.424773927118386,obstruction
12815.444990537715,-0.6366692059505379,-0.4916423628456026,9.809034871451848,obstruction
12820.455782217034,0.14252416472281226,0.5656155944038135,10.595971498904005,obstruction
12825.491927808866,1.8126450708541064,1.523324012569761,10.720152966843552,obstruction
12830.545360943483,-0.40636624550655853,0.7657351432763347,10.804318963747336,obstruction
12835.572157753264,-0.7960537071050566,-0.5081778139453501,9.208656407349876,obstruction
12840.525529560064,-1.0489511299300023,-0.8142380610248925,8.539706810128177,obstruction
12845.626653929743,-0.5628281634264856,-2.0556864161709476,8.470595015553148,obstruction
12850.686919654401,-0.4964713589735338,0.05594026034425767,9.912335465674973,obstruction
12855.702844899306,0.5581214526549989,1.5620594136617216,11.257113984586255,obstruction
12860.721471356106,1.5151995918065424,1.0098344469099245,11.148457385933,obstruction
12865.620255427739,-0.371194624320464,0.25605469904453915,9.639534956214456,obstruction
12870.605947470067,-0.4448393495832086,0.33956459639586045,8.885228283556707,obstruction
12875.586951424442,-0.89266766804997,-1.1631804666361523,7.9291744791144945,obstruction
12880.616085247533,-0.36097534763194644,0.44306273546399416,8.62206854830537,obstruction
12885.541079807357,0.9092269761387254,0.7266252021242875,10.427490651280456,obstruction
12890.54705645539,1.3781487192843502,0.9701244984667022,11.937987804070143,obstruction
12895.558588164718,1.4639976620610469,0.5390859154821555,11.008886037510953,obstruction
12900.579402620915,-0.47868540731835646,-0.8182376636744306,8.67285297106144,obstruction
12905.596003948289,-0.7164103265418973,-0.17402921905381596,9.105943748487032,obstruction
12910.641246859994,-1.7074701262452106,-0.16849648661041938,9.195150440037818,obstruction
12915.622005845042,0.9123618010716643,-0.07140366692662531,9.89219331422307,obstruction
12920.564437155399,1.8250284953360931,0.6111619426561621,11.073711697883406,obstruction
12925.606192871603,1.6083161729869688,1.3244506328872945,11.531414034475006,obstruction
12930.584648820346,0.5114036767360882,0.19498527827809953,9.869599912537494,obstruction
12935.571621087694,-0.8622480878020835,-0.9057910787628488,9.461240673780999,obstruction
12940.568358680954,-1.8177429326777625,-0.924332028129212,8.181193001732378,obstruction
12945.550994106461,-0.39670343015411824,0.004177170992084922,8.8012163842134,obstruction
12950.566143186821,0.722465178827872,-0.07555996852739916,10.41072219403133,obstruction
12955.57720230269,1.5299215401961794,1.238336821576524,12.358697080553963,obstruction
12960.596494154026,2.1158321300315883,0.9096013528905871,10.559242690270604,obstruction
12965.56816449719,-0.3837745735202556,-0.2736925604682099,9.481601439004192,obstruction
12970.50044490332,-0.31210597338194634,-1.064355208062274,8.743311238809499,obstruction
12975.510652668765,-0.7979958098740345,-2.4595825379946348,7.903575272571183,obstruction
12980.441588491725,0.04756925065137202,-0.31250516321686694,10.256749070832527,obstruction
12985.452950505083,1.406833568664967,2.550596952459449,10.26145608790467,obstruction
12990.41691376506,1.3042537232424776,1.9636576130616672,11.508487937867985,obstruction
12995.51862435064,1.281030840341837,1.1683445017492424,10.664202193587945,obstruction
13000.517177935082,-0.8077847355754291,0.13556871737486256,9.686895392576131,obstruction
13005.561392413918,-1.173050796424741,-1.6437602445555017,8.672558086233348,obstruction
13010.579473658818,-1.5539247707466495,-2.4574456380163126,7.987433330741344,obstruction
13015.591269799696,-1.2071225187487913,-0.10802013135134061,9.47028987165889,obstruction
13020.573773268148,-3.5082735369254454,-2.8797483178009036,6.819288416247994,obstruction
13025.591741337807,1.3177968116788663,1.0149916586863674,11.606641804189337,obstruction
13030.559183381349,0.7151821309520157,-0.2594246486421389,10.815404061225662,obstruction
13035.5704915317,-1.0675234477475566,-1.3722175418459313,8.677892918620811,obstruction
13040.46332463576,-1.4468693264044414,-1.308705218257188,8.561173488496168,obstruction
13045.493545033398,-0.5200661461859487,-0.31477011353803486,9.151855894454142,obstruction
13050.471910560347,0.28457444346993566,0.1279602981413644,9.747716802034068,obstruction
13055.486586024892,0.6681251681470248,0.8582949473229381,10.356010463390572,obstruction
13060.511652898844,0.9080963131078884,1.6576497987684824,10.701341773763536,obstruction
13065.5292706719,1.4953122792815496,0.4523215452319098,9.509388495013607,obstruction
13070.550075604879,-0.8175030381074269,-1.130116889585366,8.70316418098696,obstruction
13075.526986732404,-1.527111617864001,-2.299177753456061,7.979232925269434,obstruction
13080.504371068017,-0.44833044289254437,-0.11061549323361969,8.751101352545293,obstruction
13085.469445424875,0.08092186224373049,-0.3075255930530504,9.75840474179599,obstruction
13090.443403452144,1.399750430790141,0.6355045205703943,10.625510883592195,obstruction
13095.41648949088,-0.15092285313293607,1.1731189464956628,10.783507069151037,obstruction
13100.407359829773,4.499043164814136,3.3908872305491236,13.641601341621794,obstruction
13105.404540217756,-0.4139574876139497,-0.2903233354770164,8.559561915584784,obstruction
13110.457692669883,-1.3439788374681738,-0.663853798826266,8.227653672107735,obstruction
13115.424447988335,-0.6718583340516007,0.7887960580545925,8.220558532100172,obstruction
13120.373852393192,0.6216776908299427,0.7604400792348828,11.899787010639095,obstruction
13125.3804825136,1.364995327215225,0.8337953983031379,10.862466866153701,obstruction
13130.33326362006,0.7304962608909316,1.5974977721216677,11.340219536626732,obstruction
13135.30264157162,-0.041928386806202894,0.007609243415454409,9.562411641600422,obstruction
13140.285868104505,-1.0187621129585958,-0.6942716363615317,8.331576995641251,obstruction
13145.345844480735,-1.3418509540808512,-1.2486854489708124,8.395560605729225,obstruction
13150.277555686149,0.6391387883245179,0.3260631941732947,9.09655538853863,obstruction
13155.20268519069,1.3423688882908715,0.536196318305894,10.096671581177944,obstruction
13160.211592131634,0.7059168830178496,2.6440363142635395,10.7677489170575,obstruction
13165.272494309927,-0.13896912654014004,1.3104037187162878,10.087259135927177,obstruction
13170.332075245171,0.22433263055954172,-0.3825076351202985,10.217313118825182,obstruction
13175.369500401383,-1.2046225456060449,-0.30333826876237835,8.369088817036767,obstruction
13180.365795002032,-1.6423250475159574,-1.3446712660059768,8.195578728671098,obstruction
13185.275109116908,0.11256900056905303,0.4854355870150586,9.455006686262973,obstruction
13190.252652189505,0.46671852595728747,0.7550492620433108,11.179096650512248,obstruction
13195.313415838302,2.649935759528334,1.0052899564264608,10.815410503625879,obstruction
13200.297405338866,-0.44979194225954766,-0.10141176150016046,10.945002266627993,obstruction
13205.329942101023,-1.5855278373938582,-0.34339690608545564,9.538976949084715,obstruction
13210.306814255953,-1.4945324842976446,-0.49799126695460216,8.2165212122751,obstruction
13215.329317733273,-0.681672033267098,-0.79368387354874,9.560439222694328,obstruction
13220.386193053973,2.4541428631469464,1.9323236290554109,10.379028569890956,obstruction
13225.408669104429,1.1377659175586807,1.887609169497357,11.015810439365099,obstruction
13230.463238685912,0.9903533231186027,0.8541457876855659,10.708697926639884,obstruction
13235.533302035014,0.39951055606498337,-0.5226112911719929,9.533767014206827,obstruction
13240.477615961503,-1.7773978641497576,-2.1532286616582974,9.120877516440448,obstruction
13245.495982531746,-1.481770057326789,-2.0574143047465143,8.244273952775751,obstruction
13250.518715096881,-0.3636625824791785,-0.5918482191660752,9.418100649230823,obstruction
13255.538041566242,1.0899191624947118,1.4906930109172243,10.959603766019027,obstruction
13260.458073386848,1.7256147010710245,0.6021789188791635,10.989353120245966,obstruction
13265.410710844493,2.001176253233691,0.6228447366073503,10.932197766702958,obstruction
13270.40649940434,-0.5210669368082614,-0.8546937448260101,10.131279747387817,obstruction
13275.4701589176,-0.7969677242426889,-1.8439942790088142,8.967793459707078,obstruction
13280.534308728114,-0.1841068675303914,-0.5243641955975988,8.681660741395143,obstruction
13285.49509466418,1.0779118740718039,1.2522771509924358,10.610871710641653,obstruction
13290.555105414536,1.1498012764138463,0.7243496310357083,11.076635072777348,obstruction
13295.58218875039,2.1249205311072874,1.4255386249200008,10.877294446568007,obstruction
13300.613824338641,0.6316914689306553,1.0131597409186859,10.85301279679299,obstruction
13305.699206493822,-0.5532821638182679,-0.7532103714311257,9.279283619360529,obstruction
13310.610768714787,-0.900564143506188,-0.8275490283954869,8.528435241376087,obstruction
13315.669210573014,-0.6565345853679163,1.1604895530228578,9.319622173387298,obstruction
13320.686058018888,0.43004120238576604,-0.1930646887656664,10.49470723966107,obstruction
13325.660463117156,1.0412701641013622,2.306219305383755,10.876942942625533,obstruction
13330.624438860526,-0.6095886955342336,0.30069359259557576,10.65262411057957,obstruction
13335.72012223255,-0.9376597124730228,-0.35350044482234994,9.223118879296816,obstruction
13340.771938458518,-1.520476040404907,-1.1178186426962107,8.696276642587305,obstruction
13345.823858990709,-0.35554251507806106,0.028769588346132524,8.155369694701541,obstruction
13350.80232445821,-0.33175471184497873,0.3689390117775959,10.622988777879709,obstruction
13355.836784886025,1.6463390185954994,2.4904147375877317,10.305566123807584,obstruction
13360.790752038072,1.4601286114028549,1.2705994072870346,10.882281298270467,obstruction
13365.750405020144,0.12816417341078862,-1.0907885475115189,10.091306788293,obstruction
13370.758958440778,-0.9805778523664224,-0.15096370056411312,8.642618325684346,obstruction
13375.775565608883,-0.3479572109880692,-1.5216425273613345,8.493865845132241,obstruction
13380.894669832098,-0.9461707357972131,0.5336985238991077,9.252367025970683,obstruction
13385.887228970938,0.11958480837576335,1.0718800971221003,11.163071952207627,obstruction
13390.881431169315,2.0116322031145755,0.8324202966343155,11.284187375534614,obstruction
13395.825429532799,0.3410620804090828,1.2591682199279726,9.961407139718128,obstruction
13400.847586747439,0.2650698619343072,0.0317911277900913,10.115038667125242,obstruction
13405.823004515683,-0.9266097916024938,-1.3895793058381387,8.036158904797837,obstruction
13410.889656890406,-0.880261400659688,-2.1592534180193406,8.73790605561518,obstruction
13415.827612149276,0.004592184028932193,0.5313898411915859,9.374366069587692,obstruction
13420.821828094759,1.5948530437588084,1.6323661056212297,9.884973888398555,obstruction
13425.820143551327,0.9979541398952547,0.439502988743514,10.9473114810122,obstruction
13430.815229428586,0.2663927701774961,0.29981075972348126,10.214943903305208,obstruction
13435.801143798224,-0.005534929199584759,-1.0814443603005748,9.206156919268045,obstruction
13440.90579243118,-2.061429925351786,-1.2515948133703367,7.747270482964864,obstruction
13445.925284111532,-0.6496239057358976,0.1277842116991208,8.623920792041348,obstruction
13450.96448915182,0.44047609786729003,-0.05460898128243763,9.72775520891601,obstruction
13456.023715048637,0.9573321113216093,0.7473674929598213,11.264470795640968,obstruction
13460.951771131417,1.364370334950719,1.2116189989014725,11.196289944083732,obstruction
13465.968945959501,1.111231360009045,0.5361795731394556,9.827618253149474,obstruction
13470.983357643763,-0.6850837345233716,-0.3083446877247365,8.89738986613148,obstruction
13475.986271297572,-1.2216742391727538,-0.9058688673955052,8.252988167225984,obstruction
13480.996897293891,-0.10689037002513724,-1.382177290082632,9.527070963756636,obstruction
13485.990441377548,0.02048594537520254,0.6243568571664466,10.247253776141056,obstruction
13490.977731905892,2.122476828030903,0.7020915495497814,11.059678077485886,obstruction
13495.937335864866,1.2197913693024711,0.7077782971252595,10.711019991680402,obstruction
13500.912564677963,-0.20860289743466867,0.31511982049184,10.60787776474175,obstruction
13505.917844955673,-1.776400829432696,-0.15621770504589738,9.281424796487565,obstruction
13510.92154832578,-0.19552937868950138,-1.9140453514881175,9.391735501069618,obstruction
13515.99030525812,-0.3345967776479386,-0.3228695939081002,9.60286331159963,obstruction
13521.105484426202,1.354386330478287,0.5611089625025616,10.231458334503778,obstruction
13526.179448816478,1.8103745101441504,1.4165527956688804,12.311385323579954,obstruction
13531.250875167401,0.90994689700408,1.1395605718057835,10.808236315120709,obstruction
13536.279094530286,0.0630730182232696,0.052281699500032364,9.247151333074402,obstruction
13541.263985219248,-1.4059698501560152,-1.1945567087633848,9.036967946943825,obstruction
13546.273468265443,-1.0833442750430362,0.6367079078407593,8.686526826256202,obstruction
13551.241618781985,-0.600336807849575,0.3289217898214628,9.84775525937736,obstruction
13556.23234564525,1.5461231645719393,1.9894810671195722,10.82164418506416,obstruction
13561.14474587867,0.4139551862409315,0.46699453671316293,11.580764429161263,obstruction
13566.250481285535,1.3390069405242782,1.3532268824616343,9.829800609842499,obstruction
13571.285480810975,-0.5332825239289627,-1.2529259762007707,8.30503505799171,obstruction
13576.285844093914,-1.5660211361938696,-1.3076062206127301,7.518340153121119,obstruction
13581.28100262352,0.12919336864868047,-0.5328128257995343,9.01839462122027,obstruction
13586.279151530645,1.4463256809833123,0.12674454315866945,10.606592337264871,obstruction
13591.31079053218,1.5831348001551466,1.4582154484705674,11.168498837120435,obstruction
13596.303452824854,-2.8896238616434204,-2.4395768622239022,6.2805158448488285,obstruction
13601.258908910344,0.3298543476113971,0.5775765112160665,9.476945174916885,obstruction
13606.261782019023,-1.5477158767558967,-0.9246844169643753,8.664898573907221,obstruction
13611.274879992337,-0.06318669487292172,-1.1372404981759077,8.119471512023853,obstruction
13616.329014751931,-0.2536995999503449,-0.0037008530709501386,10.505560698053236,obstruction
13621.357529367566,0.6887754955078941,1.4574866861699083,10.342920186492766,obstruction
13626.394690946589,0.3168316780361954,1.4541435396206714,11.120801018105924,obstruction
13631.300488051265,-0.6207453902767874,0.6335478437597227,9.947010833828557,obstruction
13636.298532738801,-0.4337962732053502,-1.08404917074153,9.986107526377529,obstruction
13641.302807635462,-0.47737822181944645,-1.3020718442917667,8.944321506201513,obstruction
13646.339991233928,-0.5953969737671141,0.025619611511289775,7.514864062932627,obstruction
13651.363969343907,-0.48623315992450017,-0.4203531320822506,10.850028225425053,obstruction
13656.35622518048,0.914150417130758,1.5738596104245128,12.689036724669075,obstruction
13661.37229142291,0.958887407259585,1.3094663355914422,11.38291582282893,obstruction
13666.42253046006,-0.6750836462267704,-0.08485922060545506,9.391760705327867,obstruction
13671.400951389784,-1.7409654752266994,-1.2850184743126585,8.854146281480443,obstruction
13676.435398604992,-0.27973516475138116,-1.8476847060742743,8.152950887836699,obstruction
13681.441615749822,-1.2346316043399193,-0.3100283339836062,9.329627161683849,obstruction
13686.42793583421,0.46550462187570874,-0.6482397755302829,10.902425335366859,obstruction
13691.413415986106,1.3382953295970272,0.5202413661638828,11.333023638666745,obstruction
13696.343400291116,-0.1310816785060216,2.0640805148605437,11.074488098170667,obstruction
13701.416616705625,-0.4536614897400341,0.4875199783455457,10.14701608378996,obstruction
13706.411758115517,-0.9637961160071047,-1.0540990315453382,8.670193060965756,obstruction
13711.340886037431,-0.25561846740269156,-0.7835744059213647,8.159419363007263,obstruction
13716.343054376162,-1.282525670540808,0.05917594260848097,9.22630515996389,obstruction
13721.367490802022,1.637423538011452,0.886558014664129,10.866338687055157,obstruction
13726.366261977331,1.6331050030096863,1.2336046616061027,12.49569647522846,obstruction
13731.312675563646,1.2375489543122553,0.8320051589970663,9.739640809962577,obstruction
13736.403221449182,-1.2256485975888793,-0.8343922797301462,9.709866586988449,obstruction
13741.42536497128,-2.464360251294705,-0.33511353400754185,8.497634688876762,obstruction
13746.524450568264,-1.1037892990620062,-1.039573113326133,8.386831104820487,obstruction
13751.455146402546,0.14681351499865175,0.10231101279243203,9.45171146209118,obstruction
13756.35766290841,0.12309515087042444,0.29706882968985826,11.214694399750112,obstruction
13761.385878143683,1.4619141223359315,1.7558041078724362,11.097710521223695,obstruction
13766.412849915467,0.9368114053025021,0.6923032414587684,10.920199033494,obstruction
13771.443117311515,-0.8659240639295718,-1.189351183859443,8.737965728812137,obstruction
13776.488348905947,-0.8383148845163821,-1.2585085079573501,7.747371227962306,obstruction
13781.565378032737,1.0732816938872745,-0.14133610417819742,9.129104546748101,obstruction
13786.653957435821,0.19808160335178782,1.8980351239937983,11.04911256338379,obstruction
13791.612808939175,1.7168809539805985,0.3890872446801742,12.046072257064347,obstruction
13796.547795325308,1.0894564726331224,1.1699217246628837,11.115925638570252,obstruction
13801.583310849239,-0.43574264887972153,-1.222285464302947,9.181348584218135,obstruction
13806.5211386876,-0.80559951499062,-1.7151084463157567,8.124540563860398,obstruction
13811.514143194872,-0.4299655172006629,-0.42604429517510123,8.102118280342856,obstruction
13816.49684558849,0.6444210422668117,0.6074338725269478,9.13924284217181,obstruction
13821.5578583444,0.9443407165007652,1.5054448880087845,11.013015076624692,obstruction
13826.584485097643,2.344723708395037,0.5958240955217651,10.730279607030754,obstruction
13831.64559512438,0.9893187271183939,0.38201953671099764,9.689570152738588,obstruction
13836.673331451744,-1.5523733469638863,-1.57196865829735,8.680219689042772,obstruction
13841.666069575176,-1.5287665866407796,-1.326967847602528,8.080256658431122,obstruction
13846.718947396901,-0.6482933618163191,-0.903232603983709,9.1065711174733,obstruction
13851.741875208269,1.27671374800853,0.4853531176924085,9.812497840027387,obstruction
13856.62981875719,1.2142655871149404,1.5810555070728398,11.80090789494634,obstruction
13861.593549798272,0.727619166418092,1.4767153788496996,11.88647467971417,obstruction
13866.66011282301,0.9766057345331405,0.13662662569494738,10.593196531004418,obstruction
13871.62840180136,-0.6671426641405085,-1.439621114438555,8.966617314863276,obstruction
13876.610990314834,-1.6697797025416734,-0.8577115133091313,8.952046892154891,obstruction
13881.568222197115,-0.09024066178934936,-0.6842389232699895,9.221629834270292,obstruction
13886.555144170414,0.43366750073170657,0.2711096631487879,10.402907909978312,obstruction
13891.444093749624,0.80912684642072,1.7137081598709,11.456793748017189,obstruction
13896.430837754693,0.6513857755260768,0.5227224717878556,10.804833519462353,obstruction
13901.396876329885,0.9931056493120202,0.06092364963856664,10.265938360368786,obstruction
13906.401217827233,-1.624020043619765,-1.4800506136297624,8.503169647841096,obstruction
13911.416356158974,-0.7108222025069839,-2.11447441446863,8.647710188014004,obstruction
13916.495871594954,-0.14526088808231732,0.42216856445810147,8.916553732843022,obstruction
13921.52173213095,1.1613823124099896,0.5311616361372565,11.566670799290431,obstruction
13926.550277900305,0.4269827648224108,0.4440814697163499,11.834607965081132,obstruction
13931.541596548515,1.650137611768904,1.412190414854174,10.602794429413462,obstruction
13936.54717361376,-1.8153695307211353,-0.6984751003608303,8.499954481798003,obstruction
13941.568389132006,-1.1923928271765278,-1.1947938809229046,8.888832075929656,obstruction
13946.538300342629,-1.4167756917952272,0.42476536397056963,8.433278617462683,obstruction
13951.566490015935,0.15783982739002062,-0.4005785671361173,10.205564067997429,obstruction
13956.568833010311,1.6956219229845124,1.471924618042173,11.254185528474354,obstruction
13961.572469586852,0.6496029585862166,1.4457273135082804,11.393572573242116,obstruction
13966.643021833745,0.022540450288717984,-0.16860094437979078,10.729494449425264,obstruction
13971.697822614002,-0.6858026802660732,-0.6374291968156879,8.951447474575938,obstruction
13976.72583646061,-1.5588158451360228,-0.9203874636046215,8.928326528617765,obstruction
13981.6904653755,-0.6942908393066247,-1.150432552084455,8.442318571167348,obstruction
13986.645600242517,0.4648734613876913,0.07562237553738571,10.710651841265246,obstruction
13991.66406930926,-0.23482312117930504,1.86381838706325,11.592163092341426,obstruction
13996.633706622586,1.7480649784550113,1.5071379964644942,11.322717452846879,obstruction
14001.603150950807,-0.7099346630457106,-0.8679571710995008,9.5555025931936,obstruction
14006.597819823519,-1.2110753114528512,-0.9650895793726023,8.32813527750022,obstruction
14011.616374219482,-0.5195896949199827,-1.6031043153613473,8.769274768609057,obstruction
14016.590219230093,-0.22543750405691276,-1.117625457003764,9.353780905502626,obstruction
14021.56449728262,-0.07510741109334007,1.985981187522163,9.893449626159274,obstruction
14026.599148883064,1.691660097798589,0.7977674466290832,11.304250507718463,obstruction
14031.611517129835,0.863585495339741,0.4009581882655444,11.044794213094807,obstruction
14036.57461997632,-1.5613035370708062,0.4002214364960264,8.834676676366621,obstruction
14041.681485620376,-1.4412035721627277,-0.8921691682198054,8.007264660471487,obstruction
14046.59605158034,-1.1812818631153377,-1.274667096652209,8.418606080440556,obstruction
14051.571566762044,1.2837646787663737,-0.197681971110138,10.063522310575074,obstruction
14056.583334621926,1.8053704396006123,0.9869589421643583,12.250588977033189,obstruction
14061.5763325541,1.8963339854478902,0.501083120413597,11.2627691851931,obstruction
14066.585532891759,-0.3529215060742006,-0.517670214801472,10.225816804788748,obstruction
14071.640564698888,-0.29822630447074305,-0.8897835607115864,9.497363059140184,obstruction
14076.62526319051,-1.4818704338731743,-1.9627356104654963,7.755061867234863,obstruction
14081.680739395766,-1.3749881510611024,-1.0926131333123261,9.746570855293983,obstruction
14086.654054245791,0.0738004455527107,-0.0237256119956214,10.203107564742574,obstruction
14091.604024432781,0.9477748491256497,1.2663358610060031,11.251053103521068,obstruction
14096.570134289099,2.0254027323581916,0.3516149404492873,10.65172339312636,obstruction
14101.60082230167,0.25147808921505066,-0.3101844669028826,10.725271559127492,obstruction
14106.505392827456,-1.2083795111702549,-0.17974299639001923,9.08334379548243,obstruction
14111.508014292114,-1.15897355874863,-1.4423531495053405,8.072457531726823,obstruction
14116.575601429467,0.35763898013575784,-1.0394308807271455,9.725587912397252,obstruction
14121.557267610024,1.8499058649496,0.9085331565259268,10.044694514655308,obstruction
14126.524594573593,1.609817280649784,1.4178480840598255,12.007517884419324,obstruction
14131.509070677848,0.5262664744035734,1.5284506880996895,11.896027117878093,obstruction
14136.536319102875,0.2425572235931593,-0.018700929210567513,9.65591307464191,obstruction
14141.61278289447,-1.1132848828567101,-0.8670525449923621,8.658602634760527,obstruction
14146.62720629511,-1.574360453808441,-0.58561830539771,8.674342571078922,obstruction
14151.61856592419,-0.10536588741300698,0.16199713458408987,9.200065624667864,obstruction
14156.626823754976,0.9570545165370656,2.060332517479568,10.448440856255731,obstruction
14161.655637804855,1.5281242129938786,1.2124645583131264,11.395046103924042,obstruction
14166.65080360405,0.3152900275404496,0.6331702879209097,9.847304435342554,obstruction
14171.626214885477,-1.852942138134328,-0.7839645469988697,9.431941965440323,obstruction
14176.61070160325,-0.7476159090141624,-1.393089998867346,8.589280670014233,obstruction
14181.650742142592,0.006860451159243053,-2.3255044034786905,8.550057455494589,obstruction
14186.633148226187,-0.08625994014874902,-1.0382891731919048,10.120071055450252,obstruction
14191.593693329532,1.0588619746054388,0.1835636364501395,10.945793619347631,obstruction
14196.551468717966,0.21040244795290441,0.2645374933396012,10.75084243122032,obstruction
14201.567135938936,0.20465641490778458,0.10727829855472115,10.348784887101203,obstruction
14206.503773730512,-0.32562358857130336,-0.492370958526908,9.208939761640494,obstruction
14211.551053078016,-1.0381658379730987,-0.29971040842049124,8.553510416534408,obstruction
14216.50093740876,-1.8146629204967453,-0.49863423083494596,8.822588136192682,obstruction
14221.567238215941,0.04501631078684032,0.056009864020934996,10.43897133987973,obstruction
14226.583106265254,0.17872323441672422,1.7632144497193303,12.473902915598142,obstruction
14231.548901100025,0.6339749361679727,0.6206952096086632,10.782845189348135,obstruction
14236.544377162516,-0.14721198579910583,0.19394261554693232,10.342579133883483,obstruction
14241.49862207753,-0.3781533781453918,-1.240353526189605,8.356985778752454,obstruction
14246.483996841993,0.13071130004844944,-1.7634189469380832,9.015628079585321,obstruction
14251.458218435133,0.15217835449760542,-0.47070822168831883,9.363627207302368,obstruction
14256.429960240474,0.2237282398471318,0.9138255925509744,10.315944246889881,obstruction
14261.408209310392,1.5668196381216097,0.6903022756255526,11.301115317465285,obstruction
14266.447869004092,0.4463420362015003,1.9230921965812038,11.495549886780266,obstruction
14271.46513847056,-0.387746643435133,-0.3609095074715886,9.821271583746551,obstruction
14276.474166130807,-2.3304431035854254,-1.3029610759483234,8.014579027919078,obstruction
14281.469810635206,-1.5089849785053213,-0.616175554446976,9.150143380006192,obstruction
14286.47184555638,0.7942351471933741,0.5862943914213752,9.750099729618025,obstruction
14291.419450978785,0.46091599148987733,0.7083767680110642,10.392918641394465,obstruction
14296.459048183482,2.057408311924382,0.7458470389341284,11.870138003360509,obstruction
14301.481934799938,2.119045838262601,0.11181426691019147,11.077471948652866,obstruction
14306.442852242888,-0.8664224726670438,-0.523159054965423,8.687845445644292,obstruction
14311.375281276318,-1.1768455901113977,-1.8574821567551019,9.227913843848315,obstruction
14316.442582785921,-0.8398426451410159,-1.87911656069517,8.490077212836963,obstruction
14321.52701911114,1.228947274527267,-0.9960471022076045,10.273593146359305,obstruction
14326.534711728043,1.2433430022000358,1.1756334816028844,11.82193649536739,obstruction
14331.476032784503,1.150076458695949,1.4183445364778624,11.367942534598127,obstruction
14336.436018046892,0.32932219354230435,1.01481526012928,10.426073233991849,obstruction
14341.399069525738,-0.3394106332806808,-0.8078825377996735,8.508449000702221,obstruction
14346.426219318055,-1.373356688698232,-2.965737355761924,7.943643850761212,obstruction
14351.401840562909,0.7226483968023627,0.7332455079185063,9.614134087246285,obstruction
14356.433815943607,-0.1850128583970866,1.0049154479427613,11.914701652107368,obstruction
14361.402580706093,2.425042539768611,1.0885118319938851,11.763120448907152,obstruction
14366.43338689842,1.3162247488487244,1.0591793454331504,10.245618020039856,obstruction
14371.468450283348,-0.21086952972190348,0.8623261126194732,9.76844168299615,obstruction
14376.39516563526,-2.124263825659801,-1.7352327772313698,8.545418875456457,obstruction
14381.42261484213,-0.8310298563313613,-2.402298583667235,9.312584758390463,obstruction
14386.422873109812,-0.24739521633218753,-0.4881481589124893,9.614573984961455,obstruction
14391.456275080118,0.9217553026605331,1.3459618529691935,10.406335780618088,obstruction
14396.458444100545,0.4620516893176889,2.1652545104561485,12.304445453285158,obstruction
14401.426612221052,0.05574042652829325,0.43321795994718165,10.418598198492068,obstruction
14406.462910207565,-0.23102294974090398,-0.0063801007079496985,8.486675219281265,obstruction
14411.52251435551,-1.938200085963493,-1.5155401983036672,8.206977699119827,obstruction
14416.564941574807,0.16747964641083124,-0.7191797913971752,8.3105484969967,obstruction
14421.593409081554,0.7254123385998448,1.193611560038396,10.620424124294226,obstruction
14426.55026448784,1.9230481630781817,0.9633555081100896,11.07803370498909,obstruction
14431.46696105438,1.691636077369548,0.9140204653865366,11.925418407371124,obstruction
14436.443819248965,0.23791716464344223,-0.8888352193024996,9.716473663831982,obstruction
14441.47312977231,0.3744399139447776,-0.4490500745071064,7.733850250147176,obstruction
14446.553657082193,-0.5724788790365339,-0.7995595663888884,7.592164453924917,obstruction
14451.510463967561,-0.6213712244436543,-0.22113271660059147,8.626631840438737,obstruction
14456.519279131975,1.3551727527280766,0.9415844591724696,9.671699439306671,obstruction
14461.486413855366,1.21347581648486,0.9921241197921162,11.931893325814428,obstruction
14466.456741226226,0.8692818410792299,1.125092080737646,11.255336728667194,obstruction
14471.514668551099,-0.03183834385885732,-1.3783130718774599,9.719181306971006,obstruction
14476.517176985844,-1.6825635952147089,-1.1760279613997286,8.869912122791163,obstruction
14481.476610307802,-1.5382798932549115,-0.7873523878214733,9.115065240072266,obstruction
14486.476413543105,0.04799827191957373,-0.5972566774665453,9.667768405121416,obstruction
14491.527022928492,0.489463233229087,-0.40563084151109197,10.617654787584662,obstruction
14496.527997343695,2.528617728026716,1.10653532269518,11.334368323793825,obstruction
14501.442902070929,0.1521948006537157,1.4865982289100863,10.352338925575324,obstruction
14506.451576785863,0.8749072679349565,-1.121010069949336,9.61087152371121,obstruction
14511.450208925766,-1.608815996214962,-1.4197393391159039,7.685094238786747,obstruction
14516.430024168812,-0.8993088068674756,-0.7645703287612715,8.651629199132026,obstruction
14521.479003859566,0.2428358841771086,1.1577990252645358,9.99369276786026,obstruction
14526.441452506915,0.6296967491803354,1.6711342412594963,11.168402859392119,obstruction
14531.428642379824,2.3505874191750085,0.7890770169569046,11.290345503620568,obstruction
14536.422915021234,0.9020512847027018,-0.33240764985259874,10.421239316892223,obstruction
14541.496107242569,-0.3919054938015605,0.23400674450478365,9.505431973709488,obstruction
14546.392870853006,-1.42004852416264,-0.29230718669599076,8.907491925080633,obstruction
14551.316500257815,-0.047289444350096854,-1.1730051268238273,9.229685807747574,obstruction
14556.309424490315,0.4502169014512689,-0.5304688978596734,10.37776787284715,obstruction
14561.32466002129,0.4547202177656894,1.45793336997645,11.30862881686883,obstruction
14566.329066999382,1.1277332081036744,0.7219915588365917,11.755509719670801,obstruction
14571.264186250452,-1.0126187090078334,0.6824191867114071,9.38529772576204,obstruction
14576.313866230588,-0.577511055130318,-1.0168079474724345,7.893042345287706,obstruction
14581.32414674394,-1.4310861147823402,-0.12635039740710674,8.241068921536478,obstruction
14586.305306035096,-0.942995691283635,-0.12258254816051062,9.762505109523866,obstruction
14591.155435817996,0.5118961234318082,0.07226156000851047,10.060055570011167,obstruction
14596.180835262547,1.7004615977015756,0.7500131855201964,11.483248260362844,obstruction
14601.09138791901,1.6221736762812626,-0.11421506702367357,10.535204517193932,obstruction
14606.08172063727,-0.37130579461394975,-1.2237753437453878,9.430918244658002,obstruction
14611.044662381377,-0.4018652806392996,-0.5375261384385687,8.658500126828095,obstruction
14616.044328890765,-1.4107066952752956,-1.6304534890341693,8.956070334075507,obstruction
14620.940655105005,-1.2642406347860289,0.6091747125900651,9.141937095117626,obstruction
14625.994541438136,1.3757404165655813,0.8969150262173377,10.292476681416916,obstruction
14631.007086590285,0.7244685406518951,1.683308342314521,11.173722683581186,obstruction
14636.008824975917,1.3416230972158014,-0.7728342360168639,10.85603648267368,obstruction
14641.03586961514,0.6731269088660077,-0.406386166367526,8.324835181233485,obstruction
14646.033060619595,-2.2967809754889874,-1.0533264347883475,7.687323681780738,obstruction
14651.066962186287,-0.6154265812269819,-1.195285526766699,8.43373825172583,obstruction
14656.024426636404,-0.20890889676506463,0.20767228247435238,9.58062324434459,obstruction
14661.073676447597,1.1730642688716302,-0.1161556653778808,10.796008886963206,obstruction
14666.020038909393,1.8731017837410924,1.4439424900840885,11.452775129587275,obstruction
14670.991197395184,0.6331254571528533,0.565695796370209,9.643701955199486,obstruction
14675.93783779896,-0.3995946677159312,-1.538141920868503,8.048374613231355,obstruction
14680.987253422558,-0.7472934147711772,-2.0697638894083927,8.207138058044826,obstruction
14685.955730841732,-0.27764244716789466,-1.4423206917931255,8.366294257547223,obstruction
14691.025507630722,1.4378772827211408,0.6287016079776089,9.888814269184648,obstruction
14695.998493109535,-0.49862263652915884,1.6123112083244657,11.492875818667285,obstruction
14700.964293184006,-2.870085439367519,-2.725071764482806,6.006423231442456,obstruction
14706.002592632556,-4.076585210058868,-4.72970866303457,5.8843584354873855,obstruction
14711.016674528646,-0.9129275610915091,-0.5988304307026822,9.43881508018046,obstruction
14716.050545572414,-2.133008003148729,-1.8163474811161682,8.741850511608588,obstruction
14721.030202321012,-0.14252165965277458,-0.4143442180988341,8.72087880280765,obstruction
14726.045369750684,0.37269129441494775,-0.008569811083741108,10.585233755690659,obstruction
14731.055323293449,2.125467287378826,0.5265873497703956,11.119297434301618,obstruction
14736.019187226566,0.48334805320191765,-0.08667416099272329,11.751651929002366,obstruction
14741.066634470455,-0.8607324517392878,-0.932549319084368,9.935538058336505,obstruction
14746.026314692432,-1.5092532194091706,-0.35779367691208364,8.822882236626091,obstruction
14751.024703957446,-1.3445591369931778,0.03142283240180821,8.22691006520008,obstruction
14756.045999420074,-0.867805130794048,1.2754320739090068,9.233057761124975,obstruction
14760.980776713866,0.7448721537887026,-0.2277884982892191,10.867855571280824,obstruction
14766.015681322786,1.3866109574583725,1.1195767848056646,11.186834845785098,obstruction
14771.051806261163,0.8809126663827243,0.7629359656845051,10.513103248277831,obstruction
14776.073881207307,0.739738501401501,0.5112046153240408,9.470676145177698,obstruction
14781.08224908731,-1.5602033712483918,-1.799940970660865,8.611443256702321,obstruction
14786.132299139172,-0.8868327672424193,-0.464298916142581,8.1145729519271,obstruction
14791.204508054667,1.067670630926552,-0.26847419982602,8.832566963073683,obstruction
14796.252475913694,-0.1027715868671667,1.5915175330070375,11.193323176005839,obstruction
14801.228064187117,0.3740024059128456,1.138105355770635,11.438192011985656,obstruction
14806.261145235858,-0.9731571810330794,1.435511350943709,11.228638779645825,obstruction
14811.227837245964,-0.4033980080014667,-0.16975462742024866,9.135854825148435,obstruction
14816.246228704167,-2.226894950469486,-1.0984264213932933,7.7215226122603005,obstruction
14821.26184041893,0.26012978868781245,-1.4485419760071656,9.51227783052442,obstruction
14826.292558939735,0.08577738685301894,0.7599824142192614,9.217949487053396,obstruction
14831.333761085158,0.9244572134213134,1.7325826822463966,10.745703656463148,obstruction
14836.338249990355,0.906547372516494,-0.24261699031016315,10.48619205294762,obstruction
14841.352647574227,1.4023064415215425,0.510898532555621,9.529993638326895,obstruction
14846.409366439697,-1.192577960316115,-0.749450131597903,8.36020335869107,obstruction
14851.47917307809,-1.1305237922816889,0.04137404921134169,8.509271547366964,obstruction
14856.453437440185,0.5423869728448358,-0.6688447505371128,9.869522974134274,obstruction
14861.442731148098,0.6743831562077368,-0.2362088498914081,11.261359959305922,obstruction
14866.443682545725,1.0858860766714789,0.14005297942749784,10.857851183972384,obstruction
14871.453452272535,1.1504520388778499,0.8483432780835904,9.747371803520668,obstruction
14876.486650984405,0.19004727401908128,-0.42325359159473835,9.443007220574573,obstruction
14881.493583864154,-0.905566678169587,-1.244514229449019,7.616995734029597,obstruction
14886.536591773332,-0.5597429012160764,-1.3451655530885256,8.295515842169513,obstruction
14891.5692867828,0.30189541558356614,-0.9659310674151738,9.483838959861703,obstruction
14896.596527955242,0.7079366420107902,1.4146594064124987,11.286198007742488,obstruction
14901.626593612922,0.9905121013123965,-0.15775346183279293,10.685267064488723,obstruction
14906.6277794041,1.2603818104794573,-0.156682249981212,9.566718311893327,obstruction
14911.65129540904,-0.47424353803428093,-0.23237753553311158,9.131188372292973,obstruction
14916.727098578578,-0.9290771759922979,-0.8961392479753791,8.547336865812419,obstruction
14921.722799372646,-0.3946272831826936,0.3490346687088378,8.994839228338646,obstruction
14926.755198312103,0.8602825875212947,1.637760754593514,10.287260598899241,obstruction
14931.787613838884,1.126252044495745,1.9230537090825535,11.786395812617368,obstruction
14936.777763441945,1.667475926576191,1.891679689635685,9.941391218050745,obstruction
14941.82592017762,-0.5017013862719721,-0.03248248850846719,9.040752245663503,obstruction
14946.844184459693,-1.1321357335602547,0.0679373922518891,8.724261074885986,obstruction
14951.72419977972,-0.9992350048846783,-0.7269097455379534,8.877100847767093,obstruction
14956.70401132418,0.07340930629488726,1.1384498771589782,10.221834610105327,obstruction
14961.652652139976,1.338426263985839,0.43845729878282813,10.815098005289991,obstruction
14966.742275749117,0.07373457678604445,0.5188683220077531,10.61113549465796,obstruction
14971.752959385123,0.1275886262865933,-0.36760837852783457,10.204888163490368,obstruction
14976.698615294717,-0.2107485329725341,-0.6815341392698804,9.76496687799721,obstruction
14981.690315182763,-0.5912323530769001,-0.9543674090704769,8.387692509516167,obstruction
14986.736237474786,2.7453917074575904,3.9485243666399015,12.951740521740208,obstruction
14991.761376374234,-0.6465126908746848,0.1385017021873477,9.820000543906733,obstruction
14996.773617611929,1.091621356918937,0.07908780988431852,11.217569879046808,obstruction
15001.773651433034,1.5788853707631878,1.5916328497259082,10.592738912496529,obstruction
15006.737290002478,-0.5184291375237591,-0.31794269588966095,10.588875909855751,obstruction
15011.755008897046,-0.8621291193569827,-0.07390040870015491,9.008066136836993,obstruction
15016.727990251413,-0.9209924915091569,-1.6534959262911915,7.875454436403741,obstruction
15021.681387245279,-0.4430612513948655,-0.301143473643998,8.615989364377464,obstruction
15026.670094653617,1.0106431308444792,0.24020174823255758,10.436757273107638,obstruction
15031.74541306643,1.805461867250794,2.0036527791289993,11.914327616857829,obstruction
15036.669707473726,1.3647072958387008,1.1253641027479058,9.861536078304027,obstruction
15041.738301021138,-0.861618839104299,0.4432163676132783,9.344099455571252,obstruction
15046.73000886724,-1.032203108184934,-1.2831917227464693,8.649395292205268,obstruction
15051.647769509871,-0.43821652906719033,-0.862799595811326,9.403344062452724,obstruction
15056.622433315912,0.47424559367517843,-0.3988310120296283,8.383325359006673,obstruction
15061.51811591015,0.17798816370736603,0.34431076646635667,10.763324575666585,obstruction
15066.535963426744,1.1628837752981955,0.33042406018907144,10.542654227548953,obstruction
15071.484754628429,1.5297493921596788,1.8150879068959522,11.179197922179444,obstruction
15076.49930974392,-0.2851443576855227,-0.08740913837305778,9.124080332199787,obstruction
15081.450445503637,-1.0279965641980084,-1.0574072350719717,8.499407932452266,obstruction
15086.461850698015,-0.7461953341128351,-0.9542526374110347,8.321444683129858,obstruction
15091.426685421122,-0.6956685346873928,0.11140459311490368,9.277291527069238,obstruction
15096.400681912644,0.8769599103122263,0.3313030063391962,11.22154898127577,obstruction
15101.365162181495,1.452443640321048,1.922680208284652,12.20123693600907,obstruction
15106.29155479187,1.753274365084435,0.5613047086186919,9.413280567629851,obstruction
15111.297686098373,-0.6960794934044195,-0.4999073735893632,8.481846555614677,obstruction
15116.335929957975,-0.5925443407742929,-1.66178898077824,8.71455560155241,obstruction
15121.320565485594,-0.4603899816801639,0.11678698332699744,8.523228797470198,obstruction
15126.284111692526,0.9338146171907318,0.0754596965043876,9.819151594643088,obstruction
15131.291685251274,1.091347152919992,0.5395633441537727,11.544158846009665,obstruction
15136.25936829617,1.6735856593049452,0.9270285812891668,11.05104117483579,obstruction
15141.300311245388,-0.26607372114543826,-0.11880058299116439,10.089501816864244,obstruction
15146.319450884517,-0.6036432157843035,-0.606356427776515,8.495336318518497,obstruction
15151.362978059962,-1.0461605671103789,-1.5828189331767766,9.43559703098958,obstruction
15156.344472220837,-1.38292170679655,-1.0086387559477117,8.322675383181565,obstruction
15161.308856664977,0.8172161538944809,0.8352422295640591,10.073388424564287,obstruction
15166.24609955201,0.8177975972684801,0.33715479192883435,11.991353272211175,obstruction
15171.3079202703,1.1473104233551012,1.398521340073343,11.091623018375463,obstruction
15176.341437611329,-0.4668630255716768,0.3309717716230925,9.892903043177844,obstruction
15181.334999366542,0.10985977917822698,-1.516129101785631,8.438540500571065,obstruction
15186.279680474052,-0.061295698352258565,-0.6126591096221441,8.23592332330884,obstruction
15191.237376989073,0.23106261859724408,-0.6968564382820881,8.565531212327421,obstruction
15196.166106015384,0.9519912783435581,-4.914655361110132e-05,11.659812612342714,obstruction
15201.107653828223,1.0566832924012544,1.5715347839458973,11.45649010371977,obstruction
15206.133011357984,0.4690631468426258,0.6309367221929572,10.30855615608021,obstruction
15211.150732889011,-0.5348547332657883,-0.8146585669833987,9.245066406602795,obstruction
15216.161348283933,-2.635875487455389,-0.5181929349589688,9.026627480223663,obstruction
15221.151415799763,-0.6709405619448136,-1.8533599967580545,8.483126781638987,obstruction
15226.213485894574,0.9526793568837761,-0.8680905939665041,10.136530970577008,obstruction
15231.2180487556,1.4197593707059046,1.4303300688741651,11.691056826045214,obstruction
15236.199900032025,1.7692251842192366,0.9421295098413421,10.436533443655355,obstruction
15241.224830265348,-0.6682840989933634,-0.2664768667420616,10.005178841791604,obstruction
15246.231616516701,-1.0464456763939014,-2.2811043129739055,8.782288113468407,obstruction
15251.324767012817,-1.2070871643528833,-2.709174542693446,8.67560821979033,obstruction
15256.311151476586,-0.6844914872587984,0.14933334730232672,9.178898005070803,obstruction
15261.264364537674,0.66643914881547,-0.011247302224910882,10.201090375868315,obstruction
15266.220544316173,1.3187416295451162,0.9167034259037304,10.585949884384485,obstruction
15271.249473903508,1.806911183752275,0.36145324259626466,11.461985814757066,obstruction
15276.233796153008,0.020283662554477895,0.18987334623542124,10.13846735973809,obstruction
15281.229448586831,-1.9106368860166756,-1.653927529293541,9.099841237207656,obstruction
15286.188682450695,-2.1205088151057705,-0.8691293510780141,8.753540871015877,obstruction
15291.15270100928,-1.092783419791139,-0.7652542275540489,9.310746337823836,obstruction
15296.12644634137,1.1774849564268606,0.27201053748289117,11.578265530263959,obstruction
15301.054935622826,1.655833259924149,0.3681374171291778,11.265791132617144,obstruction
15306.062198234024,0.06933552802109588,0.7730921482864614,11.324066683126013,obstruction
15311.123312474472,0.6513343687520552,-1.6173490185379917,9.558766707199261,obstruction
15315.993182860711,-0.6942242326065924,-0.9240143602896811,8.35084842823395,obstruction
15321.040899551956,-1.067638045885621,-0.1498575725501714,8.933734663466973,obstruction
15326.10777638671,0.22894161524804768,0.035405117802042974,10.76064484785564,obstruction
15331.081279674258,0.6893581903115691,1.0812273405174047,10.590030447956476,obstruction
15336.032512024465,1.2820164333868016,0.4533698036734206,10.271134867836295,obstruction
15341.007114900343,-0.08800509626408093,-0.1546093618450174,10.03157513966885,obstruction
15346.067892845536,-0.16316535525540887,-1.2478909023625302,8.530059359898305,obstruction
15351.067743468595,-2.1085038538513765,-1.5483935267666287,8.256561018753509,obstruction
15356.00738560955,-0.38573359613001434,0.24769179044452985,9.778229060871382,obstruction
15361.071589561325,1.3244048605927135,0.4383395093004491,11.735329046002116,obstruction
15366.074534823594,1.908565187488771,2.04302515291643,10.683504915633371,obstruction
15371.03787621853,0.7736054413448988,0.5805220268316248,10.42587237448785,obstruction
15376.136095070902,-0.23773305640928713,-0.8418454008319638,8.584549897696585,obstruction
15381.221113658534,-1.0444790171290035,-2.0716544314983247,8.094778114564184,obstruction
15386.177195188104,-0.1412352762418786,0.130234934940609,8.755922373711837,obstruction
15391.147578573498,0.1758328282150335,1.058048292752843,10.211148216127466,obstruction
15396.137456044971,1.419618292379649,1.2145085272733114,11.243023201554447,obstruction
15401.124326749718,1.1354767240720265,1.8777480879885047,10.709961430379545,obstruction
15406.065485295285,-0.08002032505801532,-0.05697975841397035,9.77135513161664,obstruction
15411.030351934527,-0.8436982944200828,-0.801448216287256,8.732227355383726,obstruction
15416.05445876533,-1.3818084969767122,-0.9908423321078423,8.3579070135986,obstruction
15420.928874270783,0.03488835683184299,-0.48199193565384507,9.802198310014614,obstruction
15425.910217068404,1.0933984323106283,-0.13258027276980022,9.784662534952282,obstruction
15430.967275871712,1.1545074237975623,0.5972731655829202,11.358640546513083,obstruction
15435.947776661078,1.1862972539208683,-0.07769998664203037,11.394725199899675,obstruction
15440.928910123523,0.24895483694964243,-0.3267518407490694,8.848246051133444,obstruction
15446.027786003207,-1.3378562069406539,-0.9203035091388372,9.272590336232833,obstruction
15451.01430161976,-0.6424909329862696,-2.3597089984306434,8.979374770406487,obstruction
15455.997255131435,-0.21954665801912743,-0.37424096267374296,10.09678831363497,obstruction
15460.981542404257,1.5084184084104257,1.4157862195969426,11.1719556496216,obstruction
15466.006424964646,1.3460803836006425,1.2108151412318642,11.499913485270826,obstruction
15470.953541884704,0.4210688523758721,0.660493016436136,9.675939171268492,obstruction
15475.952410414046,4.4323035721098885,1.809971898951056,13.328431347204296,obstruction
15480.97962025456,-1.282257889005661,-0.7479654108573206,8.310472090623852,obstruction
15485.91941603138,-1.3388485391215368,-1.6458295350322465,9.346724711424471,obstruction
15490.890791649186,0.03337109459736762,0.6094064709383407,10.563984460977135,obstruction
15495.947160854861,0.9542817024578609,0.16391010662783512,11.382963472451957,obstruction
15500.897659914324,2.6519667920480297,2.0084284441731164,10.725745686317712,obstruction
15505.911647877369,0.9989420565027851,-0.10940296792357468,9.394582668885814,obstruction
15510.805483630114,-0.7557301643516465,-1.1247079196488041,7.099486661572544,obstruction
15515.864784433485,-1.591067483886107,-0.539181546451033,8.371500976188823,obstruction
15520.8378161427,-0.13471121999787816,-0.3614915905166138,9.217088549337614,obstruction
15525.852970429058,0.7356724315718026,1.0707748265029988,10.223628296825597,obstruction
15530.853115866745,1.683098394510762,1.0552622470807838,11.454262854519321,obstruction
15535.901369667468,0.8804508472757112,1.171810922544698,10.49389940266961,obstruction
15540.907996336924,0.5183944580820066,0.029997183778633918,10.295247251317598,obstruction
15545.841168243554,-1.1311896860217674,-1.6277584138006957,8.448507299532194,obstruction
15550.786968854156,-0.7884047343196441,-2.3078246121127295,8.871190696657239,obstruction
15555.88443128296,-0.4131648927560499,0.3088797921806049,8.834966006498714,obstruction
15560.85570069403,1.2907038459163889,0.610122083526428,10.469765350733148,obstruction
15565.91504082375,0.5654854616118203,1.3054911448927837,12.227305049479938,obstruction
15570.902896203648,-0.46724521702868166,2.008945690565131,10.424008871980108,obstruction
15575.881423840718,-1.8166277094683663,-0.6594792060557361,8.589088088703528,obstruction
15580.819864423833,-0.8502697806112298,-1.7907513770452037,9.030394699638522,obstruction
15585.831885438629,-0.4745649382522288,-1.1899590066069083,9.932752922073197,obstruction
15590.822436072296,0.07680506269994575,0.612903297746074,10.272787916250484,obstruction
15595.805931855732,0.8884821280515601,0.6856441425158779,11.44998386528855,obstruction
15600.767054609869,0.2929433253301925,1.057493816139353,11.1863769649004,obstruction
15605.778167303906,-0.7254458507297754,0.3903117688688174,9.388748945649919,obstruction
15610.81510452721,-1.573976823782015,-1.2799120761936287,9.249866702243102,obstruction
15615.922861373625,-1.763563213787128,-1.787053765358325,8.859160326325254,obstruction
15620.960920766205,-0.7685605622036715,0.3694422910075446,9.914856634919685,obstruction
15626.030555627976,1.1625373796561567,0.620432852713537,9.76696055400744,obstruction
15631.05293034288,1.1963877635436733,0.6351348614580257,11.280457747736651,obstruction
15636.001562339861,-0.11759192293388143,0.47865023940464624,10.780663068708925,obstruction
15641.042892088302,0.2968159692077281,-1.7313109182638757,8.710889069532517,obstruction
15646.045860638123,-1.5374191737244511,-0.6646917932859167,7.7962444103721555,obstruction
15651.067912870196,-1.7204494849586713,-1.255088085465264,9.413878110338349,obstruction
15656.107604775694,-0.9392520434574572,-0.20808534222707195,9.532657987632437,obstruction
15661.147808461614,1.0863969466905246,1.6207935905296011,11.300827961982137,obstruction
15666.145636569616,0.46192484069331596,0.07289446952231782,10.800398596651597,obstruction
15671.156450464,0.5212762303657952,-0.17118978444871794,9.866206911593647,obstruction
15676.204338931322,-0.04726019213141097,-0.4897021970156034,8.750421788611947,obstruction
15681.19988317347,-1.9449943501462994,-0.2218328731194773,8.089236670862997,obstruction
15686.178650278523,-1.0366905392017827,-0.9087954523863871,8.854858802944776,obstruction
15691.15047679948,1.1097257642617235,-0.0871057896876361,10.26912947201248,obstruction
15696.212548353855,1.9809490352603687,1.0741242510139675,11.185202484392619,obstruction
15701.206140176819,0.301542712632214,0.9278576638373787,10.829511147346475,obstruction
15706.165879316504,0.9470567755519442,-0.7256830332604587,9.253064514401244,obstruction
15711.157030077293,-0.9836405545893301,-0.9910297873076137,8.628525867678347,obstruction
15716.16414226491,-1.1786464448900698,-1.3040401756685445,8.107719137059082,obstruction
15721.211246125324,-0.5229659038397472,-0.7011690852042307,9.141216912786662,obstruction
15726.162692984994,1.1277803991569582,0.6476698642396538,10.19669247599618,obstruction
15731.175566513484,0.6384794972902347,1.15223309839591,12.9839791542637,obstruction
15736.180946538596,1.7266824176968951,0.12733499884274901,10.820195459875057,obstruction
15741.12432911045,-0.6796745790877303,-0.7501427211714528,10.212225864413464,obstruction
15746.194578331968,-1.564977736557027,-1.023892672088484,7.8179739897403415,obstruction
15751.161755954197,-0.8896003390347087,-0.913863387831282,8.718105253558932,obstruction
15756.271374166163,0.04292811344806935,-0.00041661490434108384,10.201390278962755,obstruction
15761.3543269574,0.4479304423514347,0.7270471910621401,11.324680956689974,obstruction
15766.314712481346,0.45368771904271754,1.368873098998535,11.282125115767617,obstruction
15771.274842246976,1.2952867643351924,0.38856764227078183,11.27573854621122,obstruction
15776.242121974119,-0.5130445894096829,-0.8410960634733295,9.443377746308627,obstruction
15781.19215459833,-1.865196785347166,-1.511051794523284,8.931224799062111,obstruction
15786.128780994524,-0.9588563630657868,-2.3101500437470857,8.606045628508264,obstruction
15791.202869321009,-0.09932476858301036,1.0041669045642836,10.218567205327457,obstruction
15796.302341118051,1.2963514273183034,1.3749441814944887,10.549812951670198,obstruction
15801.207777004522,1.3379127544132694,1.1367025774891804,11.161834691351835,obstruction
15806.228988136088,1.8106186284146193,0.69716150359345,10.215586461282003,obstruction
15811.252630641933,-0.35908750325840877,-0.7020175853380193,8.231938667341767,obstruction
15816.287333785827,-1.1516765935231061,-0.03721402340910518,8.354207525119799,obstruction
15821.29007594176,-1.0280159617756925,-0.3627852800653988,8.606301048952893,obstruction
15826.26168042054,0.29344282217173734,0.01836750271580706,9.281778471913118,obstruction
15831.201024767954,0.5606554723463155,0.4780362875544265,10.698914601323603,obstruction
15836.269203986145,1.039023021523161,-0.7268766718980371,10.680661617038217,obstruction
15841.267198173578,0.3193735700831341,-0.6818942763331035,9.975289767700952,obstruction
15846.2075003295,-1.7931025233152662,-1.5735985486010544,8.536862762521205,obstruction
15851.132724517964,-0.34035000540119575,-1.6591219213427055,8.312821471013521,obstruction
15856.173484980485,0.7072135027183543,-1.1599135783450225,10.063614668952942,obstruction
15861.138376672026,1.2667366622953806,1.1940286183553737,10.455618734037477,obstruction
15866.21434302963,1.9571462037332672,1.5939492080094186,11.46819347770099,obstruction
15871.241316418582,0.8925322567615541,0.9485088082602711,10.713854444306124,obstruction
15876.381578200193,-0.8345631368332638,-1.369682832075441,8.585708694167266,obstruction
15881.374425422691,-1.0718848213110246,-1.348518595675849,7.625690546601506,obstruction
15886.363861554017,0.4354841831736511,-1.3400342683932365,8.366971958293432,obstruction
15891.321250525374,0.20907057780788071,0.6130691454565256,9.91256937402998,obstruction
15896.269761331292,0.9484175561519466,0.668183851633755,12.08450605543616,obstruction
15901.328267956547,1.1214654216697821,0.08974080269552576,11.719832841978072,obstruction
15906.347915530181,0.5042732338063716,0.567155866486645,10.200775897258136,obstruction
15911.42025262838,-0.47916786801830696,-1.016033175617057,8.572339749255203,obstruction
15916.355949799106,-1.6355545309195412,-0.7080887829121558,8.642032313151043,obstruction
15921.360807813719,-1.1787283262622057,-1.6252405650365618,8.174885537806816,obstruction
15926.316228912821,1.3346481598542785,0.0038888277799528637,10.076484427678437,obstruction
15931.36764027888,1.5493121355687225,1.1149594196492871,11.806518146773543,obstruction
15936.40068224659,0.10475966848414187,-0.25073324791224205,10.987380207442946,obstruction
15941.393767733609,0.6482465762423676,-0.048744378249409366,9.259052715653684,obstruction
15946.412742557426,-0.08138792063395106,-1.6299133928222462,8.476170836249532,obstruction
15951.402439541755,-1.750414148636918,-0.9906841465998891,7.957460163373463,obstruction
15956.313546362357,-0.23362630816544694,0.8098265874856623,9.918462649793875,obstruction
15961.205180609026,1.0066495606379433,1.0936568890424725,10.748915775675307,obstruction
15966.165593450238,2.4098790309929483,1.0196072044833726,11.054326555742456,obstruction
15971.222032702937,0.3510989955164618,-0.559280778746781,10.523356198269779,obstruction
15976.147372588863,-0.7661266311057693,-0.7215543451525266,10.312028077874203,obstruction
15981.094830629629,-1.2840360086475702,-0.2063324714894068,7.37316094026366,obstruction
15986.056946703526,-1.1219611434164771,-0.6488319973978873,8.538232664202265,obstruction
15991.031239273938,0.226874334803076,-0.050300922045486376,10.38708914595149,obstruction
15996.00576640559,0.45218145019107103,1.5545471570235374,10.677340438782128,obstruction
16001.005724639717,1.8074596838322101,1.493267092093924,11.733182109741634,obstruction
16005.957421378962,-0.17694561370942785,0.8754656284189646,9.796853600971984,obstruction
16010.93947602654,0.18520302213644724,-1.0540021505217634,8.323079956436533,obstruction
16015.917679372884,-1.76427991599371,-1.7843345528980992,7.900727339210896,obstruction
16020.984450895376,-0.5204481953304957,-0.9420845564665193,7.834669533410493,obstruction
16025.960719975788,0.30253373196089967,-1.156768004952934,10.18864576666125,obstruction
16030.980417085015,0.7278091550822622,0.8100643651178532,10.972267338584508,obstruction
16036.005620226813,0.04800780521899384,0.9875085168402198,11.536187750631347,obstruction
16040.918999419258,-3.244603097771412,-2.6364100102005184,6.470732507922576,obstruction
16045.90181003028,-0.34280733542955777,0.21487582910982317,8.95562941086626,obstruction
16050.846624074104,-2.0025123975183874,-0.623895055607522,7.892274849894946,obstruction
16055.846687926114,-1.3868335556016187,-0.6401730473503953,9.036980885438343,obstruction
16060.893830087025,-0.04157748805267747,0.6112481304498842,11.164484159389623,obstruction
16065.883084799027,1.475721224532532,1.2632335330598983,11.634619833940349,obstruction
16070.83565196759,0.8895883704022193,1.074948291355358,10.619443003162434,obstruction
16075.884307468683,0.4995641771996391,-1.140024683554278,9.297902925888407,obstruction
16080.911432330051,-1.0366305505727342,-0.5094151628442343,9.069173435911281,obstruction
16085.839395737963,-2.112273989566661,-0.2925899687146333,8.92124648582578,obstruction
16090.88221584209,-0.8523892863578078,1.4325065276394497,9.010298737457735,obstruction
16095.845040921668,2.2487655290950874,0.08405761701291803,10.4720476800298,obstruction
16100.895663098345,1.067448753619275,1.183175996648126,11.08634305181172,obstruction
16105.89909177927,0.8315359842403562,2.0127402924358258,10.946591614526492,obstruction
16110.895034433837,-0.05609441323535111,0.12426396589666214,9.388053187806976,obstruction
16115.90650082676,-2.445840310469248,-0.322087712515605,7.728474426347309,obstruction
16120.938041794769,-0.9878354104548646,-0.9611606260903811,7.736103781355794,obstruction
16125.915486298933,0.10876129969815485,-1.1557895714415487,10.009820847197156,obstruction
16130.954066117898,-0.011261635582797469,1.927971046272536,11.064248932275598,obstruction
16135.96307961756,0.6887970366057796,1.2880194123886453,11.477337408393897,obstruction
16140.981126685336,1.566708943870655,0.3340692776853909,10.82485743834655,obstruction
16146.01964067959,-0.03064546879529506,-1.2970047795029713,8.791249823713251,obstruction
16151.016018586457,-0.2388759636281237,-1.255627421970809,7.624080876875625,obstruction
16156.01404703949,-0.9890447548272139,-0.1424601293403981,9.246019215052488,obstruction
16161.056067623502,0.2018907425556722,-0.524313949580148,10.453996494147148,obstruction
16165.9759127751,1.0948873044053626,0.448354914293708,11.266256126647447,obstruction
16170.96637348734,1.454612872939176,2.142459928307657,11.060521087785837,obstruction
16175.863468340707,0.6727561986837451,-0.08220533165782969,9.453541913871558,obstruction
16180.95608523159,-1.1878114025953086,-1.1531241990647216,7.82148215450392,obstruction
16185.906106217995,-5.6888193374362315,-4.609851805810633,3.960103573326198,obstruction
16190.903391565282,-0.9598043301879612,-0.8654176655859627,9.459244383418108,obstruction
16195.864114165219,0.34524346392897465,-0.00010926746324224634,10.091894184525598,obstruction
16200.772269890593,1.020650703576684,0.6616651682585741,11.299276876188406,obstruction
16205.780651847985,1.2874286179643324,1.488388473809752,10.628587134997302,obstruction
16210.842919225755,0.2759886754379355,-0.040947641863602835,9.022572124522915,obstruction
16215.850195858899,-1.4416017662090352,-1.0533073954473529,7.866348449003017,obstruction
16220.869279355898,-2.026773026475908,-0.11500200132226479,8.251674363186423,obstruction
16225.826692371002,0.604546732542946,0.17475550805564818,9.56310954395403,obstruction
16230.69652033319,1.055806563787558,1.7006709370683792,10.264614580320941,obstruction
16235.74608753934,0.14231245815271287,1.3572620876814654,10.829887226401542,obstruction
16240.677820029685,0.7466486716753933,0.2617014742328458,10.843256882463747,obstruction
16245.746539133495,-0.7948277555198222,-0.48860274810206017,9.232482538989355,obstruction
16250.683492486814,-1.2370190711213667,-1.4468696300946993,9.091905843646048,obstruction
16255.646373688069,-0.6216379440843561,-1.0337818637155718,7.724076095252578,obstruction
16260.675949066688,-0.5531451900695971,-0.7586533967404281,9.104819378694751,obstruction
16265.748851505175,1.417076342019528,1.6782851670572438,11.486580673230119,obstruction
16270.769093288805,1.1188255018150752,1.0630360536451229,10.653635262775678,obstruction
16275.763915616448,0.1733216968655525,-0.10673507609268407,10.252731938423645,obstruction
16280.790716340387,-1.2923280905595518,-1.6158561490835497,8.514993681018519,obstruction
16285.92553766245,-1.5406514961068614,-1.4206936126304024,8.230215467046058,obstruction
16290.90027387566,-1.1124574837729022,-0.5758359993077036,8.257332765155235,obstruction
16295.899278422428,0.15743216244627534,-0.15022832697681204,10.671178829421342,obstruction
16300.843245731692,1.1068522498525029,0.8763585601869126,10.562862343195532,obstruction
16305.881276554504,1.7937832802518652,0.37616541103838663,11.219281036284256,obstruction
16310.904112720333,-0.4309176946692956,-0.6638957389492268,10.162104318492894,obstruction
16315.928181192185,-0.9792255010521949,0.2514404398431733,8.197844764550824,obstruction
16320.942661030846,-0.965758428303343,-1.4042107564816932,8.79203704384215,obstruction
16325.980170744928,-0.38777611750303387,-0.22455246585019223,9.716313661036516,obstruction
16330.987714527893,0.960579903511541,0.26127967622273435,10.567498522220927,obstruction
16336.085920893262,1.0878226287859525,0.8403680135288223,10.402420633204837,obstruction
16341.019711677556,0.9935357233718837,0.5140113373550096,11.045916931901743,obstruction
16346.062199330252,-0.12445070203078212,0.004963221205444568,9.666809798097725,obstruction
16351.079964734176,-0.5565493377525226,-1.582575473803392,7.7710338319330745,obstruction
16356.073080219254,-1.6780433940783788,-0.9056999307717704,8.273653150951061,obstruction
16361.095344912454,-0.865577946417633,-0.6167993302155844,8.582376262068893,obstruction
16366.055598345287,0.44647186260667276,-0.2511358872502929,10.94438521423005,obstruction
16370.993611830325,0.1382758263358852,2.6558255061070764,11.398649809740778,obstruction
16376.018552318772,0.5944302842757369,1.5140409353992341,9.909438619460042,obstruction
16380.977262273615,-0.1541955680811476,-0.5907766119709328,9.099012721047702,obstruction
16386.02678294459,-0.12079538736804962,-1.2809431356394085,8.558079635010976,obstruction
16391.02611240467,-0.2574728336244545,-1.1079243630652318,8.361802792774439,obstruction
16395.981429025218,-0.6433833863506208,-0.006252274556535015,9.191260102209151,obstruction
16400.954929351083,1.781560481382706,-0.2487063516814566,11.150780873914723,obstruction
16405.901927435454,0.9184244960576196,2.561417192172705,10.821369771406811,obstruction
16410.7634601496,-0.1871875221227841,0.5981589115316471,10.977502027689702,obstruction
16415.7047033217,0.9483137471646208,-0.8825856323032237,8.86506267148368,obstruction
16420.738400170885,-2.232563725929534,-1.7006627706145354,8.841306232402811,obstruction
16425.633766819836,-1.0769229232661994,-0.9790323730064324,9.294833031497376,obstruction
16430.68404012937,0.6455865523252134,-0.3794233271270243,10.038038311471947,obstruction
16435.67638556385,0.970202982825369,0.6076028256960893,10.902601285758587,obstruction
16440.72869137196,1.4661198329756062,-0.44179393198359684,11.274008031790679,obstruction
16445.707422852924,0.7369413833025709,1.663782040659562,10.715863715409279,obstruction
16450.66543470294,-0.0038247374309517967,-0.6597374378952687,9.508260130673166,obstruction
16455.63518126476,-1.3308605108485394,-0.46804169312485866,7.875523822303235,obstruction
16460.563028324414,-0.24889393140536265,-1.7340791438912841,9.254296880790655,obstruction
16465.5474448502,0.673379282528045,0.7189577994326068,9.434830276069032,obstruction
16470.542519192095,1.3874398110953527,2.2034774332717593,10.780867254391213,obstruction
16475.551113906524,2.1605899778157687,-0.13579962767567055,10.373622773745673,obstruction
16480.627542715076,-0.7755457049702457,-0.28715921825933216,10.474452655972074,obstruction
16485.616688447262,-0.7579486320882604,-2.111719825940342,8.870786469189985,obstruction
16490.653077101735,-1.0332481270501819,-0.9685410327481041,8.777046089291604,obstruction
16495.609335598976,-1.159755275992132,0.10619451301763794,9.324130752369385,obstruction
16500.61059228399,0.8580191398293998,1.3198638165689123,9.694293916125579,obstruction
16505.531926748936,1.0452198362297076,0.907119561279273,11.745507104738666,obstruction
16510.649181695768,0.931791842958117,0.7702024212668692,10.41275684768987,obstruction
16515.589779056194,0.03117441434215562,0.22967072260568144,9.125105790809037,obstruction
16520.50754051576,-0.8756503177831372,-1.5669358168092185,8.506076941202084,obstruction
16525.50398967716,-1.7537787656382626,-0.3999150120352898,8.450323702903452,obstruction
16530.431628656712,4.70228432211655,3.5711469073409163,13.894669415149819,obstruction
16535.32506962368,0.43783143774989564,1.0939058431431872,11.43718457718773,obstruction
16540.279476546137,1.3609581066315255,2.1696121311494876,10.90058035686783,obstruction
16545.356913849748,-0.10613664890556146,1.3239157709850995,9.358488536344591,obstruction
16550.41088975642,-1.6203743078615256,-1.1093104768593398,7.7317721616148685,obstruction
16555.436462832477,-1.801108700342839,-0.713963237021231,8.759928340850239,obstruction
16560.514366021038,0.009564727530055106,-0.6190737580400406,8.46604356850322,obstruction
16565.56240206203,0.9630044655449821,0.1024233662307017,10.177899694941429,obstruction
16570.49659051791,1.0255194379225396,1.0882180894354703,11.780262648812739,obstruction
16575.48448696949,0.7662358002878842,0.7819124589924538,10.761254063466232,obstruction
16580.48951553653,0.23964398180164517,-0.37178994641768304,9.261377662183888,obstruction
16585.506811519695,0.447247687622806,-1.0562621326920523,8.184289675312394,obstruction
16590.48614722615,-0.7406725731210972,-1.399805306371644,7.596286488871897,obstruction
16595.590709872115,-0.5770602860654835,0.35755707675227694,9.032636203334953,obstruction
16600.5961726656,0.5418708588141838,0.860934680662387,11.361159362084909,obstruction
16605.619356637006,-0.01827738234509102,1.4877881801444888,11.772409492029352,obstruction
16610.65495779826,0.6509282065566087,0.8818678665513602,10.739345732443653,obstruction
16615.688422190568,-0.2492725012183114,-0.8537004955150846,9.187732807343181,obstruction
16620.670251093274,-1.4387619909015723,-1.380113418279095,8.300906560557442,obstruction
16625.6979539852,-0.5897970981029974,-0.5844325857818704,9.54065447946534,obstruction
16630.613776054914,0.378296195113184,-0.8444610787408955,10.61105615756662,obstruction
16635.654381191263,0.2838647458167417,0.11765056092318948,11.193014056963472,obstruction
16640.657820608954,0.5415101240464302,0.5905386200395635,10.231663041686893,obstruction
16645.646055237416,-0.19664161746540743,-0.17309842511232337,10.026958822272858,obstruction
16650.73506676398,-1.162907053526625,-2.445405403559864,8.200466865223092,obstruction
16655.785358655132,-1.3431498782202176,-0.8868620234187712,8.453026101384005,obstruction
16660.732664219748,-0.6695192776354929,0.6380429848377565,10.183525787039319,obstruction
16665.72511272029,0.029939235665566333,0.9091147369254314,11.266847784670722,obstruction
16670.690390866028,0.17517295223796636,1.3602812933550923,10.949861235043588,obstruction
16675.699895962116,0.6462816031687697,0.5027328216762791,11.796224018586068,obstruction
16680.71564753194,-0.768418048828587,-1.7695722980556636,9.494008100065287,obstruction
16685.76471153919,-1.3380096180522452,-1.0145824990430048,8.91846396119631,obstruction
16690.739305959476,-1.1717583599837207,-1.1226440097608077,8.836345880118246,obstruction
16695.760571970597,0.43817249024634064,-0.922629853179426,10.518395617722092,obstruction
16700.70244371001,0.8961661584779259,0.41082950677366226,10.262972277660394,obstruction
16705.755324611026,1.2652282998713846,1.3538936010478049,11.418657774581243,obstruction
16710.70135249833,0.8870309642414969,0.17483902466524304,9.998370271958752,obstruction
16715.604543433252,-1.6876840929144725,-0.9963500859070087,8.641219366559872,obstruction
16720.597813977514,-0.9065384894799837,-1.2430753203988352,8.601684677108326,obstruction
16725.57350406768,-1.0526825693432156,-0.7268199870460128,8.93342925250816,obstruction
16730.59911066229,0.8001725851120911,-0.5517049313122702,10.270008083766067,obstruction
16735.558235329107,1.560000267177546,0.2957860794859031,11.26383510702317,obstruction
16740.57947213222,0.9123686169370688,0.4360116947167546,10.64621666787188,obstruction
16745.588344828728,-0.725450116093808,0.38599548953391416,10.613167350172455,obstruction
16750.573004558217,-1.7377765798739988,0.3207739134290277,9.058225860202496,obstruction
16755.631386454326,-1.0888363450285974,-1.7827123719841373,7.895060507753891,obstruction
16760.61796593134,0.14750451024588646,-0.2197945674292088,10.241703728469961,obstruction
16765.62355900057,0.8952206146392967,-0.11802105996011858,11.80992670507468,obstruction
16770.65614645546,1.9746129185329777,1.8697768038692313,12.270222410154611,obstruction
16775.75622927472,0.9004019195171138,0.7034314757722658,10.79013096941108,obstruction
16780.74442174103,-1.2751409993836338,-0.36592621429229594,9.40221746839972,obstruction
16785.766186925997,-0.963209939892382,-1.1233388126561215,7.925829380237421,obstruction
16790.809787849008,-1.87140171448271,-1.0311057647334934,7.896786476494174,obstruction
16795.781433805678,0.49744745687563824,-0.42083135467297184,10.008012383621073,obstruction
16800.815168037065,0.1509562783474393,0.46113186248849813,10.605525132524019,obstruction
16805.84326752152,1.1905263330964646,1.4342504748282192,11.886615540648545,obstruction
16810.81995146627,0.5242399329708833,-0.2584892004170325,10.887389541081435,obstruction
16815.84506402773,-0.5037728116943776,-0.7429178718957855,8.63541063519891,obstruction
16820.913498454,-1.586285060556679,-1.8628954899334866,8.89715236938692,obstruction
16825.965241269878,-0.8748903843797649,0.10393370610639624,9.256176655507376,obstruction
16830.8928366228,1.514482466457591,1.285220056724207,9.397905016157617,obstruction
16835.99572081314,1.281568861218074,1.8662026588482727,11.186966841461699,obstruction
16840.86462311474,1.22892842708997,2.209837342483004,10.835681534587946,obstruction
16845.90918419176,-0.2213782367644952,-1.2914873447196922,9.348319041076044,obstruction
16850.952321159522,-0.24482949581612445,-2.19522219072309,8.690672415028759,obstruction
16855.9313729784,-0.8822032654732499,-2.493856909365492,8.344184510425864,obstruction
16860.956195451734,-0.039542607094539724,-1.0859122993535228,9.964245073550995,obstruction
16865.909734810215,0.0350732921728143,0.2281706833855639,11.402748657699895,obstruction
16870.964312869975,1.0055607797543678,1.5798587470035597,11.124629772861985,obstruction
16875.9784484634,-0.3353872055765361,0.11633082936141956,9.954127780034074,obstruction
16880.954286371027,-0.6003044748915791,-0.8330296311390082,9.118737909914097,obstruction
16885.916528187197,-2.0057466591880537,-2.3191594786924115,9.122006484138096,obstruction
16890.857759718612,0.029933712986396466,-1.013200345592638,8.656923689373722,obstruction
16895.818421616816,0.502827865725128,0.5281411275836887,10.777938067256901,obstruction
16900.87331498296,1.1027178610035442,1.5342274457262788,10.707580058456598,obstruction
16905.86016349026,0.6322418090868254,1.8963009661230807,10.985076232289352,obstruction
16910.847978527858,0.7912052776867879,1.268639159712648,9.846107401859786,obstruction
16915.83931927219,-0.48348297625035497,-0.6219565511837963,8.752505261875157,obstruction
16920.782539566153,-0.7561220231136809,-0.9507450977672078,7.507064826702388,obstruction
16925.80556374249,-0.4548805593452929,-0.4046020151436775,8.821730135779065,obstruction
16930.766293096098,0.24608435692147645,0.5978845778130144,10.683343193724046,obstruction
16935.84304773441,0.29171024236746523,0.4016837445115433,10.969469442556754,obstruction
16940.881109249025,0.024359915320640857,0.511402392821218,11.07485443963929,obstruction
16945.90005979571,0.10626260715729341,0.08023185829056521,9.356873445117154,obstruction
16950.947467855345,-1.2171670253519127,-0.7056948045581314,8.430887672491266,obstruction
16955.90881290685,-1.2046143693665354,-0.6546523583966817,8.004211931585967,obstruction
16960.82945579336,-0.425475209015475,0.8298715577452896,9.463174434569048,obstruction
16965.8484921432,1.1976736344531695,0.977527875687894,9.961097590708485,obstruction
16970.76363687178,2.281834754852505,1.490837904438144,11.057535584399817,obstruction
16975.726020257942,0.6690506245652448,0.36041150528915106,11.413897445790415,obstruction
16980.80699796672,-0.38577752210379834,-0.42084580469182714,9.197350421943066,obstruction
16985.83534365082,-2.544694341341616,-1.6358574617202533,9.26410812081375,obstruction
16990.804621879248,-0.7635989993326235,-0.9603149931993894,8.437793778652459,obstruction
16995.73076352514,-0.3560219430718687,-0.9338234056048809,10.187558027542876,obstruction
17000.788344801993,0.6993114502844029,0.7333753245690863,11.593754062728967,obstruction
17005.850153125553,0.5312414051482166,0.5399776841610442,10.595999030504412,obstruction
17010.8463032394,0.18677988948840282,0.6618336310889159,9.97764675085533,obstruction
17015.883359250187,0.007306957265956648,-0.8735471484633804,9.533299734823233,obstruction
17020.936824110813,-1.5372936371224337,-1.9509941269424917,8.905722542190498,obstruction
17025.924411567255,-0.9548707844573796,-1.0736956030628046,9.245714213179557,obstruction
17030.909003485667,1.510208782009401,-0.4410796410526642,10.335925410831734,obstruction
17035.858975224128,0.031689060636238775,0.8339097808595306,11.428399082527646,obstruction
17040.978526740502,1.0840928502498897,0.6242902448510503,10.606591893735917,obstruction
17045.993448202615,-0.6651733379576327,0.32685463990027785,9.181783364062964,obstruction
17050.95621478155,-1.7131758273117779,-1.0903380104056482,8.317840124647065,obstruction
17056.055921707717,0.38223401392386214,-0.8309613090999027,8.838643913292884,obstruction
17061.08064146115,0.5842549530575196,0.563210850327814,9.885501166797043,obstruction
17066.028482050187,0.5465905236379862,1.466579472511056,11.418041207365375,obstruction
17071.09315097963,1.299656735103899,0.5509727394098732,11.862451496381162,obstruction
17076.09692890325,-0.7417320932355906,-0.5809576459457424,10.273762987342707,obstruction
17081.007030204786,-2.060983012073626,-1.159204903442111,8.995392319832918,obstruction
17085.98270094042,-0.3085541519079157,-1.2878363143916374,7.975641971003822,obstruction
17090.946874034893,-1.4811462091315852,0.4136051758258934,9.59302224059948,obstruction
17095.970142222366,0.2893991848990958,-0.9862817162865546,9.75918700805851,obstruction
17100.94298940667,2.4582227007087747,0.8559898630141645,10.938373279642475,obstruction
17105.914344072105,1.4915418755633674,0.7910838725858956,10.126181701781508,obstruction
17110.918303793733,0.6689504993799155,0.2714419173505123,9.033481443642685,obstruction
17115.92770369616,-0.6258775123952431,-0.4083176506204732,7.890797176045622,obstruction
17121.017216268545,-1.406417069006762,-0.5630335409647913,8.131629414232101,obstruction
17126.08580843647,-0.4387523004730828,0.07508443954061417,9.594456433757244,obstruction
17131.089008531093,-0.0823469462838966,0.8457119618712602,10.554532333078374,obstruction
17136.038936714067,1.9331821099677755,0.7950017165538201,9.969335043320761,obstruction
17140.95816511635,1.066302424436055,0.5940831814677077,10.054688406528834,obstruction
17145.99939464339,-0.5568470888135845,-0.5680981156481654,10.287675626922018,obstruction
17150.963055865228,-0.5753965423467515,-0.17365412012436265,8.307077833497088,obstruction
17156.012904899195,-1.0904479590649634,-0.8762533530475751,8.64743593234419,obstruction
17161.12050913587,-0.7564533609876005,0.034139250164318624,10.386185409812125,obstruction
17166.128028980092,0.6452326115316693,1.1965620576796863,10.61305441311822,obstruction
17171.136451228176,0.4248942780068017,1.0385574070997772,11.697295935405167,obstruction
17176.10457435482,0.7354935204419765,0.3976669945376537,10.34293094628068,obstruction
17181.11179528978,0.012339443515128501,-0.7579348311923798,9.420876142516585,obstruction
17186.069652914204,-0.9431203407923429,-1.280299887957797,8.371371403038992,obstruction
17191.03989816428,-1.225262890316268,-2.188894186541939,8.968795488785837,obstruction
17196.04226776125,1.2816014737812265,1.066343186564242,9.940704814358675,obstruction
17201.022295400897,0.6263889301994741,1.1995860836943302,10.844161768345321,obstruction
17206.029827634702,1.8642031459830966,1.1290829804315126,10.82100604950678,obstruction
17211.107124902675,-0.8564299023482553,0.24928389324603156,10.57115889657814,obstruction
17216.11936092858,-0.9333718731770988,-0.7655179589386462,8.111380146630673,obstruction
17221.109046160545,-5.7325493596310295,-4.644778985474597,4.286607021158196,obstruction
17226.15396947607,-0.1326496870874801,-0.9101843308365859,9.876752578549791,obstruction
17231.101564729648,0.9279667954411196,1.3027012069334618,10.823466522195142,obstruction
17236.08828993966,0.8731642684642009,1.5226643005936056,11.668016765079118,obstruction
17241.12480068716,-0.4754505219480657,0.5595419361281471,10.19600441594144,obstruction
17246.126091283943,0.8196151402126879,-0.06194371419712358,9.431912926535144,obstruction
17251.13891321642,-0.883967112373248,-0.8591392199389936,7.640926485454993,obstruction
17256.207857263063,-0.9665346011298556,-1.8011159321548096,8.721504378677785,obstruction
17261.111380280046,0.5635853718502679,-0.3462440868186736,9.325091095331928,obstruction
17266.141421230728,0.9886966941058095,0.00540155490758798,11.08977332659575,obstruction
17271.132933166125,0.5792489832871549,0.3981476180931721,10.622784799697918,obstruction
17276.18650357288,0.32642343004639257,1.0394460180220597,10.083592487495281,obstruction
17281.159863655466,-0.1897409191172626,-1.1151938529557035,8.893783538028334,obstruction
17286.082144851916,-1.3589409895438787,-0.5287589295495493,8.953966302634273,obstruction
17291.067868010625,-0.0068135861536087194,-0.6179660349711256,8.723137360282152,obstruction
17296.075209450075,-0.7162306980816224,0.17109603762178746,10.265527884647797,obstruction
17301.123028461407,1.5391173387745738,1.7921096415540725,10.234254374580166,obstruction
17306.130875875417,1.0077097412634186,0.8693630320186725,10.921704680497268,obstruction
17311.23007652792,1.2790787024076724,0.991412638727052,10.459737706189468,obstruction
17316.242522864108,-0.7784861124145255,-0.41970473624600935,9.04489137848819,obstruction
17321.21696579259,-1.0988100359656656,-0.8453350796642363,9.0052713027601,obstruction
17326.22346259654,-1.135475716402832,-0.2206011969602339,8.424346719276814,obstruction
17331.220342181383,1.187001616286464,1.0797167145358268,10.40042861586394,obstruction
17336.21987269975,0.24879089028275692,1.0796270941622421,10.517669012987984,obstruction
17341.257595494742,0.6425828759542966,1.2624744401688437,10.547303713432989,obstruction
17346.26364770558,-0.6868106098670631,0.6485819622142441,9.534559993950644,obstruction
17351.237090565566,-0.005294664131885951,-1.6442695898282187,8.371903772586839,obstruction
17356.195081049907,-1.7197529695312923,-1.3794170992695867,8.189446323611165,obstruction
17361.146533493684,0.5282357036650147,0.38851041205134845,9.820918033065661,obstruction
17366.185242559768,0.6402982347953168,-0.13259601987829195,10.406718713713312,obstruction
17371.159046011424,1.8588635749510267,1.0409034443880756,11.539617265797379,obstruction
17376.147570799545,1.05263441327095,0.4764343949933949,11.5405882390766,obstruction
17381.065690335858,0.08441231423995016,-0.6780367722681775,10.1734738135436,obstruction
17385.990730529596,-1.1332027466385997,-0.29167361912377976,8.861294553035886,obstruction
17390.934837734974,-0.9232094131853356,-0.8251683782317435,7.819229192251337,obstruction
17395.87872691603,-0.5890461122408076,0.4815641625197512,9.85933387042067,obstruction
17400.780235042188,2.3488958320348443,1.0369053904089711,11.281471760502754,obstruction
17405.782266551585,1.3344667633467393,1.2264130072592787,11.502255815079518,obstruction
17410.732993067162,0.7483028191787404,0.601057495992042,10.54260650051826,obstruction
17415.72878618442,-0.551475218703809,-0.134826293346582,8.35016029313452,obstruction
17420.710350205005,0.1661043742771382,-1.3912356416846525,8.225125420095535,obstruction
17425.667788164326,-1.1739245627734562,-0.721206641528385,7.958654966640254,obstruction
17430.67353384364,-0.4630448453014979,-0.6526433860962478,10.010734746979503,obstruction
17435.596761744146,1.5150157118327112,1.5192257203528516,11.277253611429602,obstruction
17440.62604012667,0.7374952198724258,2.105129053211625,11.6398952862394,obstruction
17445.706984961398,-0.6299523803883094,1.7385744372180163,11.598385758034539,obstruction
17450.806813265095,0.1783314317196769,-1.2689913915505233,8.965850014118775,obstruction
17455.754833301955,-2.1701933188215357,-0.49485646479805157,8.125124505965818,obstruction
17460.87329796017,-0.34694955352744195,-0.39074019714939695,8.583926500535894,obstruction
17465.884594693223,-0.4669701628911553,0.6428455019817643,9.612521185064123,obstruction
17470.849204181293,1.4647585195603685,0.8871321682210787,10.773648018369192,obstruction
17475.86909302792,1.201598615911674,0.661230549397656,11.222692182594866,obstruction
17480.8928316985,0.42624611607370927,1.384649330237101,10.57983571928194,obstruction
17486.02161499936,-1.0477227160194993,-1.158247376846876,9.337300245092345,obstruction
17491.1253638307,-0.9744096237396342,-0.5525583055204418,8.338983027124197,obstruction
17496.034956165797,-1.232982728092777,-0.6341445864686142,9.010220493397423,obstruction
17501.04344094877,0.17815508617855558,0.31165024572258776,10.41228942217153,obstruction
17505.972475567014,0.8221272684779668,0.8074878909725469,11.804195980213887,obstruction
17511.054815546035,1.331365016336155,-0.2667511814917788,11.243617401960602,obstruction
17516.110343421697,-0.30303632586917123,-1.1981306543796217,9.433955847907168,obstruction
17521.11424878039,-2.067375129634006,-0.23437165056670017,8.95420088443373,obstruction
17526.086265851685,-1.552043417749607,-0.9522815971743006,8.061282684000156,obstruction
17531.129351574615,-0.6276185138376235,-0.9336758861981155,9.23596312261897,obstruction
17536.00744112182,0.6838157211484219,-0.1713541860262734,11.100242741496125,obstruction
17541.051488711913,0.674749124415709,1.184031247693647,11.514003470023594,obstruction
17546.04065333026,0.6554819102089194,1.4561719773165316,10.89773384664142,obstruction
17551.035653099323,-1.0472317653203378,-0.7448902089859502,9.626156814530276,obstruction
17556.086119304542,-1.326039424909682,-0.23956908462188253,7.975992671893936,obstruction
17561.100662286666,-0.6024261450877457,-0.7249582897755865,8.389317750365901,obstruction
17566.07233740496,0.28409519257502136,-0.12334568790003994,9.496753414825381,obstruction
17571.161182030908,1.6389996953432004,1.4364789471941388,9.682695611577646,obstruction
17576.130990712758,1.1940614486502543,1.0822849509887518,11.139204878615837,obstruction
17581.048143051576,0.3281161289300977,-0.27469610595705746,10.681398610188548,obstruction
17585.960637087697,0.010368620508965809,-1.0511005745574857,9.26662259145864,obstruction
17590.895753270383,-0.8878228613827948,-0.7869270942973252,8.406918441767676,obstruction
17595.91461968109,-1.0764149579252082,-0.613759757911721,9.32528010899006,obstruction
17600.84358645079,0.05541195648805192,0.2434102806087126,11.752735372794715,obstruction
17605.83176757391,1.4542760146774267,1.6784277308572122,11.441225822679936,obstruction
17610.805197728914,0.7437184290288086,1.290636142855305,11.564042519034823,obstruction
17615.795471342895,0.33573740992968315,0.2614892112609357,9.40432164611447,obstruction
17620.751767062382,-2.9276563712028594,-0.4374539580774379,8.57161733327939,obstruction
17625.77131384961,-1.3311263380664615,-0.9485098395813252,7.521541018040914,obstruction
17630.796708723894,-0.19163871613201616,-0.4985500997227499,9.484577387219373,obstruction
17635.863531647352,0.9020776452842281,-0.02119481984004512,11.12299151778217,obstruction
17640.89197443088,0.9588644565003106,1.4960276957580263,11.70335528555451,obstruction
17645.923389981082,1.1609917545107677,0.05552711228896273,11.135570194301392,obstruction
17650.99397660396,0.3763899902925323,-0.5603337087393663,9.022895309230083,obstruction
17656.020827554545,-1.0183832822746441,-1.775973950252601,8.216883218619328,obstruction
17661.06202280657,-1.6695206727226783,-1.372093514970242,8.411891372186444,obstruction
17666.064026521693,-0.8161233095132465,0.703122864175486,10.487816367266346,obstruction
17671.08700488919,1.870309582974956,0.22043029168855355,11.950788624203375,obstruction
17676.073798090343,0.8255215414410773,1.2170991066010095,11.276325053222752,obstruction
17681.011215622486,-0.01647669459686174,0.38256782197789785,9.917930890585678,obstruction
17685.92119807418,-0.9431108236424234,-1.8574512502475677,8.54375313242162,obstruction
17691.016320224277,-0.6910379916364731,-0.8408440614256003,7.5833851458843435,obstruction
17696.00845592862,-0.09296026018749681,0.22421890602720507,8.878531022392343,obstruction
17701.09329116018,0.3707855370238998,1.126651209788775,9.694887293925046,obstruction
17706.160367421155,-2.9403565195078243,-2.8526125959750273,7.911534070924641,obstruction
17711.173508359956,1.254558015676522,0.5817051329335763,11.359866870870924,obstruction
17716.052816934767,-0.17910473157963452,0.6522118606337919,9.946427027079242,obstruction
17721.0740275909,-0.6913902273883564,-0.08632352769160168,8.226142045247864,obstruction
17726.174655707466,-1.1063379022037845,-1.2590488595703238,8.184170613705698,obstruction
17731.203900254768,-0.4262802810553709,-0.8647907164843189,8.980108373037874,obstruction
17736.1436026622,4.523922755832248,5.863225849449312,15.017121554098848,obstruction
17741.050813403013,0.7980810794702125,1.4478989607391048,12.003852030625085,obstruction
17746.022579614928,0.9358485026499423,0.06666318575594776,10.29757307339032,obstruction
17751.000758961174,-2.7051451112428353,-4.062183422355608,5.573179615559864,obstruction
17755.942003011518,-0.36026620051242164,-1.530526889203085,8.050579700184686,obstruction
17761.016769614194,-2.0457556483200645,-1.1714921354202026,8.894183108744778,obstruction
17766.09583481582,-1.1543188563481357,-1.0804838270454682,9.316457528385454,obstruction
17771.02297391818,-0.012310657831994143,0.9728415802128392,11.42338968111413,obstruction
17776.016811331705,2.004394723902464,1.5711263321448825,11.308662637073608,obstruction
17781.00006140922,-0.03332324909597584,1.9757241890683819,10.520682411165408,obstruction
17785.95551199323,0.08494499527522015,-1.2063590089911749,9.502168670146833,obstruction
17790.971972646603,-2.1915628230553947,-1.820372005608748,8.7893049360176,obstruction
17796.013831388318,-0.7970349586692955,-0.5348829687461827,8.2135217568292,obstruction
17801.008191790523,-0.6790528391279728,-0.23885364769259593,8.987920379807267,obstruction
17805.96465106294,1.0537766169488227,1.6596152655784246,10.344829557594423,obstruction
17810.918772511493,1.8210746117540817,1.0654146066801629,11.306700998855435,obstruction
17815.927914499982,0.7200735886360223,0.8225467696890956,10.278794494265329,obstruction
17820.941787090756,-0.8597808361008806,-0.9818093605643035,9.011821643500902,obstruction
17825.93991306255,-1.5731175765760879,-2.2588154593424203,8.584490578510398,obstruction
17830.963397996158,0.35872415601372365,-1.3339343007491973,8.942076050677613,obstruction
17836.002942636704,0.43646161493663316,0.046305661159981804,9.905536363327915,obstruction
17840.996604872114,-0.343797341513816,0.6812415223644943,10.817569596275746,obstruction
17846.01689197147,0.6221099871458514,2.0999490655482367,11.555987155974284,obstruction
17851.08659863381,-0.9189210228245278,0.27653382582811203,9.635958519927904,obstruction
17856.114516834867,-1.184987025196294,-0.6005725908167789,8.917404772427396,obstruction
17861.11041593099,-1.889981948834643,-0.8686329547680787,8.615787962550767,obstruction
17866.156213348375,0.38363517570280964,-1.98594535941598,9.553048053580453,obstruction
17871.197968357374,-1.1881570744319143,0.24239637725841512,10.807743871483154,obstruction
17876.114288797442,1.725673017467657,2.4920893716470562,11.689539242469467,obstruction
17881.060895830076,0.7921207241550806,1.1767986659202645,10.354265415089815,obstruction
17886.052656241947,-0.07069008377725444,-0.02288593645437706,8.972175857083712,obstruction
17891.03567422137,-1.4781849641105866,-0.37945078985214664,8.71462348187014,obstruction
17895.963031517917,-0.9655168521555703,-1.7901284654211946,8.83950946384539,obstruction
17901.047740553546,0.7634247846908943,-1.1557021604881854,9.97342695934237,obstruction
17906.009120644456,1.3518713391738342,-0.8772194846268874,10.420588355590677,obstruction
17911.018621385552,-0.05588192631107147,2.497559777317571,11.55438315888295,obstruction
17915.933918212093,0.09625484788973382,-0.09640535934053429,11.227310114104526,obstruction
17920.96695434467,-0.2991314700286903,-0.5394318412361578,9.278857730640604,obstruction
17925.973315910625,-1.1707586341161662,-1.8135043674350362,7.929825885432528,obstruction
17930.92992225012,-0.12742615335100183,-1.199059875700037,8.415785388993047,obstruction
17935.948617367547,-0.3642731920808281,-0.4400291463785192,10.790047110714589,obstruction
17940.958462231072,0.4564240485243678,1.7490539112735006,11.599802929371759,obstruction
17945.955472605863,1.2444309334220875,0.6758699046686377,11.159769515172805,obstruction
17950.907629343863,0.8535542774437572,-0.02037399074727303,10.729521284793726,obstruction
17955.881580172943,-1.7430899715464716,-0.4462758005418153,9.078903696167721,obstruction
17960.912816241755,-1.1329765649305517,-0.19372005933303948,8.206911850618095,obstruction
17965.870489407,0.03571095163812421,-1.1431455404489688,9.61828531926016,obstruction
17970.904728707683,0.44939010904704335,0.8111394773526572,10.090972219143888,obstruction
17975.903704533688,0.604621268627908,1.4033961411210094,11.60778935001177,obstruction
17980.926958604334,-0.22609653700126398,0.9219877091833492,10.622341540636226,obstruction
17985.928859074807,0.5591789380459424,0.800466722339512,10.177902492449036,obstruction
17990.95057193054,-0.3280088658256728,-0.8152304803819751,8.018504689397474,obstruction
17995.918212555705,-1.7122528757081934,-1.644150568398615,8.852084719141459,obstruction
18000.925826524828,-0.8425195712758253,-1.1490608294724418,10.202034514182108,obstruction
18005.876504157422,0.6287320473509529,0.39789055275873,10.533195075075612,obstruction
18010.8772935808,1.55920459729175,1.3693330228643181,11.560190242593299,obstruction
18015.937909840806,0.5856433660867095,0.717715531048893,10.012700476080571,obstruction
18020.97703141633,-0.49585743209838634,0.7508159665691021,9.338019601233453,obstruction
18025.924246901544,-1.7227285808938964,-1.1974265328045597,8.402863230626972,obstruction
18030.939996598703,-0.827745581680063,-1.0373870761447512,8.479301819705526,obstruction
18035.863100352537,-1.2764859675475686,-1.012400005019611,10.006286111785155,obstruction
18040.785514121377,1.6615856543598304,1.0936744913789627,10.248249679114695,obstruction
18045.798775176783,2.3370584010261384,2.3842020288714814,11.649939527931075,obstruction
18050.835768589328,0.20795167765920863,0.7167978145035948,11.073269266988904,obstruction
18055.835410008796,-0.6357255896828398,-0.6785925692273891,8.586425497951087,obstruction
18060.891518985485,-2.3103918713121097,-2.1283460371084315,9.035246241525794,obstruction
18065.92568169495,-0.4594742823392166,-1.1713021202362028,9.426646034365158,obstruction
18070.900662865257,0.2835704095185314,0.6919449783738791,10.562250752413707,obstruction
18075.905908119872,1.8382337550752665,-0.7048166934264499,10.935733843048114,obstruction
18080.96211445517,1.692506855760223,0.8393105236180919,10.955177651420717,obstruction
18086.020188855196,-0.5594386564791137,-0.9402305533256978,9.897437523474961,obstruction
18091.027314319064,-1.458028014483347,-0.19020700137614965,8.09775228081819,obstruction
18096.05685915058,-1.7822439729046113,-1.5901688567422023,8.003129118039544,obstruction
18101.072932398234,-0.38701282023614125,-0.5815013060469735,9.505972545092366,obstruction
18105.986883968606,0.9216181330353794,0.7077387154329685,9.584334780935984,obstruction
18111.048274699962,2.565024329862635,1.931037191902425,11.716629090496044,obstruction
18116.01253882876,0.9987967886360375,0.7513915807644322,10.985679440964763,obstruction
18121.015332003244,0.3835461191503266,0.4086461560725164,8.477100017153468,obstruction
18126.092754606627,-0.3762890016430711,-1.468068254285261,8.337071478587582,obstruction
18131.170673465775,-1.3514578244374087,-2.280831951904357,8.290047597929458,obstruction
18136.21944546541,-1.1469288336837173,0.058735310718667944,10.370976566329347,obstruction
18141.24826905744,0.5378337858701301,0.8781962185711935,10.80592351687217,obstruction
18146.27284514323,1.282261027129028,2.0561932508858085,11.062830889165328,obstruction
18151.288301097156,1.015518812563056,0.6822909000241164,10.608889002338602,obstruction
18156.281422964043,0.13168286857555772,-0.30115792227634497,9.358229896360285,obstruction
18161.320567968964,-1.3836099252072998,-1.7361780177073938,8.46466216456897,obstruction
18166.329491555945,-1.6276929973764238,-1.1984205866627708,8.843435553023529,obstruction
18171.358176998718,-0.0432393011941167,-0.43196118259468874,10.642584770414185,obstruction
18176.33638765834,1.5764215048999137,1.1348254895967964,11.400388928976291,obstruction
18181.453709927377,0.9041764997218467,1.2734263582255971,12.021450474183414,obstruction
18186.4729661234,-0.23065072889536842,1.260089830087551,9.444860807239966,obstruction
18191.519069888185,-2.41821353249185,-0.7413646950705102,8.959498687315648,obstruction
18196.56532460847,-1.7575492943786053,-1.4723822829984385,7.431445634343006,obstruction
18201.531085151673,-0.5599598175618338,-0.5967558125620529,8.889029847347933,obstruction
18206.48940935516,-0.23457008639092292,-0.10569108779834624,9.778294583748128,obstruction
18211.508501749955,1.327802451672538,1.3425297686761262,11.53425703313978,obstruction
18216.55196482755,1.456281999412136,0.7982150579518142,10.932573185504394,obstruction
18221.65814792989,0.07224776317303863,-0.26313230168780466,9.691359518388623,obstruction
18226.702783912227,-0.9735995232632092,-1.1500830995305944,8.641815786538777,obstruction
18231.70075116615,-0.32165678079073945,-0.7830492660841187,7.1042385111341195,obstruction
18236.63372264386,-0.10172935398491864,0.4694245522761431,8.668951512185098,obstruction
18241.585802526082,1.598860492152081,2.625580411408016,11.635429996034766,obstruction
18246.623706053488,0.9267259419988647,0.8969185002926731,11.393065849626613,obstruction
18251.640755966197,-0.535959699135841,0.5033106812457614,10.563801563129942,obstruction
18256.598288111265,-1.1106569315072519,-0.013489511422308476,9.147242673871279,obstruction
18261.57372683546,-0.9729362216047617,-1.276771667125288,8.056937219871944,obstruction
18266.645909712814,-0.775832277350461,0.4116569130263492,9.196086526474218,obstruction
18271.555655488595,-1.0894814245367914,0.5324458087999896,9.852170850592005,obstruction
18276.593600493055,1.6441727805642885,0.40691690958307136,10.773337125411006,obstruction
18281.53011009525,0.4682963107411757,0.9634216152020507,10.359034190683719,obstruction
18286.524510485066,0.6559382837701335,-0.06158960839305944,10.03585747504959,obstruction
18291.523967278055,-1.6716100484459024,-1.394456863386631,8.009319666709006,obstruction
18296.495054382438,-1.0356173467718,-0.8227134292234615,8.209696503211811,obstruction
18301.481781182087,-0.6589916201331054,-0.522982911932033,8.654440736721263,obstruction
18306.53186994888,1.1559456123208105,0.7690410266543372,10.020717368130978,obstruction
18311.58476035195,1.347744838958032,1.0206981273803353,10.896921082701688,obstruction
18316.539477446877,1.180764726730629,2.1691654571808767,11.105742139884196,obstruction
18321.530879872662,0.043338587044424115,-0.43839890691515687,9.932578230661974,obstruction
18326.54433969607,-0.5806955820890899,-1.3673474530835728,8.33426624770006,obstruction
18331.49223732528,-0.38914590114382597,-0.8736092770091884,8.181578889998587,obstruction
18336.496134570672,-0.8126092382095965,-0.31099042033135244,9.083593356016472,obstruction
18341.542826948298,0.153478594246228,0.9753531773226524,11.515116430058756,obstruction
18346.45897873101,0.500695262799559,0.3028007961604169,11.4787841469231,obstruction
18351.451501545358,0.7721924090584815,0.26288040657301665,10.13234522140054,obstruction
18356.367667289836,-0.44045784820357914,-0.8105445576078291,9.200541159990967,obstruction
18361.401020585065,-1.966422495886902,-1.5076538301486955,8.493406713761171,obstruction
18366.372373821072,-0.4894402929216045,-1.263508258920568,9.148585746629562,obstruction
18371.311714554242,0.48926928358946165,-0.6897676228988165,9.228218999494112,obstruction
18376.238445960153,0.8631122745412267,2.2913829493807816,10.52505285961173,obstruction
18381.25549274058,1.4258013973311248,1.0188523476776923,11.332364068027129,obstruction
18386.269064645752,0.3328744301385482,1.256512458601296,10.319016162672817,obstruction
18391.251129194225,0.0008154985896376976,-1.7570029376271425,9.261647122795734,obstruction
18396.265808319975,-0.723848784357979,-1.183846738694137,7.875888648433528,obstruction
18401.29786593698,-1.7129591807791482,-0.5793692051788725,8.765727734045438,obstruction
18406.22047926194,0.511259374729171,0.4833181504989054,10.287451927223932,obstruction
18411.22313931203,1.8934465003277359,1.3588490059710527,10.657834166979066,obstruction
18416.22724430682,0.03899420486084937,0.6658645448944852,9.886724607760172,obstruction
18421.229383028232,0.6594081589619103,0.7074797285322267,9.48400369698511,obstruction
18426.186147897693,-1.551905969257563,-1.566096300279733,8.313878003716116,obstruction
18431.184761219618,-1.5690061445923935,-1.7844009096355649,9.01660893800873,obstruction
18436.24282335816,-0.5630573266049536,0.5896558726705106,9.332761245481086,obstruction
18441.251290876633,2.157174215084997,0.33279125815194976,11.079711344494704,obstruction
18446.295634033766,1.8174919440199973,1.598046189560522,10.656186818273994,obstruction
18451.374712908462,0.2382294311991054,0.5281562213732418,10.63157077531214,obstruction
18456.388476672033,-1.7433132304950885,-0.5231377596579885,9.067338349743977,obstruction
18461.414869225897,-1.7733371994198783,-0.5582120232399069,8.802559162292502,obstruction
18466.34030078365,-0.7500937683427187,-0.09515424363325398,8.4409950162735,obstruction
18471.350614951876,-0.2950730362464178,0.7711460320807164,9.572176052344915,obstruction
18476.374956615204,0.26806602490346254,0.6399997913232097,11.470837153494303,obstruction
18481.37570595558,1.7238883020461724,1.1779126584199344,11.579415793240399,obstruction
18486.436411147286,0.05236201312678912,0.47708355448781226,10.21796930957357,obstruction
18491.45197205985,-0.3288247390047407,-1.0366487303802212,8.454276453229873,obstruction
18496.502309069285,0.13138391287731865,-2.134548785906859,8.281297846187684,obstruction
18501.451667277182,-0.8208727131967768,0.8698316523988364,8.766457722990197,obstruction
18506.407889818653,1.0599659364776606,-1.1177472218529143,10.747891757564135,obstruction
18511.350634239294,0.3469983211349985,1.1612177122264706,11.191195011032027,obstruction
18516.379565470743,1.5476517754830885,2.0445665410360068,11.219694338494138,obstruction
18521.35895953347,-0.5151256517833753,-0.9713747479633854,9.832462007396744,obstruction
18526.35618091178,-0.912872510715016,-0.9043784422036296,8.244380656625586,obstruction
18531.397644609577,-1.3985974935728989,-1.43756594664071,8.19892739214343,obstruction
18536.407163054726,-0.8845424983475324,-0.09413826367648881,8.809387569298861,obstruction
18541.460384775608,0.12622830562991105,-0.48417021538385585,10.559012973185048,obstruction
18546.444758861326,0.5346293111171608,0.931705491949639,11.785250543896996,obstruction
18551.416819081503,1.7878517159757163,1.6760252176503943,10.34771061828863,obstruction
18556.360102985065,-1.4549678578520155,0.27914699861527914,9.55209394617446,obstruction
18561.370629534875,-1.8854044427427827,-0.34912488908952954,8.636182413724843,obstruction
18566.44248901331,-1.727269468552025,-0.7966223072762005,8.74237351532743,obstruction
18571.49961275695,0.6576132403001815,-0.5891844076092186,8.540652936854455,obstruction
18576.492091029544,1.045320664623872,1.171975328943544,11.71155863483142,obstruction
18581.49175342497,1.0655666690706462,1.3372670582544848,11.15393201967413,obstruction
18586.443689263237,0.046980157223530716,0.01679404778350707,10.074097656417837,obstruction
18591.43482838103,-0.8522831334252944,-1.4970649092129558,8.784588130875717,obstruction
18596.45002723566,-1.5298448749482034,-1.0035040736052436,8.364371050084523,obstruction
18601.41030057445,-0.8528547149244012,-0.6785627596702911,8.294545718021912,obstruction
18606.396457582334,-0.21221018545315512,0.04886551584131513,10.325406221965691,obstruction
18611.360498375452,0.6480550764051182,1.2171688783579766,11.985032015209411,obstruction
18616.415245548982,1.36993292629722,0.9714925736676021,10.891119464271066,obstruction
18621.365036888878,-0.5418770852525576,-0.49644848529435076,9.95622385675753,obstruction
18626.317716998125,-0.7674253117027441,-1.0584404919640065,7.415731873716248,obstruction
18631.249807663924,-1.134586832766096,-1.7091284492521917,8.45191942062013,obstruction
18636.22594539274,-0.47059684389625256,0.4720351427347048,9.594821338294377,obstruction
18641.32981265187,0.4653428052246461,0.2827750753531168,11.011128010665178,obstruction
18646.303853119767,0.5165480222315816,0.5028769050047198,12.013852713768081,obstruction
18651.24515151066,4.508745713062376,5.110053137115582,14.913469559558397,obstruction
18656.29779146334,-0.05293511860752309,-0.21532197066542255,9.378680943979877,obstruction
18661.23746788313,-1.2668344424791271,-0.28736302570178784,8.256962040947169,obstruction
18666.20499001542,-1.755294710461138,-0.8202983828753202,9.034519953327734,obstruction
18671.197159704712,-0.7849972725048693,-0.4851157019764757,9.901863651545566,obstruction
18676.131513158925,0.7386668294083019,1.20528327975002,9.90638949231034,obstruction
18681.16060488069,0.8645797271667102,1.9035224325074585,10.818172169820617,obstruction
18686.174694977148,0.24557135497191346,0.022796021920498344,10.671981041703054,obstruction
18691.17143482204,-0.11740446209231414,-0.2727220686950877,9.217149304826068,obstruction
18696.166871963185,-0.8061329043961696,-1.4464068409232569,8.083422736075834,obstruction
18701.207993766675,-1.337724602423705,-0.6696272063091331,8.052154035131238,obstruction
18706.12532018788,1.0185197478121415,0.4885895012953002,9.936922900719301,obstruction
18711.131995605956,-4.143831662983662,-2.545676777579925,6.463418561962872,obstruction
18716.079032728932,1.5342596071574044,1.7507909822160443,11.230722062817396,obstruction
18721.009143789048,-0.7663718706801097,1.799169599487578,9.989862813419142,obstruction
18726.067712658845,-0.2869213721272109,0.02610359513176519,9.20735198564448,obstruction
18731.134271285904,-0.8847800315099201,-0.9642550566800177,7.822423583237931,obstruction
18736.1424066932,-0.7489234042245405,-0.3099000154435184,9.136551827859686,obstruction
18741.207772875136,1.3840587322766977,0.8942007009931552,10.512422070099452,obstruction
18746.185472755747,2.1682716612542072,0.8048971566706193,10.827545764738794,obstruction
18751.159672405676,0.10325296006684415,0.656703651176569,11.59846055858784,obstruction
18756.100765426825,0.5217004066030335,0.6093558446114654,9.524179770785153,obstruction
18761.044246415,-0.9351663726041726,-0.7245431288626926,9.268340649688222,obstruction
18766.058938105893,-1.5305106464248839,-1.2809887171661722,9.153824188604505,obstruction
18771.085498610126,-1.4775194292823555,-1.215187339970619,10.155536753699456,obstruction
18776.102233992842,1.2823083779706077,0.6383018814121214,9.956700290304692,obstruction
18781.170219286923,1.7027090642873697,1.1543865503374866,11.484962808711643,obstruction
18786.160398501033,1.122247138082221,0.9760097205188076,10.871797244873664,obstruction
18791.1254100535,-1.0821686063949778,-0.4269932953101335,9.806257502085868,obstruction
18796.178552875685,-0.9706818473149446,-0.393105637027266,8.749461240565726,obstruction
18801.198820114172,-0.16082809553278798,-0.7829833444730252,7.95394235003248,obstruction
18806.131800152332,-0.11616196919066371,0.36777426633195826,9.804579367165024,obstruction
18811.149297773998,0.7044423466290479,0.6702133259343266,10.878519023772634,obstruction
18816.15378220368,0.04964355492735506,0.138150276858777,11.614743202488542,obstruction
18821.128460121712,0.9518627480551101,0.7458630472868859,10.873099828434995,obstruction
18826.090093713527,-1.2596450537981791,-0.38583451902461985,9.16270645661891,obstruction
18831.17098150704,-0.9559457882378798,-1.2059320427980995,7.867004279982804,obstruction
18836.125972259757,-0.7035087297437442,-1.6837468007956407,8.637125932428415,obstruction
18841.059770480268,-0.008824469870559432,-0.005723403300462719,10.213948849901993,obstruction
18846.095526164932,1.3375802257426606,0.8615362194499666,10.932953539484016,obstruction
18851.149969976257,0.8607292259349661,0.5539825092717843,11.762307090604448,obstruction
18856.176869888062,0.33697179663958987,0.045109996169503286,9.971050121686094,obstruction
18861.171835977908,-0.9421091621105029,-0.32565644814809186,9.50226006522191,obstruction
18866.191606721175,-0.8882940105191447,-1.284827708017888,8.073465731888286,obstruction
18871.224433441956,-1.4494584898807612,-0.5686228155451428,8.655496369519481,obstruction
18876.18743656495,1.1308128585091164,0.8715626681760035,9.987948307234157,obstruction
18881.19708693829,1.0734006183867353,0.6607424268215636,11.933445713706902,obstruction
18886.109195154422,2.00243572639957,0.46619233540113353,11.24941971498445,obstruction
18891.0546263546,0.6346214160604015,-0.7545493373991391,9.93317040316604,obstruction
18896.08532795105,-1.2482346998519058,-1.5989757710037011,8.990988802286054,obstruction
18901.109110975354,-1.0988573989425214,-1.5623619958506538,8.13652467484759,obstruction
18906.095657309033,-0.33813623196362685,-0.676774791370059,10.411536367391331,obstruction
18910.989185462775,0.9180235778121284,0.3617231962832882,11.514382849626958,obstruction
18915.979118774598,1.245801115744119,0.7737604475076185,10.028322219104764,obstruction
18921.04965823334,-0.23557537598521483,0.8646858806278809,10.444104033494302,obstruction
18926.026652232893,-0.7754645906283026,-1.1420164037324119,9.508754100719978,obstruction
18931.016291720036,-1.4815288453592204,-0.826692660835981,8.89858595447544,obstruction
18936.053814024548,-0.6550675768528563,-1.2008478342748676,8.048203970447082,obstruction
18941.101903645205,-0.35789092829272234,0.35173893517305904,10.439138513899929,obstruction
18946.06316715158,0.9692197655955124,-0.22595882575529547,10.856338000293313,obstruction
18950.994537029997,1.148021443363879,1.707646809217251,11.058448191282372,obstruction
18955.991248202885,1.566987781808355,0.7518204589372075,10.775017997101509,obstruction
18961.061312358554,-0.8100218953858722,-0.1461191639021129,9.1516676764506,obstruction
18966.15400662393,-1.0799980499313806,-0.11050174917761146,8.794983181666899,obstruction
18971.130390244274,-0.6345153093001976,-0.0552796908077311,8.815285214693004,obstruction
18976.17175157273,0.23202511795487082,-0.8062867768474367,10.256337734805797,obstruction
18981.228230867626,0.37496805106302766,0.11557245822316542,10.824363517942237,obstruction
18986.196223087485,1.6175679133942442,0.3660780582611185,10.893560716403485,obstruction
18991.11873893341,-0.30347963079456125,0.5927280350060349,10.697715087240214,obstruction
18996.161458729064,0.22392999573968475,-0.18598499422831188,8.712201564566714,obstruction
19001.139205271687,0.38262197429678224,-0.12977279597988844,7.86833248084537,obstruction
19006.24570916459,-0.9500538593089796,-1.0789300325047204,9.294377299437512,obstruction
19011.18148482261,-0.019903237547268415,1.5235969111872802,9.663265016473254,obstruction
19016.208899290203,1.655475413380783,2.7014310721619674,11.0475608033262,obstruction
19021.115357681694,1.3040551947435157,0.5093205442088423,10.13920548070479,obstruction
19026.133405607066,0.43926053780469554,-0.12915728123139325,10.267472948963837,obstruction
19031.168870691603,-0.9015788218428054,-1.7340541746222442,8.013532943573875,obstruction
19036.151865706317,-1.3576942871167155,-1.1303750575682705,9.266704846934559,obstruction
19041.167120423794,-0.8263286229497815,-0.6242121263217045,9.12037990051784,obstruction
19046.16575859031,0.33026034097749746,0.5650335282322934,11.007615649974513,obstruction
19051.171968968054,0.8715486854410683,0.906156349464966,11.672495263849411,obstruction
19056.210331991508,0.8398853524685997,1.5100490431928617,10.714115698737615,obstruction
19061.23998354125,-0.8908544549958699,-0.6608817317193756,9.602406173434344,obstruction
19066.252048364327,-0.2248423168616861,-0.9734480783451,9.272228184195697,obstruction
19071.325555934887,-1.2065948003258082,-1.4784863561441477,8.337589038703678,obstruction
19076.338486554952,-0.4499119608294335,-1.5975025150224615,9.610750663342218,obstruction
19081.46288493139,1.0951124150423919,0.7531675063897121,11.02694847617065,obstruction
19086.49453109652,0.9290101771615337,0.8075831931497603,10.97499960210546,obstruction
19091.515786355823,1.2223919769005853,0.7599136613680804,10.075797955716949,obstruction
19096.51292782267,-3.85792635677354,-4.1991959648744634,5.5246158624535395,obstruction
19101.546746744076,-1.4955912955366468,-0.09865728928064699,7.363779631389818,obstruction
19106.585072714148,-0.48263376156379095,-0.934047407759554,8.971724749546084,obstruction
19111.58313194998,0.0015383214930022315,-0.6835131741573482,9.338912195722257,obstruction
19116.57445808658,0.5111271401347816,1.0037580961128842,10.818770406274412,obstruction
19121.59945633958,0.026239500708577168,1.1378200311271245,11.15126385523267,obstruction
19126.511395677997,0.0018831573266284707,0.07266030763425997,10.278513004486596,obstruction
19131.46368325324,-0.2363690104816797,-1.4315571132034937,8.103650938478903,obstruction
19136.51737722109,-2.097411653263805,-1.2986234299593815,8.632336969227692,obstruction
19141.548258419618,-1.2560988608983834,0.3755060008813981,10.08439949910374,obstruction
19146.540500603143,0.4754922331392851,0.022570195535245308,10.971519879377972,obstruction
19151.64905921967,1.205092134460792,0.9106322446529564,11.305063962581153,obstruction
19156.67632751828,0.02386273277227452,0.8648932035265644,9.408934126777336,obstruction
19161.654661828867,-0.015431391401768857,-0.23368723774042494,9.319120175472829,obstruction
19166.694657023716,-1.675405266018561,-2.190329720765772,8.005304050071341,obstruction
19171.714314547942,-1.001975113646114,-1.0086857296697949,8.627133992768362,obstruction
19176.807805736717,0.6087248875020577,0.4772515415326921,9.984490288674827,obstruction
19181.80307017009,1.2861451406874687,2.4732562813335877,10.575038035544802,obstruction
19186.756005881096,0.7171867216315483,1.9300343853539972,11.859058740009214,obstruction
19191.778167005363,-0.19319956679026487,-0.04207986849324513,10.253329586418108,obstruction
19196.808044944253,-1.4267572063956409,0.1056432954201354,8.515762508458653,obstruction
19201.93104617477,-0.8643836305916743,-0.9555619548514035,8.815082200136818,obstruction
19206.895040686573,-1.473125568716417,-0.9183058756012452,9.621403313184874,obstruction
19211.955972314146,0.1444070681791083,-0.44433627107910023,11.317703666132317,obstruction
19217.061854170868,0.16602159850851628,0.25426373516548817,10.939469387556693,obstruction
19222.00030369036,1.4277645837725181,1.470294199607903,10.810243882983423,obstruction
19226.961634747055,-0.14431572842001084,-0.2616700935888647,9.719540841446209,obstruction
19231.889178006324,-2.5181332918624015,-0.35586488482679246,8.76969417092574,obstruction
19236.89522608764,-0.3950424170475284,-0.8492980405988295,9.024278561562369,obstruction
19241.927049352307,-0.11180512296223216,0.012840937767248407,10.239476029324889,obstruction
19246.936654945028,0.43548231782473623,-0.06382805181722029,11.865549582223197,obstruction
19251.927874636986,0.9165117402076162,2.3192544635619017,12.01002709849986,obstruction
19257.00161241225,-0.5085233566659333,0.3712140336164773,10.507978086971796,obstruction
19262.041869095272,-0.3476433333476948,-0.15233985790631988,8.200042796881515,obstruction
19267.029560101884,-1.036778868146112,-0.261227177314571,8.196155341104625,obstruction
19272.10168435851,-0.6489390002545461,-0.7145894733769086,8.789770296733163,obstruction
19277.090864852275,0.4101806854884914,-0.36453492795569387,10.51622948011001,obstruction
19282.167770543932,2.050597593974906,1.1644790836478314,11.108467153701161,obstruction
19287.213798575332,1.259894202885654,0.8896402966827346,11.031319055730942,obstruction
19292.2178294229,-0.5336488854220791,-0.9552915130349917,10.461222517465346,obstruction
19297.272545367625,-1.810397711500185,-1.5895539222703714,8.99494848759199,obstruction
19302.30820922773,-0.7505161075052863,-0.6439654554057341,7.8393552400712085,obstruction
19307.39656930192,0.02416673099382767,0.5221310395693857,9.876111732956845,obstruction
19312.378094891945,1.931958107448278,1.8525820011201426,10.862019265360358,obstruction
19317.34551533167,0.5029752714246477,1.2499927895111116,11.330579059135212,obstruction
19322.37911863167,1.7081103709269285,-0.5153319610128444,10.247884937540547,obstruction
19327.513323092637,-0.15021219296416005,-1.0684949571230542,9.256892206352001,obstruction
19332.54511569172,-0.7226673884016692,-1.4363367492677233,8.79628823028129,obstruction
19337.56768873073,0.4618894797667358,-1.3675141143727312,9.536861661716113,obstruction
19342.507927088696,0.046354436799109555,0.2881455502463806,10.394730385604724,obstruction
19347.42473194433,0.6701864554139165,1.269577937272355,11.030537627953343,obstruction
19352.461143081924,0.582859260577471,0.8862398990727628,11.9688261513543,obstruction
19357.44050787573,0.41731315769508814,-0.4614944235043722,9.108405395221954,obstruction
19362.41061567959,-0.7761221304811177,-0.5889519291485386,9.071988940397082,obstruction
19367.36133483568,-1.3308509546818696,-0.31023483110510885,9.727288844814423,obstruction
19372.389533162175,0.4373942397733627,-0.15189074091351384,9.73434804505878,obstruction
19377.328403072694,0.6487982561511471,1.362126707096999,10.406171045176263,obstruction
19382.33582399011,0.7722639359715735,0.2027344744030123,11.058084611622572,obstruction
19387.320393277383,2.1088248269402365,1.4660775273602784,10.85298808549633,obstruction
19392.380146632775,0.20102716109962324,0.33404825010877914,10.521248233406766,obstruction
19397.36433316398,-1.11697230699409,-0.9815564218513952,8.443871987331452,obstruction
19402.44410181647,-0.9379316842481451,-0.8234762868928647,8.220699813595859,obstruction
19407.46701984213,-1.1158080003304074,-0.4477122092718909,9.895618596279407,obstruction
19412.4171192795,0.6818408176359452,1.3947249730393647,10.60802452244244,obstruction
19417.37918082259,2.652709529238658,1.5279374483173727,11.007631521502255,obstruction
19422.369476555014,1.7271052870448897,0.4670963041635043,10.129061545442106,obstruction
19427.259237917315,-0.3341556807304695,-0.48263352158463635,8.738512139575334,obstruction
19432.226547977698,-2.532996670343784,-1.244898115797783,7.966443758725863,obstruction
19437.26311758533,-1.069842714045996,-0.6973052030050344,9.551932521677667,obstruction
19442.19646058537,0.306930188284646,1.4956045902615773,9.398815940353382,obstruction
19447.213367205604,0.004487083563835537,0.4687146015612601,10.892440553895984,obstruction
19452.190438041478,0.7375376876013489,1.5123132470175842,10.98288742151789,obstruction
19457.26817625022,-0.5352730040098017,0.2394482368319204,9.149634479817912,obstruction
19462.363665298402,-1.6794131476484586,-1.5295884476769017,8.31646502923623,obstruction
19467.346968407193,-1.6107091129751505,-0.646124073494804,8.428451295389193,obstruction
19472.3794536814,0.5041018635331938,0.3865888410077652,8.777629353393113,obstruction
19477.368550908264,0.6841054014942497,1.7545480795737813,11.466779258322441,obstruction
19482.357893233664,1.163526139948821,1.5997766938886002,11.576789888259404,obstruction
19487.37148459153,0.3865010234741943,0.6342845830746004,10.297565839235542,obstruction
19492.365032989874,-1.0093246544188066,0.2634065562833533,8.587640689105555,obstruction
19497.298802806316,-2.1447433314122044,-1.6657508374840515,8.598426479464997,obstruction
19502.32916446314,-0.40563039794476585,-0.33652038011100116,8.833212507835585,obstruction
19507.307977117554,0.4612619083941962,0.019363771568944487,10.834637396946649,obstruction
19512.361140430643,-0.04586092597022229,1.1724093121984167,10.904575710400962,obstruction
19517.43519255961,1.4037916590243815,0.44732348255087084,11.447235501636923,obstruction
19522.40392298331,0.35475892315501084,-0.3215986894431778,10.220276228680493,obstruction
19527.493095533147,-1.3408289146396206,-0.437223914442166,8.633764022707151,obstruction
19532.481751880558,-0.950350373126122,-1.3758987404127563,7.768036922191512,obstruction
19537.505684816017,-0.24836601218464344,-0.2778823601172591,8.879033943011157,obstruction
19542.557902569486,0.7284384965231764,0.8001134497905427,10.654318143797038,obstruction
19547.515788040517,1.614447769980465,1.5621606020516592,11.763278689055182,obstruction
19552.46384721128,1.4903093406350383,1.716714464845618,11.060872659326899,obstruction
19557.43405429215,0.0002534457057870587,-0.8720790373353954,9.830889190354727,obstruction
19562.392651854712,-0.12450626541039278,-1.309901673597616,9.264600800508255,obstruction
19567.417513815642,-0.9526397841698638,-1.4807131744304454,7.640666438955811,obstruction
19572.37885170158,-0.7297673437449504,-0.6907923365237537,9.466766881222547,obstruction
19577.446627067966,-0.2000673506407996,-0.18856897482774782,9.222843213564806,obstruction
19582.501229322814,1.3575489416970465,1.5837658361117066,10.845151224285534,obstruction
19587.391478171092,0.6475273709572907,1.330358886765511,10.500587442929648,obstruction
19592.401398323007,0.505158490327412,-0.5290910898164862,9.40958701362571,obstruction
19597.442463187494,-1.4765622819589468,-0.684853648392875,8.528015648393367,obstruction
19602.5057677189,-0.4972385704640363,-0.16750017172269605,8.028765708200966,obstruction
19607.585236196926,0.24274252521284098,0.513696822864156,9.194062524856877,obstruction
19612.584912637914,1.6527128912806366,0.17944426117741563,9.955440616900624,obstruction
19617.61387723143,0.48815490903957104,1.5071604282254065,11.8896125299985,obstruction
19622.60402036181,0.04448827014690765,0.7141876683258273,10.63855037024826,obstruction
19627.58543524961,-0.3360919481327511,-0.7508038396418979,9.770130954518589,obstruction
19632.570143978115,-0.597076293476018,-0.5565333116297383,7.731241897230379,obstruction
19637.552249689503,0.7743997387388132,-1.0774389859614217,9.012000545250709,obstruction
19642.59536352216,-0.14411736952042242,-0.33917717101078015,10.669921745196897,obstruction
19647.569198929476,0.6211740045713682,2.0030946873646225,11.19710334470385,obstruction
19652.566630738776,0.31973670258646736,0.4125737346286887,9.737546472497625,obstruction
19657.490482107056,-0.7542664075885407,-0.2610819840513432,9.637214542754453,obstruction
19662.507086369635,-1.0310516474322318,0.03470627610559629,7.751381442605582,obstruction
19667.48068763384,-1.2336907079257828,-1.1521889413637172,8.140523920166126,obstruction
19672.45941793041,-0.6764881030048746,-0.10604324784313188,10.168876851861118,obstruction
19677.433132875,0.41368966974520827,0.1281533811677652,10.521242810933334,obstruction
19682.42787527694,0.6711568535836102,1.655777525990598,10.856833878690981,obstruction
19687.466066883357,0.5553374641013165,0.1912536127066789,10.544681181024917,obstruction
19692.46088274974,0.13857565104567515,-1.3609264989653833,9.084066649602041,obstruction
19697.47666402468,-0.7755519191748477,-1.2861219197226132,8.618151419193616,obstruction
19702.39984205057,-0.5532819254661134,-0.7323340576103108,8.882467509325352,obstruction
19707.35611519357,-0.18887132211326488,1.0671433398122088,9.809174077310017,obstruction
19712.303635417342,0.5521559451083727,1.9722490406072577,11.462103913285421,obstruction
19717.25445894123,0.733132017527663,0.8791685560562805,11.311708943255708,obstruction
19722.209694749374,-0.1186842278069492,0.2623890969377964,10.366472833581156,obstruction
19727.18604761958,-0.6980634930850426,-0.5682589099873386,8.930440819621252,obstruction
19732.186939893752,-1.136187529002833,-1.5529094542278363,8.217145168506967,obstruction
19737.15283649408,-0.7353146208569195,0.04659919275474533,9.745479152107636,obstruction
19742.171671609358,-0.12973637219249745,0.8107219758124956,10.666306562423788,obstruction
19747.133347990122,1.8472581511371589,0.6883427853579427,11.274384751040959,obstruction
19752.091315876292,0.9983863707310745,0.5040788775475467,11.106083309055556,obstruction
19757.006652132688,0.3145305963515157,-0.6996548910886946,10.077856244956402,obstruction
19762.03889733124,-1.8575310338617759,-0.7523362229527704,7.326805531016889,obstruction
19767.122247489304,0.43803792487277726,-1.2331816375302416,8.52071328822035,obstruction
19772.228950807286,-0.619570256965158,-0.5069079898841482,9.843139877989518,obstruction
19777.282710463238,0.23650426490253496,0.37481706293210104,10.942717893033441,obstruction
19782.290190265405,1.1101146637459334,0.9889570537505152,10.878639969778513,obstruction
19787.32327855053,1.4918888224488518,0.3487404816105013,10.339248013798667,obstruction
19792.36746121956,-0.8139458414455508,-0.5575685370463659,10.047609291769083,obstruction
19797.384893711685,-0.2637580291034528,-0.5234538214809255,7.100187692532678,obstruction
19802.34330428327,-1.6815127826500111,-1.9070691169469027,8.42498830657702,obstruction
19807.32197067833,0.14850331019661592,-0.5252456538029778,10.496001280192148,obstruction
19812.359988119926,1.4260590742389074,1.2004831426469362,11.439506659746375,obstruction
19817.358058546448,0.3156815785486262,1.3750384060830652,10.976569874762378,obstruction
19822.361133631894,0.10928337734152169,1.5017667186284345,9.566996577373594,obstruction
19827.38245892297,-1.3103214851063918,-1.4295257459651798,7.732731455408228,obstruction
19832.363113671832,-1.4006418657389625,-1.738727711089012,8.25673436819416,obstruction
19837.406255613674,-0.5831975975928254,-0.04924274451626842,10.019285508943602,obstruction
19842.376278155545,0.8478462092258268,-0.8152450318459159,10.290305843422683,obstruction
19847.453767299467,0.5201263137858457,1.2939408791250369,11.417878141530709,obstruction
19852.39011142049,0.4230478690918973,-0.07770562641529,10.387389167054524,obstruction
19857.390586071368,-0.7269895316898984,-0.7829735414465133,9.245710815306609,obstruction
19862.33929214659,-1.0883488169929811,-1.593853445510934,8.071684211041239,obstruction
19867.255266099153,-2.174143913514948,-0.6016650977212703,8.15943846096127,obstruction
19872.212095563853,-0.647480586081123,-0.03337841195296934,8.900990814508765,obstruction
19877.27382926717,0.49627887418689626,1.0716311515685515,10.355371131723821,obstruction
19882.20329161989,0.9761249267517675,0.40176730966022467,10.870547318158442,obstruction
19887.251732770837,0.6617598040994246,-0.4146059531538888,9.861130585900971,obstruction
19892.314758311597,0.21950948633774647,-0.37199187726468225,9.644004450990913,obstruction
19897.26235749989,-1.7032375982926422,-1.5869006082151402,7.821599149990184,obstruction
19902.26759922187,-1.0142459596973261,-0.8770484857918062,9.099235941977806,obstruction
19907.228992504857,1.1955645678387263,-0.1749416538126694,9.918396162973092,obstruction
19912.206409213395,0.21937451663496477,1.1544335137035615,11.123365097923292,obstruction
19917.17714741493,0.5152007916577248,0.3520263277917909,10.569319374244612,obstruction
19922.201120120943,0.5720966077541632,-0.08241546495919229,9.628854556411971,obstruction
19927.096805280624,-0.6359973960076031,-2.104063922041081,9.134930083114538,obstruction
19932.18542683348,-0.7234444006993848,-0.27905266266224504,9.230360902305213,obstruction
19937.34373820417,-0.595252445502982,-0.9235113405429314,9.303010940540645,obstruction
19942.365050648903,1.5913758669542162,0.24003979177433316,11.29400257230611,obstruction
19947.327035205435,-0.17504368053065988,0.5125819034665319,10.983275098386489,obstruction
19952.32811598449,2.2182536604720537,0.714984150294773,10.728106221627137,obstruction
19957.38917022823,-0.5552727193366624,-0.5466728011778736,8.875328186642466,obstruction
19962.429000372395,-0.03999994720518063,-1.7186789119511678,8.504699787346953,obstruction
19967.45317667684,-0.7353430147373587,-0.04316138097541222,8.387778086324321,obstruction
19972.496946915217,0.07835248272567778,-0.07110894328242344,9.65044553547636,obstruction
19977.522944824505,1.5475450106348039,1.3305458482483257,11.040511042845432,obstruction
19982.539266292668,0.9952103736463844,1.525008742912506,11.851575070315082,obstruction
19987.53248833202,0.6203468614355666,0.02410456983981385,10.285242398752796,obstruction
19992.583153944586,-0.46039032078640735,-0.8167452327749913,8.257948126714208,obstruction
19997.71563538307,-0.8966738470204769,-1.1230087235510717,8.06184176191194,obstruction
20002.67533671785,-0.49854169701238665,-0.7487764063985141,8.794802265181472,obstruction
20007.60469204358,1.3697410394435399,0.4659572958600873,9.22231573695048,obstruction
20012.610924228786,0.557840440813288,1.3800519048705109,12.313251483404821,obstruction
20017.622018317306,1.296540771774176,0.5180081969993664,11.129578421457788,obstruction
20022.65957023467,-0.6070122984067712,-0.032722941857640464,9.844810289606286,obstruction
20027.64657742471,-0.39655807989963454,-1.1847446384868914,9.086376297968663,obstruction
20032.624190396262,-0.634081885912203,-0.9044979565034166,8.047780652110866,obstruction
20037.688108408816,-0.08134716287537924,-0.5499930568575488,10.052820002961978,obstruction
20042.63041337721,0.25710202986115444,0.5702350791016789,10.156891533806446,obstruction
20047.621341487757,-0.193924217127452,1.2592151716073134,11.493812891555672,obstruction
20052.575465607944,-0.08247480355328096,-0.5437695502044221,11.491426816538281,obstruction
20057.544576589873,-0.2603230285415208,0.2304733685539305,9.716006398205456,obstruction
20062.47483654079,-0.864164373319315,-1.0624208103594384,8.952749472640747,obstruction
20067.47379136558,-1.5196455647530898,-1.350233535101792,8.394039291048516,obstruction
20072.490179495715,0.3402060510798615,0.003985768457601499,9.316833115468716,obstruction
20077.54637887752,0.4281046648153761,0.21121453188005945,11.511398179212138,obstruction
20082.565046753443,1.9006693408268824,1.8104995557242356,10.527827199904994,obstruction
20087.554298036695,0.029618884384051136,0.6013452411946183,10.801025953819154,obstruction
20092.56140835041,-1.0843172725133687,-0.14645283595747072,8.508724475512075,obstruction
20097.537890196953,-0.8678214373278395,-1.796837090681044,8.63979832988203,obstruction
20102.48459827904,-1.0139945818140677,0.14724589533519294,8.904906341821045,obstruction
20107.455471756013,0.8313774905323761,0.23214211521765257,9.493401633733198,obstruction
20112.360724661987,-0.21360966517554014,1.373549283930244,11.656950672401624,obstruction
20117.411868901607,1.1235594882087907,1.1081266515573984,12.162177677052991,obstruction
20122.378054532048,-0.4609158587825332,0.5802480600585733,9.701324758526221,obstruction
20127.383694054246,-0.8819449522932917,-2.7535770042087107,8.965032836899,obstruction
20132.46502697111,-1.1799272625759931,-0.9123631365860673,7.793471478813896,obstruction
20137.509835369874,-0.4753287191761172,-0.8736195264265997,8.819480121524562,obstruction
20142.502576998933,-0.05970362007404584,1.1294152227221101,10.588990157752749,obstruction
20147.47358183444,0.7949475455232131,1.628470854085937,10.519374920580173,obstruction
20152.432497726688,0.6132673097963647,2.0687295979758407,9.61064910931438,obstruction
20157.411157337257,-0.8464010138870701,-0.8701195877496593,8.707727738623204,obstruction
20162.308542446743,-1.1581093854459514,-3.014809357792827,7.55894088490857,obstruction
20167.25494406829,-0.017840802435671432,-1.1098801082305598,8.754276958032468,obstruction
20172.271754728077,0.14650050370655884,-0.32314390936252424,10.409382813304605,obstruction
20177.238666742207,-0.27596394390336587,0.28109207265114744,10.342936520493813,obstruction
20182.223752727874,1.024793152485631,0.9662458043859345,11.619339085075037,obstruction
20187.186544268698,-0.7156731269133982,-0.5630182595228772,9.998793001650109,obstruction
20192.29588178944,-0.09807629932906825,-0.7688494604678854,8.612399940114068,obstruction
20197.33547955464,-1.012730367796832,0.3088058287324953,8.59421050951433,obstruction
20202.21960092223,-0.7681131326375465,-0.3937633795953777,8.479374234395292,obstruction
20207.17684259724,0.5349941137299874,0.21396918464445908,10.519602385599256,obstruction
20212.22244555795,0.8045410997934563,1.2228771937795992,11.438097847193017,obstruction
20217.10892925622,1.5446071373492258,1.195226811916959,10.76339180997051,obstruction
20222.12389717917,0.09482547320831078,0.7389985588631399,9.553532733692016,obstruction
20227.067120252763,-0.6367701595375563,-1.2812131532125615,8.797107251376582,obstruction
20232.04208598297,-0.9334493488256087,-0.7318594076277458,8.203487668876896,obstruction
20237.09442589142,0.411025654663984,0.22817539775140003,10.379579296807833,obstruction
20242.079787566076,1.803469787830704,0.43283879771810463,11.811108385866197,obstruction
20247.103045099797,0.9104504536395146,2.1282528355285484,11.293343471152713,obstruction
20252.123330230614,-0.12192911539641854,0.10073771204087456,10.79722140705104,obstruction
20257.167940245796,-0.12258633216828907,-0.07600481253229319,9.446446102819289,obstruction
20262.23818947581,-0.0995564994387863,-1.0181542016642156,9.130355133968024,obstruction
20267.245148662998,0.0314275656549462,-0.442272554878053,9.183627641296104,obstruction
20272.222794696623,0.043513495750306774,1.7752581994392607,9.323760086415152,obstruction
20277.26266790137,1.6033137737968401,0.7784942773587822,11.544145038822263,obstruction
20282.267730906347,0.9347415852175837,1.256436039736772,10.960274720180964,obstruction
20287.26655144316,0.1606209335981537,-0.3843797258678806,9.36700014314698,obstruction
20292.19007495043,-1.4155778466910238,-1.2297223214753186,8.437275937036794,obstruction
20297.20976696588,-1.20393957167461,-1.7946308697746542,8.866522731813115,obstruction
20302.225174780422,-1.1105604721347662,1.2518470217048494,9.201842261976209,obstruction
20307.198514947093,1.1770755639244912,0.5426096437959331,11.094313511966778,obstruction
20312.19721047754,1.6045506358725679,1.6182647241070975,10.975410512191905,obstruction
20317.173397136823,0.5710439659407395,0.12316158202879918,10.828045069968036,obstruction
20322.234616203757,-0.46163293158630525,0.19332392204102944,9.430404527783137,obstruction
20327.25317911032,-2.1238853357374987,-1.988352723537917,8.680976948594802,obstruction
20332.21681432853,-1.0982034951833632,-0.8641210358299036,7.891800362650695,obstruction
20337.23052218455,-0.612293453213795,-0.9341374435613172,10.225283119304429,obstruction
20342.20174958536,0.5363822864368057,1.6795464220812386,10.70389882666967,obstruction
20347.16846499111,0.08563273425188234,1.6129957353189617,11.442800861153556,obstruction
20352.148521539675,-0.06886151645172889,1.3687452937804352,10.508401832490083,obstruction
20357.17026655176,-1.342034185978568,-0.21744951064651524,8.965946922934705,obstruction
20362.198296637755,-2.1040148356538855,-1.4361643475842647,7.196197608438163,obstruction
20367.238624314752,0.14825750035648566,-0.011464717840531713,8.972722664609392,obstruction
20372.20829454516,0.3169275256208001,0.7087878176282809,10.461810250648343,obstruction
20377.1686230015,0.8141110397534634,1.8009087623243607,10.593496851360346,obstruction
20382.20265957923,-0.9885657480094945,2.2392019580085503,11.375042296681132,obstruction
20387.133519395724,0.587725380650528,-0.969085077127682,9.930763610592562,obstruction
20392.20073510283,-1.5015079094052783,-2.0477058627555342,8.863495225923142,obstruction
20397.231515275147,-1.8111094070505458,-2.017109265318228,8.600718253993898,obstruction
20402.202486273305,-1.6497764023138977,-0.3313150639041564,9.133479502674977,obstruction
20407.21144779829,0.8292416825991507,0.18476907359212563,10.245321524293622,obstruction
20412.232645619963,0.8928204363563903,1.1249166636961618,10.7165556299688,obstruction
20417.226792725574,0.15670785135658116,1.3135129690926992,9.91786369184352,obstruction
20422.267246121202,-0.2294342085222426,-0.32071712962032406,8.87863201116798,obstruction
20427.218706308806,-1.0990974258009663,-1.3883089401195907,8.82428750932312,obstruction
20432.19445399717,-1.1760990778790048,-1.0259709959876024,8.531240234059023,obstruction
20437.171562127223,-0.4456399910026849,-0.32254603575379664,10.069739769567125,obstruction
20442.105041248327,0.8615241780823797,1.3202791361628274,11.00455432789694,obstruction
20447.106699364005,2.8843848931009735,1.1095067686808202,12.992970020110722,obstruction
20452.058422280996,-0.6401284891884251,1.5120388920980066,9.498149717199958,obstruction
20457.183092077445,-0.14431286015565503,-1.0096228363675528,8.832198860075103,obstruction
20462.13016228638,-1.8163550784977618,-2.683161743959115,7.720040978253617,obstruction
20467.108616905134,-0.6381542610834385,-0.23715682804669352,9.167444645539062,obstruction
20472.130233850483,1.298949108175505,0.5363511088246101,10.86503945330084,obstruction
20477.05523888746,1.6643191773312618,1.3016343424264407,11.831112612037344,obstruction
20481.972316687636,1.059200557314861,0.714276118276719,11.140309381653605,obstruction
20486.900597018466,0.4351744919872943,-0.49821468474323594,10.052244235417616,obstruction
20491.921532037042,-0.924489964220937,-0.8963905079916494,8.822415161246264,obstruction
20496.882424076015,-1.4855555590608724,-0.9436015659135064,8.388435141206926,obstruction
20501.88450800801,-0.5191921414141185,0.7022098685349734,9.765016712070521,obstruction
20506.90487897574,1.0411000116432196,1.4355206695540217,10.520974074305359,obstruction
20511.920452616432,1.771636469540898,0.767863842723656,11.883526166221174,obstruction
20516.888047540728,-0.009171781328971784,0.2584699815524496,11.045232340423832,obstruction
20521.88656508159,0.06976824729317727,-0.49468800180988237,9.298054322216556,obstruction
20526.849576291337,-0.9194178394159167,-1.2371461730401552,8.124431203147587,obstruction
20531.814966325117,-0.4143242284990448,-0.7105397806167708,8.213465550593597,obstruction
20536.80169822072,0.24454285747192153,-1.2430115158316022,9.956462828852851,obstruction
20541.85792258623,1.3902802991421268,0.8677266396256779,10.830440193543156,obstruction
20546.848590012512,2.183852958250996,0.6026957421963915,11.347751293266251,obstruction
20551.855339178343,-0.24734535402008737,-0.6059821751150989,10.010574648938011,obstruction
20556.841658836816,-0.5365737738164507,-1.114946515623897,8.664700210204979,obstruction
20561.865857429104,0.5557766444106484,-2.1310951140095753,8.422313507695776,obstruction
20566.830094886023,-0.9532374855080714,0.1499620343205771,9.665282328647784,obstruction
20571.791092308795,0.4899113915844442,1.2670159956678864,10.951325465843189,obstruction
20576.79585087336,2.2416591675585655,0.3037397817599259,11.681022035543862,obstruction
20581.73793308711,0.6418218290237092,0.6824052027329462,11.405171113181384,obstruction
20586.73444113189,-0.24634286032612993,0.732157486723901,9.64584973334124,obstruction
20591.72561203229,-1.742734973170334,-1.4056801612609329,8.214500629065817,obstruction
20596.737997910393,-0.21150281332296827,-1.2604690344464102,9.296723567983241,obstruction
20601.71566246202,-0.005450721346413279,-1.6698716080505274,9.169483602355017,obstruction
20606.769925182885,0.9386681771314165,1.6897777361837678,11.131326460292344,obstruction
20611.73011372132,1.0209051162193836,2.0473232407209645,10.597057790670718,obstruction
20616.78134061678,0.5879085976251403,1.646071722073661,10.591401342226895,obstruction
20621.787722983427,-0.8147149906157913,0.04858792626597447,8.7741208869367,obstruction
20626.713765369863,-1.1890706121677064,0.1938959397646487,8.860578169213445,obstruction
20631.69259099804,-0.9116065523800823,-0.8601153600963529,8.92246341006751,obstruction
20636.749390975554,1.3052327603593776,0.4568943080053938,9.736838198954555,obstruction
20641.762649286844,0.9717100250916767,1.4011411132159333,10.947938237632492,obstruction
20646.76814208918,-0.11635469075169524,0.4687429173304756,11.517830655307304,obstruction
20651.66850719763,0.6907502715422207,0.46581456073123867,9.28396416558989,obstruction
20656.724502767316,-1.1783965723638739,-0.7653937532670619,7.852380615750264,obstruction
20661.716240698435,-1.5332352678332344,-1.5476449930286102,7.962355446138458,obstruction
20666.695444670204,-0.4278267185799631,0.2330529204143903,9.990253473323435,obstruction
20671.73989232753,0.2288929546090116,0.6584612534821904,10.24473788743759,obstruction
20676.746663857462,1.3428332233287485,1.275901051409299,12.1172190818693,obstruction
20681.706620339693,0.9363352778319943,1.816697588066447,10.455899138797715,obstruction
20686.82445995548,-0.8041372282009722,-0.949143377907606,9.141728862134553,obstruction
20691.936182936868,-1.570902935035254,-2.8472284861491346,8.138750096905337,obstruction
20696.9374043079,-0.7542144777597283,-1.5977209979113707,9.932723168513945,obstruction
20701.937131749095,1.4906026978695046,0.5446176465832647,10.024310744174011,obstruction
20706.972658903054,2.035377646485724,1.6417117956369152,11.304216874099813,obstruction
20711.979050365204,1.5068479963678012,1.0019791951146324,11.149431519170788,obstruction
20716.94365121947,-0.7604325829146079,-0.5689968029161723,10.39946300679144,obstruction
20721.907583872773,-1.3273487241193682,-0.7533473342932994,8.974404466456926,obstruction
20726.893804282474,-0.45844590357244575,-1.0135248592360575,8.568169846636527,obstruction
20731.901525337416,0.19023177255882706,-0.6247548609023339,7.82832873520284,obstruction
20736.929654927964,0.11725844173759942,1.0149083449332734,11.091265738819967,obstruction
20741.939551729294,1.997692495299557,1.7131029403153684,11.548082068767426,obstruction
20746.904210705976,0.8249775468484085,1.5981139946118397,10.177863098926203,obstruction
20752.008541083287,0.2890104624496914,1.1303479607601055,10.037703266578367,obstruction
20757.041349724816,-1.4876342679030023,-2.160166488432119,8.635719439505838,obstruction
20761.982414458504,-1.3463805286392756,-0.30547771096578646,7.831953972235527,obstruction
20766.983721602483,-0.5415129354736148,0.4182005952695159,10.11813817081723,obstruction
20772.00842707673,1.023021273923459,1.113350289286453,10.406286240475232,obstruction
20777.019936648572,2.275209911815996,0.8167520577953973,10.822373407899711,obstruction
20782.05778798248,0.6334432740070152,1.113339568723903,10.459307255013625,obstruction
20787.096989431404,-1.0008900524553557,-0.6085695987631816,9.100740149244531,obstruction
20792.14436000322,-1.182756989325137,-1.068284550117812,9.395969177198863,obstruction
20797.14795177864,-0.5680638345408099,-2.0685335762954087,8.717147045960916,obstruction
20802.14666530065,-0.6131690147567549,0.5780813757634553,9.998296634816906,obstruction
20807.14430239737,-0.050538983741511334,1.4384239031275086,10.952334027460823,obstruction
20812.100282748477,1.196516288910194,0.6861355902383461,11.247113164168686,obstruction
20817.111909535633,-0.4994672453336906,-0.15223974530063794,10.844466105394998,obstruction
20822.06864159042,-0.12191924345006944,-0.9679464628218086,8.290605770255613,obstruction
20827.037507063407,-1.4954584237150954,-1.674030300847119,7.885175342781494,obstruction
20832.086729541224,-0.5529946846823847,-1.2574739675245468,9.309814680153314,obstruction
20837.0551093881,0.3482444416576592,0.58844365455112,11.168867170725349,obstruction
20842.11964018768,1.5362026358687384,0.4913948578979863,11.107423089076025,obstruction
20847.044238038263,1.3790299653741682,0.41166420609860827,10.5763960088954,obstruction
20851.930339269722,-0.41011352198179657,0.9014118277902796,9.286154707714134,obstruction
20856.89615981672,-1.2694264707810774,-1.9058069338259305,9.28366953496597,obstruction
20861.893023696743,-2.254200226371414,-0.7043191104731961,7.325135723290501,obstruction
20866.857620590516,0.2131311597786561,-0.1308264067024917,9.638134967346819,obstruction
20871.865259915416,0.9737504682814894,0.2371315200674997,11.172212672720983,obstruction
20876.800782270846,1.027016902986113,1.6333417231027103,12.071011505884952,obstruction
20881.825183494304,0.02229558252794911,0.8197736935177307,11.23223032767857,obstruction
20886.868042512753,-1.8312727936795277,-2.1892610160428423,7.988387041390756,obstruction
20891.883449234796,-1.033065233137593,-1.3830966139528258,8.15652319692722,obstruction
20896.9500863914,-1.5018879842250805,-0.6825596469570029,8.222460740441024,obstruction
20901.916588705495,0.6706718951845898,0.6020579630952658,9.820500197200055,obstruction
20906.98049602752,2.8614892704290833,0.3990704972736634,11.194379202746378,obstruction
20912.01095227846,0.1421824857924433,1.030709456453693,11.495726215110643,obstruction
20917.078832491217,-0.6759272736717721,0.6393840415743101,9.729188713961713,obstruction
20922.1749328237,-2.222729338212309,-0.6106923148803453,9.35470271912049,obstruction
20927.15208303654,-0.8992811342375194,-1.4026577411206533,8.354293801429684,obstruction
20932.183465762624,0.20814063418693232,0.7751427829957428,9.64028052828759,obstruction
20937.259567026926,0.44691094840438517,0.7101222008473479,9.945302630791168,obstruction
20942.23825966079,1.4964578432464013,0.519117007316819,11.332885666190744,obstruction
20947.165761274584,1.8011624038025609,0.7653470252977241,10.586839831253862,obstruction
20952.20807187295,-1.0893094751907757,-0.1471488140310631,9.57163650346736,obstruction
20957.050209190442,-1.1738637952981072,-1.522752952249208,8.831364232483228,obstruction
20962.032935666986,-1.0198369144646071,-0.15586220014285468,8.5110469066564,obstruction
20966.99245279413,-0.34274634255641334,-1.5667025100253855,9.563783239442712,obstruction
20971.977381327906,0.8022955392426951,0.4894171527048993,11.360294543766367,obstruction
20976.996118690393,1.221971771422904,0.5722308310227913,10.874480485012894,obstruction
20981.963388749995,1.1790252875501532,0.48168223896046947,9.803776408309764,obstruction
20986.88320099747,-1.6873624672317518,-0.9998482062173422,8.927800246299915,obstruction
20991.85990229646,-2.0540906231689595,-1.8742258171266468,7.751506508249295,obstruction
20996.747228847726,-0.7817229341045929,-0.2921206030932815,8.607678458306005,obstruction
21001.765898085945,0.0939798136961345,0.8902917387312821,10.679633897826054,obstruction
21006.790666741592,2.0387162183301335,1.2758947667027734,11.440575654521487,obstruction
21011.73625988582,0.32912867120945544,-0.4364766222334755,11.393239215376639,obstruction
21016.725069480257,0.4872749615863877,-0.6752112187301396,9.814589840834032,obstruction
21021.680633512977,-0.35000890149976516,-1.2140892926340292,8.564023822401134,obstruction
21026.737124985106,-1.8350740484246004,-0.5710543603746789,8.834351264134677,obstruction
21031.729933591247,0.04625473444741235,0.1568052527292575,9.902258359210379,obstruction
21036.78536458299,1.463135469317384,1.0120486824545747,11.110364667914608,obstruction
21041.832658496212,0.4371979411288087,1.9302422715957084,11.067431642100283,obstruction
21046.840721327826,-0.017092177910939976,1.2405667131744333,11.510018657774529,obstruction
21051.942396411967,-0.24020981800405403,-1.3228497541850925,8.65267752911694,obstruction
21056.8903890015,-1.7352465611632115,-2.466795700772221,8.060016178613617,obstruction
21061.906410724212,-1.0017201315768225,-1.0377655901368374,8.850658708399616,obstruction
21066.919738556695,0.16934723567347915,0.14238668935168736,9.955349673227728,obstruction
21071.925646532814,0.07774768126499554,0.3734974292127272,11.152364593233703,obstruction
21076.962561159766,1.1535680263097419,1.679365831073199,10.84933730266647,obstruction
21081.899352822562,0.9396873620887176,0.9672135767572738,9.969230530683273,obstruction
21086.842544439947,-0.5957913445938106,-0.8513623075296204,7.84456318333104,obstruction
21091.85489772657,-1.3273406898439721,-0.6277535019319355,8.47875695101757,obstruction
21096.847481760713,-1.1649930261184331,-1.1163925136067077,9.22395875399686,obstruction
21101.77040581871,0.5950089190758621,0.29272422254315567,10.459090588162956,obstruction
21106.767858034567,1.3806640769411862,0.31812054455968586,12.125647084788827,obstruction
21111.813713880507,1.8185074679391664,0.1711810539194012,9.958327615540124,obstruction
21116.83959486442,-0.8912581458863934,-1.3270568679703216,9.002693341409904,obstruction
21121.80178422402,-2.5211057555410914,-0.9119662305602443,7.770566392301155,obstruction
21126.853296402747,-0.7585329739931689,-1.3292914866857233,8.464493348002321,obstruction
21131.84306413584,-0.5623501168537082,-0.020529765964789247,10.104360781804143,obstruction
21136.82398316932,0.5032690083620713,0.5608346415856926,10.359140207967739,obstruction
21141.943162106716,0.9800703759188151,1.3842367764925156,11.721560880924756,obstruction
21146.981067808803,2.2159543251011806,-0.6099086225265453,10.518863334945502,obstruction
21152.001569255746,-0.7696948784331659,-0.5959024163110413,9.130598106525506,obstruction
21157.047094076686,-1.6143506111169872,-1.2985106513226243,8.691778677208701,obstruction
21161.992349250206,-1.0879964032668177,-1.0031697051214574,9.013512436402648,obstruction
21167.015256610874,0.2656259300791439,0.14922870297259067,10.138219176402636,obstruction
21171.97323246325,1.7637317164479023,1.7897505014019077,11.756024480906971,obstruction
21176.983292452423,1.0931323342567776,0.46827838688998297,10.923307255360044,obstruction
21181.972488393487,-0.41348259911887847,-1.2151192434377052,10.047237166868147,obstruction
21186.95745405899,-1.377175478718907,-0.4826853371764319,8.843213515946232,obstruction
21191.871325101445,-1.224972838819674,-0.9842692454618309,8.629574197437842,obstruction
21196.912549978435,1.0821748952921684,-0.3453933394339166,9.575067384038494,obstruction
21201.871049761852,1.192716876624638,0.957112710458312,10.799855747285381,obstruction
21206.8864180341,0.5777522536834165,1.0541674309961258,11.105715515292408,obstruction
21211.785987470852,1.1626329970466216,0.09069695547878304,10.333637831509286,obstruction
21216.75690351797,-0.8800881481142853,-0.5718915964254994,9.447853504662326,obstruction
21221.826846244734,-1.2853523736506922,-1.3676858705542523,7.988827670597983,obstruction
21226.793138847763,-0.7209857396926909,-1.5016474576644834,9.442110567079355,obstruction
21231.814539002302,0.2514844196926065,0.5962199270791539,10.126607259355524,obstruction
21236.74873736763,1.3105051070102882,1.1250479744408086,10.05653616333976,obstruction
21241.809474059377,1.085599969567443,-0.569937436011511,10.863923552831883,obstruction
21246.853592814598,1.3618467765344233,0.22870617067875612,10.994928541310871,obstruction
21251.858247784065,-0.3557630854640555,0.31002781156028714,8.75916808025319,obstruction
21256.777916575465,-0.8195863238522323,-1.0402208759580924,8.447491179878844,obstruction
21261.811013381266,-0.5754502047635768,0.3329899699535136,9.317826419571878,obstruction
21266.837934302424,0.1787542932255684,0.37670922931592393,9.83027557786619,obstruction
21271.77419449453,1.768319362120347,1.9510721178637414,10.718116594593512,obstruction
21276.739084068497,0.926912804982619,1.0979409183436564,11.656425558433078,obstruction
21281.777117028014,-0.39818001848531304,0.21667761300237645,8.876033911251291,obstruction
21286.75569506668,-0.18915985375793254,-0.2608396842712505,8.26437668911466,obstruction
21291.637979467123,-1.0634729270506758,-1.6067726341552078,8.04903378415055,obstruction
21296.646215717465,0.03531435167132743,0.2582242202585858,8.88597877824747,obstruction
21301.643242185,1.6618089302136312,1.4108695673328637,11.188843469283077,obstruction
21306.650605789022,1.3445680735241579,1.1413955987713311,11.561216720095596,obstruction
21311.623810059355,-0.06358686101180666,0.9242069444933992,10.97570797841619,obstruction
21316.62247631887,0.6061172456419771,0.0009023307578831519,8.510519998455242,obstruction
21321.60629411193,-0.9730937583238431,-0.4901697252919497,8.289230291901001,obstruction
21326.71283632001,-1.861090901857688,-1.2795533876622258,8.598723482911861,obstruction
21331.786770911174,0.8776892052018301,0.47102174635891,10.178312061716417,obstruction
21336.74290072441,0.01899020037053578,0.39960044363657066,11.560959189655083,obstruction
21341.773856083866,1.0920656093293035,0.29491072039276045,11.20934059227101,obstruction
21346.77343953152,-0.21535878885381265,-0.7355625679406108,9.815172726240256,obstruction
21351.827780679716,-0.7190008493529755,-0.3687372893344577,7.711369007870367,obstruction
21356.83351495288,-0.18798489373583704,-0.9666705071731124,7.977576843161617,obstruction
21361.79436644117,-0.5349513520425855,-0.17686351581808799,8.638572012046415,obstruction
21366.766884304365,0.36629153861340397,-0.382504531255752,11.654297826432943,obstruction
21371.846085494042,1.5644527578242522,1.683502580571755,11.179645304742687,obstruction
21376.809922998673,-0.9291178734334732,0.6473937459379298,10.662984060329698,obstruction
21381.775078609546,-3.8773030706556026,-4.662030515901687,5.526924643144857,obstruction
21386.7811401093,0.052062229771442814,-0.6751734048911884,8.593979674636005,obstruction
21391.817858014703,-1.4149983091168732,-1.1324307643855662,8.667823040036065,obstruction
21396.853499349083,0.48531056235181014,0.7597667980655327,9.460942329329121,obstruction
21401.854749571034,-3.123363443165477,-3.1336259466311,6.558135583541239,obstruction
21406.90236305383,1.1346923059205178,1.4243052167408414,11.424124392691999,obstruction
21411.84387843101,0.6367436993220088,-0.6334199531035913,10.331843407976828,obstruction
21416.883122136675,-1.3058819987024624,-0.7700684307990936,8.386664015892256,obstruction
21421.903447384146,-2.7479320827676252,-1.9534864438765438,9.08166317530334,obstruction
21426.769316216,0.3187746927620386,-1.0942421120397978,8.917322834058277,obstruction
21431.695544629296,0.18720518080644236,0.25666071926136785,9.688664111664117,obstruction
21436.787876115624,0.3155151416785996,1.479681885339711,11.40179180182502,obstruction
21441.85540523249,0.8120973420120677,1.6207304894789565,10.874736502732741,obstruction
21446.822250916706,-0.38551953772461095,-0.33511079384040154,10.562666612658951,obstruction
21451.83902818197,-1.4348753523801294,-1.5636150833805642,8.256169005668236,obstruction
21456.838545730185,-0.6856326643969253,-0.145919183062591,7.543863327765616,obstruction
21461.83428787688,-0.5029333931806915,-1.7641127917749528,9.25144452134671,obstruction
21466.828913785444,-0.14881819177507105,0.8590643099868827,10.224104167732692,obstruction
21471.855906236844,2.0534059128081754,2.000307985515139,10.528469274386339,obstruction
21476.896786444642,1.5692521115952118,0.38584615013904994,10.094356593300454,obstruction
21481.87133934314,0.10074711163760619,0.06500069702429889,9.126956734053099,obstruction
21486.890047119796,-0.9853939737076152,-1.3987142769221426,7.967799547134842,obstruction
21491.845883567825,-0.7771462441789649,-1.5005471580824992,8.106069461877883,obstruction
21496.897247571993,0.11393871587388432,-0.14468035019760056,9.77634659486451,obstruction
21501.857163095563,0.8834245368550101,0.807131948288963,11.060786169446194,obstruction
21506.78977870011,1.4457000996115474,0.6570544262867835,10.517490769248106,obstruction
21511.72656576237,-4.089596560015051,-3.3621312190365478,5.897141712586516,obstruction
21516.732132637473,-1.477346574365597,-0.36797949585387646,8.321379951811455,obstruction
21521.711647214845,-0.8594528176238085,-0.7287958386002441,7.767234461316185,obstruction
21526.70190557485,-1.555325560666946,-0.5965486992210272,10.00641353039678,obstruction
21531.658811174115,1.7198878407517917,-0.22225802253353688,10.109314859513693,obstruction
21536.589433536617,2.2995313233988126,1.4528238865868282,11.428187125787039,obstruction
21541.646829678713,0.5296648557754445,0.8950785768713136,10.948615694113075,obstruction
21546.61945550295,-0.26229843227232796,-1.6632095735101378,10.0915001174158,obstruction
21551.57519129435,-0.5196117286658947,-1.3411090317271521,7.978286025592123,obstruction
21556.606712711837,-0.6189397924124368,-1.0187977686210545,9.578498323906533,obstruction
21561.641153029155,-0.43401692474727555,1.2825344926675557,9.685545868878403,obstruction
21566.610592077017,2.140055698903782,1.975149728462267,10.057068438840261,obstruction
21571.733813324543,1.644546507103474,2.3609864259086217,11.355914225279495,obstruction
21576.756882462752,1.2295863857312677,0.05031846021265013,10.339928938781243,obstruction
21581.796106991605,-0.3046431116803826,-1.0235187599978348,9.488064144705476,obstruction
21586.77889692029,-2.226597271882023,-0.9556398698968291,8.420468824327937,obstruction
21591.81358300208,-0.5652738442960208,-0.4242982899056274,7.715692484769795,obstruction
21596.782644838928,0.5716012591200748,-0.2787431202490906,9.303522087501728,obstruction
21601.729945228977,1.2267062483232964,1.6061676270959446,10.450473547234264,obstruction
21606.65867712047,0.5162704353386515,0.03536830713199213,11.457436537625831,obstruction
21611.692777236727,0.30665428065196554,1.0204507305057675,9.146772152855158,obstruction
21616.66594962332,-1.1102199401784665,0.2947316427336759,7.862994262969156,obstruction
21621.738185402726,-0.5305182681339226,-1.405334610398078,8.162740843036351,obstruction
21626.77297993744,0.05179368451749761,0.3250428329886777,10.138386620336085,obstruction
21631.735947815487,0.9331427402812781,-0.284035539437934,10.222128773800705,obstruction
21636.68233072253,1.5513403509245796,1.4849274716704943,11.584217963751014,obstruction
21641.592676796223,0.9895261610852548,0.8263191819497103,11.073481248735444,obstruction
21646.559501201307,0.03088194485300816,-0.6803533476828124,8.966476906254467,obstruction
21651.619913830345,-1.3872415988135454,-1.330893544264799,9.30867909464137,obstruction
21656.617737541143,-0.23590917746122608,-1.2550782708527453,8.124657750682916,obstruction
21661.627330108568,0.13833794030762417,0.5669287408553385,10.385230220420075,obstruction
21666.634577114026,1.814114844446113,-0.24056350357780398,12.000341663918018,obstruction
21671.63084046147,1.3671964011279576,1.6354478267587762,10.698208743646658,obstruction
21676.65571729631,0.08428640135042399,-0.546505143102141,9.58666794272797,obstruction
21681.606338046746,-0.5772876618446502,-2.3237607449641597,7.675074237682716,obstruction
21686.578235488203,-0.9552330295224956,-1.2694301096752156,7.983459649043401,obstruction
21691.591525268675,-0.34563122468461044,-0.21867829672626277,8.495876750624523,obstruction
21696.625732674533,0.3982538824531978,0.6165619453398894,10.610766666022023,obstruction
21701.629649135295,4.967725917350211,6.096075999662891,15.726299713189489,obstruction
21706.62048078043,-0.2058874263463195,-0.052048769321204946,10.423178367828887,obstruction
21711.59172735399,-0.057294312729263525,0.15855395432452668,9.305892827085763,obstruction
21716.589059438822,-1.4788158896850252,-1.099191923568915,8.993927175013061,obstruction
21721.60623442155,-0.3988663312905002,-1.589131445136679,8.759542761393622,obstruction
21726.704307229236,-0.46458931118851726,-0.5823041875037072,8.760790721050709,obstruction
21731.589622326755,0.21531380287005464,1.324244155238,10.264871828854114,obstruction
21736.567727030964,1.1225219360920202,0.28676549896888737,11.18985753237109,obstruction
21741.54941335127,0.8488398145526299,0.8855414648910283,10.24641067251312,obstruction
21746.57640245535,-0.8204456912491291,-0.229607717402801,8.733966753017562,obstruction
21751.474415991717,-2.133943292950133,-0.8294594768727204,7.937722865979694,obstruction
21756.444913652147,0.00038440438778042374,-1.350855774112566,9.879381073083819,obstruction
21761.41869550693,1.078492573456345,0.6712239775808092,11.805818949214489,obstruction
21766.291572989947,-0.3228474698917425,1.0656143797581354,11.505710801658001,obstruction
21771.348479269487,1.8723975795186754,1.1851411269988525,11.30831201171235,obstruction
21776.388131732554,-0.5090807584606165,1.5196243334145758,10.55689173082919,obstruction
21781.39406491494,-0.7715340708661976,-0.6311540702352183,9.293646913009262,obstruction
21786.452311419376,-0.7081674310506622,-2.6668039985649283,8.266285196307289,obstruction
21791.448645564167,-0.5491385643307397,-0.40190515425527773,8.82091731221541,obstruction
21796.426402239667,1.3488901874763641,0.6808076679766165,9.927318735753875,obstruction
21801.43822670438,0.9300064743593978,0.8423233887005621,11.158061112792318,obstruction
21806.465312801924,0.2278177279989113,0.5039910993327887,11.227649332479107,obstruction
21811.436106663317,0.07645302587370877,-1.0581022191469196,9.95018630806497,obstruction
21816.489412346393,-1.1760659062332892,-0.9255780737131832,9.35431436538511,obstruction
21821.48435654413,-0.9208708460135575,-1.1560929907221384,8.582970645057825,obstruction
21826.484514060954,-0.6025308364376758,0.3447624136379821,10.489645816942307,obstruction
21831.56879637394,1.4202428204853568,1.5668783035730385,11.11320615822736,obstruction
21836.60747620848,1.3300713952658842,2.0970509116951916,11.919042892291015,obstruction
21841.698217727375,0.15673833931682613,1.1425300716397704,10.821552251383086,obstruction
21846.69195988704,-0.6796713697203532,0.47036118663342874,9.369940644479557,obstruction
21851.65150070165,-1.5519394749254394,-1.8923691311787008,8.518249535665266,obstruction
21856.649019431563,-1.5079602630554882,-1.2458664346510895,10.013942332283271,obstruction
21861.659477238976,0.7273656340548977,0.4977161719219461,9.657965898559137,obstruction
21866.754519122518,1.3170902040851393,1.8076736030250133,11.140276033144069,obstruction
21871.749793097057,1.2586134268754472,1.981427377793353,10.563513591323925,obstruction
21876.72489439478,-0.02854038001369913,0.5664795045810591,10.360597537075195,obstruction
21881.73445227803,-1.8372519556692901,-0.2676868722271164,8.16441646528807,obstruction
21886.674608526773,-1.500782585856032,-1.3848442827551892,8.618211234192096,obstruction
21891.638889601294,-0.6109919803358422,-0.7542764501888153,9.608846784512346,obstruction
21896.690607369896,0.2305082838957403,1.5914525657055023,10.649693179211743,obstruction
21901.611720470257,1.5833644792278938,1.2266654935040233,11.313364603911209,obstruction
21906.687107398015,0.814396508272702,1.3406200195770153,11.435211915926558,obstruction
21911.64256407685,-0.5540251571433251,-0.715403249017659,10.45298150289101,obstruction
21916.59162805454,-1.2940984798326667,-1.7149417098361415,7.304611594332129,obstruction
21921.615386520967,-1.4419987287147726,-1.1223633638845434,9.013354597340589,obstruction
21926.682513092386,-0.32154853614947304,-0.7460254566500446,9.959504594479588,obstruction
21931.540996841894,0.8848080600962505,1.297855165901487,10.68626174780545,obstruction
21936.56499898704,1.0341063057942064,1.6924495278200555,11.670207909373854,obstruction
21941.61543363919,0.46479275916147533,-0.8964104014006019,11.000198151467927,obstruction
21946.505482577813,-0.3900328185137264,-1.0448964712662705,9.64136144605439,obstruction
21951.44671588423,-0.9030712795844069,-1.3644595441395775,8.261463955433365,obstruction
21956.435323374637,-1.4878931236825879,0.6620479482341979,8.843405321871362,obstruction
21961.426194698204,-0.6129921689513028,0.01890861953050249,10.281361145973783,obstruction
21966.36085488018,0.8380105638470788,-0.09490209475080158,11.397708231966718,obstruction
21971.355475152915,0.7993354504680883,1.4291811633792242,10.971902516347107,obstruction
21976.376671784285,0.552561286837928,0.9858539121330643,10.11496932447174,obstruction
21981.36047137934,-0.5651382878782327,0.546636760600739,9.155802928756579,obstruction
21986.422286125588,-0.8902203851270654,-0.6176125997880197,8.57143763597003,obstruction
21991.39313732702,-0.7150799183643721,-0.6747115900051482,8.819223614672348,obstruction
21996.43358580695,0.536385703113986,-0.39287153100505623,10.016643899781608,obstruction
22001.488625869988,1.271094612271845,0.1270208268458537,10.979743293055334,obstruction
22006.441768611912,1.1208815133965573,0.7048315912231926,10.449896705155277,obstruction
22011.479592598884,-0.02702464253939757,0.20840174111680812,10.13193009254931,obstruction
22016.53108820585,-1.2813536458511363,-0.6696187482965129,9.161048827126132,obstruction
22021.50137832993,-1.2709674072366879,-1.7761949209307883,8.210492033108872,obstruction
22026.574773805558,0.33133089058893195,-1.138982859224867,8.823177080423328,obstruction
22031.526485868406,0.10690337234430836,0.4411380286740606,11.062570698211863,obstruction
22036.478809382825,1.9882538039644646,0.5109257840177129,11.668015821180724,obstruction
22041.492174414783,0.8691238424980977,0.6827705889996964,11.923895330372039,obstruction
22046.532059237987,-0.38410193921287716,0.23884001555253087,9.610529350330102,obstruction
22051.56027638053,-0.8736593494804303,-1.3234421595702264,7.973813816479302,obstruction
22056.5305118932,-1.5370827689666442,-1.6641648083144713,9.532582923885329,obstruction
22061.50286477508,-0.6433879800616815,0.4527995760751147,9.147276816742304,obstruction
22066.466738574145,0.24092625717627086,0.05517397864908358,9.884642320937854,obstruction
22071.51815857619,1.0217101284180383,1.2766573182170844,10.92969059287139,obstruction
22076.46218805464,0.6791773884062637,0.6529265520665077,10.299238792177649,obstruction
22081.488204755475,0.3381629505607955,-0.9852969803139815,8.568884362130795,obstruction
22086.571905217774,-1.3403188032050903,-0.8134994387429212,8.280073467785666,obstruction
22091.55644606736,-1.7037750178974833,-1.2506336789215726,8.218639639574373,obstruction
22096.531387227962,0.9903037992289102,-1.3748446141220183,9.459672997716602,obstruction
22101.529221284687,2.148411611302021,1.760257882240055,10.25891065837142,obstruction
22106.560859457582,0.46037415412973803,0.3449739925883747,10.944918731892017,obstruction
22111.583825557802,0.453692774973287,0.4178564481210726,10.835624892127422,obstruction
22116.65046242858,-0.6191348489477921,-0.4616694383449841,8.792421966651847,obstruction
22121.5694838522,-1.8259106195864887,-0.39558283451120857,7.890761853606217,obstruction
22126.563447720233,-0.1361175160054462,-0.6485466445497908,8.522989245104672,obstruction
22131.571196403253,0.27116527322894823,0.13287359054257258,9.354760798458038,obstruction
22136.481243679344,1.0023033002186026,0.2131822310954813,11.061635187926539,obstruction
22141.48323040347,1.306717691762709,0.8736381697422043,11.016561161568081,obstruction
22146.533752476236,0.6324989731934746,0.023319631181237213,9.405509719705726,obstruction
22151.527280346498,-0.4363851982571313,-1.1465177488170346,8.816689202378221,obstruction
22156.55184055564,-1.0367942086604611,-1.7965673425135162,7.949263199904675,obstruction
22161.59211409075,-0.07928901260680749,-1.3323078539461244,8.881098482521766,obstruction
22166.624017261707,0.3752309424604528,0.5480328371431459,10.827652525329974,obstruction
22171.61452655111,1.2609876591406832,1.1313698322931482,11.234165071596745,obstruction
22176.6362671973,1.5892351530685969,1.1016330116959114,11.722922224324085,obstruction
22181.701819959468,0.9266702105482482,-0.04175699964623875,9.038172517386553,obstruction
22186.65550505268,-1.0027307551417923,-1.431545453611207,7.959190612251281,obstruction
22191.754538428086,-1.0276103502970948,-1.3937555499144154,7.599357858213817,obstruction
22196.829426076212,0.05140638852383646,0.4839714115781554,9.789119903407945,obstruction
22201.790747362254,0.8056373670884494,1.173711859674748,11.390837430059177,obstruction
22206.655170267277,1.2114004714555076,1.066715243458719,10.584246735938459,obstruction
22211.699759976414,1.0425214338468418,0.13916552494769957,10.548067298058898,obstruction
22216.71179074555,-0.7292172380943693,-0.13099307981416974,9.948586127372518,obstruction
22221.76196659794,-1.4058836832638313,-1.1312382170470756,8.506213687850291,obstruction
22226.74651801964,-1.230115287654528,-1.8362282986276204,8.197029095398419,obstruction
22231.69837666481,0.16234256250384432,-1.0513888107773501,9.442985453745083,obstruction
22236.743892535742,0.8727639406879373,1.3649066926536824,10.867808175331374,obstruction
22241.697034872774,0.6968912931250579,1.2964258761468912,10.918390641953987,obstruction
22246.658198808498,1.2101661769473486,0.03512101114957124,10.27598829889143,obstruction
22251.770115736435,-0.256162436778788,-1.7665187188060187,8.226877910060432,obstruction
22256.761447897752,-1.0600715446276348,-1.6361232187898382,8.650817120081454,obstruction
22261.829611639725,-0.4970119485707462,-1.121854491637784,8.725918521330085,obstruction
22266.827599949775,0.5910935820135262,0.8800022520926168,10.33971447815833,obstruction
22271.826885290127,1.929630644380319,0.7971769334034391,12.234364462853872,obstruction
22276.803781140297,0.41468412037959457,0.23493404161705167,11.460892625989713,obstruction
22281.808512579206,-1.1698108768587079,0.6757093359306097,8.81918504384877,obstruction
22286.806988906796,-0.9968432675864876,-0.0023892029066170384,9.493759005315882,obstruction
22291.878594021706,-0.8683864940733039,-1.863216870817135,8.745038998053634,obstruction
22296.93818302853,-1.7472125889621133,-1.768455057249155,8.825971654888042,obstruction
22301.982160313717,-0.3705510130475408,0.42199357225099,10.730438641367126,obstruction
22306.963785528347,1.0000591678546482,0.8846357923713606,11.47352938994567,obstruction
22311.911290563126,0.7636976830311197,1.6676754651607557,11.173122333620775,obstruction
22316.95874916834,-1.1550567770096196,-0.3248886273303836,9.580226678846124,obstruction
22321.955213745987,-0.8032315598358928,-0.06927665838180186,8.402275509225198,obstruction
22326.896728471398,-0.9944721266110309,0.6154885731825925,8.516911932262111,obstruction
22331.83615324039,-0.5584613322563261,-0.4539143582829548,9.597101946985308,obstruction
22336.89394979918,0.020971312801069453,0.21302136200487737,10.889349809548055,obstruction
22341.85095533793,1.1019475735790156,0.9936890030110315,11.273064065259858,obstruction
22346.924064540006,0.7497500563155448,0.5470497551124314,10.072880797765025,obstruction
22351.891354918564,-0.3424363399198229,0.30947020784018964,9.556190293959936,obstruction
22356.8890231161,-0.5695169846488407,-1.2167249461755818,8.883465660833133,obstruction
22361.89280878213,-1.0051492415565813,-0.5500966220461114,9.055494253754334,obstruction
22366.858321862845,0.30846026637195734,-0.47158539331432503,9.425817566821744,obstruction
22371.758153161056,1.5658053276193478,0.5160887147390545,10.592580449592871,obstruction
22376.8255256587,0.7207319439678518,0.9324853341016429,11.646522672012622,obstruction
22381.840356725155,0.45425750213277394,0.9062140808411728,10.745499985417617,obstruction
22386.906938190627,-1.0550851804803818,0.05014251776671386,9.249024942171967,obstruction
22391.972174753104,-2.0152948914793205,0.30494139166396317,8.299789905912114,obstruction
22397.01079135756,-1.891582124008779,-0.5829893853458046,9.054958970084872,obstruction
22402.071215742464,1.022146028758103,-0.28309419820535153,9.630699635086346,obstruction
22407.073594768168,0.10828105805210475,1.026527137017743,10.867252285927288,obstruction
22412.12964063393,1.3780244719417685,2.3070879783345943,10.161456110372553,obstruction
22417.10778745746,0.1608495196895003,1.0755711815613374,10.72620445402397,obstruction
22422.166534314103,-0.4471786867874774,-1.3591862940165789,8.329510462524437,obstruction
22427.165945179375,-0.4646399521897233,-1.1680993914710958,9.140251605451233,obstruction
22432.085505381623,-0.3211123393938884,-0.7567075775383694,9.08758160553702,obstruction
22437.125252540853,0.48256876584025715,0.2829741037666503,10.61922728962352,obstruction
22442.12156610463,1.8637520367121283,2.34626077199548,10.97610050559109,obstruction
22447.067567741524,0.7709793363350514,0.7230986793816532,10.589281026865288,obstruction
22452.074426353276,-0.1102702347661888,-0.202815252865497,10.27159332184954,obstruction
22457.045406971753,-2.0022446004776526,-1.0551478518131385,8.769039993155204,obstruction
22461.956402178588,-0.9056549454487757,-0.8485651817902282,7.818196403090899,obstruction
22466.97734549421,0.39114872488536906,-0.3873997564837392,10.046731285304725,obstruction
22471.935983496067,0.9112907580259593,0.7417650388175523,11.058755352372849,obstruction
22476.89500261909,0.6889105754374183,1.6846352130479012,11.3425680582668,obstruction
22481.914012028847,0.13644505985504665,0.6886835498149461,10.2055326231661,obstruction
22486.924800042554,-0.7876198756914895,-0.500467296054375,8.743702669549851,obstruction
22491.854448095084,-1.00405137989316,-1.6710124717080697,8.662572331337646,obstruction
22496.882957913105,-0.6832786535140216,-0.6474825414735659,9.063299447440416,obstruction
22501.817748201614,-1.4248189462488212,0.9573522826420655,9.633537585712713,obstruction
22506.795610313682,1.0008617112464921,0.7058321894936227,10.462901083552238,obstruction
22511.727325245334,1.5519282184280598,0.5974186504916339,12.053401871398036,obstruction
22516.729035699886,-0.06381578630924051,1.043586407294182,9.981029981092279,obstruction
22521.633007129745,-0.4602013771376914,-0.7193965169784469,9.089969359609874,obstruction
22526.751648042624,-1.1737950458260016,-0.5204677207895957,9.30063950411712,obstruction
22531.723241906948,-0.22821295266830272,-0.6010499420966715,10.486177375789351,obstruction
22536.720408244928,3.9385348627921046,4.978852255583868,13.38221048960262,obstruction
22541.792660800464,1.3269886660690366,1.9792901811168009,11.325079661759677,obstruction
22546.82524179692,0.905517065934543,0.15867097787994244,11.066980086710824,obstruction
22551.75514178787,0.5572917656188303,0.24001615190622902,10.44828592542073,obstruction
22556.728009505834,-0.4105520699070754,-2.0328964376950953,8.049225535588853,obstruction
22561.696121254066,-1.398271715866374,-1.3755319348847928,8.03248601539339,obstruction
22566.717998347336,0.3003234188045009,-0.9033112679875502,9.47388554853671,obstruction
22571.681464419973,1.4308379848135377,-0.418950115734382,10.411873050491481,obstruction
22576.61767931264,1.9455990446572025,1.6161354222527369,11.661602815753206,obstruction
22581.609263821338,-0.2693717245976889,0.5463481674518934,11.210925285373994,obstruction
22586.676664321043,-0.9285139565830871,0.05181577230381845,9.1810005251876,obstruction
22591.663220849474,-1.492296444190428,-1.7253069367736638,8.850563755046846,obstruction
22596.644843392616,-0.7780809433959739,0.09173114761844436,8.188821523068912,obstruction
22601.640371062167,0.21123663305509432,-0.16895590163470964,9.029926852681207,obstruction
22606.655391410033,2.0090937201515238,0.7286870825646657,10.738651830601853,obstruction
22611.58986708396,1.1193782103969303,1.0140168365066142,10.728344742354846,obstruction
22616.542088662325,0.9366332439201699,0.07903250184020477,10.340296750128125,obstruction
22621.47068547432,0.011882156847763059,-0.9491903170611677,8.774911647079668,obstruction
22626.522050411848,-0.9575587569443182,-1.769723796269707,7.804571966528748,obstruction
22631.49068527088,-1.1506282656953841,-1.1490412287765819,9.09045324025537,obstruction
22636.48521228223,0.5518605053374626,1.2045944390208148,10.667139637682983,obstruction
22641.458899733272,0.8306053167491565,0.7613637313865022,11.011390046360635,obstruction
22646.38824780296,1.0201486996354108,0.20635095515916735,11.13977417912226,obstruction
22651.38390213233,-0.41055994433099663,0.5900863896147429,9.800946167950116,obstruction
22656.348728463538,-1.5500787849426372,-1.3407724424537932,8.349520340446054,obstruction
22661.35107115597,-0.5538429426569456,-0.6571217779580366,8.1137881655601,obstruction
22666.348660538293,0.027231666245817965,0.4367483982887626,8.563640994667017,obstruction
22671.38239796637,-0.12460556148611479,1.214650047792139,11.028245688421102,obstruction
22676.390911966733,0.9434330637914629,0.8918405331869066,10.674404469980306,obstruction
22681.462915411084,0.012820154452357735,0.8132627870503728,10.463344790471877,obstruction
22686.446847142382,-0.6959006935703635,-0.448457915519755,8.256891188263454,obstruction
22691.440936621064,-1.040851164718941,0.34084868705371196,8.1398766521463,obstruction
22696.508611229186,-1.2644143140263135,-1.4990532637951581,8.798485446668904,obstruction
22701.432591988356,-0.7765138626613715,0.609316199713819,8.82559740923066,obstruction
22706.403098613373,1.6912944515872543,1.2392849272821271,11.077074631439642,obstruction
22711.436477117895,0.9442125406920213,1.8567764084623704,10.617352798490144,obstruction
22716.4229845618,1.5583459309167007,-0.48763447587792597,10.310309880297007,obstruction
22721.373878302184,-0.90469169958614,-0.29336685888947117,9.310266384697867,obstruction
22726.407204267343,-0.8280457613851049,-1.3944270561448084,8.6812655177017,obstruction
22731.38356215298,-0.5812954782528681,-0.6537646283342735,8.49788297718988,obstruction
22736.368668709834,0.3132287639415248,-0.1275051699447757,9.625652106303782,obstruction
22741.286121020697,0.6581362960013,0.9971440319814767,11.120780944336092,obstruction
22746.199642855212,0.868958287072007,2.657382716721079,10.564952232103646,obstruction
22751.23207312709,0.5910274572492222,0.3444650767888968,9.105396904624063,obstruction
22756.203045182694,-1.5628439378094297,-0.9679121673266908,8.782030851318643,obstruction
22761.192259481642,-1.0127682537762486,-1.662353041026991,8.62888349884746,obstruction
22766.193833511534,-1.0417189962630897,-1.652267003213821,8.755668784323037,obstruction
22771.26513224395,0.43198720161546206,2.2174174009351786,9.30015952811384,obstruction
22776.32761197869,1.5164662244480835,1.8460701279785385,11.181498333334632,obstruction
22781.371251074215,1.2667260893448793,0.672744399630619,11.002467458178126,obstruction
22786.39866929158,-1.0861789887425692,0.04680232008939525,9.881149838294045,obstruction
22791.482023576453,-1.0059327630847614,-1.0702796688800533,7.993412711867509,obstruction
22796.58258367256,-0.9602791773808272,-1.1185687096405614,8.032740673273828,obstruction
22801.541351368993,-0.43394199202769634,-0.5390690029920768,9.580189463894957,obstruction
22806.50176578082,0.9594918091101794,0.9562230415071241,11.563597629345981,obstruction
22811.434772580822,1.0558197113959096,1.3613357870580167,10.867092396284898,obstruction
22816.44147279696,0.6035415401229818,1.4733734768051008,10.522324950459282,obstruction
22821.49254366572,-0.484259747953807,-1.7178261764220524,8.417928068794613,obstruction
22826.45308510988,-2.615624345477949,-1.1786013230341077,8.662224834189816,obstruction
22831.43152718823,-1.777197359342677,-0.7950573599605988,8.672655226815944,obstruction
22836.47740288303,0.6245180239171214,0.23318020796125413,10.599987092990366,obstruction
22841.442319683327,0.881208489582359,1.0979105701172873,10.544249183910708,obstruction
22846.432361581712,1.1560218227199117,0.8281306602426345,11.265729541113245,obstruction
22851.60200921412,0.11318907029725918,0.5029105123896458,10.471375979886222,obstruction
22856.629532893152,-1.1776518329136103,-1.9571572838104696,9.006684025879132,obstruction
22861.558879095275,-0.8442866786098471,-1.8971309379330505,8.329525743647359,obstruction
22866.546874449126,-0.7346818012303487,-1.095254857002019,8.877301072705711,obstruction
22871.432922862194,1.3584633852486716,0.9820903730296819,11.909860618995323,obstruction
22876.369348984073,1.5293454588745337,1.718368094235452,10.622560829811606,obstruction
22881.399443434122,-0.058390997495275876,0.9092241968996074,10.073085318444765,obstruction
22886.39132155354,-0.017190367805026807,0.5519831064865379,9.865871565980502,obstruction
22891.46762679608,-1.5411644325568186,-0.8076658757823609,8.916284097877881,obstruction
22896.448712473313,-2.4074808607106073,-0.5425843292572716,8.118969094297274,obstruction
22901.423772257356,0.30831656490896914,0.8741098780509194,9.73696443377695,obstruction
22906.450987518296,0.22617422525078612,1.8716859885024495,10.67322446812672,obstruction
22911.415318404284,0.2949170679240243,1.302982059489039,11.243461643854456,obstruction
22916.43242797959,0.49838313723477634,1.0249290863952734,10.431421278845983,obstruction
22921.4369583846,-1.2142040180846818,-1.2220820030131994,8.632669561910788,obstruction
22926.475269656083,-0.8764822489867165,-1.9121861954140793,7.928137722879876,obstruction
22931.492791466524,-0.4166846880934408,-0.2883495259772488,9.734516223844745,obstruction
22936.58303601652,0.22718133192459536,-0.14896742831099374,10.854333475679574,obstruction
22941.52709761907,0.36676887431528404,1.320388238825437,11.62618516416286,obstruction
22946.53090252734,0.662196058346944,0.095930125870478,11.919656130813676,obstruction
22951.5214679355,1.0169738536280668,1.0581042701340322,8.924573981185024,obstruction
22956.469765967304,-1.5815795062840952,-0.4851303678334538,8.192626293086768,obstruction
22961.518403764934,-1.6630364159462392,-1.2258519153228415,8.558879033021292,obstruction
22966.555753222274,-0.05496304259123752,0.15341534247893965,9.624118912523823,obstruction
22971.5666069545,-0.3176019713490056,1.839389001180872,11.372689296050316,obstruction
22976.53359261166,1.6599654036600708,1.06420334371231,11.398211310020953,obstruction
22981.57727748569,0.8544907079449932,-0.04412210690500373,10.644891660980903,obstruction
22986.60112276499,-1.4290554217077744,0.26391576229439995,8.801044241528285,obstruction
22991.618035553547,-1.6149389250857955,-1.572791744268188,8.27924575391598,obstruction
22996.588860229785,0.13344170869382543,-0.3153377685084416,8.69010763789747,obstruction
23001.440414152585,0.4054116034624914,0.21469435725547373,10.236695736269922,obstruction
23006.38372878242,1.5355272398419144,0.14228654791197737,10.306698730851346,obstruction
23011.280894911153,1.766577397108411,1.5200149019794142,11.043561025250515,obstruction
23016.271386672895,0.5276404021931871,-1.4457949688445335,10.71533155044896,obstruction
23021.351717419577,-2.1277603280345514,-1.3352535320619643,8.807268693769903,obstruction
23026.425579490653,-0.7948981506065098,-1.6741720644331173,8.33725227814699,obstruction
23031.39142066516,-0.6427565321864603,-1.6550577069471648,9.257001866349013,obstruction
23036.419512332996,1.1659846948556896,0.8380808766280629,10.707902337708822,obstruction
23041.429637216228,0.8256193958522338,0.935090463829383,10.910997731492902,obstruction
23046.3918136438,1.2236901727419571,0.6652493528968897,11.450258097089632,obstruction
23051.448527674398,-0.7578575064268462,-0.8415946641406257,9.467898514451681,obstruction
23056.444317021167,-1.6014473363599897,-1.585939123854328,8.262842294866672,obstruction
23061.495750933416,-0.6191920149834123,-2.0778363495427326,8.938306520974296,obstruction
23066.406099522395,-0.18899076017223676,0.10088771316982488,9.57101597630858,obstruction
23071.390508883283,1.394949801949197,0.42085433114082627,11.046428580622765,obstruction
23076.354951435693,0.8248594362125968,1.409780064197188,11.473858052846442,obstruction
23081.365194361453,0.9216800026948352,-0.17225104069419306,9.70780646612896,obstruction
23086.419831473304,-2.163248752375172,-0.9391001629866775,9.157014709069818,obstruction
23091.39234831725,-1.0117755406534776,-1.3790568440680946,8.572617051927153,obstruction
23096.377341211417,-0.31496196050495723,-0.8162341074987916,9.406457758521734,obstruction
23101.310060177675,1.0716933119825232,0.40993088557149915,11.38946713443512,obstruction
23106.319156312427,1.415134800511402,1.8497761695928912,10.791194502988107,obstruction
23111.289413890725,0.8692686682377958,0.9739491318148246,11.721806828228235,obstruction
23116.235076623583,-1.207226351611008,-0.6433879352700381,9.94119586158457,obstruction
23121.20658903347,-3.858962884115787,-5.436171605980175,3.6996509559382336,obstruction
23126.25368227796,-1.0186340682677035,-0.3281851279295782,9.630816770988892,obstruction
23131.232161836637,-0.18362407165347353,0.37396128443032517,9.900263486909695,obstruction
23136.29504451402,1.151742958258352,1.2745041089205913,10.353644891702224,obstruction
23141.18669655812,2.472030768134987,1.1299362488599929,11.366132881745648,obstruction
23146.22277846879,0.6514962879891906,0.12121580749388433,10.632020321677919,obstruction
23151.223485478433,-0.8204340345620831,-0.35682323599930776,9.224475886057272,obstruction
23156.200972024268,-0.12174177747945492,-0.5950190694042319,8.586891096580757,obstruction
23161.197723199624,-0.6576654703758726,-1.0478380616844865,8.545019023655625,obstruction
23166.178653097577,0.6609631902124689,0.9378013712699917,11.272392458343505,obstruction
23171.16185580685,1.3361124850010546,2.210194286035431,11.667645559351397,obstruction
23176.263244574115,1.3955568593025527,0.8500902722925185,11.33461536366022,obstruction
23181.238590980094,-0.73918335853775,0.14814258980887504,9.633431618370198,obstruction
23186.240324484657,0.8230149896076957,-0.6358595053588325,9.317328850191174,obstruction
23191.23061890403,-0.5022858412477531,-2.2331828624012857,9.495263534803442,obstruction
23196.227004614055,-0.4051440832364482,-0.7421337808389101,9.759014805040378,obstruction
23201.328028612847,0.875254733020766,1.1477998640409472,10.711946748569924,obstruction
23206.361311732646,1.2619908048617485,2.1962845263449244,11.431774969652018,obstruction
23211.29709461205,0.44681275995971675,0.39769220987479026,10.936886096799231,obstruction
23216.29985839488,-0.11013682451819945,-0.8283286919497217,9.10667272940061,obstruction
23221.315107208593,-1.7284983624792223,-0.9896473840698083,8.49403178893553,obstruction
23226.281606819928,-0.2979752795367172,-1.775932545617727,8.869440113484622,obstruction
23231.22061999838,-0.3464748966389404,-0.6259718394057132,9.830262644308101,obstruction
23236.271391008235,-0.5078623837737818,0.4740357777166519,10.417902323583833,obstruction
23241.264255779355,2.5285747524246043,-0.8817467788181774,11.771788388720019,obstruction
23246.207788468524,1.7397096975400659,0.4258221661045125,10.451769964846077,obstruction
23251.180898115395,-3.8388357792360903,-3.6978540619681937,5.259596938180292,obstruction
23256.235179526728,-0.9499461347188854,-0.9329397940570792,8.33242683353801,obstruction
23261.248753733817,-1.5414940192368243,-1.0469334186164132,8.906578492367572,obstruction
23266.31274339553,-0.41800072845006897,0.06339153688827981,9.68023572798168,obstruction
23271.24145863573,1.0874936946279135,0.22351401355509193,11.143110936467753,obstruction
23276.214698418462,1.0735048723270368,0.994600572950699,10.355215621670812,obstruction
23281.18240221627,0.7366110926858602,0.6166302957185401,10.851478276195182,obstruction
23286.16874723933,-0.254178863629335,-1.0763919259591048,8.138709615677806,obstruction
23291.21367058015,-1.324862009757505,-0.5576874271606131,8.24230312869682,obstruction
23296.138691630305,-1.7808490573787497,-0.2245053329869896,8.067586675749213,obstruction
23301.183043202294,0.8082352967101989,-0.16358616293827968,10.687515246471232,obstruction
23306.099139594477,0.862630034897182,1.4337818470099182,11.48225806975171,obstruction
23311.09881934226,1.6398689458621423,-0.18330826404247547,11.522660652836143,obstruction
23316.051204301446,1.1546424794816748,-0.4022663854933144,10.544253841758799,obstruction
23321.02487887974,-0.5670971358259606,-0.45247201876019244,8.99001759656307,obstruction
23326.093199564268,-1.2467689757197113,-0.3180449517531364,7.519124286119218,obstruction
23331.032512146703,0.9767391424324485,-0.4282526356843225,7.877796324475504,obstruction
23336.130417444052,0.7886170473814276,-0.23725795786307902,10.209486393687426,obstruction
23341.140795382704,0.6121326403941072,0.8761489106821067,11.975368482961542,obstruction
23346.245233164762,-0.563146683248166,1.6590215910365713,11.57098040116875,obstruction
23351.35687389253,0.8305899640473867,0.7162995806945777,9.169247253177694,obstruction
23356.315604570376,-1.463324191595487,-0.5792638762447695,8.785598415436084,obstruction
23361.36403640611,-1.6412721589882713,-1.5707267236444118,8.951462802578925,obstruction
23366.412141419372,-1.467844700871521,-0.9098869165987514,9.618061979109505,obstruction
23371.29197651098,-0.4357395376738037,1.7440160956049797,10.43191912432062,obstruction
23376.30533350479,2.3368422112408367,1.8774986553662512,10.880583733709544,obstruction
23381.238007396427,-0.30232542372999993,1.3508382271748611,10.002137261900446,obstruction
23386.23148948745,-0.271476685323506,0.36526692567734537,9.329638177351468,obstruction
23391.27821340083,-0.9877485247068001,-1.0490747916926129,8.532233165051629,obstruction
23396.25963794822,-1.189056632312685,-0.33992597043327333,8.3183968370982,obstruction
23401.221909620708,-0.7364331787356675,-1.0178990543775734,9.998671796022261,obstruction
23406.288813132545,0.9995906933901757,0.7890903793248845,10.849931260006903,obstruction
23411.302010415864,0.6442545426435737,1.5684786310819507,10.889498862438654,obstruction
23416.30805551046,0.598974927804726,1.4880947768283626,10.223988540371064,obstruction
23421.38701822705,0.11801399100473986,-1.1436141072858146,9.530114561242966,obstruction
23426.433844952007,-1.5052650196758415,-1.2463878749816304,8.356659197132249,obstruction
23431.473022698723,0.09844865012275794,-1.5939310228513381,8.421185629744448,obstruction
23436.373024801524,0.2959215954405681,-0.2430872551608284,9.673831118177967,obstruction
23441.390683356127,1.3385766433222097,0.9123369589012577,11.243480685810427,obstruction
23446.350727482823,1.2279077870418278,0.41581174754461003,10.762438824727324,obstruction
23451.352951592948,1.354528412127906,-0.8398194996159285,9.862174787482223,obstruction
23456.368084614514,-2.166697444432535,-3.087216221997573,8.454640954689802,obstruction
23461.4055831086,-2.427274504209947,-1.4774322380594926,8.405632220657866,obstruction
23466.362302529713,0.2081119190285274,-0.7952246442178235,10.26227788852364,obstruction
23471.443026331523,0.001837534235445193,1.0170934133008394,11.472910468123466,obstruction
23476.408296648227,1.3832097231889648,1.6041880112308338,11.570061941541985,obstruction
23481.41387280443,1.2603359304403159,0.41252064385744747,10.672340820862422,obstruction
23486.38323821774,-0.5640976399844493,-1.4826853074945188,8.471184456292047,obstruction
23491.36664337408,-1.2869810304331415,-0.9219252014771826,8.44814845941805,obstruction
23496.392969131408,-1.2000226222542105,-0.0063122294617344865,8.901871495924778,obstruction
23501.426206028376,1.0490523725099536,0.4258221908169416,10.433741359129028,obstruction
23506.410955241303,1.2422742563703604,1.3507099855886688,11.683937731027738,obstruction
23511.469095779903,0.12810263186844006,1.3754537592740503,10.498782724885132,obstruction
23516.466855935847,-0.4594886831723459,-0.3159209524607619,9.982535953131828,obstruction
23521.46602669652,-0.9756056138230528,-1.5130053728193782,8.533370580140302,obstruction
23526.49225859821,-1.1323273439197021,-0.7206393731859335,8.9226065100242,obstruction
23531.55507908146,0.6354024499710729,-0.2688279806566843,10.27572462162456,obstruction
23536.548890029444,1.1862962403084583,1.438483665607673,11.18962447506494,obstruction
23541.542017834556,0.4698973713965726,1.8360382248904286,10.944125573505488,obstruction
23546.529238736442,0.012262601583070243,-0.42807877419885165,10.71202013240607,obstruction
23551.577966261884,-0.8147065089395753,-0.27760088960994295,8.671820711785246,obstruction
23556.54559184323,-2.1446279647189845,-1.0466774254377205,8.429885099179959,obstruction
23561.54185464206,0.2548438119562978,-0.17989620715704802,8.06764252340717,obstruction
23566.485115655043,0.7058632708279716,-0.6775567858032137,10.41505584368305,obstruction
23571.46188682876,1.8243958668502422,0.9009076635592781,10.974558579652973,obstruction
23576.473144410353,1.7952546171685508,1.2827034284798025,10.90726619226596,obstruction
23581.396305011647,0.43058681382330277,1.0166471368218912,9.97715462606547,obstruction
23586.382876039253,-0.7634118296954528,-0.9724575963354036,9.31439190525117,obstruction
23591.47253870158,-0.9350222920152362,-1.311328129680759,7.599975657860284,obstruction
23596.5268565999,-1.2541502020501143,-1.1296862368606087,7.838678851666788,obstruction
23601.441836175974,0.9002160965425263,0.0869907936484855,10.449347708493601,obstruction
23606.42009537158,1.0300967944362882,1.245761717427838,10.720824006662676,obstruction
23611.400210854597,1.1814037080786202,1.0905345924246777,11.082250683342005,obstruction
23616.345227417743,-0.5383176362495974,0.2644016307551492,9.122407395506144,obstruction
23621.348728228706,-4.871138303648659,-4.767016649561313,4.589815421845581,obstruction
23626.424403122975,-1.523371178290108,-1.3229654218151474,8.347601421780265,obstruction
23631.427912454215,0.7203179858728972,-1.3006078470032634,9.612658500911365,obstruction
23636.481864463825,0.5954349656669979,0.6898575847945685,10.764506332691044,obstruction
23641.457013595445,1.5136210828639842,1.936416787957224,11.274521648607175,obstruction
23646.303874220303,0.8284159914840791,1.0576765391395733,10.586315327551395,obstruction
23651.290379027563,-1.2606409131935334,-0.821051864021889,9.335326215807411,obstruction
23656.31450673756,-0.6951199430167689,-1.3135886608468752,8.834866001327892,obstruction
23661.38912584734,-1.1284113793971722,-0.24510433915015717,8.339464771363417,obstruction
23666.43643517232,-0.846711690582105,0.111583338487555,10.111781046161468,obstruction
23671.363779429714,1.2620123540015316,1.0323542961316725,10.517152924521497,obstruction
23676.39577570966,1.7575980339504271,1.4596358689250506,12.135314551670659,obstruction
23681.360473771805,1.06130052067795,0.11818407641807621,10.152328386279997,obstruction
23686.326572030288,0.04791592294306113,-0.7716961542567655,9.072859494474462,obstruction
23691.38554888273,-2.282946129756237,-1.2554653310756267,8.02445815730965,obstruction
23696.384563613938,-1.4743171958360548,-2.071874883876691,8.087507860850568,obstruction
23701.429935634158,0.6779240203478886,0.9313527643696392,9.156076853537439,obstruction
23706.471890540255,0.6559416843557391,0.7149472190281208,11.839301238642207,obstruction
23711.46440020072,1.6404945808674838,0.24051788217235492,11.730565198742514,obstruction
23716.499980686593,-0.25260193372036494,-0.21359935419782028,9.724261810786619,obstruction
23721.475421917385,-1.635165146112777,-1.490774178349846,9.140768254633326,obstruction
23726.457191164212,-0.902222230750339,-0.9259354427798853,8.536675951823081,obstruction
23731.48969265489,0.6175570160085706,1.559140958884545,9.513159705169027,obstruction
23736.551741806106,0.5897971937468894,1.2797371344127701,9.954358223320803,obstruction
23741.572068141035,1.5062342139556821,1.4458397577604944,11.787285184775254,obstruction
23746.710119643838,-0.8438419757481322,-0.7437429401456225,11.005115220236311,obstruction
23751.78922852563,0.4160594771480316,-0.49818396836317036,8.861248192742403,obstruction
23756.71230913285,-0.21050576139866495,-1.9078855132996058,8.42164276347646,obstruction
23761.67022680532,-0.6865015528693745,-0.5670074719526207,8.992315121276777,obstruction
23766.626877554274,-1.0464481064389117,0.5261773669394035,9.211112839438732,obstruction
23771.701790610507,1.6676372923478398,0.540835667416369,10.694509778254343,obstruction
23776.642450736632,0.9681296757233948,1.2932269684515183,11.436300338995386,obstruction
23781.597297130626,1.4749508664835451,0.7202694056429559,10.266546788594457,obstruction
23786.69975196338,-1.2946740205620666,-1.164937371942084,9.764519288942914,obstruction
23791.710457505967,-0.22842506118812012,-1.6860160562127113,8.64551765980405,obstruction
23796.706252154177,-0.27097779635987185,0.2501519914127873,9.014258538393802,obstruction
23801.81286833606,-0.10897423700606179,-0.26663170079674375,9.327950676594714,obstruction
23806.759998100766,0.7335645074796653,1.340606001046826,12.014061615447048,obstruction
23811.79513289399,1.1277672546040745,1.4175803443719284,11.484232171101857,obstruction
23816.83072989802,-0.5137761653721026,-0.020880053588341208,9.385450478595528,obstruction
23821.821447867223,-1.177541768930206,-1.9864231599932185,8.431767537789288,obstruction
23826.819085180927,-1.5715500360850716,-1.5015201942350669,9.048105947285078,obstruction
23831.86006454698,0.795021847613691,0.018852828116391163,9.927207324139644,obstruction
23836.841447899173,-0.20531881402551966,0.6540737066617839,10.550439238339331,obstruction
23841.81480406318,1.4254268674302557,1.373399256256367,10.940716963731651,obstruction
23846.836635637253,0.7978859777177946,1.1711808814248117,10.8292348360755,obstruction
23851.85794795873,-0.7531070204772023,-0.9322855476200558,8.866321215949375,obstruction
23856.89287398978,-0.5943346951050943,-0.09785949787935766,8.569002708327794,obstruction
23861.893962510825,-1.463104964958133,-0.2996552703924016,8.30393016020189,obstruction
23866.808818694553,-0.3113786130787799,-0.7246716903825469,10.817564268478023,obstruction
23871.83192144653,0.6771558283058581,2.7186579551870578,11.406687273579717,obstruction
23876.927567409315,0.8696865867837309,1.165313010466843,10.876592594332326,obstruction
23882.037888741717,1.0852686442514947,0.901859462617207,10.056927400894551,obstruction
23887.026141783066,0.3864110621098956,-0.24409779640499318,9.826681544615433,obstruction
23892.009916391416,-1.2244087379712403,-1.5776318273810075,8.451420024803996,obstruction
23896.95612837074,-1.345969476166647,-1.2851786645418082,8.916421128748995,obstruction
23902.039529756054,0.4433348518338456,0.37175863686935784,9.92272393595869,obstruction
23907.00283016659,1.5030664551435258,1.5675912626590949,11.552068760764353,obstruction
23911.92247510679,1.441817907919056,0.7664126372984863,11.712125889762357,obstruction
23916.903420642466,0.9535876207104419,-0.09774987728598919,8.762213502835674,obstruction
23921.90875733947,-0.9178584777345749,-1.426275525652627,8.05266878482936,obstruction
23926.93772318968,-0.08357403673910835,-0.9978647155398043,8.723125907701695,obstruction
23931.909138364525,0.34641948242059617,-0.7001254563321785,10.780685160362786,obstruction
23936.77223970624,-0.8416384963401372,0.8092058326742592,9.851988160622064,obstruction
23941.809808428323,1.3881601964827563,1.4253041905814494,11.164064190283549,obstruction
23946.758205345042,0.6582112311354813,0.8686356792943764,9.972415865359785,obstruction
23951.77715843004,-0.5140576897947942,-0.37497845411562764,9.158701372106231,obstruction
23956.75879021293,-1.0788620600435432,-0.5809000393744562,9.744137139679424,obstruction
23961.758754924707,-0.5244729010896653,-1.455403920473492,8.58480613554227,obstruction
23966.776335293984,0.20415074531213437,0.5794777074962156,9.95692302805491,obstruction
23971.730001231736,0.8589606128964634,-0.004033218267548433,11.340849938208379,obstruction
23976.747015177287,0.6979521497889787,1.0141967648650139,10.881057273942622,obstruction
23981.728833524954,0.46393389356366027,0.5111263012916684,9.52761633781627,obstruction
23986.70616009796,-0.5176222052393724,-1.0511394993486591,8.016430862840645,obstruction
23991.65023809884,-1.9010661448073063,-2.1244886274213997,8.204981666919752,obstruction
23996.754719098724,0.21465833357200043,-0.5822987097139269,8.974141277146598,obstruction
24001.812240633488,0.9742701895912469,0.9971504110145392,11.467767973636626,obstruction
24006.80189159783,1.7377867745304996,0.42960258210987967,12.039340991535582,obstruction
24011.912552917594,1.1109610297037995,0.36225795913388714,11.584226151166021,obstruction
24016.88913827409,-0.17251751524073658,-0.28332203603434186,10.183526297746134,obstruction
24021.91502025697,-0.8923993538658809,-0.433886765017514,8.150858169542936,obstruction
24026.93821774658,-0.9240714485155959,-0.9144216611829764,9.522672496983581,obstruction
24031.918754776205,-0.8946510782741729,-0.5577237940470473,9.938870376795082,obstruction
24036.896031456814,1.1438519940279348,0.4024436571851687,10.801731046569577,obstruction
24041.8776128308,1.0980927792583826,0.9182530450505644,12.250972123992572,obstruction
24046.764950340104,0.09686934131526626,0.8072187102124324,10.531113744928373,obstruction
24051.748538715416,-0.5704936096444858,-0.6959302577537281,8.458639506102728,obstruction
24056.721994280535,-1.3036177676296694,-1.5908734740654504,8.813853306113913,obstruction
24061.698791711136,-0.40910921332107103,-0.6896173790204063,9.97001876540843,obstruction
24066.723619839846,-0.36541604716077974,-0.5896463602668838,9.65933693069988,obstruction
24071.735339879855,0.6595330345185093,1.5043979389526658,11.024712997466354,obstruction
24076.663018221745,1.6718857854907032,1.2702921337241375,10.762034263586573,obstruction
24081.59610428329,-0.05325728733468105,0.009037572005595684,10.03690755592712,obstruction
24086.59107778556,-0.8268025588819606,-2.111247883750823,9.64534996511833,obstruction
24091.567054717452,-1.926429965491692,-0.844004418334616,8.183830416534969,obstruction
24096.426339144196,3.9152309084924672,3.2390210151130923,13.110802247524957,obstruction
24101.494444572723,0.531881452657316,1.0034907659238885,9.919527569878387,obstruction
24106.463529941422,2.523340154614818,-0.3319589364619153,11.420468802684017,obstruction
24111.44363233186,1.1075249643596454,2.1804219276080277,11.561897105553381,obstruction
24116.579555694796,-0.9069461415027386,0.853842202633904,9.4049428402091,obstruction
24121.656800247805,-0.6834220672582056,-0.4496324054193636,8.577428257538342,obstruction
24126.7430941445,-0.3322318570616444,-1.373547988941686,8.280312182361834,obstruction
24131.813364621255,-0.10360035967411013,-0.9639200862017983,8.901730013828397,obstruction
24136.794614600632,0.4850973122520332,0.459525975004296,10.214756577436995,obstruction
24141.825937858528,-0.3689842719197116,0.9984146333434152,10.83124363665732,obstruction
24146.745687618062,-0.2596795768385415,0.18360306168527596,10.296578629450833,obstruction
24151.68111320026,0.3141570465343811,-0.19235305490618892,10.202147658223907,obstruction
24156.79181058733,-2.0373056029634062,-0.7073079308562924,7.964202649994974,obstruction
24161.83586653624,-0.9662757373562505,-2.53846843923827,8.791506988930985,obstruction
24166.886017125704,-0.3367591140760907,0.4087152202292682,10.304284996250669,obstruction
24171.884636571922,0.7901745436446773,0.4867696312800634,10.818094109490419,obstruction
24176.901794294776,0.007991395942959167,0.9335967153829633,11.308309837965632,obstruction
24181.88449442994,-0.04336596204474891,1.4984128391536768,10.743773697895133,obstruction
24186.85920803613,-0.2469839654695099,-0.7503202048921375,9.154441915821716,obstruction
24191.86735931261,-0.7773561113565524,-1.761301969717093,7.713704973563945,obstruction
24196.91441486468,-0.31726385725291517,0.6052177210424751,8.732433398988459,obstruction
24201.878981235142,0.34103126308871334,-0.8726963042219977,9.355372553931613,obstruction
24206.93186673446,1.2077208950750353,1.2321484135370655,11.685097739602554,obstruction
24211.87779720373,1.7746575822952853,1.5577294853187118,11.742481540131108,obstruction
24216.86762017294,0.18356673886442318,0.4273386293701041,9.39078418592331,obstruction
24221.833542395998,-0.018892762350184,-0.9210034402763349,9.314755271965456,obstruction
24226.910479925307,-0.33945210413890536,-1.5379277596516578,8.726668959115745,obstruction
24231.926382504244,-1.458971903924801,-1.0264477103165275,9.886938893581718,obstruction
24236.896275670515,0.7578483019635366,0.8713329486048171,10.852374663236928,obstruction
24241.95139542184,1.2748604436076496,1.2816748552924306,10.891188050730682,obstruction
24246.932259952704,1.6376474662597864,0.8063435375814605,10.449323360543726,obstruction
24251.875847091116,-0.23657356221043327,-0.5096681066934601,8.630711546150945,obstruction
24256.856830388435,-1.3143644875167364,-0.9129260889535576,8.061982437176807,obstruction
24261.871887551562,-1.13391570687364,-2.24002411807962,8.996015284064764,obstruction
24266.904099656927,0.6660504500115553,-0.225492934742007,9.888203729532826,obstruction
24271.885824061177,1.113824070927245,0.562624772009026,11.412467634587008,obstruction
24276.92187570814,1.5854314281992983,0.8522359613159078,10.845692882460112,obstruction
24281.888562962944,-1.2630197319443437,0.6252954245969924,10.415177817636172,obstruction
24286.851169012138,-0.6076675519932473,-0.6606434859167158,8.613529533536063,obstruction
24291.813334492188,-1.0446462126274232,-0.4308164925650825,8.520127685467722,obstruction
24296.72519336911,0.021042491669603036,-1.1568593510849445,9.42276503273993,obstruction
24301.757903780246,5.019721649353204,3.927209422376918,14.674180093061365,obstruction
24306.79193765133,1.2746505490489268,1.4763885464772641,11.335282935388934,obstruction
24311.765085738225,0.9107441315152867,0.4957458788136306,10.176659428804768,obstruction
24316.827095464603,-0.2855887939260756,0.15663610910680714,9.502684221161733,obstruction
24321.8753248247,-1.2581062613100285,-1.7876530800346742,8.708390341122689,obstruction
24326.837815355415,-0.2269837741599917,-1.8850937800334786,7.906144084949106,obstruction
24331.876256712774,1.1094266158597033,-0.9562154414929211,9.406974796064205,obstruction
24336.858609290874,2.176122817712978,1.2769804627144419,10.994328180584759,obstruction
24341.85541613508,1.7033918811935582,1.4551832823980013,11.459767972875646,obstruction
24346.867874617965,0.877953144418161,-0.23397584084602968,10.01108105724087,obstruction
24351.876311780255,-0.7893306225057825,-1.3020180294443737,8.225167239285424,obstruction
24356.863251472656,-4.720981076902908,-5.335471808914174,4.361574727605386,obstruction
24361.843824679054,-0.19835452535810238,-1.0462713461450632,9.775267288653769,obstruction
24366.8417287651,-0.22940232834515129,1.2788968189997902,9.716905662567838,obstruction
24371.823879208565,0.6384263995386072,0.703322530390586,11.35701764079591,obstruction
24376.838529204426,0.2992973498829087,0.4353836405979473,11.071293852216028,obstruction
24381.78019103731,0.30470044335078517,0.6026453198514204,10.499684486341962,obstruction
24386.726770776782,-0.6522701523460619,-1.8695969133714538,8.16382342280722,obstruction
24391.712067026725,-1.6410125046161252,-1.6376922905444151,7.280698043641369,obstruction
24396.791314851114,0.04432455352351439,-0.24012982617680217,9.321097389268468,obstruction
24401.70621331008,0.00923512914179847,1.3971855851834203,11.000602696685757,obstruction
24406.71215661203,1.6131103079586593,1.4052291334128038,11.17213227328999,obstruction
24411.756715184216,0.16837703811180071,1.1207857191219215,10.112241120837108,obstruction
24416.81877006372,-0.5876377088825884,-0.6417685100681896,9.061576385882162,obstruction
24421.85829604103,-0.868041370924103,-1.4859039966243353,10.018743757742698,obstruction
24426.899266608427,-0.8349957765519737,-0.14738011925179473,9.012636355098646,obstruction
24431.947892119813,0.08693152179588819,-1.3607811740671547,9.616406632327855,obstruction
24436.964840993594,0.5980521810825398,0.9257460510748926,11.21390806883592,obstruction
24441.93092689466,1.080982077868802,1.870877446203108,11.14868143758435,obstruction
24446.85964797909,-0.1934485643291906,-0.48407629089394144,10.79308041550699,obstruction
24451.889665358623,0.05320718183229434,-0.8477432834793034,8.28910203571725,obstruction
24456.832392489134,-1.0977852100483045,-1.6433341307757745,8.785432873452573,obstruction
24461.86709883288,-0.8584077429094014,0.22659902371557517,8.25465833875413,obstruction
24466.955778956828,0.6560329230760709,0.6195011654662138,9.963937552199496,obstruction
24471.922665079364,4.863840607598138,5.067033974766412,15.279560729032761,obstruction
24476.9871228775,0.7204390461714989,0.4514732899842312,11.59873179698827,obstruction
24482.09192057416,0.6358980342261704,-0.9362107279032621,10.60316777002725,obstruction
24487.082260518717,-0.6291888483105343,-1.1158126011829987,8.498504077588612,obstruction
24492.059781338943,-1.321443505115473,-1.2050897878068982,7.942681320396885,obstruction
24497.06232335516,-0.575157494909889,-1.1711348477790933,8.515549897943973,obstruction
24502.010750961836,0.38420629118059685,0.8245255414545379,10.292399783636423,obstruction
24507.001698973312,0.6702922307695511,2.2617465572313664,10.925021753695281,obstruction
24512.08624624075,0.5227074952719812,2.3471457214909197,10.756916766989345,obstruction
24517.13995811141,0.08522355631611744,-0.22056408440399725,9.112516366801158,obstruction
24522.091623776174,-0.6523767837655648,-2.004674036940574,8.677231454778711,obstruction
24527.123600686937,-0.5875702923756898,-1.4638661288592274,8.961761475685895,obstruction
24532.13141634684,-0.06754598032388621,-0.2936721840809797,9.29370464586574,obstruction
24537.13778973312,1.2413821745120888,0.7857070606797708,10.187440846231194,obstruction
24542.266279539283,0.701751671424927,1.6828677527192983,11.233575881425065,obstruction
24547.3489735963,0.13979311902196925,-1.0177658227645439,9.949879110272356,obstruction
24552.357740527983,-1.1434062860735272,-0.193531600488682,8.35013410773255,obstruction
24557.374027653852,0.06859125560592005,-1.0049987765680182,7.928609103471042,obstruction
24562.43358900366,-0.9019259988123449,-0.2794663508334987,8.375000807550107,obstruction
24567.41908447217,0.05123109458534236,0.5098224402578927,10.443615077077672,obstruction
24572.410450539846,1.9435774670530963,1.164103338557897,11.979857179942929,obstruction
24577.407670442048,0.30186395112629727,0.6368766250833366,10.100911372744482,obstruction
24582.3301558761,-0.16813536628197262,-0.1049480396382052,9.142553962730503,obstruction
24587.41395366831,-0.8613424346618863,-0.9301427705833024,8.401159706872217,obstruction
24592.35878302064,-1.3937466325383392,-1.2437261704655251,8.662716258303647,obstruction
24597.300996304253,0.2930625089541326,0.21801567315454712,9.622593480483156,obstruction
24602.285660014015,1.0730980266130068,2.0851155360707745,11.93300103659132,obstruction
24607.31473200223,1.125936505096704,1.311183947342474,11.087152262662785,obstruction
24612.293282589788,0.4701247568050231,0.7862482397748736,9.936409441126449,obstruction
24617.33538872321,-1.3368551496663885,-1.3822477101799269,8.668221574857975,obstruction
24622.404806143775,-0.6111321731821645,-1.7939510179219895,8.552089418024531,obstruction
24627.48222601075,-0.8576004820568053,-1.1552035990037774,9.721539283641103,obstruction
24632.562161067548,-0.8907533220449693,1.1417998052230822,10.632880041836517,obstruction
24637.572696253937,1.2348920848605023,0.4041434959106156,10.959865016567027,obstruction
24642.517736644764,0.8904775144114069,1.1456922064419657,10.590152401011098,obstruction
24647.49760931309,0.17964469309619127,-0.8123336459060391,9.453338147414671,obstruction
24652.51913197619,-1.2740223786346794,-0.8027186691552322,7.814915018981981,obstruction
24657.57894540777,-0.8027370764819286,-0.838263913058205,8.721312062843632,obstruction
24662.52201710257,-0.22957663970493558,0.4287087997072317,10.234783698497173,obstruction
24667.559625932634,1.8796642044713492,0.4353869476740446,11.396866493817612,obstruction
24672.535593846187,1.1808626634035926,1.739960671925531,10.689380874448279,obstruction
24677.558682670082,0.2911891412088851,1.107423992753056,10.8821131728314,obstruction
24682.50961410655,0.42670020370759076,0.4378873354424945,9.335969335845471,obstruction
24687.4504152657,0.4265220439750812,-2.0902933696634807,8.283064234676113,obstruction
24692.439079721935,-1.297651110533236,-0.681922991015009,9.157797134341287,obstruction
24697.454513389857,0.6771644307131558,1.050393636899184,11.0419078813469,obstruction
24702.480726138307,0.8506172841304109,1.4749218183498791,11.170984944631536,obstruction
24707.54906614583,0.9416900984711744,0.3587960277871205,11.025366005332138,obstruction
24712.567978877025,-0.1354010631532864,-0.8122384371448046,9.704417952140425,obstruction
24717.538585205428,-0.12447960297915295,0.4254202625506506,7.1075354964805335,obstruction
24722.6063487349,-2.1342494854624885,-0.5864091541625506,8.203171296841196,obstruction
24727.62440617642,-1.1412799281293446,-0.29111785830572334,9.403631088843731,obstruction
24732.614472761892,0.6558653867332345,1.4196468019675492,10.52112629654211,obstruction
24737.532829731757,1.6812247897153951,2.0750307159019905,12.09403408368738,obstruction
24742.573612496617,0.8247179372876408,0.9288545933720669,10.536188314997533,obstruction
24747.581005250653,0.3515595807570883,-0.4675173755436045,9.800144475760472,obstruction
24752.52252507993,-1.067874623310821,-1.3434550556256641,9.046096552806695,obstruction
24757.56718332024,-0.7575528035152774,-1.1810972569566702,9.21986418520434,obstruction
24762.58185257009,-1.0763180621207586,-0.8774198562213409,8.885491781832714,obstruction
24767.619460017573,1.9851363675253606,0.9014354390407143,10.811592921558615,obstruction
24772.64428554735,0.5929229197731352,0.7511867385554749,11.08131632781895,obstruction
24777.62658118385,-0.4038553340148938,-0.04313262309653332,11.351906761309497,obstruction
24782.652515397865,0.22727214049029287,0.23953743737190536,9.322116056740745,obstruction
24787.671462488757,-0.8676102815535809,-2.79075534770912,8.58586917333463,obstruction
24792.60663688072,-1.4516610515068633,-1.4236140787479934,9.18281106618881,obstruction
24797.53676459635,0.6235727550474637,-2.297593186107802,9.748085237544315,obstruction
24802.618221009056,1.6756538765523137,1.4817503385267206,10.874708687119192,obstruction
24807.54560317746,1.2130167871397814,1.098641570427046,12.43074384863658,obstruction
24812.509146987453,0.1084007272839303,-0.11728932403135944,9.94933456457843,obstruction
24817.541552333896,-1.5435494147265003,-0.793660252412591,8.709737484981106,obstruction
24822.542994672433,-1.7248086263986657,-0.6096114107356616,8.775967878093143,obstruction
24827.55240617033,-0.5155451262058899,-1.5653427930066046,9.257377505067684,obstruction
24832.53275393943,-0.19250688622095213,-0.31996132040931224,10.051896043076024,obstruction
24837.430789936683,1.9325419497877048,1.2119301705320769,10.760423289394627,obstruction
24842.439742712395,1.1038778589715887,0.9469833290068584,10.808950321861747,obstruction
24847.439904629537,0.41927866838493943,1.1402700832810417,10.902709757354653,obstruction
24852.522726561918,-0.822538436592784,-0.8195291347438293,8.307346756855454,obstruction
24857.542046887975,-0.5810911375950638,0.14861958924595364,8.40613276647144,obstruction
24862.573597899445,-0.7976637123932939,-0.6614779603952889,10.033325717634655,obstruction
24867.612457580395,-0.3315471919879508,-0.5929479998089718,10.921302451668593,obstruction
24872.625242749975,1.4006233149161358,0.7286878109294441,11.712169594383296,obstruction
24877.65050723102,1.3078498224204074,1.4945860069569035,10.933923941694662,obstruction
24882.58708809948,0.3053322627179348,0.20508540013546928,9.330535582821554,obstruction
24887.630827796995,-0.1820978127938716,-0.378521446728328,8.63215249999977,obstruction
24892.575565615745,-0.7012307937889943,-1.5820363163514246,7.748715970433773,obstruction
24897.528143711963,-0.4819505325792706,0.039465878637767626,9.253804644761091,obstruction
24902.514220134155,1.2646781984399882,1.0670672894689208,11.452106926436619,obstruction
24907.51762883429,0.9942036094512953,0.5746993829217347,11.072536901445341,obstruction
24912.56214481757,-0.6671606023360006,1.3486129265367772,10.064550963205498,obstruction
24917.604284149096,-0.7936721347454425,-0.9757298258167685,9.848904627684144,obstruction
24922.541180411776,-1.2753785348689646,-0.7777419298098487,7.944402651761809,obstruction
24927.5618945757,-1.6647757309360571,-1.0915199378548772,9.381433784117563,obstruction
24932.59598639325,-0.10058761392464007,0.516730506125588,9.426349463671263,obstruction
24937.693198693865,0.6322866728098998,1.1104569760626248,11.990848697138114,obstruction
24942.760652543984,0.9719422592138532,0.2601046785329838,9.92046915872667,obstruction
24947.73455778168,0.5771478636459572,-0.6441055153722105,9.980347268288602,obstruction
24952.740495502923,-0.26187292331723244,-0.5501137195718153,8.88771310312699,obstruction
24957.68518201591,0.004420959334950902,-0.8819560869789964,8.417579001050372,obstruction
24962.625621419873,0.34831114232520133,-0.060932521140447005,9.391056946438294,obstruction
24967.715041010855,-0.47700652467349397,0.445653560462384,10.909877670374465,obstruction
24972.73037297522,1.2644649709059301,1.4177191288706275,12.379110715124469,obstruction
24977.763803205613,0.4591360488559906,0.2330735243036518,11.114084815415529,obstruction
24982.83969109186,-0.029768550608653577,-0.2847546192031146,10.036184458374482,obstruction
24987.86661759916,-0.9250596746617096,-0.8801605412015316,8.435065957784396,obstruction
24992.85292958128,-0.8019589836409617,-0.3905451038207203,8.37005953048847,obstruction
24997.81772280038,-0.6407377422661277,-1.375115210892268,9.539870795159493,obstruction
25002.826677511108,0.8811189590014179,0.5811215571260344,10.866486574354155,obstruction
25007.73591551048,2.0774337108200447,1.1208455977624396,11.134263838490142,obstruction
25012.68844325646,0.7831223753134994,0.5580661725186166,11.026106356168771,obstruction
25017.681509928534,0.10272337992139266,0.03789433558735686,10.760822026013539,obstruction
25022.65868749487,-0.6503581608049676,-1.463703380926428,8.256231405385165,obstruction
25027.71627126592,-1.7787010597143746,-1.1304239030059906,8.475756512349154,obstruction
25032.76003488153,0.09149009457590174,-1.6970380855351603,9.691459683395367,obstruction
25037.711415467573,0.7667381025455466,0.5516348627051568,10.943120939010653,obstruction
25042.70836326988,1.9783197081839456,1.3867305704879802,11.930718698468647,obstruction
25047.711065729498,0.6037088363063005,-0.03485222663722842,10.490075493862529,obstruction
25052.758055655726,-0.6109299876608155,-0.49809172771976506,9.792166195053028,obstruction
25057.714768337948,-0.5988869308732908,-1.4441574080228454,8.236183105335945,obstruction
25062.691649889086,0.45899031635180665,-0.6475263002623368,8.902772672926018,obstruction
25067.627043363223,0.4455787001987701,-0.00011113271025003923,10.168442736590952,obstruction
25072.57794787542,1.6758713493811417,0.6189269226263767,11.075594451767756,obstruction
25077.62605589451,0.3701633972146915,0.7266339582071952,10.564775573569856,obstruction
25082.65167524335,0.8351627171291849,-1.0093653905712852,10.537944429856182,obstruction
25087.61447526115,-4.6835013662018,-4.886569299933502,5.815183382496768,obstruction
25092.64607379235,-0.9764333150427245,-1.5163680315280337,7.637473795961893,obstruction
25097.6184007122,-0.6024123779405208,-0.6682610325564896,8.411991679612237,obstruction
25102.65202642298,0.11229391588329493,1.0810436264704604,9.869158070865554,obstruction
25107.754284387353,1.1176662750822421,1.3466216892721103,11.331266410071049,obstruction
25112.76864568312,-0.230508336081944,0.9470454086823203,10.409773822199575,obstruction
25117.774854893498,0.6416572251393224,-0.3232639855907646,9.565173540239446,obstruction
25122.699411703026,-0.41621419499414863,-0.25369242355181276,8.201980131396972,obstruction
25127.727172426963,-0.9657168532773271,-1.3346106306288197,9.136832517640526,obstruction
25132.753595053404,-0.46999394111342263,-0.23097305639555904,9.458557731233878,obstruction
25137.831648981173,0.8877961349378106,0.7846429536556239,10.29792244330685,obstruction
25142.765108444077,0.9736434085660022,0.4783454157686474,10.722305159164023,obstruction
25147.798557372655,1.9365543361641575,0.19133881148051413,9.757785120580115,obstruction
25152.8126677213,-0.2908447222401389,0.8017714402757979,10.318454814465955,obstruction
25157.89128500678,-1.961846332845119,-1.119421055240388,9.405122801038415,obstruction
25162.89631388668,-1.2508601068989211,-0.8931892110185172,8.460311205333602,obstruction
25167.903424330736,-0.37579763552459966,-0.07318528917762288,9.651586804420255,obstruction
25172.85638464061,1.1417865255917183,0.0708570438015278,10.934250973445293,obstruction
25177.85542574237,2.1185734964578815,2.559504694938047,10.635894402153548,obstruction
25182.864299170586,1.5563456914766303,0.6168963442380805,11.2075333816958,obstruction
25187.84280765833,0.15382823981758353,-0.315396612644839,9.078623116284799,obstruction
25192.833441030223,-0.38982717124671795,-1.4403189145534723,7.586161537444456,obstruction
25197.779944430862,0.298258267851613,-1.2525290586129685,8.406505467922475,obstruction
25202.74107725781,-0.4856436047093061,0.6842775383490448,9.461309935476896,obstruction
25207.74614699213,1.4630762631445837,1.190825088870015,12.029931263300927,obstruction
25212.712576894904,0.8938567409385356,1.80310952415009,11.591754479765715,obstruction
25217.69140928333,0.16197993152316043,0.09797799129669316,10.459315616789798,obstruction
25222.639371687153,-0.38179023230937836,-1.1207048398523756,8.48998569620726,obstruction
25227.684505364752,-1.4115741180084527,-0.9387578880803923,8.59395881972487,obstruction
25232.67020539603,-1.1754008902461404,-0.6893279436128551,9.026745414405429,obstruction
25237.731757708953,0.967475653121681,1.3231447954067819,9.485355494857469,obstruction
25242.714726351136,1.407895087708788,1.298052204108313,10.918861726292912,obstruction
25247.721384971046,1.4483803829596131,0.4557747734095213,10.78873613783397,obstruction
25252.70976905573,-0.4232404569403041,1.3555187326386873,9.215222058499968,obstruction
25257.764594168082,-0.4776816308631575,-0.32301097718379856,8.674875448422295,obstruction
25262.839871231186,-1.6921461186812903,-1.382335609437471,8.524914696395,obstruction
25267.872861263957,-1.4743515454799838,0.3234698965923963,9.637038822638063,obstruction
25272.942267538423,0.6394952666865377,0.22202052782119597,10.68053547797642,obstruction
25277.9379009477,0.3060597323917743,1.2238853832337087,10.640083757602984,obstruction
25282.94478651062,0.8974699040974481,1.208645298223801,10.651673269813065,obstruction
25287.910848428503,0.3231043622408778,0.5279895382599573,9.924882982874067,obstruction
25292.906662550948,-1.4793217691542098,-1.2666794931456926,9.477897796136514,obstruction
25297.78474920646,-0.5384320559069748,-1.620203001815177,8.644518119092915,obstruction
25302.78851641875,-0.4499599076230842,0.18557537812460978,9.912434885084581,obstruction
25307.801738044534,0.6494173879850179,0.2876091770440845,10.631718110768432,obstruction
25312.793276727785,0.17142866304248572,0.7034618075326391,11.079256563344652,obstruction
25317.73985089376,0.6831752750584862,0.7152274684442386,9.818834684477768,obstruction
25322.77888291756,0.09348487676638617,-0.6097529620848167,9.520347308587885,obstruction
25327.88076959668,-0.37003021161213323,-1.8758093015862651,8.93453339015101,obstruction
25332.954572826806,-1.2475682211434695,-1.168262665250781,8.463208460313453,obstruction
25337.904781083722,1.1711896735991048,1.1832631690553173,9.804788350028746,obstruction
25342.940369642576,0.9338639878738005,-0.16453988076266235,10.487039449951645,obstruction
25347.955255766454,0.8748157079433176,-0.01274043374114786,11.851127511120753,obstruction
25352.83392904187,0.726612889959521,-0.02057035412561714,9.881784044285874,obstruction
25357.79056002791,3.79828848962144,2.8744774707373137,13.671876510694474,obstruction
25362.76061006356,-2.2713264557550277,-1.5786039444962898,8.371940811841473,obstruction
25367.72130100331,-1.681429339552621,0.23529914020791937,8.240997957390423,obstruction
25372.64021334068,1.572243446498736,2.5448333280280644,11.40042224947463,obstruction
25377.649744108774,1.0470607545149486,2.223052919712811,11.09766940293769,obstruction
25382.59512037641,0.49242293557595795,-0.2227887737961468,10.324905033444216,obstruction
25387.601922807116,-0.22884780455722226,0.11383512586719652,9.230418160464776,obstruction
25392.481194739066,-0.9423521960210921,-1.3376384582771523,8.281476673536304,obstruction
25397.4236834551,-1.1679131125706408,-1.4366252651865745,8.5179390846527,obstruction
25402.438314723695,0.017271780512044782,-0.3805322462379746,8.814584693369145,obstruction
25407.402753250924,0.8277974671467608,0.9593931544107613,11.474542813435425,obstruction
25412.43634178186,0.9899366170187032,1.4062273710907105,10.989437768067111,obstruction
25417.35199474183,-0.3245113025945278,0.24968394936209623,10.860481036971763,obstruction
25422.373755169538,-1.8234908410275517,-1.1089375024016213,8.717496093480122,obstruction
25427.33363813794,-1.5632594022544715,-1.8569870760308964,8.106934713359536,obstruction
25432.21202469626,-1.876982732487797,-1.0987624994970857,8.967559059605117,obstruction
25437.17316067388,0.016053700906057247,-0.27461108472396156,10.404657819270945,obstruction
25442.217183848705,-0.20403745462664769,1.42591765093333,11.663450924306318,obstruction
25447.21949029251,1.7903603773536343,1.859584763926915,11.614345144887373,obstruction
25452.191299831364,-0.27042076890272027,0.1898864500487269,10.967037222632994,obstruction
25457.180565574123,-0.2224513336771331,-1.2039052779727857,8.21844066993841,obstruction
25462.173582361604,-0.9716408588597893,-1.6440280977020318,8.36073492577377,obstruction
25467.153846009685,-1.056783611102179,-0.5792714694544063,8.607389579150018,obstruction
25472.229737912337,0.5078088705389348,0.300303693731362,10.695976971665552,obstruction
25477.200707837546,1.2305282157531492,0.6237370137550018,11.224375608251393,obstruction
25482.23256796481,1.26180684124141,-0.5302520569410336,10.706012290032003,obstruction
25487.201256417608,-0.8038988603435381,-0.8721458855112255,9.497204977095542,obstruction
25492.257049246604,-0.8544660342174552,-0.0972255380815934,8.132407572038431,obstruction
25497.275046289586,0.3271073538789908,-0.7303371149404537,8.808153600379386,obstruction
25502.337629052505,-0.5559297986953031,-0.32440514704924633,9.189401247170752,obstruction
25507.378461839144,0.6226486869707386,-0.24866764467832303,11.590875177257573,obstruction
25512.390596452216,0.5863258881638717,1.4839476138097527,11.320764212738553,obstruction
25517.40635158822,0.3461444199398209,0.004200611055239278,10.967277238765977,obstruction
25522.511942359262,-1.5087667420123738,-1.1547747528788395,8.637480067956398,obstruction
25527.52869218631,-0.376412528334655,-0.9315432627528766,8.516579348132062,obstruction
25532.562874642015,-0.7441209649919687,-1.260353451987041,9.014765800386211,obstruction
25537.593758177994,0.24109695811478582,0.8475369224232503,10.590972301074371,obstruction
25542.589821886824,0.610025113043908,0.8870183242544631,10.644596747791805,obstruction
25547.618291252817,1.502829625721087,1.012058387835383,11.71771686120993,obstruction
25552.652893094924,0.38089039849953366,0.0002683742136695977,8.854198649031575,obstruction
25557.629439908153,-1.3794988497571299,-1.2968714869192364,8.170516366771919,obstruction
25562.745446680252,-2.1507403041536355,-1.0894795183178,8.87607824587037,obstruction
25567.730808881814,-1.2289528506832892,-0.043392609080197375,9.154732468867527,obstruction
25572.742982818185,0.838927675899792,0.038223528606478485,10.989695403079892,obstruction
25577.671564087792,1.5111532949915407,1.6029975544208361,11.43631095197731,obstruction
25582.61091979261,0.25812638598951076,0.6189099361340468,10.733055760155382,obstruction
25587.69403011483,0.8989713397477671,-0.8013179056539568,9.4925790196914,obstruction
25592.681629693507,-1.2493612627281145,-1.289310370081793,8.416342288982973,obstruction
25597.69388497671,-0.2075220103342933,-1.1893032112561073,8.580731250067743,obstruction
25602.731030444065,-0.8917479548660081,0.1280362716617003,9.903855506355269,obstruction
25607.708433607797,1.278290942086739,0.6536303175507578,11.943363339308,obstruction
25612.80799621933,1.9218696845317789,0.990477456947275,11.503950797232056,obstruction
25617.745074050308,0.4716364484912513,0.37610797448233185,11.091837676449556,obstruction
25622.80086049596,-0.9779070590962358,-0.6639118716411012,8.965159930226868,obstruction
25627.751167933806,-1.5421592394440955,-1.2736638399959068,8.500915538779664,obstruction
25632.81323912265,-1.3727332654368993,-0.6286353016654833,9.027921181512598,obstruction
25637.836147612783,-0.12660686985175945,-0.22208553505751133,9.690269538863655,obstruction
25642.92764328147,1.422785430228053,0.6432936898760975,11.59859580852965,obstruction
25647.95302355869,1.0369644295560307,1.4791481463531548,11.58274288526576,obstruction
25652.942563133314,-0.1263718658978303,1.192468508731215,9.380130634703782,obstruction
25658.04756711031,-1.129688973601146,-0.15801216198952528,8.460111343989153,obstruction
25663.038231207847,-1.1321514464340898,-1.07131274925474,8.211525169441934,obstruction
25668.019032825174,0.11238681374483839,-0.7710590407450368,9.623582049760195,obstruction
25673.037746262784,2.1985657515606984,0.15407536316249337,10.450774097630307,obstruction
25678.01555795802,0.923710161331142,0.9679218372374622,11.325452922838194,obstruction
25683.004211652496,0.4110771795094362,0.9462010668941324,10.01024990221895,obstruction
25688.03324962079,0.5625818635040001,0.6456558444159088,9.107220022952088,obstruction
25693.0973781326,-1.8026907609077851,-0.2998421544158095,8.503837261477187,obstruction
25698.05668450986,-1.7103339296872866,-0.6125112366868495,8.17629564844686,obstruction
25702.976658642074,-0.8183695756154247,-0.649906675191498,9.49603474807085,obstruction
25707.96881310922,0.4622561343421333,0.8039965609140868,11.589669255866472,obstruction
25712.98935026243,1.575549057862411,1.2200786570461786,10.489733851188042,obstruction
25717.992564964065,0.571900130450947,-0.475209486577268,10.903178202866675,obstruction
25723.056434856553,-0.5525701264358617,-0.3342772507240535,8.779114468278358,obstruction
25728.092594594396,-2.4055394123892277,-1.5847997206235052,8.72987880297418,obstruction
25733.071436541963,-0.08146110211636415,-0.6516220609631531,8.432069737550874,obstruction
25738.059757207568,0.08221927638256393,0.9120899159931248,9.291921630110615,obstruction
25743.09179771757,1.0761814169482626,1.2404271901751724,11.372450189057462,obstruction
25748.160994681697,1.0770597381346452,1.7913505018530145,11.08737089069034,obstruction
25753.208945319904,0.44455879443877205,0.9042845195838589,10.176296288617404,obstruction
25758.213605651454,-0.9549914979146252,-0.08305659001225774,8.927993301058724,obstruction
25763.223408551643,-0.9939616799852464,-0.6172347354035312,9.106923770927212,obstruction
25768.293550877963,-0.539041375752328,-1.4794947161680247,9.260539423062115,obstruction
25773.35191960473,1.1477150355328698,0.877300702074312,10.886717641000581,obstruction
25778.328064068188,0.6190501435053805,1.1145271353064066,11.330555625500168,obstruction
25783.333313067844,0.7133039109485715,1.1685400902437066,12.07087430272089,obstruction
25788.281547330113,0.338323491358585,-0.011745002056228748,9.868756970379719,obstruction
25793.20705196184,-1.1650544805642928,-1.081556244993914,8.760963636395639,obstruction
25798.21391937339,-0.7589722845018745,-1.0017493483291555,8.16405494296247,obstruction
25803.1903793803,0.19563680596400507,-0.26827613980204856,9.376754950185793,obstruction
25808.17860512682,0.5668694613116606,2.1170079379379483,11.505058497584294,obstruction
25813.20377630385,0.7025589858343775,0.9333816056840349,11.384429862541564,obstruction
25818.288224598153,0.17249083547983013,0.4341790117387588,9.698373978629569,obstruction
25823.249574629244,-0.8378410105035697,-0.9039507424958211,9.070003979222976,obstruction
25828.2251701209,-0.728616954312161,-1.5807412582082776,7.688344891668333,obstruction
25833.18865424454,-0.7520613850585708,-0.6555265978808127,9.252827056367073,obstruction
25838.18637986577,0.027082409518788875,0.18454145233939787,10.142247838847833,obstruction
25843.1644978588,1.3085660361564477,1.5961109699122589,12.868823653501464,obstruction
25848.233382694256,0.8425172638424177,0.8617428536951585,11.679107751804263,obstruction
25853.16987969763,1.4625345379157904,-1.0845056350352433,10.881635082836217,obstruction
25858.170916661875,-0.5963951400381365,-1.5379479883932294,7.888815841142328,obstruction
25863.182774018725,-1.1981352208203533,-1.6788800271916773,8.38866996918581,obstruction
25868.244580148763,-0.9332058978359966,-1.21191075334005,9.312150258677672,obstruction
25873.176726938156,0.6780787288083623,0.1455433302588376,10.700495673783848,obstruction
25878.276986335226,1.0546224175239898,1.1364984135678344,11.503791515093372,obstruction
25883.24493652314,-0.879921438280414,1.0905911151924872,10.913185729741295,obstruction
25888.224506612707,-0.665994207343341,-0.9273270371858893,8.232547792788862,obstruction
25893.21513681086,-2.420848040325244,-0.8368877255718981,8.599057599476344,obstruction
25898.134419267655,0.3697110785506661,-2.528648956496567,9.220305634386621,obstruction
25903.148064204655,0.9470827283734369,-0.12330628451018916,10.263411511752563,obstruction
25908.020217438312,0.5638050958574377,0.8165572260584759,11.150663692594263,obstruction
25913.03218191869,1.1372285924675598,0.9802561932474781,11.778930199019195,obstruction
25918.018815590432,-0.6125705777326608,0.14125178270370242,9.74606132870782,obstruction
25923.02390211239,-0.5681328570447857,-1.0561559802714822,9.041189570218615,obstruction
25928.00766335017,-1.0160822037884556,-0.16138107664198142,9.552217698228057,obstruction
25933.08999802495,-0.4604850989909304,-0.8607472284444562,9.999491218136182,obstruction
25938.088718637802,1.0775695592252643,0.21266126702896998,10.562175501547985,obstruction
25943.055371012477,1.3766586613480356,2.219890517076232,10.790128215668588,obstruction
25948.06676286927,0.8384066094653512,0.8663522411392511,10.704441564178127,obstruction
25953.0250965191,-0.04659392664416173,-0.10169840552396905,8.90502759644146,obstruction
25958.092300476223,-0.9734755114560162,-1.0747066439936506,8.941407288254894,obstruction
25963.133397951493,-1.0602030903364017,-1.0306415752552929,9.02089306504333,obstruction
25968.0928669561,1.2358670524941555,-0.7206252298247254,10.084430419595398,obstruction
25972.96083837035,0.6338747099699472,1.0615099378644384,11.338472589804619,obstruction
25978.044506687183,1.2836559960590015,1.8343699310655865,11.372635816812258,obstruction
25983.037446538652,-0.16593834245432731,-0.8677693055419395,10.739796424259374,obstruction
25988.053983114507,-0.7684135165592227,-0.6105360954106491,8.65842392556175,obstruction
25993.061457463442,-1.4557182825906492,0.41265748791692336,7.412306542150061,obstruction
25998.057189699197,-0.4754365407126215,-0.1919722911992262,8.613294485643287,obstruction
26003.054807914978,-0.5293139736904211,0.4678383505041048,10.02773782115875,obstruction
26008.04450473755,0.7008287442624558,2.4112283282210356,11.150738002348676,obstruction
26013.040972528008,0.6888394046621981,1.3498716394571415,10.867504334810338,obstruction
26018.051864446545,-1.441300903288277,-0.770346865768474,9.659392284251085,obstruction
26023.118022886112,-0.7443536657884117,-0.5022007203460884,8.651211272146394,obstruction
26028.0728899233,-1.031473275825813,-1.2379417099227703,8.817961444267036,obstruction
26033.141926558084,0.1707538449665926,0.3243287046465007,9.078354909222922,obstruction
26038.170983711447,0.5069156242048986,0.9638546084213786,11.321145239607288,obstruction
26043.238313976333,1.8736713605584092,1.0626363084187636,11.574210918847765,obstruction
26048.232015577276,0.1397876194902129,0.08499022112483845,11.179439277475376,obstruction
26053.28695004076,-0.24459034131267482,-0.8628670458930041,9.376270447642534,obstruction
26058.322125367053,-1.8345978100316547,-0.9577509663302993,8.133954450722927,obstruction
26063.343149896788,-1.4121708488636606,-0.39120383139635834,8.927038475139488,obstruction
26068.243577421483,-0.36567684830494873,-0.12442599474433494,10.485423867402774,obstruction
26073.216458859682,1.4523290004045601,1.2419762316301286,11.169115850786023,obstruction
26078.17893701435,1.108063609676404,1.5474975274922198,11.303038613451701,obstruction
26083.16910918543,0.3076045485368258,-0.6287501317385209,10.589873625985454,obstruction
26088.114234668246,0.05820777728480653,-0.3893648898076994,8.810685446324865,obstruction
26093.062835862143,-1.7786671286326103,-1.9456402205759862,8.657196942699407,obstruction
26098.066435611465,-0.734374412140669,-0.2203239509786947,9.446106693240681,obstruction
26103.01969126582,1.260815864243682,0.659744466901112,10.495990546438401,obstruction
26107.957196661857,1.6302810703912363,0.5399051601759663,10.715504071486306,obstruction
26112.875594157136,0.48818351977036606,0.4222439995038878,11.135821959603899,obstruction
26117.881063537672,1.7172659328380946,0.4299429181310526,10.560881420503065,obstruction
26122.79871827462,-1.0778850771427593,-0.7696448008383567,8.607288162249375,obstruction
26127.736343985605,-1.155678533952133,-0.8340548154795548,8.34357206870525,obstruction
26132.77566474099,-1.2988762354111874,-0.6576832250043397,7.72545484841023,obstruction
26137.781638181248,0.5732595809796893,0.4090016909255385,10.780786983039526,obstruction
26142.80374662018,1.5062801889109032,0.21933263682050075,10.67393311468558,obstruction
26147.85981138894,0.8166764453983946,-0.01147571159780958,10.704927709390521,obstruction
26152.827676946374,-0.8076546866575363,0.27175145961771136,9.642401444943642,obstruction
26157.739906147013,-0.9339266490350606,-1.8163860011750912,8.541006975714188,obstruction
26162.69879483023,-0.8045134298543677,-0.7154567017006186,7.9286284207350315,obstruction
26167.738434602878,-0.023370957307875,-0.28799329147244446,9.211750513947605,obstruction
26172.80373561847,1.6672649305933485,0.6728357672504315,10.987756148603406,obstruction
26177.58644197741,1.1949796007110867,2.005910196004122,10.783417654716354,obstruction
26182.60839483979,1.1324541265410832,1.3011878414975278,10.798791175699392,obstruction
26187.680241322414,-0.03166207899873191,-0.5178766101396035,8.55815478163704,obstruction
26192.78394133077,-1.0214050029786303,-1.8617698808785308,8.157229839538315,obstruction
26197.75783725258,-0.5689434293638213,-1.945377424624127,8.08830314377486,obstruction
26202.759209033196,0.05317298642073463,0.5211255972840744,9.874737593827511,obstruction
26207.729853258654,0.6819165260222297,1.0669362515411784,11.306205336944119,obstruction
26212.75879398186,1.1742109502849163,1.2349508719794626,12.349451400243332,obstruction
26217.707883768326,1.5154918357304434,0.42049941635737026,10.531559547613684,obstruction
26222.677809682078,-0.852355008241928,0.13148306409498473,8.982095548020427,obstruction
26227.737325998613,-1.3625444863216838,-2.630066343706916,8.972030121051148,obstruction
26232.682896428294,-0.2600634024891604,-1.114264420040975,9.186905415286867,obstruction
26237.647457346262,0.11340459234416696,0.054126016176600816,10.562284788805508,obstruction
26242.661265737795,1.2455586188296044,0.8447841232799516,11.199618906509277,obstruction
26247.64887245109,1.1086949422478658,0.7570353198984612,10.818352073997561,obstruction
26252.73389839548,-0.2867760135346629,0.320996777492919,9.852163375151804,obstruction
26257.77658665511,-0.4807186249099557,-0.8464432011709433,8.625387229943605,obstruction
26262.787906354184,-2.034540396502062,-0.9935547896660024,8.781985793975673,obstruction
26267.83886448505,-0.7170501423356571,-0.4739937255708493,8.894851777004568,obstruction
26272.747304046734,0.4999121748679015,-0.13998156491066033,10.331027813272316,obstruction
26277.770308838226,0.7761933008751982,1.1868610147567875,12.16112243890278,obstruction
26282.704457556843,1.5571045994572694,1.6754669771482162,10.955012650509962,obstruction
26287.669820339037,0.7316916703903307,-0.8010014553300141,9.599555644698569,obstruction
26292.676851432992,-1.57690341314205,-0.9627494282098937,8.481011244732088,obstruction
26297.650991813167,-0.49168171967529617,-0.7795723023000211,8.29656933756717,obstruction
26302.675201571423,-0.7027234852500058,-1.1714407762804286,8.762026787223796,obstruction
26307.67039538293,1.4887254349776842,2.0830379129427485,10.077643324910715,obstruction
26312.620966305396,0.8249432133222045,0.9142113352087788,12.201552716693163,obstruction
26317.626617175625,0.5781966787543382,0.9592053184994263,9.994680097586514,obstruction
26322.629741643454,-0.9712969757955232,-1.0151955012912164,9.593921724521035,obstruction
26327.562286828106,-1.2017549065006585,0.5526759670548502,8.167607133631776,obstruction
26332.521438275115,-5.804947844319761,-4.834888699864455,5.437539330672518,obstruction
26337.536370315964,-0.28865878309766657,-0.2524898789030815,9.519960116868338,obstruction
26342.512485606232,2.3149393743208653,0.8655757004808996,10.406542563049172,obstruction
26347.55934262058,1.118014467995068,0.38912427534986993,11.077482483172652,obstruction
26352.565606108383,-0.19534988562177658,1.0715519015137804,9.573265749043532,obstruction
26357.596081472795,-0.43465418623163904,-1.2402934479041874,8.854493575906911,obstruction
26362.49173832951,-2.066526300522633,-1.4268975829848838,8.818824995781425,obstruction
26367.529013355343,-0.8666894561136602,-0.3319549671892355,9.967574538556667,obstruction
26372.584175123895,0.2131191829763237,-0.41003984496785695,11.034838611575296,obstruction
26377.543017203203,-0.23042394288478252,2.1194844333546854,10.975099338733077,obstruction
26382.579669343977,0.4149922421489741,1.4310829943080434,11.294916677767366,obstruction
26387.600020066227,-0.44952193696614406,0.124108857132816,9.56595733496754,obstruction
26392.55457118243,-2.146233528106169,-0.6041053560720088,8.863018402737715,obstruction
26397.551926974833,-1.5910984113344653,-0.955370606223457,7.971522483269254,obstruction
26402.479501118552,0.7255473869335988,0.0015189621161687539,10.612860980837016,obstruction
26407.459930569425,1.1521055159518745,1.5283974331394163,11.04868467371677,obstruction
26412.407136962913,1.1149193598545781,1.7586632582681614,11.542204277322229,obstruction
26417.345613877646,0.10844124399416755,1.263290314138835,11.364649275731225,obstruction
26422.202303186503,-1.5111568326125069,0.04607017483295983,9.641642828018245,obstruction
26427.313280408885,-2.10537167176541,-0.2339636673106562,7.889639976845583,obstruction
26432.276545765497,-1.4319661881857184,-0.611818722470394,7.648787904645457,obstruction
26437.31292940298,0.4749529688518288,0.5159878953208089,9.676835310591978,obstruction
26442.257463176233,0.6330430694766862,0.7519413956370841,11.642707014136082,obstruction
26447.297400123225,1.1562193287302271,0.9656340071587566,10.296750692610562,obstruction
26452.269550534507,0.6628187159727943,0.6326674987485751,9.568544790341148,obstruction
26457.337358347406,-1.6146923316641382,-0.7196917101094361,8.226099315237049,obstruction
26462.315966629147,-1.336100211398388,-0.4788385660526139,9.20595470370248,obstruction
26467.281745410204,-0.4887876629540118,-0.7019184378661332,8.816944447276168,obstruction
26472.22555357726,0.022717316764372608,0.6003260784840858,9.903379497594067,obstruction
26477.22568003275,2.132421256742613,1.4695488736081368,11.633592761592928,obstruction
26482.223835797868,1.1417622946771502,1.4836355960362821,11.095143653689657,obstruction
26487.286926187866,-1.3309427249459453,-0.4039093799794048,9.154067984684284,obstruction
26492.394863907193,-1.8878191784968514,-1.1693451522448468,8.975043244321776,obstruction
26497.325175735055,-0.08171930014092188,-0.7215859099314419,9.221502347935695,obstruction
26502.33377970205,0.3510042614181083,-0.5922819124629729,10.013512536156966,obstruction
26507.304150036343,0.2555779749632856,1.638371498348164,10.412975935161105,obstruction
26512.390732749765,-0.039725174893125326,0.16629764257922397,11.52714367934138,obstruction
26517.334269949824,0.9483190487610347,0.1758316197165809,10.974314469468139,obstruction
26522.343692327373,-0.7765495421702835,-0.6606239293284408,9.638681079243486,obstruction
26527.36431153061,-0.6188713983450898,-2.042368630676753,8.27543422244215,obstruction
26532.39528376894,-1.8182240042814213,-1.1893102710945826,7.8863764777603915,obstruction
26537.495484173345,0.8332221864973773,0.034201139715705285,9.767262864053071,obstruction
26542.61795659729,1.1701878888171242,1.0813464766518839,10.816018433382517,obstruction
26547.600848451726,1.137190623482991,0.4765123995433985,11.109179771179015,obstruction
26552.560560657927,2.2430969540980565,0.8159594245363437,10.841456663094291,obstruction
26557.66940044864,-1.0338061043453308,-1.081959236287028,9.32074770634438,obstruction
26562.671799659038,-1.5895106019621041,-0.8751215199554241,9.071763418213807,obstruction
26567.6994982672,-1.0862827112875277,-1.2683746009498427,9.267167399520517,obstruction
26572.679951928687,0.3889485004324762,0.6383712657412173,10.518101244283969,obstruction
26577.704328007298,1.122100083165559,0.5175727423637373,10.57184635773131,obstruction
26582.61154062234,-0.5683886771663957,0.6882607316041827,10.971066918055374,obstruction
26587.739372436583,-1.007253759720135,0.11296329151515083,9.365468205336155,obstruction
26592.740434781543,-0.5373833973913746,-0.6162580625045313,8.65777367557548,obstruction
26597.791671357074,-1.5266841371050872,-0.745234472552918,8.95371687320254,obstruction
26602.789083947468,-5.053025745137664,-3.5770508692301113,5.3837334792771765,obstruction
26607.828916281713,1.6506437130607008,0.8962581920676711,10.640657836252464,obstruction
26612.855916533437,2.283148853725261,1.0425570165135416,11.48354423961844,obstruction
26617.81511666809,-0.1150359834160406,-0.07458756816130041,10.379603632871861,obstruction
26622.808922444172,-1.116373117565637,-0.15045577093318208,9.055523594443843,obstruction
26627.802830300352,-0.9143239011552036,-0.6895682769457445,8.0740561293136,obstruction
26632.817959185253,-0.6615079041314382,-2.5187525921347493,8.706048931941433,obstruction
26637.83005591989,1.0359021130367727,1.0923822633592906,9.707108503948724,obstruction
26642.841843843697,0.9669189865887523,0.8232250669990813,10.418497124104197,obstruction
26647.792612381345,0.8673191354445918,1.2420362505041163,11.468607339901437,obstruction
26652.803082444232,0.04900595571043523,1.5921283739242158,10.49163257779686,obstruction
26657.84187202287,-1.5865631586785869,-1.572491560513697,8.693701976480106,obstruction
26662.86345335228,-1.3790671589732368,-0.9541656433093207,8.822384776731196,obstruction
26667.86782765639,-0.6866448094550381,-0.8401175073534528,9.157428090356603,obstruction
26672.825430493693,1.2575971251652338,-0.08128828194967064,10.636389019615535,obstruction
26677.76176190419,1.2543846217366506,1.7997032980935805,11.460162323302917,obstruction
26682.82251742285,0.6433399865461977,0.854722998458338,10.660069061922366,obstruction
26687.901791068634,0.4957275362485397,-0.34679134737046763,9.625325598981016,obstruction
26692.9956138167,-1.2264259232613648,-1.6066782822164591,7.950685124112007,obstruction
26697.992374414927,-0.6177072453257533,-1.3876339559438806,8.616647734229025,obstruction
26702.867845251378,-0.2917008498685288,-0.1455988000678836,9.164254540394825,obstruction
26707.857902090233,1.7465507600199381,0.9310057227869178,10.257279067513446,obstruction
26712.77505369135,0.7284281188687451,2.876038219818682,11.6826374616451,obstruction
26717.814132720676,0.5337419170125045,-0.2819958314932004,10.547466156148849,obstruction
26722.721066998783,0.055588327314839925,-0.9308008893058215,9.354006310922383,obstruction
26727.728477442895,-2.5331842257723673,-1.7014616877250832,8.249026377595856,obstruction
26732.709820157805,-1.937120691787329,-1.2764643210966495,8.873044012166252,obstruction
26737.801253626072,0.2988459297778988,0.8266608689371484,10.35100995747199,obstruction
26742.825922294924,1.4793074126862236,0.755258908029981,11.477167746631283,obstruction
26747.863055035545,1.1992117963824263,1.7770440086676365,11.817626847668569,obstruction
26752.905324490846,0.4157472153939923,0.3591249868365713,10.20300322993844,obstruction
26757.9243393205,-0.8347257032430494,-2.4372618212378954,9.55278956609194,obstruction
26763.002183468634,-1.5616292705994241,-1.1610195922424444,8.961680901399953,obstruction
26768.06841237565,-0.14161563046777909,-0.7284035247266349,9.492831796510703,obstruction
26773.04075747272,0.20186605172179317,0.281383451988204,10.93785725905983,obstruction
26778.01910582725,1.9909645027725582,0.9861592354703692,11.054139744636027,obstruction
26783.00246305937,0.32976407029141014,0.19649769974170017,11.333573765358782,obstruction
26787.984724278926,0.08965110321421904,-0.7232537271577085,9.99106845645861,obstruction
26792.956930552537,-1.0960646572535508,-1.0718183395539476,8.440796140067459,obstruction
26797.921750725807,-1.2370267112134177,-1.5931362704102796,8.502300004325074,obstruction
26802.89278561138,0.7676854205069357,0.2628431958379448,9.249054802515792,obstruction
26807.893331043102,2.7109741922352297,1.6621502723678399,10.933852914738502,obstruction
26812.883193431495,1.4226250917610634,-0.029130565725063784,10.763608894177619,obstruction
26817.8786541266,0.1175605459277228,-0.3676993872299841,10.100102242190522,obstruction
26822.997434320543,0.6018430314525588,-0.011793919279605491,9.282413905541052,obstruction
26828.016302828513,-0.960569846496543,-1.1219673186275734,9.20313998745548,obstruction
26832.92526409677,-0.5953789567481775,-0.8812026858828704,9.07643497776646,obstruction
26837.90866989896,-0.5716089905551068,0.08676747869111895,9.777828638036933,obstruction
26842.89949615788,1.2106405523501638,1.3914823757587063,11.863881902785254,obstruction
26847.9648204732,0.7865807913717038,1.8902743884086886,10.90408069636651,obstruction
26852.933170659915,0.14169505679894115,-0.19787621962198546,8.793595766473363,obstruction
26857.87348497958,-1.6586012301171702,-1.4649869478305426,8.068711444607743,obstruction
26862.881125980704,-1.2294702248381122,-0.6678837764470712,8.863084375077909,obstruction
26867.933080458533,0.5730385275187714,0.1953860001496786,9.842500696826578,obstruction
26872.899161983485,0.3648459201991757,0.5779804725938521,10.930719928354137,obstruction
26877.853267750153,1.448770518530218,1.4672252185517891,10.703184977577367,obstruction
26882.817230808734,1.0542191161568075,1.5130635978228584,10.488246422545242,obstruction
26887.823586649618,-4.625352851032223,-4.366568632465649,6.104080664843379,obstruction
26892.740336478633,0.04852431305182536,-1.9547979195568228,8.038452617518203,obstruction
26897.687729075467,-0.6188498377645644,-1.1262563898368474,8.75696717147455,obstruction
26902.72477075708,0.9052846296265216,-0.798428222854439,9.045451323637451,obstruction
26907.70430739296,1.6211901949698637,1.5601807430340595,11.20297239351889,obstruction
26912.69944317464,1.6424226741300623,0.844901116835987,11.527102039173162,obstruction
26917.656923480095,1.0268629055929617,-0.00404960589860609,10.799967077051296,obstruction
26922.578132725197,-0.7758600695149402,-0.2258295579554932,8.962059031176834,obstruction
26927.5756084997,-0.61737213846024,-2.109988467233575,9.121273111567449,obstruction
26932.58062725136,-0.3250942964894327,-1.2499510851118338,9.021871122007878,obstruction
26937.60522955224,0.8882104573231187,0.4257273399804814,10.101146176529335,obstruction
26942.618043561466,1.1305058128627756,1.349161458356458,10.772497494680803,obstruction
26947.674319754613,0.1723217629383963,1.0836011110917707,11.041618927159682,obstruction
26952.724425600005,1.2030236181074743,0.14140978014448727,10.294176424681952,obstruction
26957.7876461229,-0.9144052002812653,-0.2877086473638317,8.413287351520735,obstruction
26962.807636344238,-1.8564822017092193,-1.5824630439076572,7.249344538431311,obstruction
26967.85111392268,-0.1513030494509432,0.2198980107182787,10.076604298316614,obstruction
26972.954823400363,1.2053484448206924,1.3705772848810391,10.658455628134009,obstruction
26977.909562326793,0.9926092073096071,1.452867933839206,11.885023284764582,obstruction
26982.941218900058,0.2978691624789085,0.9980098953565226,10.600022457041984,obstruction
26987.929286322516,-1.6027649310745493,0.48943399136061216,9.713455192450327,obstruction
26992.90605745013,-1.6105261647096045,-1.9046687879467852,8.904865518194217,obstruction
26997.85484493231,0.023673394083136512,-1.77456388821115,8.355476525078316,obstruction
27002.859023979356,1.364145848612445,1.2249065990173391,10.287787771306228,obstruction
27007.784099821765,1.8860661802710175,1.1761211651967427,11.056784031207627,obstruction
27012.884729295045,1.4670606775809718,0.0874051813625546,10.491318547942914,obstruction
27017.818083595248,-0.23934569903018357,-0.8318162407123156,11.224968912010148,obstruction
27022.75052665809,-1.4370132740592092,-0.6997603649329824,8.705430777021801,obstruction
27027.79843868296,-1.1610417024011177,-1.999553439203722,7.898262212275347,obstruction
27032.83089024427,-0.34034290065864975,-0.7488853164828212,9.198009641772781,obstruction
27037.88665595188,0.6885829457542478,0.3737303047310756,10.6371489827024,obstruction
27042.903525904887,1.82545678860461,0.1585283885298916,11.03070869033671,obstruction
27047.872336897275,1.0298275054627188,-0.4509878606847014,10.973719232128179,obstruction
27052.912701247642,0.40559671427132693,-0.13161267353331962,9.829884653280775,obstruction
27057.830762066853,0.11533337453495252,-1.9403380457751238,8.839118821278548,obstruction
27062.807390588707,-0.5934703218321191,-1.2201995519704179,8.530186726141054,obstruction
27067.832329664383,-0.43770441760468703,-0.7625831552787088,9.35137655287021,obstruction
27072.82606268909,0.9742293645978934,1.4726986947695386,10.209009831946329,obstruction
27077.816427986956,0.511789682991328,0.42614368561441396,12.042413887758393,obstruction
27082.839677237982,0.4468924343171178,-0.17864539199372997,10.401030207021238,obstruction
27087.770960939404,-1.249866930357899,-1.8531818294115479,8.163912169991498,obstruction
27092.767873831795,-1.7298426183720397,-1.1950123511931214,9.681738574764978,obstruction
27097.82492962813,-1.686557577085954,-1.0094544560761318,7.644941898331576,obstruction
27102.761117322814,0.0012992926868861943,0.6283041235209605,8.971104294105263,obstruction
27107.73624721292,0.8866495527684122,1.2044054062095613,10.406849524179682,obstruction
27112.718947653324,0.44425278168811233,2.2025068837448885,12.03842726482619,obstruction
27117.7096845041,-1.0726151306781235,0.3855978510737833,10.825376480197168,obstruction
27122.723227340248,-1.1132310414201885,-1.0596303655339772,8.973236565096304,obstruction
27127.733374645035,0.4956667445380505,-2.689373406957858,8.255647493112034,obstruction
27132.833844650304,0.2105841809602883,-0.16245170763421096,9.354230450951585,obstruction
27137.80851751309,0.46367951486564957,-0.2150555238973848,10.530190019768582,obstruction
27142.842984121115,0.8587314741186229,0.9010977507645783,11.688220693630786,obstruction
27147.875787743746,1.2296308081937244,1.4044673562050711,11.191749414589701,obstruction
27152.873463738477,-0.4410103251020098,-0.2874463985557081,10.572389197502302,obstruction
27157.890027122437,-1.0125974656132164,-0.1178713777986986,7.87757265905637,obstruction
27162.85860726523,-1.470517877574161,-1.0117437677168113,8.206691234521202,obstruction
27167.86291956613,-0.8272377574365464,-0.3467178937381692,9.780648083608614,obstruction
27172.799680870463,0.9091814756921666,1.9951365760172517,10.142757938964076,obstruction
27177.8237707053,1.2524959215848934,1.4127713610232755,11.09364217015888,obstruction
27182.823819821326,0.8839687651093612,0.5947502812484582,10.82453240716551,obstruction
27187.744111016782,-1.1779313177792743,-0.22829871044272665,9.353772843415381,obstruction
27192.562561461215,-0.9106363356695114,-1.5317916696837404,8.5840522602749,obstruction
27197.583822570192,-1.6554922036126358,-1.275209347584645,8.095455908509658,obstruction
27202.652788956595,-0.4976652695536369,0.5386579695677439,9.661770526030713,obstruction
27207.76270924219,0.9474546745088366,1.5670479463478704,11.541534257989348,obstruction
27212.792073062297,0.5377987924726271,1.6706481628971783,12.010257377958526,obstruction
27217.75100095886,0.8180373101893663,0.5635047414912894,9.956253878471145,obstruction
27222.690932129837,-0.693632110688593,-0.18189603842615276,9.263617992324672,obstruction
27227.709364502698,-2.490917363281934,-0.46908524899790505,8.943704769340979,obstruction
27232.69749941124,-0.29159688400789774,-0.7258060962167441,8.8584207693682,obstruction
27237.728549303178,0.6959202871255968,0.9867350098962069,9.219501308583947,obstruction
27242.863939935534,1.056783845362078,1.0772949568961157,11.064885081816374,obstruction
27247.852742203413,0.21362752449982192,1.7114678739216624,11.687701210254627,obstruction
27252.849900626556,0.07663242589818486,-0.027979430986679266,9.32685675571509,obstruction
27257.816541410324,-1.206596258312975,-1.2898223317255761,9.426144702883008,obstruction
27262.881966425884,-1.841022396447892,-1.0844027072547813,7.8927666819182685,obstruction
27267.83475402126,0.36620381289147436,-1.1820608763878884,9.78540136742035,obstruction
27272.858202896612,0.7634716010049798,-0.05512167886267427,10.232140694450022,obstruction
27277.792416591237,2.2652715426014476,1.4306613981573792,11.377721390234479,obstruction
27282.83285521757,0.3502681701483415,1.2427874061569564,10.879806425475516,obstruction
27287.840482573105,-0.9291117489052207,-0.23259315231266173,8.22248027933061,obstruction
27292.893326346046,-1.1821396719506843,-1.0683668700278388,9.031042241183243,obstruction
27297.91418705293,-0.5498210127214863,-1.7365548876648187,7.700804961886449,obstruction
27302.835676085713,0.13118000041214725,-0.32545311226538176,9.23821684415462,obstruction
27307.863509509276,1.0369024466068992,1.1079650619848749,10.711198098422896,obstruction
27312.820272633136,0.8672527212385083,0.6543641140953371,11.106768248857884,obstruction
27317.884899415985,-0.16036330540795485,1.1353028576202666,10.154827644347133,obstruction
27322.87768792834,0.1371555803398003,-0.6738829503813123,9.05724200615119,obstruction
27327.93949822269,-0.1960603719848374,-1.4388548128670111,7.315254766815491,obstruction
27332.938471293706,-0.7515609392144298,-0.30006184744127495,7.769680835664909,obstruction
27337.93945570615,1.1588918996780722,0.4575649449782478,10.407957156738883,obstruction
27343.03975354268,1.5109521931492502,0.7274940835786616,10.957181454070145,obstruction
27348.103314422973,0.453579346055609,0.9482396081019511,11.019537276693452,obstruction
27353.0734464578,1.637295774431218,0.05278327680964473,9.668142126016354,obstruction
27358.126128954656,-0.7216927740585957,-1.9013635876483792,8.003986114660794,obstruction
27363.11013064534,-1.17300165600465,-1.5417555485175072,7.645663943535187,obstruction
27368.03814845225,-0.15349962316263216,-0.49027184589622935,8.450673844223108,obstruction
27372.96725108312,-0.19442840179554705,0.6724165441387131,11.117818312247158,obstruction
27377.99775029984,1.235492621876196,0.6823138866599646,11.000258909330462,obstruction
27382.991684689354,1.190616644878462,1.416531021630488,11.203686477224366,obstruction
27387.974170170888,-1.7290938220056202,-0.5394642776885314,9.619483765188669,obstruction
27392.98076852582,-1.140887373978585,-0.6156282004328747,8.637801792658383,obstruction
27398.03343513474,-0.3092925088928752,-1.436100413018732,8.317911141019808,obstruction
27403.126548448137,0.533880042317536,-0.4815771068172689,9.850744855275668,obstruction
27408.13878765381,1.686855759119454,0.7835961417695184,10.093982371955972,obstruction
27413.08371512359,0.7739349718526867,0.6594776579386431,11.05559580114151,obstruction
27418.12354961031,1.119655130218646,-0.2614042764973104,9.83098081461063,obstruction
27423.15767040272,-0.9783850784339645,-1.0762919685701176,8.892916963847794,obstruction
27428.095840978283,-1.2680751114911992,-0.8209962435506621,7.9901001648214445,obstruction
27433.098561570587,-1.4513471999633092,-1.067790077654978,8.431063005042503,obstruction
27438.123120898617,-0.3096721819953575,0.3581336128415755,9.604807319226445,obstruction
27443.086173271353,1.552839834601184,0.213988688657325,11.512712936193092,obstruction
27448.08111175687,0.8940592269613636,0.6013348675326213,10.871290481638246,obstruction
27453.194806350268,0.8456227711147588,0.5145966295546653,9.705838365283034,obstruction
27458.146975768897,-0.18273163301774042,-1.5660691342974191,9.033112383695272,obstruction
27463.15442972069,-0.2229110265808495,-0.9839900588726664,8.76062233222816,obstruction
27468.217127154825,-0.1652200617042085,-0.3434491399298063,9.494690106308477,obstruction
27473.205084487352,0.8064996070423638,1.5340616103618978,10.311583013036087,obstruction
27478.268619138213,2.569284918731654,0.6933082553601573,11.148586946407958,obstruction
27483.223826694706,0.5391787984177324,0.07564947827421398,11.425188876181583,obstruction
27488.1504483148,-0.1089416741213643,-0.2738916031676165,9.028399234304612,obstruction
27493.108093267958,-0.6855086488276751,-1.218654752695614,9.341597634026716,obstruction
27498.182042072633,-0.5390682160058886,-1.6577453440022885,8.991409368572542,obstruction
27503.11469445774,-1.4803764179388228,-1.340096113598685,10.236352714719349,obstruction
27508.230894802597,0.9273908968619479,1.9642021689491758,11.931705881968972,obstruction
27513.25090060032,1.1561098516465393,0.6209413659257401,11.541542363792505,obstruction
27518.275988071844,-0.6874455143953884,-0.1954543352334236,9.51600745076369,obstruction
27523.227281447937,-0.46449477221367536,-1.2431086955918071,8.55536585509383,obstruction
27528.316626939963,-0.9282519165157123,-2.7419672191116877,8.453143461500808,obstruction
27533.395773373195,-1.339502186667191,-0.5600483664873388,9.71052248608968,obstruction
27538.33715491951,-0.01979619402213223,-0.05534334726078499,10.299941062438503,obstruction
27543.42500708468,1.8981690131763758,1.6151587337686693,11.139663878476894,obstruction
27548.438302685416,0.10013283790535543,0.6028001725220637,10.71034487030273,obstruction
27553.503242160987,1.0474910798386168,-0.1840957828536349,10.234002191594724,obstruction
27558.56073034824,-1.8333908836526045,-0.7449210656308382,7.965140402933433,obstruction
27563.515783025137,-2.1283484991512895,-1.5624738498165196,8.526468552920099,obstruction
27568.469822394007,-0.3840014588836124,0.36798634966709126,10.46543860620181,obstruction
27573.41661291385,0.6625801567091356,0.6728326025336282,9.880456218042797,obstruction
27578.400444812876,1.3515896817088977,1.1273077088748853,11.494861163082907,obstruction
27583.33765520421,0.8857208582333329,0.9021067897848647,10.22229520868724,obstruction
27588.386266663674,0.10120411098711207,0.08836576885226816,8.338243806031182,obstruction
27593.287948181347,-1.113216210624907,-1.8391756914969353,7.491710198351152,obstruction
27598.29282564195,-0.4762033767402265,-1.7990986973610341,9.009766552259967,obstruction
27603.175731497377,0.5728019433264879,-0.6869187309284616,10.214881656679724,obstruction
27608.205562615065,1.7462469702273715,0.30415635567228005,10.284972512133397,obstruction
27613.120697442548,1.9278485314123408,0.06538451898910158,10.991993089917546,obstruction
27618.097695367527,0.056343728322380326,-0.2600534890345127,10.221692166133133,obstruction
27623.086552529443,0.04373564222141124,-0.7775586277029373,8.117577546472065,obstruction
27628.074167295155,-1.49166285483326,-1.1711298309833167,8.333336778699936,obstruction
27633.101387958748,-0.16918977828946447,-0.5536513210435902,9.725076981136962,obstruction
27638.052208341884,1.067547571186811,-0.5341677706854344,9.875087207335428,obstruction
27643.09124029305,1.4209993833104395,1.0551651922854834,11.405812452174752,obstruction
27648.1394629157,0.09891170172353148,0.19901190839472183,10.972309779245716,obstruction
27653.114952484728,-0.9554173484281697,-1.4006288648623406,9.127984844373778,obstruction
27658.119340221892,-0.9022202526209604,-0.9953541635863283,7.980999775390387,obstruction
27663.13084556335,-0.9510249890501167,-1.165951716678977,9.321379691092606,obstruction
27668.036088294994,-0.6149725153229497,0.13314614823426946,8.998242639480624,obstruction
27673.01043510452,-0.031547615931570405,-0.5111963529669569,10.719066900943936,obstruction
27678.061659626423,0.5830338167373917,1.0074305732029258,10.367160515750161,obstruction
27683.028812579447,-0.29438938073229315,0.34836463253912897,11.218462959332994,obstruction
27687.980844681348,-1.2191242584914441,-0.953350872698089,8.354820365901984,obstruction
27693.01594599742,-1.0274528717951843,-1.198944552262472,8.678951519392148,obstruction
27698.02084990084,-1.3114149545446185,-0.8588746696714753,8.31755158184566,obstruction
27702.98943358274,0.4086927418858279,0.5706306286693107,9.491353035813466,obstruction
27708.003102031078,1.5794098338688558,0.22251537684751865,11.851756223512483,obstruction
27712.997059324814,0.7591567052074254,1.492245725200335,10.237756912818458,obstruction
27717.9772814299,-0.04690603055636111,0.05330676439544327,9.801277841167527,obstruction
27722.9697825689,-0.48537221086112714,-0.57614308137832,9.053543783469465,obstruction
27728.021644295288,-1.9305686436378164,-1.378864002203543,8.74244962787181,obstruction
27733.068135669564,-0.7261755635588356,0.0536655964709587,8.593776178566026,obstruction
27738.00959783068,0.3314547154385389,0.48139303906500686,11.008965345027402,obstruction
27743.095055144317,0.8440069219601962,0.6241690516012073,12.079618541372646,obstruction
27748.141065245523,0.23365856556843645,0.5839021032727145,10.960940145491742,obstruction
27753.175054691634,-0.7678328591097977,-1.1585009738312593,10.28344416424255,obstruction
27758.143261027046,-0.5109868098780578,-0.8791945359530902,9.084960151846598,obstruction
27763.180829879686,-2.0850924164678513,-1.2894276805035523,8.447419999845062,obstruction
27768.298122329965,-0.8808810892798475,-0.1807720169656058,9.862230549137308,obstruction
27773.31756159557,1.7773243784047228,0.8722451205113841,10.147169714428381,obstruction
27778.331321965416,1.2991902008600542,2.307125820835055,11.315429394256626,obstruction
27783.327864305258,1.2760179517609047,0.3991150658870584,11.004847721112728,obstruction
27788.230639480287,-0.720996866820542,-0.1646219208536594,9.775252935048858,obstruction
27793.13958982561,-2.6029507600165855,-1.19307871802724,8.36946239399228,obstruction
27798.0925041935,-0.6524055591391753,-1.2634193977401065,9.28581875579308,obstruction
27803.033515428982,-0.43386197668077586,-0.8635879287137118,9.38176196296093,obstruction
27808.01997788437,0.3288200777153729,1.226875756386442,11.02572236238339,obstruction
27812.960756606084,1.465538962502988,1.040904238340855,11.501829400258863,obstruction
27817.978883164542,1.3841768891958819,1.2697474202626218,9.313237791175304,obstruction
27822.97965890368,-0.9721963592365448,-0.692356376597128,9.203311311627704,obstruction
27828.066833138506,-1.5186875500992238,-2.047826068721843,8.840600875577978,obstruction
27833.049080538356,-1.1891610900556489,-1.180026268953562,8.292681120797717,obstruction
27838.058322852234,0.046332393158256796,-1.519798734272812,9.286319680705912,obstruction
27843.0672829821,-0.5476566560571174,1.3371940415906878,11.029772708183375,obstruction
27848.13122210273,1.1962695446184626,1.217637642007039,11.392808923837467,obstruction
27853.190146013287,-0.7475073428506505,0.19068373549161635,10.382875763673935,obstruction
27858.19844584688,-1.1875339442526482,-0.9983466814666513,9.253314988490859,obstruction
27863.25622728118,-0.7316774221818324,-1.7378066330127249,8.351893029670174,obstruction
27868.20373802517,-1.2596413761915612,-1.2901751730393283,8.132843967988979,obstruction
27873.130294426388,-0.014396619452357096,-0.20802961730549402,10.517898279156098,obstruction
27878.101782249465,1.7918328563617267,0.5835644821928809,11.185286018400374,obstruction
27883.142206146622,0.40817196782966747,1.4224262253162587,11.321782915384526,obstruction
27888.140897158177,0.6623130025727203,0.28222994381980165,9.478501432431797,obstruction
27893.147564606876,-1.0165364478155905,-0.03698814163442632,8.446071129089066,obstruction
27898.20920599053,-0.8709225160531171,-1.3646683932164196,8.718903976649706,obstruction
27903.155664456877,0.4831568353108909,-0.6239285622147963,8.999540264122178,obstruction
27908.14444019935,0.5217704658939981,0.89709462597768,11.465273016464314,obstruction
27913.138705260633,1.1244861783258675,1.0287624675506302,11.700300377292395,obstruction
27918.106795882366,0.22754594198503286,0.09853631310083738,10.156252442431995,obstruction
27923.008608491327,-1.3499761279799714,-0.06553375444441573,9.394202435404239,obstruction
27927.973828835915,-1.5354027788785503,-0.6223614431626001,7.553278547025986,obstruction
27933.046029427584,-0.9839451688070722,-0.33299885745891034,8.082200853941607,obstruction
27938.151587398857,0.7368003784604589,0.4723717201983921,10.192021669444303,obstruction
27943.114828658374,-0.1761280232774345,1.0191528582029368,11.969560777649688,obstruction
27948.14049425745,0.9883125339791248,1.9217079100811283,10.242881596709783,obstruction
27953.11342107533,1.1034265486586523,-0.2300126998265432,10.338798873547681,obstruction
27958.054665429343,-1.2574133357983608,-0.551382262787049,8.188925181095252,obstruction
27962.990596425647,-0.7926778509977788,0.014254820344480112,7.9855741747029345,obstruction
27967.99495476302,-0.04176020823433846,0.34917161225843407,8.821615488304246,obstruction
27973.096728458517,1.521352040340056,0.08806573853667315,10.731784331413806,obstruction
27978.07839036176,1.6920086930122538,1.237651316744728,11.415760299361619,obstruction
27983.142625619115,0.8723579056303882,0.9504622147741445,10.893624251087626,obstruction
27988.142460086317,-0.5909362498626495,1.1427329043683674,10.131057148103972,obstruction
27993.192331488917,-0.5535529194486504,-0.6382038274069964,8.38158212036878,obstruction
27998.199396364525,-1.1536884746181253,-0.5000720431455467,8.230221166965888,obstruction
28003.15683549827,0.22851997276056688,-0.4050872257751259,10.524889874401945,obstruction
28008.253412790316,2.5074598795996126,0.3518054193932849,10.411044714695137,obstruction
28013.211179212758,0.4055297308784922,1.9937671115293942,11.4126061391418,obstruction
28018.125539108885,1.5565574836988452,0.08898089582534241,10.465311906865457,obstruction
28023.095036982824,-1.0939105689669764,0.8215634743620999,9.31234413073757,obstruction
28028.121143795805,-0.45585074089175504,-1.204448705986382,8.00573621359706,obstruction
28033.116396084755,-0.605330573366081,0.1871053216827191,8.217494275929033,obstruction
28038.07596111222,-0.4979465241254789,0.5310771759525663,10.230878147647383,obstruction
28043.053245134877,1.4961933053817136,1.4454104418511289,11.266160554449561,obstruction
28048.099987052545,0.7099610019190498,0.5975211276568945,10.958622841972433,obstruction
28053.1187938806,0.4985372028688214,-0.20218955121681703,10.43946143122954,obstruction
28058.22658645057,-2.360541472648087,-1.0952673804073094,8.139397226337518,obstruction
28063.284998411356,-2.5818082962256894,-1.3848727020800498,9.350715630128327,obstruction
28068.26377256104,-0.5226367053175378,-0.8393026446864063,8.827117980950277,obstruction
28073.308964969678,0.3107123907687721,1.0664367643246004,11.205398533402667,obstruction
28078.195501684488,1.20774858958391,0.9133415741458046,11.800282378608022,obstruction
28083.14799722921,2.0881975689085146,1.8032887782849563,10.794505918621342,obstruction
28088.17301202521,0.05885937149589811,0.10215803344225671,10.002757837448454,obstruction
28093.113942334614,-0.7885738097159822,-1.5423885473377323,9.028819900902143,obstruction
28098.091769825227,-0.7284954438788646,-1.044127706509528,8.789564753884168,obstruction
28103.082493707585,-0.7545489726859937,-0.9281182526410391,10.19838649524616,obstruction
28108.08610059036,0.9635187708029852,0.34354429198584074,10.228142669979281,obstruction
28113.187402808784,1.217595576122973,1.6268590663763085,11.577353189310372,obstruction
28118.15781235278,1.0062942609516372,-0.4552983947790271,9.665791831770491,obstruction
28123.1323470264,-0.8748438481857309,-1.5660509881999967,9.144399589284244,obstruction
28128.150733093164,-1.4068827100839276,-1.0937793474279731,8.966275405518012,obstruction
28133.096762572553,-0.9542259028242135,-0.10321952313546567,8.892064026480138,obstruction
28138.12557950028,0.4764629056743495,0.6067544618495742,10.536933499945007,obstruction
28143.174745071836,1.223236073076824,1.3063689859615915,10.693520876441076,obstruction
28148.221694902233,0.35593482161379886,-0.2081095405711083,10.234557886596797,obstruction
28153.1617473898,-0.1359425357364016,-0.4903034440420522,9.575745176535944,obstruction
28158.141618571142,-0.888564667494835,-0.37567813339421485,8.332963514106797,obstruction
28163.126768434384,-2.514535282718673,-1.8077433936723142,8.335834545772622,obstruction
28168.069651254293,-0.666176916964516,-0.4620240231009371,8.096415913057474,obstruction
28173.144766938778,2.0918811749464385,0.6109401873252108,9.810527146429669,obstruction
28178.100253881763,1.441375828355357,0.6307478690290439,11.54205090939786,obstruction
28183.277308174922,0.12501915649236428,1.301997724429942,10.040166446538182,obstruction
28188.2617036897,-0.5421276019687095,0.8356028867301968,11.145453034196619,obstruction
28193.264548591007,-0.6238154345329565,-2.0855243905025045,8.783534380850076,obstruction
28198.27356782014,-1.1477822872931616,-0.8382182926241575,9.14861864397123,obstruction
28203.197966186173,0.00018249803162823097,-0.8505434966482948,9.756468642555284,obstruction
28208.196041090952,1.3499808836923393,1.8141537845698146,10.392846941417979,obstruction
28213.269247469572,1.3000782919666556,1.7897302131023634,11.610703652569104,obstruction
28218.3575912173,1.2798881629587207,-0.22140163729581497,11.014234749530205,obstruction
28223.327253708907,-0.6047423473339988,-1.0732363005389731,9.372168208768052,obstruction
28228.315095712223,-0.5331077232906501,-1.447851743148947,8.61841571658505,obstruction
28233.32462256167,-0.7708650291582281,-0.44979748545315623,8.45422360133842,obstruction
28238.386043320126,-0.18791058625902163,0.319451616589866,11.199289957705092,obstruction
28243.38320778084,1.528294434643581,1.8587642490549183,11.06937443631321,obstruction
28248.356276569684,0.36604592720490303,1.4938214907200906,11.621212009710256,obstruction
28253.47426042442,0.4017313708055695,0.5079955881768006,10.321971666524227,obstruction
28258.436713308474,-0.3020526760137615,-1.4749364650129893,8.813684881643821,obstruction
28263.4514279311,-1.9343472594562339,-1.113644151956966,8.359682756371432,obstruction
28268.462164191118,-0.7970473610508164,-0.8693254584635557,8.373686571011598,obstruction
28273.46131430369,0.05513239004290049,0.23300033690241553,10.024572305558014,obstruction
28278.49390077821,1.2177055921380402,1.129983414988008,11.062484113025953,obstruction
28283.49598903766,0.637330583543209,0.793891755676409,10.983535307006267,obstruction
28288.53224104347,0.20883344052051983,-1.856232883494231,9.566358489809728,obstruction
28293.553945333108,-0.7054163320366331,-0.7102482497740266,8.106906206541467,obstruction
28298.545604116447,-1.7025513956797327,-1.6848914817894838,8.088900477329311,obstruction
28303.44311671524,-0.12874891516061707,-0.8678040602704162,9.432447107734006,obstruction
28308.391007376013,2.5713504245469876,1.2503422320711348,11.784029424571537,obstruction
28313.33677946767,0.9770646769129293,1.6331291849583216,11.360952614248001,obstruction
28318.21932516681,0.6633522672341614,0.5546703675853992,10.607766539805288,obstruction
28323.160697649455,-0.7825496643098837,-1.5530618647128271,8.631001220002481,obstruction
28328.08621976407,-1.5141420627233089,-1.002892451265993,8.273369735527131,obstruction
28333.08264181851,-0.28614192464024724,-0.6829696775674228,8.677600616392674,obstruction
28338.09047649984,0.41943908944142133,0.12499780049445436,9.975069755557364,obstruction
28343.109430085424,0.5130669213157142,0.6063256837321598,11.325119365718473,obstruction
28348.106957545308,0.650340477124692,1.409951293872255,10.491791163828744,obstruction
28353.162375802945,0.30053165921270286,-0.10799202885051257,10.173879268598744,obstruction
28358.231931636274,-0.29579366673416363,-0.26428839807951343,8.785550204844744,obstruction
28363.171614265662,-0.6761491563233031,-0.9401939524189599,8.193286912830814,obstruction
28368.159461049785,-0.5109615033752638,-1.9444075065185227,8.547329700671908,obstruction
28373.177197335674,0.34737861641609363,0.5029019554424936,10.226848676076777,obstruction
28378.19090854816,1.3917276273815138,0.9025716182939715,10.795183005871927,obstruction
28383.225644522932,1.2440777248302346,1.1572669066931813,11.0789839668813,obstruction
28388.220556381955,-0.7025555714974315,0.879226434909465,9.56328536398532,obstruction
28393.151949210096,-1.4564140048067156,-1.5266279194068253,8.478972322064934,obstruction
28398.258896482806,-1.0486769915853134,-0.9906336746748573,7.7228865680179375,obstruction
28403.298645716273,0.32844413184320703,-0.9152117718867485,8.821377005287232,obstruction
28408.285951178612,0.5041783373517641,0.11548153880294687,10.591259398993557,obstruction
28413.296470575147,2.216103346991803,0.8234931037705868,10.975192118545582,obstruction
28418.341351614086,0.16606936111101295,1.1924227722262695,9.909780829964868,obstruction
28423.297576204466,-1.219488373092725,-1.3248569820417349,9.5242215402424,obstruction
28428.351143030402,-0.5620587493600722,-1.5418154367370824,8.510513146602,obstruction
28433.333223093014,-0.29124405522241625,-1.3156191400261195,8.309931307480841,obstruction
28438.303824414495,0.7452485289388464,0.5978290710900533,10.445823502336486,obstruction
28443.228581174844,1.092952401792039,1.1216508860851173,10.429306901246207,obstruction
28448.27320933998,1.4741371752388746,1.1330983203258205,10.263606940755656,obstruction
28453.22073015605,1.0312992434243755,1.8114914851121124,10.303409037236817,obstruction
28458.163926473764,-0.8749886739705239,-0.14526261613388508,9.250688745482538,obstruction
28463.176706966773,-1.064411091748515,-1.1876959397253934,8.105422410537644,obstruction
28468.1814264001,-0.9647278367763072,-0.5365141878820785,8.481751455441628,obstruction
28473.245676235616,0.03362770048877839,-0.8854602610961575,8.400905910002477,obstruction
28478.219727565167,0.4425677698452025,-0.017439349141073923,10.233934960077365,obstruction
28483.235934277458,1.3033776233974987,1.5102822685458472,10.256644549690742,obstruction
28488.30340873259,0.00493509239477713,0.3282887436998329,9.434833943997344,obstruction
28493.285458616574,-1.5165372356976576,-1.479131724371585,7.425042182337307,obstruction
28498.39002123588,-0.509401211002222,-0.9257529646500329,8.323640857927916,obstruction
28503.391309561393,-0.4721920035125785,0.1866995974682496,8.720201226417243,obstruction
28508.34360104215,0.8045635469886752,0.4716386786381364,10.796286424454728,obstruction
28513.282344968025,2.081508606832916,2.248303512425875,10.331516060767381,obstruction
28518.26021739163,-0.25687319380045803,0.8418089173787778,11.377305590524148,obstruction
28523.241725235624,-0.75534996371691,-0.3116609096269114,9.433026228849677,obstruction
28528.278289846352,-0.8020584676109883,-1.5272974059600968,8.930819060273743,obstruction
28533.23172731921,-0.8473060496895323,-1.1987540588950938,8.129743992729114,obstruction
28538.233792033792,-1.1921184551915225,-0.28175226871059506,9.291087594865134,obstruction
28543.269348042173,1.6081843351080987,0.882999818674615,10.188153396098729,obstruction
28548.26830501979,-0.22681915333536407,1.6002188690858348,10.68107487902937,obstruction
28553.248172159314,-0.25731447835362176,0.8917837573381504,11.574095532362715,obstruction
28558.326258142086,-0.5908507016226384,-0.5881842119449611,8.800923105507511,obstruction
28563.35580943544,-1.480019255212846,-1.4310420722667414,7.704770629155839,obstruction
28568.44056963449,-0.7016528763302211,-1.8066165735965551,8.151242386230892,obstruction
28573.439536977046,0.6082540983171577,0.32957430498217266,10.528698279546008,obstruction
28578.45949393226,0.45467842362507227,1.501085179907993,12.043117866876976,obstruction
28583.578326889958,0.22702846498949525,1.5171439427244382,11.821930915680747,obstruction
28588.520327975664,3.9198790619355948,3.362408748582906,13.699383845350345,obstruction
28593.51568462505,-0.6684751399197953,-1.9530423490863782,7.903895800890305,obstruction
28598.603957651565,-1.166727156365446,-1.4847908927405165,8.69304048056382,obstruction
28603.661637174846,-0.42395469032335265,-0.2466878013956913,9.292474189512847,obstruction
28608.63271627958,1.7905290178862818,-0.6959540525335408,11.16736914020693,obstruction
28613.642251707395,1.740402411837533,-0.2847330413134297,11.695316330435642,obstruction
28618.72421208329,1.3037210239877508,1.2343597833600977,11.45075191140069,obstruction
28623.678741301832,-0.9009909165341554,-0.39574119106582506,9.669366462064117,obstruction
28628.678780949154,-0.058027407728819536,-1.2474381606238585,9.047854048677568,obstruction
28633.62789705261,-1.4204868687835692,-0.576818322538407,9.409827323037385,obstruction
28638.70302600472,-0.37858748884373805,-0.899633630170288,10.215121310530296,obstruction
28643.704482671546,0.17662462561446501,1.4319249920773103,11.324689188157786,obstruction
28648.846079456787,1.0897190491304363,1.2165729524032292,10.76624364971433,obstruction
28653.956867978508,0.4709023037256883,0.3288492367947632,11.052987707936456,obstruction
28658.858312593315,0.4950179976665193,-0.38117221852397176,9.415755361728197,obstruction
28663.889529289423,-1.117579833310242,-1.3174915835698533,7.65189806018134,obstruction
28668.90448501671,-1.7301905902908676,-1.1513834510043433,8.482546446813942,obstruction
28673.952540550115,-0.04031553488041709,0.5961861182272296,10.771676113975985,obstruction
28678.96862645758,1.403199883414361,0.7086838091852685,10.605580542123414,obstruction
28683.97324253843,1.5184786227558211,0.33039499118277404,10.960697201904608,obstruction
28688.97950825523,0.37506484861195444,0.5144846383991774,10.01283508933643,obstruction
28694.016143928042,-1.0827447340519216,-1.2047266820709228,7.7222533246411444,obstruction
28699.033943506467,-1.2632422882160863,-0.2470451731780554,8.365747175195585,obstruction
28704.110092025978,-0.7191458875721287,0.39042538080676126,9.479907142172504,obstruction
28709.18114148337,0.7018831263791545,0.27534904775717317,10.35435056032523,obstruction
28714.242403312684,0.6425491248817624,0.5778391408212327,11.299909363756264,obstruction
28719.215629701423,1.3294128501990117,0.9365646282006511,9.270057686021149,obstruction
28724.20361430745,-0.6147262778320011,-0.41572124832361923,9.50507869007689,obstruction
28729.222637324947,-1.0807797782772472,-1.3104178041550951,8.02477759239731,obstruction
28734.19512241008,-1.5967194260034536,-1.0253681953733422,9.341058663648436,obstruction
28739.114041099634,0.2903870445174144,-0.13180388183798047,10.828063358801687,obstruction
28744.082763881663,1.0153077467022709,1.0852325717781712,11.115805663836294,obstruction
28749.110727964166,0.2126601505316006,1.2912140793208602,10.554089069745975,obstruction
28754.065591655708,-0.003515941935604963,-0.8427504173924997,9.802860843141223,obstruction
28759.102742965802,-2.0410264194263705,-1.084050192954163,8.314785790721459,obstruction
28764.065987688842,-1.6502680976841941,-1.3947630223213552,8.197173530452643,obstruction
28769.03296514147,0.3769202383484971,-1.1577148975607163,10.249604175372163,obstruction
28773.973882043138,0.9114105640257968,1.4385673513880588,11.452034413561384,obstruction
28778.87610428761,1.6336687189670065,1.198507068954402,11.257698276018298,obstruction
28783.885989733437,0.3234562966914108,-0.36972168862607313,10.01305006782889,obstruction
28788.924188898,-0.5576078815294493,1.5190352930121531,8.761562720850128,obstruction
28793.940592583494,-0.5027949659571308,-0.9026793005800942,8.439931667238783,obstruction
28798.957874916137,-1.2541700022244793,-1.7657337479441522,8.012628056930195,obstruction
28803.994884475385,-0.5796261848737753,0.06710806062227759,10.226691079520341,obstruction
28808.981622270658,1.7894682583499604,1.1786845206519614,11.356530878831826,obstruction
28813.977491857433,1.1366315060693981,1.5057675206706478,11.45354099140502,obstruction
28818.88195709763,0.6716153409115166,0.3277080866148747,10.34077272293122,obstruction
28823.90319532744,-0.012715596217998226,-2.1633628249809056,9.34084380335299,obstruction
28828.98204030405,-0.5978653053769768,-1.3546694412300375,9.03702388537555,obstruction
28833.951400674436,-1.8816652207349556,-0.6682683484759301,8.573997416462639,obstruction
28838.918294746094,0.3019526525662168,0.3768845221715318,10.574675582463257,obstruction
28843.907717085054,1.1323509991592113,1.6997419700075742,10.667180869074121,obstruction
28848.93117007996,2.624728411923355,0.7831979369613293,10.896726375827921,obstruction
28853.947620074316,-0.03274199419885985,0.21647768096161502,9.302522028409165,obstruction
28858.861350017254,0.08781808817863346,-1.0306271856733766,8.592049124453915,obstruction
28863.81070975305,-1.5190027533133015,-1.1905335888820316,8.261467716322723,obstruction
28868.916295172523,-4.247649011751055,-4.335675876057933,4.163540876885392,obstruction
28873.90961726899,1.2144868720108954,0.043313343612532584,10.807120981403834,obstruction
28878.92747656582,0.2979750306380926,1.2639737444112558,11.741176438435108,obstruction
28883.95400039787,-0.1893660462316965,1.267813969297176,11.86785779853298,obstruction
28888.884862990275,-0.42712802555658697,-0.7531882771098561,8.901861379042092,obstruction
28893.873660228553,-0.6877390333510149,-1.8098002613457176,8.620044726394948,obstruction
28898.944368893273,-0.981367382883966,-0.9316477340809849,9.048237842845806,obstruction
28903.937248731883,0.12771987292132445,1.1732390892540656,9.731783816457652,obstruction
28908.945031865456,0.4912924141079692,0.6003849575228741,11.112401175777412,obstruction
28913.972555108154,1.263830322295317,0.98961408615201,11.328474930364719,obstruction
28918.935075246325,0.7654138742811618,1.5546577491149358,10.950693058885332,obstruction
28923.91100531599,-0.9437510020679648,-0.395732058069971,8.913284458052335,obstruction
28928.995979103514,-0.9697873219256329,-1.1312481829694114,9.130757074342398,obstruction
28933.956030254587,-0.17325373312204162,-0.7679837251930329,8.634155504700576,obstruction
28938.909893136526,-1.2691333731238046,0.03207249273398588,9.576163635541796,obstruction
28943.838040547816,0.17223943776905382,2.4852887829906694,11.306360805902312,obstruction
28948.819854166497,0.5248496577794187,2.161172830547555,11.349321047209912,obstruction
28953.79332176438,1.1014742931244095,1.4613417893269476,10.521868448677301,obstruction
28958.712582377506,-1.0478518813394504,-0.46364150345893945,9.508820065117337,obstruction
28963.661482739808,-1.378522599413181,-0.8883071702246599,9.056100995267354,obstruction
28968.60090103544,-0.18722043808617095,0.20717180582591865,8.331545922824619,obstruction
28973.5572368339,-0.44506306807052876,0.775994498143361,9.945912750382762,obstruction
28978.468686389264,0.727085580794737,0.7982730062740009,11.247530221912726,obstruction
28983.464315488218,0.6017382337940753,0.2994753961367814,11.635700320385666,obstruction
28988.420183529943,0.10480593955624981,0.10667041051336928,10.33535447065869,obstruction
28993.43850013117,-0.5821677795375194,-1.2051551591591294,8.930302895175947,obstruction
28998.51442687263,-2.4508568124563945,-0.9623483067167672,8.464499741574562,obstruction
29003.458110792115,-1.5438622429197377,0.34407241759260765,8.275223560491021,obstruction
29008.36948924491,0.2696055157134377,0.10136187037372424,10.685488002417694,obstruction
29013.41886914732,0.2151301756318068,1.3638667380450875,11.122348630602144,obstruction
29018.501875654103,0.8418734143797741,1.289312764592411,10.394865138743409,obstruction
29023.517800543264,0.32522299403694177,-2.3422886562460548,10.349449093541958,obstruction
29028.532929318244,-1.9044512718429434,-0.6120816310210272,8.88895598887451,obstruction
29033.591027225004,-0.07661562067059857,-1.0268095276670812,8.667162034939777,obstruction
29038.57317374023,0.1410019361750472,-0.5934587149367488,9.44784250743525,obstruction
29043.667699296602,-0.1668768908613889,0.9184234892029298,10.66559203483845,obstruction
29048.62824393332,0.8643134689300322,0.3404579533972396,11.127772927536212,obstruction
29053.66942399396,-0.7565601783577286,2.007746824600935,11.014498951859252,obstruction
29058.710769709218,-1.5647935554088215,-0.28780503130507207,9.272705789739604,obstruction
29063.776977738973,-0.29027333484711015,-1.232306222867936,8.441988655100781,obstruction
29068.76043286302,-1.3938386492195445,-0.7674145615439294,8.90241788539381,obstruction
29073.75350036513,1.142092890054206,1.8898415155417259,9.76839955928864,obstruction
29078.687240141833,1.1093977869419978,1.5737160020873424,10.81807239240785,obstruction
29083.76863668224,0.013942617568956761,2.0861535971034924,10.133071674013461,obstruction
29088.733549712528,0.9305304818055409,0.3632651887677838,9.778544169648091,obstruction
29093.80208255098,-0.721060543806806,-2.0377898506023913,8.738013292548018,obstruction
29098.769908450566,-0.8990858162450233,-1.5284878960656285,7.651989161750856,obstruction
29103.75300022028,0.8357093395591034,-0.288065555918381,9.352352135605445,obstruction
29108.78494602464,0.22786998808362285,1.6617347024912643,10.21853731125327,obstruction
29113.802512236278,1.6833507490360469,1.312581709824242,11.508916854905596,obstruction
29118.83124490172,0.8720605060667486,0.31802093170941703,10.245909715177547,obstruction
29123.81458396602,-0.08789307173470567,-0.19259220581991587,9.341369456817977,obstruction
29128.82254647083,-1.488647636575266,-0.715827892102608,8.32170632892149,obstruction
29133.89444697344,-1.3718751606894195,-1.3009008668666802,8.36464978821454,obstruction
29138.900885446194,0.1179032516384178,0.004262171696562483,9.80682564320274,obstruction
29143.896300711454,0.660166307477296,1.9117085606031892,9.984144953042128,obstruction
29148.816155228433,1.0717059867234164,1.3674972660931395,11.913840087539304,obstruction
29153.804790995662,-0.14605718181637634,0.23191479340088056,10.532767669447809,obstruction
29158.876103354436,-1.667365329615021,-0.6243627615549535,8.55276520079843,obstruction
29163.826438844157,-1.0378919820804766,-1.2850942028455643,9.041113520800602,obstruction
29168.842313596153,-1.6241744111855971,-0.468277414451793,8.434956897892848,obstruction
29173.785189245293,-0.12586514898462947,0.13039697963629962,9.779646012025168,obstruction
29178.747437604252,0.8448070580022516,0.5192644467961328,10.588261557482527,obstruction
29183.77874853922,1.3270643489849947,1.6506877758718845,10.642920549786504,obstruction
29188.87453686567,0.007567126010942893,0.13795530723203464,10.536239965039186,obstruction
29193.798852849424,-1.693024740195994,-0.8626372145042122,8.404933631316165,obstruction
29198.79623938925,-1.9988772285213519,-2.504600823054454,8.07394568717828,obstruction
29203.777210790377,-0.6661649304620021,-0.8356039036992682,8.47667935593068,obstruction
29208.744208388252,0.5626413869252428,-0.09058001691636053,10.890272810291018,obstruction
29213.71395691915,1.2398600837881546,1.6526617762683418,11.780369962453543,obstruction
29218.76158553645,0.6420657179978173,-0.47224074158349216,11.625016928753881,obstruction
29223.713985683702,-0.49823816148297617,0.19552769656244087,10.159292875000613,obstruction
29228.67694299699,-2.1338648874501587,-0.8215791497810119,8.878650092210501,obstruction
29233.696854547252,-0.7519314791541867,-0.7585470835199604,8.908816385735934,obstruction
29238.766936486812,-0.5338357518777054,-1.2091563306022104,9.578584261463623,obstruction
29243.749748405222,-0.24507860604961323,0.3306411325140331,10.811589407255124,obstruction
29248.708874175445,1.0043697302121626,-0.1273277680940923,11.188896138470161,obstruction
29253.60005483286,0.579377371234614,0.9213571764091731,11.08131403439605,obstruction
29258.53499044059,0.4302769447148428,-1.2062609744946515,9.944992704776308,obstruction
29263.397813532778,-1.5736765627057228,-1.967974114454004,8.96498254567358,obstruction
29268.36697699579,-1.2003231716051292,-1.8973317810262162,7.903090247865415,obstruction
29273.41657947938,-0.34207624448023694,-1.367612393413932,8.910955438861256,obstruction
29278.43638900728,0.10104511366596369,0.6811087275720854,11.475558650758956,obstruction
29283.51497723824,2.297447916099049,0.7954398720789153,11.357547202173752,obstruction
29288.53342430876,0.7882033071658692,0.14284273269824,10.702040480311133,obstruction
29293.60643833375,0.2271423969357682,-1.7293475576289068,9.354159077136288,obstruction
29298.656180277685,-1.8264943744478992,-2.863830849358284,8.92105643440358,obstruction
29303.637155592747,-1.2807715066851943,-0.32793251327921447,8.351267597380016,obstruction
29308.59583047503,-0.06230700915905302,-0.9753635533574603,9.413542412970386,obstruction
29313.581994925957,1.6821537732570304,2.2837025231842745,11.677294933492412,obstruction
29318.623642927905,1.5092325246571177,0.5966744113425779,10.518035454211217,obstruction
29323.602336818163,0.14155718632597308,0.491895820651998,10.953558371055518,obstruction
29328.64189388761,-1.0187527812463433,-1.6629842003274073,9.336026335057525,obstruction
29333.60574482062,-2.5239357516311456,-0.826983567759418,8.691723768254194,obstruction
29338.58124989656,0.3106826852885338,0.15570133758458582,9.153879812086137,obstruction
29343.58162273447,-0.1270460011300314,0.728042120506095,10.469871098811538,obstruction
29348.58519091637,1.4887256004990974,0.9121674917989455,10.953595879844206,obstruction
29353.49493650045,0.3074927265146159,1.1192614184342733,10.275019016191118,obstruction
29358.51443394495,0.14334543843961253,-0.2029287444025775,10.175731346196418,obstruction
29363.57108722525,-0.47130450863429824,-0.3107039134420623,8.850720036614295,obstruction
29368.587325083066,-0.5946069747273326,-0.7493454880266474,8.370498878809604,obstruction
29373.52470317052,-0.4342915402515386,-0.6006944796107251,9.637795147805896,obstruction
29378.42046112157,0.5204638757046273,0.7787454290274837,9.90140473346346,obstruction
29383.415306584542,1.3354283723899971,1.6091451538657806,11.116776663345297,obstruction
29388.41109734371,1.0301719672378682,1.3091065658456122,10.06747332776679,obstruction
29393.44048636565,-0.34912174396112416,-0.5832590340756089,9.61051602634471,obstruction
29398.47310085784,-0.4724089455636963,-1.4852234291413355,8.76503499216912,obstruction
29403.491846312598,-0.4562062798787101,-0.2190875280311908,8.923736683783417,obstruction
29408.496813338643,-0.1917233414801559,-0.04312325131109297,10.35579995499119,obstruction
29413.513320185226,1.360694029153652,1.570724614667495,11.023500492467287,obstruction
29418.60150803312,1.836105074584749,0.5578318671937168,12.027277299069745,obstruction
29423.53981607043,1.2840607345625863,0.3888365405262585,10.139814175340023,obstruction
29428.546218736057,0.5086431946208817,-0.6973374293166423,8.574268826147405,obstruction
29433.539410220175,-1.0705714481311042,-1.8331891127102287,8.573589381152,obstruction
29438.552232327536,-0.025333352179639168,0.15789845736034547,9.03713450029516,obstruction
29443.502060713305,-0.15433558925324364,0.02564283691818192,10.696034852857537,obstruction
29448.46834737453,1.537870485798408,0.09868878878210419,11.75746784162444,obstruction
29453.437321400303,1.4615402166803029,1.6606080821941798,10.500400609864364,obstruction
29458.47402274617,1.5759565909360838,0.050294169283034526,9.185052395807569,obstruction
29463.48628662646,-0.5864682961199887,-0.3316995467176197,7.2694077107249395,obstruction
29468.50687973396,-0.876950156134749,-0.3878744027003498,8.224681736294036,obstruction
29473.495060164205,-0.7142009878282516,-0.09984957625323121,9.57102192553992,obstruction
29478.44223695279,0.04539997096831516,-0.16715646726035682,10.404013624319626,obstruction
29483.512896157576,1.739944014348941,1.218845371355883,11.03546245440349,obstruction
29488.57091080429,0.3597630585269833,1.3936389464498142,9.756925298856302,obstruction
29493.536216816985,-0.6539120087328195,-0.6336770109094344,9.183049795601313,obstruction
29498.58012249433,-0.02769375900621096,-0.13133348896789254,8.308133986314472,obstruction
29503.581879628535,0.47058427431236116,-0.052393408585101886,9.03831266848735,obstruction
29508.630324699076,0.9591021450721268,0.3105629504614484,9.674450287542609,obstruction
29513.582963812,1.2029803721293912,-1.1102036203829235,11.07009660743006,obstruction
29518.552930616184,0.7073448657439778,1.6774038777034568,11.496794069110102,obstruction
29523.57097564849,-1.0590260249567307,-0.0014354772655997359,10.836959663916689,obstruction
29528.55832003501,-0.12206118359826268,-1.4907485836342618,9.160097806271501,obstruction
29533.641470682916,-1.026442910311542,-0.06804160630893774,8.339620053085694,obstruction
29538.59968057492,-0.0864379455569767,-0.3436821649070953,9.627506174236835,obstruction
29543.646984470844,1.5180019530266526,1.5681687988253392,11.171922617772346,obstruction
29548.621164223077,0.9517158734841518,1.7939831223980531,10.627395134156908,obstruction
29553.651661475895,-0.04410117019151538,0.36197702070621884,10.17832443780147,obstruction
29558.620730686664,-0.42168854258716126,-0.6064936604737867,9.269906996670827,obstruction
29563.603350779962,-1.7828258133006996,-2.41632627019826,7.631472860361666,obstruction
29568.59848822545,-1.213402519708586,-0.3371114298121971,8.93705601367941,obstruction
29573.71891236949,0.11048786677738551,0.12778489642827284,10.539935936944888,obstruction
29578.735294526912,1.3899562215109948,0.8794179982194072,11.305787617956618,obstruction
29583.79900739713,0.6290267019071385,0.23158103716145695,11.389202812506012,obstruction
29588.76940201945,0.3633672825518376,0.9970398465915372,9.551078945390131,obstruction
29593.75243702522,0.4501192270385326,-1.6420119733667333,7.894497569258483,obstruction
29598.71132134802,-1.6476818730968987,-1.2841512652055502,8.025455006358106,obstruction
29603.74968272275,-0.5108053155776331,-1.0350264531056146,9.804490087216022,obstruction
29608.8070498097,1.006229594322752,1.0396057416879625,11.226186754074146,obstruction
29613.809729394387,1.8172290856374305,0.3252068904451241,11.531298823959172,obstruction
29618.8005395892,1.3180694836273545,2.132076156564911,10.251851379779904,obstruction
29623.850148248865,-0.2311017228571154,-0.45046824768366434,9.176495845815888,obstruction
29628.876968039265,-0.8556994943061266,-0.625068724813357,7.72385442614216,obstruction
29633.82561833023,-0.942770057297095,-0.7744463621965783,8.95847584311716,obstruction
29638.875432809567,0.5651067020277419,-0.6483472103650209,9.973039769056864,obstruction
29643.839906851204,0.9863919784612851,0.5741261205519292,12.266670692563975,obstruction
29648.91651425387,1.083755481009822,0.7794834851105488,10.346592800318179,obstruction
29653.91862344973,1.0701595347953972,-0.2708632374423193,9.652524863518158,obstruction
29658.851333012808,-0.3252118861605885,-0.1146638953864928,10.050630884795229,obstruction
29663.90872766624,-0.9755246408676498,-1.1316651211216513,7.435936045876914,obstruction
29668.863476465038,0.17055598385088122,-0.3512308035743249,9.782443039210312,obstruction
29673.843156056788,-0.12109862734407495,-0.057507571796094004,10.564147224172729,obstruction
29678.875784475094,0.40844401617042825,0.8120518990137257,11.346110168213936,obstruction
29683.98047292668,0.4250177251035922,1.154567584189183,11.509372128798917,obstruction
29689.000875455356,0.3498394902447968,-0.8876622189530425,9.914243090141712,obstruction
29694.017698531316,-1.7305763821649256,-1.4263345014542042,7.856916785096552,obstruction
29699.011640656787,-1.9981312555520927,-1.6632015054496763,8.403829412615455,obstruction
29704.079455167765,-0.27874543596260976,0.5465123261136213,9.346307356503642,obstruction
29709.11097516309,0.037972500389978014,0.24521387462476274,10.61755842662193,obstruction
29714.0739186237,1.0231246979737219,0.2660357373511678,10.856445856138194,obstruction
29719.090499444566,-0.6624315022146682,0.7632959779348055,10.265014375524883,obstruction
29724.108798528403,-0.5121264168940112,-0.061065646508197124,9.12113958067139,obstruction
29729.025142000577,-2.254242482833845,-0.9234454520087285,8.343603249788943,obstruction
29734.016281843313,-0.6568146661349392,-0.6875828434589585,8.632470653529476,obstruction
29738.970221974483,-0.11949807225127913,0.891626454186149,10.57192838459554,obstruction
29743.91087856152,1.2264740302043113,1.5527021105284493,10.903436470940841,obstruction
29748.91789417418,1.3496665196459514,1.773497512378829,11.631106365969794,obstruction
29753.842188869767,0.2214889364213363,0.24124169629535847,9.974071350497566,obstruction
29758.94123415245,-0.45016998793948115,-0.028881674759495324,8.632933650922217,obstruction
29764.021832772138,-1.6571653177490602,-1.37381406397141,8.86289135626271,obstruction
29768.973712389863,-0.4727241414002546,-0.2724549778035473,8.67592181316924,obstruction
29773.933672572868,-1.525169866148343,1.0274177121926105,10.343735156892714,obstruction
29778.945048925834,1.2187981609209975,0.7582331680477987,11.131470240304939,obstruction
29783.935932548065,0.853840582773697,1.3253302321063205,10.766006949536603,obstruction
29788.916014987513,0.13953020431212887,0.17161998044418347,10.372125242220044,obstruction
29793.928118431137,-2.022674664682314,-1.3214672848548474,8.099286784709188,obstruction
29798.955517779134,-0.6379271423779722,-1.9756183306801642,7.883382094564589,obstruction
29803.998210611142,-0.4107802463259068,-1.1859038087952953,9.917786727533873,obstruction
29808.96572047312,1.0392808433339373,-0.28647826043140456,11.6425152690255,obstruction
29813.995190161026,1.377283621172189,1.595559490021798,11.441091030228694,obstruction
29818.974040940895,0.891744002666769,0.4226828835625127,11.256662507086169,obstruction
29823.925879986902,-1.0525649321591883,-0.7559047904894518,9.416644219765152,obstruction
29828.89311538959,-1.7770374314585549,-0.4460718334399515,9.47774673539812,obstruction
29833.83429119435,-0.6099432469100976,-1.1125153525297073,9.209400150864397,obstruction
29838.93461827112,1.6378601643545614,1.0132650975886406,9.066659074551211,obstruction
29843.94646259701,1.0560845764987874,-0.08190104066812454,10.89374208738897,obstruction
29848.95103242488,0.7801070427018533,0.5683767525902629,11.149598854809998,obstruction
29853.99302300755,1.3204031371221983,0.0998020633548388,10.890104297284312,obstruction
29859.00012740768,-1.5211979120180215,-1.812522962932182,8.303998364467082,obstruction
29864.083150851366,-1.4217719773935453,-1.9962869146819884,8.197441550459162,obstruction
29869.07620199475,-1.052998426483442,-1.3971229543993298,8.29546152688969,obstruction
29874.107379568668,0.7802242622110079,0.3416983926282386,10.317229706170675,obstruction
29879.138898119683,1.3259352284210382,1.951787284534808,11.706894758569083,obstruction
29884.155274794284,1.819865220120483,0.5062069130239475,10.962608586138938,obstruction
29889.184526536497,0.016672098195198992,0.2200104528852126,10.186862377675402,obstruction
29894.102341463564,-2.274101607118703,0.12415846335989422,8.872694521647743,obstruction
29899.135481049998,-2.0880858978164376,-0.8150499474265622,8.08829072038098,obstruction
29904.074301256584,0.028838174460113053,0.044367986877366594,9.139091858168987,obstruction
29909.052365743304,0.1030205273627629,0.411427250872233,10.829381802597174,obstruction
29914.06128479108,1.4513416680697047,1.5468855814023734,11.716644748270536,obstruction
29919.081775407485,0.37876563969432514,0.4503597645386704,10.366223576566437,obstruction
29924.052447565486,-1.2716599419046413,-0.013362908742040158,8.697923270741391,obstruction
29928.984235844753,-0.6887543508297332,-0.7645030031158686,8.611760164217335,obstruction
29934.07015536815,-0.8028130473952648,0.3319115553673675,9.08044843276376,obstruction
29939.10217051619,0.3326023501111729,0.39551107814758624,9.514575051604956,obstruction
29944.03255550002,0.6140537833787925,0.9375454476352311,10.997965638530266,obstruction
29949.00175279305,0.9096508934970572,2.0849202741699067,11.059482016747221,obstruction
29954.03452457036,-0.17691315779646136,-0.5366349991139091,11.070416197221148,obstruction
29959.045371513374,-0.1512977663647891,-1.217363354740922,8.716525546978609,obstruction
29963.940387320654,-1.6429598757048338,-1.5192250977692816,8.306432396467155,obstruction
29968.93680313688,-0.6525027891315974,-0.0022325752997087722,9.306926478296777,obstruction
29973.96882192109,0.0001747529741114029,1.061726699481413,9.961407495590374,obstruction
29978.883720770747,1.7552140832414087,1.7391059741704584,11.894953393549837,obstruction
29983.896488591392,2.06508544113837,1.5900315575135873,10.424080631882083,obstruction
29988.894777152032,-0.42603215395298877,0.7127589353965894,8.970429378146578,obstruction
29993.94043924617,-0.5579332523451609,-0.14972927680449,8.336744526685173,obstruction
29998.932757617178,-0.6534303570672935,-1.7071081653079752,8.450717101720711,obstruction
